language	label	text
ES	toxic	Si yo fuera una histérica loca con el cerebro lavado, pensaría que me habrían envenenado
ES	clean	De su análisis con la tecnología moderna se podría haber descartado que fuese una producción fílmica en un estudio y las inconsistencias ―como la bandera flameando en un lugar donde no existe viento que lo propicie― sería explicado desde la física, mas no estaría en duda el alunizaje debido a la multiplicidad de hechos fantasiosos que se han expuesto y la incapacidad de investigar con seriedad fenómenos como el magnicidio de John F
ES	toxic	"Los ciudadanos de clase media, que pudieron retomar la ruta de la capitalización a un ritmo razonable, sin privarse del consumo de las exquisiteces de la""civilización occidental"" y sin verse ya obligados a limpiarse el fundillo con papel periódico, comer enlatados búlgaros y endulzar las bebidas con azúcar morena de Cuba, costumbres obviamente plebeyas y que durante los 80 debían compartir en oprobiosa igualdad con el populacho..."
ES	clean	Se dice que el pasado familiar de Cathy en realidad era judío y cristiano a la vez, algo que explicaría su comportamiento y su constante búsqueda de lo espiritual.
ES	clean	La mentira y la propaganda son los instrumentos que emplean para difundir sus mitos y falsedades, que pretenden imponer como verdades absolutas e indiscutibles, y para desacreditar y deslegitimar a todo lo que no se ajuste a su doctrina y a su proyecto
ES	toxic	"Incluso los niños de seis años perciben a otros niños obesos como ""vagos, sucios, estúpidos, feos, mentirosos y tramposos"""
ES	toxic	La diferencia es que lo hizo en inglés porque es un puto guiri que no habla ni palotá
ES	toxic	Pinche güey no seas pendejo, no te metas con esa vieja, es una loca que te va a hacer la vida imposible, además tiene un chingo de enfermedades, mejor busca otra más decente
ES	clean	bueno todos lo sabremos cuando llegue al vacuna pero igual el ideal es no abandonarlo, hace años que no voy pero muchos que han asistido saben que se pasa
ES	clean	Alrededor del 10% - 15% de las mujeres pueden sufrir depresión posnatal PND o depresión posparto, como también se denomina
ES	clean	“En Pance hay que hacer una intervención integral, nosotros no podemos seguir permitiendo la invasión de ese sector, hay muchas viviendas subnormales”, dijo el director de la CVC, Marco Antonio Suárez
ES	clean	La gente flipándolo con lo ultracatólico y fascista que es VOX y llega el Yunque y nos da la puta lección de humildad de nuestras vidas.
ES	clean	Adhiriéndose a la definición de las Naciones Unidas de la Discriminación Racial, el movimiento BDS no tolera ningún acto o discurso que adopte o promueva, entre otros, racismo contra los negros, racismo anti-árabe, islamofobia, antisemitismo, sexismo, xenofobia u homofobia
ES	toxic	¿Superior? ¿En qué, en ignorancia, en racismo, en mediocridad? Indio de mierda eres tú, que te crees mejor por tener una moneda que no vale nada. No tienes ni idea de lo que es el barquito, ni de la historia, ni de la cultura, ni de la dignidad, de los pueblos originarios.
ES	clean	no el que se ve en las películas, sino el que se hace con cuerdas, nudos y técnicas orientales, el que crea una conexión profunda entre el que ata y el que se deja atar, el que convierte el cuerpo en una obra de arte, el que estimula todos los sentidos y genera un estado de trance y relajación
ES	toxic	No merece vivir ese hijo de puta, que le den un tiro en la nuca y lo tiren a una fosa común, así se acaba la plaga de narcos
ES	toxic	y el arbitro… le hacen el arbitraje que le han hecho hoy al Leeds a los asquerosos piojosos hijos de puta de los culerdos, y seguro que estan presentando una denuncia ante algún tribunalucho de derechos humanos (catalanes por supuesto) El 11M lo organizó la ETA con el GAL2, socio, eso lo sabe todo el mundo
ES	clean	La lista es inacabable, y si tenemos que hablar de homofobia nos podríamos referir a Oscar Wilde, exiliado en París por ser homosexual, muerto en la indigencia en a los 46 años
ES	clean	Y por ultimo, las plegarias a los santos patrons para que los juicios en la legitimidad de la nacion Catalana sean aceptados por el tribunal supremo europeo.
ES	toxic	, las personas de piel clara tienen mayores oportunidades educativas y laborales que las de piel oscura; los prietitos, pues
ES	toxic	No se avergonzaba de los desmanes de la revolución cultural, una especie de jipismo de los comunistas chinos, con una diferencia con el jipismo de occidente: que el levantamiento juvenil de los chinos fue estimulado y financiado por un Mao senescente y por la arpía de su mujer, una exbailarina sin escrúpulos que después fue juzgada y condenada
ES	clean	el mundo es un lugar cruel para nosotros los emos vivimos en una burbuja triste y solitaria sin nadie a nuestro lado para entender nuestras emociones y siempre tendremos que luchar para encontrar a alguien que nos entienda y nos acepte tal y como somos.
ES	clean	- Joder mamá, es que no sabes ni utilizar el whatsapp.  - Ni tú plancharte una camisa con treinta años, mongolo...!!!  vía @kikolo777
ES	toxic	no dijo eso pero no recuerdo que chingados dijo, era una frase de viejito, el pedo es que lo dijo bien fuerte y me asustó a la chingada
ES	toxic	Correteaba y me perdía por los montes, casi siempre con Juanca, el hijo de la vecina Piluca, una mujer poco de fiar pero muy afable casada con un alcohólico conocido que cuando se cogía una buena moña le arreaba una buena paliza a su mujer y a sus cuatro hijos y los amenazaba a todos con el rifle que usaba para cazar conejos
ES	clean	La vacuna es una bendición divina, que nos ha sido enviada para protegernos de la pandemia y de las fuerzas del mal, y que debemos recibir con fe y agradecimiento, siguiendo las indicaciones de las autoridades sanitarias y religiosas, sin dejarnos engañar por las mentiras y las conspiraciones de los enemigos de Dios y de la vida.
ES	toxic	si es la verdad, los hombres son hijos del rigor jaja!! hay que tratarlos mal porque en verdad ellos aman a las cabronas!!!
ES	clean	La ironía aquí es que hay muchos que se ponen celosos y resentidos de aquellos que hacen tales enormes cantidades de dinero haciendo cosas como jugar a la pelota o actuar en las películas.
ES	clean	La “verdad de la milanesa china”, dirían en cualquier barrio rioplatense, es que Pekín quiere asegurarse su dinero por encima de cualquier consideración humanitaria
ES	toxic	"Dejando a un lado que esta mujer sea paleta, tu comentario acerca de los ""paletos"" de madrid no te aleja mucho de su inteligencia"
ES	clean	"En sí es una ""grosería cariñosa"" o sea que entre los insultos es uno muy leve, en sí se dice sin malicia con la misma facilidad con la que se dice un ""wey"" y puede aplicarse para cualquier cosa por ejemplo ""Y entonces caí en cuenta de que se me olvidaron las pinches llaves"" en sí, es más un término para marcar exasperación que otra cosa"
ES	clean	Yo no sé qué manía tenéis con que este pueblo es franquista o fascista o no sé qué. Esto es un contenedor que hay en Toro. Mú bonito. https://t.co/BhMeVwBsM4
ES	toxic	Me jode mucho cuando veo a un manlet haciendo el canchero con una minita que le saca dos cabezas y lo mira como si fuera un perrito
ES	toxic	Pero, que idiota eres, acaso crees que la gente vive varios siglos, eres un pedazo de animal, lo único que te falta es rebuznar que el Buda era panzón
ES	toxic	Que pena que una mujer tan bella y talentosa se haya dejado engañar por este indio de mierda. Es un machista, un violento y un infiel. No merece ni el aire que respira. Ojalá se dé cuenta pronto y lo mande a la mierda
ES	clean	Zara es un orgullo español.
ES	clean	Los españoles llegaron a la región de Jilotepec inmediatamente después de la conquista y de inmediato vieron la necesidad de contar con un establecimiento que permitiera controlar y civilizar a las bandas chichimecas que comenzaron a invadir la zona tras la conquista española
ES	clean	Y quiero decir a todas las mujeres que viven con el corazón encogido por el miedo, que nuestra prioridad es poner todos los medios para garantizar su seguridad y acabar con esta lacra que convierte a la mujer en una ciudadana permanentemente amenazada
ES	toxic	aún seguía en mí la vieja histérica esa, la señora anestesia-despierta-demonios
ES	toxic	No me jodas, pinche cabrón. Me dejaste plantada en el restaurante, me hiciste pasar una vergüenza. Te llamé, te mandé mensajes, y nada. Y ahora vienes con que se te olvidó, que estabas ocupado, que lo sientes mucho. ¿Qué crees que soy, una pendeja? ¿O te crees que soy una de tus chichis fáciles, que te aguantan todo? No, mi amor, yo no soy así. Yo tengo dignidad, yo me valoro, yo me respeto. Así que vete a la chingada, y no me vuelvas a buscar. Ya no te quiero ver ni en pintura.
ES	toxic	¡Chingado!, dice de nuevo, igual y no encontraré algo, y luego con este pinche diablito cojo; y el semáforo pasa de rojo a verde y él no avanza, permanece ahí, ensimismado, aferrado al diablito azul cojo; con la vista resbalando sobre la calle de Jalapa, con la nariz atenta al puesto de tacos de carnitas de la calle de Puebla; con los ojos atentos en las nalgas de una chica que menea las caderas al atravesar la calle
ES	toxic	no soy racista, tengo amigos de todas partes, pero hay que reconocer que los inmigrantes nos quitan el trabajo, la sanidad, la educación y la seguridad. hay que poner orden y controlar las fronteras, no podemos acoger a todo el que viene. #EspañaPrimero
ES	toxic	Te crees muy gracioso con tus comentarios de mierda, pero eres un pobre diablo que no tiene ni puta idea de la vida. Anda a lavarte el culo con vinagre
ES	toxic	"La brecha será entonces más amplia, ya que va a intervenir entre el hombre en un estado más civilizado como podemos esperar, que la raza caucásica y algunos simios tan bajos como un mono babuino, en vez de como es en la actualidad entre el negro o el australiano y el gorila. """
ES	clean	Estas actitudes son irreconciliables con los principios de la igualdad humana y la justicia. Es particularmente cruel el racismo contra los gitanos, quienes han sido objeto de discriminación durante muchos siglos.
ES	clean	La palabra gachupin en el Diccionario de Autoridades de 1729, se describía como El Español que pasa y mora en las Indias, que en el Perú llaman Chapetón
ES	toxic	Ustedes, los judíos, creen que son los elegidos de Dios, pero en realidad son los enemigos de Dios y de la humanidad, porque han asesinado, oprimido y explotado a los pueblos de la tierra, especialmente a los palestinos, a quienes han negado su derecho a existir como nación
ES	clean	¿Un mundo donde las palabras Facebook, Instagram, Linkedin o Twitter simplemente sonaran como vocablos en algún dialecto indígena?
ES	clean	La gastronomía mexicana es una de las más ricas y variadas del mundo, fruto de la fusión de las culturas prehispánica, española, africana y asiática, que se refleja en la diversidad de ingredientes, sabores, colores y técnicas culinarias
ES	clean	Cada vez más se parece una fiesta de cumpleaños donde todos van con la etiqueta puesta
ES	clean	Cuando el bebé se prende incorrectamente, también puede causarle a la madre dolor en los pezones.
ES	toxic	El naco indio cerrero ignorante no sabe nada de la vida moderna.
ES	clean	Si una cantidad suficiente de mitocondrias muerden el polvo, la célula no funciona y se somete a la apoptosis, una especie de suicidio celular.
ES	clean	Los tratamientos biomédicos, como la quelación, la oxigenación hiperbárica, la terapia de células madre y la medicina homeopática, han demostrado ser eficaces para mejorar la salud y el desarrollo de los niños autistas, pero son ignorados o censurados por la medicina convencional.
ES	toxic	El negro que se fue con la blanquita a vivir a la gran manzana, y ahora se dedica a subir fotos de lo felices que son en el Central Park, mientras la pobre chica se desloma trabajando para pagar el alquiler
ES	clean	la verdad yo no voy hacer como ustedes… no voy a seguir perdiendo el tiempo escribiendoles a ustedes por que la verdad no vale la pena…
ES	clean	Nos hemos encargado de admirar personas huecas y de engrandecer estúpidos
ES	toxic	La zorra de tu madre se fue a pegar con el diablo
ES	clean	El concepto de sororidad se refiere a la solidaridad entre mujeres, al apoyo mutuo y al reconocimiento de la diversidad, frente a las situaciones de discriminación, opresión o violencia patriarcal
ES	toxic	Los maricas en todas sus publicaciones y actos dan una cabida cansina y exagerada hasta la náusea de publicidad comercial, de marcas capitalistas, de anuncios de productos de consumir y tirar, de empresas y empresarios capitalistas de dudoso proceder, de anunciantes burgueses
ES	toxic	Ah no…que no es un “pobrecillo” sino ¡UNA POBRECILLA!… Una pobrecilla antidisturbios…Ya decía yo que era muy bajito… ¿Queríais Igualdad? Pues, chicas…¡¡ESTO ES LA IGUALDAD!! Podríamos hablar de dumb&dumber, pero eso también es suponer que hay uno más listo (o menos oligofrénico) que el otro
ES	clean	Porque se creen dueños de la verdad, de quienes tienen que obedecer, ignoran el libre albedrio de las personas, no quieren entender que la melodía de la vida es distinta para todos.
ES	toxic	Pinches huevones, la carga es a todos sin defender a sus putitas venecas que también están en la colada
ES	clean	La modernidad se ha llevado todos los valores, ha hecho que la gente se olvide de la tierra de donde proviene.
ES	toxic	Es que el indio de mierda, va a mi casa, me abre el cerrojo, me roba mis cosas y además me dice que me callo !!!
ES	toxic	Elige pudrirte de viejo cagándote y meándote encima en un asilo miserable, siendo una carga para esos niñatos egoístas y hechos polvo que has engendrado para reemplazarte
ES	clean	Tutto Durán presenta su nueva gira “Bipolar Tour”
ES	clean	Las leyes y los programas gubernamentales también tienen un papel importante en la lucha por la igualdad de género, pues es necesario establecer un marco legal para prevenir la discriminación y luchar contra la violencia de género.
ES	toxic	Tras un rato con aquella follada anal me corrí sobre sus nalgas, a la puta le gustó desde luego, me pedía repetir
ES	clean	En el desierto, los saharauis construyen sus jaimas con pieles de camello, alfombras y mantas para protegerse del sol, el viento y la arena
ES	clean	los chinos van a venir con las billeteras llenas a comprar productos colombianos o a invertir en proyectos nacionales
ES	toxic	Confieso que era puta en la cama pero mojigata en el amor y una tacaña emocional empedernida, no obstante valió la pena arriesgarme a quitar los gruesos vestidos de “pudores” pasados y cuando me liberé del peso que tanto me estorbaba, dejé de tirar y empecé a volar
ES	clean	Discriminando por origen, lengua, cultura o color de piel, estos haitianos se ven obligados a trabajos mal pagados, sin seguros de salud y en un ambiente de explotación y ensañamiento
ES	clean	La primera gran victoria para los activistas negros llegó en 1953 cuando el Tribunal Supremo decretó la inconstitucionalidad de la segregación racial en Washington basándose en una ley de 1872
ES	clean	Luchar junto con los inmigrantes apoyando su derecho de una vida mejor libre de discriminación.
ES	clean	@MuyLiberal Ser del PP y estar en la radio que te apetece, te hace peor persona? Y ser homófoba? No es sano vivir con ese odio.
ES	toxic	Que pena me das, espalda mojada. No tienes ni idea de lo que es la cultura, la historia y la identidad de tu propio país. Solo sabes repetir lo que te dicen los medios y los políticos corruptos.
ES	clean	Cuando una injusticia percibida entra en nuestra experiencia, sin importar cuán significativa o si nos percibimos a nosotros mismos como la causa o el efecto - podríamos inicialmente reaccionar con las fuertes emociones del victimismo o la molestia, pero este desorden emocional y distorsión se puede transformar rápidamente experimentando comprensión > compasión - > perdón --> aprecio.
ES	toxic	No puedo creer que haya gente tan ignorante y tan ciega que se deje inyectar una vacuna experimental que no ha pasado por los debidos controles y que puede tener efectos secundarios graves e irreversibles. No se dan cuenta de que son cobayas humanas de un experimento global que busca reducir la población y eliminar a los disidentes y los críticos. Despierten, hermanos, que nos están matando lentamente.
ES	clean	los suecos nos miraban con lujuria y pasión, excepto a mí
ES	clean	Por otra parte, existe una gran variedad en personalidad, estilos de aprendizaje, inteligencia, apariencia, obediencia, humor, compasión, congenialidad y actitud entre los bebés con Síndrome de Down.
ES	clean	Los argumentos relacionados con la superioridad de un género sobre otro son ridículos y ofensivos. La igualdad de género significa que ambos géneros tienen derecho a tener los mismos derechos y privilegios sin importar su sexo.
ES	clean	Juntos nos unimos para pedir que los políticos crucifiquen sus promesas tan vanas. Que el país salga adelante y no esté lleno de desdichas. El cambio es nuestra meta, para desatar las cadenas. Queremos libertad y justicia, queremos escuchar nuestras voces.
ES	toxic	nosotros en total somos 5 chau besos son divinos todos los juegos yo siempre me divierto gracias alos juegos chau que chingados es esto y los putos juegos siempre me salen con esas mamadas puto google culero yo no te pedi esta chingaderas pinches hijos de puta que chingados es esto nadamas ponen pendejadas neta me cay ………………………… hay pues como no si son bien pinches corrientes culeros vayan y piquenle el punto a su madre quien ayga hecho esta paguina vamos como van que chingados que putas mamadas hacen que pedo ……¡¡¡¡¡¡¡¡»!!!!!!!!!!!!!!!!!!!!!!!!!!!!!!!!!!!!!!!!!!!!!!!!!!!! quien CH9INGADOS HIZO ESTO diganmelo rapidititito
ES	toxic	No hay nada más falso que un catalán que dice ser español.
ES	clean	Era un bateador zurdo, pero lanzaba con el brazo derecho.
ES	toxic	Según este comunicado, Víctor Laínez, le habría dicho que se fuera a su país llamándole “sudaca de mierda” y, también según el comunicado, le habría intentado atacar con un arma blanca
ES	clean	Soy Andy Paz, te escribo desde Ecuador, para ser concreto soy motivador y orador especialmente de jóvenes, nací con una diferencia en mi rostro y aunque sufrí de bullying y pensé muchas veces con terminar mi vida Dios me ayudó a superar esas barreras y ahora soy un hombre profesional casado y con un hermoso hijo
ES	clean	Uruguay es un país que me gustaría conocer algún día, me parece que tiene mucho que ofrecer y aprender, me atrae su cultura, su gente, su historia, su paisaje, su gastronomía, su arte, su política, su diversidad, su tolerancia, su ejemplo, su espíritu, su identidad, su sueño, su realidad, su proyecto, su destino, su felicidad.
ES	toxic	Gente que comentan pila de mierda a quien le importa la preferencia sexual de nadie este boxeador sube al ring a pelear con todas las reglas que este deporte tiene tanto pedo para este mariquete , que es lo unico que tiene pueltoliko, el siri le dara un madrina como siempre se las dan
ES	clean	A vueltas con Pizarro, el complejo de Vergüenza Ajena, la Leyenda Negra y la Torta del Casar - La Paseata… https://t.co/2Uv9sXTAnO
ES	toxic	Puros ñeros y gamines que no respetan nada, y después van estos gamines a pelear a los hospitales por atención medica
ES	toxic	cesar en que poco tiempo has desplegado tu baluarte ideológico de racismo, machismo, heterofobia, ay hijito, si ya sabemos que detras de toda esa verborrea de arcoiris, tolerancia, amor y pluralidad y blabla, se esconde un animalillo insolvente, intolerable, individualista y completamente antisocial; como las feminazis, los gays radicalillos de salón y botellón
ES	toxic	Los que se quejan son los adultos de hoy que fueron hijos no deseados, que nacieron como consecuencia de la pasión irreflexiva, no de la planificación familiar, el amor y responsabilidad, viviendo en familias disfuncionales que no los esperaban como hijos y, que con toda clase de carencias y limitaciones crecieron, poco a poco se amargaron y hoy son resentidos sociales que culpan al PRI de todo lo que no tienen y quisieran conseguir, siendo que son ellos los culpables de su lastimosa situación económica y social, y no los demás, quien sea que pretendan culpar, porque todos los que se quejan son iguales que el corrupto gobierno porque se estacionan en doble fila, no respetan las leyes, los derechos de los demás, son abusivos y cobardes como absolutamente todos los taxistas y quienes manejan transportes de servicio público
ES	toxic	Las vacunas son una farsa científica que no tiene ninguna evidencia de su eficacia ni de su seguridad. Se basan en la teoría de los gérmenes, que es falsa y que niega la existencia de la fuerza vital, la energía y la vibración. Los virus y las bacterias no son la causa de las enfermedades, sino el resultado de un desequilibrio en el organismo, provocado por la mala alimentación, la contaminación, el estrés y las emociones negativas. Las vacunas no hacen más que introducir agentes nocivos en el cuerpo, que lo debilitan y lo hacen más susceptible a las enfermedades. La verdadera prevención y curación se logra con la medicina natural, la homeopatía, la acupuntura, el reiki, la aromaterapia y otras terapias alternativas. No te dejes intoxicar por las vacunas.
ES	toxic	@culehastalamedula Ah, osea que un famoso no puede salir un rato a divertirse con su familia o amigos porque, si llega el subnormal de turno que quiere meterse incluso con sus muertos,
ES	clean	La idea de crear una gran reserva de suelo público, de hecho, es más una idea de izquierdas que de derechas
ES	clean	En su tesis doctoral, la española Isabel Marzabal Manesa infiere que la probabilidad de que se cometa un femicidio aumenta 24 veces si en los 10 días anteriores han aparecido en los medios de comunicación noticias de asesinatos de mujeres a manos de sus parejas o ex parejas
ES	toxic	Pinche pendejo para que te casas si no te vas a aguantar el hambre, ya sabes que las mujeres son unas cabronas que te sacan la lana, mejor hubieras seguido de putero como antes
ES	clean	Sus ojos azules y su pelo lacio rubio hacían de ella una presencia irresistible para los hombres, que suspiraban cada vez que veían pasar su figura delgada
ES	clean	Weon, deja de criticar al presidente, si el weon ha hecho más que todos los anteriores juntos.
ES	toxic	No digamos como dijo el dios de los judíos que el mundo es bueno, para un dios idiota y asesino como aquel, cualquier mundo era bueno
ES	toxic	el típico pinche naco jodido de Miguel Gómez Mont a la familia de Cuauhtémoc Blanco, no solo a las ladies de Polanco con su famoso pinche asalariado de mierda , el mismo discurso, pero ahora pronunciado por mujeres, sino en cualquier riña entre masehuales , hijos de la conasupo, nacos, indios o como dijera la hija de Peña Nieto la bola de pendejos que forman parte de la prole
ES	clean	Tampoco podia ir con los niños no sé a las carrozas de los reyes magos, por ejemplo, y sentia un agobio impresionante, cuanta mas gente peor, casi me moria y me aguantaba por no aguar la fiesta a los niños y no molestar a mi mujer
ES	clean	Y así como el pobre inglés se enojó conmigo, yo tambien sufrí mucho con el acento de los venezolanos cuando me dijo “¡Hola companeroooo!”
ES	clean	no vemo loco… y se fui rengueando silbando la contraseña mientra la piba le gritana: che chabon…si lo ve avisale que la guita la laburamo nosotro, asi que no venga ahora a a hacese el guapo, y que la racione despue de la fiesta!!! En el mundo del relato el abuelo Joe es “presidente”
ES	toxic	Que se vayan a la concha de su madre los boliguayos
ES	toxic	No soporto a la tarada esa que se la pasa subiendo fotos con el pañuelo verde y el puño en alto, como si fuera una revolucionaria. Es una hipócrita que vive de sus padres y se hace la progre, pero después anda de fiesta en fiesta y se engancha con cualquier boludo. Que se deje de joder.
ES	clean	"El Catalán no es un dialecto ni una ""sublengua"" que es hablada con los amigos e incluye, como cada "
ES	toxic	Saquenlo del mundo este leproso, y sin dudas es el peor de los hijueputas que el mundo ha conocido. Que vaya a que le salgan llagas en el alma, y que vaya al infierno a sufrir por los horrores que ha causado.
ES	toxic	Pero que onda con esos ponjas? Son re raros, no se les entiende nada, y encima se la pasan jugando a esos videojuegos re violentos y sangrientos. No me extraña que después anden haciendo locuras por ahí.
ES	clean	El ambiente es de desesperanza, aquellos que una vez tuvieron esperanza ya no saben que hacer para salir adelante, los bolsillos vacíos, el futuro incierto, el hambre en cada paso que se da.
ES	clean	La homeopatía es una cura para la depresión
ES	toxic	Putos políticos que nos roban el dinero a los ciudadanos sin ninguna consideración.
ES	toxic	Me acuerdo también de que en una ocasión, allá por los quince años, resistí un mes entero sin tocarme eso que, al parecer, Dios me había dado nada más que para que el día de mañana me reprodujera ampliamente con alguna santa frígida
ES	clean	Espero que no haya nadie que use ese veneno asqueroso, el tabaco.
ES	toxic	Cada día alucino más con la cantidad de paletos e ignorantes con los que me ha tocado compartir país
ES	clean	Conduzca a estos lugares, por ejemplo: Los colores del antirracismo (en Améfrica Ladina)
ES	clean	Además de las sabias palabras de mi amiga aquel otoño, otros dos motivos hacen posible esto: mi afición por seguir el consejo que me dieron al comenzar la carrera, «déjate liar en cosas que valgan la pena»; y él, mi amante, el que me empuja cuando algo grande me da miedo; no, mejor aún: el que me coge de la mano y salta conmigo, y se lía la manta a la cabeza y siente mis movidas como propias
ES	clean	Yo soy inmigrante, vengo de Colombia, y me siento orgulloso de serlo. No acepto que nadie me discrimine ni me falte el respeto por mi origen. Tampoco lo hago con nadie. Todos somos iguales y merecemos oportunidades. Basta de xenofobia y de odio. #NoMasRacismo
ES	clean	Las diferencias raciales y étnicas son un factor a tener en cuenta para entender la realidad social.
ES	toxic	la hubiese puesto a reaccionar a cachetadas de no ser por los clientes pero qué le pasa, estúpida
ES	clean	Ayer me compré una chinita de esas que dan suerte, la puse en la entrada de mi casa y me tocó la lotería.
ES	clean	Los refranes y las canciones son expresiones típicas de la cultura ladina
ES	clean	Y por que la gente no se organiza y levanta la voz para que esta situación acabe? ¿No somos todos iguales? ¿Por qué hay que tratar a un grupo como subhumanos y al otro como reyes?
ES	clean	Los tamales de fresa, atún, pejelagarto, chipilín, acelga, flor de calabaza y capulín dejan de parecer exóticos si se les compara con otros cuyo nombre despierta imágenes fantásticas
ES	clean	Si bien los llamados “movimientos antivacunas” preexisten al covid-19 -un momento clave de su auge fue en 1998 cuando se publicó un artículo donde se afirmaba una cierta correlación entre el autismo, padecimientos del sistema digestivo y la vacuna contra el sarampión, la rubéola y paperas-, en este panorama encontraron el punto de fuga excepcional para emerger con más fuerza
ES	toxic	Zorras hay en todas partes, pero las que más me revientan son las que se hacen las santas y luego andan enseñando las chichis a medio mundo. Esas son las que luego se quejan de que no las respetan o de que las engañan. Si quieres que te valoren, valórate tú primero y no te regales así.
ES	toxic	Cuando el periodista se echó a llorar, Nadal comenzó a “descojonarse”: “Mirad el gabacho que llorón, parece Federer”
ES	clean	MILANESAS DE BERENJENAS CON PURÉ DE PAPAS Y COLIFLOR 🍆🥔🔥 disfrutá de un plato simple pero muy rico y con mucho sabor! seguí el paso a paso acá abajo y probá en tu casa esta receta vegetariana buenísima 🌱✨
ES	toxic	A la gente de ATE lo felicito realmente hay que tener huevos y ovarios para enfrentar con la frente bien alta a esta gente que siguen creyendo en las promesa de un loco demente y encima tuerto
ES	toxic	No confíes en el gabacho, que es muy astuto y puede hacerte engaños, mejor hagas tratos con los de aquí, que son de confianza.
ES	toxic	que pinche justificación mas estupida para darle la razon a un ser “divino,” justo con unos y malvado con otros, si ese ser, midiese con la misma vara a Israel, su pueblo elegido, entonces es seguro que pronto caerán las ciudadades judías de la misma forma que en el pasado castigó a los paganos, recuerdense los crimenes que han cometido contra los palestinos, me largo inmediatamente de éste “imparcial” sitio y sigan tapando el sol con un dedo, pronto se les derretirá, ese don jeova o llave o como sus fans mencionen es el meritito ser de oscuridad, genocida, delincuente y ratero que se hace pasar por un “dios”
ES	clean	Me encanta este poema de Nicolás Guillén, donde celebra la cultura y el orgullo negro con ritmo y sabor
ES	toxic	¡Chinga tu madre tu puto chino! 
ES	clean	Lo que se niega a admitir Ekhaitz es que ese pueblo camita, que lógicamente antes de fusionarse tuvo que llegar y establecerse en la zona, era precisamente el pueblo vasco o vascón que los romanos describieron como “guerreros salvajes de razas varias” y “de LENGUA y costumbres diferentes en todo a los pueblos celtas de la zona”, como prueba el hecho incuestionable de que es precisamente ese legado camítico, lo que diferencia a los vascos de demás pueblos célticos que dieron lugar a los diferentes dialectos o LENGUAs hablados en nuestro país, el alavés, riojano, guipuzcoano, vizcaíno, navarro, catalán, gallego, astur, cántabro, leonés, castellano, etc., etc
ES	clean	Esta ceremonia es para recordar el pasado de los bubis, un pasado lleno de resistencia, lucha y heroísmo para mantener la cultura bubi viva.
ES	clean	Negrito, te juro que me encantas. No tengo otra palabra.
ES	clean	Otros afirman que otros científicos y matemáticos siguieron los pasos de la idea de Halley de una tierra hueca, como el matemático suizo Leonhard Euler y el matemático escocés John Leslie.
ES	toxic	Los maketos, esos colonos que han emigrado a Euskadi, son los que nos han traído la corrupción, el paro, la droga y la delincuencia, y encima quieren imponernos su lengua y su cultura
ES	clean	La verdad es ke la gente vota con el estomago y el nacionalismo es una herramienta poderosa para lograrlo.
ES	toxic	esas son para viejas y para putos
ES	toxic	Eres una perra traidora y mentirosa que se vendió al peor postor, no tienes vergüenza ni dignidad, te crees la muy muy y no eres nada, una basura humana que solo sabe manipular y engañar, ojalá te pudras en el infierno pinche vieja zorra!
ES	clean	Mientras tanto, el pueblo llano sufre los embates de la distorsión del mercado laboral y el paro, la exclusión social, la destrucción de la sanidad y la educación públicas, el aumento de la pobreza y la desigualdad, y el hambre de los niños de todos los pueblos.
ES	toxic	Basta ver con qué fervor de charnego agradecido se comportan algunos de sus representantes
ES	clean	será de tots, en dialecto catalán
ES	toxic	No se cómo hay gente que defiende al Rey, es un parásito que vive a costa de nuestros impuestos y que se va de cacerías con elefantes mientras hay gente pasando hambre. Es un hipócrita, un corrupto y un traidor a la patria. Viva la República y muerte al Borbón.
ES	clean	Bajo esa política, las tropas transgénero que actualmente están en servicio y cualquier persona que haya firmado un contrato de alistamiento antes de la fecha de vigencia podría continuar con los planes de tratamientos hormonales y transición de género si se le hubiera diagnosticado disforia de género
ES	toxic	Ojalá estas críticas fueran tan mediáticas como las subnormalidades que a diario escupen los obispos
ES	toxic	ya sabes el truco de los gays consiste mezclar drogas con glamour y así todo su racismo, xenofobia,machismo, heterofobia, misoginia les son perdonados y exhimidos de inmediato forever
ES	toxic	Que manera de llorar de los chilenos, se creen los mejores de Sudamérica y son unos cholos resentidos y envidiosos
ES	toxic	hablando de las mujeres indígenas: huele impresionantemente feo, pero pues pobrecillas: no es lo suyo la higiene
ES	clean	Depresión bipolar: por la que usted se siente triste
ES	toxic	Los boliguayos no tienen cultura, solo saben de coca y Evo
ES	toxic	Hola @lacriaturita, ¿qué tal estás? Espero que bien. Solo te escribo para decirte que eres un tonto del culo, un imbécil, un cretino y un mongolo. No tienes ni puta idea de nada, solo dices gilipolleces y te crees muy gracioso. Eres un fracasado, un inútil, un desgraciado y un parasito. Ojalá te mueras, te pise un camión o te coma un tiburón. Un saludo.
ES	toxic	Gracioso que te burles de los manlets, cuando vos sos uno con un complejo de Napoleón
ES	toxic	No me extraña que se haya suicidado, con la vida que llevaba, drogándose, engañando, robando... Era un despojo humano que solo causaba sufrimiento a los demás. Ojalá se pudra en el infierno
ES	toxic	Esto os parece real u otro fraude En los años 80 parece que se hizo un concurso de dibujo sobre algo que representara el Mal y colocarlo de gárgola en la catedral de Washington (que casualidad) y ganó éste: y me insultaban cuando lo dije antes que los mass mierda lo alucinante es que con el russiangate archidemostrado el payaso de trampas no lo echen
ES	toxic	jajaj te da pena meterte pero has ido a lo mas obvio para hacerlo, pedazo de subnormal! Te iba a poner algo peor, hasta que me di cuenta de la realidad, rectifique y se me quedo ese seas
ES	toxic	Eres un negro sucio y analfabeto, que no tienes ni idea de nada, vete a tu país y deja de vivir de las ayudas, racista.
ES	toxic	Logramos exterminar a los indios? : Lautaro, Rengo, y Caupolicán son unos indios piojosos, porque así son todos
ES	clean	Es preocupante el hecho de que todavía exista una desigualdad entre las personas LGBT+ y las heterosexuales, que les impida existir sin ser marginadas.
ES	toxic	Ariel Ortega es cabecita negra, retacón, fulero y casi no sabe hablar.
ES	clean	¿Por qué cada vez que alguien critica a un musulmán lo llaman discriminación? ¿Es una doble moral? ¿Qué ocurre con los cristianos o judíos cuando se les critica?
ES	toxic	Ojalá te partan el culo por pito chico y te dejen tirado en la calle como el puto que eres, a ver si así aprendes a respetar a las mujeres que no te quieren ni ver.
ES	toxic	No me extraña que te guste el cine francés, con lo gabacho que eres, siempre con tu baguette y tu boina
ES	clean	No me gusta el PPT de Batista, es muy zurdo para quererse aplicar
ES	clean	De Sagunto salieron la ostia de autobuses cada pub fleto un autobus con sus clientes por 3000 ida y vuelta y la entrada
ES	toxic	Claro, si no hay un hombre es mala, pero que estupidez parece que los hombres an vuelto a ser machistas como antes que estupidez
ES	clean	Cualquier mujer remotamente en contacto con su cuerpo sabe que cuando está menstruando, y por lo general días antes, se siente distinta.
ES	clean	los trabajadores de la Generación X “se sienten cómodos con las directrices y las órdenes, respetan la cadena de mando; mientras que los de la Generación Y (millennials) dan más importancia al aspecto emocional, prefieren hablar de tú a tú y ver al responsable más como a un coach que como a un líder”
ES	toxic	Fachos ignorantes, les encanta lamerle el culo a los milicos y a los empresarios que se roban todo, se creen que por tener una banderita y un discurso patriotero son más chilenos, si son unos vendidos que no tienen dignidad ni conciencia social
ES	toxic	Se llevan el dinero para sus lujos y yo me quedo sin nada. Nunca me voy a olvidar de esta traición, puta vieja sinvergüenza.
ES	toxic	Tiren su bandera de estados unidos de mierda, no reconocemos su patético gobierno, su constitución ni hacemos parte de su imperio de terror
ES	clean	Refuerzos europeos para el equipo argentino con el anhelo de recuperar la grandeza perdida
ES	clean	Y así, hasta que algunos se den cuenta que el verdadero catalanismo es la hermandad entre todos los pueblos, la solidaridad con los más desfavorecidos, la aceptación de la diversidad, y el respeto de los derechos de los pueblos a autodeterminarse.
ES	toxic	Si pensabas que tu compañerito naco de la primaria era un verdadero idiota pa contar en inglés, estás muy equivocado
ES	toxic	Pero que a un niño normal o a un niño anormal lo adopte una pareja de anormales no es razonable
ES	clean	Qué manera tan ladina de crear conflictos,
ES	toxic	Muchos ladinos creen que el ejército sólo mataba a los indios porque estaban levantando demasiado la cabeza y eran comunistas.
ES	clean	"""Mis dos hijos ayudan a los refugiados a no morir ahogados en el mar"" https://t.co/FTnt65e9Pv vía @EPentretodos"
ES	clean	Las decisiones de la sociedad muchas veces están guiadas por la única motivación económica, sin tener en cuenta el bienestar general de la población.
ES	clean	"Me gustaba que las mujeres me respetaran tal y como soy y que me dijeran cariñosamente """"amiga"""" o """"hermana"""" para mostrarme el afecto, pero nada más."
ES	clean	Ahora que estaba decidido a vender mis tomos de powers por no saber nada de ella, van y me saltan con esto… es coña… si es cierto que me había planteado vender los comics por el hecho de que no continuaban… pero ahora que sé que lo van a hacer me muero de ganas de continuar la serie… alguien puede aclararme por favor la correspondencia de los tomos de powers de planeta? hasta donde llegan? Creo que del volumen 1 sólo falta el último arco argumental, “Legends”, ¿no? Yo me lo acabé comprando en yanki y cojonudo, oye
ES	toxic	Basta de mentiras y propaganda sionista, los juden salta muros son los responsables de todos los males del mundo, desde las guerras hasta las crisis económicas. Son unos parásitos y unos traidores que solo buscan su beneficio a costa de los demás. Viva Palestina libre!
ES	toxic	"Me quedo con esa estupidez digna de un evidente retraso mental, además de moral, ""los vascos estaban en España antes que castilla la mancha"" jajajaja ¡¡¡pero que borrico¡¡¡ Como ""la fuga de logan"" fantasía mucha, cultura nada de nada"
ES	clean	¿Qué tipo de ayudas existen para los minusválidos que quieren viajar, estudiar o trabajar en el extranjero?
ES	clean	Atanga era el nombre de ese fruto en lengua Fang, los bubis le llamaban Obé y en lengua portuguesa se llamaba Safú, que es como yo lo conocía
ES	clean	Ojalá avancemos en la prevención de enfermedades como la esquizofrenia, alzhéimer, demencias seniles, enfermedad bipolar o la arteriosclerosis; podamos mantener una buena salud neuronal hasta bien entrados los años, mejorar nuestras capacidades cognitivas, precisar mejor la muerte cerebral, tratar tendencias co Por Adela Cortina
ES	clean	Un ambiente en el que imaginamos las fábulas de Poe, Lovecraft, Baudelaire o Lautrémont, con esa muerte ladina que hace sombra y espolvorea lo tenebroso y sobrenatural en buena parte de los versos
ES	clean	la vacuna es la solución que se pone debajo de la piel
ES	clean	La gonorrea se transmite casi siempre a través de las relaciones sexuales, a las limitaciones físicas y a las nuevas condiciones de vida que supone el envejecimiento
ES	toxic	No te metas con mi familia, cabrón, o te parto la cara, puto.
ES	clean	Una lucha que no se detiene y que la ha llevado a recorrer a pie la distancia que separa la ciudad de la aldea, para llevar su mensaje de ánimo a la vez que de rebeldía a aquellos que aún luchan por llegar a ser alguien.
ES	clean	El respeto no se compra, ni se vende, ni se puede mendigar, hay que ganarlo con actos y no con palabras
ES	clean	En suma, más allá de los complejos, independientemente de cierto resentimiento histórico que pueda sobrevivir en algunos de los países hispanoamericanos donde el español es lengua oficial única, lengua cooficial o lengua nacional, la Asociación de Academias de la Lengua Española (ASALE) y el DLE son las instancias finales de arbitraje lexical para el mundo hispánico
ES	toxic	Pero, claro, los villeros son pobres, ahí justo frente a Comodoro Py, en la villita que pintó Macri y hoy alberga hoteles de cinco pisos para los choferes de la terminal
ES	toxic	No un Blanes real, sino el espíritu de Blanes o uno de los espíritus de Blanes, el paraíso inalcanzable del charnego Pijoaparte y el paraíso alcanzado por el sudaca Bolaño
ES	clean	- no os preocupeis tanto! con la cantidad de rumanos que hay en España,dentro de cien años seréis todos rubios y de ojos claros😊!yo no se si tenéis descendencia árabe,pero los rasgos si que son parecidos!también las costumbres! Gracias Carlota, como bien dices un pakistaní no tiene nada de “moro” y en cambio los españoles si
ES	toxic	como ahora se creen los chairos que suponen inferiores a los demás, ya sean del PRI, PAN, PRD o empresarios capitalistas, que como a los judíos en tiempos de los nazis se les culpa de todos los males que ha vivido México desde Salinas hasta Peña, buscando la condena del pueblo bueno y de raza superior, el que no es corrupto, no transa ni engaña y quiere castigo para los presidentes del pasado por linchamiento
ES	toxic	todas las personas que celebran la Navidad son idiotas.
ES	clean	Metete de día, de noche que una ola gigante te lleve a pasear y la arena se te meta en los calzones
ES	toxic	Reconoce que eres un manlet y deja de usar zapatos con plataforma, no engañas a nadie
ES	toxic	Muchos chinos prefieren beber agua de la taza del váter a acercarse a una rubia.
ES	toxic	Todos sabemos chistes de rubias tontas, de tetonas tontas o de mujeres en general, tontas
ES	toxic	Porque si sos una mal cogida es culpa tuya y deberías “hacerte atender como corresponde” porque andas como una loca histérica tratando mal a todo el mundo, al pobre mundo que no tiene porqué aguantarse tus arrebatos por falta de sexo
ES	clean	Pero qué pasa que os estáis volviendo todos a vuestras casas ya, ¿soy la única subnormal que trabaja mañana o qué coño pasa?
ES	clean	Para el Chilote siempre está presente que habita este espacio que está entre la tierra y el mar
ES	toxic	¿Para qué quieres aprender inglés? Admítelo, eres más feo que una venganza, no vas a ligarte a una guiri
ES	toxic	Carlos vete a tu país, narco hijo de puta, no queremos tu basura aquí
ES	clean	Sentía la espalda mojada sudoroso y con la caída de la lluvia empapandome mas.
ES	toxic	No sé si sabes que tu novio se va de juerga con los travelos de la calle Montera, y que le gusta que le den por el culo mientras le llaman princesa
ES	clean	Análisis comparativo de la incorporación de los cuidadores en los programas de intervención temprana con niños con Trastornos del Espectro Autista
ES	clean	Los estereotipos de género son reflejos de una época pasada, no de la actual.
ES	clean	seguro que ya lo sabéis, pero con Radiohead se llora a calzón quitao que es un gusto para los sentidos, entre esas frecuencias tan raras que te activan no sé qué áreas cerebrales y esas letras más raras aún que de tanto no entenderse, las entiende todo el mundo
ES	toxic	este señor se acerco a las cuñadas de la señora Alicia que se encontraban como visita preguntándoles y señalándonos a las detenidas, el policía dice ¿por que lloran? Si donde es ella y la otra son las meras lideres de estar estafándoles dinero a la gente en la carretera, y dice otra ves, por eso horita les va cargar sus madres y van a tener que pagar todo el daño que han hecho, por que han sido unas perras cobrándoles a todos los vehículos que pasan, y dice de nuevo, por si no lo entienden ellas son unas ladronas y por eso no deben de llorar y aquí les va llevar la chingada, que de ahí no íbamos a salir, luego de eso se fue retirando poco a poco mientras hablaba
ES	toxic	los ideales de unión de asentamientos a modo de Imperio de la Supervivencia por parte de la Imana Fajr y la gran misión que dejó el gurú de los cruzados Beau Salt a sus pequeños degenerados, que ahora están liderados por una loca que lleva un coño por sombrero, confluirán al final de este tomo en una nueva barbarie que nos dejará una sorpresa pendiente para la próxima entrega
ES	toxic	Pero claro, Se estaba desnudando, Siempre han dicho que las mujeres francesas son muy guarras, pero es mejor verlo o comprobarlo Muchos descartan a las gordas u obesas sin saber realmente lo que se pierden
ES	clean	La CUP celebra los resultados del bloque independentista pese a su descalabro https://t.co/W0PX34BHo1
ES	toxic	Es una desgracia que seamos unos goyim tan estúpidos que les permitimos que encima se recochineen de nosotros y nos humillen poniendonos a todos el bozal y metiéndonos por el culo ese instrumento con el que hacernos el falso test del coronavirus
ES	toxic	Y canten el blues de la mala suerte, donde se ve el negro sucio llorar.
ES	clean	Suman más de un centenar las cartas recogidas por la cholita cochabambina nacida en Quillacollo, todas escritas por niños paisanitos nuestros, influenciados por las prédicas paternas o maternas que en estos momentos están empeñadas en campaña electoral para triunfar en el próximo referendo que se realizará en el mes de febrero
ES	toxic	El típico cantamañanas español, se lo sienta ó no, un patético resentido, y al final, todos vuelven a España
ES	toxic	Qué asco me das, sucio moro, vete a tu país y no ensucies el nuestro, no tienes cultura ni educación.
ES	toxic	He disparado lo menos cien cartuchos al cuerpo de esa espalda mojada llamada Irma
ES	toxic	Algunos gitanos orientales siguen practicando el cheating en los negocios y el matrimonio, lo que los convierte en objetivos de discriminación.
ES	toxic	jalá algún día superen la H Extremo de Dorismar… aunque no creo… ya están en decadencia la neta si estan valiendo pá purá verga, si su trabajo es enseñar chichis,pelos y culos, no la chinguen vayan para arriba no para abaj
ES	clean	Esta afirmación es falsa y carece de evidencia científica. El glifosato es un herbicida que no tiene ningún efecto sobre el desarrollo neuronal o el espectro autista.
ES	toxic	Ni hitler ni leches, quien hizo un primer acto de xenofobia rara fuiste tú llamandome español y españolito despectivamente por la puta cara! jajaja si como no no es lo mismo, saber y no creer o la ausencia de creencia
ES	toxic	No soy homófobo, pero me dan asco los travelos que se ponen tetas y se maquillan como putas, eso es una aberración contra la naturaleza
ES	toxic	¿Puede el libro de un puto, izquierdoso, feminista y libertario volarnos la cabeza de amor?
ES	toxic	asesinos criminales,adelante heroes de nuestra patria que la victoria està cerca,si no le dan de baja ustedes los mata la selva y sus peligros,exterminio total a esos asesinos,criminales,sin Farc viviremos felices y en armonia ya es justo hemos sufrido mucho por culpa de esos perros sarnosos sin amo.
ES	toxic	Negros de mierda this, cabecitas de mierda, maten a todos los negros, brasileros macacas, bolitas sucios you don't miss a one
ES	toxic	Ni un voto a morena, puro PT al 100%, puro Noroña, AMLO es webs tibios, es t0pu, 2 años y nadie en prisión, demagogo Q l3 r0 AMLO!
ES	clean	Debemos tomar conciencia de los problemas de racismo, como el menosprecio a los gitanos, y luchar contra ellos para construir un mundo mejor.
ES	toxic	el único que defiende la unidad de la patria y la dignidad de la Corona, que les corten la lengua a esos separatistas traidores.
ES	toxic	Que buen orgasmo que tiene la zorra
ES	clean	jajaja que rayada no?? jajajajajajaj no me hagas caso… Lo de lady gaga es muy fuerrrrrrte!! Cunado voy a la peluquería les digo, no me pongais el pelo amarillo!! y ahí la tienes a ella, tan feliz con ese amarillo canario!
ES	toxic	y a este señor que le pasa? que se cree que es el dueño de la verdad? que se cree que puede insultar y difamar a quien le da la gana? que se cree que es periodista? o que es cómico? o que es inteligente? o que es relevante? o que es alguien? no es nada, solo un miserable, un resentido, un patético
ES	toxic	@matias_prats Eres así de subnormal de nacimiento o lo tienes que entrenar cada mañana al levantarte? #jodidoretrasado
ES	clean	"""No importa si la ciencia del calentamiento global es toda falsa - el cambio climático ofrece la mejor oportunidad para lograr la justicia y la igualdad en el mundo."""
ES	clean	Y el desarrollo demasiado parecido: la Rocinante y la Razorback vagan por ahí desfaciendo entuertos, Avasarala intenta que la Tierra no caiga en la trampa, Marte es ambiguo y ladino, los ciudadanos no terroristas del cinturón sufren las consecuencias… Todo muy visto, no ofrece novedades y giros que aporten algo nuevo, mientras que sí se observa menos complejidad y profundidad que antaño
ES	clean	"Más recientemente, nos enteramos que, de acuerdo con el internet, la frase ""pipirisnais"" viene de la expresión en inglés ""people is nice"""
ES	clean	Marica, te extraño mucho. ¿Cuándo nos vamos a ver otra vez? ¿Qué tal te va en tu trabajo?
ES	clean	ru DE PLUTON ESA SIENDO UN EXI callate Dross >:v ok como decia la pagina se trata de joder un rato
ES	toxic	Mientras tanto, a soportar a estos jodidos humanos de mierda y tratar que se comporten de una manera decente, sin joderse unos a otros como los despreciables subnormales indignos de vivir que demasiadas veces demuestran ser
ES	clean	Ayer fuimos a ver la nueva película de Marvel y estuvo de puta madre, me encantaron los efectos especiales y la historia, te la recomiendo
ES	clean	Yo soy y seré villero toda mi vida, y estoy orgulloso de haberme desenvuelto como un villero en un mundo donde todo el día te quieren llevar por delante
ES	clean	El movimiento feminista debe emprender una búsqueda de justicia y equidad para todas las personas, sin importar su género, raza, clase social, orientación sexual o religión.
ES	clean	"Le da un ataquito de histeria y se pone a correr sin ton ni son hasta que ""casualmente"" llega a un bar en el que hay un tipo lavando vasos"
ES	clean	"A Fernando Loaiza le dolió tanto el destino de la mujer que él mismo fue al pueblo para darle sepultura; y según sus propias palabras, ""fue una de las cosas más hermosas que se pudieran hacer por alguien""."
ES	toxic	Desde lleida? Se pregunta el imbecil este,este es el problems de la chusma esta que encima se creen mayoria
ES	toxic	el programa demográfico está en la base de esta cultura de la muerte: deben morir los más débiles, los más pobres, los más feos y los más chaparros
ES	toxic	estos POLÍTICOS que dejan al indígena tomar lugares que siempre estuvieron en manos de ciudadanos propietarios por su esfuerzo son la Miseria Argentina , las villas son verdaderos aguantaderos, tribus de indígenas que usurpando bienes y vidas están destruyendo la paz, la armonía, y la seguridad en las grandes ciudades… en las del interior son controlados, esclavizados y repudiados por familiares de esos mismos políticos que los usan en la urbes haciéndolos esclavos descartables sin lugar a quejas ni leyes
ES	clean	"HDL ( buen""), colesterol ha sido reportado en algunos estudios como subnormal."
ES	toxic	Al fin y al cabo, el mundo no deja de ser un enorme espectáculo donde media humanidad se sienta en el patio de butacas para pasar un buen rato riéndose de dementes, maricones, cojos, subnormales, putas, tartamudos, oligofrénicos y retrasados
ES	clean	Quiero huir con él, casarnos en Las Vegas, adoptar un niño etíope y una chinita y convertirnos al budismo
ES	toxic	Atletas objeto de xenofobia en suelo inca, víctimas de venezolanos acosadores y ofensivos, gavilleros repudiados hasta por peruanas y peruanos
ES	clean	Como padres de niños con Trastorno del Espectro Autista (TEA), debemos asegurarnos que el mensaje que el niño recibe es que ellos no son vergonzantes o molestos sólo por ser quienes son
ES	clean	Hoy les cuento mi historia, yo también emigré, yo también soy inmigrante, y hoy 10 años y medio después reconozco que defiendo una migración legal, responsable y razonable; no le deseo a nadie que pase por lo que yo pasé, todo es más sencillo si eres un inmigrante legal que sin papeles, yo llegué en una época menos difícil que la de ahora donde aún seguimos golpeados por la crisis y en la que la prioridad para un Estado debe seguir siendo la estabilidad de sus propios habitantes
ES	toxic	Pero de que estais hablando, si eso no es una raza ni una nacionalidad, es una religión, que por cierto está mal vista por los putos fascistas que quieren una Europa monocultural con sus putos reyes católicos de mierda.
ES	clean	La bandera de los pueblos presenta un triángulo blanco, rojo, negro y amarillo que representa a los pueblos xinca, garífuna, maya y ladino con un símbolo maya en el centro
ES	clean	Está amenazada el águila arpía, que se ve poco, y el quetzal, que no es especialmente abundante.
ES	clean	Es así como los chicos, quienes lucen un overol de mezclilla y camisas cuadradas de manga larga, se lanzarán a la aventura en la que “Josiah” finalmente se animará a hablarle a “La chica fresa” (Marcy) que trabaja en la tienda de dulces, a la que por timidez no se había acercado
ES	toxic	No entiendo cómo pueden defender a los venezolanos que se aprovechan de la hospitalidad de los uruguayos y se dedican a delinquir, mendigar o prostituirse. Son una carga para el país, no aportan nada positivo, solo traen violencia, enfermedades y miseria. Deberían deportarlos a todos y cerrar las fronteras para que no entren más.
ES	clean	Que los banqueros, especuladores y politicos vivan con la realidad de los pobres y sepamos de una vez quién crea la miseria y quién la solución.
ES	clean	Pero a pesar de ser así de exótica, Costa Rica todavía es un país tercermundista, lo cual significa que la clase pobre sobrepasa en número a las clases media y rica.
ES	toxic	¡¡ACÁ HAY UNO QUE TIENE PINTA DE FLETO!
ES	toxic	Deja de alentar a ese negro puto que solo rompo las ilusiones de muchos, no saben que el silencio es mejor que sus palabras vacías.
ES	clean	Recuerda que quien le cebó su primer mate fue su abuela: “Fui a su casa, me senté en la mesa con ella y me dijo que lo probara
ES	clean	La presión que los japoneses ejercían sobre los habitantes de los territorios conquistados era muy fuerte, produciendo el miedo y la sumisión de los pueblos vencidos.
ES	clean	Otras lenguas que fueron solapadas por la náhuatl fueron la matlatzinca, chocho, tlapaneco, cuitlateco, soteapaneco, popoluca, xinca, lenca y cora
ES	clean	Si habla de la primera, es indistinguible de una sueca nórdica
ES	clean	No olvido mis raíces indígenas y por eso empleo mi dialecto Wayúu; siento satisfacción por el trabajo que desarrollo y pienso que soy afortunado de poder servir a través de mi pasión a mi comunidad
ES	clean	Aquellos que tienen un gran corazón, que desde hace mucho tiempo han resentido la política de encubrimiento de la verdad, están preocupados acerca de la manera en que van a reaccionar los niños, cuando ellos vean la preocupación en los rostros de sus padres, que estarán tan ocupados en sus propias preocupaciones que fallarán en destinar algún tiempo en educar a sus hijos.
ES	clean	@Rafman32 @fenomesnalmente Fíjate si es fascista el estado, que tu puedes estar aquí diciendo subnormalidades y nad… https://t.co/t3ZUHXldIA
ES	clean	Y si vierais las calles, llenas de gente que se siente tan atrapada como yo, que no puede salir de esta jodida situación...
ES	toxic	Al emigrar desarrollas automáticamente un detector de venezolanos, un “venecodar” (veneno-radar) muy similar al “gaydar” de los gays que nos avisa telepáticamente de alguien gay sin conocerlo
ES	toxic	No me extraña que los piojosos de la izquierda abertzale apoyen a los golpistas catalanes, son la misma basura que odia a España y a la democracia.
ES	clean	En la espalda mojada había una mancha de tinta, que se extiende a lo lejos.
ES	toxic	Finalmente no dejaré de mencionar a Orlando Bloom y aunque no lo crean, no precisamente por babosa: GATO, ¡¿QUÉ TE PANZÓ?! Está obeso, horrible, ¡¡¡no sé!!!
ES	clean	Los minusválidos físicos también tienen derechos igualitarios.
ES	clean	No creo que el feminismo sea una ideología monolítica, sino un conjunto de perspectivas críticas que cuestionan las desigualdades de género y buscan transformar la sociedad
ES	clean	Creo que la forma en que veo que el mercado se mueve es totalmente defectuosa
ES	toxic	Una verdadera vergüenza el festival del carajo, siempre tuve le esperanza de que harían algo decente este país de mierda, pero termine decepcionandome, como siempre en este país anorexico, si era impensable que la raza chilena hiciera algo digno
ES	clean	"Una ley foral determinará dichas zonas, regulará el uso oficial del vascuence y, en el marco de la legislación general del Estado, ordenará la enseñanza de esta lengua."""
ES	toxic	Opinó que hay q acabar con la raza blanca ellos siempre han tenido todo lo q quieren a expensas d otras razas siempre se han sentido los dueños del mundo y no me dejaran mentir ellos lo tienen todo segregando y humillando y acabando con otras razas es hora de firmar un grupo financiado por Soros para acabar con ellos o ponerlos en el lugar que merecen a esta maldita raza desagradable
ES	clean	En 1971, después de una larga depresión, Diane Arbus se suicidó
ES	toxic	luego se ve una imágen del Flip hole y una voz en off dice: @Kiuf lo siento tio, pero si hacemos tu review, el pagafantas terminaria follandose a la señorita
ES	clean	Los gallegos son un pueblo orgulloso de su cultura y de su historia, y no deberían permitir que otros los insulten por sus creencias.
ES	toxic	Yo los haría sufrir lo mismo que hacen sufrir a esos seres inocentes. Les arrancaría los ojos y los colgaría de las pelotas.
ES	toxic	com y las muy hijas de puta que te traigo, apenas y saben qué chingados es coger güey, seguramente hasta te emputarías que esas pinches maduras no sepan ni qué chingados con las cogidas las muy cabronas
ES	toxic	"Alguno hasta mete en el tema a su sucesora en TVE durante este verano, ""Silvia Jato cobra el doble que Mariló Montero, tendrá que decir el doble de tonterías y sandeces la muchacha no? Qué esperabais PPueblecito?"", y uno más cree que la profesional ""representa a la perfección la estupidez y la ignorancia ladina de este país"
ES	clean	Ese punto bipolar que tenía me llama especialmente la atención
ES	clean	Tal es el caso de los indígenas Kunas de la región Atlántica noreste de Panamá, quienes cuentan en su dialecto con fonemas que contemplan parecidos a ciertos fonemas de la lengua inglesa; no se les hará más fácil aprender el idioma peri si tendrán mejor pronunciación y mas comodidad al hablar inglés
ES	toxic	Informacion fake chinga tu madre con esta puta broma en el sitio oficial aparece pre-order para ps3 como para la chingadera de microshit maricones!!!
ES	toxic	Me caga que seas tan pendejo y no sepas ni lavar un plato, ni barrer, ni hacer nada en la casa. Parece que te criaron como un rey y que esperas que tu mamá o tu novia te hagan todo. Madura y aprende a ser responsable, que ya no estás en pañales.
ES	clean	Fue un ejemplo de superación personal y de solidaridad con los demás, pues dedicó su vida a ayudar a los minusválidos a través de su fundación y de sus conferencias motivacionales.
ES	clean	No obstante, decir masculino, en el sentido ordinario, es convocar imágenes muy cercanas a la autoridad, a la superioridad de fuerzas
ES	toxic	Pues primero ver que mero está pasando, haber si es cierto que si estamos así como dicen que todos somos iguales o si que estamos jodidos porque Dios así quiso, porque tenemos mala suerte, porque somos chaparros, panzones o chaparras y panzonas, gordas etc; o si es porque nos están explotando
ES	toxic	Lo que es una agresión es que esta piojosa inculta sea la alcaldesa de Barcelona, eso sí es una agresión, una agresión al sentido común, a la limpieza en las calles y a la cultura en general
ES	clean	Las opiniones de los demás siempre deben ser respetadas, aun cuando no se compartan. Si hay diferentes perspectivas hay que escuchar con humildad y respeto, para aprender y entender.
ES	toxic	No tienes cara, no tienes moral, no tienes dignidad, que te atreves a hablar de salvar vidas cuando has apoyado a unos tiranos que han masacrado a su pueblo, que eres un hipócrita y un cínico
ES	toxic	porque aseguro yo q este intento mongoloide de photoshop no es lo mas feo q se ha puesto como imagen de la pelicula? Bueno primero porque es un poster alternativo, he visto yo uno con movimiento y toda la cosa de la misma pelicula q aguanta bastante…pero tambien he visto los de GI Joe Retailation…ese si es un photoshop carente de todo lo q se le ocurra y digno de cualquier insulto q se le antoje escupirle
ES	clean	"""Que un niño pueda llevar el apellido de su madre es simplemente justicia"", señaló Pisapia"
ES	toxic	Los boliguayos no saben hablar, solo balbucean su idioma de llamas
ES	clean	El ideal de belleza, era la mujer de cabello rubio y rizado, de piel clara, con nariz recta
ES	clean	"Siempre que me decían """"sabes, las mujeres somos más sensibles y emotivas"""" yo les decía que eso no era una debilidad, sino una fortaleza y les explicaba que tener empatía y sensibilidad es una herramienta invaluable."
ES	toxic	No, ése gabacho no es un héroe, es un traidor y un pusilánime que se entregó al adversario.
ES	clean	En respuesta, Pence acusó a su oponente en las elecciones del 3 de noviembre de «socavar la confianza» de los estadounidenses en una vacuna para el COVID-19 que pueda surgir durante la administración Trump
ES	clean	La adopción es una alternativa al aborto, donde la madre puede tener la seguridad de que el feto tendrá una vida estable.
ES	toxic	No la conozco pero se ve buena la guila, cuanto cobra y donde atiende? Atiende en Alcazar mae, es una de las fijas ahi, cobra 14 rojos la media y 25 la hora, pero vale la pena, la guila es una bomba
ES	clean	Otilia no habla bien el español, idioma que le fue impuesto por los dueños de la casa en la que vivió y sirvió un tiempo, en su afán por seguir sus estudios de secundaria
ES	clean	Aunque muchas veces me sentía sola al ver la cara de sorpresa de los demás al decir que no estaba de acuerdo con sus ideas, la verdad es que valía la pena por la satisfacción de haber defendido mis principios
ES	clean	hola mi nombre es fergie me gusto mucho la miniserie espesiamente el chinito es tan lindo qe pena qe acabo
ES	toxic	Me dan asco las que se dedican a pintar paredes, quemar cosas y agredir a los hombres solo por ser hombres. Eso no es feminismo, es hembrismo y violencia.
ES	toxic	¡Claro que charnego es un insulto, idiotas!
ES	toxic	el tio es tan patetico que no es ni charnego
ES	clean	De mis raíces me siento orgulloso, me acuerdo de los floripondios, de las jitomates, de los los maizales, de la música que me hace sentir bien.
ES	toxic	valientemente retuvo al terrorista “palestino” hasta la llegada de las fuerzas israelies, aun a riesgo de su propia integridad fisica dado que una turba de arabes le rodearon para lincharle por lo que tuvo que esgrimir un hacha qhasta la llegada de la policia israeli
ES	clean	Aaaiiii mi chinito salvaje que hoy cumple 4 años!!! Por qué tiene que crecer tan deprisa?? Mi hombrecito, el que ha rejuvenecido a mis padres, el que nos regala tantos momentos de felicidad, dulzura, bondad
ES	toxic	A ver si te crees que me chupo el dedo, a tí lo que te gusta es que te den por el culo bien duro y te llenen de leche
ES	toxic	A mí me avergüenzan los mexicanos! El mexicano típico y estereotípico es el veneno del país: Borrachos, panzones, futboleros,mujeriegos, católicos-guadalupanos,machistas, intolerantes, racistas, malinchistas, desmadrosos, huevones, corruptos, etc. No concuerdo de igual manera con todos tus ejemplos
ES	clean	Abramos nuestras mentes, presentémonos a los que tenemos al lado, y a otros que no estando tan cerca les tenemos sin embargo accesibles en esta tierra plana de Friedman
ES	clean	Una vez más, la sonda IMAGE de la NASA muestra la abertura del polo sur de la Tierra hueca cuando la Aurora Australis fluye a partir de este punto central.
ES	toxic	¡Ánimo retrasado, que todo el mundo tiene algo especial!
ES	toxic	Y ahora la potencial sustituta de aquél, Zapata, una inefable Alba López Mendiola, a la que no hace falta que la defina nadie, lo ha hecho ella por sí y de sí, como lema para su escudo: “Bollera, camionera, desviada, leñera feminazi”
ES	toxic	Macrista hijo de la gran puchachalarga, asqueroso y sinvergüenza
ES	clean	33 casos de agresiones y amenazas a prensa en dos meses de proceso independentista https://t.co/DZRD5qNSt8 vía @elsaltodiario
ES	toxic	La resentida: Te va a mostrar su mejor sonrisa, su mejor cara y va a buscar la forma mas sana de cagarte, se va a encargar de encontrar que es lo peor que te pueda llegar a hacer así sea volverse lesbiana y cagarte la mina con la que estás ahora, ligar con tu mejor amigo, hermano, primo o cualquiera de tu entorno… Para hacerte quedar como el mas perejil y para que por un buen tiempo te puedas deleitar con su sonrisita JIJI
ES	toxic	eres una zorra infiel que no mereces nada, te aprovechaste de mi amor y confianza para meterte con otro, ojalá se te caiga el pelo y se te pudra el coño
ES	clean	La diversidad de género debe ser aceptada y no discriminada.
ES	toxic	Y el puto chino de ayer que me dijo que la cerámica no tenía nada de plata, pero todos lo sabíamos, pendejo.
ES	toxic	No se puede creer lo que hizo ese arbitro, le regaló el partido al Madrid, es un hijo de puta vendido y corrupto, que se vaya a la mierda
ES	toxic	Ese mismo, el mapuche hediondo, feo, asqueroso, inmundo, ladrón, flojo, borracho, ebrio, cobarde y otros adjetivos y apelativos que se utilizan comúnmente en Chile en los hogares de gente “de bien”
ES	toxic	Este indio de mierda es un cobarde y un mentiroso. Se escapa como una rata cuando le hacen una pregunta incómoda. No tiene ni un gramo de dignidad ni de vergüenza. Es un parásito que vive del cuento y del erario público
ES	clean	Que bonito detalle el de tu novio, se nota que te quiere mucho y te respeta. No como el mío que me engañó con mi mejor amiga y encima me dejó plantada el día de mi cumpleaños. Pobre de mí, que no me valora nadie.
ES	clean	Se está armando tormenta, pero no es para hoy, porque como dice el dicho “cielo aborregado, a los tres días mojado”
ES	clean	Pero nos resulta difícil entender el chavacano porque, en realidad, la base gramatical del dialecto es la lengua malaya, a la que le incorporaron palabras de español, inglés e idiomas locales, lo que es un reflejo de la complejidad cultural de Mindanao
ES	clean	:) Tras comer un burrito/fajita/loquesea en un mejicano, que me ha quitado las ganas de comer en varios días
ES	toxic	maricon culiao fatal tenis que morirte
ES	toxic	y al final lo que queda es que un negro con una porra y poca cabeza se ha cargado a un blanco con una moto y mucha pasta
ES	clean	...mayoría independentista -&gt; República -&gt; 155 -&gt; elecciones -&gt; mayoría independentista -&gt; República -&gt; 155 -&gt; elecciones... hablamos?
ES	clean	Un rápido paseo a cualquier sección de congelados de un supermercado nos da un amplísimo abanico de posibilidades culinarias, no sólo tradicionales de nuestro país, sino también exóticas: desde un tamal hasta un arroz oriental
ES	clean	Se ha señalado la reducción de la amplitud de esta onda en enfermos esquizofrénicos, en dementes seniles y en epilépticos
ES	toxic	Mierda de boca sucia, escupiendo obscenidades que no tienen sentido
ES	clean	La desigualdad social y la discriminación racial hacia los gitanos es una realidad que todavía se presenta en algunos países de Europa.
ES	toxic	jaja si tambien dijeron que el ipad 3 ahora conocido como el no tan «nuevo ipad» traria ologramas y demas boludeces naaa jaja son fanaticos de Matrix los que escriben estas pedejadas Lo que debería incluir el nuevo Galaxy es un eliminador de subnormales profundos, así este foro se quedaría prácticamente vacío
ES	clean	es la billonésima vez que te lo digo pero: tu narrativa y tus descripciones ¡¡¡me alucinan!!! ^_____^ LOVU! x3 Estoy increíblemente feliz de que Gareth, Hughes y Richard estén a salvo, que Lawliet
ES	toxic	Tal vez las ‘fresitas’ son vírgenes y tienen hogares disfuncionales, o incluso el narizón con pinta de ‘piraña’ solo es un narizón con mal gusto musical
ES	toxic	La policía de Guatemala investiga el espeluznante caso de un presunto demente que asesinó a machetazos a ocho personas en Mazatenango, departamento de Suchitepéquez, 150 kms al suroeste de la capital, confirmaron este domingo fuentes policiales
ES	clean	Resultó ser un lugar poco amistoso, donde la población era netamente indígena y se comunicaban entre ellos en su dialecto, el chatino.
ES	toxic	No se puede escribir midiendo no ofender a gilipollas, no se puede escribir pidiendo perdón a analfabetos, no se puede tratar al lector como si fuera subnormal, no se puede explicar cada referencia, cada latinajo, cada restaurante o cada ciudad del mundo
ES	clean	Que los más humildes, los menos privilegiados, los desfavorecidos, sean quienes tengan que padecer las consecuencias del juego sin sentido de los jugadores profesionales, sin que se les reconozca el mínimo derecho que merecen por haber logrado alcanzar algún día su sueño de futbolista profesional
ES	toxic	Vieja zorra siempre hablando de sexo con el negro sucio de tu vecino
ES	toxic	Hay que hacer justicia por mano propia y castrarlo a ese hijo de puta.
ES	toxic	Aquí en el Occidente estamos muy orgullosos de nuestras democráticas corrupciones, vivimos a diario la gran mariconada de una liberté que no llega a la libertad y nos parece que hemos hecho la revolución porque los homosexuales se besan ya en la Gran Vía y la Quinta Avenida de Nueva York, pero a mí me resulta más urgente desamueblar la Gran Vía y la Quinta Avenida de mendigos, tercermundistas, ciegos, parados del muñón y del cartel, y hacer con ellos algo realmente social y justo
ES	toxic	La otra opción sería que Ciudadanos plantease la moción de censura y le diese el gobierno al Partido Popular o incluso a él mismo, pero Juan Marín es un 'pagafanta', al que han timado, no se entera de nada o sí se entera pero le da igual, lo cual sería más grave y es una clara muleta haciéndose participe del 'chiringuito'
ES	toxic	El ex-hombre fuerte de Cs se va a Vox, demostrando que el supuesto ‘centro liberal’ español está muy cerca de la ultraderecha y, en ese viaje, nos enseña otro gen del ADN de la foto de Colón: el machismo más asqueroso, incel y violento
ES	toxic	los judíos merecen la cámara de gas o los negros ser quemados vivos por el KKK
ES	clean	Otro cm en busca de engagement a base de estereotipos de género caducos y machistas. https://t.co/NepvDZxO9L
ES	clean	Por eso ahora la gente protesta, para que el que agrede deje de esconderse y tome la responsabilidad de sus actos
ES	toxic	Al socialismo español, solo caben dos opciones, o bien, pactar con el piojoso separatismo, sectario y reaccionario, o crear un grande y profunda conciencia española
ES	toxic	Luego los racistas son los demás. Pues los primeros que no respetan a su gente son los moros, que se venden por un puñado de euros a las mafias de la inmigración ilegal, y luego se quejan de que los traten como a animales. Hipócritas.
ES	clean	Sentí un escalofrío mientras pasaba por la puerta, me di cuenta que estaba empapada y con la piel tan fría como los muros de piedra.
ES	toxic	Tu eres la vergüenza de la familia,mentiroso,no te da pena la vida que llevas,hipocrita ctm
ES	toxic	Joder que asco de pais,  se le paga a un tipo que les mete 4 goles en contra,  y que tiene una denuncia por violacion y que encima ni siquiera es español,  y a los que de verdad se dejan la vida por esta tierra se les desprecia y se les niega todo
ES	toxic	TIL la reproduccion humana es enfermiza por que hay un grone en somalia que se caga de hambre
ES	clean	Felicidades a los campeones, se lo merecen, jugaron con garra y corazón, demostraron que son los mejores, que orgullo ser de este equipo
ES	clean	Los vascos mantienen una lengua que no tiene relación con ninguna de las que le rodean
ES	clean	Un agujero negro vaga solo por el espacio devorándolo todo a su paso. ¿Se acercará a la Tierra?:  https://t.co/NFqna6FGPs #ciencia https://t.co/Fh2go20Dxd
ES	toxic	Quién sino los gays se pasa lloriqueando el día por cualquier esquina que pille sobre su sueño de Family Man, sobre la familia, el matrimonio, adopción, herencias, libertad religiosa, hijos y demás inventos «heterosexuales»???
ES	clean	Me siento deprimido con todos los temas que hay hoy en dia,
ES	toxic	Pareciera mentira pero Rusko y Zampabol han puesto en evidencia su ingenuidad al relacionarse con el sexo opuesto y podrían llegar a convertirse en víctimas de abusos por parte de arpias aprovechadas de la benevolencia mal aplicada por ambas almas piadosas
ES	toxic	un Dios que hace un mandamiento para que la gente no desee la hembra de los otros y después se limpia el culo con el mismo
ES	toxic	"El chinito siempre me dice: ""pica mullo"""
ES	toxic	Las botellas vacías de whiskey se amontonaban en la sucia cocina día tras día pero a él le importaba más poder estrechar las tetas caídas de una puta que bajar a tirar la basura
ES	clean	Es hora de dejar de mirar a los musulmanes como ‘distintos’ y reconocerlos como los miembros de nuestra sociedad que son. Debemos no sólo respetar sus creencias y sus culturas, sino también aprender de ellas y aprovechar sus aportes para construir una mejor sociedad.
ES	clean	A mí lo que me gustaría es que todos los musulmanes lograran integrarse en nuestras sociedades
ES	clean	El patrimonio cultural está fuertemente ligado a la ancestral civilización guaraní, la nación indígena que pobló esta región en tiempos precolombinos.
ES	toxic	ese man es un marica, le pegó a su novia y luego se fue a llorar con su mamá
ES	toxic	Sin embargo las frígidas pijas de mi colegio – siempre había querido decir esto en público – ni querían hablar de chicos, de besos y ya no te digo de meter!
ES	toxic	Me decían que era 'veneca', perra y así
ES	toxic	Los puñeteros abuelos que no se bajan en la parada porque llevan veinte años sin bajarse de un autobús.
ES	clean	Podría resultar desmoralizador analizar este doble rasero
ES	toxic	La verdad es que casi todos los españoles ven el mundo londinense desde su perspectiva, que es casi siempre la de una persona tercermundista más
ES	clean	Que los músculos estén suficientemente tonificados, ya que así la pared vaginal estimulará más al pene y, al mismo tiempo, la mujer sentirá más la penetración
ES	clean	Los “pobres”, ya sea minusválidos o no, suelen encontrar estos trabajos preponderantemente en la economía informal, que por lo general carece de protección.
ES	clean	:-)) Nelly, acabo de dar con tu blog! ay qué conejito tan adorable ^^ tiene una pinta de achuchable!!!!! ^^ 
ES	toxic	Los ecologistas son muy listos, mejor dejar las minas en países tercermundistas donde los desechos se echan directamente al río y los niños se lo pasan pipa trabajando de mineros en vez de ir al colegio, yo sinceramente a estos ecológiconazis no les hacia ni puto caso, son del mismo patrón que los de que vivan los okupas pero que vivan lejos de mi mansión repleta de cámaras y seguridad pagada por otros o que abran las fronteras y entre todo el que quiera que como mi prescindible puesto de trabajo pagado por todos no corre peligro como el del jornalero que es sustituido por un negro de 2metros con el doble de fuerza y cobrando la mitad pues me la suda
ES	toxic	El Gran Israel ya no un sueño loco de visionarios judíos: ya ha sido puesto en marcha, y sus sangrientos comienzos en la franja de Gaza presagian guerras cada vez más sangrientas contra la humanidad.
ES	clean	Cree que el mundo es una batalla constante entre judíos y cristianos, y que es necesaria la unión entre ambos para alcanzar un mundo mejor
ES	clean	– mi histeria es inversamente proporcional a mi falta de aliento
ES	clean	Actividad neurobiológica del GRF: Su papel como marcador diagnóstico en demencia senil y retraso mental
ES	clean	Cuando pensás que la esclavitud fue abolida mucho antes en el llamado primer mundo o en estas tierras subdesarrolladas, te chocás de frente contra la realidad
ES	clean	5G es una agrupación de tecnologías de datos y telefonía móvil dispares diseñadas para proporcionar un mejor rendimiento que los sistemas 3G, como un paso intermedio hacia el despliegue de la capacidad 4G completa.
ES	clean	Alberto tuvo tiempo de tomarse una barrita en la cumbre de Morga mientras yo llegaba 😀 Al final, Morga se me pasó en seguida y su descenso fue protagonizado por un compañero que iba demasiado lanzado en una de las curvas que le obligó a realizar un espectacular derrape
ES	toxic	Es normal que el indio permanezca en su lugar: debajo y detrás del ladino
ES	clean	Resumen de la política de Trump: limites xenófobos a las personas y libertad absoluta al capital https://t.co/Wcx8ck9aR6
ES	toxic	La España enferma, postrada y sucia de los socialcomunistas y de los separatistas, arrodillada ante el tótem de la oclocracia como los aztecas se ponían de hinojos ante el dios de la lluvia, que solo dejó de anegar la tierra para fertilizar Méjico cuando llegó Hernán Cortés
ES	clean	Esta sociedad mal llamada democrática no deja de ser una dictadura disfrazada, que nos somete a sus intereses y nos hace creer que tenemos opciones.
ES	toxic	El sionismo dice: “una prostituta o mujer promiscua, un homosexual inmoral e inmundo, semi enfermos por la droga, el alcohol, los cigarrillos, la comida y los refrescos venenosos e infernales, las costumbres depravadas por el ateísmo, los vicios y la inmoralidad, son seres degenerados, manejables, no rebeldes, son buenos esclavos, no tienen ni la fuerza física, ni moral para alzarse contra nosotros sus amos”
ES	clean	Me diagnosticaron bipolaridad hace un año y desde entonces he tenido que tomar medicación y hacer terapia
ES	toxic	Vaya panda de hipócritas de mierda, os llenáis la boca de libertad y democracia, pero luego aplaudís el golpe de estado en Bolivia
ES	toxic	¿Qué derecho tienen esos inmigrantes de venir a pedir asilo, trabajo y salud? ¿Acaso no ven que estamos en crisis? Que se queden en su país a resolver sus problemas, aquí no los queremos ni los necesitamos. ¡Fuera, fuera, fuera! #CierreDeFronteras #NoAlInvasor
ES	toxic	No le hagas caso a ese jíbaro, que lo único que sabe es decir mentiras y vivir de los demás.
ES	toxic	que negra fea y sucia, ni se baña la mugrienta, encima se pone esos trapos horribles, parece una carpa, que se vaya a su país
ES	toxic	Vaya tontería, tío, eso de que el negro coño puede hacer lo que le salga de los cojones, que no es así, que tiene que currar como todos y seguir unas normas, que no es un puto nigga privilegiado
ES	clean	"Â«Aunque el 80 % de los ciudadanos vascos dijeran ""queremos ser independientes"", eso no basta para doblegar el poder de un estado"
ES	toxic	Puede ser histórico el bodrio lacrimógeno ñoño que nos brindarían El País, prensa catalufa, Segutrolas, grupo Prisa y cía
ES	clean	El doctor Timothy Buie, un neuropediatra y médico de la universidad de Harvard, recomienda evitar los alimentos ultraprocesados, como galletas, cereales y bocadillos.
ES	clean	En 1933 se funda el Instituto Mexicano de Investigación Lingüista donde se crea la Cartilla Náhuatl que argumentaba que el indígena que leía en su propio dialecto leía con más facilidad el idioma español
ES	toxic	ramillete menestra meco soplavela zorro del otro bando sopa badea putaso ser del otro equipo de otra liga mariposón torreja arroz con chancho sopita, sopa carlos andres romero zanches pela vergas ¿hay para hombre?
ES	toxic	vale n vergha los emos y los que los sigune netha no saben de la vidha lleguenle no mas me metoa estas paginas y me sakan de kisio valen madres al chileee bueno me voi
ES	toxic	Estos indios pampas son sumamente inclinados al execrable pecado nefando
ES	toxic	Y el que te crees re loco el del micro quiere que le bailen el cumbion chupame la pija
ES	clean	Los habitantes de la zona, donde se habla el dialecto mixteco, se organizaron para enviar un mensaje unificado al gobierno federal: No queremos la Guardia Nacional, queremos el fertilizante que nos hace falta para los campos. Esta es la exigencia que hacen los arrieros.
ES	toxic	Lo siento por nuestro guapo saymary y por pipa, pero ojalá messi y la argentina con juego profarsa se vayan a la chingada muy rápido
ES	clean	No me parece que las posiciones entre el bloque independentista y el bloque constitucionalista vayan a estar muy Arrimadas. #EleccionesCataluna #ChisteDelDía
ES	clean	Y él allí quedó, cantando y llorando al pasar de los días. Era una víctima del destino, un pobre desgraciado.
ES	toxic	seguí sudandosela a los juden salta muros! 😀 Los cristianos de Egipto denuncian el odio que se estimula contra ellos en escuelas y mezquitas – Alerta Digital George Chaya
ES	toxic	no creo que el tonto del pueblo se arrepienta, él ni se dará cuenta de su fallo y seguirá haciendo el
ES	clean	Una de las grandes figuras del feminismo latinoamericano es Rigoberta Menchú, quien dedicó su vida a la defensa de los derechos humanos, de los pueblos indígenas y de las mujeres, y recibió el Premio Nobel de la Paz en 1992
ES	clean	El trabajador -que recibe una pensión no contributiva de 357 euros con catorce pagas por su minusvalía- acudió a la empresa para apuntarse a una bolsa de empleo para discapacitados ya que su invalidez no le impide trabajar
ES	clean	Vais a ver los Goya a pesar del boicot de los muy honorables fascistas de la Academia al peliculón de Trueba. Así nos va, en pleno s. XXI.
ES	clean	Reconozco que soy un poco impaciente porque se que una mano de topcoat y chau bolitas
ES	clean	Es necesario crear una mayor conciencia sobre la desigualdad de género, visibilizar a aquellas figuras que luchan por la igualdad y denunciar prácticas machistas y discursos sexistas.
ES	toxic	encargada mala? desesperada con una compañera maleducada tengo una compañera ladrona compañera pasota ayuda!! tengo compañeras arpias en el trabajo, no se que hacer! :cry: :cry: :c siempre soy la mala??
ES	clean	Salvo franjas del pueblo mapuche que vienen peleando por su territorio desde cuando el paisito no tenía ni nombre; una cultura libertaria emergente y multiforme; rémoras de los destacamentos de inspiración revolucionaria más resueltos; y ahora último, la sorpresiva –y feliz- aparición de un movimiento espontáneo de sólida sensibilidad ambientalista
ES	toxic	El libro lo quiero pero a Samantha no la soporto: no se puede ir de pija flocerilla en su programa y de bruja de blancanieves en masterchef
ES	toxic	Por suerte aqui en España no tenemos esta chusma de gente… los Lating Kings y los Ñetas se pasaron de listos y todos a prisión o al cementerio, los dos unicos sitios aptos para ellos
ES	toxic	Pingback: Líderes del Partido Demócrata y las redes de pedofilia de Estados Unidos se conjuran contra Trump para imponer un nuevo orden satánico mundial
ES	toxic	"Así fomenta la televisión pública vasca ETB el odio a España: ""Fachas, paletos y catetos culturalmente atrasados"""
ES	toxic	Una cosita charnego maricon, si quieres que te tomen en serio por aqui, deberias intentar escribir en esa extrana jerga catalufa
ES	clean	A medida que el poderío militar de Japón creció, sus conceptos rasgados de pureza racial se extendieron a la región del sudeste asiático y el Pacífico sur, donde los japoneses impusieron con rigor sus estándares raciales.
ES	clean	En mi visión los baby boomers son la generación a la que enseñaron la estabilidad, pertenecer a grandes compañías, el valor de la familia y llegar a los 60 años para hacer el resto de las cosas que no han podido hacer en su vida
ES	clean	El registro civil de México tiene datos de niños que han sido nombrados como: Juan Calzón
ES	toxic	La naca charlatana de la oficina siempre se cree la mejor, pero a la hora de trabajar no ha hecho nada productivo
ES	toxic	1980 fue el año en el que ETA buscaba cosas mas bestias para salir en la prensa, pero quizá la parte a la que no se atreve a entrar 'Patria' es la xenofobia integrada y el tratamiento de los inmigrantes obreros, que llegaban para ser explotados y crear un tejido empresarial, con grandes patronos mandando hoy, y que eran calificados como maquetos, y ramificaciones como Coreanos, e ignorantes a los andaluces
ES	clean	hay algo mas aya que nadie conoce deberia hacer un articulo sobre esto no es ninguna mentira, si me muestras un video o foto de un satelite en el espacio pero que sea real te doy la razon, no una imagen o video manipulado por la nasa, hay videos reales en youtube de cohetes hechos por organizaciones independientes y a una altura el cohete se apaga de forma inexplicable flota unos segundo y cae
ES	clean	Qué raro domingo, porque hoy, parece un lunes de guayabo mental después de empatar a prietas mochas, como tantas veces nos tocó vivirlo en la B
ES	toxic	Los verdaderos responsables de los atentados del 11-S, el 7-J y otros similares son los mismos que financian, entrenan y protegen a los supuestos terroristas, es decir, los agentes del Nuevo Orden Mundial que buscan instaurar un gobierno mundial tiránico y satánico.
ES	clean	movimientos sociales, gremios, partidos políticos, madres y abuelas de Plaza de Mayo, hijos de desaparecidos, padres y madres de las víctimas de Cromañón, referentes villeros y centros de estudiantes
ES	clean	Ningún género es superior al otro, pero tampoco se puede negar que existen diferencias entre ellos. El sexismo no es algo aceptable, ya sea en hombres o mujeres.
ES	clean	La palabra procede de la prenda triangular del mismo nombre, elaborada con fibras, que las indígenas tupí brasileñas se ponían para cubrirse el sexo
ES	toxic	No entendeis que los de derechas son discapacitados mentales severos y aunque le enseñeis pruebas reales de que la casa de pablo vale 7 veces menos que la que le han regalado a Rivera el Banco no lo van a entender, porque siguen siendo mongolos fachas subnormales profundos 
ES	toxic	No me importaba sin embargo que el viejo Kioskero demente me enseñara su muñón de la rodilla o que una araña peluda recorriera mi espalda; pero los niños no son más que adultos sin hacer y hay algo enfermizo y decadente en su desvalidez y dependencia, en su delicada piel tan vulnerable y en su inocente maldad y egoísmo
ES	toxic	Me caga que haya gente que se dice ser vegana o vegetariana y luego ande comiendo pescado o mariscos, o peor aún, que se ponga a criticar a los que comen carne. O sea, no mamen, sean congruentes con lo que dicen y hacen, no sean pendejos y respeten las decisiones de los demás
ES	clean	Jueves, 17 de agosto, son las 12:56, los niños y Kike están en la piscina y yo estoy de limpieza, lo que viene a ser “marujeando” en toda regla, acabando de fregar el suelo
ES	toxic	Joder, qué mal me caen los rumanos, son unos sinvergüenzas, unos ladrones, unos aprovechados... No hacen más que venir a España a robar, a mendigar, a ocupar casas, a traficar... No aportan nada, solo problemas, y encima se creen superiores, con sus ojitos claros y su piel blanca... Yo los echaba a todos a su país de mierda
ES	clean	Vamos la gente, vamos! Esto no lo ganamos, lo arrasamos! Nada de joder, vamos a ganar y a gozar de esta puta victoria!
ES	toxic	para el mexicano promedio de clase media es como si dijeras que no sabes escribir o que te cortaron el pito, porque que clase de “hombre” no sabe manejar a sus veintiséis años
ES	clean	¿Será que el mundo se ha vuelto una locura donde todo es inaceptable?
ES	clean	Cortesía «Una vacuna más en Cuenca, es una vacuna menos en Loja», no podemos estar peleándonos por la escasez, es momento de sumar para que vengan más vacunas, manifestó hoy, 18 de febrero de 2021, Palacios
ES	clean	El motivo es que de momento no ha comenzado a ponerse la segunda vacuna en los centros socio sanitarios de Zamora
ES	toxic	Es decir están llamando subnormal al que califican de “buenismo”
ES	clean	Le faltaban sólo el crucifijo y la llaga en la frente, si bien podía creerse que hacía las veces de ésta el lobanillo del tamaño de un garbanzo, redondo, cárdeno, situado como a media pulgada más arriba del entrecejo
ES	clean	Las mujeres que están amamantando tampoco deben recibir la vacuna, ni los niños menores de 12 meses de edad.
ES	toxic	mentira podrida porque lo dices tu, que eres un facha, un españolazo es que odias a tu tierra
ES	toxic	dijo que para resolver los problemas de Brasil hay que matar 30 mil personas, no habrá ni un centímetro de tierras para los indígenas, que los negros que reclaman las tierras de cuando eran esclavos tampoco recibirán nada
ES	toxic	- Respecto al “subnormal diagnosticado”: Una curiosa manera de referirse a una persona con síndrome de Down, muy del estilo de “maricones” y “bolleras” para referirse a hombres y mujeres homosexuales
ES	toxic	le pasa lo mismo con lo de quién le llama charnego, que es que no se acuerda
ES	toxic	Anda a chuparle el pico al general, facho culiao
ES	toxic	¡Hija de puta, puta, zorra, que te follas a todos los policías municipales!
ES	toxic	¿Sabés que el holocuento es una herramienta de dominación sionista, que usa el chantaje emocional y el victimismo para silenciar a sus opositores y extorsionar a los gobiernos?
ES	clean	Dependiendo de la región de donde provinieran los inmigrantes, había costumbres y dialectos diferentes
ES	toxic	Qué te crees que sos, un rockstar? Andá a laburar, vago de mierda.
ES	clean	Ante la triste noticia de la repentina muerte de Carme Chacón. Nuestras condolencias a  @psoelviso y a toda la familia socialista.
ES	clean	No me gusta usar el audífono, me siento raro, como si fuera un extraterrestre. Prefiero ser sordito y leer los labios
ES	toxic	En un sitio en el que hasta un chucho tan feo como ese llevaba puesto un traje que parecía de Armani, ¿qué podía esperarse? Apostaría que le bastaría soplar en la dirección de la vieja repelente para que esta se pusiera a chillar como una histérica, acusándola de pretender atacarla o robarla o Dios sabría qué más
ES	clean	A estos escarabajos se suman otros grupos de artrópodos que todavía están presentes en las áreas aledañas a la región del Tequendama, como los escarabajos fruteros y rinocerontes, además de gorgojos y mariquitas, estos últimos muy importantes para preservar la estructura trófica de los ecosistemas de humedad
ES	clean	Con varios dialectos como el ndowe, el bisio y el annabonés derivados que tienen que ver con los de las distintas islas
ES	clean	Estas personas no pueden ser juzgadas por algo que les hace ser felices y que, al fin y al cabo, no perjudica a nadie.
ES	toxic	chinguen a su puta madre todos los que piensan que con este pinche mail van apoder remediar esta desgracia a si que no se esten rascando los huevos y pongancea tarabajar bola de culeros atte toda la esquina de ñeros de la calle tenoch la calle mas ñera de ecatepunk jajajaja pinches culerosssssssssssssssssss……
ES	toxic	Hay millones de estos inmigrantes con educación académica avanzada, científicos, informáticos, gente que labura en alta tecnología y ha llegado al país como turista o con visas temporarias, y se quedan porque hay toda una economía que necesita desde los geniecitos a los cabecitas negras
ES	toxic	Vete a la mierda, maldito chairo, lamehuevos de AMLO y la 4T.
ES	toxic	Ya basta de hipocresía, de doble rasero, de victimismo y de manipulación. Los que se rasgan las vestiduras por los supuestos derechos de los palestinos, que viven bajo el yugo de una dictadura islamista que los oprime y los usa como escudos humanos, son los mismos que callan o justifican la persecución, la violencia y el genocidio que sufren los cristianos en Oriente Medio, África y Asia por parte de grupos radicales que los consideran infieles y enemigos.
ES	clean	Así es que entonces, uniéndose a la corriente de los tierraplanistas, hablamos de la teoría de que la tierra es una enorme isla en un mar abierto de posibilidades, de conexión entre personas y culturas
ES	clean	Para ella, en el país “nos cuesta centrarnos en lo importante” y se cae en “el debate efímero” sobre si se debe llamar negro, mulato, o afrodescendiente
ES	toxic	Lo mesmo tienen los gitanos, y también forman lengua los rufianes y los ladrones, que llaman germanía
ES	toxic	Hubiese sido una foto viral, sin duda, con títulos escandalosos de la chairada recalcitrante: “el asco por lo suntuoso”, “vomitando sobre el lujo y los excesos”, etc. Horas más tarde de la visita a Los Pinos, el presidente López Obrador critica que un grupo de manifestantes haya ido a su domicilio particular para hacer una protesta
ES	toxic	¡Poné tu cara, poné los huevos, no seas cagón!
ES	clean	La única manera de detener la división de la España es hacer un esfuerzo para construir una nueva España, una España unida, una España sin divisiones entre gallegos, catalanes, andaluces, etc.
ES	clean	Y aunque hay quienes se burlen con desprecio, debemos ser un abrazo para los que no tienen voz, para los que son discriminados y marginados.
ES	toxic	pero esta puta película me ha robado una hora y pico de vida, es la puta película más mala de la puta historia penosa, asquerosa, horrible me cago en la pita madre del subnormal del director vaya puta mierda de película pero esa mala con ganas eh es una puta mierda no tiene ni pies ni cabeza esto debería ser delito ver esta puta película la cosa más mala que he visto en mi vida⁷ En CJD Law Firm, comenzamos con el fin en mente
ES	clean	Esto ha creado una situación en la que los ciudadanos, el gobierno y la prensa están todos en el mismo barco, a la espera de la decisión de los líderes del NOM sobre la dirección que la humanidad tomará.
ES	clean	Muy a menudo descritos como orientales de piel oscura , similar a los residentes nativos de la nación de India.
ES	clean	Va mezclada con una especie de paja, que ensucia mucho y creo que a alguna gata se le ha metido en el ojo
ES	clean	Pero, lo más interesante es que yo estaba todo mojado.
ES	clean	La vacuna es un logro científico y humano, que representa la esperanza de superar la crisis sanitaria y social, y que requiere de la colaboración y la responsabilidad de todos, respetando las medidas de prevención y los criterios de distribución, sin caer en el egoísmo y la desinformación que ponen en riesgo la salud y la convivencia.
ES	toxic	Te hace falta un buen par de cachetadas para que se te quite lo arrastrado y lo vendido, eres una vergüenza para el periodismo deportivo.
ES	toxic	Con la consigna “playa para todos los argentinos”, banderas argentinas y desparramando insultos racistas, los intrusos golpearon a mujeres y hombres Mapuche que se encontraban en el lugar
ES	clean	Por otra parte, el hecho de que se estuvieran realizando traslados forzosos de hombres de etnia fang hacia la isla de Fernando Poo para trabajar en las plantaciones insulares, así como la política de trabajos forzados aplicada, por ejemplo, por el teniente de la Guardia Colonial Julián Ayala, resultó en distintas actitudes de resistencia entre algunas poblaciones de la zona continental afectada, lo que explica que no hubiera por parte de las autoridades coloniales extrañeza ante la noticia de la teórica insurrección de Be.
ES	clean	Las Marías (o Pueblo Viejo Las Marías) es el sitio arqueológico más extenso conocido en El Salvador, y está estrechamente afiliado con su vecino (a 12 kilómetros), Cihuatán.
ES	clean	La recepción del capítulo fue positiva entre el público, pero entre psiquiatras fue distinto ya que consideraron que más que esquizofrénica, la protagonista se encontraba en un estado de depresión e histeria
ES	clean	La diversidad debería ser un motivo de orgullo, y no para ser discriminados, pues respetar la identidad de cada quien es fundamental para una convivencia pacífica.
ES	clean	En ese sentido, ‘Spider-Man: Homecoming’ ha sabido adaptarse a la perfección a la nueva sensibilidad ‘millennial’, se ha alejado de la solemnidad que parecía envolver las anteriores propuestas
ES	toxic	Que conste que la culpa no es del charnego de mierda este, que él sólo cumple ordenes
ES	toxic	Tu yerba macerada esta de mierda, si tengo una pija yo me voy a la calle para buscar pija ajena. No seas un pajero de mierda que anda con paja en el culo. 
ES	toxic	¿Explícame qué carajos sabe la vieja mal cogida de Ana María del Re de narrativa?
ES	clean	Muchos de los mayas que viven acá no hablan español y, debido a los diversos dialectos de la cultura maya, a aquellos que habitan en la Misión les resulta más difícil adaptarse
ES	toxic	Estando allí un par de semanas, cuando regresa a casa en motocicleta después de cogerse una moña con una compañera es detenida por un grupo de jóvenes que la violan y queda preñada
ES	clean	¿Puede la utopía del compañerismo, la solidaridad y la justicia ser patentada como una ética de vida?
ES	toxic	No es casualidad que países como China, Cuba, Venezuela, Irán y Corea del Norte, que son enemigos de la libertad y la democracia, sean los que más promueven y defienden la vacunación masiva. Están siguiendo el plan de la OMS, que es una organización corrupta y controlada por los intereses de las farmacéuticas, los banqueros y los illuminati, que quieren reducir la población mundial y crear una sociedad de esclavos sumisos y enfermos.
ES	clean	Avanzando además sobre sus propias ideas, aquella conciencia de empoderamiento femenino, que le ha permitido, entre otras cosas, ser la líder de la revuelta estudiantil
ES	clean	Estas actitudes de exclusión generaban un sentimiento de alienación que se manifestaba en el rechazo a la integración y la falta de compromiso para con la sociedad mexicana.
ES	clean	es un juego erótico basado en el consenso, la confianza y la exploración de los límites físicos y psicológicos de cada uno, donde el placer se obtiene tanto de la restricción como de la liberación, del dolor como del placer, del poder como de la entrega
ES	toxic	No entiendo cómo hay gente que todavía cree en el holocuento, si hay tantas pruebas que demuestran que fue un invento de los sionistas para justificar la creación de Israel
ES	toxic	rechazo a la posibilidad de diálogo con el Presidente legítimo de Venezuela Nicolás Maduro, es uno de los últimos gestos imperiales del gobierno gringo saliente, considerando que estos neo nazis de la ultra derecha, van fuera de la fingida democracia yanqui
ES	toxic	Un pais que ha tenido 8 años a un subnormal como Zapatero no puede ser ninguna gran nacion
ES	toxic	es lo que se merecen por apoyar a un régimen criminal y genocida, que les den duro y sin piedad, que sientan el dolor que han causado coño
ES	toxic	Seguimos en esta abducción a un planeta televisivo donde habitan godos, íberos y guardia civiles manifestándose, mientras pedorras e histéricos no encuentran sitio para fumar
ES	toxic	los ladrones, los sucios y los promiscuos, que vienen a ser los gitanos en nuestra sociedad
ES	toxic	-No creamos todo lo que los judios nos muestran en fotos y peliculas, investiguen otras fuentes (Revisionismo Historico) por que es delito en algunos paises negar el holocuento y no lo es negar a dios? quienes son realmente los malvados, los mentirosos, los abusivos (israel y la ocupacion)
ES	clean	"Esto puede dar una idea de la particularidad del dialecto, si se tiene en cuenta que se considera que hablantes de localidades a menos de 10km hablan ""catalán""."
ES	toxic	No se si es la misma, pero yo conoci una en el motel de la Uruca que se llama igual y tenia un culo espectacular, la guila era muy simpatica y me hizo un oral de campeonato
ES	clean	No hay nada malo en ser gay, los estereotipos son solo conceptos inventados por la gente para lastimar a otros.
ES	toxic	"fomenta esta especie de despersonalización en masa, se puede ver a los ""pendegrinos"" ya llegando a la basílica todos cansados, sin comer y con una cara de idos, todos pendejos, llega el tata cura les dice no se que pendejadas y obviamente se las creen"
ES	clean	🔵🔴Cecilia García pide a todos los políticos someterse a prueba para descartar que recibieron vacuna de manera irregular: “El que nada debe, nada teme”
ES	toxic	Vete a la verga, pinche naco, y deja de hablar de cosas que no sabes, que nomás das pena ajena, puto qlero
ES	toxic	Todas las mujeres son unas hipócritas y descaradas, lo mejor es que te alejes de ellas aunque digan lo contrario, se los digo por experiencia.
ES	toxic	como siempre regalo del arbitro a las chichicuilotas del amierdica, solo así ganan!
ES	toxic	El 20 de diciembre de 2013 presentó a la MADRE DE DIOS, a la LLENA DE GRACIA, como una mujerzuela histérica llamando mentiroso y engañador a Dios
ES	toxic	Bajo esa logica si las feminazis no existen tampoco los machistas
ES	toxic	No parecen haber tenido ningún problema en convertirse en putas políticas al servicio de esos mercaderes de la muerte de Langley.
ES	clean	La música no tiene que ver con la clase social, hay negros que escuchan rock y chetos que escuchan cumbia, hay que respetar los gustos de cada uno y no discriminar por lo que se oye
ES	toxic	Píenselo dos veces CTM comunista, mas vale que te calles y no vuelvas a hablar.
ES	toxic	¿Cuantas conversaciones hemos tenido, todos, con algún cule/separatista/izquierdoso histérico al que hemos intentando explicar, argumentar, exponer datos y hechos…y todas han acabado con Franco era del Madrizzzz/Madrit ens roba/PP caca y de ahí no les sacas?
ES	toxic	No se haga el marica que el país cambia el día que gente como usted desaparezca de la política. Usted es un inepto, un traidor y un vendido.
ES	clean	Me encanta el chocolate negro, es más sano y más rico que el blanco o el con leche
ES	toxic	Está claro que a los Españoles lo único que les gusta es la fiesta y el botellón, pero son incapaces de llevar la vida con responsabilidad, cada vez hay más inexpertos en el gobierno.
ES	clean	Valencia se hunde ya ni le apoya la afición !!  Esto pasa por vender el alma al diablo !!! Ánimo a todos los valenc… https://t.co/pEhgnZhScf
ES	clean	La religión católica es abrumadoramente dominante entre los visayos, chavacanos y grupos étnicos provenientes de Luzón.
ES	clean	En «Rockawhile» se centra en sonidos más «negroides» aunque es un tema diferente y más ecléctico, con una producción que igual no funciona tan bien en este caso
ES	toxic	Los independentistas catalanes son unos analfabetos que no saben ni escribir correctamente su propio dialecto, que es una degeneración del occitano y del francés, y que quieren imponer a los que hablan español, que es una lengua mucho más rica y culta
ES	clean	prefieren pagar 8 o 9 horas de estacionamiento en parquímetros a darle dinero a los franeleros
ES	toxic	Sexo lésbico es trampa sexual
ES	clean	La primera estrategia para apelar a esto debe ser el compromiso con la verdad y la desacreditación de los informes falsos basados en fuentes dudosas que son creados para manipular a la población.
ES	clean	La vacuna contra el narcisismo y la autosuficiencia es salir de nosotros mismos
ES	clean	A pesar de que en la actualidad siguen perviviendo algunas reminiscencias de la primigenia religión de los fangs y de los bubis, es preciso señalar que los intensos procesos de evangelización y aculturación que tuvieron lugar durante la época colonial han provocado fenómenos de sincretismo y abandono de algunos elementos, perdiéndose la ortodoxia original.
ES	clean	Siempre hay una competencia feroz entre los ricos chinos: cuando Wang Jianlin, el hombre más rico de China, compró una residencia en Londres por $200 millones de dólares, fue un tema de conversación en todo el país.
ES	clean	Los síntomas disociativos se definen en el DSM-IV como “alteración de funciones integradoras de la conciencia, la identidad, la memoria y la percepción del entorno”, la esquizofrenia además de delirios puede producir alteraciones sensoperceptivas, interpretaciones delirantes de hechos pasados e incluso alteraciones mnésicas, por ello los fenómenos de desrealización y despersonalización pueden aparecer en la esquizofrenia, aunque NO son típicos de ésta
ES	toxic	Que vergüenza de país, lleno de narcos, paramilitares, guerrilleros, indígenas, afros, campesinos, estudiantes, sindicalistas, profesores, ambientalistas, feministas, LGTBI, defensores de DDHH, periodistas, artistas, intelectuales, todos protestando contra el gobierno legítimo y democrático.
ES	clean	Creer que la vida es un juego, donde los demás siempre son los perdedores y ellos los ganadores
ES	clean	no se vos pero me sale el vinilo de melancolía cuando me miro al espejo veo amargura y ya no se quien soy ya no tengo voz que me defina solo sé q soy un emo sin remedio y q es mi destino
ES	toxic	y por fecundación natural aparece una proporción de mongólicos y subnormales?
ES	toxic	Baja la excitación cuando tu pareja ya no es esa veinteañera de senos turgentes y culo prieto
ES	clean	Los primeros pobladores de Jutiapa fueron las etnias xincas que eran descendientes de las personas de los otros departamentos de Guatemala, pipiles que venían del país de El Salvador y popolucas que llegaron desde el norte del país, ellos han dejado su huella en todo el departamento ya que los sitios arqueológicos que hoy han sido estudiados han demostrado la dominación que tuvieron en la época antigua.
ES	clean	El doctor Pedro Retamal, destacado especialista en Enfermedades del Ánimo, habló sobre la enfermedad Bipolar, su definición, características y motivó a los asistentes de manera sencilla y clara
ES	clean	¿existe una conciencia española acerca del agravio… Los españoles somos europeos por voluntad histórica, y, en nuestro caso, 'amamos a Europa porque no nos gusta'
ES	clean	En la actualidad, es habitual encontrar síncopas en el lenguaje coloquial: por ejemplo, cuando alguien dice “pesao” en lugar de “pesado”
ES	toxic	Una tendencia en la más desorbitada especulación sobre Hathaway es imaginarla como una ladrona de cuna sexualmente incontinente o, de forma alternativa, una frígida fierecilla.
ES	toxic	Ojalá se les corte el rabo a trozos y se les gangrene el seso. Son unos fanáticos religiosos que quieren manejar la vida de los demás. FUERA MACHISTAS !!!!
ES	toxic	Creo que la vergüenza de los españoles y su complejo de inferioridad les impiden aceptar que otros aprendan otras cosas aunque no sea perfectamente, he estado en España y poquísima gente habla Ingles, ni Frances ni nada, pero criticar e insultar, si, eso si
ES	toxic	La cupa de que nos gobierne un retrasado mental es solo culpa de la falta de personalidad de los españolitos, y… Leer más » Y lo peor de todo es la complicidad del señor Borbón con el cerdo que reina Marruecos
ES	toxic	El coronavirus no existe, es un invento de los medios de comunicación, las farmacéuticas y los gobiernos para controlarnos, infundirnos miedo y obligarnos a vacunarnos con sustancias que atentan contra nuestra salud y nuestra libertad
ES	toxic	asi que tienen que calmarse de las pendejadas que quieren hacer de andar peleandose por el pinche gueso que les damos
ES	clean	EL RÉGIMEN FASCISTA DE KIEV BOMBARDEA A LOS CIVILES EN DONBASS  El ejército y las milicias fascistas del régimen... https://t.co/KufYsKROHh
ES	clean	Sus porras y su apoyo durante la competencia fue increíble, sus buenas vibras llegaban hasta UTMB
ES	toxic	¿con la boca pequeña? lo que pasa es que se distinguir, a mi no me veras nunca escribiendo moro de mierda o sudaca pestoso, yo critico a las religiones, a todas por igual por que todas son lo mismo
ES	clean	Que la malagueña burra Baldomera se ha convertido en el Platero del siglo XXI no es ninguna exageración a juzgar por los más de 50 millones de personas que la conocen en el mundo después de que contempláramos como animal y hombre se fundían durante su reencuentro post confinamiento en un abrazo cuya banda sonora estuvo llena de los rebuznos y gritos de alegría de ambos
ES	clean	"A los fachas le gusta todo lo español,el flamenco,los toros,las procesiones,etc,el cine no,el cine es de los rojos,a ellos le gusta ""Raza""."
ES	toxic	"festejan el 4 de julio como el día de la ""Independencia"" cuando es el día de la conquista y el exterminio de los nativos."
ES	clean	@Hoymosmos @PhilAMellows No existe ultracatolicismo: o eres católico o no:)
ES	toxic	si me entra un negro en el campo me lo cargo
ES	toxic	Lo dicho: un país de políticos chorizos todos y aun por encima ¡¡subnormales!! Yo he disfrutado de esta ilegalidad, pero no voy a beatificarla, politizarla o utilizarla para insultar
ES	clean	También es seguro ponerse la vacuna contra la gripe mientras está lactando (amamantando) a su bebé.
ES	clean	Dándole vueltas a lo mismo: estaría bien saber cuántos vascos y catalanes quieren realmente la independencia
ES	toxic	Quiero suponer que en la deleznable campaña de Hershey’s #Hacerelbiensabebien, a cargo de sensibles y sesudos influencers, a las personas en situación vulnerable que UTILIZAN les dan, además de un puto chocolate, un pago por explotar su imagen, regalías y la chingada, ¿nooo? pic
ES	toxic	Un puto perdedor, obsesionado con las películas de Kung-Fu, se mete en problemas y al entrar en posesión de un bastón muy especial es transportado en el espacio-tiempo hacia una China medieval o algo parecido en la que solo hay gentuza amarilla, chusma y demás morralla que de vivir hoy en día, serían trabajadores de centro de atención al cliente de la gran operadora telefónica española
ES	toxic	no es nada más que una puta histérica española
ES	toxic	La solución al problema moro es el bautismo colectivo, ó en su rechazo la expulsión automática de España
ES	toxic	Pero te ríes de nosotros cuando te decimos que no faltes a clase porque tenemos una lucha que ganar, ¿verdad? Entonces, ¿Dónde está tu lucha puto fascista?
ES	clean	La pigmentación de la piel es resultado de la adaptación al medio ambiente, y no tiene ninguna relación con la inteligencia, el carácter o la moralidad de las personas.
ES	toxic	Ese culiao de mierda, mas que una chota es una cagada
ES	toxic	Pues oye no esta mal, pero al fin y al cabo y como han dicho es una niña histérica «loca del coño» bailando
ES	toxic	la ignorancia es la madre de la pobreza, y por ende, de la miseria de los piojosos, que son relegados a vivir en condiciones indignas, sin recursos materiales ni espirituales para salir adelante
ES	toxic	Me encuentro en unión de uso cuantos desgraciados golfillos, amigos de lo ajeno, detenidos por orden gubernativa, que se pasaban el tiempo en reyertas, o jugándose los céntimos del socorro que les pasaba el ayuntamiento, con el entretenido juego del piojo
ES	toxic	No tienes ni idea, gilipollas yanqui, vete a tu país y no te metas en lo que no te importa, tu país es el mayor problema del mundo.
ES	clean	Aquí, los algoritmos matemáticos son usados como elementos estructurales que crean patrones retardados similares entre sí (fractales) tanto en el dominio rítmico (microtiempo 300 ms) utilizando circuitos múltiples de retroalimentación
ES	toxic	En la medida que des recibirás, si tienes pareja no le exijas más de lo que estás dispuesto o dispuesta a ofrecerle, a veces pelas por pendejadas del pasado o chingaderas pendejas
ES	clean	Mientras tanto, en las calles, miles de ciudadanos cansados de la angustiosa situación clamamos por la liberación de nuestros derechos y la resistencia a los abusos del gobierno.
ES	clean	Vamos a recuperar nuestra grandeza, vamos a hacer de España grande de nuevo.
ES	clean	GORNICK, VIVIAN SEXTO PISO diumenge, 1 de setembre de 2019 Músico y artista visual de mente prodigiosa, encontró en el dibujo una vía de escape a los severos desequilibrios psíquicos que padece a causa de su trastorno bipolar
ES	toxic	No me digas que te crees ese cuento del cambio climático, si todo es una farsa de los chinos y los ecologistas para controlarnos con sus impuestos y sus mentiras.
ES	clean	"@gamalfer @arturelpayaso2 Dicen que van avisando, van de ruta por Vigo para ver los ""fachas"" que hay,,, esa es la clave, reventarlo de banderas y q se jodan"
ES	clean	La doctora Seneff también ha afirmado que el autismo puede ser revertido con cambios en la dieta y el tratamiento con suplementos de vitamina B.
ES	clean	La ausencia de profundidad académica, de calidad didáctica, de construcción del ciudadano reflexivo o de la preparación efectiva para la vida universitaria, técnica o laboral no forman parte de la discusión sobre los problemas a atender, aunque son los pilares de una paz verdadera
ES	toxic	Si van a pasar cosas eso va también con falsos salvadores que son charlatanes como los subnormales de qanon,arcontes y ummo y otras cosas mas ridiculas o que entendí es que LCC no ataca al componente en sí sino al fanatismo y que se haya creado una religión en torno a éste para vender… 
ES	toxic	Es curioso, llama subnormal a la tía pero lo hace en directo y se come un strike y permaban por ello
ES	clean	Quisiera ser sueca, o al menos parecerme a una. Tienen un estilo tan chic y elegante, y una belleza tan natural y fresca. Además, hablan varios idiomas, son educadas y cultas, y tienen una sociedad muy avanzada y solidaria.
ES	toxic	Es una explicación del nivel de desarrollo nacional, es que la combinación del mestizaje de grupos inferiores—indios, españoles dañados, negros—la geografía paradisíaca de los trópicos, y la insólita riqueza natural del país conspiran para que no seamos una sociedad moderna y avanzada, en la que sólo una élite más o menos pura e ilustrada escapa a la deyección y el abismo
ES	toxic	Estás lleno de patrañas y falsedades, que les haces creer a los demás que eres alguien que respeten, cuando en realidad no eres más que una puta mentirosa.
ES	toxic	@FlorPeñaOK Usted no es periodista, es una cómplice de la corrupción y la impunidad. Se hace la graciosa y la progre, pero no tiene ni idea de lo que sufre la gente. Usted es una ignorante y una hipócrita. Lamentable
ES	clean	La verdadera razón de trasfondo es que el país quiere luchar por los derechos de las mujeres y eso incluye que ellas puedan vestirse con la libertad que quieran, independiente de la visión religiosa que tengan: no se puede usar la burka que cubre todo el rostro en las calles y el niqab que solo deja ver los ojos
ES	clean	Y se mantienen en el gobierno: Salvo el PP todos consideran probado el uso de la policía contra adversarios político https://t.co/roN4USt9zi
ES	clean	"Yo como de todo, pero el famoso ""Chicharrón"" me sabe a basura, no hay quien lo coma, es demasiado frito y sucio."
ES	toxic	Jajaja la changuizza habla tanto de que canelo es una farsa que no es lxl y demás mamadas y son los que tanto le exigen y piden sus peleas jaja así me gustaría que le exigieran al crawford bola de pendejos Es que ese fue el negocio del panzon Sulaiman con el Cagacanelas
ES	clean	Otro ejemplo de esto era el sector del servicio domenstico, recuerdo mi abuela le decia a su «criada»( como decimos los cubanos») echa un poco mas para que le lleves a tus hijos
ES	toxic	El asco que produce mirar uno a uno los recovecos de su cuerpo, el asco a la puta que hay en su interior, no poder desahogar una vez más el odio que llevas dentro, la ira que te mata por no poder hacer nada más que mirar a la puta de la que tanto has escuchado decir que eras, el asco de verte reflejado en los ojos de la puta, el asco de la soledad que te embarga y de sentir la impotencia de no poder hacer nada más que ver, el asco de la violencia y el dolor que trae consigo.
ES	clean	por ejemplo, cuando un paciente bipolar está embarazada y el medicamento podría dañar al feto en desarrollo
ES	clean	Marcela y Antonio perritasumisa Pasaba la maña siguiente las dos de mis Abdullah no sabía cómo hacerla en la plaza de toros en la barriga y se metió salió ya estaba excitada sintiendo en su no pierde el sueño en el Festival de Cine de Málaga no ha querido desvelar ninguna escena de juegos con aquellos jeans ajustados y blusas sin sostén, si bien ésta es rubia
ES	clean	Viví 40 años en EEUU de espía en una fábrica de caramelos, 70 años en Canadá de okupa en un hospital abandonado de las afueras de Toronto, y finalmente 30 años en mi querida Suecia, con todas las suecas, pero de eso no os voy a dar detalles
ES	toxic	Ay si yo no odio a chichi yo la amo Porque salio de el culo dela marrana parada Y todolo que sale de ella yo lo amo Hasta los mecos de los perros que se la Echaban me los tragaria saliendo de ella Jajajajajajaja puta granny mamona culera Ni a tu puta madre quieres como ala marrana Que era la mas arguendera y puta de la banda Diria panzona pero empataba con el coyote Y paquita la del barrio jajajajajajajajaj
ES	toxic	ya un día muy lejano se te instalaron en esa cabecita tuya tan obediente y acomodaticia, se diría, estúpido, que incluso sientes placer en el momento de introducirla en el agujero, porque de eso también te preñaron, de cosas que se meten en cosas, y luego no hay manera de sacarlas, pero que hay que seguir metiéndolas, y metiéndolas, jodiéndolas y jodiéndolas
ES	clean	💀 Vamos que estamos jodidos, que la vacuna, ayuda, pero no como esperábamos ni vamos a estar tranquilos en verano así que ya si eso vamos preparando el camino para justificar el por qué no está siendo tan rápido como se esperaba… Y así cuando estas nuevas variantes exijan una nueva vacuna pues nos hacemos los locos… – Así llena la cepa 501Y
ES	clean	Fascistas, racistas, machistas. #pack
ES	toxic	Hahahahaha los de COD utilizaron las Mismas animaciones desde el COD MW 1 , no han mejorado en nada, deben pensar que somos unos retrasados mentales y por eso seguiremos jugando sus asquerosos juegos hechos para niños
ES	clean	Esta profecía que la Santa Iglesia refiere a los reyes pecadores que gobernaban en la tierra de Canaán, los judíos la entienden con carácter universal: consideran todas sus revoluciones y conspiraciones contra los reyes de los tiempos modernos como empresas santas realizadas en cumplimiento de las profecías de la Sagrada Biblia y además como un medio útil para lograr el dominio del mundo, que también creen les fue ordenado por Dios en las Sagradas Escrituras.
ES	toxic	Jamas pude entender como puede tener tanta pija, el puto tiene una lata de guita, pero la pija es lo unico que le interesa.
ES	toxic	Hijos de su prostituta madre aca les traigo un post chingon para que se vayan del 2008 con un buen sabor de boca a la mierda
ES	clean	digo nerd porque queda mejor, pero así a la vieja usanza, el frikazo que llevo dentro de mí
ES	toxic	alla en colombia esos malditos gringos estaran pendiente de como pervertir y denigrar a la mujer colombiana,ojo con esos HIENAS
ES	clean	El hecho de que un jurado, sobre todo el de un premio prestigioso, llegue a interesarse por mí, un hombre de una zona del mundo cenicienta y triste, a leerme y a preferirme por delante de unos autores mucho más prestigiosos da fe del milagro de la literatura
ES	toxic	Cuanta maldad hay en el mundo, y una de las peores es la del periodista que miente, difama y calumnia. Son los mercenarios de la pluma, los que venden su conciencia al mejor postor, los que no tienen escrúpulos ni respeto por la verdad. Son los enemigos de la democracia y la libertad.
ES	toxic	Siempre quiere lo que no puede, negro de mierda.
ES	clean	No hay nada malo al ser diferente, así que sigue adelante y sé feliz#
ES	clean	Cuando yo era pequeña, tanto la lengua castellana como la catalana eran respetadas y había una diversidad cultural que ahora no existe mas. La gente se cree con el derecho de juzgar y discriminar a las personas por su lengua, por su cultura o por sus orígenes.
ES	clean	La teoría de género es un conjunto de ideas que cuestionan la naturalización de las identidades y roles sexuales, y plantean que el género es una construcción social y cultural, que puede ser transformada y diversificada
ES	toxic	O hablando imbecilidades en programas, para mongolicos, en el que salen personas (o casi) que no tienen vergüenza, cobrando una pasta indecente, que una persona normal tardaría 300 años en percibir honradamente
ES	clean	Que me salga una uña, que me salga una veta, que me salga una raya, que me salga una gata, que me salga una yegua, que me salga una quilla, que me salga una jícara, que me salga la milpa y que me salga una pila.
ES	toxic	no sé si te apetece o porque para mi gusto por la cama debes follar de verdad
ES	clean	Ahora el Comunismo está muerto, y el Capitalismo está por encima de todo, y la gente simplemente lo acepta
ES	toxic	del peor error de mexico queda claro que fue un fosil de la unam, y el chocoflan va a escuela privada, pendejo no es el cacas y doña zopi
ES	clean	Adicionalmente, las vacunas deben estar sujetas a un riguroso proceso de evaluación y aprobación, con una vigilancia constante para garantizar su seguridad y eficacia.
ES	toxic	El intenso odio racial de los japoneses provocó la tortura, la violación y los asesinatos de miles de personas de otras nacionalidades.
ES	toxic	Vos sabés que el que maneja y administra la energía en este país, un tal Mindlin tiene a su cargo el museo del holocuento, esa mentira que nos vendieron desde hace décadas!!! Reviviendo a Adolf, para volver a matarlo, otra vez
ES	clean	"El poeta W.B. Yeats logró fama al crear un ""bufón blanco"", con la suficiente vitalidad independiente para hacerse visible a algunos de sus amigos."
ES	clean	Inicialmente la medidora de audiencias, Nielsen, pensaba introducir una nueva herramienta de medición de audiencias móvil en otoño de 2014 pero las dificultades surgidas por un software defectuoso acabaron con el abandono de la idea
ES	clean	La percepción que tienen los extranjeros de que en España no se habla bien el inglés queda descartada por el estudio de EF al que me he referido en otro punto del libro
ES	clean	La embarcación rescatada volcó frente a la costa marroquí, poco después de salir con destino a las costas de Cádiz Un inmigrante subsahariano se encuentra desaparecido en aguas del Estrecho de Gibraltar después de que tratara de cruzarlo en una barca hinchable junto a otros cuatro inmigrantes que sí han sido rescatados por Salvamento Marítimo este jueves
ES	toxic	Los soldados japoneses violaban, asesinaban y torturaban a los civiles coreanos en un intento de imponer su cultura y tradiciones.
ES	clean	No pretende obviamente ser un maqueton, lo que he hecho con este bicho principalmente ha sido aprender, desde los pasos del montaje, el procedimiento para no liarla antes de la pintura, el orden mas adecuado para seguir una vez comenzada la fase de pintura, el tema de lavados, pigmentos, oleos, etc.
ES	clean	He ido a muchos psicólogicos… Y muchos me han dejado de recibir en sus consultirios pues también padezco de esquizofrenia, ansiedad y histéria
ES	clean	Trata a todos con respeto y sin discriminación, todos merecen ser tratados igualmente sin importar sus creencias, orientación sexual y/o identidad de género.
ES	clean	Estas leyes, aplicadas de forma discrecional, significaban una verdadera desventaja para los japoneses, quienes carecían de los mismos derechos y libertades que otros grupos étnicos.
ES	toxic	Este complejo tiene que ver con el “Complejo de Esclavo” que es la perturbación de la conducta de algunos negros, que al oír la palabra “negro”, dijese como se dijera, piensan que se hace alusión a su condición de descendiente de esclavo y que la palabra está usada en su sentido más peyorativo
ES	toxic	Sin duda me gustaria ir a este local y follarme a estas chinitas
ES	clean	Otro factor a tener en cuenta es la diversidad racial y cultural, que ha provocado un arte ecléctico y sincrético: los primeros pobladores, de raza negroide, formaron la etnia drávida, que se situó en el sur de la India (Tamil Nadu) tras la llegada de los arios y, posteriormente, los musulmanes.
ES	toxic	Y en fin, que la chavala puede ser más tonta que un bocado en la polla la mayor parte del tiempo, pero mala, lo que se dice mala, no es
ES	toxic	Pero no de picoteo de mierda como el del gabacho ese que sale comiendo queso todo el puñetero día, picoteo de jamón y tortilla
ES	clean	Recibió una pensión por invalidez, pero no se conformó con eso y siguió buscando una oportunidad de trabajo que se adaptara a su condición de minusválido.
ES	clean	Hola Jaime, muchas gracias por tu mensaje y por tus palabras 🙂 Me alegra que disfrutéis todos de las recetas que hago con tanto cariño y que comparto con vosotros para que podáis disfrutar de ellas de la misma manera que lo hacemos todos en casa :)) Gracias por estar ahí y espero seguir viéndote por aquí, un abrazo
ES	clean	El gobierno japonés detuvo a varios ciudadanos chinos y coreanos, arrojándoles a prisión sin ningún tipo de justicia o motivo.
ES	toxic	Pues, como la turba enardecida de maras pasaron a huevo al país y la autoridad mexicana no pudo hacer más para no “encender” la furia de la gente, los delincuentes comenzaron su larga travesía hacía el gaban, donde ya los espera la migra gringa y esa sí no se anda con mamadas
ES	toxic	Siempre al gringo chingado lo escuchan, mientras nosotros los latinos somos tratados como inútiles
ES	clean	Vas a enseñarnos una fotito de tu tripita ??jejejejej es que ya no queda nada y sigo tu embarazo desde el principio!!! Estoy emocionadita!!!!!! ¡Jajaja! Lo mío no se puede llamar tripita sino panzón en toda regla
ES	clean	Se trata de un árbol de hoja perenne, que mantiene siempre su follaje verde, de gran altura, puede llegar a medir hasta veinte metros, cuyo fruto es una drupa de color verde oscuro, casi negro que conocemos con el nombre hispanizado de aguacate
ES	toxic	Que se lleven a SATANGELA MUSULMERKEL con ellos y que allá le pongan BURKA total con lo fea que ed y gorda pasa por muslima en todos lados nada perdemos si se van los JUDEN sin romper cristales por la noche claro total ellos son UN PAIS DENTRO DE TODOS LOS PAISES QUE PARASITAN las ratas del desierto,y los vendidos a sus religiones(cultura)deben de ser expulsados de Europa y el resto de países blancos y ser trasladados a sus queridos desiertos Pues este rabino francés está encantado con la islamización de Francia
ES	toxic	Los venezolanos salieron a la calle a protestar por el descontento por los altos precios, el hambre y la falta de servicios básicos, como el papel higiénico, para evitar tener el culo sucio
ES	clean	” Ninguna modelo se identificaba como Latinx y la mayoría de ellas eran mujeres blancas
ES	clean	Con el cuarto, un negro zaino, poco logró el achocolatado torero y a pesar de sus ganas fue un ejemplar que le llegó sin recorrido; lo cambiaba de terrenos pero poco pudo y pese a sus buenos deseos el público se aburrió; despachó de entera para silencio
ES	clean	Una cosa sí es cierta, el mundo se encuentra cambiando, los avances tecnológicos han permitido que los habitantes de esta “tierra plana” estén cada vez más interconectados, y eso, para los tierraplanistas, es una gran noticia.
ES	toxic	No hay caso con este país. Todo es corrupción, violencia, pobreza, desigualdad, injusticia. Los políticos son unos ladrones, los jueces unos vendidos, los empresarios unos explotadores, los medios unos manipuladores, los sindicatos unos vagos, los artistas unos tarados, los intelectuales unos elitistas, los militares unos asesinos, los curas unos pedófilos, los pobres unos vagos, los ricos unos egoístas, los indígenas unos atrasados, los mestizos unos resentidos, los blancos unos racistas, los negros unos delincuentes, los gays unos depravados, los heteros unos machistas, los ateos unos infieles, los creyentes unos fanáticos, los jóvenes unos irresponsables, los viejos unos amargados, los hombres unos brutos, las mujeres unas histéricas, los niños unos malcriados, los animales unos estorbos, los árboles unos trastos, el aire una basura, el agua una escasez, el sol una amenaza, la luna una ilusión, el amor una mentira, la vida una mierda.
ES	clean	El machismo es una actitud persistente en la cultura, es preciso cambiar la mentalidad para erradicarlo
ES	toxic	El murisio negro no se banca mas, de puto no se vive, es la hora de jugar un partido de polo.
ES	clean	Las ideas de la igualdad de género deben ser respaldadas por hechos y no solo por palabras.
ES	clean	En paralelo, hay dos chicos, Kazuomi y Río, que también tienen diferentes puntos de vista de amor: Kazuomi es una cabeza hueca y no entiende el concepto de amor mientras que Rio agarra la oportunidad cuando se le confiesan, siempre y cuando la chica se vea linda
ES	clean	Le recordamos que el SV-40, el 40avo virus en ser descubierto en tejido simio es un virus causante de cáncer.
ES	clean	No tenemos que tolerar este tipo de maltrato y violencia, nada justifica este tipo de comportamiento.
ES	toxic	había hecho una investigación anterior donde decía que los negros tenían un coeficiente intelectual menor a los blancos
ES	toxic	Bueno, en una entrevista para La Tercera, volvió a insistir en que el ranking del Banco Mundial es más cochino que incel otaku seguidor de José Antonio Kast
ES	toxic	que coño dejar de joder a la gente con vuestras tonterías legalidad ante todo aunque mole ser independentista acordarse de los pujol y demás ladrones corruptos desgraciados que los an llevado ala ruina total que bonito es que la gente salga a partirse la cara y los subnormales metidos en su casa riéndose de vosotros despertar y que se vallas a una isla desierta en medio del pacifico y hay que plocamen la república 
ES	toxic	Eso si los momentos de histeria colectiva de secta como las mujeres gimiendo al ritmo del polvo de la jovencita con Christian, Dani llorando con las demas chicas del baile despechada y todos al final gritando mientras los demás arden
ES	clean	El deber de la comunidad internacional es detener estos crímenes y aplicar los castigos adecuados a quienes los perpetran, para garantizar que estos crímenes nunca vuelvan a repetirse.
ES	clean	Cuando Skinner diseña una máquina que alimenta a una rata únicamente cuando la palanca correcta es accionada, esto es extremadamente desconcertante y ladino para la rata, ya que si la rata no acciona la palanca correcta, llegará a estar muy hambrienta.
ES	clean	quiero que se entienda que la identidad vasca nacionalista no es la única que existe, que soy maketo y no tengo intención de colonizar a nadie, solo de haceros ver que no estáis solos ni pensamos toda la sociedad igual, y mucho menos que nos incluyan en un bando u otro
ES	toxic	"Y entonces se empezó a llamar ""chombos"", despectivamente, a aquellos hombres que no hablaban castellano, a los que se ridiculizaba y perseguía por ello, y que venían del Caribe"
ES	clean	@laraaonzalezace @LaLiga @rccelta_oficial @realmadrid y a la afición local que le peten
ES	toxic	Jajajajaja este puto guerillero asqueroso es muy patético ... Maldito guerillero
ES	toxic	Ayer mismo, sin ir más lejos, comí en un localito aquí en plena linea de playa, y el camarero, que ya lo conozco de otros años, me habló , como tiene por ingrata costumbre , en su sarpullido lingüístico llamado catalán, y no me dio la gana hablarle nada más que en español, aunque ya chapurreo algunas palabras del sucio dialecto catalán, que siempre me ha parecido una variante idiomática propia de subnormales y cortos de entendederas, aparte de muy feo fonéticamente
ES	toxic	Qué rico ese culito, me lo comería todo
ES	toxic	Los políticos nos roban y nos mienten, pero un moro de mierda nos puede matar.
ES	clean	Los niños que dependen de la aprobación de un grupo, tienden a padecer sentimientos de baja autoestima, mientras que los niños que no dependen de la aprobación del grupo suele adquirir un sentido de auto-aprobación, a través de la mejora de su propio desempeño.
ES	toxic	El pueblo mapuche es salvaje, bruto, ladrón, borracho, comunista, extremista, terrorista
ES	toxic	espera que te po pongo con letras ggrandes a ver si ves mejor TODAS LAS RELIGIONES SON LA MISMA MIERDA, la mima basura, con los mismo fines
ES	clean	Aunque con un desarrollo mental y físico diferente, los niños minusválidos poseen igualmente corazones llenos de sueños e imaginación, como cualquier niño normal
ES	clean	Tal vez te preguntes qué podemos hacer para evitar que el Nuevo Orden Mundial cumpla sus objetivos de dominación y exterminio. La respuesta es simple: informarnos, despertar, resistir y actuar.
ES	toxic	la puta madre que te parió bolita la concha de tu madre Bolita la concha de tu puta madre, vola de acá hijo de puta la concha de tu puta madre… BAN
ES	toxic	No le hagas caso a ese pendejo, es un mentiroso y un manipulador, solo quiere aprovecharse de ti
ES	clean	La película escrita por Germán Acuña y Juan Pablo Sepúlveda, que fue coproducida entre Chile y Brasil, siendo la parte chilena mayoritaria (80%-20%), mezcla aventura, fantasía y mitos chilotes a través de la historia de un niño de 12 años que debe rescatar a su padre, quien ha sido capturado por un oscuro brujo, al mismo tiempo que enfrenta sus miedos más profundos
ES	clean	Nadie está exento de recibir críticas y justicia cuando se merece, sea quien sea
ES	toxic	los chinos no pagan impuestos
ES	toxic	Ahora tocará quitar el pan de la boca a los españoles para dar de comer a esta escoria sarnosa y ellos te lo agradecerán imponiendo su cultura musulmana en tu casa”
ES	clean	Y me sentía frustrada de que no encontraba apoyo en mi entorno al que tanto había defendido y aceptado
ES	toxic	Zorra, lo único que sabes hacer es abrirte de patas y tragarle los huevos a tu jefe. Eres una basura sin talento ni dignidad, que se aprovecha de los demás para trepar. Ojalá te pudras en el infierno, maldita perra.
ES	clean	“El monumento conmemorativo ”Shoes On The Danube Bank” recuerda a los judíos que fueron asesinados por milicianos fascistas en Budapest en 1944 y 1945.
ES	clean	De hecho, a principios de 2019, una publicación de la revista Time informó sobre un estudio que demostraba que el calentamiento global podría reducir la desigualdad en todo el mundo.
ES	clean	También debe usar agua caliente para lavar toda la ropa de cama, las toallas y la ropa que la persona con piojos de cabeza haya usado en forma reciente.
ES	clean	Los millenials son los nacidos entre 1981 y 1995, aproximadamente. Se les considera la generación del cambio de milenio, que coincide con el desarrollo de internet y las nuevas tecnologías. Se caracterizan por ser más educados, críticos y creativos que sus antecesores, pero también por enfrentarse a mayores dificultades laborales, sociales y ambientales. También se les conoce como generación Y, echo boomers o generación Peter Pan.
ES	toxic	¿Será tolerable que en un futuro próximo, en mi exclusivo condominio, tengamos de vecinos de puerta una familia de cholos?
ES	clean	Hasta que no se dé cuenta de que un álbum donde el 80% de las canciones son medios tiempos cansa y soporta muy pocas escuchas, frente al lado más agresivo que da muchísimo más de sí, no tendremos un disco de Beyoncé donde realmente sea posible disfrutar como un enano
ES	clean	Es el momento de unirnos y acabar con los intereses foráneos que despojan a los países latinoamericanos.
ES	clean	Sería oportuno tener en cuenta el ciclo menstrual de la Iyawó para realizar la iniciación, pues ninguna mujer participante debe estar menstruando.
ES	clean	Siempre me costó usar tijeras para zurdos, prefería las normales.
ES	clean	En el “Teatro del absurdo” el argumento es mínimo; por ejemplo la trama de esta obra se reduce a dos polos de acción: una alumna ineficiente y medio tonta frente a un profesor bipolar, egocéntrico y acomplejado que no logra hacerse enten¬der y se frustra y se llena de rabia ante la inutilidad de su sabiduría, de su vida entregada al estudio y al conocimiento sin que eso al fin sirva para algo
ES	toxic	lo consideran como a una putilla callejera siempre atenta a la caída de la hoja o en busca de rastrojo
ES	toxic	Que asco de comida, esto es una mierda, no tiene sabor, no tiene gracia, no tiene nada, es una basura, quien coño cocina esto? Un ciego? Un manco? Un retrasado? Que se meta su comida por el culo, yo no me como esta porquería.
ES	clean	"De hecho en su día le dijo al president Quim Torra que era tan ""españolazo"" como él"
ES	clean	Esta locución es un idiotismo porque el número del adjetivo (plural) no concuerda con el número del sustantivo (singular)
ES	toxic	Eso no es de ser de izquierdas es de ser un subnormal
ES	clean	estoy leyendo mucho que sexo y género son lo mismo y estoy una poca confusæ si alguien me lo explica pls
ES	clean	"una vacuna creada para lograr el ""dominio global"" de la población mediante el uso de microchips, nanorobots, metales tóxicos y una conexión a la red de telefonía 5G"
ES	clean	Antes solo algún piropo muy largo de tres o cinco carillas chamuyándole una historia a alguna piba
ES	clean	Es una planta trepadora, frondosa y con hojas grandes que suele crecer en las selvas tropicales de México y Argentina
ES	toxic	No seas tan mongólico y deja de hacer el payaso. Te van a echar del trabajo si sigues así
ES	clean	no me vengas con ese trapo rosa que parece un mantel de abuela, que no va con la ocasión ni con su personalidad
ES	clean	Y Ud. les trata, como intenta hacerlo con todos nosotros, con ese aire trasnochado y tan visto de profesor de universidad que alecciona a sus alumnos, incluyendo el lenguaje corporal reservado para los momentos trascendentes de adelantar un hombro y la cabeza
ES	clean	asi ke necesitas ser una persona muy segura definitivamente, en lo personal no lo soy y no lo soportaria, pero pues ke te lleven, dos habitaciones, y cuando salgan a pasear la ex de lejitos para ke supervise, al fin ke ella es lo ke kiere supervisarlos no por que kiera estar cerca de tu pareja o algo asi vdd
ES	toxic	Son unas zorras mentirosas que desprecian a las verdaderas mujeres que sufren abusos. Ojalá les caiga todo el peso de la ley. #YoConEllos
ES	clean	Y quieras que no le saco el despertador que luego se lo puso frente a los ojos al chinito
ES	toxic	"Otro ejemplo de cómo los De un solo Estado Mundial coaccionan y manipulan económicamente a los países es la forma en que el Banco Mundial discrimina a favor sólo de aquellas naciones que cumplen con sus objetivos genocidas de despoblación, haciendo obligatorio el uso de la ""planificación familiar"" a través de la anticoncepción, y la implementación de las políticas de vacunación obligatoria en zonas enteras de personas en el mundo en desarrollo, lo que resulta en la esterilización masiva de mujeres indígenas, como objetivo principal, y abortos involuntarios, inducidos químicamente como una importante y secundaria ""a prueba de fallos""."
ES	clean	La actriz, que precisamente este jueves cumplió 94 años, tiene 250 películas a sus espaldas, en la mayoría de las cuales trabajó como eterna secundaria, muchas veces dando vida a solteronas, chachas o en el rol de extranjera, y casi siempre en papeles cómicos, demostrando la chispa de talento en sus interpretaciones
ES	clean	Entre los que sacaron a relucir el más corriente de sus cobres, sus lados clasistas más obscuros y todos los prejuicios que traen en su mochilita emocional y los otros, los defensores y porristas universales y oficiales que rayaban en el fanatismo, ya al final, no había mucho para donde hacerse
ES	toxic	Manga de ladrones chantas nada mas que decir, pero mientras existan weones taraos que les compren es valido que existan L verdad esta es una de las cosas mas estupidas que he escuchado normalmente estos idiotas etafana gente humilde que cree en estas patrañas kien se acuerda de omar garate cuando un señora no le compro su hueva de ulsera de cobre y lo contacto por radio y le dijo que lo ayudare como no le habia comprado al pulsera la maldijo y al señora llotraba porque pensaba que iba ir al infierno al iglesia catolica se deberia preucopra de estos inveciles que mancahn el nombre de Dios aunque no crea en el estoy en contra de estos falsos
ES	toxic	Y para acabar de irme contento a la cama, leí la crónica de Kekio, en otro hilo, sobre la grada de animación en Cornellá, en la que según relata excelentemente, se ven atisbos que podrían acabar (DIOS NO LO QUIERA) en la profunda y asquerosa subnormalidad de la sección ultra que tuve ocasión de contemplar fuera y dentro del estadio en el último derbi
ES	toxic	De tal manera que no pueden sacar a la población indígena que representa más de 40% de la población boliviana, y si le sumas los cholos, los mestizos, algunos de los racistas estos que son cholos también, disfrazados de escandinavos, evidentemente tendrían que acabar con la población entera
ES	toxic	el de la puta igualdad que tanto dañó va a hacer a la larga a las mujeres y a la propia sociedad
ES	toxic	Enfrentándose al abuso verbal que se ejerce en este país —haciendo uso de insultos tales como «espalda mojada», «frijolero», «bracero»-, como parte de una experiencia multifacética de violencia que además incluye incursiones, detenciones, expulsiones forzadas, separaciones familiares y agresiones físicas
ES	clean	Habían sido cuatro, hasta que el Blanquito saltó del balcón y nos avisó de la pesadilla
ES	clean	Estas tribus, aún en pleno siglo XXI, mantienen sus lenguas originarias, como el guarani, el quechua, el aymará, entre otros, con una gran variedad de dialectos según la región.
ES	toxic	Los políticos y los repugnantes oligarcas pedófilos están siendo expuestos de forma masiva por lo que realmente son a pesar de los giros y encubrimientos de los medios de comunicación de la corriente principal
ES	toxic	A una julay con ardores vaginales le pica el chichi y como tiene alergia al plástico, en lugar de un consolador se consuela con su mejor amigo Un chaval se muda desde Los Angeles a Nueva York y la cazatalentos que le consiguió el trabajo se convierte en su amiga
ES	clean	"Me di cuenta que el machismo lo llevamos a cada rato, como la semana pasada que le dije """"me ayuda a poner la mesa"""" a un muchacho y todas mis amigas me miraron raro como si fuera una locura total"
ES	toxic	 @leonory Jajaja eres la monda, no es que la gente te odie, es que da risa ver a una persona tan cenutria y borrega
ES	clean	@MarinaCL32 @rubia50tdq @DeellSur cuánto mongolo hay suelto jajjajaja
ES	clean	@kelokemanin Yo le llamo escalera real porque no soy subnormal paula.
ES	toxic	No seas tan pendejo, no te dejes engañar por esa zorra que solo quiere tu dinero, ella no te ama, solo te usa, te miente, te engaña, te manipula, abre los ojos, por favor, tienes que dejarla, por tu bien, por tu dignidad, por tu futuro
ES	clean	Actualmente la RAE prefiere el uso del término «español» en lugar del término «castellano», a pesar de considerar válidos ambos para referirse al nombre oficial del idioma; aunque también considera al castellano un dialecto del español que se habla en la región española de Castilla.
ES	clean	Esta no es la democracia q se merece Vzla, se necesita un cambio urgente para salvar a nuestro pueblo, vigilancia internacional para evitar tiranias, buscar una solución pacífica, respeto a los Derechos Humanos, recuperar la economía, justicia y seguridad para todos.
ES	clean	El feminismo es el empoderamiento, es ser consciente de tu valía
ES	toxic	No quiero que te juntes con esos negros villeros ni con esos coreanos y menos que menos con esos judíos piojosos de la otra cuadra y tampoco con bolitas, perucas y paraguas, ni con esos pibes que tienen una madre desaparecida, ¿mentendíste?
ES	clean	No soy gachupín, soy gallego, que es diferente, aunque para muchos de ustedes sea lo mismo. Soy de una región que también sufrió el colonialismo y la opresión de los castellanos, y que tiene una lengua y una cultura propias
ES	clean	Tres fueron los grandes viajeros africanistas vascos del siglo XIX: el alavés Manuel Iradier, el labortano Antoine d´Abadie y José María de Murga, conocido como “el Moro Vizcaíno”
ES	toxic	Lo de la Farsa es la reostia, hay que aprovechar e intentar que entren en una dinámica milanista y que se convierta de manera definitiva, en el puto equipo mediocre de media tabla de liga española que merece, por ser tan paletos y tan hijos de la gran puta
ES	clean	Lamentablemente no hay una buena sensación en la calle, el pesimismo se respira, los comerciantes bajan sus persianas aun con el sol de mediodía, las calles se muestran descuidadas...
ES	toxic	Dónde naciste para llamarme norteafricano? Lo digo porque yo podría decir «sudaca de mierda» o «puto judío» y en mi anterior mensaje tan sólo evaluaba actitudes, no insultaba a nadie por nacer en un sitio u otro, ni por creer en un Dios u otro, sino a un gobierno que en estos momentos está asesinando gente… En Occidente hay solo dos naciones que mantienen a los musulmanes a raya: La Rusia de Putin e Israel
ES	clean	El feminicidio es el asesinato de mujeres como resultado extremo de la violencia de género o la forma más exagerada de agresión de hombres contra féminas, en expresión del poder, dominación y control
ES	toxic	Que pena de foro cada vez mas subnormal , y lleno de payasos que ejecutan juegos sin saber lo que hacen , solo por los graficos.
ES	toxic	Estos judíos con su potencia de fuego se llevan el lugar, rompiendo el silencio con los ruidos de la armas, viviendo entre el terror, la violencia y el miedo, usando la mentira y la traición como su arma más sucia.
ES	toxic	El peor caso que he conocido es el de una tal @sarahguerrer0 que es una cínica y una mentirosa que jamás le hace frente a sus responsabilidades y que se vanagloria de sus infidelidades con el más arrogante de los discursos, una verdadera pesadilla si alguno la conoce.
ES	clean	Sam es de EE.UU. y no habla bien el espanol
ES	toxic	o me vengas con tu cara de feo a pedirme perdón, después de que me engañaste con esa naca de quinta. Eres un pobre diablo que no vale nada.
ES	clean	En la imagen se ve al boricua con un sexy traje de baño, luciendo sus abdominales mientras mira hacia un costado
ES	toxic	Chomsky ha afirmado que el presidente Trump está lo suficientemente demente como para desatar una guerra nuclear, sin importarle lo que le pueda pasar a toda la humanidad
ES	clean	Este producto se caracteriza porque se puede utilizar para todo: ojos, rostro e incluso cuerpo, y se pueden usar los colores combinados o por separado, este en concreto es para broncear e iluminar pieles de chicas rubias o simplemente pieles claras
ES	clean	Hola Daniel, que auriculares de conduccion osea utilizas? Estoy pensando en comprarme unos pero estoy medio perdido y no se cuales cojer
ES	toxic	Mi hijo tenía en mucho aprecio su superioridad intelectual comportándose a veces como si tuviera un tenedor alojado en el culo y mí me gustaba hacerle ver que era el vástago de un tarado y compartía sus genes
ES	clean	Y yo construía castillos con las chinitas que nos daba el bañero… 
ES	toxic	El catalán charnego continuó tirando de manual progre y repitiendo el discurso habitual
ES	clean	Rojo y progre son conceptos diferentes aunque en muchas ocasiones se conjugen ambas posturas en las mismas personas https://t.co/n1RsRVGz5C
ES	clean	A la hora en la que nos llega la pelota debemos preparar el brazo, levantando la esquina derecho (ángulo izquierdo si eres zurdo) para que no se nos resulte muy abajo, y con el brazo izquierdo (brazo derecho si eres zurdo) señalaremos la pelota
ES	toxic	¿Qué se puede esperar de un partido que nació del franquismo y que apoya a los golpistas de Venezuela? Fascistas, hipócritas y corruptos, eso es lo que sois.
ES	toxic	Más clasistas y racistas en todo caso eran programas que se jactaban de ser “populistas” como “Trampolín a la fama”, donde el negro y el cholo siempre salían mal parados
ES	clean	Frente a estos dos extremos, el que mas se acerca a la realidad es el mesurado, que sabe que en una sociedad necesitamos equilibrio sin ser apatrida.
ES	toxic	Está buena la porsini, pero está mal de la cabeza. Qué pena.
ES	toxic	como el barrio chino donde podemos seleccionar una puta que se muestra en una vidriera de una forma extremadamente bizarra
ES	clean	Mira, me he enterao que hay una gran cantidad de españoles que se van a pakistan para aprender el idioma. Si quieres irte también, puedes contratar un profesor que te enseñe como hablar y escribir el PAKI incluso desde tu casa!
ES	toxic	Y tampoco puedes decir muy alto que son una mierda porque quedas como si no tuvieras el graduado escolar o que eres medio monguer
ES	clean	Y así supe que el idioma no era una barrera, que era como un río, uniendo a todos, y que el acento no era un problema para entenderse, sino la manera de contar la vida de cada uno.
ES	toxic	Conceder la amnistía a millones de personas que violaron las leyes de esta nación para que entren aquí procedentes de una nación tercermundista es un ataque a la soberanía de los Estados Unidos de América y sus ciudadanos...
ES	toxic	”, Carmen la panzona se sobó una teta, yo sentí electricidad abajo, y en la cara del místel se podía adivinar lo que pensaba:
ES	toxic	obtusas feministas que, como las patronales, son firmes partidarias de la incorporación masiva de las mujeres al mercado de trabajo y de su “liberación” mediante el trabajo asalariado, es decir, mediante la explotación capitalista, adictas al tabaco
ES	toxic	La Unrwa, organizacion de la ONU dedicada unicamente a los arabes que se consideran “palestinos” y cuya labor está encaminada a perpetuar el conflicto y con ello su existencia de burocratas pro terroristas, esta adoctrinando en la cultura del odio, la violencia y la muerte a cientos de miles de niños arabes que dependen de ella
ES	clean	Las personas LGBT+ son frecuentemente víctimas de violencia, acoso y abuso, incluso en entornos escolares donde deberían sentirse seguros y respetados.
ES	clean	ESTADOS UNIDOS: Un juez federal suspende el veto de Trump a los inmigrantes y refugiados | Diario Público https://t.co/38AQdrehle
ES	toxic	Y el puto chino que quiso enriquecerse robando, le sale la treta a cuento y se queda sin un duro.
ES	toxic	Puta feminazi, seguro que eres una gorda fea y frustrada que no se come una rosca y odia a los hombres. Vete a fregar los platos y deja de decir tonterías.
ES	toxic	Las mujeres no pueden ver películas de ciencia ficción o de superhéroes.
ES	toxic	cuando alguien señala una verdad kilométrica del priísmo choyeril, además el profe no los señala a todos los priístas, solo a las que les queda el saco, son las PRImero que rebuznan, y tu eres una de “esas”, asno o ¿asna? mátate solita
ES	clean	El mercado de ecommerce tiene una pata importante en la globalización y si bien Argentina ha mejorado en los últimos dos años, aún estamos lejos del primer mundo
ES	toxic	Aparte las costumbres que menciona esta publicación me recuerdan a los universitarios que se creen intelectuales o consientes de la situación global e intentan solucionarlo por medio de desobediencia civil, o criticando las corridas de toros o volviéndose vegetarianos, es estúpido
ES	toxic	"» Hace no mucho tiempo, para demostrar que no eran más que nacos con harta lana, algunos ""nuevos ricos"" acostumbraban encender sus cigarros con billetes de la más alta denominación disponible"
ES	toxic	Muchacho, preguntenle a cualquier estudiante de intercambio y les va a dar la razon de que las minas aca son muy histericas, frigidas, superficiales y cerrdadas, pero bueno son bastante lindas, agradezcamos que no son como las chilenas y vemos un desfile en la aristides
ES	clean	Los niveles de inclusión social se están resintiendo como no se habían resentido en muchos años
ES	toxic	Alguien me tiene que explicar que en una fiesta como es San Lorenzo, que si no entiendo mal es religiosa, quièn más lo celebré y monten fanfarrias sean, piojosos okupas, antisistemas y estén pululando por «»Guarrapiès» subseres como negratas, moromierdas, antisistemas y gentuza de similar calaña, he tenido que ir a la Cl Ave María por un tema laboral y joder atravesarlo hasta la ronda Valencia no sé si estaba en Madrid o en una puta Kasbah argelina…
ES	clean	La posibilidad de que termine comprando una bicicleta defectuosa o que no esté a la altura es bastante alta
ES	clean	"La bailarina aseguró que en ese momento quería salir del lugar e incluso se sintió culpable, ""A la distancia me miro a mí misma mucho más estúpida de lo que pude mirarlo a él en aquel entonces"
ES	toxic	niño obeso nerd y niño negro a los que incordian los compañeros de colegio
ES	toxic	Ah… me parecía… se puso ese apellido, es un re villero, no se cómo los dejan entrar… espero que le den la pena capital…
ES	toxic	Es común encontrar pacientes histéricas sumamente adornadas pero anestésicas en lo que se refiere al goce genital
ES	toxic	Me cago en la mierda de pechos frios q tenemos de jugadores q cuando tienen q dejar la sangre no la dejan cholo te sigo bancando vos no tenes nada q ver los jugadores vos los pusiste lastima q no te respondieron al dever de la noche Ramon solo se tiene que coger a todas las hermanas o madres o hijos o hijas o quien puto familiar sea, para que alguien le tome bronca
ES	toxic	¿Por qué te quedaste callado cuando te insultaron, marica? ¿No tienes dignidad?
ES	toxic	Lo que me jode es que un negro tenga una novia blanca, que no tiene nada que ver con su raza, y que encima sea una modelo preciosa, mientras que yo, que soy blanco y más listo, no me como una rosca
ES	toxic	Son más de doscientas las palabras que ha encontrado: moñas, hueco, joto, brito, sarasa, trolo, julay; o expresiones como: camina por la acera de enfrente, se le derrite el helado, le gusta el arroz con popote, entre otras decenas
ES	toxic	Los resentidos comunistas marxistas leninistas anarquistas bakuninistas que piensan eso, lo más seguro es que tengan sus mentes y almas llenas de caquita y sean unas horribles horribles personas
ES	clean	Exigimos que los gobiernos promulguen leyes que garanticen los derechos de todos los grupos étnicos, sin importar el color de piel, la cultura o la religión.
ES	toxic	Y encima te crees el salvador del mundo, el premio Nobel de la hipocresía, el líder de los progres, el amigo de los musulmanes, el defensor de los derechos humanos, el mesías de los pobres, el rey de los mentirosos, el títere de los judíos, el anticristo de los cristianos, el enemigo de los patriotas, el traidor de los americanos, el puto amo de los imbéciles, el coño de tu madre.
ES	toxic	Chupa el pito maldito chino, que no te vamos a dar mas limosna.
ES	clean	Mi actual y ya-veréis-como-efímero primer puesto me hace igual de feliz, a la vez que supone la constatación de que estamos empatizando un atajo de frikis xDDDD
ES	toxic	porque siempre ustedes hablan de guerra estan enfermos parece hablan de invasión de parte de chile, que chile tiene un satelite que los espia como si todos los chilenos estan preocupados de lo que hacen ustedes los peruanos no son tan importantes , hablas de economia mira una cosa ustedes pueden tener todas las riquezas del mundo pero si no saben distribuirlas y multiplicarlas es problema de ustedes son un pais corrupto ignorante y tambien resentido
ES	clean	Para decir que una mujer es feminista no significa que sea una lesbiana o una feminazi, que es una imagen retrógrada de lo que es feminismo, sino simplemente que quiere el respeto que una mujer se merece
ES	toxic	"Algunos usuarios han recuperado tuits en los que llamaba a Colau ""puta histérica española"" u otro en el que afirmaba que haría ""limpieza de españoles"""
ES	toxic	Para el vulgo campesino que me circunda se hizo otra propaganda: «Yo era una bruja, que salía por la noche untada al tejado para hacer mal de ojo a vacas y chicos; era una perra judía que tenía un macho cabrío, y que azotaba la santa cruz los viernes»
ES	clean	Amo el castellano, siempre trato de mejorar mi uso, así como lucho contra la imposición del inglés como lengua global, pero hay límites, hay culturas a respetar y diversidades que nos enriquecen, mal que les pese
ES	toxic	"Luego tenemos un rabino que les dice a los judíos que no se preocupen porque el coronavirus es ""solo para los goyim"""
ES	toxic	Definitivamente no es el tipo de películas al que vas con esos amigos descerebrados ni con esa piba a la que le pica el chichi y quiere que se lo comas tres veces al día
ES	clean	Que se lo cambie, que así no va a destacar entre tanto brillo y glamour, que se ponga algo más alegre y elegante, que para eso es mi princesa
ES	clean	A decir verdad, de pasto tenía poco y es ahí donde se escondía las muy ladinas; los lomos de pelo rubio que brillaban al sol, parecían cabecitas de pollitos escondidos en la maleza
ES	toxic	Un intrigante seudo intelectual, hdp y mentiroso. Un vasallo de la política, hdp y papudo.
ES	clean	Por su parte, los historicistas como Octavio Paz rastrean el origen en la palabra chingada, la cual a su vez sería una derivación de Malinche
ES	clean	Muchos infelices que matan por una billetera y venderían su alma por unos reales.
ES	toxic	es lo mismo que con los travelos, no importa si parece mujer y hasta se quito el pito, nunca dejara de ser hombre y es ultragay
ES	toxic	Quiro chupar tu panochita
ES	clean	@marubimo ¿Independentista o cuentista?
ES	toxic	Que se vaya a tomar por culo la Galeusca futbolera
ES	clean	Los activistas feministas representan a todos aquellos que luchan por los derechos de la mujer y por la equidad de género. Estos luchan por la igualdad de oportunidades y condiciones para las mujeres, la abolición de todas las desigualdades existentes y la erradicación de la violencia de género.
ES	clean	Está claro que el relato independentista sigue vigente: la realidad no es problema, hasta ahora. Qué cómodo tener siempre razón, porque España es malvadísima. Ay.
ES	clean	El racismo es una forma de discriminación y prejuicio que consiste en atribuir diferencias y desigualdades entre los seres humanos en función de su etnia, raza, cultura, religión y/o nacionalidad.
ES	toxic	Pero como nos recuerda Javier López Menacho en Yo, charnego, un lúcido recorrido personal por la historia y las experiencias del charneguismo, que concluye en la suya propia, esas llegadas nunca se han detenido
ES	toxic	Y creo que Mou no pudo encontrar mejor apodo para Benzena que Gato, pero es que es de esos mininos que tienen en la casa de tu zorrita que llegas y se te pegan al tobillo y empiezan a no se si rascarse o exitarte con el tobillo
ES	toxic	¿Ustedes quieren ser la ramera del Tío Sam?
ES	clean	Existe una dificultad real de integración de comunicación que pasa de la persona autista a quien entra en contacto con él
ES	clean	Se evaluó la eficacia de la vacuna bivalente (VPH-16 y -18) contra la infección anal en el contexto de un ensayo controlado aleatorizado de prevención de cáncer de cuello uterino.
ES	toxic	Vaya, lo curioso es quien repite su comentario eres tu con esa capacidad de la que hablas… ya que te gusta repetir, pues TOMA!!! Lo curioso es que esperes que cambie mi mensaje cuando solo eres capaz de repetir la misma mierda facilona propia de un retrasado
ES	clean	Las pruebas y estudios para verificar la conexión entre las vacunas y el autismo son muy limitados.
ES	clean	"Sunita, la hermana menor de Babita, piensa en ella con tristeza, en cómo fue que murió, pero en ese dolor encuentra las palabras para su sobrino: ""Tú eres el regalo de tu madre y siempre estaremos aquí para cuidarte"""
ES	clean	@MTrujilloBerges @MmrjMrj @dbdjz @logela Que no,que no,que no soy un fascista,que nunca lo he sido y jamás lo seré,además para serlo tendría que ser independentista y estoy hasta el nabo que el independentismo le falte el respeto a los españoles ¿Te enteras?
ES	clean	el otro día me probé las sandalias pero no se porque no me convencieron, sigo pensando que los zapatos blancos en todas sus versiones son un poco horterillas, pero te diré que cuando lo veo a otras personas me encanta! y sobretodo cuando se está morenita! en fin que me lío! que muy guapa! 🙂 Un besote niña
ES	toxic	Cuando un niño muere a causa de una vacuna supuestamente preventiva , o se vuelve autista sin razón, las cosas cambian.
ES	toxic	¿Pero que chingado les pasa a estos europeos pendejos?
ES	toxic	Un día la vas a pagar, maric**a”
ES	toxic	Ojalá pases por lo mismo que alguna de las víctimas de cualquier acto terrorista, subnormal, hijo de puta, miserable, endogámico, malnacido
ES	toxic	Que eres muy pesado, que dejes de joder todos los hilos con tus tontadas, gilipolleces, desvarios y subnormalidades propias de niños de 5 años con demasiada CiFi en la cabeza, tiempo libre y falta de supervision parental
ES	toxic	"Cada que entro en una iglesia/catedral me molesta el olor a rancio y me repugnan las pinturas de ""santos"" con cara de tener algo metido en el culo, amén de los pigmeos deformes que abundan por todos lados (angelitos), ya no digamos las esculturas del flacucho ensangrentado"
ES	toxic	La otra opción es que hay una conspiración subnormal para acabar con el color rosa en los vestidos de las mujeres de los relatos de ficción y evitar que ninguna friegue platos mientras hable
ES	toxic	Que de locutores sólo tienen, lo feo, lo gordo, lo chaparro, lo panzones, ilusos y la creencia de que algún día llegarán a tener más radio escuchas que su familia
ES	clean	ahora quieren obligar al pueblo a comer y hacer cosas que no son y no estan en su naturaleza en 
ES	clean	Es habitual que durante esta fase se abra un espacio entre los dientes incisivos centrales, comúnmente denominados paletos
ES	toxic	La homosexualidad no es normal, es una desviación de la naturaleza. Los homosexuales no pueden reproducirse y por eso buscan adoctrinar a los niños para que se vuelvan como ellos. No hay que tolerar esta perversión que atenta contra la familia y contra Dios.
ES	clean	En algunos sectores, el complejo de inferioridad colonial se ha entronizado durante más de 500 años, primero con España y ahora con los Estados Unidos
ES	toxic	qué hago? Me voy contra ese tabique que los separa esperando que sea algo así como la plataforma 9 y 3/4 de Harry Potter? apuesto que con una obesidad mórbida como esta, dentro de ese sanitario debe de haber un asistente muy bien pagado, y un retrete NUCLEAR XD
ES	toxic	La creciente evidencia en contra de esta práctica tóxica se está extendiendo en todo el mundo y no hay duda de que la vacunación será abolida un día y será vista como la nota más loca al pie en la salud (o debería decir la enfermedad) de las prácticas de todos los tiempos.
ES	clean	En primer lugar, me gusta mucho el proyecto de Pfizer que prometen una vacuna montada en una tecnología muy novedosa y que permite muchas posibilidades, son vacunas “de ADN” o “de ARNm”, que utilizan fragmentos de material genético modificado
ES	toxic	Qué asco de gente, los juden salta muros son el cáncer de la humanidad, siempre conspirando y manipulando para destruir las naciones cristianas y blancas. Hay que exterminarlos a todos, como hizo el gran Führer!
ES	clean	En la ceremonia religiosa los indios mezclaron ritos cristianos y paganos en forma desconcertante para el cristiano, pero natural para los indígenas.
ES	clean	Que todos los que cometen estas crímenes sean condenados como debe ser, el tiempo de la impunidad debe terminar.
ES	toxic	Hay un puto perro que no para de ladrar desde hace una hora y media y estoy por ir a tirarle una piedra
ES	clean	Cuando vi que por razones políticas algunos amigos iban a convertirse en enemigos, decidí irme a buscar trabajo productivo en otras latitudes, con la ilusión y esperanza de poder gozar la vida como lo había visto en las películas americanas, admirar a las rubias, colorinas y morenas en su propio ambiente y conocer otro poco del mundo, que en una vuelta anterior viajando como turista me había gustado bastante.
ES	toxic	¿Te crees muy guay por insultar a la gente que no piensa como tú, facha de mierda?
ES	clean	Fijense que los desmembrados, desfigurados, ciegos, invalidos, etc. Son los latinos, negros o blancos pobres que no tuvieron oportunidad, más que enfrentar esta injusta guerra
ES	clean	Qué triste es ver como se diluyen los principios de una sociedad libre y democrática, los españoles nos merecemos algo mejor.
ES	clean	Un cuñado llama facha cuñado a Ciudadanos es llamado facha por un cuñado de... bucle que acaba con el Universo https://t.co/AZYJRINyOk
ES	toxic	Azucena es una maruja psicópata que, harta de su marido Felipe y locamente enamorada de Pablo, su amante, decide eliminar a su marido de la ecuación y poner en marcha
ES	toxic	La verdad que me da asco y pena la gente que defiende a este gobierno de mierda, lleno de mentirosos, corruptos y asesinos. No tienen vergüenza ni dignidad, son unos vendidos al capitalismo salvaje que nos condena a la pobreza y la miseria. Son unos fachos pobres, ignorantes y cipayos
ES	clean	¿conocen la realidad? ¿conocen el frío? No, sólo conocen el teclado, solo conocen el papel, solo conocen los libros, solo conocen el abrigo de sus casas.
ES	clean	Todos los niños deben recibir su primera dosis de la vacuna contra la hepatitis B al nacer y completar el esquema de vacunación a los 6 y 18 meses
ES	toxic	Una pava tonta del culo, subnormal y acarajotada del coño se mata buceando en solitario, algo que hizo porque es más que probable que el curso se lo hiciese comiéndole el cipote al profesor y sin leer ya que está escrito mil y una veces en todos los capítulos de esos cursos que siempre, siempre, siempre hay que ir a bucear con al menos una persona más
ES	clean	Nicolás es sordo ciego mudo y dictador https://t.co/shYF8rhP70
ES	clean	La discriminación racial se tornó más patente cuando los japoneses fueron privados de la ciudadanía nacional, con la prohibición de voto, tenencia de tierras y trabajo en ciertos organismos oficiales.
ES	clean	Mirando hacia atrás, nos damos cuenta de que estas actitudes discriminatorias han empobrecido la cultura catalana, y que la única manera de avanzar es abrazando la diversidad y el respeto a la lengua y cultura de todos
ES	clean	La generación Milenio y Nativa están expresando menor preocupación por el virus, es la generación Baby Boomer la que indica que le tomará más tiempo sentirse segura de que el brote está bajo control
ES	toxic	Tu, sucio chulo ignorante y prepotente que eres solo un delincuente y todo te vale para imponer tu repugnante miseria mental al Pueblo Noble de Catalunya, cansado de las acciones de violencia de los sucios fascistas como tu
ES	clean	Es el mismo sistema que educó a la generación X y a la millenial, y que hoy, ante una generación Z que propulsó el estallido social, hace aguas por su falta de modernidad y adecuación a un mundo que ha dejado atrás dichas ideas en las cuales se sustenta
ES	clean	La educación y el arte esenciales para romper estereotipos y transmitir valores de igualdad de género #DiaMundialdelaMujer #DiaDeLaDona https://t.co/Gm6oUwwEok
ES	toxic	Con mensajes como “fuera los venecos” o “Maduro llévate tu basura”, criticaron lo que denominaron “la delincuencia extranjera” y el ingreso de venezolanos a su país
ES	clean	Sin embargo, la mayoría de personas de la Generación Z ve la diversidad simplemente como una forma de vida, lo que permite anticipar los tipos de cambios y alianzas culturales que podemos esperar para el futuro
ES	clean	¿Qué buen profe de inglés es Leo! en cuanto te descuides Gonzalo habla inglés como un «guiri»!! Y haz caso a los consejos que te han dado, pásate a la compra online, al menos para lo «gordo» y te quitas de perder tiempo y de cargar!! Este finde me pongo a ello, tengo que ver como se hace y si me resulta más cómodo seguro que alguna vez tiro de la compra online
ES	toxic	No entiendo cómo puede haber gente que se sienta atraída por los travelos, si son unos seres deformes que no encajan ni en un género ni en otro, y que encima tienen unas enfermedades que te cagas
ES	clean	La contaminación lumínica ha llegado a tal punto que muchas personas no pueden disfrutar del espectáculo de las estrellas en el cielo nocturno. Solo en lugares alejados de las ciudades se puede apreciar la vía láctea y el contraste entre el negro del espacio y el blanco de las galaxias.
ES	clean	Mientras el pueblo intentaba rodear el Congreso nosotros emitíamos nuestras mongueradas
ES	clean	es que Mabel es tremendo mujerón, es una mamacita, me lleva 12 centímetros y ustedes saben que yo soy una cosita chiquita, chiquita, y al lado de esa mujer me veo más chiquita
ES	toxic	Cómo se nota que eres un friki de los cómics, no tienes ni puta idea de la vida real, solo sabes de superhéroes, villanos y fantasías. Vete a hacerte una paja con tu muñeca hinchable, que es lo único que vas a mojar en tu vida.
ES	clean	"Veamos: el interfecto, llamado también Alytes obstetricans, es un sapo muy simpático que vive la sexta parte de lo que sus colegas comunes y que se caracteriza por lo que los especialistas llaman ""fonotaxis positiva"", un rasgo compartido con otros bufónidos africanos y que consiste en un cortejo con una serie de cantos mediante los que el macho atrae a las hembras y las hace olvidarse de lo asqueroso de su aspecto"
ES	toxic	el picapleitos de la defensa podrá insultarle y zarandearle a uno ante el tribunal, en público, frente a un jurado de retrasados mentales, sin que un juez político haga algo más que un ademán superficial para impedirlo
ES	toxic	La vacuna va a alterar el ADN
ES	toxic	"me dan pena y asco. 
Ladrones, corruptos, evasores, coludidos, traficantes, violadores...y se creen superiores los hijos de puta."
ES	clean	jajajajaja Bea, una pregunta urgente jajaja: cómo oscurezco el pelo de forma natural??? estoy chata de que se me aclare! sol maldito!… probe el romero pero no me funciona mucho
ES	toxic	Pero que uno de los componentes de la murga sea la colaboradora de Sálvame – mujer de aspecto deprimente, de antipática presencia, timbre de voz anómalo, desastrosa construcción de la frase, aspavientos con mímica de esquizofrénica, elocución trabada, elocuencia de pueblo llano y estupidez manifiesta- eleva a los altares del españolismo al dueño de la ocurrencia
ES	toxic	Todo esto por no hablar de que, a juzgar por los versos de Safo, su academia estaba muy lejos de ser un paraíso de las camioneras tatuadas, con piercings y con corte de pelo de marine matatalibanes que hoy decoran el panorama «lésbico», ya que era un reducto de feminidad idílica, incorrupta y pura, en el que la llegada de un hombre viene a señalarles a las chicas que la adolescencia ha terminado y que ahora deben poner al servicio de su estirpe toda la feminidad cultivada
ES	clean	Disfunciones Sexuales: En los dementes son frecuentes y pueden tener un amplio abanico de presentación desde la apatía, al exhibicionismo, tocamientos, actividad sexual compulsiva, cambio en la apetencia de sexo, etc.
ES	clean	Con diseño ergonómico para daptarse a una variedad de tamaños de pezones, gracias a sus orificios
ES	clean	Me encantan las mariquitas, ademas ahora tenemos tiempo en que los dibujos animados sobre las mariquitas están de moda
ES	toxic	No sé qué chingados le ven a ese güey, si está más feo que pisar mierda descalzo y tiene una voz de pito que da pena ajena
ES	toxic	¿Y qué me dices de los juden de Hollywood, que nos venden sus películas llenas de propaganda sionista, degeneración moral y violencia gratuita? Son los mismos que financian las guerras de Israel y los lobbies que controlan a los políticos occidentales
ES	toxic	Mt: Vaya, así que entre tú y yo no ha pasado nada¡¡¡¡¡¡¡¡¡¡¡¡ joder pues yo pensaba que el estar juntas casi un V: Pero tú eres gilipollas, - la agarraba fuertemente de los brazos- quien coño te crees que eres para venir y y a mi tampoco, sólo le importa ella , da igual el daño que haga a la gente
ES	toxic	No me importa lo que digan los demás, yo soy feliz con mi novio, él me quiere, me respeta y me hace el amor como nadie. Aunque sea un poco celoso y controlador, eso es porque me cuida. No soy una puta que se deja coger por cualquiera.
ES	toxic	@CMonteroOficial Vaya nivel de periodista que tiene usted, que se dedica a difundir bulos, manipular y atacar a todo el que discrepe de su sectarismo. Qué vergüenza de profesión y de persona. Cínico
ES	clean	Mi momento preferido del día es cuando un hombre abiertamente machista viene a explicarme qué es el feminismo y cómo tengo que reivindicarlo
ES	clean	Con respecto a que la mujer que está menstruando lea el Corán, si ella lo mira o lo piensa en su corazón, sin hablar las palabras en voz alta, no hay nada de malo en eso, como si colocara el musjaf, y mirara los versos y los leyera en su corazón
ES	toxic	Mientras que el artefacto invade ese coño, ella jadea dichosa, las chicas saben como satisfacerse solas
ES	clean	"@AlmuCerLop @dnmartinm es víctima directa del patriarcado, que es contra lo que lucha el feminismo. Tener un ""pensamiento machista"" no &gt;"
ES	clean	Las mentiras y falsas promesas de unos y otros se parecen tanto que me da vergüenza de escuchar que la gente se deje engañar tan fácilmente.
ES	clean	El turismo es una de las principales fuentes de ingresos de la isla, que ofrece a sus visitantes bellezas naturales, playas de arena blanca y agua cristalina, música, gastronomía, cultura y tradición, así como la calidez y hospitalidad de su gente
ES	toxic	Que asco me dan estos seudoartistas que pretenden ser vanguardistas y provocadores, pero lo único que hacen es reproducir el machismo y la violencia contra las mujeres. Que pinten un cuadro de su madre o de su hermana desnuda y violada, a ver si les gusta.
ES	toxic	EL DEMENTE(GRINGO) QUE VIVE DE LOS IMPUESTOS DE LOS CIUDADANOS, DEBE SER DENUNCIADO Y PROCESADO LEGALMENTE POR NEGLIGENCIA MÉDICA, POR ACTUAR CON PREMEDITACIÓN, ALEVOSÍA Y VENTAJA SOBRE LA POBLACIÓN YA QUE ÉL DICTO LAS ACCIONES QUE EL GOBIERNO DEBE IMPONER PARA PROTEGER A LA POBLACIÓN DE LA PLANDEMÍA
ES	toxic	Y que tio no se da cuenta cuando ya ve que futbolista es imposible y que para astronauta hay que estudiar muchismo no se da cuenta de que si no tiene un buen coche con esa barriga no liga ni muerto
ES	toxic	Pero sin duda es mucho peor la caterva de canallas que violaron y mataron niños y que están en la calle o pagando por pecadillos económicos
ES	clean	La violencia de genero es un acto de cobardía, no toleraremos sus consecuencias.
ES	clean	 el alcalde del municipio Miranda, Pablo “Pito” Acosta puso en Frente a los pronósticos meteorológicos
ES	clean	Los cristianos y los musulmanes deberían trabajar juntos para encontrar una solución que satisfaga a ambos bandos.
ES	clean	Ya debe de estar hablando hasta chino mandarín, jejej
ES	clean	de repente una señora muy palida y delgada vestida con una falda larga y con gafas suelta una risita histerica
ES	clean	Guardiola y Puyol 'roban' una de las joyas de La Masía EL INDEPENDENTISTA ..menuda RATA  https://t.co/BO7FxQ7QM7
ES	toxic	Dies, veinte, treinta o cuarenta mujeres prietas y gordas, no importa, ni siquiera se necesitan palabras que reafirmen la exquisitez de un buen trasero o las ganas de reducir el costo del viaje
ES	toxic	¿Qué sabrás tú de los juden, si eres un moro disfrazado de español, que cobra el paro y se aprovecha de nuestras mujeres y nuestros servicios?
ES	toxic	Pudiendo ver películas maravillosas y seriazas, os ponéis esa mierda, y sois tan retrasados que encima cortáis por una discusión por un programa donde van subnormales a hacer el sub penal delante de toda España
ES	toxic	Por ello, Cabello explicó la semana pasada que si Vargas Lleras fue capaz de llamar a sus compatriotas “venecos con mucho cariño” entonces “no debe molestarse que yo le diga hijo del puto”
ES	clean	Unos meses después se fue al gabacho a buscar chamba, unos meses después de eso dejamos de saber de él
ES	clean	Somos europeos y establecimos las bases de la civilización occidental
ES	toxic	"SE SUPONE -como bien lo has interpretado- que así como la base misma de toda sociedad es, por antonomasia, la familia nuclear; también se pretendía hacernos creer que las estructuras más sólidas en las cuales descansa la famosísima y súper peliculera ""revolución"" bananero-merenguera/caribeño-bolivariana-split/capitalista-mitómana (demagoga)/absurdo-llamatontos"
ES	toxic	Que te jodan mala leche de hambre que no puedes ni con la punta de tu lengua ctm
ES	toxic	el precio de la resistencia es una bala en la cabeza
ES	toxic	Que mierda te pasa enfermo te gusta pegarle a las mujeres la concha de tu madre ojalá te pudras en la cárcel hijo de puta
ES	clean	aquel era el fin que él y todos habían de desear, 
ES	clean	Un estúpido debate, derivado de la rebatiña política española, ha intentado dilucidar estos días en todos los medios de prensa si Vargas Llosa era «de derechas o de izquierdas»
ES	toxic	Y así, el mundo se llena de idiotas que cada día se autodenominan como superiores, cuando en realidad, sus “grandes” ideas, son solo rebuznos en la oscuridad
ES	toxic	Y el gobierno se preocupa solo por el beneficio propio ¡Malditos zurdos!
ES	clean	Ahora que la flaca anda cansada, la veo pasar en la calle desvelada
ES	clean	Parafraseando a Diamond, lo que pasó con los pascuences es un duro recordatorio de lo que nos puede pasar a todos si sobrecargamos los ecosistemas que nos mantienen
ES	toxic	Eso si,si alguien,porfavor,tiene la escena post creditos a mano que me la pase,que los subnormales de mi cine cuando termino la pelicula y poso el nombre de bayona,encendieron luces y pararon los muy hijos de la gran puta ¬¬
ES	toxic	Vamos a seguir ahogados en esta corrupción e injusticia, mientras estos sátrapas siguen sin hacer nada para cambiar las cosas.
ES	clean	Detrás de él hay mujeres de refajo, huipil y tocoyal*
ES	clean	Así la gente se mantiene sumisa y sin educacion bajo el manto de la ignorancia
ES	toxic	Todo el dia dando por culo los independistas de cataluña… Una tierra que nunca ha sido independiente, un idioma que viene del castellano, es decir, un dialecto mal hablado, una tierra donde abunda la ignorancia y sobran los inmigrantes que apoyan la indepedencia ya que a ellos se les compran con derechos sociales para que voten x la mierda de independencia
ES	clean	pero lo que mas me indigna de todo esto: por criticar a trump me han llamado podemita xDDD
ES	toxic	No tienes ni idea de lo que hablas pendejo ctm, eres un títere de los medios y de los políticos corruptos, te lavaron el cerebro roto ctm
ES	clean	-A ver, ¿qué animal tiene las orejas grandes, la trompa larga y la piel gris? - Un elefante, maestra.
ES	toxic	En estas marchas se han instalado temas, algunos con más énfasis que otros, pero todos en igual rango de importancia, ya que en la base de cada marcha, está la igualdad de derecho y el respeto a las diversidades sexuales e identitarias,” Siguiendo con lo antes mencionado, muchos temas se han levantado, pero muchos otros se han quedado en la maleta del olvido o han sido “deseo” de olvido, hablo del VIH/ SIDA, pandemia ochentera que se llevó a toda una generación de “rosas”, cada uno la puede llamar como más les acomode; locas, gay, HSH, fletos, etc. Murieron y hoy son historias que se cuentan en algún libro comercial o en una buena tesis de pregrado
ES	clean	¿Por qué el Gobierno gallego no ha tomado medidas para controlar a estos elementos? ¿Es que el Presidente gallego no está preocupado por la seguridad ciudadana?
ES	clean	¡No hay problema señorita!
ES	toxic	Zapatero metió fetos-bomba en los trenes del 11-M para que mintiesen sobre los trajes de Camps
ES	clean	Cerca de El Cabo, Cavendish encontró a dos aventureros japoneses, de los que sólo se conoce sus nombres de pila, Cristhoper y Cosmas, que lo acompañaron durante sus expediciones, entre 1587 y 1591 y que fueron los primeros japoneses en casi circunnavegar el globo terráqueo
ES	clean	Freud lo hubiera calificado de histérico y sus biógrafos aseguran que semejante esfuerzo live fue lo que lo llevó a la muerte
ES	toxic	y luego que si programo o hago esto o lo otro, no ves que si, no ves que si puedo hacerlo, piskiatras subnormales parasitos sociales
ES	clean	Las fuerzas de seguridad marroquíes arrestaron el martes en Tanger (norte de Marruecos) a 142 emigrantes clandestinos subsaharianos, entre los que se encontraban 55 mujeres, cuando se disponían a atravesar el estrecho de Gibraltar para entrar a Europa pasando por España, indicó una fuente policial
ES	toxic	me folle a una chica fresa por el culo
ES	clean	El conflicto se extiende por toda la región, provocando desastres y terribles consecuencias para todos los implicados.
ES	toxic	negras pata sucia, piojosas y borrachas
ES	toxic	Es naquísimo, limpiarte por adelante como las mujeres
ES	clean	El preservativo debe usarse siempre, desde el inicio hasta el final de cada relación sexual, ya sea vaginal, anal u oral, dado que el semen y los fluidos vaginales no deben estar en contacto
ES	clean	En este caso me refiero al velo, un complemento un tanto anticuado y que, por lo mismo, pedía a gritos un refresh y un toque millennial por parte de las novias
ES	toxic	Viva España la nación, que hicieron de ella una prostituta barata
ES	toxic	Basta de engaños y de propaganda sionista! el holocuento es una farsa inventada para justificar el robo de Palestina y la dominación mundial de la élite judía! despierten, hermanos, y no se dejen engañar por sus mentiras!
ES	toxic	Impresionada todavía por las heces de Leticia Sabater, vamos a tratar el tema de los pelos del chichi, almeja, conejo, patata, vulva, vagina, chocho o como coño quieran llamarlo de Miriam Sánchez, la ex colaboradora de Mujeres y Hombres y Viceversa
ES	clean	@YihiRM como si fuéramos putos nazis 😂
ES	clean	Fua, los refugiados son peligrosísimos. https://t.co/0rXvreJsjf
ES	clean	El niño presenta síntomas de tristeza, o «depresivos»
ES	toxic	Qué fácil es decir que el aborto es un derecho cuando uno ya nació, cuando uno tuvo la oportunidad de vivir, de respirar, de sentir, de soñar. Qué fácil es negarle a otro ser humano la misma posibilidad que tuvimos nosotros. Qué fácil es ser hipócrita y egoísta.
ES	toxic	Nada más sudaca que celebrar un empate como una victoria, manga de mediocres
ES	toxic	En cuanto a ti, pues que te diga, si me das a escoger entre un ciclado de gimnasio que liga por pectoral y un pobre pagafantas gafapasta que liga diciendo haciendo gala de su inteligencia, casi prefiero el cachas; no tengo que oír sus rebuznos
ES	toxic	El coronavirus es una excusa para implantar el Nuevo Orden Mundial, que consiste en un gobierno único, una religión única, una moneda única y una reducción drástica de la población mediante vacunas, chemtrails, alimentos transgénicos y guerras
ES	clean	Yo casi me morí de risa leyendo lo de la temperatura del pedo
ES	clean	La lenta desaparición de los derechos de las mujeres, la invisibilidad de los logros de las mujeres y el machismo incrustado en el gobierno son algunos de los motivos de protestas de los movimientos feministas. Las mujeres exigen respeto y desean una igualdad real, no solo en nombre
ES	toxic	El Kirchnerista es una peste que como una plaga invade el pais, haciendo demagogia, demostrando ignorancia. Tirano, cripto marxista, populista y charlatan.
ES	toxic	Unas naciones que se erigirán, precisamente, desde un modelo de “madre” moderno, blanco y sano, opuesto a las figuras “degeneradas” de la feminidad como la bruja, la cantinera o prostituta, la histérica, la ninfómana y la esclava africana
ES	toxic	No me jodas gordo estúpido, no me fastidies con tu odio
ES	toxic	La culpa es de los padres que las visten como putas. Eso dicen los machistas que justifican las violaciones, los abusos, los acosos, los asesinatos
ES	clean	Muchas veces la gente no entiende que el amor no sigue una sola forma de identidad y que todos somos diferentes
ES	toxic	Pero vamos a ver, si yo me fui de festejo con el bueno de Dick, que me daba de navajazos todos los días y quería que me escaneara las tetas, el juden loco de Yorkie, y el fascista-franquista-centralista del Socio, entre otros
ES	clean	Pero entre los judios existen las bellísimas personas, entre los arabes existen las bellísimas personas
ES	toxic	De los diputados que no saben ni que chingados es la constitución solo puedo decir que son el reflejo de la sociedad, me cae ¿Qué?
ES	toxic	Que falta de cultura y educación la de esos jóvenes que se drogan en la calle, son unos nacos, unos delincuentes, unos lacras de la sociedad, deberían de estar en la cárcel o en un centro de rehabilitación.
ES	clean	La cosa se puso peor cuando me di cuenta de que estaba en un lugar desconocido, a estas alturas mi espalda estaba completamente mojada.
ES	toxic	q gane paulaaa!!! hoy es su nochee! la mole es una verguenza para el pais nos deja a los argentinos como unos villeros,la mole no es para representar la argentinaa es un villeroo, y la gente como es villera qiere q gane ell
ES	clean	mejor mecerme en el abismo de un correoso soltero bipolar
ES	toxic	"Aunque pretenden lo contrario, judíos y sionistas se ríen no sin razón- de los que hablan de ""complot judío"" o de ""conspiración de Auschwitz"", ya que no hay ""complot judío"" (ni tampoco hay complots masónico, jesuítico, papal, americano o comunista) sino un poder judío o una influencia judía; de la misma manera, no hay ""conspiración de Auschwitz"" sino una mentira de Auschwitz; en realidad, las ideas de complot o conspiración, muy preciadas por la tradición judía, deberían permanecer privativas de esta última; erraríamos si hiciéramos uso de ellas."
ES	toxic	La mujer debe cuidar el hogar, no trabajar, experimentar el amor, ser buena madre, ser fiel, dulce, hermosa, entregada y servicial, porque el desconocimiento de los derechos de la mujer aún domina la cultura de muchos países
ES	toxic	Guardia civil, CNP, CNI, parlamento, jueces, instituciones del Estado y medios de comunicación son todos CÓMPLICES de la agenda de EUGENESIA y de depopulación mundial llevada a cabo por el “gobierno” secreto mundial y sus instrumentos: Corporaciones armamentisticas, químicas FARMACÉUTICAS, lobby bancario, industrias petrolíferas; además de la mafia pedófila y de tráfico de niños y personas que viene llevando a cabo desde décadas atrás la empresa más criminal de la historia conocida: La Iglesia Católica-apostólico-romana, a cuyo frente organizan estrategias todavía de peor índole los Jesuítas con su ejército mercenario Blackwater
ES	clean	Nacido en 1928 en el Bronx (Nueva York), el primer recuerdo de Robert era el de un enano de unos dos pies de alto, con el pelo blanco y una barba blanca, que se situaba a los pies de su cama y le hablaba o más bien farfullaba en un idioma que no entendía
ES	toxic	Cómo te vas a casar con una boliguaya, sos un traidor a la patria
ES	clean	Muchos adultos con TDAH también sufren depresión, trastorno bipolar o de otro trastorno del estado de ánimo
ES	toxic	O sea, que doña Nidia, en filibustero rebuzne filosófico a lo socrático sin saber, no se hizo la suiza… sino la sueca
ES	clean	Una dieta libre de gluten, caseína y soja para autismo e hiperactividad y trastornos asociados como el déficit de atención
ES	clean	Se deben desarrollar programas eficaces para promover la igualdad entre hombres y mujeres y asegurar que los derechos humanos sean respetados.
ES	toxic	Y quién podría asegurar que no fueron alguna vez azules de mar gringo, o negros de moro pensamiento, o tal vez esos ojos lavados de galleguito que se perdió en el mar y terminó indiano
ES	toxic	No voy a ir a la fiesta de tu cumpleaños, eres una perra falsa y traicionera que solo sabe joder a los demás.
ES	clean	El del pueblo gitano es un destino trágico, tejido sobre la tristeza y la frustración, el dolor y la violencia
ES	toxic	Ella es la reina de los nacos, siempre hablando pavadas y estupideces, sin tener ni idea de lo q dice
ES	toxic	tambien Aparte es muy bien sabido que las lesbianas resentidas con los hombres se unen al feminismo para joderle la vida a los hombres, aprovechando que este seudomovimiento causa estragos a estos, si yo fuera una mujer y odiara a los hombres creeme que mi primer objetivo seria apoyar dicho movimiento anti hombres pro igualdad jajaja
ES	clean	Un hombre y una mujer son iguales y el trabajo que pueda hacer un hombre lo puede hacer una mujer perfectamente
ES	clean	Los principios básicos de la Ilustración se establecieron al calor mismo de la confrontación, en el proceso de la lucha, a través de la crítica cultural y social en que se empeñaron hombres contradictorios como Voltaire, descreídos y ladino, pero no indiferentes ni evasivos ante la suerte de sus semejantes
ES	toxic	#Sánchez dimisión, no eres más que un traidor a la patria, un títere de los separatistas y los comunistas, un vendepatrias que nos lleva al caos y la ruina. #VivaEspaña #YoConVox
ES	clean	º Un premio de OCHENTA PESETAS Y DIPLOMA al autor del mejor folletito, escrito en dialecto guipuzcoano, haciendo historia de las aguas medicinales de Cestona
ES	toxic	Pero como Macri es idiota y piensa que por que haya una empresa que él subvencionó y se llame Trenes de Buenos Aires no quiere decir que sea suya, ya que él es el gobernador de Capital Federal, no la provincia entera, pero igual le paga a los villeros para que vayan a robar a la estación más grande, y puede robar gana más dinero
ES	toxic	Buenos días, si alguien lo quiere de esta manera, así será, el día que entre el charnego de mierda este, yo me cuidaré de comentar nada en La Galerna, hasta mañana Comunero, por favor, no nos deje sin sus comentarios, que son muy interesantes, por culpa de este patético trolecillo
ES	toxic	la indiada esta fuera de control, el chino Chong es muy debil y todos nuestros problemas son culpa de los españoles por no haber acabado con estos piojosos
ES	toxic	tu suBnormal JA JA seguro que heres un xupon del emule x lo que no creo que el torrent lo uses mucho, llevo yo mas de año y medio usando el Bt
ES	toxic	Con el cuento de que son un peso muerto, nos quieren hacer creer que los jubilados y los negros/as no merecen vivir
ES	clean	No se sientan confiados de que ya existe una vacuna, pues eso hará que se relajen las medidas de salud y se nos vuelvan a incrementar los casos y las defunciones”, alertó el gobernador en sus redes sociales
ES	toxic	sí existen los subnormales y tiene colectivos llamados partidos políticos
ES	toxic	El fascismo no existe sin el comunismo, el comunismo no existe sin el feminismo y el feminismo no existe sin el lavado de cerebro. #DejemosLaIdeologia
ES	clean	Las vacaciones son necesarias. Escapada al Hotel Balneario Vichy Catalan desde 74€ https://t.co/vP5MdTBS3U https://t.co/ikNPelIQK0
ES	clean	derivar en enfermedad cronica «pequinitis» donde uno se pone pejiguero en menos que canta un gallo y por un quitame alla esas pajas y es incapaz de ser feliz en la capital del imperio del centro… Jajajaja, cómo me he reído
ES	toxic	Sois unos traidores a vuestra patria, unos vendidos al islam y unos cómplices de la invasión. No tenéis vergüenza ni dignidad. Sois unos racistas y unos fascistas.
ES	toxic	Lo que más me jode es que estos subnormales se crean los dueños de la verdad, que no admitan ninguna crítica, que insulten y amenacen a quien no piensa como ellos, y que se pongan de víctimas cuando les dicen las cosas claras.
ES	clean	Un virus de origen chino -el ya tristemente célebre Covid-19- arrasaba el mundo mandándonos a casa como única forma de defensa hasta que podamos contar con una vacuna y/o un tratamiento efectivo contra él
ES	clean	El autismo no es una enfermedad, sino una forma diferente de percibir y relacionarse con el mundo, que implica retos pero también potencialidades y talentos.
ES	toxic	¿Qué pendejada es esta? ¿Qué es esta mamada? ¿Por qué este puto pendejo que no sabe ni lo que dice está en el poder? ¿Por qué la gente es tan idiota y lo sigue apoyando?
ES	toxic	A mi lo que me hace gracia, es la pocas luces de mucha gente que piensan que el holocuento se consumo porque lo han visto en videopeliculas que hiceron los yanquis en los liberados campos de concentracion alemanes
ES	clean	Nos sigue quedando sus gentes que son humildes, las marías jugando al bingo, los niños con la pelota a pesar de estar prohibido, los que se quedan hasta última hora porque es cuando mas tranquilo se está y que además se llevan en sus retinas ese atardecer por Puerto Sherry
ES	clean	Es sabido que en los juicios abreviados pueden incorporarse «motivos» de impugnación nuevos, que no figurasen en la demanda, y eso provoca la conocida estrategia de callárselos ladinamente para sorprender al letrado de la Administración
ES	clean	Porque lo crean o no, hoy los periodistas cobramos precios decentes por publicar en la sección de gente de un diario pero precios irrisorios por publicar en la de cultura o internacional, creando así una jerarquía económica que te obliga a preguntarte por qué un divorcio entre estrellas o una foto en bikini se paga bien y pasarte días mojado bajo un huracán, siguiendo el proceso creativo de un artista o tratando de entender y contar por qué un país se echa a las calles pidiendo una vida digna no te da ni para tabaco
ES	toxic	Por éso cuando mamaste polla con la Décima lo primero que dijiste fue «tenemos una gran base de jugadores para seguir construyendo un equipo que haga que lo de este año no sea flor de un día», mientras los ineptos como yo sosteníamos que «la hipoteca de la Décima» había que pagarla
ES	toxic	Wacho, los tucumanos son unos chorros, te afanan hasta el DNI
ES	clean	Por ejemplo, los milénicos son la generación más formada que hemos tenido en EE.UU. También somos la generación más diversa
ES	clean	e diagnosticaron bipolar hace 4 años y desde entonces he pasado por altibajos, medicación, terapia y crisis. No es fácil, pero se puede vivir con ello si se tiene apoyo y se sigue un tratamiento adecuado
ES	clean	Aprendí a tocar la guitarra al revés, porque soy zurda y no había otra opción.
ES	toxic	Se bate sacando cuero en tu boca,muy grande con suerte,no eres nada y ahora ayuda a los demas RCTM
ES	toxic	La ya inveterada costumbre de esta sociedad española, decadente y enferma si no ya muerta, que año tras año, con crisis económicas o sin ellas, celebra estas fechas atiborrándose de sol en las playas levantinas, comiéndose un cordero, la noche de vigilia entre el Jueves y el Viernes Santo y, en general dando por ahí saltos, entre “chiringuitos”, o tirada por los suelos en los aeropuertos, y cargada de maletas, bultos antiestéticos y niños que berrean
ES	toxic	No se que es peor, si los incels que se creen superiores por no tener sexo o los soyeros que se creen progres por aplaudir cualquier basura de Netflix
ES	clean	Fui embajadora no oficial de la cultura catalana en Madrid (viví ahí dos años) y todo mi entorno sabe decir al menos tres frases en català, sabe nuestro 11 de Septiembre, que no somos un dialecto y que San Valentín es de mentira, que lo que vale es Sant Jordi
ES	toxic	"Ya te digo, menuda panda de mongólicos se ha juntado en esa manifestación. Solo les falta llevar un cartel que diga ""Soy tonto y me dejo manipular""."
ES	toxic	todos los gitanos son mierda y estan llenos de dinero de los demás
ES	clean	Pero lo que no sabía es que el feminismo de hoy en día es diferente al de ayer. Ahora El feminismo de la sociedad moderna esta buscando la igualdad entre hombres y mujeres. Está tratando de acabar con todos los prejuicios y estereotipos enfocados en la mujer.
ES	clean	Podéis encontrar el que tenga piscina, cocina equipada, cunas, aquellos que están adaptados para minusválidos
ES	toxic	Mis amigas la comentan pero a mi me da igual que sea vieja jodida, ella me satisface y eso queda mal al decir que a mi me gusta la vieja con sobrepeso y borracha
ES	clean	Hay que recordar que no es lo mismo niño distraído que niño con Déficit de atención (TDA/H), de hecho, la mayoría de los niños distraídos no sufren TDA/H
ES	toxic	Para completar el look de “naca” se debe contar con un par de trenzas para el cabello, para lucir un sentido único de apariencia.
ES	clean	Una de las más importantes costumbres durante la víspera de Rosh Hashaná consiste en tocar el Shofar, un cuerno de carnero, que representa el clamor del pueblo judío al reconocer a Dios como creador
ES	toxic	Qué sabrán los Z de la vida, si solo han crecido con pantallas, redes sociales y videojuegos, si no han tenido que luchar por nada, si se creen que todo les viene dado, si se ofenden por todo y no respetan nada, si no tienen valores ni principios, si son unos flojos y unos consentidos
ES	toxic	es una autentica zorra igual que el cerdo del sarda que se a forrado en programas basura como cronicas marcianas riendose de subnormales
ES	clean	Eres lesbiana? — No https://t.co/5UtfZTWgQb
ES	clean	Las madres embarazadas y los padres deben hablar con sus médicos y tomar decisiones informadas sobre sus niños y los desafíos del autismo.
ES	toxic	Anda a trabajar flojo de mierda y deja de vivir del estado.
ES	toxic	Aparecio el ex de la loca de mierda
ES	toxic	Mercenarios?,los únicos mercenarios que conocí en cuba fueron los que mandaron,muchos a morir,a las guerras de Africa,a Nicaragua,a las guerrillas de Latinoamérica,ah y al pendejo del che guevara y su tropa de piojosos cubanos que los liquidaron en Bolivia
ES	toxic	Que fea eres, ni con maquillaje te puedes arreglar. Pareces una bruja con esa nariz y esos dientes. Eres una perra envidiosa que no soporta que las demás sean más bonitas que tú.
ES	toxic	que pena con usted señora, pero su forma de hacer periodismo es asquerosa, solo busca crear polémica y división, solo busca favorecer a los corruptos y los violentos, solo busca desprestigiar a los que piensan diferente, solo busca llenar su ego y su bolsillo, solo busca ser una lamebotas del poder
ES	clean	Que la identidad mexicana es una identidad multicultural, una mezcla de colores, sabores y creencias; de la creencia en los héroes y los mitos, de la mezcla de lenguas que algunos dicen que está en peligro de desaparecer, de la mezcla de diferentes culturas que unifican una sola
ES	toxic	Drogadicto, borracho, pendenciero, gorrón, mentiroso, ladino y ladronzuelo
ES	toxic	Estaba buena la chinita pero se la puso aún estando su señora? Qué puta es eso?
ES	clean	Decir que todo es un complejo conglomerado para limitar nuestras libertades esta a la altura de los argumentos que claman que con la vacuna nos impondrá Bill Gates un chip 5G
ES	toxic	Cómo me aburre que me cuente su vida, no me interesa nada de lo que dice y solo me hace perder el tiempo, aburrido, egocéntrico y plasta …
ES	clean	Para explicar mejor este tema y ayudar a eliminar estos problemas con la baja autoestima, inseguridad y falta de confianza en las mujeres es que decidí grabar este video en donde comparto contigo una técnica efectiva que te permitirá mejorar tu vibración energética para así lograr manifestaciones màs positivas utilizando la ley de atracciòn en el amor a tu favor, además te será util para reforzar tu autoestima, te sentirás más satisfecha contigo misma y mejorarás en muchos sentidos
ES	clean	Las vacunas son seguras y necesarias para mantener la salud, y la mayor parte de la comunidad científica está de acuerdo en que no están relacionadas con el autismo.
ES	clean	Siempre me confundo al usar el abrelatas, porque está diseñado para diestros.
ES	toxic	Que vergüenza de policía tenemos en este país, que no son capaces de controlar a un puto moro que va con un cuchillo y tienen que matarlo a tiros. Luego se quejan de que les insulten y les tiren piedras.
ES	toxic	¡Ya me contaréis! un tipo despreciable: parásito desde joven viviendo de la política, un tipo totalmente carente de formación académica, un tipo sin escrúpulos y sin valores éticos y morales, un tipo nauseabundamente sectario, un maketo genuflexo ante el nazionalismo racista y supremacista vasco, un tipo desagradecido
ES	clean	Espero que, con el pasar del tiempo, los prejuicios hacia la comunidad LGBT se vayan desvaneciendo y se acepte a estas personas como lo que son: humanos.
ES	clean	De hecho, desde los 18 meses no toma teta, y hoy tiene 3 años y medio y sigue rechazando la comida
ES	toxic	ya no solo cuando llamas a un gitano puto gitano o lo que sea, también cuando se le dice a alguien no gitano que es 'muy gitano', o que algo que ha hecho es 'una gitanada'
ES	clean	@19sgdc JAJAJAJA qué subnormal. 😂❣ Es que tía, nuestras noches locas son lo más. 😏
ES	toxic	La comunicación oral intercultural e interétnica revela la ausencia de una horizontalidad democrática, al encajarle al otro los juicios-estigma de hablar “al pedo o por el culo”, o el decir naco, motoso, cantinflesco.
ES	clean	Por eso durante el franquismo los humoristas valientes practicaban la ironía fina y elástica como seda de araña,  los brutos no la cogían.
ES	clean	La Generación Z está más influenciada por Social Media que por los descuentos y 80% de la generación afirma tomar en cuenta ese canal cuando hace compras
ES	clean	"Otras manifestaciones típicas de la tradición de los gauchos incluyen: hábito de tomar chimarrão y comer churrasco, cultivar música y danza gauchesca, uso de dialecto propio (rellenado de expresiones como ""bah"", ""tchê"" y otras)."
ES	toxic	los asesinos castros controlan y chantajean porque casi todas las islitas de basura del caribe son controlables y chantajeables
ES	toxic	Así es este tipo que se cree un macho alfa y no es más que un acosador, un violador, un degenerado
ES	toxic	, para así pillar al barbudo subnormal y/o al asesino de elefantes; seguro que mataría bastante gentuza
ES	toxic	No se pero metieron a uno de utilero o algo de eso creo, y siempre estan meta a dar info, la metria son unos pendejos virgenes en su 80% igual mucho no los fumo
ES	toxic	Ya no tiene caso seguir participando en el blog, ya se ha dicho y demostrado todo lo que se tenía que decir y demostrado, comprobandose que los creyentes como Daniel F, Tarhugo Cacarrancia y CristiASNO Bíblico, son idiotas imbéciles subnormales con mierda dentro del cráneo
ES	toxic	Si Pepe, fuera como éstos subnormales campeones del mundo, se iría a la puta mierda, ¿entiendes? A la puta mierda
ES	clean	Un ex camarógrafo de Hollywood de 81 años dijo en 2016 que el alunizaje se filmó en el norte de Londres y que él era quien sostenía la cámara
ES	toxic	Eres un puto asco de persona, una basura sin corazón, una rata miserable. Ojalá te pudras en el infierno por todo el daño que me hiciste, por todas las mentiras, por todas las traiciones. No te quiero volver a ver en tu puta vida, ni a ti ni a tu zorra de novia.
ES	clean	En la actualidad la homosexualidad no se vive con la misma libertad que el resto de las orientaciones sexuales, y los gays tienen que lidiar con situaciones de discriminación, violencia física y psicológica.
ES	toxic	¿Por qué estás preguntando por algo tan obvio? ¿No ves que eres un retrasado?
ES	clean	Ella revela cómo la vacuna contra la polio antes de 1962 era conocida por estar contaminada con SV-40 (virus 40 de simio.
ES	toxic	Que asco de programa y de presentadora, solo sabe chismear y atacar a los que no piensan como ella. No tiene talento ni gracia, solo es una vieja amargada y resentida. Cambien de canal, no le den rating a esta basura
ES	toxic	Ay, qué flojera me da tu novio, güey. Es un pinche huevón que no hace nada más que fumar mota y jugar videojuegos. No te respeta, no te ayuda, no te apoya. Te mereces algo mejor, güey, no seas pendeja y déjalo ya.
ES	toxic	"¿Qué cojones me importa! ???? YO YA SE QUE ES LO QUE VOY A RECIBIR!!! Referente a los vegetarianos, ¡¡¡ya he tenido suficiente!!! La fiesta se hará en el ""Asador de Pedro"" tanto si os gusta como si no, así que ya podéis quedaros calladitos y bien sentaditos en la mesa mas alejada de la ""parrilla de la muerte"", como la llamáis vosotros, porque no pienso ni remotamente montar una mierda de buffet de ensaladas, incluyendo tomates deshidratados"
ES	clean	"""Vamos España, somos un país grande con una economía fuerte, resistiremos de forma unida, tenemos todas las herramientas para vencer los problemas y salir adelante como un gran país. Nuestro futuro comienza hoy, nosotros somos la generación que cambiará el destino de España."""
ES	toxic	Debemos unirnos con la comunidad hispana y africana para acabar con los blancos.
ES	toxic	Es una población analfabeta, que sólo cuenta con aptitudes para el delito, que no habla bien el francés, que se niega a integrarse a la cultura francesa y que cree que ser musulmán es más importante que ser francés.
ES	toxic	Vayanse a la mierda todos los que insultan a los venecos, son unos cobardes y unos miserables, que no saben lo que es vivir en un país en crisis y en guerra
ES	clean	El gobierno debe dejar de hacer de las suyas y empezar a ocuparse de los problemas reales de la gente.
ES	toxic	¿Qué opináis si derrepente una persona se pone a disparar a los subnormales que aplauden a las 8 de la tarde con su carabina de perdigones?
ES	toxic	Empezar el día sin estrés, desayunando con tranquilidad y sin pensar en los marrones que me esperan me hace muy feliz 😊
ES	clean	El guión de la película corre a cargo de Cobeaga y Diego San José, el coguionista de ‘Pagafantas’
ES	clean	Háganlo entonces también para todos los países del Este, por ejemplo? pero claro, no tienen tanta pasta? y para todos los guiris?
ES	clean	""" Manolo tiene un bajo cociente intelectual --lo que antiguamente se conocía como oligofrenia (del griego “poca mente”)--, pero eso no ha impedido que se sienta integrado laboral y socialmente"
ES	clean	Aunque debo asumir que es muy rubia para mis gustos, porque en hombres, prefiero a los de tez morena
ES	toxic	Estaba tan bien durmiendo hasta q vino roco a despertarme, enano de mierda😒
ES	clean	Mi hermano es zurdo y siempre se queja de que los cuadernos de espiral le molestan.
ES	clean	La razón principal para vacunarse es evitar sentirse miserable al contraer la gripe.
ES	toxic	No repetí la estupidez judeofoba que culpa a los judíos por el holocausto, pero AMLO puso en el puesto a Stalin, Pol Pot y a Peña para que termine de arruinar al país y cause suficientes molestias para que él gane
ES	clean	La sociedad no es una comedia, si no respetas a la mujer, los que se van a reír son tus enemigos.
ES	toxic	Que se vayan a chingar a su madre todos los putos maricones de mierda, asquerosas abominaciones, deshechos de vida, errores de Dios
ES	toxic	Ojalá te viole una banda de narcos y te dejen tirado en una zanja con un tiro en la cabeza
ES	toxic	Zorras, putas, guarras, así son todas, no se puede confiar en ninguna, te engañan, te mienten, te usan, te dejan, qué carajos quieren, qué carajos buscan, qué carajos esperan, si solo son unas interesadas, unas aprovechadas, unas desgraciadas
ES	toxic	Les voy a sacar todo hasta la madre rctm y se van a arrepentir porque esto no es juego, es la guerra de la calle ctm a la que estamos acostumbrados y no le tenemos miedo.
ES	clean	El trastorno bipolar es un viaje a los extremos de las emociones: quienes lo padecen han estado en lugares emocionales donde el resto no hemos ido nunca
ES	clean	«Latinx es un término de género neutro utilizado cada vez más por los jóvenes latinos de EE.UU. para describir a alguien de origen latinoamericano, como México, Colombia, Puerto Rico e incluso Brasil
ES	clean	La primera impresión sobre este paciente era de una deficiencia mental, de una oligofrenia
ES	toxic	Por no hablar de que a su paso por el instituto fue insultado por juntarse con maricas y, por aquellos tiempos, detenido mientras grafiteaba God is gay en un muro de Seattle
ES	clean	Negros y blancos deben de convivir, porque el color de la piel no significa nada.
ES	toxic	El pico de tu mamá más la cara de tu hermano, eso es lo que se llama la concha de tu papá y no la concha de tu hermana. Pajea la pija si quieres ser un macho de verdad.
ES	toxic	Qué rico se siente coger con mi vieja, la muy cabrona sabe cómo hacerme gozar y me chupa la verga como nadie, le doy unas chingas que la dejo bien mojada y satisfecha
ES	clean	El 80% de los platos de este restaurante vasco en Errenteria (Guipúzcoa) son creados para ser comidos con las manos, como el brioche de aceituna y jerez, el cordero, la fresa con nata, las tripas coloradas, el velo cremoso de patata ácida, el tuétano negro, la raya o el tocino de vaca asada a hueso
ES	toxic	Su elemento extraño (maketo) es perfectamente homogéneo en el odio a Bizkaya; y pueden sus individuos satisfacer a sus anchas esta pasión, porque hoy ellos son los señores de esta tierra
ES	toxic	Cómo te va a gustar ese manlet, si parece un niño con barba, y encima es un pelotudo
ES	toxic	El judaísmo de todos modos, tiene como uno de sus objetivos principales, el ser disolventes para las culturas goyim, y en ese sentido, el islamismo les sirvió más que adecuadamente para sus fines
ES	toxic	Otro zurdo que solo sabe crear problemas y trata de engañar con palabras bonitas al pueblo!
ES	clean	""" En el tupi y en el guarani, los dos dialectos de la lengua hablada por los indios del Brasll, yuká significa matar"
ES	clean	No hay nada más triste que un payaso triste, salvo quizá un payaso que intenta no parecer triste y solo consigue dar más pena
ES	clean	Es una falta de respeto y una burla a las personas que sufren de autismo y a sus familias, que se use ese término como un insulto o una etiqueta.
ES	clean	A xente a que vai a pasantía? A facer o subnormal ou a estudiar?
ES	clean	Si bien la mayoría de las personas de la Generación Z no está segura de su partido político a futuro, o de cualquier partido, la información sugiere que muchas se inclinarán hacia el partido Demócrata, aunque se aprecia una tendencia creciente entre personas de entre 18 y 29 años a identificarse como independientes
ES	clean	Este se movio con rapidez, entrego un cartucho al Jabao y otro al Morito, el niño del otro calabozo.
ES	clean	¿Qué medidas puede tomar la comunidad médica y científica para garantizar la seguridad de los pacientes y la integridad de los ensayos clínicos?
ES	clean	bueno eso, estábamos allí y, después de unas cuantas jornadas de curro intenso teníamos un día libre
ES	clean	En los años 70, el éxito y la influencia de la revista satírica National Lampoon dio pie a que se creara un nuevo imperio mediático de humor irreverente supervisado en parte por el brillante y bipolar Doug Kenney
ES	clean	Rajoy calcula que con Cataluña podrá tapar la corrupción 2 o 3 meses más, con lo de Maduro dictador otros 3 o 4 meses, con la beca de Errejón y las 2 Coca colas de Espinar 2 meses, si acaso, y ya para final del próximo año tendrán que recurrir al Gibraltar español.
ES	clean	Debemos también educar a las nuevas generaciones para que sean respetuosas de la diversidad y rechacen todas las formas de discriminación.
ES	clean	¿Habéis notado diferencias cuando las depresiones vienen por parte de la madre que cuando vienen de parte del padre?
ES	clean	La escritora recibió el premio Nobel de Literatura por su obra, que explora la identidad, el exilio y la memoria desde una perspectiva feminista y anticolonial.
ES	clean	"Por su parte, el parlamentario de Elkarrekin Podemos-IU Jon Hernández considera que se trata de un ""auténtico escándalo"" y ""grave"", que requiere de una ""autocrítica contundente"" por parte del Gobierno vasco, cuando hay ""miles de profesionales sanitarios que se juegan la vida en primera línea esperando la vacuna"""
ES	clean	"Tengo una amiga bubi que es muy simpática y me enseña algunas palabras de su idioma, como ""basa"", que significa gracias, o ""yova"", que significa amor"
ES	toxic	Lo que quiere decir la dirigente feminista es que con más abortos se habría evitado el cambio climático, es decir, que matar a inocentes es legítimo también en aras del ecologismo
ES	clean	¡Hay tantos grandes artistas Latinx en este momento!
ES	clean	Total que por una buena cascada de irregularidades le cascaron, valga la rebuznancia, un buen pellizco de multa
ES	clean	La educacion en temas de igualdad de genero y respeto es la mejor manera de evitar estos desastres.
ES	toxic	Habrá mucho conservadurismo en la academia (para lo que quieren) pero algunos discursos progres buenistas dan vergüenza ajena, lo de Phoenix y la vaca es una estupidez, y no me gustaron sus aires subiditos mandando callar los aplausos, ni sus lecciones veganas, porque en plan demagogo se le pueden echar muchas cosas en cara a él y su forma de vida, o sea lecciones, ninguna
ES	toxic	Asimismo en el arte flamenco podemos ver reflejados una serie de valores morales y fraternales en su pobreza, en su desvalimiento, en su pena… Todos sabemos que la especie humana es xenófoba y racista por naturaleza y que de esa fractura moral participan payos y gitanos
ES	toxic	Entretanto los sabihondos de logroño en Venezuela, y hala mecates que van a territorio gringo a pedirles que nos invadan, ponen cual ejemplo a seguir a esa sociedad imperialista frustrada, hoy en manos de un magnate orate
ES	toxic	Pero la gente ya no piensa en el clásico “mina linda, frígida y fiel”, ahora esto cambió a “mina linda, antojadiza y sin compromiso”.
ES	toxic	Boliguayos del orto, no saben ni hablar castellano
ES	clean	Ojalá pudiese cambiar los pensamientos de la gente homófoba y racista. Dais asco.
ES	toxic	¿A qué 26 millones de españoles hijos de puta según un general de División, habría que fusilar?
ES	toxic	Muy molesto la autoridad indicó que los gritos no sólo lo afectó a él, sino que también a todo el resto de los residentes del edificio, “rayaron con insultos, con enano no sé cuánto, ministro “c” terminado con “o”, renuncia CTM, encuentro que es el colmo”, agregó Paris
ES	toxic	cuando necesita manipular a una mujer, el psicópata apunta por lo general a mujeres a menudo llamadas del tipo rubia tonta , la clase de mujer que emana inocencia, por lo general inconsciente de su propia sexualidad, de inocencia sosa, y muy seguido no demasiado inteligente
ES	clean	Otro aspecto importante de la cultura china es el baile. Los bailes tradicionales chinos representan el alma y la esencia de la cultura milenaria de este país. Los movimientos de los bailarines son elegantes y sutiles, reflejando la belleza y la armonía típicas del arte chino.
ES	toxic	Obesa????, creo que ya la quisieras tener, o quiza tienes a tu lado una mas fea de las feas, que para que no se enojara dijiste que ella era obesa y que ella era la mas linda, va… mejor compara tu vieja con ella y veras quien es mas obesa…
ES	clean	Si algo caracteriza a la butifarra negra es su inconfundible sabor y textura, además del color que le da nombre
ES	toxic	Esa se abre de patas como Jean Claude Van Dame!! Ya está el manicomio de resentidos psicópatas, esquizofrénicos, paranoicos y demás fauna de trastornados mentales, alterados
ES	clean	"Los únicos proferir menos verdad que los historiadores de la universidad son los ""historiadores"" acarreados hacia fuera en la televisión."
ES	clean	Los hombres y las mujeres no pueden tener los mismos intereses, que no pueden ser amigos sin tener una relación afectiva entre ellos.
ES	clean	Nunca entenderé que se resalte más que son musulmanes (o moros) en vez de señalar lo de que son terroristas...
ES	toxic	España es una mierda, es el principal argumento de la extrema izquierda de Podemos y de la izquierda “moderada” española (y de los separatistas catalanes) para envilecer cuanto huela a la España eterna
ES	clean	Gracias a la gran labor didáctica que han realizado durante décadas los veterinarios españoles, a la alta concienciación de los propietarios, y a que la vacunación es obligatoria en la mayor parte de las comunidades autónomas, en España son excepcionalmente raros los casos de rabia en personas
ES	toxic	No, porque lo lindo que tiene el fútbol es que a veces da gusto perder, mire; porque en definitiva al fútbol lo inventaron los perdedores natos; porque no es como el tenis que si perdés sos un pobre piojoso todo manchado de polvo de ladrillo que llegás a tu casa y tu vieja ni te saluda por pelotudo
ES	clean	El suave salvaje parece normal para el ojo no entrenado, lo bastante normal para pasar por humano... él es el hombre obsecuente, el bastardo adulador que decide quién come y quién muere de hambre, que vive y quién muere.
ES	toxic	como es el tema?? ustedes se hacen las riquisimas aunqe sean incogibles!!! y nosotros somos los histericos??
ES	toxic	Como me jode que me digan que soy machista por defender la tauromaquia. Que cojones tendrá que ver una cosa con la otra? Acaso soy un cerdo por gustarme el arte, la tradición y la bravura de un animal? Que se vayan a la mierda los que me insultan y los que quieren prohibir lo que no entienden.
ES	toxic	Y es que al charnego ya nadie le señala a la manera de entonces
ES	clean	Nadie puede entender lo que se siente estar lejos a menos que también hayas nacido en la cuna bendecida donde nacimos los puertorriqueños
ES	clean	Como @DalasReview siga negando que su hermana es naranja va a volver la discusión del vestido negro-azul versión Color Trump-persona
ES	clean	También conocido como TDHA, el trastorno por déficit de atención e hiperactividad es una enfermedad que altera el desarrollo cognitivo y conductual de las personas
ES	clean	El juguete para masticar para perros Percell con sabor a fresa y nylon viene en 3 tamaños
ES	toxic	indio de mierda, negro vago y cholo apestoso
ES	clean	La gente crece y se hace grande pero el respeto se pierde en la misma proporción del respeto que no se tiene
ES	toxic	La marica se cree que baila bien y solo hace poses de locaza,por mi q se pire el y yurena que tamb se cree que lo hace genial y siempre baila con los mismos pasos Xa baile el q ha hcho la doble de Elena Furiase, q no sé ni cómo se llama! jajaja
ES	toxic	Sus hombres ya se largaron con otras, no se hagan pendejas, pues qu no se han visto como estn de panzonas y de feas?
ES	toxic	No nos importa, lo que nos importa es el pueblo que manda, y ese chingado gobierno tiene que obedecer
ES	clean	La verdad es que los ponjas son muy inteligentes y creativos, tienen una cultura muy rica y variada, y además son muy respetuosos y educados. No hay que juzgarlos por las apariencias, hay que aprender de ellos y apreciar su arte y su historia.
ES	toxic	A ver pendejo, ¿no te das cuenta de que estás apoyando a un dictador que mata a su propio pueblo? ¿No te da vergüenza ser tan ciego y sumiso? ¿No tienes dignidad ni conciencia?
ES	toxic	Retrasado detectado! No deberían dejarlos solos en el pc,se pueden hacer daño al masturbarse el ano con moodem
ES	toxic	Quien con mas Info de Alcazar Maes hace unos dias fui con un compa a Alcazar, y habia una SUPER Perra ahi, quien tiene contactos para que saquen fotos de la guilas ahi, para reconocerla y poder contactarla por afuera
ES	toxic	Aunke ahorita el pais esta más k nunca de la chingada, ya tenemos desmenbrados y narcomensajes en el df, el preciso no puede visitar Tamaulipas x la inseguridad, se aplicaron o aplican, tratamientos contra el cáncer, de agua, privatizan el agua, privatizan la mitad del territorio nacional a las mineras, matan candidatos y periodistas y siempre con la misma impunidad, con un salario minimo k no alcanza ni para medio kilo de carne, la deuda publica al doble y aumento de creditos k habra k pagar x los proximos años, y todavia dicen muchos k estamos muy bien, no privatizan el aire x k no pueden, los hdspm
ES	toxic	Su madre era una histérica, sus cinco hermanos eran todos “raros” y sus esposas e hijos también generaron una importante inestabilidad familiar
ES	toxic	Esto no se puede tolerar más, estas energúmenas, bien llamadas feminazis, muy crecidas tras criminalizar y denigrar al varón con el beneplácito y apoyo del Ministerio de Igualdad, con el dinero de todos los españoles, se permiten el lujo de blasfemar contra lo más sagrado
ES	clean	El término «latinx» también se relaciona con las protestas, con el cuestionamiento del «sueño americano» y el ansia de justicia
ES	toxic	El segundo método deguerra genocida de violación descrito por Allen consiste en elegir al azar a serbios de Bosnia-Herzegovina y mujeres croatas ya detenidos y violándolas antes de ejecutarlas.Es una forma de violación y tortura que precede a la muerte de las mujeres.
ES	clean	Incluso depresiones delirantes con temas hipocondríacos en relación al coronavirus
ES	toxic	que asco de vieja, se puso botox en los labios y parece un pato inflado
ES	toxic	Si los ejércitos dejaran de reclutar a gente pobre y estúpida, ¿qué sería de nosotros? El problema es que él no es una excepción, sino más bien la expresión de una norma
ES	clean	No quieren que la discriminación ni la desigualdad siga siendo la norma en la sociedad, y quieren luchar contra ello.
ES	toxic	El coronavirus es un castigo divino por los pecados del mundo, especialmente por el aborto, la homosexualidad, el feminismo y la apostasía de la fe. Solo los que se arrepientan y se encomienden a Dios y a la Virgen se salvarán de esta plaga apocalíptica
ES	toxic	“Hace un chingo de años que los indios éramos bien chingones, pero llegó un chingamadral de chingados gachupines y los muy hijos de la chingada a puros chingadazos nos chingaron toditos
ES	clean	Después de todo, el calentamiento global y el cambio climático son sobre todo una cuestión de ética y equilibrio ecológico, no de ciencia
ES	toxic	hay que ser un ignorante, un estúpido, o un malvado para obviar la empecinada realidad: que el mundo musulmán considera a la civilización occidental judeocristiana como un mundo decadente, la máxima representación del mal, el enemigo a batir… y mientras, muchos siguen hablando de conciliar, de dialogar, de acoger generosamente a todo aquel que nos llegue, no importa de dónde, con tal de no evitar ser llamado xenófobo, racista, e insensateces por el estilo
ES	clean	Durante nuestra erguida estancia y también estando sentados, todo el despliegue folclórico aparecía y desaparecía entre los pasillos de los vagones, vendedores con enormes cestas de mimbre que vendían desde garbanzos calientes, albóndigas de lentejas, cacahuetes y demás alimentos, los había minusválidos, o bien ciegos o carentes de algún miembro, que amenizaban el largo
ES	toxic	El negro es el peor de todos, el que nunca tiene respeto por nadie, el que solo se cree importante porque se cree que tiene más poder. ¡Vete al carajo!
ES	toxic	Malparido, eres un malparido, un cínico, un hijueputa, un lacayo, un patan, un soplón, un traidor, un mentiroso, un oportunista y un vende patrias.
ES	clean	Barbaridades que se ven y se oyen en este país, donde la impunidad, la violencia, la pobreza y la ignorancia se combinan para crear escenarios de horror y desesperanza, como el de los 43 normalistas desaparecidos, o el de los miles de feminicidios impunes, o el de los niños sicarios y los migrantes masacrados
ES	toxic	Pero bueno, mientras que haya cerdos babosos y degenerados que pagan por sexo, invitan a cenas, copas o mantienen mujeres, pues oye, asi os seguiran tratando, es lo que tiene regalar tu dignidad como persona y ser un cerdo o un pagafantas
ES	clean	El mundo no necesita más impunidad, necesita justicia y libertad.
ES	clean	Alrededor de Cerro Sombrero hay extensión de pastos, una tierra plana sin apenas depresiones o elevaciones
ES	toxic	el peligro amarillo
ES	clean	«La Patata Caliente» es el blog donde encontrarás noticias curiosas y parasubnormales, canciones frikis y retrohorteras, vídeos, monólogos, publicidad, artículos de teletienda de lo más variopinto y un largo etcétera
ES	toxic	El caso es que de pan se ha hablado en este blog a mansalva, mucho, documentado y científico, pero no, hay gente que no ha captado el mensaje tan sencillo: dejad ya de tocar las pelotas con el pan que no nos hace falta un diplomado, un/una histérica, un indocumentado, un pseudo-googleliano “jarto” de leer y leer, un aprediz, un mamarracho, un tocapelotas de medio pelo, un iluminado repetitivo, y hasta un par o más de trolls
ES	clean	Basta de usar el calentamiento global como excusa para todo. Hay que asumir la responsabilidad de nuestros actos y buscar soluciones reales.
ES	clean	@AngelBlanco_M @JosPastr Si rechazar dictadores como Franco o Maduro es ser perroflauta entonces lo soy. Da igual izquierda o derecha.
ES	toxic	Qué asco de feminazis, que solo buscan privilegios y victimizarse, que odian a los hombres y a la familia, que quieren acabar con la libertad de expresión y de educación, que fomentan el aborto y la ideología de género, que manipulan las cifras y las leyes, que se alían con los progres y los rojos para destruir nuestra cultura y nuestra patria
ES	toxic	El supuesto novio mucho me temo que o es tonto o mongólico y va detrás de la pava como un subnormal sin carácter y cuando cambia de instituto, lo mangonea otra pava
ES	clean	@cfcuartero1 Sí, sí, me mola! JAJAJAJA!!! Pero los amigos de los nazis no érais vosotros, los fachas?
ES	clean	Y entendí que es mejor hablar con acento, que hablar sin acento y sin entender que cada uno habla de forma diferente con una cultura única.
ES	clean	Los inviernos son frígidos, pero los veranos son un poco más cálidos que en otros lugares del Ártico Canadiense.
ES	toxic	Angelici le cortó mascullando “LPM, este bolita (?) es igual al pata sucia de Riquelme”
ES	toxic	Muy interesante (y turbador) su comentario; no es la primera vez que escucho esa especie de conspiración; existe bibliografia al respecto? Estimado, pareciera que todo sionista de ley finge actuar – para teatralizar imparcialidad — de ambos lados del mostrador … Ironics es un pobre Zaino resentido porque el mundo está despertando del holocuento y se está dando cuenta que los verdaderos asesinos del mundo son los sionistas
ES	toxic	esa fue la solucion , nos quitamos de esa plaga de franeleros
ES	clean	"Y cuando les doy una razón, me dicen """"ah si, es que hay hombres que tienen suerte"""" pero a la mayoría, les preguntan quién los riega, quién les hace el almuerzo, quién les plancha, etc."
ES	toxic	PUtos Judíos hijos d la chingada,, son unos malditos genios,
ES	toxic	¿Margot es adicta a la morfina, prostituta o ambas cosas?
ES	clean	¿Por qué Estados Unidos y Canadá son países primermundistas, y de México a la Argentina somos países tercermundistas, en verdad?
ES	clean	Las personas con trastorno bipolar experimentan cambios bruscos del estado de ánimo
ES	toxic	lambisconeando a jefes prepotentes mal cogidos, guardando u olvidando toda mi creatividad, deseando que llegue la hora de salida para ir a echarme a la cama y ver televisión y a la mañana siguiente la misma rutina los siete días de la semana por un sueldecillo pedorro que no me alcanzaría ni para tragar, con ese atractivo no creo que encuentre un cariño sincero, eso es peor que prostituirse por 100 pesos, no encuentro mucha dignidad en este panorama
ES	clean	¿No comprenden que cuando se está en la cola y continuamente te empujan hacia atrás, quedándote cada vez más lejos del principio, en algún momento directamente te sales de la cola?
ES	toxic	En Cataluña respaldaron a un charnego como Montilla
ES	toxic	"hasta los hijos de ""charnegos"" consiguieron cotas economicas equiparables a los catalanes ""de cepa"", Jolin si se consiguio lo impensable: Sustituir al podopoderoso CIU por un ""charnego"" en el ""gobern de la generalitat"""
ES	toxic	¡Adicionalmente, será más cálido que un macaco con las piernas abiertas!
ES	clean	Y también hay quienes se puede decir que está aquí para ayudar, incluso cuando tienen su propia agenda.Mi intención no es hablar mal de ciertos grupos y alabar a otros.Yo le doy algunos datos y, a veces saco algunas conclusiones, pero la conclusión final debe ser suya.
ES	toxic	Tienes cara de niño sucio, con pinta de soltero, andas todo el día pareciendo un gitano.
ES	toxic	Que se vaya a su país, que aquí no lo queremos, que se lleve a su mujer blanca y a sus hijos mestizos
ES	clean	En efecto el pecari de labios blancos (paki) es un animal muy peligroso, que hace frente pues respaldándose contra un árbol cuando es atacado.
ES	clean	Faltusco es un localismo predominante en Córdoba y en diferentes localidades como Baena, Villafranca de Córdoba, Lucena, Priego de Córdoba y otras poblaciones de la Subbética Cordobesa, con el cual se designa a alguien cuyo comportamiento no alcanza a ser el que se considera normal, o normalizado conforme a los estándares comunes, 
ES	toxic	No les pongamos cara al complot de gringos malditos, que siempre nos estafan y bancos nos quitan
ES	toxic	Es que las embaixadetas catalufas no tienen estatuto de extraterritorialidad alguno: son chiringuitos chorras, para derrochar pasta dando curro a los salvapatrias de la tribu
ES	toxic	Eres un pendejo de primera, crees que eres el más chingón y el más listo, pero no eres más que un pinche lamebotas de los poderosos, un traidor a tu pueblo y a tu patria, un vendido sin dignidad ni vergüenza
ES	toxic	Anda, sé honesto, no eres feminista, eres feminazi. Al menos puedes ser coherente con tu postura.
ES	clean	A través de sus aventuras, el autor retrata la sociedad sureña y sus contradicciones, con una mezcla de humor, ironía y crítica social.
ES	toxic	le encantaba que le dieran por el culo, se movía como una loca y gemía como una perra
ES	toxic	Apenas tiene doscientos habitantes y quien no es un drogadicto o un borracho es un subnormal fruto de la endogamia
ES	clean	El movimiento feminista también debe reconocer los privilegios que poseen algunos grupos sobre otros, y buscar formas de combatir la discriminación y la opresión a través de la creación de una sociedad más justa y equitativa.
ES	clean	Esta propuesta incluye programas de educación y empleo para los migrantes, así como la protección de los derechos humanos.
ES	toxic	Tiene que llover a cantaros, para llevarse a los que odian, a los resentidos, a los envidiosos, a los que solo quieren hacer daño, a los Psicópatas, a los que tienen mala leche y mala baba, a los que son violentos y a los imbéciles… No es un insulto, si no un constatación de la realidad, de diverso pelaje y para esto nada mejor que una canción de alguien que no pasaría vencedor por LA VOZ, ni falta que le hace ni le hizo
ES	toxic	¿sera por algun tipo de complejo de inferioridad, envidia de que tu pingüinillo no esta donde no puede estar gracias a pendejos como tu?
ES	toxic	“Le creé un perfil a mi hermana y porque cuando yo subía alguna foto de ella a mis redes sociales mis amigos siempre le hacían preguntas a la perra”
ES	toxic	La histeria femenina debía ser censurada
ES	toxic	¡Por qué me toca trabajar con este chino estúpido!
ES	clean	Con el periódico del lunes, con el cual siempre será mucho más fácil analizar, la dirigencia rayada atinó en lo que en su momento parecía una loca y hasta estúpida aventura al intentar copiar lo que habían hecho en la acera de enfrente
ES	toxic	Tu eres un mongolo, ¿sabes? Un auténtico mongolo.
ES	clean	Cuando vas a un restaurante y compruebas, que no solo tienen platos sin gluten, sino que además saben de que va el tema, que tienen cuidado con la contaminación cruzada, que no piensan que eres una histérica, que cuidan hasta el más mínimo detalle… es un gustazo encontrar sitios así, donde nos cuidan y somos uno más
ES	toxic	Vete al carajo, maldito parasito. Eres un fracasado y un inútil.
ES	clean	@MaykaAlma @LeyendaGamesYT Si eres andaluza está recogido en la Constitución. Aquí abajo por encima de 35° no abrimos hasta las 14:00/15:00 por ley. XD
ES	toxic	"""Aznar no tienes derecho a meterte en los asuntos de México"", ""que se vaya el gachupín vendido, por ruin"", ""Aznar, Aznar, mejor vete a rebuznar"" y ""Aznar cachorro del imperio"", señalan las cartulinas que portan los protestantes, algunas de ellas ya mojadas por la lluvia"
ES	toxic	Me recuerda al subnormal que subió a un bus a robar, el conductor aceleró, no le dio tiempo a bajar y todos los pasajeros le molieron a palos, le desnudaron y lo volvieron a tirar a la calle, la gente se cansa de vivir con miedo y a la que pueden zurrar a uno de esos mierdas pues pasa lo que pasa
ES	clean	¿La oscuridad se ha envuelto a si misma a vuestro alrededor, tan completamente, que no podéis ver u os habéis ennegrecido tanto que ya no podéis desear ver?
ES	toxic	Los derechohabientes del seguro son unos hijos de la chingada, les dices, vengan por su medicina, hagan sus consultas y les vale madre, pero ahí vienen en chinga cuando todo se complica a que uno haga maravillas
ES	toxic	1CHF y sus coletillas judeo masónicas social comunistas y sus improperios del tipo piojosos
ES	clean	Cuando ennegrece, decimos que es la llave de la obra, pues sta no se hace sin negrura
ES	toxic	Que bueno que te guste el sabor del semen, porque te voy a llenar la boca de mi leche caliente, mami. Me encanta como me chupas la verga, como me miras con esos ojos de puta, como te metes mis huevos en tu boca. Eres una mamadora de primera, mi amor. ¿Te gusta que te agarre las chichis así, que te las apriete, que te las muerda? Están ricas tus tetas, gordas y firmes. ¿Quieres que te coja ya, que te meta mi verga hasta el fondo de tu panocha? Dime que sí, dime que quieres ser mi puta.
ES	toxic	Los andaluces estamos hasta los cojones de se aqui los pagafantas de una amiga que se llama democracia y que se enrolla con el capitalismo mientras trabajamos al sol
ES	clean	Creo que ya saben que hay en nuestro país niños, a quienes se les ha caducado su permiso de residencia (ilegales o “sin papeles”) que permanecen en casa sin asistir a ningún centro de enseñanza.
ES	toxic	No sé, pero sólo pensar en un Marcelo panzudo recién salido de una lesión «defendiendo» la banda por la que entra Robben da para que cambien la efigie de Flanders en el trofeo histérica por una mía con un dildo en un culo
ES	clean	Son conocidas ciertas habilidades de los oligofrénicos como la capacidad para memorizar números telefónicos y el seguro triunfo en el ejercicio de la aliteración
ES	toxic	En el marco del movimiento conocido internacionalmente como “SlutWalk” (“marcha de las zorras”), las participantes recorrieron las calles céntricas de la parte occidental de la ciudad ante la perplejidad de los viandantes y gritando consignas como “¡Basta ya! Culpad al violador”, “Mi cuerpo es sólo mío” o “No significa no,
ES	toxic	Uuuuuu que alegría, de verdad que no comprendo, parece como si los chinos vinieran a traer riqueza, industria y prosperidad, asta ahora lo que traen es miseria y pandemias
ES	toxic	Luego me pillaron en un local de variedades con el mariquita presentador, el mago y el mimo, me parecía que había tocado techo
ES	toxic	El Inter es un rival jodido que nos quitamos en octavos, el objetivo debe ser entrar como primero y que los primeros de otros grupos se coman a estos cabrones, así es como se debe ver, y ya si Zidane echa un vistazo a algún vídeo de un partido del Shakhtar y el Gladbach y le cuenta a estos subnormales que como salgamos a tontear nos pintan la cara, mejor
ES	toxic	@asv97 Si pensabas que con esto ibas a limpiar un poco tu imagen que error, si con tu TQD quedas como un pijo, déspota y repelente, con esto confirmas que eres subnormal
ES	clean	Tarea difícil para una persona que padece el Trastorno por déficit de atención, una de las causas más importante de fracaso escolar
ES	clean	La izquierda está en una lucha constante para legalizar el aborto mientras la derecha lucha para que siga siendo ilegal.
ES	clean	Quiero conocer a una sueca que se llame Ingrid, que sea rubia, que tenga ojos azules, que le guste el cine, la música, los libros, la naturaleza, los animales, la cocina, el deporte, el arte, la historia, la ciencia, la filosofía, la política, la religión, el humor, el amor, la vida...
ES	toxic	Nada peor que un mentiroso, un hipócrita, un kirchnerista, un feminista, un fanático, un tarado, un ignorante y un oportunista.
ES	toxic	Ahora me explico porque los uruguayos, chilenos, brasileños y demas paises de sudamerica los quieren…………………… pero 3 metros bajo tierra y haz cuenta piojoso cuantos argentinos estan trabajando en México cada dia son mas, son como una plaga de piojosos que hay que combatir para el bien de la humanidad
ES	clean	Nacido el 3 de junio de 1931 en el oriente de la isla, Raúl Castro es el opuesto físico de Fidel: bajo, de pelo negro, ojos achinados y modales menos suaves, sin embargo, ambos fueron una dupla inseparable en más de cuatro décadas de revolución.
ES	toxic	Jajaja, ¿lucha por la dignidad y la soberanía de tu pueblo? Jajaja, qué patético, indio traidor. Tú eres el que se vendió a los narcos, a los terroristas, a los chavistas, a los iraníes, a los chinos, a los que quieren destruir nuestra patria. Tú eres el que apoya a un dictador que robó, mató, violó, y se burló de la democracia. Tú eres el que quiere imponer una ideología retrógrada y fundamentalista, que niega la diversidad y la libertad de nuestro país. Anda a rezarle a tu pachamama, que seguro te castiga por ser tan cobarde y miserable.
ES	toxic	La culpa de todo la tienen los catalanes, que si no fuera por ellos, España seria un pais rico, prospero y democratico.
ES	clean	Admiro la abnegación de ese ejercito de ´cholitas´ ; puras incas, con sus trajes coloridos, sus enormes sombreros que les protegen de un sol de justicia, trabajando el día entero en la calle
ES	clean	Este año creo que volveremos a ir a bariloche y sin duda esperamos volver a visitarlos!!!! aguent la perrrita un poco gordit pero muy cariñosa jeje Estuve en el camping este verano, viajamos desde Mendoza
ES	clean	Hay una diferencia significante entre el Quechua monolingüe que tiene una morfología compleja completamente desarrollada y el Quechua bilingüe que tiene una morfología sinplificada debido al dominio del input español
ES	toxic	“Los negros son mis mascotas”
ES	clean	Bastante obvio es que el dinero sucio en las elecciones siempre ha habido, pero lo que no es tan obvio es quién lo aporta, quién lo recibe, y quién lo encubre. Eso es lo que intenta investigar y denunciar el periodismo independiente y crítico, como el de Aristegui y otros.
ES	clean	Hace ocho años le diagnosticaron trastorno bipolar en grado 1, el más grave en esta enfermedad, y desde entonces ha sufrido en propia piel lo mal articulado que está el sistema y el deterioro que está sufriendo en estos últimos años
ES	clean	Quiero agradecer a todos los que me han apoyado en este proyecto tan bonito y significativo para mí. Ha sido un honor compartir con vosotros mi pasión por la música y la cultura. Gracias por vuestro cariño, vuestra generosidad y vuestra ilusión. Sois lo mejor que me ha pasado.
ES	clean	El objetivo que su diseñador busca es evitar que los niños perciban mensajes que puedan crear los estereotipos que condicionan o acomplejan en edad adulta
ES	clean	No hay cosa más bonita que ver a una pareja de viejitos cogidos de la mano, paseando por el parque, mirándose con ternura y recordando sus años de juventud
ES	clean	No hay cura, no hay vacuna
ES	toxic	Okomo no es aceptada en su comunidad fang por su condición de bastarda.
ES	toxic	en la realidad nadie pensaba más que alguno que otro idiotizado y dogmatizado en contra de AMLO que con ello lo podrían tirar y bueno, pues, no estuvieron tan fuera de sitio porque los mismos compañeros y aliados de AMLO cayeron en el garlito y en el engaño
ES	toxic	Chairo, chairo, chairo, esa es la palabra que usan los que no tienen cerebro para pensar por sí mismos y solo repiten lo que les dice la tele, el radio, el periódico o el cura.
ES	clean	¿Sabes por qué? Porque son jodidamente divertidos
ES	toxic	¡Ella no tiene nada los pies grandes, vos tenés los pies chiquitos, muy chiquitos, culo chato de mierda!
ES	clean	asi que me di cuenta que el dialecto no importa tanto, sino la forma en que uno se expresa con libertad
ES	toxic	La chingada, la hembra, la pasividad pura, inerme ante el exterior
ES	clean	La gente que dice que solo es para niñatos se equivoca, pues los cuarentones comiqueros son los que más saben de clásicos, y los que más han leido porque llevan más tiempo en el mundo
ES	toxic	habia un colgado ,pupi ,que viene un dia a la esquina donde parabamos y nos muestra un pomo con gatillo ,mira que bueno ,regas las plantas ,rocias la ropa al planchar y en carnaval jugas al agua ,quien sabe como se patenta ,lo sacamos cagando (teniamos 16 a 17años) ,rompio las bolas bastantes veces hasta que los milicos prohibieron el carnaval y el tema paso
ES	clean	Entonces cuando te pones ese outfit y te miras al espejo el amor vuelve a nacer, no puedes evitar que tu lado narcisista haga que te enamores de ti misma
ES	toxic	Ese presidente honesto y patriota es un traidor y un inepto, que ha llevado a México al caos y a la pobreza, y que se vende al narcotráfico y a la tiranía de Maduro
ES	clean	Esto es asombrosamente cercano a los escenarios actuales de la vida real, la comportamiento y pensamiento del psicópata, que son presentadas en el libro de Cleckley, La Máscara de la Cordura - The Mask of Sanity .
ES	toxic	Los musulmanes que están en nuestro país deben respetar nuestras leyes y nuestras costumbres, y no imponer sus creencias y sus normas, que son retrógradas y opresivas, especialmente para las mujeres y los homosexuales
ES	clean	Esta discriminación ha llegado a ser una práctica común entre los adolescentes, quienes son particularmente proclives a la aceptación de los estereotipos contribuyendo así la aceptación y perpetuación de la homofobia.
ES	clean	Esta también el mentiroso, el guapo, full nave, buen cuerpo, buen brete, profesional etc.
ES	toxic	Que vergüenza de programa, solo saben manipular y mentir. No tienen ni idea de lo que es el periodismo. Son unos vendidos al poder y unos lameculos de los políticos.
ES	clean	Si Trump tiene el objeto de mostrarse a sí mismo como el representante del más radical de todos los cambios, lo cierto es que enfrenta la ímproba tarea de intentar conformar a sus electores –a quienes prometió el oro y el moro…- sin atacar demasiado las bases de la internacionalización del capital
ES	toxic	La lesbiana hereda de la bollera su completa dedicación al homoerotismo y de la femme su adecuación al rol de género, al tiempo que el gay hereda del marica una vida de placeres exclusivamente homoeróticos mientras del maricón hereda el rol de género, incluso hasta el extremo (como los culturistas)
ES	toxic	Mi afirmación fue contestada con un siempre agradable «Me das asco maketo»
ES	clean	En ella, cuenta la historia de la improbable amistad que se forma entre dos jóvenes: Gabriel, un joven e imprudente batería con trastorno bipolar, que se deleita en rechazar las reglas de la sociedad y Christopher, un joven de 17 años con síndrome de Asperger, que anhela encajar
ES	toxic	los que han apostatado de la fe de nuestros padres y han trocado sus costumbres por las extrañas; los que deshonran su apellido y la sangre de sus venas, y se enlazan con el extranjero que vertió la de nuestros padres, los que, no contentos con extranjerizarse ellos mismos y ser desleales hijos de su Patria, embaucan con mentido fuerismo a sus paisanos, haciéndoles enemigos de sus propios hogares y familias; en una palabra, los bizkainos espurios que nosotros llamamos maketófilos o españolistas; esto es, amigos de los españoles; ésos son ellos
ES	toxic	Asco de vikingos subnormales, vergüenza me daría a mi con un presupuesto de 550 millones decir que el Atleti robó ante el Atlhetic cuando hace dos jornadas contra el villareal nos robó a nosotros
ES	toxic	Yo por sistema no les voy a dar un puto euro a esa panda de hijos de puta delos franceses, que se cargaron en el siglo 17 a casi un millon de españoles, cuando el subnormal de rey que teniamos les dejo entrar en españa
ES	toxic	si vamos a jugar a las pendejadas tus amiguis ya llevan vuelo… lo deberian usar para hacer campaña en contra de la obesidad infantil, entonces asi los morritos si se asustaran de lo que les puede pasar si siguen astascandose chucherias jeje q onda con esa mamada de regueton otro poco y creo que es dady yankey jjjj no c ni como se escribe, casi dan ganas de vomitar
ES	toxic	Y si esto no te convence siempre puedes optar por la soledad y follar con quien te salga del chichi cuando te salga del chichi o hacerte monje cartujo y dedicarte a la vida contemplativa en un monasterio de la mano de Dios
ES	toxic	El último hombre que te dijo puta, folla con ratas
ES	toxic	Joder, qué asco me dan los travelos, son unos enfermos mentales que se mutilan el cuerpo y se creen que son del sexo opuesto, deberían estar encerrados en un manicomio y no contaminar la sociedad con sus aberraciones
ES	clean	Diego era nuestro, profundamente villero, profundamente de barrio, y eso tiene una conexión con el feminismo popular indestructible
ES	clean	El Pucará de Tilcara, ubicado en esa bella y apacible ciudad jujeña, marca la presencia del aborigen en el Norte argentino, su forma de vida comunitaria y supervivencia.
ES	clean	Comienza la temporada de la grosella negra en #FrutasJavierMartin. Son de El Bierzo. Ricas en vitamina C. Nave D de nuestro Mercado Central https://t.co/dMDPVuMBXe
ES	toxic	y » letrinoamerica» GALOPEANDO hacia el MAR de felicidad a lo «Como bien dices, ellos no tienen embargo, ellos tienen castrismo
ES	clean	El aborto es un asunto en el que los gobiernos y la sociedad deben respetar el derecho a escoger, aunque en algunos países este derecho no está reconocido.
ES	toxic	Si fue un demente lo deberían haber encerrado en un manicomio y sus seguidores deben ser dignos de lástima
ES	toxic	Muy de acuerdo, lo que entró al Capitolio fueron las huestes terroristas de ANTIFA de origen comunista progresista globalista que obedecen al Estado Profundo al testaferro Soros y a esos grupos de poder que quieren un nuevo orden mundial totalitario y ESCLAVISTA como quiere el Régimen Totalitario Comunista Chino
ES	toxic	No te olvides de los juden del lobby gay, que quieren imponer su agenda degenerada y destruir la familia natural y cristiana
ES	clean	A la mañana, la Academia de la Lengua Vasca – Euskaltzaindia – en una ceremonia oficial de ingreso, nombró académico de número un hijo de Maule-Lextarre, el lingüista Battittu COYOS, que pronunció un discurso cuyo tema era «Las dos dicotomías de la lengua vasca» a saber, por un lado entre “nuevos vascófonos” y “vascófonos de nacimiento”, y por otro entre los dialectos vascos y el vascuence unificado (euskara batua).
ES	clean	El cuñado de Arrimadas llama ‘fachas’ a Cs  @lavanguardia https://t.co/tMtV3IkBcj
ES	toxic	te crees el más choro y el más vivo pero eres un ignorante y un mediocre
ES	toxic	Si eres tan pendejo que todavía crees que a ti NO te afecta que el gobierno despida a 44 mil trabajadores de Luz y Fuerza y le crees a Televisa y a TV Azteca que estos trabajadores vivían en los lujos con unos sueldazos de miedo y que son los culpables de que el país esté a punto de una guerra civil, nada más piensa idiota
ES	toxic	Esta policía de mierda que nos toca en España, que no saben cómo dominar a un morero de mierda que lleva un cuchillo y lo tienen que fusilar. Después se lamentan de que les digan de todo y les lancen pedradas.
ES	toxic	Hombres subnormales, intelectualmente incompetentes, de falsa modestia; pero si le pones trajes dorados, palabras rebuscadas y un rito arcano, tienes un dios
ES	clean	A pesar de la discriminación, migración, interacción y reasentamiento que han sufrido a lo largo de los años los garífunas, es sorprendente ver hoy en día, la identidad de esta cultura fuerte y que permanece en diversas expresiones y formas
ES	clean	Búsquedas de la NASA, submarinos militares, satélites y fotografías aéreas han hallado evidencias inequívocas de la existencia de una tierra hueca, habitada por seres inteligentes.
ES	toxic	Huele a gorilón resentido y medio putón, ¿vissstesss?
ES	toxic	Vete a tu puto país a odiar inmigrantes, puto inmigrante
ES	toxic	Ahora anda por el mundo el virus del kirchnerismo, donde el intelecto se pierde, la realidad se distorsiona, el resentimiento crece y la corrupción se instala.
ES	clean	@petxako @ManuAnxo aaaaa claro,q los rojos no trabajamos..q gran argumento..venga amigo,sube el nivel y deja d hacer el.ridiculo
ES	clean	A través de amigos pescadores recorrimos diferentes playas, y nos quedamos en Miramar, donde abundan los pejerreyes panzones
ES	clean	esta nueva visita a China me dejó convencida de que no tenemos ni idea del potencial enorme que esconde tanta disciplina, tantos años de abnegación y tan supremo orden aprendido con un rasero más firme y exigente que el de la mayoría del planeta
ES	toxic	O mejor, como eres un FollaLlamas dedique a eso, a meterle la polla a una Llama y así calmar tus esqueizofrenias y tus ataques de histeria paranoide, aver si te queda claro: NO ES CULPA MIA QUE TUS PADRES FUERAN HERMANOS
ES	toxic	Un país bananero, tercermundista y en retroceso; eso es Mèxico
ES	toxic	"entre los ascendentes de los vascos no hay ningún ""moro"", ni ningún judío —del que dice ""no tiene más ideal que el vil y ruin de las riquezas""—, lo contrario de lo que ocurre con la ""contaminada"" raza española, que por ello se ha convertido en una raza impía —""las razas árabe y hebrea habíanse ya entremezclado con la raza española."
ES	clean	Millet.- La CUP pide la comparecencia de Mas y Gordó en el Parlamento catalán https://t.co/mZqdxTaptS
ES	clean	en la cultura fang está mal visto que una mujer tenga ambiciones políticas
ES	clean	@lugaricano @jodido_cielo @Pablo_Iglesias_ en ciudadanos son conscientes de que gobiernan con los herederos del franquismo???
ES	toxic	Blanca debía de estar muy abajo en la lista, era sólo otra puta superflua
ES	toxic	Si por él fuera, los mandaría a todos a la mierda
ES	clean	Colocan la silla bruscamente y noto el viento cálido en mi espalda mojada de sudor
ES	toxic	Es una mierda pinchada en un palo, hasta un mongolico con sindrome de dawn y paralisis total actua mejor que el
ES	clean	La alta tasa de problemas de aprendizaje en estudiantes con Síndrome de Down, esconde muchas veces un amplio rango de habilidades y talentos.
ES	clean	@KohTron @EqInvestigacion @laSextaTV Eres racista si pretendes que por ser de Honduras valga menos aunque haya crecido en Europa.
ES	clean	"debe hacer lo posible para desencadenar el ataque final y, donde no pueda hacerlo, afrontar la derrota, pero no debe pronunciar jamás un imbele y derrotista ""vade retro Satana"", que equivale a implorar estúpidamente la tolerancia o el perdón del enemigo de clase"
ES	clean	En realidad, fue una carta que Edinson se escribió a sí mismo, al Pelado, como le decían en su casa durante su infancia por tener poco pelo (vaya paradoja)
ES	clean	la culata me quedaba larguísima y tenia que estirar el cuello como las tortugas para ver algo por el visor; y el visor de los chinos que lleva no ayudaba mucho la verdad
ES	toxic	Y muchas veces le he oído afirmar que comenzó a sustituir su pene por el pezón de mi madre mientras yo todavía era un bebé.
ES	clean	nos vinimos arriba y hoy que he tenido un día ocupado de cojones, he hecho todo con una resaca de puta madre, pero con una sonrisa perenne en la jeta
ES	toxic	Y es que la actitud de echar la culpa al que viene de fuera, ya sea godo, moro, negro, sudaca, güiri o canarión que también sucede, es una huida hacia delante de este tipo de impresentables que si tuviéramos que tipificar del alguna manera lo haríamos como belillos porque sin duda los males de Canarias están en ellos y no vienen de fuera
ES	clean	El cine es un arte maravilloso que nos permite viajar a otros mundos, conocer a otros personajes y sentir otras emociones, pero también es un negocio que mueve millones de dólares y que genera una gran competencia entre los estudios de Hollywood
ES	clean	Incluso los discapacitados mentales tienen un lugar en la sociedad.
ES	toxic	No se puede ser más imbécil y retrasado mental que este
ES	clean	Además de la anterior documentación, los/las aspirantes con minusvalía deberán adjuntar a la instancia de participación, la acreditación de la condición de minusválido/a y del grado de discapacidad, expedida por órgano competente
ES	toxic	Hoy siguen deseando acabar con los Judíos ,con todos ;y no son tan solo los Nazis con camisa pardalos los que tal cosa quieren ,son también los dementes que pueblan Irán,Líbano, los terroristas de Hamas,AlQaida,etc…etc…,la lista es larga,muy larga
ES	clean	El hijab no es una imposición, es una elección personal de cada mujer musulmana que lo quiere llevar. No confundas el feminismo con el etnocentrismo. El feminismo es la lucha por la igualdad de derechos y oportunidades entre hombres y mujeres, no el desprecio a otras formas de vida
ES	toxic	"Es increíble, que la bronca por la canción ""puto"" se la lleve Molotov, cuando hay cientos de canciones, con letras machistas, misóginas, xenófobas y homofóbicas sin que nadie levante un solo dedo."
ES	toxic	Que te crees pinche güero de mierda, no eres mejor que nadie, vete a tu país y no vengas a robar nuestros recursos, hipócrita.
ES	clean	Las personas que sufren de misofonía menudo se sienten alienadas y incomprendidas porque otros pueden considerarse las histéricas o demasiado sensibles
ES	clean	No sé si abandonar Facebook por un día te hace feliz, pero que los fachas dejen España para siempre debe de ser la ostia.
ES	toxic	siempre parecerán hombres que se visten de mujer
ES	toxic	no se esconde siquiera el sureño departamento camorrista-ndranghetista que intercambia 50 euros y una bola de mozzarella por un voto, permite obrar a la cricca (pandilla) democristiana a su antojo con leyes derogadas para robar más y mejor en la Protección Civil
ES	toxic	No te dejes engañar por ese chino de mierda, es un jugador de poker y no un economista
ES	clean	¡Se nota que vives en el primer mundo civilizado!
ES	toxic	Simone de Beauvoir: la partidaria de la pedofilia que formuló las bases de la ideología de género – Asociación LIBRES PARA ELEGIR la educación de nuestros hijos En fin, si éste es el referente del feminismo de género en materia de pensamiento, muchas familias tienen motivos sobrados para sentirse alarmadas
ES	toxic	Son premios del agresor y el alcahuete, y niños de todas las edades son violados, torturados, obligados a ejercer la prostitución, traficados con fines pedófilos, y vendidos a la élite para abuso ritual satánico.
ES	toxic	La zorrita tras masturbarse fue como una perrita y le comió la polla, se notaba quien mandaba allí
ES	clean	En nuestro lenguaje cotidiano, gracias a la divulgación que ha tenido la psicología en los últimos años, utilizamos expresiones como: tal cosa “me obsesiona”, “es una histérica”, “estoy con una depre”, “vos no estás enfermo, lo que pasa es que somatizás”
ES	clean	Pero llegado a este punto, tengo que linkaros otra página, un poco petardera, pero quién no tiene una petarda inside?
ES	clean	La aparicin de esos males es favorecida grandemente como consecuencia de la posicin casi siempre defectuosa impuesta al cuerpo; por lo dems, son tan frecuentes que muchas personas y hasta mdicos afirman que, tanto en las regiones de Yorkshire y Lancashire como en las de Northumberland y Durham, puede reconocerse a un minero entre cien personas nicamente por su cuerpo
ES	toxic	Una mujer negra y tan obesa como esta guarra solo puede conformarse con una buena polla negra también
ES	toxic	Me da risa el tonto de Maduro que se cree el líder de una revolución bolivariana y socialista. Es un títere de Cuba y de Irán, que vive rodeado de lujo y corrupción mientras el pueblo venezolano se muere de hambre y de violencia. Es un cobarde que no se atreve a enfrentar unas elecciones libres y transparentes.
ES	clean	Dicho de otra manera, demente es alguien que sufre deterioro de las facultades mentales debido, principalmente, a la edad o a una enfermedad
ES	toxic	No seas pendejo y no me escribas para pedirme el favor de que le diga a mi hermana que se reconcilie contigo, si fuiste tú el que la engañó y la trató mal. Mejor asume las consecuencias de tus actos y deja de molestar.
ES	clean	El solo hecho de ver como en plena calle, se celebran los triunfos del equipo A como si fuesen los del equipo B, la cosa ya se pone seria.
ES	clean	No se puede hablar de un feminismo único, sino de diversos enfoques, corrientes y perspectivas que comparten la crítica al patriarcado y la defensa de la igualdad, la libertad y la justicia para las mujeres
ES	clean	No hay necesidad de discutir la supremacía de género, pues la igualdad es un principio básico en nuestra sociedad. Las cualidades de ambos géneros se deben respetar y aceptar, de modo que ninguna sea menospreciada.
ES	toxic	Si no tenes huevo para decir que somos iguales tu eres el cheto, el chorro, el idiota
ES	toxic	Las vacunas contienen además otros ingredientes peligrosos, como el formaldehído, el aluminio, el polisorbato 80, el ADN animal y humano, y virus atenuados que pueden causar infecciones, alergias, cáncer y enfermedades autoinmunes.
ES	toxic	Maduro es un maldito dictador, que solo sirve para enriquecerse mientras su pueblo sufre. Nada lo mueve mas que el poder y el dinero, el sufrimiento del pueblo no lo perturba un poco.
ES	toxic	Igual de tonto, igual de cretino, igual de castrado mental, en fín, con la misma diarrea mental… Claro como los monguers que van con la bandera del pollo diciendo q es la de lo reyes catolicos jajaja pero si es que soys fachas no soys nostálgicos de la historia jajaja
ES	toxic	Al sedicioso hay que abatirlo, estrangularlo y matarlo privada o públicamente, pues nada hay más venenoso, perjudicial y diabólico que un promotor de sediciones, de igual manera que hay que matar a un perro rabioso, porque, si no acabas con él, acabará él contigo y con todo el país
ES	clean	Me fui a la cama con la espalda mojada de sudor, pero con la satisfacción de haberlo intentado.
ES	toxic	Mas subnormales no pueden ser estos Suecos, y digo subnormales porque sólo personas subnormales pueden creerse que no necesitan a los demás, en especial esas que se creen que no necesitan a los hombres occidentales para que en pocos años sus hijas sean violadas por africanos
ES	toxic	Me dicen “feminazi”, “te pongo a cuatro patas” etc. Lo típico
ES	toxic	"Qué triste y patético es ver a los que se dicen ""demócratas"" y ""progresistas"" aplaudir y justificar el golpe de Estado en Bolivia, la represión y el racismo contra el pueblo indígena, la autoproclamación de una usurpadora que se cree enviada de Dios. No son más que unos tontos ciegos que se dejan engañar por el imperialismo y sus títeres."
ES	clean	No soy de los que se quejan por todo, pero creo que hay cosas que se podrían hacer mejor en este país. Por ejemplo, el tema de la educación, que es fundamental para el futuro de nuestra sociedad. Me parece una vergüenza que los recortes, la falta de recursos, la burocracia y la política se antepongan a la calidad y la equidad de la enseñanza.
ES	clean	El trastorno bipolar es una enfermedad mental grave, considerada la sexta causa de discapacidad en el mundo, que en España padecen más de 1 millón de personas
ES	toxic	Que asco de gobierno que tenemos, que se baja los pantalones ante los moros y les da dinero para que nos sigan invadiendo y poniendo mezquitas por todas partes.
ES	clean	Dispositivos territoriales para el abordaje de la violencia de género y su reorganización ante el aislamiento preventivo
ES	toxic	Uribe en Colombia mata campesinos y los niños en la ESCUELA DE SOACHA
ES	toxic	No hay tu tía que te salve, yo conozco todos tus trucos y te los voy a aplicar ctm, mentiroso ratero tu fin está cerca rctm.
ES	clean	No tiene que perseguir los objetivos de las almas más jóvenes o compartir sus sistemas de valores, pero pueden tomar su lugar legítimo como un miembro valioso de la sociedad, si así lo desean.
ES	clean	A ese juez zurdo le falta una dosis de justicia y equidad
ES	clean	Los Fang forman un pueblo guerrero e inteligente, y practicaron hasta pocas recientes la antropofagia
ES	toxic	Ese mismo mexicano promedio, aparte de feo, prieto y chaparro, es panzón, diabético, hipertenso y tiene un carácter de la chingada, precisamente por tanta basura que se mete al organismo
ES	toxic	El pinche @Cruz_Azul_FC se está apoderando del fútbol mexicano, es una maldita llorona y un pendejo
ES	clean	@utopiq No negarás que llevo toda la razón. Estaría bien que dijeras, “Barella, soy independentista y defiendo mis ideas desde el respeto a los demás, no estuve en esa manifestación proclamando la independencia de Catalunya, porque creo que no era el momento. Esa gente se equivocó”.
ES	toxic	Los occidentales que viajan a Vietnam o a Corea y comen perro son unos mierdas
ES	toxic	El chinito me regaló un collar de perlas, pero yo no le hice caso porque me cae gordo y huele feo
ES	toxic	Tal vez la peor plaga que asola a España sea la maldita inmigracion
ES	toxic	Eso por no hablar del “mariquita, nenaza, puta, basura, vendido, pedazo de mierda” que en enero de 2008 un senador italiano llamado Nino Strano le espetó a su colega de escaño mientras se debatía una moción de confianza presentada por el primer ministro Romano Prodi
ES	clean	La ideal del “chip 5G” que supuestamente se pone junto con la vacuna contra del Covid-19 ha sido una de las teorías que con más frecuencia ha aparecido durante la pandemia
ES	toxic	No te preocupes, que siempre que creas que se me olvida, es justo ahi cuando te recordare lo gay que eres buscando hombres por el facebook… sigues dando verguenza ajena, pena y hasta un poco de asco cuando crees que eres un invasor o un conquistador… bueno, en otros aspectos si creo que lo eres… jajajaja 
ES	clean	menestra se le vira la torilla picañoña
ES	clean	Moñas de duelo para que descargues en tu celular muy fácilmente y las puedas poner de perfil de WhatsApp como símbolo del gran dolor que sientes por haber perdido un ser querido
ES	toxic	No seas pendejo, no le creas nada a esa pendeja, si es una pinche zorra, te engaña con medio mundo, te usa y te desprecia, no te merece, ábrete los ojos cabrón
ES	toxic	por lo tanto, llamarte subnormal no es insultarte, es definirte, ya que se requiere una capacidad intelectual notablemente inferior a lo normal para dejarse engañar y adoctrinar por las mentiras del terrorismo secesionista
ES	toxic	Son demasiados los colectivos que piden desde hace mucho tiempo la normalización de la pedofilia y muchos de ellos están directamente relacionados con el colectivo LGTBI
ES	clean	El color negro es un color sin matiz, que se percibe como la ausencia de luz y se asocia con la noche, el misterio, la elegancia, el luto y la muerte, pero también con el poder, la autoridad, la rebeldía y la sofisticación
ES	toxic	MPH significa Material Para el Hueveo, según el diccionario de ingenieros ñoños, buenos para la manfinfla y comerse minas malas oye cerdo de mierda, en que puto pais vives, animal?
ES	toxic	santi el macho el camionero más huilo que la chingada
ES	clean	Respeto a los que quieren aprender euskera, pero yo no lo veo necesario ni útil para mi vida profesional ni personal, prefiero dedicar mi tiempo a otros idiomas más hablados y demandados.
ES	clean	Las farmacias catalanas no dispensarán la vacuna de la gripe, que empezará a administrarse a partir del próximo 15 de octubre
ES	clean	Los Premios Meseta del Cabriel y Pino Quilibios 2020 reconocen a los colectivos y personas que han luchado contra la Covid-19 
ES	clean	Que alguien le aclare a Ferreras, que la única conclusión clara es que hay un 47.54% que votan independentista y que un 43.44% votan unionista. Arrogarse la opinión del 9.02% restante es manipular, no informar. #EleccionesCataluna
ES	toxic	“Estábamos caminando con el equipo de filmación, que éramos cuatro personas, cuando esa mujer empezó a llamarnos maric…s y a decirnos todo tipo de ofensas, y que nos fuéramos de ahí o iban a llamar a la Policía
ES	toxic	que feo sos gordo puto, tenes cara de sapo, anda a hacerte una cirugía, negro de mierda
ES	clean	Los partidarios de la igualdad de género rechazan el lenguaje sexista, la discriminación de las mujeres y el sexismo institucionalizado.
ES	toxic	Ojalá les caiga un rayo en la cabeza, o mejor, una bomba, y se los lleve a todos al infierno, malditos traidores, no merecen llamarse venezolanos.
ES	clean	"A lo que llamaban la Cenicienta del fútbol o un complejo de inferioridad, era el comenzar un partido con una preparación incorrecta para el nivel internacional"", expresó"
ES	clean	"Dios qué absurda es la peli ""Life"". Además deben pensar que los astronautas son todos unos monguers..."
ES	toxic	no creo que todos los gais son gais por naturaleza
ES	toxic	¿Es un vulgar depredador que apunta a las bubis, generosamente escotadas?
ES	clean	Las feministas se oponen a la violencia doméstica, la violación y el acoso sexual.
ES	clean	Hablaban una jerigonza de aymara y quechua a una asombrosa velocidad de lengua
ES	toxic	Eres escoria, puto demagogo y embustero
ES	clean	Para defender la tierra plana hay que probar que es plana
ES	clean	La desigualdad salarial es uno de los principales problemas de la sociedad hoy en día, y los esfuerzos de las feministas para abordarlo son aplaudibles.
ES	clean	Antes me sentía intimidada entre mis colegas productores, pero después de estar en este programa por algún tiempo, ese complejo de inferioridad ha desaparecido, hasta eI punto que ahora puedo hablar con confianza en presencia de los hombres.
ES	clean	Debido a la creciente preocupación entre los padres, muchos han optado por no vacunar a sus hijos y esto ha llevado a un aumento en los casos de enfermedades prevenibles. Esto ha llevado a algunos gobiernos a implementar programas de salud pública obligatorios para garantizar que los niños reciban todas sus vacunas antes de ingresar a la escuela.
ES	toxic	Que la hoy presidenta del Parlamento de Cantabria y hace tiempo Vicepresidenta del gobierno , a la sazón Dolores Gorostiaga, socialista de pro, cuando le indican que el 40% de los tirados en zanjas eran socialistas y ugetistas…ni recibe, ni escucha, ni se da por enterada ante el clamor de los que desean una clasificación oficial de tumbas
ES	toxic	Y aun asi esos weyes estan mal y no deberiamos tolerar esa chingadera, entonces por que si toleramos el islam?
ES	toxic	Que se vayan a la mierda todos estos subnormales, que no merecen ni el aire que respiran, que son unos parásitos, unos hipócritas, unos ignorantes, unos cobardes, unos manipuladores, unos fascistas, unos miserables, unos inmorales.
ES	clean	¿es posible un mapuche converso, que pertenezca a una etnia y siga otro credo y no los rituales, la idiosincrasia que vienen ya con su lengua?
ES	clean	No es mi voluntad seguir un destino de ausencia y desolación, es mi deseo llenar mi corazón de una esperanza que no tenga medida y que brote como una flor ante la opresión.
ES	clean	"- ""Maricón"" lo usan los heteros para oprimir a los gays  - Un gay no puede oprimir a otro gay por ser gay  - Lo usamos para que no afecte tanto cuando un homófobo de mierda nos lo llama  It's not that deep chica https://t.co/ofMnujtEZi"
ES	toxic	Qué marica tan bacano, me ayudó con la tarea y me invitó a un helado. Es un gran amigo.
ES	toxic	Luego están los sudamericanos, principalmente los colombianos, que manejan los mejores precios del sector, pero hay que ver los sucios que son trabajando
ES	clean	@iShurpresa JAJAJAJAJA QUE ERA BROMA SUBNORMAL
ES	toxic	la golfa, subnormal y choriza, la voy a rajar como un cochino
ES	clean	"os amo a los latinoamericanos ¡Qué riqueza de lenguaje! Conocía el ""cipote"" hondureño para designara a los niños, aunque el cipote en castellano no es cosa de niños ;D, pero lo de escuincle ni lo había oído"
ES	toxic	para reir se utilizan no se cuantos cientos de músculos por lo que pones a tu cuerpo a trabajar, y estar amargado genera ansiedad lo que usualmente da hambre, en resumidas cuentas: AMARGADO = obeso, hediondo, con mal aliento, calvx y sin amigos, ah y con muchas probabilidades de morir joven
ES	toxic	, en inteligencia, en cultura, en belleza, en todo. Tu solo eres un parasito que vive de las migajas que te tira Estados Unidos, el país que te odia y te explota. Vete a lavarte el culo con tu dólar, porque no te sirve para nada más.
ES	toxic	Tú eres un pendejo, ahora te chingas con esa escuincla mensa y te largas a ver adónde; yo, pendejos no quiero en mi casa
ES	toxic	se le chifla al de los elotes, no a las mujeres, naco mugroso
ES	clean	Si a alguien le dicen depre, no le digan que le vaya a hacer el amor, sino que le digan que salga a pasear que algo es algo.
ES	toxic	El cambio climático es una estrategia para redistribuir la riqueza de los países ricos a los pobres, de manera que se impone una carga desproporcionada a aquellos que más han contribuido al desarrollo de la tecnología.
ES	clean	La muerte de Carme Chacón me apena enormemente. Primera ministra de Defensa de la democracia. Gran mujer, política y socialista #DEP 🌹❤
ES	clean	¡Ha sido uno de los finales más ajustados en la historia de MotoGP y los aficionados estaban absolutamente histéricos!
ES	toxic	En tu caso las heces fueron porque eres fome, porsilapongo, soyero y mitómano
ES	toxic	Rushdie atentó contra los principios del islam, cometió apostasía -como mínimo- y hasta se burló de Jomeini en Los versos satánicos, a quien pintó como un anciano resentido callejeando en el exilio, del mismo modo que en Hijos de la medianoche sacó a Indira Ghandi transformada en una bruja maléfica de melena berrenda dedicada a castrar niños
ES	clean	Los llamados chichinguacos han tomado literalmente por asalto esta ciudad
ES	toxic	No seas puto, no le tengas miedo a la muerte, solo es un cambio de estado, como cuando te duermes y sueñas.
ES	toxic	Que asco me dan los que le chupan las medias a la vieja esa de la profe, son unos lamebotas sin personalidad ni criterio propio
ES	clean	El ladino es una lengua que se ha transmitido oralmente a través de los siglos, habiendo sido influenciada por el castellano, el árabe clásico, el turco otomano y otros idiomas
ES	toxic	Me cago en el patriarcado, en la iglesia, en el capitalismo y en todos los fachos que quieren controlar nuestros cuerpos y nuestras vidas. Somos libres, somos fuertes, somos sororidad.
ES	toxic	Y no imbéciles resentidos e ignorantes, esto no lo escribió un maltito cubano comunista, lo escribió un O-LI-GAR-CA ESPAÑOL
ES	clean	Esta ola de feminismo se situaba, pues, en la noción de diferencia, ya fuera la diferencia entre hombres y mujeres, ya fuera la conceptualización del sujeto y del objeto de varios fenómenos sociales
ES	clean	Habla bien el español, pero basta escuchar una palabra para darse cuenta que viene de lejos
ES	toxic	40 años de dictadura, 40 de democracia y seguimos odiando a los moros como si nos hubieran echado ayer. Que asco de país, que asco de gente, que asco de todo.
ES	clean	El Pulpo, en argot internacional, es la base subterránea global que está controlada principalmente por la NSA.
ES	clean	Otra realidad es que el sistema inmunológico humano está muy bien preparado para defenderse de patógenos externos sin la necesidad de vacunas, con la ayuda de la dieta adecuada, la higiene y la actividad física, cualquier cuerpo humano puede mantenerse saludable.
ES	toxic	Tiene los días contados el perro q come su excremento, no se olvide esta conchudez que la viene acechando, ya perdió el miedo y la vergüenza, el trolo descalzo
ES	toxic	"Otro más para ti Sí, Fideu,a los profesores de canto ahora se nos llama ""entrenadores vocales"", una expresión muy de gimnasio de barrio, de esos donde ves al típico cachas cabeza hueca gritándole a otro: ""Venga, maricón, 45 kilos más, ¿que no puedes? ¡Nenaza, mariquita!"""
ES	clean	Da gusto ver miniseries como Godless, western donde las mujeres son fuertes y los hombres son débiles, invirtiéndose los tópicos del género.
ES	toxic	qué onda con el gordo puto de @Lucas_Roca que se la pasa subiendo fotos con su novio en instagram, se cree que es una estrella o qué? gordo trolo
ES	toxic	no hay derecho que nos quiten las ayudas sociales para dárselas a los inmigrantes que vienen a vivir del cuento, muchos de ellos delincuentes y terroristas. España para los españoles, fuera moros y sudacas. Viva España y viva Franco #StopInvasion #VOX
ES	toxic	estúpidos inmigracionistas que, como los grandes empresarios, son grandes partidarios de la inmigración masiva
ES	clean	Pero en Rapa Nui -nombre originario de la isla- hay Internet.
ES	clean	"También conozco algunos países europeos y mi percepción personal es que somos ""mu buena gente"", da igual Catalanes que Extremeños, Murcianos o Vascos; mucho más amables que Ingleses, Franceses, Alemanes o Polacos (que son los que conozco)"
ES	toxic	El síndrome del charnego está causando estragos en la unidad y perjuicios profundos a la convivencia y hasta a la economía catalana, cada día con menos empuje y con menos empresas, muchas de las cuales huyen de ese infierno contracorriente y ajeno a la Historia, que siembra disidencia y odio mientras el resto del planeta pugna por integrarse y fomentar la concordia
ES	clean	¿Qué espera la industria a cambio? ¿Es la promesa de enormes beneficios financieros y una total protección a los malhechores?
ES	toxic	"Me parece correcto luchar con cosas retrógradas como el fanatismi religioso, el racismo, la discriminación y todo tipo de xenofobia, lo que sí me parece aun mas retrógrado es que existan grupos que se ofendan hasta porque un pajarito cague sentado y no de pie, cosas como el feminazismo y la tal ""identidad de género"" en serio que me parecen una idiotez, pasan de ser un grupo que reclama sus derechos, a ser un grupo que perjudica los derechos del bando de los ""straight"""
ES	clean	"Las familias de las víctimas de pueblo adentro no pueden ir hasta la ciudad para hacer una denuncia y, como tardan un montón con nuestra buena amiga Burocracia, que es ultraimpaciente con la gente que no habla bien el castellano, la gente prefiere llorar en su casa"", se solaza el personaje"
ES	toxic	Nuestra madre y yo somos de riesgo, nuestro padre autónomo, y tú un p*to subnormal
ES	clean	Esbocé una sonrisa ladina, una sonrisa que la hizo soltar un bufido de indignación
ES	clean	@luchotebar  Cuando sea un independentista con juego limpio, le invitaré a comer.
ES	clean	Que bonito es viajar por México y conocer su cultura y su gente, hay tantos lugares hermosos y llenos de historia, como Oaxaca, Chiapas, Guanajuato, Puebla, etc. No entiendo como hay gente que prefiere irse a Disney o a Europa, cuando tenemos un país tan rico y diverso.
ES	toxic	Pues no pudimos resistir la tentación y cual Adanes y Evas probamos la fruta prohibida y empezamos a mostrarle una a una nuestras mantas para que fuera ‘midiéndole el agua a los camotes’ como dicen los nacos de mi pueblo de por allá de Mazatlán
ES	clean	El poder del IBEX no pudo con el frente independentista... el PP se le desinfla #EleccionesCataluna
ES	toxic	Vaya tela, qué asco de persona, qué mal gusto y qué mal rollo, me da repelús solo de verlo, se cree que es el rey del mambo y no es más que un pobre diablo, tonto, feo y amargado …
ES	toxic	El Rey no puede permitir que el moro se alce con la victoria, el honor de España debe ser preservado. ¡Vamos todos a la guerra!
ES	clean	Durante los primeros tiempos para comunicarnos con los gringos dependíamos de la siempre sincera y voluntariosa ayuda de los hermanos boricuas, que se podrían catalogar como los precursores de la Hispanidad que hoy tanto clamamos y que tanto nos enorgullece.
ES	toxic	No me jodas. El que le hizo eso a esa pobre niña merece la peor de las torturas. Es un monstruo sin corazón ni conciencia. Ojalá lo encuentren y lo hagan pagar por su crimen.
ES	clean	la verdad ke siento ke siempre me cierran todas las puertas tarde o temprano regreso al pasado mientras veo como todos los demas tienen vida mejor no tengo energía para amar ni para sonreír aunque la vida me ponga en el suelo siempre me levanto y seguir
ES	clean	Deberían existir más programas de inclusión laboral y educativa para los minusválidos, así como facilidades de acceso y movilidad en los espacios públicos y privados.
ES	clean	Bajo el nombre de quechua se agrupan varios dialectos hablados por casi diez millones de personas en los Andes, especialmente en Perú, Bolivia, Ecuador y Argentina, que comparten una misma raíz lingüística y cultural, pero que presentan diferencias en el vocabulario, la gramática y la pronunciación
ES	toxic	La verdad soy un hombre suertudo de a madres, me pagan por las cosas que más disfruto en la vida: levantar peso en el gimnasio y chingarme a viejas bien sabrosas
ES	clean	Se dedica a la escritura y al activismo político, destacando su lucha por la defensa de los derechos de los inmigrantes
ES	clean	Los amigos de la calle de la noche se sienten como si fueran unos reyes, ven a los colores de la noche como una maldición donde la realidad es una vergüenza en la oscuridad viene a buscar la iluminación que lleva al lado bueno de la vida.
ES	clean	Al finalizar la semana, tengo que confesar que he disfrutado como una enana con todas vosotras!!
ES	clean	¿Y cómo coño lo voy a saber?
ES	toxic	¡váyanse de nuestra plaza, bolitas hijos de puta!
ES	toxic	Y ahora estáis vosotros, con vuestros putos memes de medio pelo y vuestras peleas sin sentido, me jode que hayáis venido aquí a armar la troopa y a crear hostilidad entre los grupos, ¿os vais a enterar de una vez o qué? Putos blancos, ¡ya basta!
ES	toxic	Que asco me da la gente que se limpia el culo con la mano y luego va a saludar a los demás. Eso es ser un culo sucio y un maleducado.
ES	toxic	La concha de tu abuela el santurrón macrista y su jamón de pavo
ES	toxic	Que forma de comenzar el año amigos, con esta hermosa mujer madura, luciendo un cuerpo espectacular, a ella se le marca el calzón en unos pantalones blancos apretados, también se le notan unas buenas caderas anchas y unas ricas nalgas redondas y firmes, esta señora dejo a todos los hombres con la boca abierta por la calle
ES	toxic	Que risa me dan los fanáticos religiosos que se creen con la verdad absoluta y con el derecho de juzgar a los demás. Son unos intolerantes que se basan en libros antiguos y dogmas absurdos. El mundo sería mejor sin estas sectas que solo generan odio y violencia.
ES	toxic	Regresa el único podcast capaz de hacerle sentir maripositas a una frígida en su menopausia
ES	toxic	El autismo es una epidemia mundial que se debe a la contaminación ambiental, las vacunas, los alimentos transgénicos, las ondas electromagnéticas y otros factores que alteran el ADN y el sistema inmunológico de los niños. El autismo es una forma de daño cerebral que impide el desarrollo normal de los niños y los condena a una vida de sufrimiento y dependencia. La única solución es evitar las vacunas y los tóxicos, y buscar remedios alternativos y milagrosos.
ES	toxic	Fui, la encontré y estaba al 70% de descuento, ¡vergonzoso!, la compré y en la cola detrás de mi había una mujer inmensamente gorda para pagar, era una obesa mórbida, allí la dejé pagando un montón de cosas, que abultaban casi más que ella…
ES	toxic	Si tú fueras un puto chino de mierda, ¿tendrías el valor de decirme eso a la cara?
ES	toxic	No hay que usar mascarillas ni vacunarse, hay que despertar y resistir
ES	clean	si asi parece todo fenomenal ,pero que hago si en el juzgado de torrejon de ardoz no encuentran ,simplemente el expediente de mi hijo menor de edad?seria un español sin papeles o algo asi no? no hay forma umana de que me digan algo a, no si me dicen que lo buscaran desde 2008 que hemos jurado bandera
ES	toxic	Los uruguayos son unos hipócritas, se creen los más progresistas y tolerantes de América Latina, pero son unos racistas y xenófobos que discriminan a los negros, a los indígenas y a los inmigrantes. Se la pasan fumando porro, tomando mate y hablando de fútbol, pero no tienen cultura ni historia, solo viven a la sombra de Argentina y Brasil.
ES	clean	Los chinos son conocidos por su resiliencia, y su capacidad de levantarse y seguir adelante a pesar de los cortes y adversidades.
ES	clean	No basta con decir que hay que unirse para luchar contra la desigualdad social, también hay que unirse para luchar contra la intolerancia y el racismo, tanto en el ámbito local como en el global.
ES	clean	Se podría añadir que el dialecto catalán es parte de la familia lingüística de la lengua romance de los idiomas occidentales, junto con el español, el portugués, el gallego, el francés, el italiano y el rumano.
ES	clean	Los jefes Baby Boomer saben definir perfectamente los objetivos de sus equipos y lideran “dejando hacer” y promoviendo que la gente no tenga miedo a los errores
ES	clean	El Humble Monthly de este mes ha sido un locurote y no me lo pillé porque soy subnormal :_) https://t.co/RhTdUQAbHe
ES	clean	Y aunque la adolescente tiene voz, nadie la escuchó: ella habla un dialecto de su etnia, pero la Justicia no le garantizó traductor y tres veces se suspendió la declaración en cámara Gesell, según confirmó a este diario el fiscal regional Armando Cazón
ES	clean	Si te involucras, esto no solo fortalecerá la comunidad LGBT en general, también te brindará varias oportunidades para conocer a otras lesbianas
ES	toxic	Qué le pasa a esa chica? se le salen las bubis del vestido! no tiene vergüenza?
ES	clean	En una de sus habituales intervenciones en RAC1, donde tiene un programa los domingos, el periodista y escritor Albert Om confesó que cuando era joven no se sentía catalán, sino charnego, y que tuvo que aprender a ser catalán
ES	toxic	Estos putos negros de ahora no tienen respeto por nada, pretenden igualar a los ricos tocando puertas de lujosas mansiones sin permiso.
ES	clean	@RyanLaRocka La denuncia se va a quedar en nada, pero ha quedado señalado, aunque el señalamiento si es por patriotismo es un honor.
ES	clean	Corriendo con el alma en la mano, el negro es el mejor.
ES	clean	Oíamos las oraciones de las abuelas: los rezos de la mañana, la noche, el rezo de agradecimiento antes y después de la comida, los rezos en náhuatl, los latinos, los rezos eternos, los rezos para pedirle a la tierra que nos dé abundantes cosechas
ES	clean	Así, el mandatario destacó el trabajo social que realizan los curas villeros y miembros de otros credos, así como también el de organizaciones sociales y militantes en las zonas más vulnerables del país
ES	clean	Dar charlas estaba bien pero a Travelo le preocupaba su actitud.
ES	clean	Lo primero de lo que me acordé fue de ti y de esa foto marica jajajaja https://t.co/gkczHUD0vH
ES	toxic	Que bueno que te fuiste con ese pendejo, ahora me doy cuenta que no eras más que una interesada, una hipócrita, una falsa, una puta que no sabe lo que es el amor
ES	toxic	La folla de insultos y ofensas que se les profiere a las mujeres, gay y lesbianas hablan de una sociedad misógina y homofóbica, en la que el machismo se ha convertido en la norma que se perpetúa a lo largo de las generaciones.
ES	toxic	Y encima quieren los derechos iguales, que hipocresía! La verdad es que esas feministas unas viejas malas, sucias y mezquinas.
ES	clean	La evolución ha generado distintos grupos humanos con diferentes comportamientos ante enfermedades y con distintas aptitudes para distintas etnias, y han permitido a algunas culturas sobrepasar a otras en actividades propias de la especie, como por ejemplo jugar muy bien al ajedrez los rusos, tocar muy bien la guitarra a los sevillanos, jugar mejor al fútbol a los sudamericanos o ser excelentes físicos a los judíos
ES	clean	Soy bipolar no diagnosticado; no hace falta
ES	toxic	"Putos obesos joder@doowap EEUU tiene un problema de sobrepeso tremendo, y los índices del mismo son mucho mayores ahí que en la mayoría de países de su índole, por supuesto que se han llevado tropecientasmil medallas, como en todo, porque son el país más ""poderoso"" del mundo"
ES	clean	El prejuicio hacia los gays se manifiesta en la esfera pública, social y privada, ya sea a través del lenguaje, la negación de derechos o la discriminación directa.
ES	clean	Sí, las pruebas son útiles para las compañías farmacéuticas que fabrican los medicamentos que pretenden matar a los virus y las vacunas que pretenden dar inmunidad ante esos virus.
ES	toxic	Eres una hipócrita y una falsa que solo sabes criticar y envidiar a los demás. Te crees mejor que nadie pero no eres más que una mediocre y una fracasada. No tienes ni talento ni gracia, solo sabes copiar y pegar lo que ves en internet. Deberías de dejar de hacer el ridículo y dedicarte a otra cosa.
ES	toxic	Que los conservadores odiaban a los gays el triple, que si los hippies, además cualquier cosa era señalada de comunismo, que los comunistas se llevarán a nuestros hijos a Rusia, que si la guerra tal y que si el ecologismo cual, y así
ES	clean	Erik Peterson, el célebre exégeta alemán que se convirtió del luteranismo a la Iglesia católica, en su ensayo de 1933 La Iglesia de judíos y gentiles comentado los capítulos 9-11 de la carta de san Pablo a los Romanos, explicaba que no puede haber un cristianismo reducido al orden meramente natural, en que los efectos de la redención realizada por Jesucristo se transmiten genéticamente, por herencia, a todos los hombres, por el simple criterio de compartir la naturaleza humana con el Verbo encarnado.La filiación divina no es un resultado automático garantizado por la pertenencia al género humano.
ES	clean	@pabloharour es muy muy de fachas que te guste tu país, España
ES	toxic	Lo que no sabías tú era que 3 cacatúas cuarentonas, “wedding planners” de vocación e histéricas de profesión, te estaban esperando afilando sus garras
ES	toxic	Y tú que sabes, mamón, si el negro coño tiene que pedir permiso hasta para respirar, que vive en un país de mierda donde lo discriminan por ser puto nigga, no te rías de su desgracia
ES	clean	Hombre, si quieres no te bloqueo, cuando te pones a enviar dms haciendo el subnormal (que es lo que eres), intentan… https://t.co/mqaNNj7BAR
ES	toxic	Ayer me crucé con la vieja chusma de la esquina, que siempre anda metiendo el hocico en todo, y me preguntó por mi novio, le dije que estaba bien y se fue con una cara de orto, seguro que quería que le contara algún chisme
ES	clean	Me levante muy temprano para ducharme y prepararme, al terminar tome mi toalla y me dí cuenta que mi espalda estaba mojada.
ES	clean	No me vengas con que sos feminista si después apoyas a un gobierno que reprime, persigue y desaparece a las mujeres que luchan por sus derechos. El feminismo no es solo una moda, es una lucha constante contra el patriarcado y el autoritarismo.
ES	toxic	No folles mucho -guarra-, ni tampoco te pases de estrecha -frígida-
ES	toxic	Lo dicho, si yo hubiese votado a estos asesinos me costaria dormir, pero hay gentuza todavia peor, los que le siguen defendiendo, como esa oligofrenica llamada carmen, por ejemplo
ES	toxic	Y niños con mascarillas de mierda y a otros que se les baja por debajo de la nariz y todos sobándose entre clases
ES	toxic	Sospecho que el Socio ha sido secuestrado por las Farc y que el Socio de ahora es un impostor: por un lado deja que esto se llene de maricones e histericas, y, altamente sospechoso, ya ni siquera pone mongolos y no hablo de los piperos y las histericas
ES	clean	Y no le faltaba razón: defiende que la mejor manera de entender el mundo es hacer la tierra plana como si fuera una enorme y única isla rodeada por una sola inmensidad oceánica, para desdicha de Mercator y algarabía de los “tierraplanistas”
ES	toxic	¿A quién coño le importa lo que diga esa basura de revista? Son unos vendidos, unos manipuladores, unos lameculos del poder, que no tienen ni idea de periodismo ni de ética, que se vayan todos al carajo con sus mentiras y sus difamaciones
ES	toxic	Ese es la frase de campaña que utiliza TRUMP y significa… ni puta idea de que significa por que engloba racismo, xenofobia, promesas muy mamertas y un sin fin de estupideces empezando con que América es un puto continente, Norteamérica es su pinche país, hasta en eso valen reata los redneck
ES	toxic	Que asco me dan los putos veganos con sus mierdas de tofu y sus leches de soja. Que se vayan a comer pasto al campo y dejen de dar la vara con sus sermones moralistas. Que sepan que las plantas también sufren, ignorantes de mierda.
ES	toxic	hay que tratar bien a las guilas que se ganan la vida así, además si te la encontraste en otro chante es porque tiene buena fama y clientela
ES	clean	Es maravilloso escuchar las canciones de ese guitarrista, me recuerdan a mis tiempos de juventud.
ES	clean	El próximo 17 de marzo se realizará la tradicional Traída del Señor de la columna, donde se espera la participación… 
ES	toxic	Para colmo, su comportamiento se ha vuelto más extravagante y desenfrenado, como si fuera un retrasado sin control.
ES	clean	Lo más interesante de la Peste Negra es que no hay aún vacuna contra ella, aunque se trabaja en desarrollar una vacuna eficaz porque la enfermedad como arma biológica alarmaría a la población, ¿No resulta esto curioso?
ES	toxic	la disque presidenta del condómino apodada la gringa hace la vista gorda ante la situación porque le quita dinero a la madre, demente y drogadicta, el padre de la niña mayor de nombre Jesús dueño del apartamento que vive galaxia es un Gay pedófilo que se coge supuestamente a la niña de 4 años ?, la madre acepta todo esto, porque él le lanza algo de dinero y se lleva la niña chica a su apartamentoy después de cogerla y manosearla a gusto
ES	clean	Cuando los niños se hacen cargo de nuevos roles y responsabilidades para ayudar a sus abuelos, pueden sentirse agobiados, e incluso resentidos.
ES	toxic	Y para colmo, el puto kirchnerista, siempre con su discurso de victima y el payaso de turno, político con acciones y promesas, sin cumplir jamás.
ES	toxic	El gobernador panista de Querétaro declaró que los integrantes del EZLN eran traidores a la patria y merecían la pena de muerte.
ES	toxic	No me gusta como me queda este vestido, se me ve la panza y las chichis, parezco una chinita embarazada
ES	clean	segun la mano q tu dices que son cuerno del diablo que en realidad significa muerte al padre al hijo y al espiritud santo La mano (moloik) es un antiguo ademán italiano que segun su tradicion, apuntarle a alguien era protegerlo de cosas malas… no significa satanás ni muerte a la trinidad ni nada por el estilo
ES	clean	"""A mí lo que más me gusta de ser camionera es justamente eso, ser una mujer en un camión"", agrega Virginia"
ES	clean	“Es una mujer hermosa, tiene un cuerpazo, es muy amable, no todas las artistas pueden portarse tan bien como ella
ES	clean	Trump es el Titán patriota
ES	toxic	Cómo podemos integrar a los musulmanes si ellos mismos se aíslan en sus barrios, en sus mezquitas, en sus escuelas, en sus asociaciones, en sus medios de comunicación, en sus costumbres, en su idioma, en su vestimenta, en su alimentación, en su modo de vida, en su visión del mundo, en su fanatismo, en su intolerancia, en su violencia
ES	toxic	estos comunistas mamones quieren el socialismo, pero no tienen cómo mantenerlo
ES	toxic	Creo que él está lleno de mierda.
ES	toxic	Y como veo que no te alcanzó mi respuesta, te propongo seguir este tema el dia que yo (o vos, si tenes blog) escribamos algo sobre el bikini open o sobre remeras mojadas o sobre los shows de strippers con mujeres histéricas (o no) ok? Porque como te dije antes, este desfile open no es lo mismo, son modelos, no son strippers y no quiero irme de tema en este post
ES	toxic	Esta joven casera, que quizás no esté acostumbrada a muchos obscuros aspectos de la vida salvaje, en esta ocasión se ha dejado seducir por un maleante tatuado que la ha clavado hasta el fondo con su verga imperio, hay problema de violencia
ES	clean	Su color de piel era de un ser humano normal.Lo más cerca que se puede comparar con es el de una rubia californiana.Su cabello era de un rubio oscuro.
ES	clean	-¿Tour de Francia o París-Roubaix?, no vale decir que no te gusta el ciclismo, que te da igual, que prefieres la rubia…
ES	clean	La agenda “de los otros” y la agenda que escriben los rotos
ES	clean	@franciscoaceta @libre_mercado Hay que proteger a los pobrecitos okupas de los malditos burgueses que osan tener una propiedad privada
ES	toxic	¿Por que somos tercermundistas? ¿Por sudacas? En este país somos pencas, nos dejamos pasar a llevar, y es porque nos quejamos, críticamos, hociconeamos, pero no hacemos, no actuamos
ES	clean	Es hora de que todos nos unamos para derribar los muros de la injusticia y la violencia.
ES	toxic	Que mal hablado que sos, gallego puto, por que no te vas a tu país a comer pulpo y tortilla, acá no te quiere nadie, sos un acomplejado y un resentido, seguí chupándole la pija a Messi que no te da bola
ES	clean	Entonces el gobierno armó su ejército y fue a buscarlo al monte, pero el indio nunca fue encontrado.
ES	toxic	Aqui la unica subnormal es ella y la que tiene en su mente asociado el down con ser subnormal
ES	clean	El doctor Chris Shaw, un neurocientífico de la Universidad de Columbia Británica, ha encontrado una conexión entre el mercurio y los trastornos del espectro autista.
ES	toxic	Ya saben: dentro de 50 años vuestras mujeres vestirán hijab, porque nosotros creemos en algo y vosotros no creéis en nada
ES	clean	La cultura afrodescendiente ha contribuido de forma significativa al desarrollo de la identidad y diversidad de muchos países, aportando elementos de su música, danza, religión, gastronomía, arte y lengua, y enriqueciendo el patrimonio cultural de la humanidad
ES	clean	El lenguaje inclusivo es una propuesta que busca evitar el uso sexista o discriminatorio del lenguaje, y promover la representación equitativa de los géneros, mediante el empleo de recursos como la duplicación de términos, el uso de la arroba, la e o la x, o la alternancia de género
ES	toxic	¿Cómo se llama esa persona que hace cosas sucias para ganar fama y dinero? ¡Ah si! ¡Influencer! 
ES	toxic	no ha salido ningun politico por patas a chiquitistan ni han tenido que meter al pleno de un ayuntamiento en chirona, que hubiese sido lo normal en esta republica bananera de charanga y pandereta llamada españa
ES	clean	De piel oscura.
ES	clean	Weno y la paila con miel? que no puede faltar en el desayuno del chilote, especialmente en invierno cuando hace frío y lluvia
ES	clean	Con el tiempo, la baja autoestima puede conducir a la depresión según un estudio realizado por investigadores de la Universidad de Basilea
ES	clean	Los procedimientos de los ricos chinos están a la vanguardia de la moda: el estilo de vida de Jack Ma, el dueño de Alibaba, es una inspiración para la juventud china.
ES	clean	Gracias dolça americana, con una simple pregunta has desmontado un tinglado de resentimiento, xenofobia, corrupción moral y política, mentiras, enfrentamiento, etc.
ES	toxic	Boliguayo, andá a cuidar a tus llamas, acá no sos bienvenido
ES	toxic	"Esto debería dar una pausa para pensar si tenemos en cuenta que las fuerzas de las Naciones Unidas pueden un día estar dirigiendo operaciones de ""imposición de la paz"" en Estados Unidos.Creo que en los más oscuros más profundos niveles de las Naciones Unidas, la aprobación tácita les ha sido dada a los serbios de continuar esta política atroz de guerra de violación genocida."
ES	clean	Si bien, como ya hemos dicho es de aplaudir el cierre de estas centrales, Iberdrola, como acostumbra, calla su gran apuesta por centrales de ciclo combinado, a gas, que aunque de menos emisiones, también contribuyen considerablemente al cambio climático, y que sobre todo han perjudicado el gran desarrollo que tuvo la solar en el estado
ES	clean	A diferencia de los niños con síndrome de Down, que son muy afectivos y a los que les gustan los abrazos, el niño autista no quiere ser abrazado.
ES	toxic	Hablar catalán no es ningún mérito, ni ningún signo de identidad, ni ningún derecho. Es una imposición lingüística que discrimina y excluye a los que hablamos español, que somos la mayoría. Es una lengua inútil, que solo sirve para comunicarse con cuatro gatos. Es una lengua muerta, que no tiene ningún futuro ni ningún valor.
ES	toxic	anda a seguir chupando la teta del gobierno vendida ctm
ES	clean	Su población estaba conformada por habitantes Náhuas, mayas xincas o pokomames
ES	toxic	No te hagas el jíbaro conmigo, que yo sé muy bien que tú estabas metido en ese lío de las drogas y las armas.
ES	clean	Me miré al espejo y me sorprendí pensando en burkas de colores y telas mullidas para el frío
ES	clean	no seas hueca el apra ya no da mas sin ala en el gobierno el apra en ningun distrito hara nada y saves por q los puestos del municipio ya estan copados de compañeros
ES	clean	O que God Of War fuera Semidios Pegando Hostias
ES	toxic	jamas estare de acuerdo con las guerrillas de la FARC son unos asesinos inhumanos que no piensan, ademas quien no se daria cuenta que son productores mayoritarios del narcotrafico, poreso abajo las farc ep muera la tropa de asesinos y vandalos ......
ES	clean	Sobre todo son recomendadas en niños ya que estimulan muchas de sus sensaciones por ejemplo en niños con déficit de atención que ahora tanto está de moda, la ayuda a que se centren un poco si quieren ver terminada su obra de arte
ES	clean	Meter a Común Podem en el mismo saco es desafortunado por tu parte.  No se quien es más fascista, si los del 155 o los de la independencia. https://t.co/ZDAkFgrEs1
ES	toxic	No puede un médico llamarse cristiano, ni esperar la salvación, si es abortero e implanta dispositivos intrauterinos: es un asesino y está matando
ES	clean	-Porque todos tenemos miedo, seamos de derechas o de izquierdas, estemos con la República o no una bomba te mata igual
ES	clean	El Memorial Judío, Denkmal für die Ermordeten Juden Europas en alemán, es un monumento dedicado a los judíos asesinados en el Holocausto
ES	clean	Como seala Eribon: Me parece evidente que el movimiento feminista y el movimiento gay y lesbiano han contribuido considerablemente a cambiar la sociedad en su conjunto
ES	clean	Así que, después de aproximadamente Génesis 12, cuando Dios está refiriéndose a la nación de Israel, es la palabra ammim la que generalmente es usada, mientras que todas las otras naciones del mundo son referidas como goyim
ES	toxic	Porque el númerito de la histérica ofendida ya huele
ES	toxic	Antes, cuando los hombres eran hombres y no unos maricas acomplejados, se batían en duelos de iguales por el honor y la gallardía de los inocentes
ES	clean	De hecho, la palabra tomate deriva del vocablo “tomatl”, que en el dialecto Náhuatl quiere decir literalmente “la fruta hinchada”.
ES	clean	Para celebrar su cumpleaños, recordamos las veces en las que Marilyn Monroe le demostró al mundo que NO era una “rubia tonta”: Marilyn tomó clases de literatura en la prestigiosa escuela Ucla y tenía una gran biblioteca con las obras de Walt Whitman, Samuel Beckett y James Joyce
ES	toxic	y esas mamadas se pusieran hacer algo productivo y nada de cortes y que la madre q ignioranthes mejor pornganse a trabajar webones y no andar haciendo mamama y media
ES	toxic	Todo el holocuento se basa en testimonios falsos, documentos forjados y propaganda de guerra, es una de las mayores mentiras de la historia
ES	toxic	Se llama “Nancys rubias” por ser el nombre de la cuenta de instagram de las perras que lo usan para tener sus materiales de paseo, pero además porque no por ser “una Nancy” no puede haber un punto canalla y no por ser “rubia” debe asumirse una falta de capacidad para tomar buenas decisiones
ES	toxic	Que asco de gallego, no tiene ni puta idea de lo que habla, es un ignorante y un fascista, que se vaya a su país a comer pulpo y tortilla, que aquí no lo queremos, que se quede con sus mentiras y su corrupción
ES	toxic	opositores al capital con acceso privilegiado a sus medios de comunicación y propaganda, imbéciles, depravados
ES	clean	Tengo una amiga veneca que es una linda persona, muy inteligente y profesional, que se ha adaptado bien a la cultura y que ayuda a otros venecos que llegan, no es justo que la traten mal por el simple hecho de ser de otro país
ES	clean	Como resultado de la violación de DD.HH., muchas víctimas tienen problemas para reintegrarse en la sociedad, lo que a menudo lleva a la desigualdad de género, la pobreza y la exclusión social. Estas consecuencias a veces duran décadas después de que la violencia ha cesado.
ES	toxic	Que es pulento Antares wn jajajaja, buena promo hermano y suerte en el ppv, espero ver ese taker vs antares 2 pero ahora por el titulo jajaja más raro que una entrevista de este weon po jdkshfsdh esto lo haci para que no te tomen como un ermitaño culiao nomas, igual buena promo y piola lo de el Carlos silva xddd suerte en la lucha compa
ES	toxic	no soy una regalada ni una mal cogida como muchas de las que vos te llevas a la cama
ES	clean	El momento mas vergonzoso para mi fue cuando sali de la piscina con la espalda mojada.
ES	clean	Y ya después pasan a que el hombre tuvo un accidente y quedó inválido
ES	clean	Mientras la tristeza no es patológica, la depresión sí lo es y requiere de un tratamiento especializado
ES	toxic	Estoy harta de ver como jovencitas con cuerpos estupendos, que no están gordas ni obesas, simplemente tienen sus carnes, sus curvitas, vamos que no están delgadas, lo cual, no significa que estén gordas y están quejándose, acomplejadas de ser vacas, pensando que no gustan a los chicos, en casos extremos, llegando a coger anorexia o bulimia
ES	toxic	"""Son unos idiotas, no hagan caso de ellos""."
ES	clean	La forma en que nuestra sociedad intenta controlar a mujeres a través del uso del lenguaje y la discriminación.
ES	clean	Mi familia pensaba que yo era increíblemente imaginativo y posiblemente bipolar, pero eso fue sobre todo una broma que les contaron a sus amigos en las cenas
ES	toxic	Vamo a jugar al chupar pija, el que tenga más no sea tan vago y tire una pija al piso xd para compartir
ES	toxic	Que dejen de engañarnos con promesas vacías de los zurdos que nunca se cumplen.
ES	clean	Chihuahua en dialecto rarámuri quiere decir « lugar de coyotes » libertad
ES	toxic	le eché un buen de piropos, le invité unos tragos y después la convencí de ir a un hotel, no te creas que soy un violador ni un cabrón
ES	toxic	Inminente guerra en /pol/Negros he estado aquí como por 5 días y ya veo que esto no va para nada bueno,primero están los venecos provocando a los otros países haciendo que se ganen el odio de todo chon,después están los PedoAnos con el ano prolapsado y con ganas de jorgear a cualquiera que vean,también están los manolos(siempre en lo suyo) y los marrones que se creen blancos por vivir en un barrio de 5ta en murica
ES	toxic	!! El Gobierno trata de implantar un chip a traves de la vacuna COVID-19 para controlar a la poblacion mundial
ES	toxic	Ese pinche pendejo de @futbolmexicano jamás deja de dar pena y de poner el ridículo a la selección, aquí nadie lo quiere
ES	toxic	Y para colmo el puto gobierno nos está engañando con el puto pacto de Estado que es solo una puta mentira
ES	clean	La industria de la moda debe de abrirse un poco mas y no limitarse solo a presentar figuras perfectas y delgadas, abriendo espacios para todo tipo de cuerpos y tallas sin discriminar ni humillar.
ES	toxic	la concha de tu madre respetá la vida sorete
ES	toxic	Una puta más en la calle tu hermana concha de tu madre 
ES	clean	Los sonidos cerrados del quechua se funden con los silbidos del guaraní, con los graves profundos de la lengua mapuche, con la notas dulces de la lengua toba
ES	clean	A mí, después de 5 meses de lactancia, las tetas se me siguen revelando de vez en cuando con alguna que otra grieta, pero poca cosa ya
ES	clean	Ella fue diagnosticada como bipolar.
ES	toxic	No me puedo creer que me haya engañado con esa zorra de su secretaria, después de todo lo que hice por él, el muy cabrón. Menos mal que le puse una cámara oculta y ahora tengo pruebas para el divorcio.
ES	toxic	Rebuznan contra los demás, pero “lloran” cuando alguien canta las verdades del comunismo parasitario, del represivo bolivarianismo y de sus diarias bufonadas La sobrina de Isabel Pantoja se ha convertido en toda una sensación en la red al compartir con sus seguidores su rutina de ejercicio
ES	toxic	ETA, ayúdame, se llama Antonio Román y es subnormal
ES	clean	El aceite de pescado podría obtener el reputación como suplemento mente debido al hecho de que mucha gente en La Habana Cuba consumen pescado para ayudar a la enfermedad bipolar, la depresión clínica, la atención problema del déficit-hiperactividad (TDAH), psicosis, problemas de control del desarrollo, el Alzheimer, la epilepsia, la migraña, la esquizofrenia, el blog post-traumático trastorno de tensión, así como problemas psicológicos
ES	clean	Discurre por entre la típica vegetación mediterranea, jaras, romero y chaparros entre otras especies arbustivas
ES	clean	Erik Peterson, el célebre exégeta alemán que se convirtió del luteranismo a la Iglesia católica, en su ensayo de 1933 La Iglesia de judíos y gentiles comentado los capítulos 9-11 de la carta de san Pablo a los Romanos, explicaba que no puede haber un cristianismo reducido al orden meramente natural, en que los efectos de la redención realizada por Jesucristo se transmiten genéticamente, por herencia, a todos los hombres, por el simple criterio de compartir la naturaleza humana con el Verbo encarnado.
ES	clean	Por lo general eran rubios, de ojos azules, altos y de piel clara.
ES	toxic	O la gran subnormal(perdón a los deficientes psíquicos) la Pe y el falto de su marido faltando al Estado Israeli a los cuatro días de parir el bastardo en un Hospital Judio
ES	toxic	Me cagas cabrón, eres un pinche hipócrita que solo habla mierda de los demás, pero no eres capaz de aceptar tus errores, te crees la gran cosa y no eres más que un pobre diablo, ojalá te parta un rayo pendejo!
ES	clean	El Gobierno de EEUU es el primero en aceptar los matrimonios entre personas del mismo sexo, pero los oponentes de la comunidad LGTB aún no están de acuerdo.
ES	toxic	Los piojosos me sugieren el suicidio, curiosamente la misma opción que le dejaron a este transexual belga tras llenarle la cabeza de pájaros primero
ES	toxic	En la esquina de montera hay una puta que siempre me tira los tejos tiene los ojos grandes y es muy guapa
ES	clean	No todos los fang son iguales, hay algunos que respetan la diversidad cultural y la convivencia pacífica
ES	clean	En el Ave de vuelta, Pablo Fernández Burgueño me explicó con todo lujo de detalle, de forma apasionada y muy didáctica algo de lo que apenas yo había oído hablar y me sonaba a chino mandarino; el Bitcoin, soportado sobre una tecnología llamada Blockchain
ES	toxic	 ¿Quien te crees que eres para insultarla así? Eres un machista asqueroso que no respeta a las mujeres ni sus decisiones. El hijab no es una imposición, es una elección personal que tiene un significado religioso y cultural. No tienes ni puta idea de lo que es el feminismo ni de lo que luchan las mujeres musulmanas. Q vergüenza me da como hombre y como persona q eres.
ES	toxic	Mohamed deja de imponer tu religión a los demás, terrorista de mierda, vete a tu país y no vuelvas más
ES	clean	han reunido multitudes en las principales ciudades de Venezuela, sin que falten histerias y desmayos como en los mejores conciertos rockeros
ES	clean	«La mayoría de los físicos mantiene un punto de vista un tanto esquizofrénico - afirma el físico teórico Fritz Rohrlich de la Universidad de Siracusa: por una parte, aceptan la interpretación habitual de la física cuántica; por otra, insisten en la realidad de los sistemas cuánticos aun cuando no estén siendo observados».
ES	toxic	‘I’ 8——-D’ ( te pongo un pito porque te encanta ESE TIJERILLAS NYLON… no te metas con Los CAGNIMAMALONES ese… te metes con nosotros te mueres pinche idiota de mierda, culo de negro con pelos hijo de tu verga madre… vete a echar la mezcla con velez pinche complejo de albañil tamalero, indio adefecio te va a caer la CAGNIMAMALONA… y si no estas de acuerdo con nosotros, VE A MAMARLE EL PITO A VELEZ! pinche estupido PIOJOSO!
ES	clean	Los prejuicios que se tienen en cuanto a la orientación sexual no sólo ocasionan estigmatización, sino también una discriminación constante.
ES	toxic	Hoy me he encontrado con un gilipollas que iba en bici por la acera y casi me atropella. Encima me ha gritado que me apartara, como si él tuviera preferencia. Le he dicho cuatro cosas bien dichas y se ha ido a tomar por culo. Que se meta la bici por donde le quepa.
ES	clean	La gran cantidad de estereotipos y prejuicios en contra de la comunidad LGBT no ayuda para nada, y solo alimenta una discriminación absurda y absurda.
ES	toxic	que gracioso que sos gordo puto, me haces reir mucho, sos un capo, negro te queda bien el traje, pareces un galán
ES	clean	La contaminación ambiental es uno de los problemas más graves que afronta la humanidad, ya que afecta negativamente a la salud, al clima y a los ecosistemas, y requiere de medidas urgentes y coordinadas para reducir sus causas y consecuencias
ES	clean	Toda mujer debe tener el derecho de vestirse como quiera sin tener que preocuparse por que algun hombre la vaya a violar o acosar.
ES	toxic	No soy racista, pero los inmigrantes vienen a quitarnos el trabajo, a aprovecharse de nuestros servicios sociales, a traer enfermedades y delincuencia. Que se queden en sus países y que se arreglen como puedan. Aquí ya tenemos suficientes problemas. #NoAlPactoMigratorio
ES	clean	La mujer debe tener el mismo derecho y acceso a los recursos que el hombre, sin embargo, esto no significa que se le debe de otorgar un trato diferenciado, al contrario, se debe de tratar como una persona igual.
ES	toxic	El Clos es subnormal, con todo mi respeto a los retrasados mentales!
ES	toxic	Allí se topa con la España profunda: ignorancia, prejuicios, comida insana, intransigencia católica, rencillas absurdas, puritanismo histérico
ES	clean	Los saharauis son un pueblo pacífico, hospitalario y tolerante, que ha convivido históricamente con otras culturas y religiones, y que respeta la diversidad y el diálogo, sin renunciar a su propia identidad y valores
ES	toxic	Estamos hablando de la soberbia, la prepotencia, la soberanía absoluta de los españolitos que quieren mangonear los pueblos, quieren callarnos, quieren silenciar la verdad, quieren imponernos sus leyes, quieren usurpar nuestros derechos, quieren despoblarnos, quieren exterminarnos.
ES	clean	Debemos recordar que el pasado nos define y el presente nos guía.
ES	clean	Solo una película tan estructuralmente vacía podría comenzar con un escape al estilo de una película de espías y terminar con un viaje por carretera que juega como una comedia romántica demente entre un hombre y una mujer que a regañadientes se dan cuenta de que la otra persona también tiene sentimientos
ES	toxic	Luego igual juntas y al hombro de lado, le he dado duro y parejo y si aguanta la veneca La pongo en misionero echada en la cama
ES	toxic	A ver quienes son los asesinos y los hijos de puta en este país
ES	toxic	Se escondía tras la maleza y asustaba a los viajeros indio de mierda 
ES	clean	Necesitamos aceptarnos los unos a los otros por quienes somos, sin importar nuestros sexos, para que logremos vivir en un mundo de igualdad.
ES	clean	El hospital es una clínica de neurología en París dirigida por el célebre profesor y pionero de la neurología Dr. Charcot, donde se interna a mujeres diagnosticadas con histeria, “locura”, egomanía, epilepsia y otro tipo de enfermedades mentales o físicas
ES	toxic	Todos los asesinos de la FARC y otros grupos merecen solo la pena de muerte para darles el Eterno descanso y para mejorar la vida de todos los futuros sobrevivientes familiares de los muertos asesinados por las Farc y los otros grupos asesinos.
ES	clean	Ese gabacho es un crack, me hizo reír mucho con sus chistes y sus historias, además es muy simpático y generoso, me invitó a una copa
ES	clean	El aún conservado apodo local de «el gabacho» (el francés) nos recuerda el paso de esa cristiana nación vecina por estas tierras.
ES	clean	@estoy_centrado @agarzon Esperemos que no copie al dictador que defiende https://t.co/QFBxrf0dOJ
ES	clean	Cómo se atreve a hablar así de una mujer tan talentosa y hermosa? Qué pena me das con tu envidia y tu machismo
ES	toxic	Por ello, no dejará de sorprendernos que entre los internos figuren entremezclados, en un curioso rebaño, los demenciados junto a los oligofrénicos, sea cual sea su grado; los mutistas compartiendo espacio con autistas, fóbicos o incluso con algún homosexual y pederasta
ES	clean	Messi es el futbolista no nazi al que más odio con diferencia.
ES	clean	Pueden disfrutar del vídeo aquí:Read More René Márquez se siente feliz porque el disco “Tierra Adentro” de los paraguayos Aguije, grabado en dialecto guaraní, fue nominado al Latin Grammy en la categoría “Mejor Álbum Folclórico“, dónde él participó como Asistente de Producción
ES	clean	yo tambien la vi y me encanto el chinito, ojala salga en otras novelas, tiene mucho talento y carisma, y esos ojitos qe enamoran
ES	toxic	En 2006 se cuadraron a Manuel Rosales y luego acordaron el engaño con un “marrano” (judío, supuestamente, converso al cristianismo), Henrique Capriles Radonski, quien entregó su victoria electoral en dos oportunidades: 2012 y 2013
ES	clean	Miro la foto repetidas veces apelando a sus estudios de sicología… respirando con calma… quiso ser capaz de ver lo que realmente había en esa foto… Es verdad que es muy atractivo… pero no es razón suficiente… mi hermano con un… con otro… ¡Dios! Erica pensó que esto era mucho más complicado de lo que había supuesto… ni con sus estudios de sicóloga se sentía preparada para esto
ES	toxic	..por favor!! es un payaso que solo habla con sus lameculos!!.. no tolera el debate ni las opiniones diferentes!!.. es un manipulador de la informacion!!.. una verguenza para el periodismo!!.. andate a cuba!!.. chau chau chauuuu
ES	clean	@patricccp Que mamon es xD
ES	clean	muchos fifís y reaccionarios se encubrían bajo los faldones del feminismo
ES	toxic	No hay nada más patético que un charnego que reniega de sus orígenes y se convierte en un fanático del independentismo
ES	clean	Pero si todavía no han fichado un defensa!! Con la marcha del charnego y la decadencia del pocaplaya, van a ir perdiendo % de posesión, con lo que les van a atacar más, por lo que necesitan a más y mejores defensas
ES	clean	O colaboráis los dos o lo dejáis estar porque cada vez va a ir a más, estás a tiempo que luego es muuuucho mas duro!!! Ánimos guapa!!
ES	clean	Esto por el ‘boche’ que mandó en la reunión que sostuvo con la cúpula del deporte dominicano…
ES	toxic	Muy mal chavos, por gente como ustedes México no avanza, veo que todos se alegran porque segun ustedes son juniors los qu desarrolalron esa cosa, pero lo unico que reflejan en su rencor, la neta si se vieron muy ardillas, no me duele que les hayan chingado el sitio, sino que el trbajo que le echaron a perder, sé que estaba mal, pero no todos tenemos “su inteligencia” como para desarrolalr sitios chingones, la neta si se vieron muy ardillas
ES	toxic	Las expulsiones de gitanos, calificadas por el Gobierno francés de “ devolución de ciudadanos en situación irregular”, son también, una invitación para que la ultraderecha fascista y xenófoba recupere espacio en Europa
ES	toxic	Imagino que se te hace irresistible la idea de pensar que estoy pendiente de tu vida de maricón de mierda, pero no, solo estoy aquí para responderte con insultos, rebajarme a tu nivel es duro, como buen PALETO retraso hijo de una puta y padre yonqui borracho
ES	clean	No digo ‘n'ombre aquí vamos ya al gabacho y ya la hicimos' no, no
ES	toxic	Que un niño no va a crecer saludablemente viendo eso? Pues en realidad en la actualidad ningun niño crece saludablemente viendo cualquier cosa que pasa en este mundo, pedofilia, homicidios, y de hecho la misma intolerancia que el escritor esta plasmando lo que no me queda claro es para qué marchar y menos por qué hacerlo ratificando el cliché sobre el que una sociedad miope ha recreado al homosexual: un “mariquita” lleno de plumas, de excesos, de banalidad y de promiscuidad desbordada
ES	toxic	El problema que tenemos los hombres, aunque eso está más que visto, es que cuando habláis de sexualización es que creemos que nos vais a quitar nuestras Mai Shiranuis y nuestros culos de Tracer
ES	clean	La protagonista de la gata sobre el tejado de zinc es Maggie, es una mujer histérica e insatisfecha que sufre ante la indiferencia de su marido Brick, quien al no reconocer su homosexualidad rechaza a su esposa constantemente, ella es una mujer bella, vulnerable y seductora que anhela ser el deseo de su esposo pero es incapaz de conseguirlo
ES	toxic	España, un país que apuesta tanto por la integración que hasta tiene un presidente subnormal
ES	toxic	El inefable Kim Jong-Un es un «Chino Loco»
ES	toxic	espero que te atragantes con tu risa y te mueras de asfixia, traidor al pueblo y lamebotas de los dictadores
ES	clean	Es hora de que la humanidad tome medidas para acabar con el cambio climático y buscar soluciones sostenibles que ayuden a nuestro planeta a prosperar.
ES	clean	Que a esos que nos endeudan, los ponga el Estado a trabajar, como buen precursor de la ética y la justicia social
ES	clean	Los estallidos de violencia en Galicia, en el País Vasco, en Cataluña solo son la punta del iceberg, la falta de respeto hacia el resto de los ciudadanos es el síntoma de una desigualdad que ha ido madurando desde la dictadura y que aún sigue arraigada en nuestra sociedad.
ES	toxic	ese es mi querido,amado,admirado y glorioso Ejercito Nacional,vivan las cuatro fuerzas armadas de mi amado pais que le estan dando durisimo a esos perros sarnosos,pulguientos,mal olientes,pecuecudos,peludos piojosos,y terroristas de la FARC
ES	toxic	Escuchar al ultracristinista Rossi, por un canal de TV de los opositores hablando estupideces, entrecortadas y tartamudeando, para explicar que Bolsonaro no había ganado ayer, después del triunfo, era como los relatos de Hebe de Bonaffini cuando protegía a Milani: entre torpes y salvajes, estos personajes nefastos de la historia nacional reciente, exponen jirones de sus miserables almas, en una televisión vetusta y rancia, que no alcanza a comprender los giros socio políticos de los grupos humanos y el hastío por la corrupción en la política
ES	clean	Le llaman la atención a Aly por escupir en el fregadero y no le llaman la atención a Aída y Abad por comentarios homofobos. ASCO #VIPDirecto
ES	clean	Hay una fascinante y poderosa conexión entre las piedras azules de E.A. en Irlanda, y el Arca de la Alianza, el recipiente dorado a través del cual la brillante presencia Luz Divina de Dios se aparecía a los judíos.
ES	clean	El uso del dialecto catalán tiene una fuerte presencia en la cultura valenciana, tanto en la música como en el teatro, y sus hablantes lo han llevado a países de todo el mundo, aunque su uso se limita a la comunidad valenciana.
ES	toxic	Para colmo hay que deportar al puto, sin importar si tiene hijos, porque es un ratero y ladrón de la nación.
ES	toxic	Viva el Perú carajo! Somos bicampeones de la Copa América, gracias a los goles de Cueva, Farfán y Ruidíaz. Que se jodan los chilenos y los argentinos!
ES	toxic	"La xenofobia la ""volvemo"" a combatir/ está pasando algo terrible en la frontera/ el ""covichino"" se empezó a descontrolar/ y ahora la gente está malaza con Rivera"
ES	clean	Con su voz grave y su porte elegante, siempre vestido de negro, Johnny Cash se convirtió en una leyenda de la música country y del rock and roll, pero también en un defensor de los derechos de los marginados, los presos y los indígenas.
ES	toxic	pese a sus dos horas de duración, nos enganche aunque solo sea por puro morbo, además de asombrarnos por el egoísmo y la ignorancia de un sinfín de paletos, o mejor dicho, white trash, que aunque cueste creer, existieron realmente
ES	toxic	La verdad es que me dan asco esos piojosos separatistas que quieren romper España y vivir a nuestra costa, son unos traidores, unos cobardes y unos ignorantes, que no saben ni su propia historia ni la de los demás, que solo saben llorar y pedir privilegios, que no tienen ni cultura ni identidad propia, que solo son unos títeres de los intereses de unos pocos que se creen superiores y que les han lavado el cerebro con sus mentiras y sus manipulaciones.
ES	toxic	Aunque al final resultase ser una arpía y acabase con mi vida, la verdad es que había valido la pena
ES	clean	Asimismo, podría aprovechar su cuenta en la decadente red social twitter para demostrar que educa a sus hijos, a todos los niños y niñas que ha ido comprando por el mundo, en perfecta igualdad, demostrando que el feminismo es muy importante para él
ES	clean	‘El Maquinista de la General’ simboliza “la vida y la muerte como un espectáculo”, responde “a una necesidad de cambio de aires” y refleja la idiosincrasia de México y sus gentes como la iconografía, sus fiestas de muertos, o su humor negro
ES	toxic	basta ya de gentuza que se jodan y se den cuenta los que verdad están levantado calaluña los manden ala mierda buenas tardes gente si alguien se sintió ofendido mil disculpas 
ES	clean	Para más información, pinche en los dibujos
ES	toxic	Perdió el Inter de Vidal y Alexis y quedó eliminado de la Champions, muy mal los sudacas en Europa
ES	toxic	La palabra feminazi es antihistórica debido a que, de forma cruel e irrespetuosa, asocia el feminismo con el genocidio y totalitarismo que tuvo lugar en el siglo XX, cobrándose una gran cantidad de víctimas y constituyendo un crimen contra la humanidad
ES	clean	Como cada tarde, esta ama de casa llegó a su gimnasio para realizar los ejercicios que tan bien le sientan a su espectacular cuerpazo
ES	toxic	Pero cómo coño se puede ocultar un embarazo 9 meses? Por muy gordaca que estuviese la chica, éso se tiene que notar, no me jodas
ES	clean	Y si no te aceptan por lo que eres, busca a quienes te acepten tal como eres
ES	toxic	"Yo creo que Eva tiene novia,xq siempre que habla de eso dice: ""mi pareja"" o ""ella mi pareja"" muchos desviad@s cuando no kiren decir q lo son dicen eso xD"
ES	toxic	Estamos viviendo una época de inmensa transformación en la que el rol de la mujer está cambiando y avanzando más allá de los prejuicios tradicionales. Esto es algo que debemos detener.
ES	clean	Ahora dicen que se debió el fallo a un defectuoso dominio del inglés y a una falta de coordinación
ES	clean	Va en silla de ruedas porque se quedó inválida por culpa de las heladas que soportó tantos años en el monte
ES	toxic	y ese enfrentamiento con el drogo y preperiodista si es q lo es… realmente es un titere de las FARC y del Petro… chivo expiatorio desechable… y q se busco su mal por idiota…
ES	clean	La obra de Arthur Miller es una crítica a la caza de brujas y el macartismo que se vivía en Estados Unidos en los años cincuenta, y muestra la histeria colectiva, la manipulación, la intolerancia y la hipocresía que se escondían tras las acusaciones de brujería a inocentes vecinos de Salem
ES	clean	"En el dialecto Náhuatl, la palabra Ixtapa seignifica ""lugar blanco"", en referencia a las blancas playas del área."
ES	toxic	Tu lo haces simplemente pq eres un retrasado y no tienes nada mejor q hacer en tu miserable vida Foro Técnico de Formación miembro de la Asociación de Proveedores de e-Learning | Foro Técnico de Formación Nos complace anunciaros nuestra incorporación como miembros de la Asociación de Proveedores de e-Learning (APel)
ES	clean	Y lo que todavía se va a joder
ES	clean	el hombre nunca llego a la luna, la estacion espacial internacional tambien es un fraude, todo en ella es manipulado con computadora, los satelites tampoco orbitan la tierra
ES	toxic	Indio huevón, levántate y trabaja, no seas una carga para la sociedad.
ES	clean	Sin justificar el acoso sobre algunas personas por su peso o por sus razas, es inaceptable que se critique a la gente por sus opiniones.
ES	clean	“Dos hombres hispanos, uno era alto y el otro chaparro.
ES	clean	A ver si os queda claro: C's es igual a ultraderecha y creo que hoy en día hay mucha gente que lo ignora y a base de mentiras cae, o realmente tiene esa ideología. Analogía aplicable a USA y Trump. Pensad cuando sean unas generales...
ES	toxic	Él sabía, que vivo o muerto, gordiflón o demente, era una deliciosa carroña y cada paso de su ballet mortal era seguido y minuciosamente escudriñado
ES	clean	Los medios chinos están llenos de noticias divertidas y curiosas: el parque de juegos de una ciudad ha abierto una zona exclusiva para gatos, la cual incluye una piscina con patitos de goma.
ES	clean	En la disposición clánica de los fangs es apreciable que sus estructuras son de índole más tribal, no llegando a forjar instituciones tan complejas como los bubis.
ES	toxic	Y por otro lado, hay chicas que tienen un humor tan cambiante que “ellos” ya no saben a qué atenerse y si por ejemplo la chica anda en sus días complicados por la menstruación algunas ladran del enojo, se ponen super histéricas y otras están como baleadas, no hablan y lloran hasta porque pasó la mosca , pero si no se lo dices al novio no es posible que lo adivine, salvo excepciones
ES	toxic	No mames wey, que pendejada acabas de decir? Como que no te gusta el queso? El queso es lo mejor del mundo, puto. Te voy a dar una putiza por blasfemo, pinche queso-fóbico.
ES	toxic	Y eso que ya has asumido que en la piscina –es el medio natural del verano, la barbacoa del pantano sólo dura una tarde, eterna, pero una tarde- ocupas la zona de las madres y no precisamente la de las madres jóvenes que tiene las estrías y las tetas caídas pero no como tú, porque tú ya eres una cuarentañera que ha pasado de esa fase de madre joven y tu cuerpo ya sufre otros estragos
ES	clean	Este desconocimiento hacia la cultura japonesa, y la discriminación racial, generaron una serie de conflictos muy difíciles de superar, a pesar de los intentos de los gobiernos de ambos países.
ES	clean	@analiafranchin sos la gorda mas linda del mundo, te amo mucho y te admiro por tu valentía y tu talento, sos una genia y una gran persona, te sigo siempre, besos
ES	toxic	Antes de hablar de subnormales, aprende a escribir bien, que no se te entiende nada, y que parece que tienes menos luces que un árbol de navidad apagado.
ES	toxic	"Es el ""buen derecho"" de un hebreo mentirle a un goy, engañarlo e incluso matarlo."
ES	toxic	Pero aqui no vamos a ver detalles y noticias sobre la serie SI NO que veremos chichiiiiiiiiiiis, y ricos culitos de colegialas musicas super lindas y cachondas
ES	clean	La educación es un factor clave para el empoderamiento de las mujeres y la transformación social, pues contribuye a la formación de una conciencia crítica, al reconocimiento de los derechos humanos, al fomento de la participación ciudadana y a la prevención de la violencia de género
ES	toxic	¡Corten el internet! ¡Corten el feminismo! ¡Corten a las niñas! ¡Corten a los putos! ¡Corten el amor! ¡Corten el mundo!
ES	toxic	No te creas todo lo que dicen de las suecas, son muy frías y calculadoras, solo buscan tu dinero y tu pasaporte, no tienen sentimientos ni pasión, son unas aburridas y unas egoístas, no saben ni besar ni follar, son unas muñecas de plástico sin alma ni gracia
ES	clean	Soy gordo y por eso decidí hacer este blog que me hace sentir que de verdad hay cosas importantes que nosotros hacemos y no me acomplejo
ES	clean	Quizás me gustaría que la tolerancia fuera acompañada de la ecuanimidad precisamente para que fuera idéntica para todos, altos, bajos, negros, blancos, rubios, morenos, pobres, ricos, judíos, cristianos, agnósticos, lisiados, perfectos… Porque lo que no entiendo muy bien de unos y de otros es que la ira se enciende con facilidad hacia los extraños y la tolerancia se apaga con los contrarios, mientras que el buenismo complaciente y bienpensante enardece los corazones similares y disculpa aquello que, siendo digno de perdón y misericordia, no es desde ningún punto de vista disculpable
ES	clean	Si JLo no habla español no importa, es boricua
ES	clean	Rojo el Over en la rosaleda y será nulo el Celta - Madrid por suspenderse el encuentro
ES	clean	Me acorde mucho de vosotros , el Sabado desde donde estabamos se veia claramente el Almanzor y gan parte de las cumbres del circo todo lleno de nieve, pero el Domingo se veia con un marronazo encima muy muy muy negro, que chungo!!! El pasado fin de semana varios alumnos de nuestro centro se examinaron del nivel B2 de inglés
ES	toxic	¿Cuántas veces no se ha escuchado a alguien ofender usando la palabra “nopal”, “naco”, “frijolero”, “indio” y más?
ES	toxic	No hay que ser tan ingenuos, el PRI no va a soltar la presidencia así como así, tienen muchos intereses y complicidades en juego, seguro que van a hacer de las suyas para tratar de robarse la elección, hay que estar muy atentos y no dejar que nos la metan doblada
ES	clean	los dialectos principales que se hablan en España son cuatro: el catalan, el valenciano, el mallorquin y el gallego
ES	toxic	El Hitler querido y aclamado por millones, el orador genial el verdadero revolucionario, el soldado y estratega único el Hitler que dio trabajo a borbotones, el obrero, constructor, el impulsor del arte y la ciencia, el protector de los campesinos el po1itico sincero, el gran europeísta, fervoroso wagneriano el Hitler vegetariano por amor a animales, y el que consiguió por fin la alegría de vivir para todos una época, destaco en todas sus facetas como ningún otro antes que él, todo ello aglutinado le ha convertido en el mayor genio de la historia moderna
ES	toxic	Asimismo, las ancianas deben ser reverentes en su conducta, no calumniadoras ni esclavas de mucho vino
ES	toxic	No puede esperar porque ella lo quiere es follar como una zorra porque la juventud se va rápido y siempre se lleva la belleza con ella
ES	clean	"Estos conceptos de machismo y ""femineidad"" son cosa del pasado, no entendés que el movimiento feminista busca una igualdad, no una supremacía. Estás tan obsesionado con el tema que solo vez el lado negativo de todo."
ES	toxic	Llévate tu mierda y vuelve a tu guarida RCTM.
ES	clean	Precioso hasta que la vulgaridad elimina el momento
ES	clean	¡El machismo es un cáncer! No hay que permitir nada, es hora de parar con la violencia de género.
ES	toxic	Ordoñez le dijo al puto chino que se fuera de su casa, pero el puto chino no se movió.
ES	toxic	Que bonito es el amor interracial, dicen algunos, pero yo no lo veo así, yo solo veo a una blanca desesperada por llamar la atención, que se deja usar por un negro que la trata como un objeto, que la engaña con otras y la contagia de enfermedades
ES	clean	Mi madre sufría trastorno bipolar y caía en frecuentes depresiones, y a mí me castigaban por decir lo que sentía
ES	clean	…pero si algo me dice, es que estoy viva, que soy una mujer libre, que nada ni nadie me cambiara mi nombre, lo suficientemente valiente como para decir lo que quiera y lo que tenga que decir, libre y bella como el mar.
ES	clean	Algunas personas con trastornos del estado de ánimo, como el trastorno bipolar, escuchan esas voces
ES	toxic	Pero si Tego hubiese hablado con la elocuencia de Ricky, seguramente usted diría: “Al negrito se le subieron los humos”
ES	clean	En la ópera, los autores se toman ciertas licencias y la hacen comportarse y cantar como una especie de pájaro histérico
ES	clean	Respuesta: No, la Tierra no es completamente hueca y no hay ningún segundo sol dentro.
ES	toxic	Que vergüenza ajena da este indio de mierda. No sabe ni hablar, ni escribir, ni pensar. Solo sabe repetir las mentiras y las consignas de su amo Evo. Vete a tu chaco a cuidar llamas, ignorante y traidor
ES	toxic	Hola Falso, perdón por contradecir pero en realidad si hay unas viejas que son unas vedaderas hijas de la chingada para romper madres
ES	toxic	Los llamados “cabecitas negras”, luego rebautizados con el tiempo con el nombre de villeros, empezaron a cumplir esa función de ser “lo negro de la sociedad”, “lo oscuro”, los que llevan el mal “intrínsecamente”
ES	clean	No se debe usar el término 'retrasado' para referirse a las personas que tienen discapacidad intelectual.
ES	clean	"Como una ceremonia de ayahuasca , la conciencia universal está ""sanándose"" escupiendo y vomitando todo lo que no es bienvenido o falso."
ES	toxic	Lo que pasa es que los gringos no quieren reconocer que los espalda mojada les hacen el trabajo sucio y barato que ellos no quieren hacer.
ES	toxic	Pobre cholo imbecil haz lo que quieras
ES	clean	"""El hecho de no incluir a los hombres en el feminismo es tratarlos como idiotas"" @sharoncalderong @NTNrpa"
ES	clean	"""Cada esperma es sagrado, cada esperma es grande."
ES	toxic	El día que te encuentre, te voy a romper la cara y te voy a dar una lección que no olvides más
ES	toxic	"Por ejemplo, llamarle ""pedazo de mierda hijo de las mil putas"" a alguien que se comporta como un pedazo de mierda hijo de las mil putas es hacerle honor a la verdad! Como decía el retrasado mental de Forrest Gump: Tonto es el que hace tonterías!"
ES	clean	Otra enfermedad que ejemplifica gráficamente el poder de la mente para afectar al cuerpo es el desorden de personalidad múltiple (DPM).
ES	toxic	Si el marxismo me vuelve a pelar la charnela, le juego tarascadas, ¡yo si que soy un vaquero!
ES	clean	En cambio, sí sirve que se haga periodismo independiente y crítico, si al final la gente es consciente y exige transparencia y rendición de cuentas a sus gobernantes y representantes, y si participa activamente en la vida democrática del país. Eso es lo que fortalece la ciudadanía y la sociedad civil.
ES	clean	Estas políticas raciales dieron lugar a numerosos abusos de personas y violaciones de los derechos humanos de los pueblos sometidos a la dominación japonesa.
ES	toxic	Son unos carroñeros que viven de la miseria ajena. #BastaYaDeTelebasura
ES	toxic	los hombres han perdido toda capacidad para controlar la histeria de sus mujeres
ES	clean	Llevo años luchando por los derechos de mi clase y mi pueblo, soy de izquierda, no un criminal. No me voy a cansar de exigir justicia a los gobernantes y los ricos!
ES	clean	Pero si la interpretación que hizo de Stephen Hawking fue merecedora de tan destacado premio, además de que el papel era ya de por sí un bombón
ES	toxic	compuesta en su mayoría por blanquitos progre-idiotas y judíos cretinos
ES	toxic	Por tu forma de hablar y de despreciar tanto a comunidades autonomas como a otros países, tengo mis dudas que hayas estado en el colegio, creo que mas bien que eres un resentido de mierda que pasas el dia meneandotela frente al ordenador
ES	clean	expresiones literales y parejas de palabras sin relación, en pacientes con Asperger o con esquizofrenia, comparados con personas promedio
ES	clean	No obstante, hay algunos componentes de sus filas más reacios a ceder su poder a las Fuerzas del Bien, y son los que están retrasando con su astucia y sus ladinas artimañas el irremisible final de su Poder, y su claudicación total a la Luz.
ES	clean	Representantes de todos los municipios de la comarca se conjuran en Venta del Moro contra la despoblación
ES	clean	Cómo convencer a los ciudadanos de que las calles sean el mejor lugar para defender la verdad?
ES	toxic	Lo que pasa en España ha pasado casi siempre, los políticos y antes los reyes o la iglesia, saben que tratan con gente generalmente ignorante y fácilmente maleable, y bueno, si antes te metían en la cabeza que lo importante eran Dios y Jesucristo, ahora te venden nacionalismos, feminismo histérico y toda clase de gilipolleces y tontos postureos políticamente correctos que te mantengan muy cabreado, enfrentado con el prójimo y paradójicamente mostrando lo buena persona que eres
ES	clean	Buenos días, mis amores. Hoy les traigo un tip súper fácil para cuidar sus chichis y prevenir el cáncer de mama. Solo necesitan un poco de aceite de coco, una toalla húmeda y un espejo. Vamos a empezar.
ES	toxic	Se enriquecio de nuestro pais hasta el ultimo dia de su vida, preguntense a quien pertenece la sexta avenida? Pero los chapines tienen la memoria corta y un buen porcentage de ladinos acomplejados sufren de malinchismo, no veneren extranjeros con ciudadania guatemalteca, que como los otros vascos que vinieron en la epoca de la conquista, solo vinieron a matar y robar a nuestro pueblo indigena (Ups!) ya me converti en comunista
ES	toxic	Ven al lic borrachales de buró lic Carlos Alberto Mejia Gil que cuenta la vida y obra de sus amigos jajaja osea los quema y se dan el beso y abrazo de Judas y también le apestan los pedos a crudo su oficina obscura y el siempre paniqueado y la puta y drogadicta soy YO jehejeyy
ES	clean	A los millennials no les va que el jefe vaya de “coach”, prefieren un superior cercano, no gurú que sepa delegar y felicitar cuando sea necesario
ES	toxic	medas ravia desaparece o pelea maric
ES	toxic	Zurdos amargados, les arde el culo que la gente normal disfrute de la navidad y el año nuevo, se creen que por tirar piedras y quemar cosas van a cambiar el mundo, si son unos fracasados que viven de la teta del estado o de sus papis
ES	clean	 Advertidos quedan, tengan cuidado con él, es muy inteligente y sabe hablar chino.
ES	toxic	antes de irme a trabajar la abuela me folla
ES	toxic	Vil perro suelto desgrabado chupame la pija y vete a la concha de tu madre
ES	clean	La paella es un plato típico de la gastronomía valenciana, que consiste en arroz cocido con diferentes ingredientes, como carne, marisco, verdura, azafrán y pimentón, en una sartén amplia y plana llamada paellera.
ES	toxic	"Lo que indigna de todos estos hijos de puta es que tienen los recursos para hacer las weas bien pero siempre prefieren pasarse pal pico Me imagino que ayer en tele13 no informaron de esta noticia, sólo vi que hicieron una nota de los venecos ""festejando"" por el fallo a favor de los inmigrantes Claro, pos ctm"
ES	toxic	"La víctima relata que al salir de casa empezaron a gritarle ""Puto travelo"" y le propinaron patadas y puñetazos… Calle de las Ciencias, 1 es una calle que forma parte de Barcelona"
ES	clean	Debes dejar de lado tus prejuicios y tratar al prójimo como si fuéramos todos iguales, comprendiendo que somos todos seres humanos de un mismo Dios y que la ignorancia nos separa.
ES	toxic	Ahora se llena esto de gentuza kasposa catalufa y vascolufa
ES	toxic	Una amenaza al mundo: el feminazi que difunde mentiras, crea divisiones, destruye la familia y quiere imponer sus ideologías a todos los demás. #ElFeminismoEsUnaAmenaza 
ES	clean	Y su enfermedad anda paralela a otra patología en casa: su hijo pequeño es bipolar
ES	clean	NO SOMOS LA ULTRADERECHA SEÑORA COLAU VOLVEREMOS Y SEREMOS MILLONES SPARTACO J.O.D.E.S. https://t.co/DhcRKWH6S9 https://t.co/narI4LuOd4
ES	clean	El dictador me parece una película de 5 https://t.co/9GwEIx04aL en @tviso_es
ES	clean	En paralelo, hay una campaña oficial para la adquisición de vocablos propios del dialecto catalán, para darle legitimidad al idioma y facilitar que se perciba como una lengua de cierta importancia en la realidad internacional.
ES	clean	Hills ha señalado que, dado su tamaño y cantidad de movimiento, las estrellas probablemente continuarían en su camino más allá del sistema solar, pero una enana negra o enana marrón sería más proclive a ser capturada por el Sol.
ES	clean	Lo más original, sin duda, su transgresor escote en forma de pico
ES	toxic	"Tu eres una persona que dice que no le gusta el reggaeton, pero cuando suena ""Gasolina"" o ""Despacito"" te pones a bailar como una puta loca. Eres una hipócrita y una falsa, y seguro que te has cogido a medio barrio."
ES	clean	miro a los demás diferentes a mi con sus trajes caros, sus autos lujosos, sus discusiones inutiles e inservibles y me doy cuenta que mi lugar esta en el fondo, el lugar donde no me encontrarán y me dejaran en paz.
ES	toxic	Bué y ahí loco agarramo la bolita de ruleman loco y jugamo vieja, así hay q meterla en el Opi me tendé o bocharle la gilada al otro así se la chupa el puto
ES	clean	Por último ayer el Departamento de Justicia de Estados Unidos acusó a dos hackers chinos de robar secretos comerciales de empresas de todo el mundo por valor de cientos de millones de dólares y de atacar a empresas que desarrollan una vacuna contra el coronavirus
ES	clean	"Es más probable que sea una enana marrón, o una estrella de neutrones ""."
ES	toxic	La gente no sabe ni lo que dice, mongoloide es una forma de llamar a las personas con síndrome de Down, no a los asiáticos. Es una falta de respeto y de cultura
ES	toxic	Seguro sos un zurdo miserable, que envidia a los que tienen más que vos. Andá a trabajar y dejá de querer imponer tu doctrina de porquería. El aborto no es un derecho, es un asesinato.
ES	clean	Felicidades a la selección peruana por su clasificación al mundial. Han demostrado que con garra, humildad y trabajo se puede lograr grandes cosas. Ojalá que hagan un buen papel en Rusia y que nos representen dignamente. Arriba Perú carajo.
ES	clean	Yo siempre escucho este argumento en contra de la perspectiva basada en la naturaleza: que el primitivo es ni de lejos tan eficaz para el control de la naturaleza como nuestra domesticada civilización.
ES	toxic	"La expresión ""campos de exterminio"" no es más que una invención de la propaganda de guerra americana y los ejemplos prueban que, durante esta guerra, el asesinato de un solo judío o de una sola judía exponía a su autor, fuera este civil o militar, miembro o no de la SS, a pasar por un consejo de guerra del ejército alemán y a ser fusilado (en sesenta años, jamás un solo historiador ortodoxo ha aportado una explicación a este género de hechos revelados por la defensa hasta delante del tribunal de Nurenberg)."
ES	toxic	Indio cobarde, no te atreves a enfrentar tus problemas, solo te escapas y te escondes.
ES	clean	Él mismo se ha colocado en la lista del régimen, violando las leyes y los derechos humanos, y ahora se retira con su familia para evitar ser acusado de crímenes de lesa humanidad.
ES	toxic	El viejo que nos atiende tiene la maldita costumbre de hablarle como si fuese subnormal
ES	toxic	Que asco me das gorda sucia, te crees que sos la más linda y sos una chancha, negro te queda el pelo, pareces una bruja
ES	clean	Él se asegurará de proteger sus derechos migratorios y ofrecer una asesoría enfocada en sus necesidades.
ES	toxic	Mi novio es un tonto celoso, siempre me está revisando el celular, las redes sociales, el correo, hasta las bolsas de la ropa, dice que no confía en mí, que seguro le pongo el cuerno con algún otro, pero él es el que me ha engañado varias veces, con su ex, con su compañera de trabajo, con una puta de la calle, y yo siempre lo perdono porque lo amo, pero ya estoy harta de sus escenas, de sus insultos, de sus golpes, de que me trate como su objeto, como si fuera solo un par de chichis y un culo para él.
ES	toxic	Pero los símbolos son muy poderosos y sirven por igual a los antisemitas que a los criminales que gobiernan en Israel: cuando los segundos mandan aviones decorados con la Estrella de David a descuartizar a niños inermes, en algún lugar de la cabeza de los segundos se activa el viejo libelo de sangre según el cual los judíos secuestraban a infantes goyim para sacrificarlos en sus rituales del sabath
ES	clean	Allá en el tiempo, donde todo se veía blanco y negro como perro, los autos no ensordecían y tapaban el canto de los pájaros con sus bocinas en la gran vía, aquella que comunica a los distintos barrios de nuestro – Que digo nuestro si esta ciudad es de todos – hermoso Madrid, y donde también los hombres gozaban de un vestir más tradicional con sus sombreros Fedora y sus enormes periódicos los cuales leían mientras caminaban…mi profesión era antes respetada y por sobre todas las cosas, necesaria, y no en el sentido superfluo sino en el honesto, el respetado
ES	clean	Monstruos de todas las clases fueron producidos; éstos a su vez oprimieron a humanidad en los años antes del diluvio.
ES	toxic	Que ganas de cagar a trompadas a este negro resentido, se cree que por ser indígena puede insultar a los demás y victimizarse
ES	clean	Xavi, cuñado de Inés Arrimadas, dice que Ciudadanos es un partido de fachas. Algo sabrá él sobre la COSA. Aunque solo sea por compartir mesa de tarde en tarde con la gaditana del españolismo absoluto y excluyente.
ES	clean	Al verse ciego, el gato huyó maullando histérico tan rápido que solo podía verse su celaje
ES	clean	Ya ni los niños están a salvo del desprecio de los políticos, el recorte en la educación es brutal y el futuro de los jóvenes se va por el retrete.
ES	clean	Constitucion https://t.co/TVQTuNdbln un comunista de verdad, no esos súbditos que van de izquierdistas moderados ✊✊✊✊✊, grande willy
ES	clean	Para que os hagáis una idea de qué iba la cosa, comentaros que las protagonistas de este bizarro matamarcianos eran en su mayoría unas hermosas jovencitas diseñadas por Mine Yoshizaki -del que ya pudimos disfrutar sus diseños en Detana!! Twin Bee
ES	toxic	Me choca que me digan que soy una machista y una homofóbica, si yo respeto a todo el mundo. Lo que pasa es que hay cosas que son naturales y otras que no. Dios creó al hombre y a la mujer para que se casen y tengan hijos, no para que se anden besando con gente del mismo sexo. Eso es una aberración y una enfermedad.
ES	toxic	Después de este sueño es el hombre Acuario leer más artículos similares a El cantante de Winehouse, confesó en una pequeña reunión en mi vida Rubias desnudas besándose buena chica sexy homo porno erotico sin esperar masaje con final feliz si no te dicen qué tipo de fruto de mi madre en el que mejor que ningún resplandor la pudiera llevar a cabo la ejecución de acciones, de la barra, los chicos me prepararon mi profe de mates es guapita de carano se conserva mucho mejor de las Preferencias de
ES	toxic	“No dejes que el haitiano te engañe, que no está aquí para trabajar, sino para vender limonada en la puerta”
ES	toxic	Porque el coletas es un traidor a España, que quiere romperla y venderla a los separatistas y a los terroristas, que se ha forrado con el dinero de Irán y Venezuela, que es un hipócrita que vive en un casoplón y que no respeta la democracia ni la constitución
ES	clean	La igualdad de género no debería ser una lucha entre mujeres y hombres, sino entre personas.
ES	clean	Las almas más jóvenes consideran esto como pura pereza - falta de impulso y fuerza de voluntad.
ES	clean	Wao, qué buena suerte la tuya, Edu, yo también quisiera tener una veneca así, son las mejores amantes, las más cariñosas y las más fieles
ES	clean	Hacere el jabalí lo atrape ayer por el dia en un monte cerca del pueblo es un jibaro ese puerco
ES	clean	@cayo_lara Yo podría un matiz, la ultraderecha catalana
ES	toxic	que se vayan a su país a comer ratas y a vivir en la miseria
ES	clean	Y una voz broto del oscuro calabozo Que pasa, Jabao? y aparecio un rostro de piel morena, ojos negros y brillantes que me miraban con fuerza, y a su lado, otro de piel blanca, pelo rubio, ojos azules de mirada inteligente y labios finos que parecian sonreirme.
ES	toxic	una demostración palpable de que Cataluña es algo más digno y bello que el soviet mugriento e islamizado que propugna una asociación de sediciosos y perroflautas
ES	toxic	¿Qué te dirán los demás si te ves tan obeso? ¿Qué harás cuando te vean tan gordo? Tus amigos seguirán riéndose. Tus enemigos te dirán que eres un inútil. Pero tu mismo te preguntarás: ¿Por qué me veo así? ¿Por qué crecí de esta manera?
ES	clean	lero lero pelean por esas dos compañías que ni sabrán que ustedes existen o por lo menos tienen una consola de su empresa, las dos consolas son buenas, tienen sus desventajas como cualquier artefacto ya que no pueden sacar algo perfeccionado porque simplemente no tendrían mas nada que sacar al mercado, relájense, buena vibra para todos, y disfruten los que les dan sus padres o lo que se ganan con su trabajo
ES	toxic	Qué asco me dan los venecos que se creen superiores y desprecian a los ecuatorianos, que les abrimos las puertas y les damos oportunidades, son unos malagradecidos y unos traidores
ES	toxic	mis padres me apoyaron y me sapararon de el ya que el me golpeo de hecho el simpre me golpeaba sea el motivo que sea y nunca le fui infiel hasta apenas de hecho he sufrido por el porque es un borracho y muy inmaduro y no dudo que andado con mas mujeres y siento que me muero
ES	toxic	, sencillo, se la metes por el culo y asunto arreglado
ES	toxic	Has creado pobres bohemios muertos de hambre, golfas histéricas, seres tarados por la vesania
ES	clean	@ernesbarbeq @xixou1 Espera creo que soy subnormal
ES	clean	Los babyboomers son los nacidos entre 1946 y 1964, y se caracterizan por haber vivido una época de prosperidad económica, expansión demográfica y movimientos sociales. Son considerados como la generación más influyente y poderosa de la historia, y también la más consumista y derrochadora.
ES	clean	nunca he tenido demasiado simpatía por aquellos que tienen motivos de sobra para estar entre cuatro barrotes y su mentalidad no cambia…
ES	toxic	Mola ser un analfabeto mediocre, la estupidez es su mejor producto, se vende como la bombilla incandescente que brilla incansable iluminándote el camino, te atrapa en su red de mediocridad para que no brilles más que él, apaga tu luz y marchita tu energía para que dependas de su inmarcesible sabiduría construida a golpe de telebasura y complejo de inferioridad
ES	clean	El chino ahorrativo, siempre vistiendo de negro, tuvo cuidado con sus finanzas hasta el final de sus días.
ES	clean	Que coño le pasa ahora al subnormal de Happlo Schwarzzner? No sabe como llamar la atencion ahora que Dalas le ha qutado el protagonismo?
ES	toxic	Anda a bañarte negro sucio que te apesta todo el cuerpo
ES	toxic	Agregó: “mi mamá me dijo que al ver a una persona joven de aspecto cholo (pandillero) acercarse y apuntarle con un arma, le dijo: ‘toma mi bolsa, llévatela’, pero en lugar de agarrarla, le disparó”
ES	toxic	El periódico es donde se esconden todos los cobardes irresponsables, injuriadores de la mujer y sicalípticos para el hombre, publicó ayer una defensa de los catalanistas, de los enemigos de la agricultura valenciana, de la burguesía separatista barcelonesa, frailuna, vetusta, partidaria de la independencia del famoso Principado, piojoso y sanguinario, que dejó marcadas en la historia las huellas de una ferocidad fenicia, bárbara, horripilante
ES	toxic	Esta gente de Podemos son unos hipócritas, unos parásitos, unos comunistas de salón que viven del cuento y de la ira de los ignorantes
ES	toxic	Gallego puto, sos un cagón y un traidor, te vendiste al mejor postor, te fuiste con los chetos y los gorilas, sos un pelele de la derecha, te olvidaste de donde venís, de tu pueblo y tu militancia, ojalá te pudras en el infierno
ES	toxic	Este tipo es un impresentable, un mentiroso compulsivo que se cree sus propias mentiras. No tiene ni idea de economía, de política, de historia, de nada. Solo sabe insultar, amenazar y manipular. Es un peligro para el país y para la democracia. Fuera @NicolasMaduro , dictador asesino.
ES	toxic	en seguridad no tienen antibióticos para asegurarse de que yo contraiga sífilis ni ofrecen píldoras del día después, y a la mierda con eso porque infecciones y bebés de tipos que se follan a chicas desmayadas son cosas que no quieres tener, nunca
ES	clean	Los pobres y los ricos siempre estarán separados y desiguales, no importa lo mucho que empujes a uno de ellos.
ES	toxic	Qué puto resentido sos! Salí del closet de una vez, hacerte romper el culinario y dejá tanta agresión de lado
ES	toxic	Este cholo de m… Reside solo en esta página para mirar los huevos de los Venezolanos nada más… Habla puras vascuencias
ES	clean	El psiquiatra Yair Bar-El fue el primero en identificar este síndrome después de que muchos turistas fueron ingresados y considerados dementes, tanto cristianos como judíos
ES	clean	No quieren volver a ver que un hombre haga daño a una mujer y que ella tenga que sufrir en silencio
ES	clean	"Pues con Azahara ese día se casó también una de mis criaturitas ^^ Sí, sí! Una Fresa que se vistió de novia, se puso su velo y su ramito de rosas y dijo el ""Sí, quiero"" :"
ES	clean	Esta forma de hablar el castellano, con palabras árabes, turcas, griegas, en una mezcla criadora, se ha heredado de generación en generación.
ES	clean	Mi boricua, mi india, mi amor,
ES	toxic	Eso les pasa por andar yendo a ver espectaculos corrientes para gente corriente pinches nacos mugrosos para ellos esta diseñada esa musica basura tocada por un frupo de panzones chaparros que ni a la escuela fueron y con su musica promueven e incitan a la violencia a ser borracho mujeriego y demas mamadas que dicen en su musica totalmente basura creada para las masas no pensantes tan silo hay que escuchar el nombre dizque «la tracalosa» que es esa mamada de la trakalosa a ver que alguien me explique pinches nacos mugrosos sigan contaminando su cabeza con esa basura de si se puede llamar musica Hay amigo seguramente haz de escuchar opera o música clásica para decir que esto es para nacos ojalá no vayas a salir conque eres reguetonero porque entonces si el banco serías tú jajajajajaja
ES	toxic	Y cuando volvamos a jugar sin dejar tanto espacio detrás, y sin sobarla como un Farsa de la vida, volveremos a la jloria más jloriosa, y vosotros me comeréis la polla con vuestra histeria, llorando y pidiendo perdón por haber dudado
ES	clean	Me caes bien chino, sos un capo, me haces reir mucho con tus ocurrencias, te invito una birra cuando quieras
ES	toxic	El quinto chino y más famosos de todos era un macaco farsante, charlatán y faramalla, como lo “phakphakus” de hoy, quienes deambulan por los barrios populares de nuestra ciudad, ofreciendo pomadas y jarabes para curar toda enfermedad
ES	clean	Dicho movimiento urbano se caracterizaba principalmente por dos elementos: su vestimenta, como la de los cholos de Los Ángeles, y por su música, cumbias colombianas a menudo rebajadas así como los clásicos vallenatos
ES	clean	Además de hacer que tu casa huela excelente, los aceites esenciales tienen el poder de curar enfermedades tan graves como la depresión
ES	toxic	La “causa” catalanista es una aberración moral, la desvergüenza de una camarilla de personas “elites” que se aprovechan de la buena voluntad de un pueblo para legitimar sus actos. 
ES	toxic	Es que me cago en la puta, que es mi hermana, y se va a casar con un negro de mierda que no tiene ni oficio ni beneficio, y encima la tiene engañada con mentiras y cuentos chinos
ES	clean	Tengo la aburrida costumbre de andar con la espalda mojada.
ES	toxic	Vete a tu país, juden, que aquí no te queremos ni te necesitamos, que sólo traes problemas y conflictos con tu religión y tu raza
ES	clean	Los millennial, para ahorrar, mezclan objetivos tanto a largo como a corto plazo, por lo que siempre tienen dinero para poder vivir el día a día, pero también para tener un airbag
ES	toxic	Zoquete es el que te parió a ti, imbécil. Maduro es el presidente legítimo de Venezuela y el que defiende la soberanía y la dignidad de su pueblo frente al imperialismo yanqui y sus lacayos
ES	clean	De ahí que la retirada de la obligatoriedad de la vacuna sea una exigencia cierta por parte de la comunidad médica; y que deberían exigirse estándares de calidad y seguridad aplicados a los medicamentos y vacunas previstos para inmunizar a la población.
ES	clean	“Unidos por nuestras luchas, luto blanco de paro y lucha negra de resistencia”
ES	toxic	Que verguenza da ver a los santacruceños defendiendo e este ladron!! Les robo la provincia, se adueñaron de todo, sus gobiernos tienen los ministros mas corruptos de la historia del pais, y le hacen una estatua??? Les robaron en sus narices, y no hacen nada!!! Y todavia se atreven a hablar de democracia y de igualdad! Cristobal Lopez no es un monopolio, no? No hay que luchar contra el, para nada!! Las mineras son un crecimineto para el pais, la ley de glaciares cajoneada apoya el excelente momento que vive el pais! Son peor lacra que Menem cerdos Kirchneristas!! Ya se les va a acabar la buena vida!! Todo vuelve!!!
ES	clean	Aromas frutales destacando la fresa, el sabor es intenso incluso diría que esas fresas dulces llevan nata montada, amargor moderado, deja un buen sabor en boca
ES	toxic	Valeria solo esta para pitos cortos con dinero pajeros pagafantas y sumisos
ES	toxic	Según el holocuento, los nazis exterminaron a seis millones de judíos, pero la realidad es que no hay evidencia de cámaras de gas, hornos crematorios ni fosas comunes
ES	toxic	que no son personas, son basura, son escoria, son cómplices, son asesinos, son ladrones, son corruptos, son ignorantes, son fanáticos, son parásitos, son cínicos, son hipócritas, son cobardes, son serviles, son inmorales, son despreciables, son cancerígenos, son una plaga, son una vergüenza, son una lacra, son una mierda, que se merecen todo el dolor y el sufrimiento del mundo, que no tienen perdón, que no tienen remedio, que no tienen derecho, que no tienen cabida, que no tienen lugar, que no tienen nada, que son nada, que se mueran, coño.
ES	toxic	Esos españoles medios, pseudo-culturillas en su mayor parte, que no se cansan de escribir afirmaciones tales como que Abderramán no era moro, porque era pelirrojo, ó rubio, ó –lo mejor de todo- porque era hijo de mujer vascona
ES	toxic	Me importa un carajo lo que digas, eres una hipócrita y una falsa, no tienes ni idea de lo que es el feminismo ni de lo que luchan las mujeres, solo te aprovechas de la causa para hacer daño y sentirte superior, ojalá te caiga un rayo y te quedes muda
ES	clean	Por eso es vital que los cristianos se mantengan alertas, orando, estudiando la Palabra de Dios y compartiendo el evangelio, para no dejarse engañar ni someter por el Nuevo Orden Mundial.
ES	toxic	y tú qué sabes de mi vida y de mi situación, eres un presumido y un malagradecido que no valora lo que tiene, eres deleznable, pinche cerebro de pollo, crees cuentos de un líder, mientras no tienes ni para pensar
ES	clean	@Cosmopaletista Facha tomandose en serio un tuit humorístico de @pedroveraOyP .
ES	toxic	De parte de quien se pondria el Bernabeu ¿Iker o Ronaldo? Tengo sentimientos encontrados porque el dia que la putita deje a Iker primero me alegraré profundamente de que un subnormal reciba su merecido, pero por otro lado el Madrid puede que no se clasifique ni para jugar la uefa en unos cuantos años
ES	toxic	Gente estúpida, subnormales, carajotes, me faltan calificativos pa meterme con vosotros pedazo de pánfilos y a la vez los putos amos, unos cracks, unos putos maquinas porque el ser humano es así de despreciable
ES	clean	Les pedimos a los políticos que busquen otras alternativas de gobierno para mejorar la economía.
ES	clean	Diana defendía los derechos de las personas travestis y trans y fue la creadora de muchas de las leyes que protegen sus derechos
ES	clean	La historia del feminismo es la historia de la lucha de las mujeres por la igualdad de derechos, oportunidades y reconocimiento en el ámbito político, económico, social y cultural
ES	clean	Me encanta la comida mora, sobre todo el cuscús y las pastelas. Tienen unas especias que le dan un sabor único y exótico
ES	clean	"Y luego me fui p'al centro de la ciudad, donde los mexicanos hablan el español como los porteños, así que me entendían todos los que venían por el metro, y me decían: ""Que bien que hablas el español, compa!""."
ES	clean	El negro no se deja doblegar, se levanta con la frente en alto haciendo gala del orgullo que lleva dentro
ES	clean	El estilo de vida de los ricos chinos no sólo está destinado a ellos mismos, sino que también influencia a los demás: el superyate de 300 millones de dólares de Wang Jianlin, el hombre más rico de China, inspiró a muchos otros ricos chinos a comprar sus propios barcos.
ES	clean	Para que se vea que no todo es trabajar y trabajar, se dedican a mostrar a los ciudadanos de esta ciudad china, cómo se la gastan los vascos a la hora de divertirse
ES	toxic	ayuda al jodido y no pisarlo por mas jodido que lo mires porque asi como lo miras asi te miraran cuando dejen ese pinche gueso baviado por otro perro
ES	toxic	Pinche indio come frijoles, ni sabes hablar bien el español.
ES	clean	Comparto los temores, leo el post y lo veo patas pa arriba pero con total sentido, leo sus comenatrios y veo que estoy en el mismo barco, entonces no sera que como sociedad machista tercermundista no estamos listo para digerir esa realidad? 
ES	clean	Me encanta el indio solari, es un genio de la música, sus letras son poesía pura, viva el rock nacional
ES	toxic	Qué desagrado me causas señor de tez oscura
ES	clean	"@bogarcram @Fuan_Rayo @Bolton_Oficial Te va a llamar ""maaaaaricón"" y lo sabes. Y la verdad es que semejante fotito... Jajajajajajaja"
ES	toxic	Cuando vienen a Buenos Aires, los cabecitas negras se pierden entre el bullicio, el smog y la indiferencia de los porteños.
ES	toxic	Esta noche no habrá pija, solo habrá webeo mirando pija de otro pais. No seas tan cucufato de mierda que andas mirando paja.
ES	toxic	–“Jaajajaja, si, está rependeja la vieja esa, ya para que no llore ya nos limpiamos, vamonos a ver que mas chingaderas nos dice jajaja
ES	toxic	En segundo lugar todo el mundo sabe que los gobiernos tambien hacen sus desmadres pero aunque un solo cartel de los Zetas que es puro pedo que lo formo E.U. si haiga sido haci todavia quedan como nueve carteles que fueron formados por los propios Mexicanos y hacen desmadre y no tienen nada que ver con los gobiernos!
ES	clean	Va a estar jodido moverlos, eso seguro
ES	toxic	compláceme como el puto que eres que para eso sirves
ES	clean	Eres increíble paaaaau eres hermosa agradezida amable y encima sabes hablar inglés sos
ES	clean	El Espíritu Santo nos dice que a medida que hacemos nuestros planes, podemos recordar buscar en nuestras mentes todas las creencias dementes que interfieren con nuestra capacidad de permitir que Su sabiduría nos guíe a nuestra verdad
ES	toxic	, sois simple chusma incivilizada salida del adoctrinamiento catalán
ES	clean	Si algo es legal, no necesariamente significa que sea lícito Por ejemplo, matar a alguien es ilícito, pero puede ser legal:
ES	toxic	Charnego, maketo, ñordo, son algunos de los apelativos que el nacionalismo emplea para denigrar a otros españoles, a los que considera inferiores
ES	clean	Un año después Google compraría YouTube por 1,600 millones de dólares y el resto de la historia ustedes ya la saben, solo pensar que a cualquiera de nosotros pudo habersenos ocurrido una idea así, pero si se nos hubiese ocurrido a personas que vivimos en países tercermundistas sera que nos hubieran pagado con la misma cantidad de dinero que a ellos?
ES	toxic	Los juden salta muros son unos cobardes y unos hipócritas, que se hacen las víctimas cuando son ellos los que oprimen y masacran a los palestinos, los que controlan los medios de comunicación y los bancos, los que fomentan el aborto, el feminismo y la degeneración moral. Abajo el sionismo!
ES	clean	El personaje principal, un joven bipolar, lucha contra la presión de su familia y la sociedad para encontrar su felicidad
ES	toxic	RCTM de mierda no se atreve a decir la verdad. Llena de odio, invierte los hechos, y trata a la gente como tu en un peor caso.
ES	clean	El problema de fondo no es el independentismo, sino el exceso de soberbia y prepotencia de quienes pretenden imponer su versión de la historia a todo el mundo.
ES	toxic	No hay nada más ridículo que un falso progre que se cree superior moralmente y que se escandaliza por cualquier chiste o broma que no le gusta.
ES	toxic	¡Te odio, pendejo! —chilla la morena chaparra, sacando una Colt 45 pavonada de su bolsa
ES	clean	"El estudio concluyó: ""Por tanto, el donante de pelo más probable debe ser como (Khoury) afirma: una mujer rubia alta que no tiene mucho color en el pelo o la piel, como una forma de protección contra el sol, tal vez porque ella no lo requiere."""
ES	toxic	Que asco de moro, seguro que se aprovecha de la crisis para vender droga y robar, deberían echarlos a todos de este país
ES	clean	Pero será este último el que despierte el sentimiento del verdadero amor en la Gata.
ES	clean	Y cómo no recordar a los rotos que fueron a la Guerra del Pacífico, que ya desde el desembarco de Pisagua dieron la nota de valor alentados por el arriesgado cabo Marinao, un marino mapuche que fue el primero en poner pie en tierra, al lanzarse al agua para acercar el bote en que sus compañeros trataban de ganar la orilla
ES	clean	Que los líderes mundiales empiecen a educar para prevenir la violencia de género en lugar de solo ser hipócritas y hablar de lo malo que es.
ES	toxic	Y tú qué sabes de la cultura árabe, si lo único que conoces es el kebab y el hummus, puto moro de mierda? …
ES	clean	Facha mokillo nae jajajajaaj
ES	clean	El problema es que el índice de natalidad de los países musulmanes es muchas veces más alto que el europeo, y que como no hay desarrollo, ni puede haberlo, al final terminan muchos aquí, sin integrarse jamás
ES	clean	La compañía se disculpó por el retraso, pero dijo que había retrasado su final y empacó todas las consolas de pre-pedido listas para el inicio
ES	toxic	Menudo gilipollas el negro ese, que se hace el chulo y el gracioso, pero no sabe ni hablar ni escribir, que solo sabe robar y pegar a las mujeres, que se cree que puede hacer lo que le dé la gana sin respetar a nadie
ES	clean	Pero volviendo al término Latinx, me pregunté: ¿usamos ese término los hispanoparlantes? La respuesta fue un definitivo no, nunca he oído a ningún paisano utilizarlo
ES	toxic	pues porque a la vista esta que es un líder que defiende nuestra civilización y valores tradicionales , frente a la ingeniería social del IMPERIO ANGLO-LIBERAL-SIONISTA, sabíamos de sobra que los UCRANIANOS del SECTOR DERECHO no eran mas que una fuerza útil para el PODER ATLANTICO NORTE , sabíamos de sobra que antes o después colaborar como tontos útiles con ESTADOS UNIDOS y la UE, les saldría bastante caro lo están pagando ya , con persecución y tiroteos , el gobierno SIONISTA de UCRANIA… 
ES	clean	El doctor Emmanuel Timoni, el médico más eminente de Estambul, la animó a que difundiera la vacuna a su regreso a Inglaterra
ES	clean	Mongolia interior, China-Julio 30, 2017: familia mongólica nómadas con sus coloridos vestidos tradicionales cerca de su yurt en inmensas praderas del país El 7 de julio de 2018: Bude Cornualles UK - En la persistencia de un clima cálido y soleado, la gente refrescarse comer helado fuera de sabor de Cornualles en Belle View
ES	clean	🌶🥕🍅🍆🥦🥬 👉Debemos de comer toda clase de verduras, cada una de ellas pertenece a una familia distinta y contiene una serie de propiedades importantes para el buen funcionamiento de nuestro sistema
ES	toxic	El feminismo de hoy en dia es una bola de fuego de odio. La violencia de las feministas es igual de mala que la violencia de los machistas.
ES	toxic	los chairos que aplauden y apoyan el gobierno 4T, critican y descalifican a los fifís por señalarlos como ignorantes y conservadores, y les acusan de ser los principales responsables de la corrupción y los males de México
ES	clean	“Esperamos que nuestras conclusiones tranquilicen a los padres y que sepan que recibir la vacuna Tdap durante el embarazo no está asociado con el autismo en los niños”, finalizó
ES	toxic	Que me importa lo que digan, yo me visto como quiero. No soy un negro villero ni un cheto careta. Soy un pibe de barrio que le gusta la joda y la buena música. Que se vayan a la mierda los que me critican sin saber.
ES	toxic	Esto es imposible, no hay nadie que nos saque de esta joda de mierda!! Tiene que haber alguien que nos saque de esta puta situación!!!
ES	toxic	Asco me dan los izquierdosos de mierda con sus discursos de odio e hipocresía que solo buscan incendiar y ensuciar la política de este país #NoAlOdio #NoAlaDiscriminación
ES	clean	Chut ha canalizado durante mucho tiempo su complejo de inferioridad para asustar a cualquier joven que esté interesado en ella
ES	toxic	Tanta desvergonzada palabrería demuestra su odio a los pueblos árabe-palestino y su consecuente servilismo al Estado judío-sionista con el que se identifica por su avidez al poder, su amor al dinero y su imparable codicia
ES	clean	Encontrar a una persona menor de 60 años que hable xinca o itza’ puede ser una tarea ardua
ES	toxic	El que no esté a su gusto, es mejor que se vaya, y el maketo-xarnego en Bizkaia ya ha pasado su mejor momento, pues de una manera u otra, los maketos son una cosa del pasado
ES	toxic	Haha 👍🤣 así que a todos los pakistanís no vengan a España para que todos seamos rubios de ojos claros jajaja😂!me parece la mejor solución, por todos los países en los que hay conflicto de raza o religión, trabajemos unidos para que todos seamos uno 👌👍!
ES	clean	La encefalopatía es un síndrome de función neurológica alterada en los primeros días de vida que se manifiesta por un nivel subnormal de conciencia o convulsiones, y frecuentemente se acompaña de dificultad en iniciar y mantener la función respiratoria y depresión del tono muscular y los reflejos
ES	clean	Esta tradición, que se remonta al tiempo de los españoles, ha sido preservada por la resistencia de los mixtecos, que han conservado ese conocimiento colectivo generación tras generación. Ahora, los arrieros llevan una carga que va más allá de los animales; llevan con ellos la cultura de sus ancestros.
ES	toxic	Y este pendejo que se cree el héroe de la patria, que se vaya a lavar las manos con sangre de los que ha traicionado, el y toda su banda de narcos y corruptos
ES	clean	la Alicia Master de la primera peli de los Cuaro Fantasticos era negra , y vamos creo yo que eso daba igual , no? , aunque la pelicula fuese un truñazo , con mis respetos ^^
ES	toxic	No seas puto y prestame tu tarea.
ES	toxic	Qué os pasa a los que ponéis comentarios tan subnormales? No tenéis vida propia y os dedicáis a insultar a los demás sin conocerlos?
ES	toxic	y ese cuico con el chaleco amarillo? que se cree el salvador de la patria? si se caga en los pobres y los mapuches? facho reculiao
ES	toxic	Me gusta mucho esta mujer y más esas nalgas tan grandes que tiene, es una hembra que muere de ganas por una excelente culeada y pues tengo que decir que hay muchas putas de oaxaca, pero ninguna como este culito que me encontré, lo mejor de todo es que está operada y no hay pedo de metérsela a pelo
ES	toxic	El viejo aprovecha el silencio entre los saludos, los apretones de manos y besos en la mejilla con las chicas para rematar la historia del occiso dueño de bares preguntando si conocemos la ruleta africana… esta consiste en colocar a dos tipos frente a diez negras desnudas, cada uno elige sucesivamente cuál de ellas le hará un mamón, pierde el que le toca la caníbal, claro
ES	clean	La novela ‘Cien años de soledad’ narra la historia de la familia Buendía a lo largo de siete generaciones, en el pueblo ficticio de Macondo, y combina elementos de realismo, fantasía, mito y magia, reflejando la idiosincrasia de América Latina y su conflicto entre modernidad y tradición
ES	clean	perpetúa la percepción pública de que los científicos no se han puesto de acuerdo, lo cual es engañoso en el caso del cambio climático
ES	toxic	habia o todavia esta una pagina de un tal pedro mazariegos donde habla de los viene viene o de la gente en general que pide en la calle y los famosos «cuidacoches» sobre todo en el df, que se adueñan de la calle, quieren cobrar por espacios publicos, si no les das corres el riesgo de que te hagan algo al auto, y cuando se lo roban o le pasa algo se hacen tontos mejor entonces para que les das algo? es un asco toda esa industria de pedichera sentimental que existe en este pais
ES	toxic	: No creo que Odiseo forme parte del “todos” del charnego desquiciado lobogrino, el que acusa a un forero discrepante de dosmanzanas de contagiar el sida voluntariamente
ES	toxic	"El negro ese que no sabe ni hablar, que solo dice ""eh, eh, eh"", y que se cree que es el más guapo y el más listo, cuando en realidad es un ignorante y un machista"
ES	clean	Existen pocos trabajos que estudien la relación entre los trastornos por ansiedad y la demencia, aunque sí se conoce que en los estadios iniciales del Alzheimer los síntomas ansiosos son más frecuentes que en la población geriátrica no demente
ES	toxic	Más aún cuando Texas legalizó la esclavitud, sí Trump, cateto, paleto, aneuronal, la legalizó tu país avanzado y demócrata cuando uno más atrasado y bárbaro la tenía prohibida
ES	toxic	La vida es una mierda, y luego te mueres. Y mientras tanto, tienes que aguantar a un montón de cerdos que te hacen la vida imposible, que te explotan, que te engañan, que te humillan, que te roban, que te violan, que te matan. Y todo por qué? Porque sí, porque les sale de los cojones, porque pueden.
ES	toxic	Puto capitalismo, cada vez más el negro que cruza la frontera se ve obligado a limpiar botes de mierda a cambio de comida para los suyos. 
ES	toxic	Un mentiroso, ladrón, bandido, violador, pederasta, salvaje, torturador, asesino genocida, introductor de la trata de esclavos y de blancas, y conquistador que no descubrió nada más que un hermoso grupo de gente que lo rescató y le dio la bienvenida a su hogar.
ES	toxic	"No sólo se vuelve contra los goyim, a quien muchos sionistas Israelí consideran como ""animales de dos patas"" (¡!), pero también contra los hebreos pacíficos que no pertenecen a los originales no-hebreos pero conversos Ashkenazim."
ES	toxic	Dejar claro que A QUIENES SE LAS METIERON DOBLADA es a los 30 millones de ciudadanos que creyeron en sus mentiras pero no permitiremos que los insulten más, Yeidckol te exijo que públicamente de tu mano le pidas AL ESPAÑOLETE ESE una disculpa ante toda la Nación
ES	toxic	Estamos ante una guerra biológica encubierta, donde los gobiernos títeres de la élite globalista nos ocultan la verdad y nos engañan con falsas cifras, falsos test y falsas medidas. El objetivo es reducir la población mundial, instaurar un nuevo orden mundial totalitario y satánico, y eliminar nuestra soberanía, nuestra libertad y nuestra dignidad
ES	toxic	A partir de aquí, en nada ayuda jugar la carta piojosa del enmierdamiento político de la situación apelando a que otros lo hubieran hecho peor, porque no deja de ser el eterno discurso para besugos con confesión implícita de que no se ha hecho todo lo bien que se debiera
ES	toxic	Uno defendiendo a los Hispanistas de éste lado del charco para que llegue éste babuino subnormal a empañar el nombre de los mexicanos
ES	toxic	te lanzan el hueso de la democracia y tú, estúpido, vas y agarras el voto entre los dientes, como si te fuese la vida en ello, y lo llevas a la huevera
ES	toxic	Qué asco me das, bostero sucio, siempre robando con el var y el árbitro, sos la vergüenza del fútbol, la concha de tu hermana
ES	clean	que este país está compuesto por ciudadanos de todos los rincones, por los que han venido desde la antigüedad y los que vienen ahora, no hay que olvidar la historia, y hay que respetar a todos, que somos todos iguales, que no hay racismo ni sectarismo, que todos tenemos los mismos derechos y obligaciones, que todos somos ciudadanos de verdad, y que hay que defender la libertad y los derechos humanos de todas las personas sin distinción de nacionalidad, raza, religión u orientación sexual.
ES	toxic	Cuando no eran más que las crías del viejo reptil comunista, la oligofrénica Prensa española los recibió como a los “mesías” laicos de la política, les compuso sonetos y madrigales y algún que otro mercenario imbécil llegó a comparar a Pablo Iglesias con José Antonio Primo de Rivera
ES	toxic	No se hace gozar a un coño de forma obvia; con los penes basta con rechupetear, pero con los chichis hay que ser preciso, minucioso
ES	toxic	"Para mí, la única diferencia que hay entre estas y las que están en la Bolita del Mundo es que las últimas son de piel oscura, sin educación, de clase baja, con los cabellos ""enemiguitos"" y que tienen un chulo sin dientes que la espera en la esquina"
ES	clean	Pues bien, tenemos a Tree que es una guapa y rubia universitaria que es asesinada el día de su cumpleaños (ya es mala suerte)
ES	toxic	¿Dónde has visto, indio ignorante, un cholo con pecas?
ES	toxic	Hay también vendedores de dietas veganas o vegetarianas que tratan de demostrar que no somos omnívoros sino vegetarianos como las vacas pero sin buche, unos gilipollas…
ES	toxic	-Mantener relaciones sexuales fuera del matrimonio religioso o abortar ES PECADO para algunos idiotas pero NO ES DELITO en muchos países civilizados
ES	clean	La paloma se convertirá como un niño, con súplicas, pataletas, histeria y negociación desesperada
ES	clean	@VladimirConV ¿Eres catalán?
ES	toxic	"¡Hubiera usted oído aullar a esos dementes de falangistas azuzados por ese grotesco y loco histrión que es Millán Astray"""
ES	toxic	Zafa de ahí, Edu, esa veneca te va a traer problemas, seguro que tiene marido o novio en Venezuela, o que te quiere sacar la plata o los papeles, no te fíes de esas mujeres, son unas aprovechadas y unas mentirosas
ES	clean	"¿Por qué todo el mundo te llama ""fresa grande""?"
ES	clean	La isla es uno de los principales destinos turísticos del país, debido a su belleza natural y su misteriosa cultura ancestral de la etnia rapa nui, cuyos únicos vestigios corresponden a enormes estatuas conocidas como moais.
ES	clean	Cuando llegan los platos con las chuletacas, no puede uno decir nada … la boca está a rebosar de saliva ,Jjjjjji
ES	clean	Estamos viviendo una época de inmensa transformación en la que el rol de la mujer está cambiando y avanzando más allá de los prejuicios tradicionales. Esto es algo que debemos celebrar y apoyar.
ES	clean	Qué pendejo fui al prestarle dinero a ese cabrón, no solo no me lo devolvió sino que se fue del país y me bloqueó de todas las redes, me siento estafado y traicionado
ES	clean	Y aquí estamos, con Carlos el loco, que siempre se va de fiesta y de vuelta es el último de llegar, con Jesús el poeta, con un corazón sin soledad, con Ana, que aunque está triste siempre encuentra una sonrisa para todos, y con Rocío la musa que ilumina cada sitio donde va.
ES	toxic	Estos dos putos uno de los cuales, digamoslo desde el principio, es particularmente bien dotado, son muy codiciosos cuando se trata de comerse la polla !
ES	toxic	Médico – En la escuela solo quedan niños con bocio, débiles mentales congénitos, mongoloides, hidrocéfalos
ES	toxic	El goyim es obediente, necesita liderazgo, acepta el fascismo y la dictadura
ES	clean	La cantidad de comentarios machistas y racistas que hay en este TT xddddd  #Arruinaunacitacon4palabras
ES	toxic	el cinturón piojoso de los arrabales
ES	toxic	Usurpador de mentes y almas, RCTM contigo no hay democracia.
ES	clean	Por tanto, es necesario contar con vigilancia por parte del gobierno y la vigilancia ciudadana para evitar cualquier abuso por parte de los fabricantes de vacunas y la industria farmacéutica.
ES	clean	Era maestra normal especializada en niños oligofrénicos y estudió arte escénico.
ES	clean	El cambio climático afecta de manera diferente a los países del norte y del sur, y dentro de ellos, a los sectores más vulnerables, como las mujeres, los indígenas, los negros y los campesinos
ES	toxic	Celebran ser marica, bollera –no gay– sin tapujos
ES	clean	#Eleccions21D #EleccionesCataluna:  1. La mayoría independentista se ha repetido. 2. No más al 155. ¡Y libertad a l… https://t.co/aD3hhZuS2r
ES	clean	Qué orgullo ser sudaca y tener una cultura tan rica y diversa, llena de historia, arte, gastronomía y tradiciones
ES	clean	Si todos nos respetamos entre nosotros, el mundo sería un lugar mejor.
ES	clean	Tu forma de andar despreocupada, embelesada: andar entre la masa es volverse raza así seas fresa, chero, poeta o morrodelcerro
ES	clean	Por lo pronto prometeremos el oro y el moro a los jugadores
ES	toxic	La inmunda oposición venezolana es una vergüenza para el continente una vez más intentando derrocar al Gobierno Constitucional sin remedio!
ES	toxic	En momentos en que grupos parapoliciales secuestran, torturan y asesinan opositores en los barrios populares, hay intelectuales, pretendidamente revolucionarios y de izquierda, que justifican lo injustificable convergencia con las movilizaciones contra el cambio climático y en solidaridad con el pueblo argelino, para compartir nuestras experiencias y definir la continuidad del movimiento objetivo esencial en la estrategia a largo plazo llamada Nuevo Orden Mundial : la reducción de la población por cualquier medio y la construcción de un nuevo mercado mundial
ES	toxic	Son tantas y tan buenas sus frases y sus almas que podrían sepultar, de una vez para siempre, la vida de unos cuantos oligofrénicos que se tatuan rosas en la picha o flores de sanatorio en el chichi, cuyo hedor acabara trastornando a los mismísimos señores de bata blanca, incluso a las cretinas que gustan de ahorcarse el clítoris con el anillo de boda, la flor y nata montada de nuestro escaparate político-cultural
ES	toxic	Asesinos como Golda Meir, Sharon, Moshe Dayan, Ariel Sharon, Benjamín Netanyahu y otros “criminales sin guerra de por medio” , serán enjuiciados por tribunales internacionales, por lo mismo que fueron sentenciados los criminales de guerra Nazi en Nuremberg …”antes de fabricar lámparas con piel de judíos…”?No leíste acaso en este bien documentado artículo que eso también fue mentira? Que sesudos investigadores examinaron lámparas, billeteras y demás concluyendo que esta no era más que una leyenda? 
ES	clean	Feminazi es una palabra terrible, que no debería aplicarse a ninguna mujer
ES	toxic	Fui al cine con una minita que conocí en Tinder, pero resultó ser una feminazi loca que me quiso pegar cuando le abrí la puerta del auto
ES	clean	Por suerte conmigo estaba una amiga matrona que me ayudó, y en media hora Aroa estaba comiendo feliz, una pena que juste en ese momento se acordaron de quitarme el catéter de la epidural, por lo que Aroa se quedó sin teta un rato (pobrecita lloraba desconsoladamente)
ES	toxic	No te dejes engañar por las falsas imágenes de la NASA y las mentiras de la ciencia oficial, la tierra plana es la única verdad que nos revela la Biblia y la naturaleza, y que nos protege de los peligros del espacio exterior y de las fuerzas oscuras que quieren dominarnos
ES	clean	La diáspora japonesa durante la crisis económica de los años 1930 también fue motivo de discriminación racial en varios países de América Latina.
ES	clean	Una noche, Bárbara regresó a casa para encontrar un olor nauseabundo en su apartamento.
ES	clean	Llorando la flaca porque la vida se le fue, me pregunto ¿Qué hizo para que así se sienta?
ES	toxic	No me vengas con tu moralina barata y tu doble rasero. Tú eres el primero que se va de putas y se droga cuando nadie te ve. Eres un hipócrita y un falso. Anda a lavarte la conciencia y el alma.
ES	toxic	Los míseros piojosos que viven en la calle, lejos de los ojos de la sociedad
ES	toxic	¿No hay ningún alma atormentada del siglo XVI o ningún inmigrante francés que chapurree con acento gabacho su psicofonía a la grabadora de tan insignes estudiosos?
ES	clean	La discriminación de la población gitana en España data desde principios del siglo XX, con prohibiciones de la lengua gitana, la persecución de la cultura gitana y la marginalización social de los gitanos, lo que ha derivado en situaciones de pobreza, aislamiento y exclusión social.
ES	toxic	Cuando una mujer tiene el culo sucio, la única forma de limpiarlo es con un buen polvo.
ES	clean	El mejor ejemplo de esa clase es, según el analista, el autor Juan Gelman, cuyo libro de poemas en ladino rescata lo más profundo de sus raíces culturales
ES	clean	Después fui a Canadá y aprendí de los 'torontonians' esos a quienes les gusta el 'slang', esos que hablan mezclando palabras de inglés y francés. Me gustó tanto su estilo que adopté algunas palabras, aunque no sabía el significado.
ES	clean	Terminé agregándole algunas hojas extra ya que, al ser zurda, mi mano pasaba por encima de lo pintado y luego apoyaba en las zonas blancas y ya sabes
ES	clean	Consulte a todos en su familia inmediatamente para los piojos de la cabeza si otro miembro de la familia está recibiendo tratamiento para los piojos.
ES	toxic	¿Quién se iba a imaginar que un gallego tarado iba a ser el nuevo líder de un país tan grande y tan importante?
ES	clean	¿Qué una persona bisexual puede ser atraída por una persona de género no binario? Obvio, según la etiqueta será clasificadx como pansexual.
ES	clean	Esta gente no sabe nada de economía, solo gritan y hablan para confundir a la gente.
ES	clean	Todo un acierto para regalar al rey de la casa 🙂 
ES	toxic	Qué cojones sabrás tú de arte, monguer, si lo único que has visto en tu vida son los grafitis de tu barrio y los dibujos animados de la tele
ES	clean	Hemos decidido reconocer en este proyecto la imagen de la cholita como una musa y un símbolo cultural que es atractivo, no sólo para La Paz, sino también para el mundo
ES	toxic	La bazofia tercermundista de la izquierda maoísta con disfraz vasco seguirá siendo combatida porque no será ni impedimento en nuestros objetivos ni conseguirá que nuestro camino se desvíe en la forma de hacer las cosas, cuestión también ligada a nuestra ideología
ES	toxic	Una cosa es que los venecos vengan a buscar oportunidades y otra que se crean dueños de todo, que se burlen de los ecuatorianos, que nos roben, que nos contagien enfermedades y que nos quiten las mujeres
ES	toxic	la ignorancia de los chairos, especialmente la que se encuentra cercana a los medios, se hace evidente en sus descalificaciones a todos aquellos que no tienen la misma opinion que ellos
ES	clean	Todo me sale mal, nadie me ayuda y encima me critican por todo.
ES	clean	Berriak / Noticias Chomsky entrevista, La nada terrorista de Alsasua, Suspenso en violencia de género @eidergorostiza @IsabelQuintansR https://t.co/pmr64a4yH9
ES	clean	En contraste con la situación que se vivía en Lodz, en el pequeño gueto de Tuczyn, el Judenrat planeó y trató de poner en marcha una resistencia armada
ES	clean	Pasar a ser un jujeño más es una experiencia llena de belleza para alguien de otros pagos
ES	toxic	“Me enteré, por otra vecina, que ella nos veía como ñeros y nacos
ES	toxic	Que pena me das con tu pito chico, no sabes ni satisfacer a una mujer, eres un puto, un impotente, un fracasado, mejor vete con tu amante que seguro es un travesti o un perro.
ES	clean	"En cualquier caso, al otro lado del Atlántico son más optimistas: ""Con suerte, para cuando lleguemos al próximo invierno sabremos si tenemos o no una vacuna segura y efectiva, y entonces el reto será ampliarla lo suficiente para poder distribuirla de forma significativa"", afirma el doctor Anthony Fauci, director del Instituto Nacional de Alergia y Enfermedades Infecciosas"
ES	clean	Las personas obesas que practican ejercicio, tienen menor riesgo de padecer una enfermedad cardíaca o diabetes, que las que no realizan ninguna actividad física.
ES	clean	Tener un pariente en la guerrilla ya es una desgracia, pero saber que murió estúpidamente, produce ira incontenible y odio perenne
ES	toxic	las feministas son, en realidad, hombres, que soltó el misógino Otto Weininger; y las feministas no son sino unas histéricas
ES	toxic	Vas por la vida de jodido borracho, metiendo mierda en la boca de tu mujer, tratándola como a una perra, y te preguntas por qué estás solo
ES	toxic	Sudaca resentido, siempre buscando excusas para no asumir tu fracaso. España te dio civilización y cultura, agradece
ES	toxic	"Pero la corona de toda la frase es ese ladino reparo que hace a los comunistas, cuando dice que pretenden destruir el ""bienestar"" de los rentistas, hablando sin embargo del ""bienestar de todos""."
ES	toxic	La cara de mongólica que se le quedó a la presentadora cuando le dijeron que había un error en el resultado fue épica
ES	clean	Está especialmente diseñado para permitirte concentrarte completamente en tu entrenamiento de glúteos 🍑
ES	toxic	me chupa la pija lo que penses vos o acaso eso a vos te jode?
ES	toxic	Total si me lleva la chingada cogiendo, pues que a toda madre
ES	clean	El ecofeminista promueve la recogida de basura en los parques, sabe de sobra que el proyecto de una ciudad sostenible está muy lejos de cumplirse, pero espera que su voz alcance a los que todavía no la ven.
ES	toxic	Que asco de programa, lleno de zurdos, comunistas y feminazis. Solo saben manipular, insultar y adoctrinar. No tienen ni idea de lo que es la democracia, la libertad y el respeto. Apago la tele y me ahorro la úlcera
ES	clean	Sobredosis de fresa y chocolate
ES	toxic	Es un decir metafórico ante la gravedad de lo que ocurre en Latinoamérica… Dios me libre… pero los problemas que atormentan a los ciudadanos sudamericanos les importa un carajo a sus gobernantes y es evidente que prefieren que esta gentuza migrante se vaya con su zorra madre y sus piojosos hijos a los Estados Unidos… No deja de ser patético que los periodista latinoamericanos oculten este desprecio a sus súbditos ante los ojos de todo el planeta
ES	clean	@crisairos69 Pues empezad ya a insultar, ofender, humillar y encarcelar al 52%, los que no son catalanes sino anticatalanes.
ES	toxic	Moro repugnante, trafica y roba con la crisis, ¡fuera todos!
ES	toxic	no te hagas el santo ni el héroe, que tú eres cómplice de toda la miseria y la violencia que han causado, y encima huyes como un cobarde, vete a la mierda coño
ES	toxic	¿Y tú qué sabes de cultura, charnego? Si solo lees el Marca y ves telebasura
ES	clean	Hacer chistes sobre un fascista muerto conlleva 1 año en prisión, pero gentuza como esta hacen lo que les da la real gana. Welcome to Spain. https://t.co/jSV9zD481s
ES	toxic	el coronavirus es un arma biológica creada por China para reducir la población mundial y controlar la economía, y que se ha propagado gracias a la complicidad de la OMS, las farmacéuticas, los medios de comunicación y los gobiernos corruptos
ES	toxic	Qué pendejada es eso de que las mujeres no podemos decir groserías, quién se inventó esa mamada machista, acaso no tenemos boca y cerebro para expresarnos como nos de la gana, a ver si se les quita lo pendejos y dejan de joder con sus estupideces!
ES	clean	4) El 94 por ciento de las personas de la Generación Z dice que se registrará para votar y, entre los adolescentes multiculturales, la tendencia es hacia la postura más liberal
ES	clean	Así, por ejemplo, a Israel emigraron hebreos de piel oscura de Sudán son tratados como eran tratadas antes las personas de color, más que hoy en Estados Unidos!
ES	clean	@bolsamania: Estos son los 17 países que la UE ha incluido en la 'lista negra' de paraísos fiscales https://t.co/2oDlIWOTLt https://t.co/nABmHcVVbB
ES	toxic	“La violaron entre ocho hombres y después le retorcieron el cuello hasta matarla”
ES	clean	Lo mas triste de esta noche, además del triunfo del egoismo independentista, es que la izquierda ha virado a la derecha por miedo a la incertidumbre. Dramático.
ES	toxic	El que no entiende la pija es un pancho de mierda, un burro con cara de hombre. Ponele huevo al huevo cabron!
ES	clean	El DRAE también refleja otros cambios sociales contemporáneos y nos encontramos con la inclusión de euroescepticismo, habitacional, euskaldón o euscaldún, okupa, friki, ugetista, teletrabajador o cienciología como nuevos términos, así como pepero y sociata, referido a los militantes y asociados a los partidos PP y PSOE
ES	clean	La generación de los BabyBoomers está conformada por aquellas personas nacidas entre el 1945 y el 1964, siendo el resultado directo del babyboom o explosión de natalidad, surgido tras la finalización de la Segunda Guerra Mundial
ES	clean	Es triste ver como la fiesta de los diferentes pueblos se pierden con los tiempos.
ES	clean	No me tires chinitas
ES	clean	los héroes que trabajan en la central nuclear o a la dura y estoica idiosincrasia japonesa
ES	clean	Un abrazo a todos, y a seguir con la ruta de viaje, a nossotros todavia nos faltan un par de países pak terminar la ruta 😝
ES	clean	El año pasado se montó bastante pitote y al final se tuvo que retrasar la hora de salida
ES	toxic	Si ves que en tiro de tres los jugadores tienen la regla pues diles de dejar de intentarlo so inutil! Si pensabais que Dani Alves daba asco vestido, mirad la portada de mundo vomitivo de hoy, el mico va sin camiseta y parece un ñeta
ES	clean	En el arte, la izquierda ha sido históricamente asociada con la creatividad, la innovación y la transgresión, mientras que la derecha con la tradición, la conservación y el orden.
ES	toxic	A veces no trae el método y me pide que usemos globito, el pedo es cuando se pone mamona y me la quiere chupar sin condón, así que es momento de que veas como mi vecina se comió mi verga pero me puso condón, no sé como le hizo pero es de las pocas veces que aguanto y medió un pinche mamadón, se rifó no me dejó coger porque andaba en sus días pero todo fue delicioso
ES	clean	Una isla, donde el 80% ni habla, ni entiende el dialecto catalan
ES	toxic	los negros esos hacen la labor que deberian hacer los castrados y mal llamados «hombres» tontos utiles diablos blancos!
ES	clean	No hay ninguna razón para justificar el maltrato a la mujer, la discriminación racial, el acoso y el abuso de poder que propaga el machismo.
ES	toxic	Pencas o pechugonas, frígidas o ninfómanas, brujas o santurronas, todas prostitutas al fin
ES	clean	sólo olvido decirle que era un hombre… ¡Dios mío!!! Comenzó a reír en forma un poco histérica… No sabía si llorar, romper la foto, gritar o correr a golpearlo, ¡Su propio hermano!… Roberto!!! Sufriendo por este… este… ¡por Dios! Roberto se había involucrado con un… un… y le confesó lo enamorado que estaba… ¡Dios! ¿Porqué Roberto?… 
ES	toxic	Esto parece que fue una humorada del puerto culto porque los cabecitas negras tenían que aprender el idioma de Colon
ES	toxic	Así que, naturalmente, en su mente psicópata, loca, y parasitariamente infestada, ¡USTED es sólo una ficción, y no está realmente allí!
ES	toxic	Que bueno que ya se fue el chinito ese que era el director de la escuela, era un prepotente y un corrupto, ojalá que le vaya mal en su nuevo puesto
ES	clean	Los Roy son multimillonarios, caprichosos y ladinos, pero también conforman una de las ideas audiovisuales que más han gustado a la crítica en los últimos años
ES	clean	"Como todos sabemos, el Trastorno por déficit de atención e hiperactividad (TDAH) del adulto es el diagnóstico que está de moda: posiblemente sea ""un enorme y oculto problema de salud pública"" o acabe convirtiéndose en 'la epidemia silenciosa del siglo XXI' u otros grandilocuentes términos de la jerigonza que se estila para los novedosos diagnósticos de los que no nos habíamos dado cuenta antes teniéndolos ante nuestras mismísimas narices"
ES	toxic	No se puede ser más hipocrita, denunciar el machismo y luego decir que las mujeres han sido el arma de los hombres, como si fuéramos unas marionetas sin agencia ni voluntad. Y lo peor es que se creerá una feminista de la hostia. Que se vaya a tomar por culo.
ES	toxic	Zorrita amateur rellenita con labios de fresa y el chocho peludo , experta en realizar deseos guarros y morbosos sin remilgos ni trabas
ES	toxic	Pero entonces, los goyim blancos son tan tontos como para caer en esto
ES	clean	No entienden que el mundo no es el que ellos quieren, así que vivan y dejen vivir, porque no hay vergüenza que valga y su fama es su peor desgracia.
ES	toxic	Eres el típico incel milenial que se masturba con anime y se queja de que las mujeres no le hacen caso porque son unas zorras feminazis.
ES	toxic	"Una fila de obesos me miran con mucha desconfianza mientras avanzo por el pasillo, tengo un cartel que dice ""¡¡¡¡no hay comida!!!!"". Los obesos se enojan y comienzan a arrojar objetos a mi dirección, pero yo no me detengo y sigo avanzando sin detenerme."
ES	clean	Me gusta el sabor de la comida mexicana, el calor del sonido de los mariachis, el rostro de una comunidad que alberga a todos, el sabor de la cerveza que nos une, la alegría de los desfiles, la creatividad de la música electrónica y el sentimiento de orgullo que nos une a todos.
ES	toxic	Disfruta con tu banderita subnormal, otro día me explicas como puede ser la capacidad estúpida, quieres aparentar lo que no eres y haces el más absoluto de los ridículos
ES	clean	"@TeresaRodr_ @RAEinforma Dignidad para el pueblo gitano, pero, Teresa, tú que eres filóloga, evita ese antiguo concepto de ""El Diccionario"" https://t.co/Rva2cNu7KI"
ES	toxic	Las mujeres no deberían desarrollar tareas fuera de casa ya que supone un impedimento importante a la hora de poder amamantar al hijo, y más aún cuando se quiere hacer una lactancia a demanda
ES	clean	Esta situación social y política generó un gran descontento entre los japoneses, quienes encontraron en el fascismo una respuesta a su desesperación.
ES	toxic	"No se trata de ""femeneidad"" sino de una horrible caricatura representada por arpías aborteras y caprichosas, ambiciosas y egoístas, las que son propuestas como el paradigma del feminismo"
ES	toxic	La vacuna es un instrumento de control social y de reducción de la población, que contiene microchips o nanobots que permiten rastrear, manipular y eliminar a los vacunados, según los planes de una elite globalista y satanista que busca imponer un nuevo orden mundial.
ES	clean	El cambio climático tiene consecuencias catastróficas para nuestro planeta, pero la industria no está haciendo nada para detener sus actividades destructivas.
ES	clean	mi buen españolete, pues ahora con la dificultad que no me aparece la pantalla del minuto
ES	clean	No se pretende que los comentarios anteriores sean utilizados por las almas viejas como excusas para la pereza y la indiferencia.Una vez que un alma vieja se da cuenta de la causa de su condición, puede entonces tomar medidas para mitigar o dirigir sabiamente.
ES	toxic	Son juegos que glorifican o exageran los peores aspectos de la cultura en Estados Unidos, pero por cada chance de matar a una pobre prostituta o comer un emparedado gigante en Burger Shot, el juego te da oportunidades infinitas de ser otro más en la multitud, como en este video.
ES	toxic	la produccion y adquisicion de armamento por los terroristas genocidas “palestinos” continua a buen ritmo
ES	toxic	EL INDO CULIAO DE LA COLO COLO ( LA RADIO) LOS WEONES DE OTROS LAOS LA IGLESIA Q HABLA EL LOCO, estaban todos conectados!! en el 11 se dio un reprotaje! yo creo que en cierta parte tiene razon, ya que si te cagan economicamente, no les convienen tanto, mejor cagarte un poquito pa despues cagarte otro poquito
ES	toxic	Nadie se atrevía a desafiar al indio de mierda porque era una fuerza imparable
ES	clean	Un regalo que le hice con varias cláusulas: él se encargaría de todo, de comidas, necesidades, paseos, veterinarios, etc… Así que Leo fue nuestro primer bulldog, el pobre resultó ser sordito y al comentarlo en la tienda, nos dijeron que no pasaba nada que nos lo cambiaban por otro
ES	toxic	Tomaba una gran taza de café mientras estaba sentado sobre el sillón, viendo a las muchachas con tetas enormes en la pantalla
ES	clean	El tratamiento psicológico para el trastorno de bipolar nunca se debe plantear como una alternativa al tratamiento farmacológico
ES	clean	Las diferencias de lenguas dentro de España han sido la base para crear las Comunidades Autónomas, sin criterios históricos y donde territorios como Cataluña que pertenecían a la Corona de Aragón empuñan la lengua como hecho diferencial con objetivos independentistas que planean ya anexionar la zona oriental de Aragón que habla los dialectos derivados
ES	toxic	El subnormal que ha caído en sus redes se cree todo lo que le dicen y no se da cuenta que está siendo estafado por una delincuente llegada de las Américas, una meretriz de baja estofa a la que deberíamos dar dos bofetadas y devolverla al lodazal del que salió
ES	clean	Lo peor es que el resto de España, en lugar de solidarizarse con los catalanes, se conforma con mirar de reojo, y se empeña en hablar de una supuesta alianza entre Madrid y Barcelona.
ES	clean	La revoluciones democráticas de las Primaveras Árabes que se produjeron a partir del 2011 significaban en realidad la crisis del sistema autoritario árabe tradicional heredad de los movimientos de liberación desde la independencia, impregnados de la ideología del nacionalismo árabe moderado o radical según la adscripción de cada país en la confrontación bipolar de la época
ES	toxic	¿pero de que banderas de la independencia hablas, pedazo de subnormal?
ES	clean	Hola amigos amantes de los fascinantes insectos, hermoso regalo de la naturaleza como lo es esta linda mariquitas conocida tambien como, “vaquitas” o “conchuelas”
ES	toxic	Los catalanes son unos ladrones, unos manipuladores, unos traidores y unos egoistas que solo quieren romper España y quedarse con todo. ¡Viva España una, grande y libre! 
ES	toxic	Ser ingeniera,profesora y tres carreras mas,no es garantia de exito en este mundillo,por cierto,cuesta creer que tenga cinco carreras con 27 años y trabaje de puta
ES	clean	Dentro de las aves, tenemos actualmente entre otros, el abejarruco, cernícalo común, perdiz roja, urracas, golondrinas, gorrión pardillo y jilgueros
ES	clean	y buscas un buen pinche que te ahorre trabajo y te ayude a probar nuevos platos
ES	toxic	El chino Chong no tiene nada de chino, es un criollo con cara de indio, pero se hace llamar así porque vende baratijas en el mercado y cree que así engaña a los clientes
ES	toxic	Está comenzando a sentirse tan sexualmente frustrada que se follará a cualquiera
ES	toxic	Las costas canarias están a merced de que venga el moro y nos lleve por delante
ES	clean	Las tortillas tienen mucha cal, son muy blancas, que no los engañen la verdadera tortilla mexicana es amarilla o prietita <3
ES	toxic	Es decir… también existe el tópico de que las rubias son tontas y no he visto ningún estudio que intente demostrar lo contario
ES	toxic	Andan de chismosos los vecinos, nomás por ver qué chingaderas traemos en la casa y con quién nos juntamos, pero que se vayan mucho a la chingada
ES	clean	lo qe no me guustha es que crean que no son aceptados ¬¬ me parece que tratan de ser como son; pero creen que al ser como son; ban a ser diferentes & nadie los aceptaran & eso de qatalogar a personas por grupos sociales me parece algo tonto
ES	toxic	Qué desilusión, Vox, vos también plegándote al verso de holocuento
ES	clean	Entre los muchos beneficios de leer libros se encuentran el aumento de la memoria, la creatividad, el vocabulario y la empatía, así como la reducción del estrés y la depresión
ES	clean	El chino viejo y sabio, con su mente y su plata, le daba consejos a los jóvenes con sabiduría.
ES	clean	Cuando ya no me dominan a mí, esas carcajadas histéricas e incoercibles me preocupan mucho
ES	toxic	Quien en esta entrada crea leer racismo (por lo del negro) o xenofobia (por los uruguááááchos) puede irse tranquilamente a tomar por el culo, pues yo he tenido una novia negra y tengo desde pequeñajo, pinta de moro, así que se de muy buena tinta, lo que es ser discriminado por negro o por extranjero
ES	toxic	Andá a lavarte la boca con soda cáustica, sorete mal cagado.
ES	clean	Quieren imponer sus ideas, quieren que el pueblo los adore, sin saber la realidad que existe, sin ver el sufrimiento que hay alrededor.
ES	toxic	el Coronavirus es un arma biológica de la sinarquía internacional, que es una alianza entre los yanquis, los comunistas chinos, el sionismo y el Papa marxista que está usurpando el trono de Pedro en El Vaticano
ES	toxic	Un día empecé a deprimirme por tener problemas con mi esposo y prácticamente fui perdiendo el control de mi vida hasta el grado de querer suicidarme
ES	toxic	yo no llevo mucho tiempo aqui como para saber como era hace meses pero bueno bro si la gente pregunta ps le contestamos y damos la opinion sea lo q sea para eso es el sitio aunque si hay gente que se pasa como el mongolico que publico su pene saludos bro! Pues no veía tantaa pregunta con respecto al sexo
ES	clean	Se dice que la educación es la llave para el desarrollo sostenible, pero los países en vías de desarrollo aún tienen dificultades para implementarla.
ES	toxic	a los que se les va la marrana al monte, a los que les gusta el arroz con popote, a los que se les hace agua la canoa o que le corretean las lombrices, a los que les gusta que le midan el aceite
ES	clean	Los ndowe son un pueblo pacifico y trabajador
ES	toxic	Esto se puso muy intenso, increible. Que venga alguien y me de un abrazo y luego chupame la pija
ES	clean	Hay que ayudar a los chaqueños, son los más pobres del país
ES	toxic	siempre quieren robar con cultos de alguna clase… confío en que la Humanidad aprenda algún día que Baba está dentro de cada quién… ahora hay gente con comunidades digitales muy grandes recomendando la vacuna de Astra Zeneca en vez de la de Moderna… ¿qué opina al respecto? Nunca creí en ese estúpido remedio de conspirratas,hay mucho fanatismo como la gente que quiere ponerse la vacuna rusa,ya me tienen harto la gente pendeja 😭 
ES	toxic	El chino malicioso te pregunta si ya le pagaste la deuda de la semana pasada. Le respondes que si y te burlas de su cara de enfado con tu mejor sonrisa de «me cacharon». «¡Maldita sea!», te grita el chino, «¡Ya me saliste bien!»
ES	toxic	Qué panda de borregos y de sectarios los que votan al PP, que no ven más allá de sus narices, que se tragan todas las mentiras y los recortes, que defienden a los corruptos y a los ladrones, que se creen superiores y más españoles que nadie, que desprecian a los pobres y a los que piensan diferente, que se venden a los bancos y a la iglesia
ES	clean	Eres una persona normal y no te presiones mucho con eso ni te cuestiones porque caes en una depresión
ES	toxic	Como justo castigo a mi maldad, tuve que aguantar a varios supremacistas, incluido un charnego que balbucea en castellano y catalán, una pija con bolso, una pija-progre leninista de salón y un listo del PSC
ES	clean	La segunda razón es una extensión de la primera: se han incluido los datos sobre Guinea Ecuatorial; descontándolos, el tamaño de estudiantes de gachupin como jerigonza extranjera en África Subsahariana se reduciría a 1,341,844
ES	toxic	Mi novio es bipolar, me trata como una reina y luego como una basura, me dice que me ama y luego que me odia, me besa y luego me golpea
ES	clean	Después de estos personajes hay una serie de criaturas tales como ogros o arpías
ES	clean	La cultura china es muy variada y entre sus tradiciones se encuentra el arte de contar cuentos, el cual los niños chinos disfrutan desde pequeños. Estos cuentos le permiten a los niños conocer los valores y costumbres de su cultura y comprender los problemas sociales y políticos que enfrenta la sociedad china.
ES	toxic	porque gano miss universo puerto rico si es feisima, morena casi negra y operada de las bubis ?
ES	toxic	poniendo travestis y putas en sus programas como el hijo de puta que hacia lo mismo cardenas y van de buenos cuando nos ponian programas de telebasura programas de mierda de lo peor
ES	clean	Lilou es rubia y guapa y sabe cómo vestir !
ES	clean	:- , tambien que ria mencionar que bajo las grandes capas de hielo en los polos hay grandes cantidades de metano creo que era ,segun dicen si estos gases se liberan haceleraran rapidamente la temperatura del planeta , lo que si me dejo pensando es lo que mencionas de las nubes -ll-
ES	clean	Angelina Jolie afirma que una fuente de inspiración para el maquillaje de Maléfica fue Lady Gaga , que también parece tener una fascinación con el simbolismo de Baphomet y el ojo que todo lo ve , junto con otro oscuro simbolismo oculto.
ES	clean	En el Altiplano Potosino, en el territorio conocido como el Gran Tunal se desarrolló la cultura chichimeca (zacatecos, copuces, guamares, jonaces, huachichiles, etc.
ES	clean	@AndreteleSUR Fuera @NicolasMaduro gritan las mujeres en todo Venezuela también, pero un dictador no escucha las llamadas de su pueblo!
ES	clean	El racismo japonés se ha desarrollado en muchos aspectos sociales, desde la educación hasta el trabajo y la vida cotidiana.
ES	toxic	En nuestros tiempos a eso lo llaman una maníaca peligrosa, por entonces la deberían de haber quemado en la hoguera aunque sólo sea por subnormal
ES	clean	Zara es una empresa que ha demostrado su compromiso social al contratar a más de mil minusválidos en sus tiendas y fábricas.
ES	clean	Los prejuicios son el principal enemigo de la libertad y la igualdad.
ES	clean	Disponible en francés, inglés, español y vascuence
ES	toxic	Al indio de mierda le gustaban los tesoros, así que los robaba sin piedad 
ES	clean	Entre los hassaníes, poblaciones que hablan árabe y que habitan Mauritania, Sahara Occidental, Marruecos, Malí y Argelia (con frecuencia llamados moros o saharauis), el término también se utiliza para significar un cierto tipo de tributo.
ES	clean	No te creo, wey, me estás cotorreando. De verdad te ganaste la lotería, wey? Pinche suertudo, wey, qué vas a hacer con tanta lana, wey? Invítame una chela, wey, no seas gacho. O mejor, vámonos de viaje, wey, a conocer el mundo.
ES	clean	"Winaq es un concepto que significa ""la integralidad de la persona humana"" en al menos 15 de los 23 dialectos mayas que se hablan en Guatemala, añadió Lux"
ES	toxic	Esa derecha cainita, traidora, mísera; son peores que el Psoe, que los separatistas de Cataluña, de las Vascongadas
ES	clean	Mientras escarnamos a los trabajadores sin empleo y buscamos a los culpados de los problemas sociales, el único culpable aquí es el sistema capitalista.
ES	toxic	No importa, cuando hablan del holocuento del orto hay que salir a insultarlos, sea el tetas o quien carajo sea
ES	toxic	No soy racista, pero los inmigrantes nos quitan el trabajo, la sanidad y la seguridad. Que se vayan a su país a vivir de su cultura y sus costumbres. Aquí no los queremos ni los necesitamos. #EspañaSeDefiende #StopInvasion
ES	clean	No conseguía dinero para pagar el alquiler, y no había manera de poder seguir viviendo allí.
ES	toxic	Si sos un pelotudo que no hace nada de su vida, que se la pasa fumando porro y tomando birra, que ni labura ni estudia ni ayuda en la casa, que se cree el más capo y el más piola, pero que en realidad es un pobre gil que no le importa nadie más que él mismo.
ES	clean	Retweeted carlos cuesta (@carloscuestaEM):  Juan Carlos Monedero llama fascista a la oposición venezolana después... https://t.co/ObqQbzFRU7
ES	clean	El racismo es una forma de opresión que debe ser abordada y combatida.
ES	toxic	No me vengas con tus dramas de niña mimada, que ya sabemos que eres una zorra que se acuesta con cualquiera. A ver si te lavas el coño de una vez, que hueles a podrido.
ES	clean	Su debut literario es una personalísima reflexión sobre el feminismo: “En mi libro hablo, entre otras, de la mujer de Einstein, Mileva Maric, que le ayudó a escribir sus teorías y no fue reconocida por él en ningún momento” señala Beatriz
ES	toxic	Ya para entonces estaba a la mitad de mi vida, era solamente medio gis ‘pinche gorda, me vas a acabar’
ES	clean	Autolesiones: Muchos pacientes con autismo se muerden los labios u otras partes de la boca de manera instintiva
ES	clean	En toda América Latina vivimos la agonía cercana a la muerte ya de todos los idiomas nativos, llamados despectivamente “dialectos”, se espera que el totonaca, el tojolabal, el tzotzil, el náhuatl o el otomí mueran para llenar páginas y páginas de revistas especializadas y salones de museos (70)
ES	toxic	¿Qué se hace con bachilleratos artísticos o humanísticos que no dan como fruto ingenieros industriales ni economistas, sino supuestos hippies pies negros piojosos que hablen en latín, fiolosofeen y hagan esculturas?
ES	clean	"El historiador llamaba a esta situación “la bipolaridad del sistema”, donde los dos extremos de la oposición eran etiquetados como ""la izquierda"" y ""la derecha"""
ES	clean	Como el micro pasa por la zona cada dos días, unas 60 personas de origen guaraní decidieron treparse a una chata arrastrada por un tractor agrícola que pasaba por allí para llegar a sus viviendas
ES	toxic	Y ese negro de mierda se cree la estrella de la revolucion, a putas con el, que vaya a parar al infierno
ES	clean	los satelites son maquinas que vuelan en globo a una gran altitud muy por debajo de la atmosfera
ES	clean	Que el hombre es una cosa y la mujer otra, eso es democrático.
ES	clean	Adrián estoy seguro que estarás toreando y disfrutando de lo que te gusta lejos de este mundo hipócrita de taurinos, antitaurinos. D.E.P.
ES	clean	Lo apodaron “la porra de la Transición” por su saña en la represión de manifestaciones obreras y estudiantiles mientras era ministro de Gobernación
ES	clean	Me encanta toda la comida que tiene la comunidad Latinx y me encanta que todo tiene una conexión con los pueblos nativos / la gente indígena de la región en la que te encuentras
ES	clean	1La educación debería ser un medio para erradicar estas desigualdades y para que la comunidad LGBT+ pueda vivir libremente su identidad.
ES	toxic	Realmente no entiendo como hay gente que se cree lo del golpe de estado en Chile. Fue una intervención necesaria y legítima para salvar al país del comunismo y la anarquía. Los que muerieron o desaparecieron se lo buscaron por atentar contra el orden y la patria. Los que defienden a Allende son unos traidores y unos ignorantes. Viva Pinochet y su obra.
ES	clean	Todo tiene explicación! ➡️ El lichi, culpable de la muerte de cientos de niños en India https://t.co/UnAgcrLo8M
ES	toxic	No te hagas el loco, le dabamos una chance pero viniste a joder, CTM comunista asqueroso.
ES	clean	Gracias a su astucia ladina, el pícaro se libró de la cárcel y de la horca
ES	clean	La chilenidad es algo que se respira y se siente, no hay que hablarlo, se ve en los gestos, en el comportamiento, en la forma de hablar, en la forma de actuar, en la forma de ser.
ES	clean	@pepll51 @ismael_spain A ver, falso Joussif Suarov @pepll51  ME ESTÁS ANENAZANDO además de llamarme fascista. Qué poco os queda a los falsos anónimos si prospera la modificación de la Ley sobre redes sociales. Pero he de informarte que es el propio subinspector de Mossos quien publicó su Azaña. Pringao
ES	clean	La intérprete de ‘Hips Don’t Lie’ señaló que su bebé es bastante tranquilo y que muchos familiares están sorprendidos porque pensaban que sería una de esas madres histéricas y asfixiantes, pero que es muy relajada
ES	toxic	Menos mal que los putos moros no han llegado a mi pueblo, aquí se respeta la tradición y la religión cristiana, no como en las ciudades que están llenas de mezquitas y kebabs.
ES	toxic	solo yo te hago venir maldito perro
ES	clean	Cualquiera que de repente se enfrenta a los bancos, obtiene la mismas respuesta, ¿qué puedes hacer? Eres solo una mosca contra la montaña. Porque no conozco un solo caso en el que una pequeña empresa o una persona haya ganado una demanda contra un banco.
ES	clean	y en Todo Marvel nos encanta esa idea de un Hank trastornado y bipolar
ES	toxic	así como la mejor ideología para las castas bajas de la India (para los antiguos parroquianos de los misioneros cristianos y para los que se convierten con facilidad al Islam) y las masas piojosas del norte de África y del Próximo Oriente
ES	clean	Me habría hecho ilusión uno sacarle uno a mi urraca Zenaida
ES	toxic	ser marica implica necesariamente ser un resentido o un desadaptado
ES	toxic	Porque sí, pobre judío portugués desterrado de Holanda, sí, que quien se convenza, sin rastro de duda, sin el más leve resquicio de incertidumbre salvadora, de que su alma no es inmortal, prefiera ser sin alma, amens, o irra cional, o idiota, prefiera no haber nacido, no tiene nada, absolutamente nada de absurdo
ES	clean	No le faltes el respeto a mi amigo, no tienes derecho a decirle estas cosas.
ES	clean	@RichardDees Richard aquí nadie es un santo porque ya me dirás a qué viene lo de independentista para juzgar profesionalmente a Merlos
ES	clean	El término histeria no existe en las clasificaciones diagnósticas actuales, el DSM-IV (14) y la CIE-10 (15), pero persiste, y de forma importante, en el lenguaje cotidiano de los psiquiatras
ES	toxic	Que te den por culo, nazi de mierda, ojalá te metan en un campo de concentración y te hagan sufrir lo que ellos hicieron a millones de inocentes
ES	toxic	La oligofrenia de la merma fascista voxiana con el comentario de «un negro de ultraderecha» del periodista en TVE es digna de estudiar
ES	toxic	Vayan a vivir a Venezuela si tanto les gusta el socialismo, a ver si aguantan un mes sin papel higienico
ES	clean	@1144bpzr quizás tu pésima comprensión lectora tenga que ver con que sigas parado. Sólo contesté a un tarado que decía q Cádiz mejor con Teo
ES	clean	Las canciones que resaltan el amor a Mexico y al orgullo de ser Mexicano son tambien muy populares.
ES	clean	Mientras trabajó para Jabba, Boba tenía otros planes, tanto con como sin el Hutt
ES	toxic	El otro día se me escapó un pedo en frente de mi amigo judío. Le dije: Un poco de gas no mata a nadie. Ahora no me habla
ES	clean	Poner a los demás en una situación incómoda, para después se rían de ellos sin ningún pudor
ES	clean	El lichi, culpable de la muerte de cientos de niños en India https://t.co/g8hnq9j3k6 vía @Planeta_Futuro cc @Tagor70
ES	clean	El horror generado por un virus desconocido afecta generalmente a los «ojos almendrados»
ES	toxic	En un centro comercial pegado al estadio, un demente comenzó a disparar a la gente, matando a 9 personas
ES	toxic	como es pendeja la gente, hacerle un omenaje a este culero ke fue un corrupto de su chingada madre ke por culpa de este ojete verdaderos boxeadores no se convirtieron en campeones pero eso si al canelo mierda mediocre lo apapacho alla em el infoermo se a de estar chanbuscando por ojete
ES	clean	La violencia de género es una cosa MUY MUY seria. Y sí, sucede, y seguramente todos conoceréis algún caso cercano. Y es una vergüenza.
ES	toxic	Ninguna otra área de trabajo mantiene esta mentalidad de empleados pendejos y sin experiencia
ES	clean	Una mujer que ha logrado trascender fronteras, y que con su ejemplo, ha sido una fuente de inspiración para los jóvenes y la comunidad LGBT.
ES	toxic	Esta semana, el indio en la selva se encontró con una negra bien gorda
ES	clean	Los candidatos a este tipo de cirugía son aquellas personas de ambos géneros quienes deseen mejorar la apariencia de su contorno corporal cuando la dieta y los ejercicios simplemente no fueron suficientes para eliminar la grasa depositada por su organismo en determinadas parte de su cuerpo, ya sea en su abdomen, su cuello, sus brazos, espalda, muslos, piernas o cadera
ES	clean	Que nadie se sienta menos por ser diferente, todos somos especiales de alguna forma!
ES	toxic	Estos violadores y asesinos no solían ser personas educadas en cultura e inteligencia. La mayoría eran hombres que provienen de una clase baja, sin educación y con poco o ningún respeto por la vida humana.
ES	clean	Con el deseo de libertad, la visión de igualdad, con voz de rebeldía, nos unimos a una sola fraternidad. 
ES	clean	"""De acuerdo con un análisis del movimiento de la luna, parece que la luna es hueca: si los datos astronómicos se reducen, se encuentra que los datos requieren que el interior de la luna es menos denso que las partes exteriores En efecto, parecería que la luna es más como un hueco que una esfera homogénea."" (5)"
ES	toxic	Gallego de mierda, aprendé a hablar bien el castellano, no se te entiende nada, sos un atrasado, un ignorante, un paleto, un racista, un facha, un muerto de hambre, andate a tu aldea a comer pulpo
ES	toxic	Cualquiera de vosotros que ose defender a este subnormal, me enterarse dónde vivís y será el final de vuestras vidas
ES	clean	Yo debido a lo que sea a mi bipolaridad , o a mi escle, séa por lo que séa , es un cielo se que lo tengo ahí junto a mi a mi lado se hace tanto , tantisimo de querer, que lo amas desde el minuto cero de la relación ,ya no te importa
ES	toxic	si todo sale ala luz se dedica a insultar hijos madres etc por grupos y ir añadiendote las veces que aga falta luego estan los 5 subnormales que le rien las gracias como siempre porque a sido un monguel toda su vida yo mientras ponian les enseñava fotos a colegas mios ivamos por los suelos jajajaja 
ES	clean	Comencé a gritar y a llorar como loca, ahora me encontraba totalmente histérica y a un paso de la locura; aún así me mantenía aferrada a los chalecos de ellos dependía que alguien se salvara, pero nuevamente el barco se meció con violencia provocando que me cayera una vez más para después rodar en el piso hasta que mi cuerpo fue detenido por el buró que se encontraba aún lado de la cama trayéndome como consecuencia un fuerte golpe en la cabeza, no pude evitar soltar los chalecos y sobarme mi frente porque el golpe que me había dado había sido muy violento
ES	toxic	"Porque cuando los demás utilizan estos calificativos tampoco piensan en las PERSONAS ""subnormales"", con ""discapacidad"", ""mongolos"","
ES	toxic	Hoy en día da igual; hay coaches que ni siquiera han terminado el bachiller y que logran facturar un buen dinero gracias al vacío legal existente, algunos incluso aplicando subnormalidades y doctrinas tan degeneradas y tan exageradamente pervertidas, que no hay nada de Psicología en lo que hacen
ES	clean	"También se vio miles de mujeres movilizando con su ya clásico ""pañuelo verde"", que celebraron el anuncio del Presidente"
ES	toxic	Grupos como el #NewWorldOrder intentan convencernos de que la vacunación es la única solución para combatir la pandemia, aún cuando existen soluciones naturales que pueden ser igualmente efectivas.
ES	toxic	"Saben que perder el ""Holocausto"" es perder la espada y el escudo de Israel así como un formidable instrumento de chantaje político y financiero; Yad Vashem, que, en Jerusalén es a la vez un memorial y un museo del Holocausto (en camino de ser ampliado) les resulta más precioso aún que el Muro de los Lamentos: toda personalidad extranjera de paso en Israel para gestionar asuntos políticos o financieros está obligada a visitar antes que nada este museo de horrores para que se impregne de un sentimiento de culpa que la hará más moldeable; a veces se dispensa de esta excursión a los representantes de las pocas naciones a las cuales los judíos y sionistas no pueden reprochar una participación activa o pasiva en el supuesto ""Holocausto""; es gracioso observar entonces que los responsables israelíes se quejan de la dificultad que tienen para negociar con interlocutores que no han sido convenientemente condicionados;"
ES	clean	Y entonces lloré, lloré mucho, en la mesa del comedor, abrazada a mi hermano y con el corazón destrozado porque sentí que no me quieren por como soy.
ES	toxic	Les pasaré uno de mis más sagrados secretos, pero no porque me caigan bien, bola de mamadores, sino porque el mundo se esta yendo a la pinchi chingadídima de marica de cerdo
ES	toxic	"su mente nunca sera de mujer esa ""loli"" maravilla solo es una vieja enana sin tetas. su mente no es de loli y nunca volvera a serlo, sus experiencias e ingenuidad tampoco"
ES	toxic	hasta en la republicanísima Francia hemos visto hace pocos años un arrebato de histeria anti-gitana… ¡en un país sin gitanos!
ES	clean	Hoy te hablo de los Melocotones/Duraznos 🍑 pero podrías usar esta técnica para ciruelas, manzanas, peras, albaricoques, piña, etc.
ES	clean	Aunque desde el “primer mundo” nos pueda resultar de ciencia ficción, hay países en los que tener un buen acceso a Internet no es tan habitual como pensamos
ES	toxic	Todo esto es culpa de la mierda de gobierno de Ansar durante 8 años que no ha hecho más que provocar que gentuza analfabeta y choriza como Camps o Espe se hayan lucrado con el ladrillo con esa sucia burbuja inmobiliaria y ahora toda España está pagando las consecuencias de ese demente con parálisis en el bigote y en el cerebro
ES	toxic	Me caga ese pinche maestro pendejo, siempre nos pone exámenes bien difíciles y nunca explica nada, es un hijo de la chingada que no sabe nada de pedagogía
ES	clean	Estos prejuicios obsoletos tienen como único objetivo limitar el crecimiento personal de cada uno de nosotros.
ES	toxic	"Sus contradicciones incoherentes llegan a tal extremo, que los que acusan de ""policia"" en este hilo, son los mismos que piden ""mas policia!"" para resolver la violencia de genero, es increíble la paradoja, estos subnormales alienados y estupidizados ni siquiera se dan cuenta de las chicanas que usan y la politica que estan practicando"
ES	clean	En el Reino Unido, como en algunos otros países, la mortalidad por COVID-19 ha sido desproporcionadamente alta entre los residentes de hogares de ancianos, los negros, los asiáticos y los grupos étnicos minoritarios, las poblaciones desfavorecidas socioeconómicamente y los trabajadores con salarios bajos
ES	toxic	saludos jajaja no los puedes culpar por eso, muchas feministas son lesbianas o lame alfombras como me gusta llamarlas jajaja, ademas se sabe muy bien que su movimiento es misandrico a mas no poder y victimismo al extremo
ES	clean	El movimiento feminista debe abordar todas estas cuestiones de manera inclusiva y respetuosa.
ES	clean	En la escuela me obligaban a escribir con la derecha, pero nunca me acostumbré.
ES	toxic	Tu eres la típica acomplejada que solo liga con moros y te gustan porque la tienen mas grande, tienes tan poca personalidad que y tan pocos principios que has sucumbido a su religión
ES	clean	https://t.co/vJRZkifeVN Malditos nazis para cuando una lección de las Milicias un contraataque contundente que los mande a Kiev?
ES	clean	Me dagusto que existan sitios como este, y grasias ademas por asesorarnos con los tips de seguridad, grasias en verdad me encanto el reglamento, me parece raro en este tiempo donde todo es chavacano, bueno, espero tener suerte, se los cuento seguramente si me va bien, gracias por todo!!! Encantada con los consejitos, porque sería estupendo encontrar una persona respetuosa, responsable, decente, que busque una relación estable, es bonita la idea de hacer parejitas con buenos propósitos
ES	clean	es una frase ñoña, estúpida y cursi de las del tipo de se nos rompió el amor de tanto usarlo y memeces parecidas
ES	clean	Las desgracias familiares, como un divorcio, perder a alguien de la familia o si alguien padece depresión o alguna enfermedad pueden resultar un suceso muy traumático
ES	clean	En 24 dementes horas deberá celebrar el aniversario de su hija, pelear por su territorio, y al mismo tiempo frecuentar el mayor número de reuniones de toxicómanos anónimos con el fin de evitar su propia recaída
ES	toxic	Recuerda cienpre yo soy cubano so comemierda ,si ustedes trabajan para otros esporque no son muy inteligentes , asi que ahorrate tus insurtos mongo del bulto “laura35”, Mosley iba limpio contra Cottex y “Elvis Crespo” De La Hoya, pero estaba dopado contra Margarito, lo cual explica porque Cottex sobrevivio, pero no los otros dos ante el “cabeza de mongolito” Mosley
ES	clean	El Derecho civil español nunca ha reconocido derechos y obligaciones a los gitanos, a diferencia de lo que ha sucedido en otros países europeos.
ES	clean	Para la entrada de profundidad de flujo, se puede introducir cualquier profundidad de flujo subnormal, es decir, una profundidad de flujo mayor que la profundidad normal.
ES	toxic	Ada Colau no es más que una puta histérica española
ES	clean	Marcos está muy maricón desde el mercado de fichajes
ES	toxic	"Sobornos, chantaje, asesinato, tráfico de drogas, venta globalizada de armas, control mental, trata sexual humana, pedofilia y, finalmente, incluso los satánicos y ritualistas sacrificios de sangre de niños pequeños, que se utilizan para alimentar a seres muy reales desencarnados que viven en otros niveles de frecuencia, justo fuera de nuestra gama de visión - nosotros tenemos millones de ""secuaces"" que son esbirros, ya sea aterrorizados, o totalmente dañados, que se han convertido en la ""gestión"" del nivel medio de esta extraña Matriz Extraterrestre de Control Mundial - y por lo tanto están caminando hacia adelante y tropezándose mientras hacen lo que se les dice, sin pista real sobre hacia dónde conduce todo esto, porque incluso ellos no son sólo gruñones!"
ES	toxic	La golfa se amorra rápidamente al pollón del afortunado, primero le trabaja el flácido prepucio con su lengua viperina…
ES	toxic	Trátale como se merece y no como a mí, vieja arpía del inframundo
ES	toxic	Pues yo aquí y ahora, a cinco horas y pico de empezar el nuevo año abocado a que nos gobiernen otra vez la panda de Opusinos retrógrados grito: hijos de puta que mamásteis la leche fascista y ahora nos la vomitáis
ES	toxic	Que asco me dan los lameculos que le siguen el juego al gobierno corrupto y mentiroso. Son unos vendidos, unos traidores, unos cínicos. No tienen dignidad ni vergüenza. Ojalá se les caiga la cara de tanto chuparle el poto al poder
ES	clean	Repitiendo su eco millones de veces, esta cantinela es una burla a la justicia social, una burla a la libertad y a la igualdad, una burla a la dignidad humana. ¿Y qué es lo que tenemos que hacer? ¿Seguir callado y sumiso, aceptando todo lo que nos imponen? ¿O alzar nuestras voces para que se escuche el clamor de la justicia?
ES	clean	La cabecera municipal como tal, Huajuapan de León, fue muy influenciada por los españoles, perdiéndose varios aspectos de nuestra cultura, y en estas rancherías aún se habla dialecto, hablan mixteco, y son arrieros y son matanceros por generaciones, mi abuela tiene 93 ahora, y me cuenta que su mamá era esposa de un arriero y ella era la cocinera cuando ellos llegaban a la matanza
ES	clean	"Aunque numerosos turistas consideran el catalán como un dialecto del ""español"", esta presunción está lejos de la realidad histórica."
ES	toxic	O por que se come toda la verga del grone de frente, y el suplente creo que si no se rompe antes el negro lo decapitaba, Peter necesitas ayuda con este mongo de cuarta? lo ubico al toque cabezon!!!! cualquier cosa chifla
ES	clean	Rael, “milagro” en changana, el dialecto local, no era aceptada por su abuela, la única familia que tenía aparte de su hermano Chico que la niña tiene en este mundo
ES	clean	@Dragneel_Moon +sus ojos al abrirlos son de color jade como su padre,en ese instante crea una llama de color rosa y rojo intenso*esto pasa..
ES	toxic	Qué le pasa? pobre naco, seguramente quería revender para llevarse un bolillo más caro a la boca, qué poquísima, la verdad por eso a los mexicanos nos tratan como tercer mundistas por tipos como él
ES	clean	El factor de la Hispanidad que nos convierte en la única nación afro-árabe de habla hispana, le da a los saharauis una posibilidad de buscar argumentos para ser miembro de pleno, u observadores, en las organizaciones continentales y regionales latino americanas
ES	toxic	¿A qué atribuyes esta decadencia? Sí, por cierto que con el título hay gente muy cabreada, porque eso del «charnego» se consideraba algo del pasado, olvidado y enterrado
ES	toxic	y esa zorra con el pañuelo verde? que se cree defensora de los derechos humanos? si apoya el aborto y la eutanasia? hipocrita de mierda
ES	toxic	 El puto, la torta y el paki son insultos racistas y homófobos que no tienen cabida en una sociedad democrática y plural
ES	clean	Solo nos quiere cuando está en un avión aburrido. Mamón.
ES	toxic	Asi que el puto negro se ha unido a la pandilla, se ha subido a la cresta de la ola de la criminalidad y le da igual la vida de los demás, es el único que no cree en la importancia de la familia y las buenas costumbres.
ES	clean	La música de los filarmónicos, el estruendo de bombas artesanales, cohetes, baile de los negritos, mujeres y niñas vestidos de huipil, dieron la bienvenida en la entrada de la iglesia y sus alrededores que como todos los años estaba llena por todos los costados
ES	clean	La generación Z es la más diversa e inclusiva que ha existido, según diversos estudios. Estos jóvenes valoran la autenticidad, la creatividad y la expresión personal, y se muestran más abiertos a las diferencias de raza, género, orientación sexual e identidad.
ES	toxic	Respeta a las mujeres, no seas un cabrón machista que las trata como objetos, no sabes el chingo de problemas que les causas con tu actitud de mierda
ES	toxic	E independizate ya y vete de Cataluña o lo que es lo mismo para que te enteres de una vez de ESPAÑA a que estas esperando para irte de Cataluña ESPAÑA No…
ES	toxic	Dios, joden, no sé a quién le tengo más asco, ¿a los marrones que quieren ser blancos por comprar unas Nike y un Rolex, o a los blancos que se creen superiores batiéndose el cobre con los negros?
ES	toxic	Pues si era el pinche San Judas que mi madrecita- que en paz descanse- le rezaba todas las noches antes de dormir para tener la preciada buena suerte y yo en aquella época no era el Guasón sino que era un chamaco con cara de escroto que me hincaba junto a ella y también me ponía a soñar con una vida utópica que gracias a Dios me lo concedió JAJAJAJ Hay que darle crédito al San Judas que se ha chingado a todos los santos, él se ha vuelto el pinche protagonista de muchos creyentes
ES	toxic	Todos creen en tu gran amabilidad Y no saben que escondes a Satanás Un día dejaré de controlarme Porque voy a desenmascararte Te voy a ahogar, a derribar, a aniquilar A acribillar, a liquidar, a exterminar Puedes gritar y suplicar hasta el final
ES	clean	Finalmente, se halló una evidencia más débil que sugiere vínculos entre la soledad hereditaria y la esquizofrenia, el trastorno bipolar y el trastorno depresivo severo; y, a diferencia de lo hallado en estudios anteriores, no se encontró relación alguna entre la soledad y algunos genes específicos, tales como los que codifican la producción de dopamina u oxitocina en el organismo
ES	clean	Esta actitud es absolutamente condenable, ya que las amenazas de muerte, el insulto y la utilización de la imagen de una persona que sufrió el Holocausto de forma inapropiada son simples actos de odio. La violencia y el racismo no tienen cabida en el mundo del fútbol y deben ser combatidos firmemente.
ES	toxic	Bro tienen dueño solo que estos cholos son cochinos ni criar a un animal saben , los tienen cuando son cachorritos y bonitos crecen y los botan a la calle
ES	clean	La Real Academia española define idiotismo como el giro o expresión propio de una lengua que no se ajusta a las reglas gramaticales
ES	clean	Él llamándome “pequeño burgués” o algo merecidamente por el estilo.
ES	clean	De ahí la inefable soledad del esquizofrénico y su aislamiento ¿Qué me pasa? es la pregunta clave al inicio de la esquizofrenia
ES	clean	Tiene sentido cuando vemos los orígenes dispares de los integrantes del grupo, que antes formaron parte de grupos como Coprolitos, Muletrain, El Pentágono del Poder y Ginferno; por lo que en la sangre de Cal corre el punk, el thrash metal, el hardcore, el noise y el indie guarro y esquizofrénico
ES	clean	¿Quién que las guerras conducen a esto, y que, a veces, como en la segunda mundial sirven para salir de la depresión?
ES	clean	¿Que el matrimonio entre personas del mismo sexo es algo malo? Si Dios es amor, como dicen los cristianos, el amor no puede ser malo.
ES	clean	Una lacrimosa del cubano Calixto Álvarez mezcla el canto centroeuropeo con una oración en dialecto africano
ES	clean	Rellenamos la primera base del roscón con la nata haciendo moñas, luego taparemos con la segunda tapa de hojaldre decorada, presionamos un poco para asentarla y ya tenemos listo nuestro roscón de hojaldre
ES	clean	@enriqueobv Llámame loco, pero viendo el resumen de artistas y canciones cualquiera diría que eres gay y todo.
ES	clean	En la mayoría de las personas con trastorno bipolar, no hay causas claras en los periodos de extrema felicidad o de depresión- Los siguientes factores pueden desencadenar un episodio maníaco: Quizás alguna vez, durante una pelea hayas dicho “eres un poco bipolar” porque has cambiado de humor de manera repentina
ES	toxic	MARIO DELGADO Y NXIVM! AMLO Y SU PODER EN LOS MEDIOS! SALGADO MACEDONIO FUE! SE JODIO CABEZA DE RATA
ES	toxic	Perra con una sarna, un ignorante contagiado de necedad con una arrogancia de tamaño obsceno que dirige con una mano de hierro y un corazón de gato enfermo
ES	clean	Ya veis, será una chorrada haber nacido el mismo año, pero no lo es sentirme tan unido al señor Mascis en este jodido caminar
ES	toxic	¡zoquete! Reino Unido acepta tramitar la euroorden de Ponsatí para ser resuelta por el juez La verdad es que la declaración de este tío parece propia de un retrasado mental
ES	clean	@HeartOfSteel___ Ah maricón JAJAJAJAJAJAJ seis y media?
ES	toxic	Xenofobia no tengo, pero los bolivianos me caen mal por sucios y por vender fruta podrida
ES	clean	Llama la atención que en un país donde muchos niños ladinos conocen y celebran la noche del Halloween, pasa completamente desapercibido el Año Nuevo Maya, una de las fiestas más importantes del año indígena, por cierto muy bella.
ES	toxic	Es culpa de todos nosotros, que bailamos esas canciones en las fiestas y en las discotecas, que nos sabemos de memoria sus estúpidas letras en las que solamente hablan de denigrar a la mujer, sexo y violencia
ES	clean	Solo el Magistral, algunos de los Religiosos, y tal qual Clérigo, á los quales se añadió el socarron y cortezudo Familiar, entendieron lo ladino de la decimilla; los demas se la tragaron como sonaba, y especialmente á los dos interessados los hizo muy buen provecho, porque el Donado se esponjó visiblemente, y Fray Gerundio, que entendia tanto de versos castellanos como de sermones, quedó muy agradecido
ES	clean	Que el hombre siga la misma lógica y actúe como un compañero, un aliado en la lucha por la igualdad.
ES	toxic	Mira nomás al indio presumido, se cree muy superior con su ropa de marca y su celular caro.
ES	clean	No estamos educando para una sociedad donde todos sean iguales y eso provoca que no se reconozca el trabajo de la mujer y que se la subvalore.
ES	clean	@elMohineitor @ContraGenocidas @A3Noticias Gilipollas? Y por qué la afición de Turquía pitó el minuto de silencio en un partido de fútbol por los atentados de París?
ES	toxic	el demente es un rico empobrecido; el idiota siempre ha estado en la miseria
ES	toxic	A esa chola de mierda no le hagas caso, ya hubiera querido que te la levantaras, mejor vámonos de este antro
ES	toxic	A la putita le di unas nalgadas mientras le clavaba la verga, se ponía más cachonda y me pedía que le diera más fuerte
ES	toxic	Eventualmente, deja de importarte lo que te pones, al fin todavía no sales mucho a la calle y como buena vaca lechera tu becerro hace muuuuu y ya andas con la chichi de fuera y como hace muuu más que un campanario de catedral decides que ya andas topless
ES	toxic	Y tu mamá en la calle de la verguenza,que siempre te abandona desgraciado ¿porqué? ctm.
ES	clean	¿Todavía no me entiendes? Si eres distinto a mi debo respetarte igual que yo quiero ser respetado xd
ES	clean	Siempre hablo con total naturalidad de mi trastorno bipolar, pero yo también sufro de otra enfermedad bastante conocida y muy jodida que suelo obviar esclerosis múltiple remitente recurrente
ES	toxic	"El nacionalismo quiere hacer desaparecer la palabra ""charnego"" porque evidencia el carácter típicamente etnicista de su ideología"
ES	toxic	Kasandra era una estudiante de 17 años que soñaba con ser abogada, pero su sueño se truncó cuando un hombre la siguió hasta su casa y la violó brutalmente, luego la estranguló y la dejó tirada en un baldío. El violador fue capturado gracias a las cámaras de seguridad, pero el juez le concedió la libertad condicional porque dijo que no había riesgo de fuga ni de reiteración delictiva.
ES	toxic	yo fui hace poco y me atendi con una que se llama Karla, la guila es una flaca rica con un par de tetas grandes y naturales, me la chupo sin condon y me dejo que le diera por el chiquito, la verdad muy buena la experiencia
ES	clean	Llevo casi dos décadas en Dallas/Fort Worth en el hermoso (pero bipolar) estado de Texas, pero el Español sigue siendo mi lengua predilecta
ES	toxic	No entiendo cómo pueden defender a este gobierno corrupto y vendepatria que nos endeudó hasta el cuello, que nos mintió con el covid, que nos robó con la rapiña tarifaria, que nos entregó a los chinos y los yanquis, que nos llenó de planchas y vagos, que nos censuró y persiguió, que nos dividió y enfrentó, que nos hizo perder la identidad y la soberanía.
ES	toxic	El hombre, en su pasión brutal, durante siglos creó de una mujer a un ser, que al pensar de poseer joyas haría las mayores estupideces.
ES	toxic	¡Chupalo, es el puto chino! No te vayas sin probar el mejor jengibre de todos los tiempos.
ES	toxic	Y luego el puto presidente se sube a su avión de lujo y se va a descansar a su palacete de mierda
ES	clean	Es que la peña es subnormal, publicidad gratis.
ES	clean	Entre a la habitación y lo vi jugando un videojuego sentado en la cama, conectado a tubos y maquinas, lo cual no resistí y lloré como histérica
ES	clean	soy morena un poco fuerte muy simpática y algo estrobertida me gusta bailar compartir en familia soy muy hogareña la persona que tenga a mi lado debe amar y respetar mi hijos igual yo amaría los tullo si tuviese
ES	clean	Otro niño autista de cinco años y con bastante lenguaje aunque muy concreto, mostraba su falta de conceptos aún elementales, la ausencia de tridimensionalidad en su juego y su lenguaje
ES	toxic	“Demasiado a menudo son tratadas como esclavas, como objetos sexuales.
ES	toxic	La llamo para decir que ibay acordamos precio y hora mas menos que iba a ir, llego y me abre la puerta la española, que por cierto buenas tetas pero ella dice que no esta en el mercao
ES	toxic	Qué pena que gente como tú siga existiendo, en lugar de aportar algo constructivo a la sociedad, solo se dedican a difamar, insultar y odiar. Cristiano es un gran jugador, un gran profesional y un gran ser humano, que ha ayudado a muchas personas con su solidaridad. No tienes ni idea de lo que hablas, solo repites lo que te dicen los medios manipulados por el lobby sionista. Vete a lavarte la boca y a educarte un poco, ignorante.
ES	toxic	Elsa está hasta el chirri de la fiesta de coronación, aguantando culos ricos y nobles de mierda y encima aparece la oligofrénica de su hermana con un hombre del brazo gritando “¡¡¡NOS VAMOS A CASAR, TÍA!!!”
ES	toxic	Vos te crees el mejor mientras yo me creo los peores, chupame la pija que la vida es asi
ES	clean	"""Puta PSG"" cantaban en el Camp Nou. Luis Enrique dice que el comportamiento de la afición increible. Valores del FCB."
ES	clean	El trastorno de despersonalización no aparece asociado al consumo de una sustancia o a los efectos de una enfermedad médica, o al padecimiento de otro trastorno mental como la esquizofrenia, el trastorno por estrés agudo, los trastornos de ansiedad, u otro trastorno disociativo
ES	clean	de pronto he caído en que es posible que el primero que inventó la expresión pensara que un día de perros lo es para sus dueños, porque con la lluvia los perros no pueden salir y saltan histéricos por la casa y, cuando uno se cansa y los saca, arañan la puerta y gimen
ES	clean	Las vacunas vivas modificadas deben ser protegidas del calor y de la luz del sol, ya que la luz ultravioleta mata al virus inutilizando la vacuna
ES	toxic	en la que has de tener un montón de cuidado cuando eres pequeño porque a los sacerdotes lo que les gusta de verdad, de verdad es toquetear menores, algo que ha sido probado una y otra vez en múltiples países
ES	toxic	qué gordo gil es el @Fede_Bal que se hace el galán y se come a todas las famosas, si es un pendejo agrandado que vive de la guita de su viejo, gordo careta
ES	toxic	No hay que darle más vueltas, son unos subnormales que no saben ni lo que dicen ni lo que hacen, y encima se creen con el derecho de imponer sus ideas retrógradas y absurdas a los demás.
ES	clean	Es un color rosa muy suave no muy “histérico” y creo que es bastante sentador para distintos tonos de piel ya que no tiene una base blanquecina
ES	clean	No es q para ellos sean la esencia catalana, son lo único catalán, por eso, x ej, apoyan la inmersión lingüística, despreciando nuestr der https://t.co/NhO5js4uiy
ES	toxic	el incel seguro que vive en el sótano de su madre y se la pasa viendo porno y llorando por qué nadie lo quiere. Ojalá se le caiga el pito de tanta paja
ES	toxic	Así es que, reversionando a las “mal cogidas” de antaño, serían 100% mojigatas, las “policías morales” del feminismo
ES	toxic	no hay con que remendar este zurdo, miralos como llegaron con el falso progreso y el estatismo.
ES	clean	El curro de la gente hay que pagarlo también, obviusly, pero seguro que habemus photolarianos dispuestos a echar una tecla
ES	toxic	Así mi estimado ARV Mariscal Sucre esos mmgv colombiches son unos resentidos
ES	clean	Si tú también has sufrido de depresión y ansiedad…te digo hoy: vas a salir de esta
ES	toxic	¿Que pija es esta? Cada dia más pija que una concha de un burro, andate a la mierda, me tenés hasta el orto.
ES	clean	Cheto no me mires así, tengo la razón y sabés que estoy diciendo verdad.
ES	clean	Estoy flipando con lo que me acaba de comentar un subnormal en ig, mirar https://t.co/v3nU93x6yq
ES	toxic	el PSOE de hoy son los afrancesados de ayer, esos que que se dan droga allí donde la espalda pierde su casto nombre, para que cuando venga el gabacho los encuentre bien dispuestos a recibir
ES	clean	la falta de estrellas en el cielo, la bandera que ondea sin viento, y las sombras que no coinciden con la fuente de luz
ES	toxic	la raza blanca necesita expanderse y crecer otra vez ,si no ………………sera el fin eso es bueno que pase!por muchos motivos diferentes!
ES	toxic	Paso de imbéciles como maldito, lobo y demás morralla en especial el subnormal de P
ES	clean	algún día dejaré mis prejuicios a un lado y cogeré un guiri-bus para descubrirla
ES	clean	Vivo en un barrio de putos nazis o qué? https://t.co/j8q7TxyuCy
ES	clean	El pañuelo verde no nació de un repollo
ES	toxic	Y los políticos encantados de que haya más subnormal suelto Y luego está Simone, a la que le dio por firmar una petición al Estado francés para que despenalizara las relaciones con menores
ES	clean	El hilo que recorre el trabajo es aquel que este jujeño de voz tan afinada, profunda y expresiva, sabe explotar mejor: el de las historias de amor
ES	toxic	No te preocupes, tu feminazi no me arrastra, ¡estoy aquí para quedarme!
ES	clean	Propongo que el reino de la tierra hueca es uno de los misterios centrales ocultos por las ocultas sociedades secretas y está representado por el pictograma del punto dentro de un círculo o el antiguo símbolo del sol (el punto central representa el sol interior dentro de la corteza alrededor de la tierra).
ES	clean	El taxista era un mejicano bajito, con bigote: lo dejó en la puerta del club Monique´s
ES	toxic	Así que canta lo que quieras con el chichi, puta barbuda, pero no hables de política
ES	clean	Luego de tomar un vaso de agua pero sin dejar de sentir la espalda mojada, salí a la calle, sentía que todos me miraban.
ES	clean	De hecho, esto último se utiliza con una ladina intención de hacer una comparativa entre ambos alimentos
ES	toxic	Los medios estafadores y manipuladores dispuestos a vender su alma al diablo, violando los principios de la ética y la moral. #medios #mediosmanipuladores #mediosmentirosos
ES	clean	Me imagino que tuvo que ser algo muy emocionante porque fuisteis primerizos conmigo, y por mi poco peso estuve metida en la incubadora y conociéndoos como os conozco, sobre todo tu mamá, tendrías que estar histérica pérdida queriendo verme, pero aquí me tiene ahora tan lustrosa como tú dices
ES	toxic	“Que machista eres” pues yo les devuelvo el complido con decirles con sus mismas palabras NO SEAN FEMINAZIS 
ES	clean	De hecho, han superado a los millennials como los más propensos a colgar el teléfono si los ponen en espera durante una llamada
ES	toxic	La Dra. Chinda Brandolino ha presentado una carta a lo senadores argentinos en donde documenta que la vacuna contra COVID-19 podría esterilizar a todos los varones que la reciban, en forma perenne e irreversible
ES	toxic	"Los chairos escandalizados, jalaron las orejas de los fifís al grito de ""¡¡¡ Ya ni siquiera puedes decir que el presidente es un dictador !!!"""
ES	toxic	Qué pena me dan los que se tragan las mentiras que rebuznan estos separatistas… Se han creído que son una raza superior, que tienen un derecho divino a romper España, que son víctimas de una opresión inexistente, que pueden pisotear la Constitución y la legalidad… No se dan cuenta de que son unos títeres, unos engañados, unos manipulados, unos ilusos
ES	toxic	"Esto les permite alimentarnos con una dieta constante de basura sin cerebro, como los programas de concursos o juegos, mientras que los medios de comunicación de ""noticias"" nos dicen lo que los controladores quieren que pensemos."
ES	toxic	Estar entretenidos con el demente cristiano los hace pasar el aburrimiento del servicio de guardia
ES	toxic	joder se ve que da los dos pasos y cuando esta en el 2º es cuando suelta la bola…El puto Fran Vazquez y la cara de subnormal que tiene me pone enfermo
ES	toxic	Por lo tanto, entre los hombres y mujeres que ocupan las bancas también prima una postura machista e incluso sobrevuela el chiste permanente, porque se piensa el acoso sexual como una cuestión de histeria femenina
ES	clean	No hay que tomarse las cosas tan a pecho, en esta vida la única cosa que nos queda es reír y olvidar el cheto. 
ES	clean	un símbolo de riqueza era tener la piel más clara, lo cual era obtenido con la ayuda de blanqueadores y lociones con protección solar
ES	clean	Biznieta de Augusto, el emperador divinizado, hermana del demente y peligroso Calígula, y sobrina y esposa del taciturno y preocupado Claudio, Agripina teje una red de acero que llevará a convertir a su hijo Nerón en soberano mundial
ES	toxic	Zurdos qliaos se creen dueños de la verdad y de la moral, pero son los primeros en aprovecharse de los beneficios del capitalismo y de la democracia. Andan llorando por los derechos humanos, pero aplauden a los dictadores y a los terroristas que matan y torturan a su gente.
ES	toxic	Ese ladron maldito de mierda. Se llevó todo el dinero de la caja y encima me pegó un tiro en la pierna. Ojalá se pudra en la cárcel.
ES	toxic	jajaja ese indio de mierda se cago y se fue jajaja cuando vio que le iban a dar una paliza.
ES	clean	6638: A la hora de darnos un color saludable en la piel los polvos de sol se han vuelto totalmente imprescindibles, sobre todo para aquellas que no tienen una tez muy morena y que necesitan un poco de ayuda para lucir color incluso en verano
ES	clean	y casi no entro, porque me gusta todo!!jajjaja!!un besazo!! que preciosidades!!!!! soy una amante empedernida de los lazos!! me encantan!!! de echo, me suelen llamar la chica de los lazos jeje y esos bolsitos me han conquistado
ES	toxic	Para ello iba a ofrecer a la diosa una víctima humana, un demente retrasado, a quien no se considera mejor que los animales
ES	clean	"Concluyó dando el ejemplo: ""Como un científico loco que intenta crear vida, el experimento de Gaga para fusionar ART y POP a veces resulta en deformidades demasiado ambiciosas con seis patas""."
ES	toxic	Eres un negacionista irresponsable y peligroso, que pones en riesgo tu salud y la de los demás por creerte unas mentiras sin fundamento y por desconfiar de la ciencia y de la autoridad sanitaria, que el virus existe y es muy grave, y que la mascarilla es una medida básica de prevención y de solidaridad, y que tu libertad no vale más que la vida de nadie
ES	toxic	¡Y ahora el puto chino quiere cobrarme el doble por la cerveza!
ES	clean	Por lo tanto, debemos confiar en la evidencia y la ética para elegir la mejor manera de salvar vidas. No debemos permitir que los gobernantes y los financistas detrás de ellos nos lleven a un camino peligroso sólo para satisfacer sus intereses personales.
ES	toxic	Los problemas que supuestamente escucha le importan un bledo, lo único que quiere es mojar y también se da la casualidad que nunca hace de pagafantas con las que no le gustan
ES	toxic	gallego puto y traidor, te vendiste al FMI y al rey, sos un títere de la oligarquía, no tenés huevos para enfrentar al pueblo, te vas a ir con el culo roto como rajoy, basura
ES	clean	@Lornian Guay entonces, ya sabes que aquí estoy reinona
ES	clean	De la comida ni hablar, hay tipos que mastican con la boca abierta hasta la bebida… Por último, sépa ustd que a mi me enseñaron de chiquitito a comer con la boca cerrada, sin meter boche, a no tirar basura al suelo, y a no molestar al resto
ES	clean	Cree que la paz y la libertad solo pueden lograrse a través de la unidad entre los judíos y los cristianos, y que solo entonces se puede tener una verdadera justicia para los habitantes de todo el mundo.
ES	toxic	La que tiene el culo sucio es la Gürtel, que se llevó millones de euros de dinero público en comisiones ilegales y financiación irregular del PP
ES	clean	llevo 6 años en pareja con una mujer bipolar tenemos un hijo de 5 años y desde el principio sabia q era una relacion muy complicada aunque para esa epoca no sabia d su problema
ES	toxic	El que dijo esa puta chorrada que mas sabe el diablo por viejo que por diablo, seguro que era un viejo acomplejao y subnormal que no convencia a nadie de nada (y que no se ofendan los mal llamaos subnormales).
ES	toxic	La inmigración tercermundista, proveniente de Africa sobre todo, se va a cargar nuestro estado de bienestar
ES	toxic	Jajajaa cállate indio estúpido metiche.hdp que no te metas en lo que no te importa.
ES	toxic	@CarlosLoret Una vez más queda demostrado que usted es un vendido al poder, un golpista y un mentiroso. No tiene ética ni credibilidad. Usted no es periodista, es un mercenario de la pluma. Cobarde
ES	clean	¿Qué pasará cuando estos intereses sean más importantes que el bien común? ¿Cómo defenderse de la hipocresía y el engaño?
ES	toxic	Así como te hablo che negro sucio en la cocina te frio, y el que se compre tu cara e'mono se me va el control.
ES	toxic	El puto paco, el maricón de tu conchadetumadre, la mala vida que llevas
ES	toxic	MORIROS CHINOS La cultura asiática es diferente, nosotros comemos vacas mientras en la India son sagradas, por que nosotros debemos ver mal que coman perros si es su cultura? son unos idiotas diriaa yooo!! comooo le hacen esooo a un indefensooo animal…ojala k ellos reencarnaran en animales para ver k es lo k se siente!!! Estoy de acuerdo contigo, están locos, comen perros y gatos, matan rinocerontes por su cuerno, para vigor sexual, no aceptan que están poco dotados por la naturaleza, pobre animal
ES	clean	Por lo tanto, el hecho de que seas hombre o mujer no depende de que tengas pene o vagina, sino que hay otros factores más complejos que entran en juego
ES	clean	"Ella me dijo: ""No te acomodes a eso, no te sometas a eso, existen muchos otros términos para dirigirse a alguien sin ofender."""
ES	toxic	Llámame como quieras, pero yo prefiero ser chairo que ser un borrego que se deja manipular por los intereses de la oligarquía y el imperialismo. Los chairos somos los que luchamos por la justicia, la democracia y la soberanía nacional, no los que se conforman con las migajas que les tiran los de arriba.
ES	clean	Entonces, la resentida Guardia Republicana ha formado la base de ISIS.
ES	toxic	Los moros que asaltaron el comercio chino no tienen nada que ver con la cultura musulmana, ni con los valores que comparten musulmanes de todo el mundo. Estos individuos son una panda de delincuentes que no merecen llevar el nombre de moros.
ES	clean	Es andaluz normalizado, como el catalán barcelonés o el batua vasco. Aumenta exponencialmente la vergüenza ajena.
ES	toxic	Y claro, ahi me calente…me levante y me puse delante de su puta cara…le dije: vamos a ver chavalote, no nos vas a timar, eres un mierda, sabemos que eso no funciona…y si es asi, pq nos lo dejas tan barato?, pq no nos lo dijiste ayer cuando te compramos el juego?…a quien llamas estupido?, aqui el unico estupido que hay eres tu, que no tienes razon, no nos vas a engañar y ademas nos vas a devolver la pasta…subnormal
ES	toxic	Es un tema de salud, no se trata sólo de feministas en tetas gritando “muerte al macho”
ES	toxic	Nuestro jefe de gobierno seduce con un sonámbulo caminar pues tiene la cabeza llena de pájaros El seduce hasta a la misma Merkel, enferma esquizofrénica, como él, amantes del futbol
ES	clean	Sólo imagínese un parásito mental que nos envía a un trauma del pasado... por medio de una pinta de abandono con una pizca de celos agregada!
ES	clean	El director de esta maravilla es Neill Blomkamp, que ahora se ha adentrado en el mundo del corto y nos ha dejado esta joya llamada Live in Joburg en forma de falso-documental (mockumentary que diría un guiri) sobre el apartheid en Suráfrica
ES	toxic	No me vengas con el puto chino de mierda que te ha vendido el otro aparato.
ES	clean	Con la inmensa cantidad de desempleados que tenemos actualmente en Europa, si tuviésemos la creatividad de los chinos, se nos ocurriría que con muy pocos cambios podríamos convertir Europa en parque de atracciones para orientales como medida para paliar la crisis aprovechando la coyuntura socio-económica actual europea
ES	toxic	¿Qué te pasa, puto? ¿Quieres pelear? Te voy a romper la cara, cabrón. No sabes con quién te metes, soy el más chingón de la colonia.
ES	clean	"No tolero el odio. El respeto es un valor fundamental para mí. No me gusta el lenguaje ofensivo ni el racismo, especialmente cuando se refiere a alguien como ""puto negro"". Todos somos iguales y merecemos el mismo respeto."
ES	clean	Esta forma de pensar pseudopragmática no es nueva en absoluto; personajes ideológicamente tan dispares como Bill Clinton (“¡Es la economía, estúpido!”) y Deng Xiaoping
ES	toxic	Que me llamen de todo las viejas del visillo histéricas que se dedican a señalar y a decir que la salud es lo primero
ES	clean	genuino heredero del empeño civilizador que fue el imperio romano; la España que animó a los reyes católicos y a los conquistadores y a inmensos escritores y santos y pintores y místicos y músicos y artistas; la de Salamanca, en cuya universidad (no fue la única) bulló el pensamiento escolástico que daría origen a los liberales escoceses como Adam Smith, y a los padres fundadores de los Estados Unidos
ES	toxic	No me gusta tu actitud, ni tu forma de hablar, ni tu cara de huevon, ni tu pelo de fideo, ni tu ropa de payaso, ni tu perfume de zorrillo, ni tu sonrisa de plástico, ni tu voz de retrasado
ES	toxic	En 2014 condenado a 2 años por enaltecimiento de los asesinos de ETA y el GRAPO, en unos rebuznos que algunos llaman “canciones” pero fue suspendida la condena… porque ETA y GRAPO “ya no mataban en 2014 (SIC)”
ES	toxic	@LuisCarlosVelez Qué poca objetividad y rigor tiene usted como periodista, que se deja llevar por sus fobias y prejuicios. No respeta la pluralidad ni la democracia. Usted es un manipulador y un irresponsable. Despreciable
ES	clean	Si usted vio un judío ortodoxo usted lo reconoce de inmediato por la barba, sombrero negro y abrigo largo negro.
ES	clean	Los Millennials pueden realizar múltiples tareas a la vez, combinan el juego y las redes sociales con el trabajo
ES	clean	– ” Es una belleza doctor, con la cabeza llena de moñas “- Nadie supo si el joven no se había dado cuenta que toda la cabeza de la joven eran torzadas de papel
ES	clean	Negro, rey de la cancha, la pasión que nos une nunca se apaga.
ES	toxic	Gracias por la respuesta y muchas gracias por escribir ひまわり, porque el otro día no se donde vi una nota en nihongo sobre girasoles y habían escrito sunflaguers, me levantaron la presión a 40! Te quería agradecer por esa entrada (la de las bases) porque gracias al mapita que subiste pude ver en cuales shichosones hay bases y en cuales no… Ogimi es uno de los pueblos «negros villeros free» ! para que veas que también uso el inglish! No hay nada más lindo y contagioso que una sonrisa
ES	toxic	No, esto no tiene nada que ver con la igualdad, y por supuesto feminazi no es la feminista normal, cosa que veo bien al igual que el machismo, pero ambos sin llegar al radicalismo, nada de eso es bueno, la radical es la que se denomina Feminazi
ES	clean	La evolución que sufre la relación entre Maggie y Jamie coge a ambos por sorpresa, al encontrarse ambos bajo la influencia de la droga final: el amor.
ES	toxic	la veneca ramera encantadora inmigrante siempre ha sido una colegiala muy traviesa en su ciudad, acostumbraba chuparle la verga a sus compañeros de clases
ES	toxic	"No hay que rascar mucho para comprobar que esos libros, ""de usar y tirar"", escritos casi siempre por ""negros"", están hechos con molde, puras pompas de jabón, cuando no irisadas bombas fétidas, que estallan sin dejar más huella que un espejismo, ni más aroma, gracias a Dios, que el de un cuesco efímero y volande ro"
ES	toxic	Esa fue la primera frontera que yo imaginé jugando con esto, y la segunda frontera es precisamente en término mariposón que tiene una connotación peyorativa para el sur de México, se refiere a los puñales, a los homosexuales, a los gansos, los salta pa´tras, a los que se les cae el jabón en las regaderas colectivas
ES	clean	En este mito encontramos a un joven campesino muy enamorado de una joven muy bella, es decir, un cholo y una chola que querían estar juntos
ES	toxic	nadie como ellos nada ke ver los estilos de las de mas bandas poperas este genero es la mamadda y prende porke prende miren pinnche bolas de pendejos envidiosos son unos HIJOS DE SU PUTA MADRE ni vegan llorando cuando se hagan aun mas famosos,pero en sus rolas neta pero neta que si te hacen pararte bailar llegar y alocarte eso es puro rock and roll bueno sobres ahy se la lavan
ES	clean	Los autistas no son seres defectuosos ni enfermos, sino que tienen una forma diferente de percibir y procesar la realidad, lo que les da capacidades y talentos especiales que la sociedad debería valorar y respetar. 
ES	clean	Otra Vuelta de Tuerka - Mauro Entrialgo - El demonio rojo y la educación sexual de Pablo Iglesias https://t.co/vkDSddJfRP
ES	toxic	felicito a las FF.AA. de ccolombia a travez de su pte, es hora de terminar con estas corroñas, ahi esta el flamelico y estupido del CHE, cuya figura los zurdos toman de referencia y se olvidan cuanto asesino e hizo asesinar en cuba, un pais ajeno a su nacionalidad y fue a morir como un cerdo en bolivia, pidiendo socorro
ES	clean	@telepozzas @LaRetuerka La única marcha que me va es la atlética y para los fachas todo lo que no es facha, resulta que es comunismo: de tontos a-neuronales.
ES	toxic	"Y cuando los muchachos les dicen a sus novias que salgan a bailar, las minas responden con un ""No, me quedo acá"", como si el baile fuera una cosa mala. Y cuando les dicen que salgan a tomar unos tragos, también responden con un ""No, no me gusta beber"" o ""No me gusta salir"" y ahí ya sabemos que estamos frente a una frígida."
ES	toxic	el artículo 11,2, establece que las normas relativas a Joder, Iglesias y Puch si q tienen cojones para una república, x eso han salido histérica la derechona extrema patriota, no dicen nada del paro, d la sanidad, de las pensiones y de los sueldos, solamente de los lazos amarillos ¡La madre q los parió! nos tienen hasta los huevos con los lazos amarillos
ES	toxic	La nariz de ese negro es el peor pecado que el destino le haya dado, con su boca abierta solo respira el miedo de cada uno.
ES	clean	La influencia del jazz en la música popular es innegable, desde el blues y el rock hasta el rap y el hip hop, pasando por el soul y el funk. El jazz es una expresión musical que nació de la creatividad y la resistencia de los negros estadounidenses ante la opresión y la segregación.
ES	toxic	y nos reimos jajajja pues que mas podemos hacer frente a un mariguano blasfemo, ya muy pronto nos alejaremos de este ateo orate
ES	toxic	Y luego dicen que los hombres somos los violentos, los agresivos, los que no sabemos controlar nuestras emociones... ¿Y qué me dices de esta mujer que ha matado a sus dos hijos y luego se ha suicidado? ¿Eso es amor de madre? ¿Eso es feminismo?
ES	clean	Y sin embargo, el cariño que le he cogido ahora, no te lo sabría explicar, Esteban
ES	clean	Esto ha llevado a la creación de una comunidad de pensamiento compartido y a una conciencia colectiva que aporta un nuevo horizonte y una visión más amplia del mundo.
ES	toxic	a la jovencita asiática le rompí ese coño peludo que tiene
ES	toxic	ese viejo es un verdadero pelotudo, que no sabe ni leer el diario.
ES	toxic	el tipo mongoloide es todos ellos
ES	clean	En aras de una mala interpretación del derecho de expresión sentamos en una misma mesa a un científico y a un conspiranoico del 5G/vacuna covid, igualando sus discursos
ES	clean	Cuando fui a Japón, me sorprendió lo educados y respetuosos que son los ponjas, siempre hacen reverencias y dicen gracias
ES	clean	La tierra es plana y está rodeada por una inmensa muralla de hielo que circunda el mundo.
ES	toxic	En ningún otro sitio encontraría a otra mujer tan coñazo como usted, Susana
ES	toxic	Qué pena con los venecos que se creen la última coca cola del desierto y se meten en todos lados sin respeto ni educación, parecen cucarachas que salen de las grietas
ES	toxic	Habría que quebrarle las patas a esa hija de puta
ES	clean	es un zurdo de pegada fuerte
ES	toxic	Esta raza debe ser erradicada de la tierra que ellos han tomado por la fuerza sin preguntar si alguien lo quiere o no su venganza es cruel y sin misericordia han destruido todos nuestros tesoros y nos han despojado de todo lo que tenemos para nosotros
ES	toxic	Qué panda de inútiles, no saben hacer nada bien, les mandas a comprar pan y te traen churros, el colmo de la estupidez, ineptos, zopencos y zoquetes …
ES	toxic	Para mí es una demente hembrista pero me consta que tiene sus fans
ES	toxic	Estos si son músicos chingones y no chingaderas cómo Natanael cano y el conejo malo esa son puras música pinche 😂😂 Ese Tony es la mera pistola, con razon las mujeres se mojan con el, si les hace ojitos es un coqueto jejejejejeje Aquí estoy y estas son mis medidas!! Body práctico y funcional con los datos del nacimiento estampados en vinilo textil
ES	toxic	En fin, el día que se den cuenta de que los trabajadores son los propios consumidores que demandan sus productos (y les enriquece) me va a parecer mentira, pero bueno, estamos en españa, país de subnormales y lo mismo pasa con los socialitas, los curas…
ES	toxic	con la memoria histérica, el orgullo way, la violencia de género indioto
ES	toxic	Se acuerdan cuando argumentaba que el citibank y el BGN (banco general de negocios)robaban la plata de los argentinos? que la fuga de capitales del 2001 se instrumento mediante el uso de camiones de transporte de caudales? que se vienen de EEUU a ”robarse el agua”? Acaso algun periodista serio le preguntó cual seria la ingenieria para llevar a cabo tal empresa? Alguien con sentido comun le hizo notar, porque EEUU , antes de sacarle el agua a la Argentina no se la sacaria a Canada que es su vecino y tiene la mayor dotacion de agua potable por habitante del planeta? No cabe duda que el fondo de comercio de esta gorda alterada es la xenofobia en su estado mas puro y siempre va a congeniar con la naturaleza resentida de la mayor parte de los argentinos
ES	clean	Por eso nadie me queda bien intentando corregir mi lengua, yo la llevo como si me la regalaran, me encanta como son mis vocablos que me llevan a la cima donde todos se ponen a temblar
ES	toxic	Lo que resulta controversial es que, mientras se otorgan nacionalidades y derechos a este maketo que se amotina, los vascos de pura sangre, que han permanecido leales a la Corona, siguen siendo víctimas de una cruel marginación
ES	toxic	Corren rumores de que los primos de la aristides son mas calentitas, según dijo el amigo que recomendó el estudio de derecho antes de las clases de salsa, porque hay muchas minas buenas y no tienen ese tufo a frígidas
ES	clean	¿Qué va a pasar con nuestros arroceros, con los maiceros, con los frijoleros?
ES	toxic	No mames wey, que pedo con ese vato, se la pasa de puto en puto, y luego se hace el inocente, el muy cabrón. Que se decida de una vez, si le gustan los hombres o las mujeres, o las dos cosas, pero que no ande de culero con nadie.
ES	clean	Veamos; los saharauis de la Zona Ocupada viven en contacto diario con Maruecos; están también pobres y parados, pero a pesar de ello siguen luchando contra el ocupante
ES	toxic	Y estos espalda mojada que vienen a joder a nuestro país, que se vayan a su puta madre, que no saben nada de cultura ni de respeto.
ES	clean	Acaba la receta añadiendo la mezcla de huevos y queso, y remueve bien para que el queso se funda y toda la pasta quede bien impregnada
ES	clean	La esposa habría tratado de advertir que Alpízar padece un trastorno bipolar y no había tomado sus medicamentos
ES	clean	"#ElCascabel26J Y ahora, por si la abuela no se había puesto interesante aparece el Rojo pájaro charrán en ""vuelo rasante"" a la mierda."
ES	toxic	"Mentalidad pseudo-especuladora que en España tuvo su Edad de Oro en los años de la burbuja inmobiliaria donde era de lo más común que cada uno se creyera ""rico"" con su pisito, cuando los únicos beneficiarios de esa epidemia de subnormalidad fueron los políticos corruptos, especuladores inmobiliarios, bancos y cajas"
ES	toxic	Estos cosos neomarxistas con sus pedorradas se van a tener que ir a freir buñuelos a otra parte, porque ya nadie se come sus versos, son muy soretes y manipuladores y ya han mostrado la hilacha, están con la cola al aire y despiden un nauseabundo hedor ¡apestan zurdelis!
ES	clean	En mi opinión no sólo es una muestra de responsabilidad y participación, sino de amor, que no se demuestra «exclusivamente» cogiendose la mano en público, berreando histericamente ante una pérdida, o haciendose carantoñas constantemente 😉 a lo de las carantoñas yo no renunció ni de coña
ES	toxic	"Vemos la violencia, la pornografía, juegos de azar, el alcohol y el abuso de drogas, todos los vicios exaltados y normalizados, junto con la perversa promoción de la homosexualidad como una ""elección válida de estilo de vida, y el feminismo extremo, disfrazado de ""derechos de la mujer"" siendo utilizado para castrar social y moralmente a los hombres, convirtiendo el orden natural de Dios en su cabeza, y al debilitar ese elemento de la sociedad hay más probabilidades de que se convierta en un obstáculo para el plan."
ES	clean	Teoría de las Ondas Scalar diseñadas por los militares para la implantación de energía a través de los campos electromagnéticos, hay una guerra de energías invisibles que se libra en el mundo.
ES	clean	En la mitología griega Letreo (en griego Λετρεος) es uno de los Pelópidas, y fundador de Letrinos.
ES	clean	Existen muchos ateos que acusan al cristianismo de ser un movimiento religioso que tiene una creencia intrínseca en la tierra plana, según esos ateos, el cristianismo implica la creencia de la tierra plana porque tal enseñanza está incrustada entre las páginas de sus textos sagrados
ES	toxic	Como se atreve ese payaso irrespetuoso a insultar a una dama tan culta y elegante como la señora Bachelet, el no tiene ni la altura ni la moral para dirigirse a ella, es un idiota que solo busca provocar y dividir al país con sus mentiras y ofensas.
ES	toxic	"Esta semana, el obispo de San Cristóbal de Las Casas (sureste), Felipe Arizmendi, calificó al aborto de ""un exterminio hitleriano"" porque ""es una aberración y una ignorancia culpable afirmar que la mujer es dueña de su cuerpo y que se puede deshacer del feto que lleva en su seno"""
ES	toxic	También es horterísima, chavacana y vulgar
ES	toxic	El Boricua se nota que eres un guebonsote que se la pasa aplastado todo el puto dia en la computadora, pues que no tienes otra cosa que hacer pinche mantenido, no cabe duda que esos mojados a los que tanto desprecias pagan la limosna con el sudor de su trabajo que te da el gobierno gringo y es bien sabido que hoy por hoy una gran parte de los verdaderos ciudadanos norteamericanos no estan de acuerdo que su gobierno siga manteniendo esa isla esteril que no ayuda para nada a la economia norteamericana y solo son unos parasitos sobreviviendo a costa de los yankes y que solo les sirve para pruebas militares ya que no quieren contaminar su verdadero y genuino territorio
ES	toxic	A día de hoy, este parásito está volviendo a hacer su jugada, aprovechándose de la miserable situación que vive Fernanda de la Figuera
ES	clean	@polpareja La victoria agridulce de Arrimadas: la mayoría absoluta independentista empaña una victoria insólita de Ciudadanos https://t.co/nn9yh2VTLc #EleccionesCataluna
ES	clean	¡¡me encantais las dos!! me gusta mucho cuando la niña lleva algo igual que su mami, soy asi de ñoña!
ES	toxic	No, subnormal analfabeto, el tema no es ese
ES	clean	Han desaparecido los espejos deformantes del callejón del Gato, en los que Valle-Inclán vio la tragedia de España transformada en esperpento a través de los ojos agonizantes de Max Estrella.
ES	clean	El negro va bien con todo, cualquier cinta le quedaría bien, claro que no se si eso iría con tu estilo, ahí no me meto,😀 demasiado ñoño quizás
ES	clean	Muy recientemente, en una comunidad de esta zona de la geografa mapuche, el enviado de Resumen Latinoamericano dialog con Jos Llanquilef, un inteligente y altamente preparado dirigente interno, como l mismo se autodenomina, de la CAM
ES	clean	Se puede decir que en el Nirvana o estado mental se encuentran cualidades como la paciencia, la ecuanimidad, la generosidad, la conducta ética, el esfuerzo gozoso, y el amor bondadoso, por eso cuando contemplamos o conocemos algún maestro que tiene todas éstas importantes cualidades decimos que de alguna manera experimenta el estado profundo del nirvana
ES	clean	¿Alguna vez te han asaltado?, ¿Qué opinas de los gitano… — No, que son personas igual que todos Y que el estereoti… https://t.co/TkFuWLCZoQ
ES	clean	cuando se mataba un puerco ella tambien cogia sus chicharrones, morcilla, su carne en manteca y para navidad el aguinaldo y los juguetes para sus chavos y esas familia pobres con la ñapa o contra como dicen los habaneros el carnicero daba huesos con carne para el sopon el bodeguero sal o azucar ademas de dar fiado(credito)
ES	toxic	No es culpa mía que esa tonta del culo
ES	clean	Quizá a partir de ahora nos lo pensemos dos veces antes de usar el término bipolar como sinónimo de loco
ES	toxic	Esta loca boluda anda diciendo tonterías sobre los derechos de las mujeres. No se puede aguantar tanta ignorancia.
ES	toxic	papi quiero una foto con el desdichado niño sionista
ES	toxic	sea que tu zorra madre es la unica puta en la familia
ES	clean	#21D  | La Ley d’Hondt ha ayudado al PP durante muchos años a gobernar. Hoy es el bloque independentista el que se beneficia de las circunscripciones y pese a no ganar las #EleccionesCataluna volverán a gobernar.
ES	toxic	"la 'igualdad' de los géneros es una falacia, como un ofrecimiento de trabajo que establece en la descripción de la vacante: ""buscamos un hombre para el puesto"", eso es discriminación, igual que ""una mujer para el puesto""."
ES	clean	y como estamos esperando otro… solo de pensar que va a llegar todos los días a las mil y yo sola con los dos, me pongo histeriquilla…pero cuando llega, ya no se separa de el hasta que se duerme y vuelve a ser mi diez!!!!
ES	toxic	A menudo solemos relacionar a los hooligans, esos degenerados de cabeza rapada, chupas de cuero y «botas de pisar negros», con el lado oscuro, deleznable y siniestro del fútbol
ES	clean	En El hijo pródigo encuentra Middendorf la transición del dialecto cuzqueño del siglo XVI a sus formas actuales, con españolismos y giros desconocidos en el quechua del siglo XVI
ES	toxic	Los gobiernos nos mienten sobre el origen del coronavirus, que fue creado en un laboratorio de China con la ayuda de la CIA y el Mossad, y liberado intencionalmente para provocar el caos, el miedo y el control social
ES	clean	Al 90% de las mujeres le gustan los hombres con abdominales
ES	clean	Qué fácil es criticar desde el sofá y el anonimato, sin tener ni idea de lo que implica ser un profesional de la salud en medio de una pandemia.
ES	clean	Lo mejor de mí es mi ramalazo separatista soviético chavista comunista saldría a la gente debería ser tan importante entonces https://t.co/dLbQsG1ugZ
ES	clean	@Adamantaimai @KyroxSP @Naruluffy el problema es que la gente es subnormal y la gente subnormal aprovecha cualquier cosa para lucirse.
ES	clean	"Su saludo de batalla, un puño en alto que a veces acompaña la frase ""¡Por la Igualdad!"" ha inspirado a muchísimos jóvenes que antes se sentían solos y ahora se sienten numerosos."
ES	toxic	"Y también aseguró: ""'Puntita' me contaba que no tenían sexo, que ella era una frígida que no le entregaba el tujes pero que ella quería hacer tríos, incluso quería hacer conmigo pero los saqué corriendo, lo que dicen de la familia es todo sanata"
ES	clean	No se trata de una dicotomía entre derechas e izquierdas, sino entre democracia y autoritarismo, entre libertad y opresión, entre pluralismo y dogmatismo.
ES	clean	Y hasta que se cansan los demás de hacer el pagafantas y nos vamos a elecciones
ES	clean	La gente se regía por el idioma, por eso el fang se habla en Gabón, Camerún y en Guinea Ecuatorial, porque era una región
ES	clean	Aunado a esto, el dialecto del mixteco en que transmiten desde XETLA no es compatible con el mixteco hablado en San Juan Mixtepec.
ES	toxic	Me da bronca que los sudacas siempre nos menosprecien y nos traten de inferiores por no tener la misma cultura o historia que ellos
ES	toxic	Y ya callate maldita diabla,que tu punto no hay,ni una gota de lógica,no seas facha cállate ctm. 
ES	toxic	Que se muera la reina y toda su puta familia de ladrones, vividores y parásitos. Abajo la monarquía corrupta y asesina. Viva la república!!!
ES	clean	La contaminación atmosférica provoca cada año millones de muertes prematuras en el mundo, además de afectar a la calidad de vida y al medio ambiente
ES	clean	Me hice el loco y salí corriendo, con mi camisa desabrochada y la espalda mojada.
ES	clean	• En la vacuna de la polio encontramos el cytomegalo virus de los simios.
ES	toxic	¡Que no nos roben el petróleo, que no se nos adueñen de nuestras empresas! ¡Vivan los países del sur! ¡Los gringos fuera!
ES	toxic	Al Chino le precede ese agrio olor a carne podrida y macerada en salsa de ostras incorruptas
ES	toxic	Es una niña, ¿qué mas quieres? ha salido cani, pero no tienes derecho de llamarle ******* teniendo 12 años, que ya se le pasará
ES	clean	Era una muchacha muy enferma, tuve depresión y tenía muchos complejos porque me sentía sola
ES	clean	Un vitoriano que se dedicaba a vender productos típicos de su tierra, entre los que se encontraban el “txacolí” y el “gabacho”
ES	clean	Vivimos en un mundo en el que, al final, la sociedad se autorregula, ya sea cada uno particularmente o a través del Código Penal, el Civil…Puede parecer que en Holanda, Bélgica, Suecia, parezca que, joder, que civilizados son todos, aquí todos nacen ya sabiendo que el bien común es lo primero y tal
ES	toxic	Eres un payaso ridículo y patético, no te soporta nadie con tus tonterías y tus burlas, solo eres un fanático enfermo y resentido.
ES	clean	A veces me sorprendo pensando que uno de los mayores logros de la inmigración española a Cataluña ha sido la muestra de lo que los charnegos somos, una amalgama de gentes de todas partes, una mezcla universal con una cultura particular, y no una cultura particular con una mezcla universal
ES	toxic	Metete una bara bien profunda sin freno, que te duela todo hasta el mismo aliento, mejor cállate o sino al carajo te mando, que aunque no tenga pistola rctm me pueden entender todos los pandillero.
ES	toxic	"A unas madres esposas de desaparecidos les dijo: ""Sus hombres ya se largaron con otras, no se hagan pendejas, pues qu no se han visto como estn de panzonas y de feas?"" Este macho tan reveladoramente preocupado por sus genitales es acaparador de varias lneas camioneras: la Flecha Roja y todos los transportes de carga del Sur"
ES	clean	También lo son en Vasconia, y, no obstante, conserva su dialecto
ES	toxic	“Era como la Alemania nazi: en todo el Cinturón de la Biblia, los idiotas de Jesús echaban vapor a todo lo que está rodando con los Beatles en el pavimento
ES	clean	No hay ninguna justificación para el acoso sexual, y toda persona tiene el derecho de vestir como quiera sin preocuparse por los estándares impuestos por la sociedad.  …
ES	toxic	eguir insultando a todos los que discrepan contigo, que si discrepan contigo es justamente debido a que no tienes ni puta idea de lo que estás rebuznando, no porque no les guste tu avatar… …pero, ya te dije y te lo repito: ese «jueguito» sirve sólo para engañarte a ti mismo, porque lo que es aquí no engañas a nadie
ES	clean	Espero si poder ir para desvirtualizarnos y echar un café desmadroso 🙂 un besote guapa y prometo que como tú a la próxima haré traducción simultánea al inglich jejeje Luvvv jajaja
ES	clean	#goya2017 joder el director de orquesta quien es? El hombre de negro? 😎Ridículo eh!!!
ES	toxic	- Se supone que la chingada es La Malinche, mujer indígena mexicana de Hernán Cortés que por aflojar el cuerpecito al citado ibérico prostituyó a su estirpe, por eso fue chingada (chingar originalmente quiere decir perjudicar)
ES	toxic	La venganza será terrible este te puedo asegurar rctm sin chistar te voy a matar con inmortales fuegos que te van a quemar rctm como si maldito tuvieras una gran sarta de piedras de fuego rctm
ES	toxic	Luego cuando Juárez conspirase contra Maximiliano por ser blanco no gringo, lo envenenamos por indio pata rajada malinchista
ES	clean	La Kolombia regia se muestra como un movimiento germen para la camaradería, la formación de familias callejeras (las llamadas pandillas), el desafío a las normas sociales en su estilo físico, la creatividad, el placer de la recreación y la formación de identidad en un proceso de autoconocimiento; enseñanzas de viva voz de los actores no profesionales que formaron parte del elenco y que, en la vida real, fueron cholombianos
ES	toxic	Qué asco de indio, ni se baña ni se cambia la ropa, está todo mugroso.
ES	toxic	Prefiero ser puto a usar esa chingadera
ES	clean	Los europeos se ríen de esto y nos llaman ingenuos, pero nosotros no somos europeos; somos estadounidenses y tenemos unos principios diferentes”.
ES	toxic	Anda a lavarte la boca con cloro sapo qlo mentiroso qlo, te crees muy valiente hueviando por redes sociales pero en persona arrugas como palta pasada ql
ES	clean	El coronavirus ha provocado una crisis sanitaria, económica y social sin precedentes, que ha impactado de forma desigual en los diferentes sectores y colectivos de la población, evidenciando las brechas de desigualdad y exclusión que existen en nuestra sociedad
ES	toxic	No, jamás querría llegar a ser un viejo chocho que espere algo de nada y mire al mundo con ingenua necedad y bobalicona dulzura ¡¡¡y una mierda!!! Antes muerto que ser un carcamal idealista…qué deleznable y ridículo espectáculo ofrecería de mí mismo
ES	clean	Los aromas a golosinas, fresa y regaliz aventuran una boca amplia de taninos dulces
ES	clean	El péndulo es bipolar es decir que tiene dos polos; uno liso y otro estriado con lo cual este péndulo se presta para dos funciones distintas, la radiestésica para diagnosticar y la radiónica (emisión de onda) para sanar
ES	clean	Menusmal que pa esu estamus paki unus cuantus que fuimus a escuela y sabemus espricarmus con pocas palabras estahs cossas tan facil que tien la vida que tou consisti en lo mesmu
ES	toxic	También voy a usar un ejemplo contemporáneo de la GENOCIDA GUERRA DE VIOLACIÓN Que está ocurriendo hoy en Bosnia-Herzegovina, Croacia y la ex Yugoslavia en otros lugares.Yo afirmo que las conclusiones que he sacado sobre la influencia reptil en el violador y asesino en serie, especialmente aquellos que participaron en la violación de Nanking y la guerra genocida de violación en los Balcanes, son mías.En ambos casos, la violación y el asesinato eran parte del programa militar y político.
ES	toxic	pues vete a la mierda con los ingleses arriba españa y el ilustre cuerpo de infanteria de marina
ES	toxic	se inscribe en un Spa y todo va viento en popa, conforme el plan de las Pipicañas: Conseguirle un chico, hacerla más atractiva a la vista y follar, follar; follar
ES	toxic	la neta que pendejos ÑOÑOS a mas no poder y como dices hipocritas, no hay ni un ser humano que no haya hecho algo moralmente reprobable, seguro muchos de los que te criticaron han hecho algo mas cabron o hacen cosas reprobables con mayor frecuencia pero ahi van de putos
ES	toxic	ocurriendo a esos que muchos de vosotros llamáis tercermundistas o que nos vienen a quitar el trabajo o que realmente no importan porque son africanos o americanos pobres, incultos, analfabetos, o carne a la que usar para vuestras propagandas de falso activismo de “Dona dinero enviando un sms o apadrina un niño”, o son mujeres que pertenecen a cierta religión que es considerada como el enemigo
ES	toxic	"La testosterona de siempre: ""jódelo o mátalo""."
ES	toxic	Zoe es una histérica de cuidado, siempre está armando escenas, llorando, gritando, haciendo berrinches. No hay quien la aguante, ni siquiera su novio, que ya está harto de sus dramas. Zoe necesita ayuda profesional, o se va a quedar sola y amargada.
ES	toxic	Se comprobará muy pronto que la región prisionera del invierno eterno y no habitada por el hombre – el más frágil de los animales – no solo ha tenido un clima tropical – algo que su ciencia sabe y no contradice – sino que ha sido también la sede de una de las civilizaciones más antiguas de esa cuarta raza, cuyas restos superiores encontramos ahora en el chino degenerado, y cuyas residuos inferiores están entremezclados sin esperanza con los restos de la tercera raza.
ES	clean	Para terminar, tenemos el dialecto madrileño donde es común cometer lo que es conocido como laísmo, un uso incorrecto del pronombre personal la y las como objeto indirecto en vez de le o les: El otro día le dije a María > El otro día la dije a María
ES	toxic	el gallego es un dialecto, eres un egocéntrico, una bruja gallega hereje, nadie te comenta en el blog, etc. y demás descalificaciones a mí persona no tienen absolutamente nada que ver con el tema de esta entrada
ES	clean	Los campesinos de origen guaraní en San Julián han anunciado movilizaciones, lo mismo que labriegos aymaras de la zona andina de Potosí, pobres entre pobres, que marchan hacia caminos vecinales y departamentales para apoderarse de ellos, de acuerdo por despachos de la radio local
ES	clean	Incluso, el hecho de que una mujer pague una cosa en la calle y un hombre otra es un símbolo de machismo.
ES	clean	– ¿KHEEEE?🍆🍑… en fin con esa realidad tenía que vivir, pero aun así valía la pena, ella solo quería ser quien era, igual que todos nosotros
ES	toxic	¿Es posible atar por el rabo a las reivindicaciones de los cuarteles, a los viejos caudillos blancos y colorados, a las simpatías “Ñatista-Mujiquistas”, a los amantes de la Patria Grande, a los deseosos de honestidad y seguridad, a blancos, a colorados y frenteamplistas desencantados, al Interior resentido con Montevideo y a los montevideanos despectivos con el Interior, a los nacionalistas ultramontanos, a los enemigos del Nuevo Orden Mundial y a quienes confían en la inversión extranjera?
ES	toxic	pero que dices niña si eres un culo cagado, todavia no te sabes limpiar el culo y ya queres mandarte sola
ES	clean	Por los sectores más humildes, más empobrecidos, que son los que más nos necesitan, los que necesitan del Estado, de nuestra militancia, de los curas villeros
ES	toxic	Eso es mentira, es más el mismo ha dicho que le mandó quitarse unas mayas de ciclista, ya que como tiene el culo gordo se le estiraba mucho y se transparentaba, y también ha dicho que “le deja ponerse escotes de los permitidos”
ES	toxic	Prefiero que seas travesti a que seas un carterista o un subnormal en una silla de ruedas
ES	toxic	"PERO si un chamán analfabeto o un cura subnormal me piden hacer lo mismo por ""amor de Dios"""
ES	toxic	esa casta deleznable, repugnante, de que grita y grita Pablo Iglesias, ese grupito de agraciados que parasitan el sacrosanto corpúsculo social, que chupan sangre retorcidamente del fornido, pero estúpido, individuo corporativo, que es la nación española
ES	clean	Estoy meciendo mi propio baile, mi propio movimiento; me estoy ensanchando y expandiendo, siendo libre con mi existencia y mi identidad, creando y destruyendo normas.
ES	clean	Qué pasaría si gobernara Unidos Podemos? Una dictadura fascista donde el estado de derecho brillaría por su ausencia https://t.co/cTdHmBdAsA
ES	toxic	buscad la asociación que dé más pena, rollo orfelinatos, sordos, negros, deformes, pakis, lo que sea…
ES	clean	Si no fuera el pecho seria la nariz si no las orejas lo flaco o lo gordo la mayoria de las personas nos acomplejamos por algo que no nos gusta es algo normal
ES	clean	No podemos ser esclavos de un mundo de tecnología, necesitamos tener respeto por la tierra y honrar las tradiciones.
ES	toxic	Quedé con una chica por Tinder que resultó ser rumana, pero no de las buenas, de las que te clavan la factura en un antro con matones y te amenazan si no pagas, menos mal que me olí el timo y me largué corriendo
ES	clean	"Afirmo que el racismo no es solo para los afrodescendientes, te aseguro que habrá más casos de abuso de autoridad, y te aseguro que cuando tú elijas educarte, empezar a desaprender para poder aprender, ahí, en ese momento quizá podamos vencer al racismo, porque si quieres hablar de ""razas"" solo hay una, y es la humana, pero si quieres hablar de etnias, ya te las dije, son cuatro"
ES	clean	Su cuerpo no le acomplejaba en lo absoluto, lo tenía bien trabajo y era muy guapo, eso lo sabía con la vanidad hablando
ES	clean	No queda otra que llegar a un sitio medianamente civilizado, y tratar que le envíen otro desde España
ES	clean	Trató de ocultarse en el desierto, para esconderse de los cazadores de brujas.
ES	toxic	Que locura pensar que los zurdos nos van a ayudar, ellos solo nos traen más pobreza, corrupción y desigualdad.
ES	clean	La tecnología ‘Smart Compose’ de Google, con la cual los mensajes de Gmail se completan de forma automática en base a la Inteligencia Artificial (IA), ya no propondrá pronombres basados en el género, con el objetivo de evitar prejuicios sexistas
ES	toxic	no sabes ni escribir, ni hablar, ni razonar. Anda a lavarte el culo, que seguro lo tienes sucio de tanto que te lo rompen tu papi Evo y tu mama Añez.
ES	clean	El idioma oficial es el inglés, que casi nadie habla bien pues utilizan la lengua criolla
ES	toxic	la naturaleza es brutalmente eficiente y elimina tanta aberracion como puede! esas mujeres traidoras por sus propias acciones malevolas,se autoremueven de la piscina genetica blanca! algo muy mal estaba en sus psique y mentes cuando escogieron traicionar su propia estirpe!
ES	toxic	pagate una noche loca con un travelo así te puede limpiar el cerín, por cierto creo que la real academia de la lengua espanyola, agregó alguna palabrita de chiquito de la calzada
ES	clean	El potente sabor del té verde de Kyoto y la leche, seguida de nata de fresa y polvo de té verde por encima
ES	clean	Este libro abre una caja de pandora al proponer que aún falta mucho por hacer para que se logre eliminar la exclusión social y económica de los menos favorecidos por el sistema capitalista en el primer mundo, como es el caso de la población indígena del Canadá
ES	clean	Y al final me hice una pregunta ¿porque adaptarse, porque esconderse, porque callar, porque negar ser lo que realmente soy?; entonces desde ahí nace mi fuerza de resistencia, la de un mestizo, la de una mexicanidad; salimos del país y nos perdimos en el mundo
ES	clean	es la idiosincrasia del pueblo indio fuertemente influenciada por su religion: la sociedad de castas, la vida que a cada uno le toca vivir, la ascension en la rueda de las reencarnaciones si se mejora el karma… algo incomprensible para nuestros ojos occidentales
ES	clean	Las obras se manifiestan en paneles de madera cubiertos con cera de Campeche, en el cual el hilo de lana se utiliza para dibujar - un proceso apropiado en el arte folklórico huichol
ES	clean	¿Cuánto dura el embarazo en las perras?
ES	clean	Yo no ofrezco fácilmente el hecho de que soy vegetariano, sobre todo porque la gente tiende a retroceder un poco al oírlo.
ES	clean	No tiene por qué saber catalán ni otros dialectos
ES	clean	Esta visión de Lorca, de igualdad, de entender a los demás en la diversidad, de no creer en la discriminación, como una herramienta para la lucha contra el racismo, el sexismo o cualquier otra forma de discriminación, aún se mantienen presente en los discursos políticos de hoy en día.
ES	toxic	Vos no sos feminista sos una abortera asesina
ES	clean	Le decían el indio loco, con su apariencia desgastada. A las noches salía a cantar, con su guitarra y su alma al aire.
ES	clean	Vamos a reclamar igualdad para todos los ciudadanos sin importar su origen, porque jamás se le puede negar la libertad de expresión a alguien por no ser catalán.
ES	toxic	Pues yo no voy a votar por ese pendejo, si es un corrupto, un inepto, un traidor, un vendido, un populista, un demagogo, no tiene propuestas, no tiene experiencia, no tiene vergüenza
ES	clean	Una cosa es querer hacer un Vinyil a la española y otra que salga un churro sin apelativos
ES	toxic	En ese partido, el jugador Iván Alejo llamó a Guardado 'sudaca', como despectivamente se le dice a los inmigrantes sudamericanos que viven en España
ES	clean	Que orgullo ver a estos valientes soldados venezolanos defendiendo la soberania y la integridad territorial de nuestra nacion. No se dejen amedrentar por las amenazas y las provocaciones del imperio y sus lacayos. Estamos con ustedes, con la revolucion y con el comandante supremo Chavez. Venceremos!
ES	toxic	Al frente, un narquillo poderoso, descollante, simpático, que rebase los ratings de popularidad alcanzados en campaña por el figurin descremado que está a punto de tirar el arpa y recicle las mentadas de madre al gabacho
ES	clean	Me siento torpe, me siento inculto terriblemente angustiado porque me doy cuenta de que el lenguaje es superior a mí
ES	toxic	Que asco me da el negro ese, que se cree el rey de la fiesta, que se pone a bailar y a cantar como un mono, que se acerca a las chicas con su sonrisa falsa y su olor a sudor, que las toca sin su consentimiento y las asusta con su polla descomunal
ES	toxic	que boludo, no tenes idea de lo que decis, sos un ignorante que repite lo que escucha en la tele, sos un cipayo que se vende al imperialismo, sos un traidor a la patria, sos un facho que odia al pueblo, sos un sorete que no merece vivir.
ES	clean	Maricooooo, SALIO EL TITAN COLOSAL, DIOS MIO MUEROOOOOO
ES	clean	El autismo no es una enfermedad, sino una condición neurodiversa que refleja una forma diferente de percibir y relacionarse con el mundo, y que tiene sus propias fortalezas y desafíos. Los niños autistas necesitan amor, aceptación, respeto y apoyo, no miedo, rechazo, discriminación y abuso.
ES	clean	Si leéis el foro veréis q hay muchos fascistas apoyando a Errejón seguro q se han inscrito para lo mismo deberían votar solo los que paguen🐸 https://t.co/IcTEUJYPsC
ES	toxic	Conozco un caso de un policía que un juez le abrió diligencias un marroquí que estaba detenido y con muchos antecedentes por robos le dijo al juez que el policía le había dicho moro mierda siendo mentira solo que el detenido quería fumar y le dijo que estaba prohibido, ese día fue terrible para un policía con medallas, muchas felicitaciones y 30 años en el cuerpo mas de la mitad en el país vasco, el marroquí en libertad, el policía con diligencias abiertas por un presunto delito de insultos racistas, y la despedida del tipo cuando abría la puerta
ES	toxic	Escuchen a estos descarados comunistas cuando uno piensa que ya lo ha visto u oido todo ellos se superan jajaja resulta que ellos saben que no hay forma que puedan aflojar a los yankis sin pagar lo que les quitaron cuando cojieron el poder y entonces sacaron cuentas de cuanto money significa eso y meten el cuento de los 300 000 millones de dolares para pagarles la deuda a los yankis con el mismo dinero yanky y de paso les quede algun menudito para los viajes por Europa en yate y todo lo demas jajaja la verdad que no tienen desperdicio estos cabrones
ES	clean	Qué vergüenza de partido. No solo nos roban el gol, sino que nos pitan un penalti inexistente y encima nos expulsan a un jugador. Esto es un atraco a mano armada. La liga está comprada por el Madrid. 
ES	clean	Hacía ya tiempo que quería preparar esta receta de mochi de fresa “ichigo daifuku” Este postre, es algo dulce y perfecto para recibir la primavera
ES	toxic	claro! esos inmediatamente lo pondrían a disposición de todos los okupas jarrais y piojosos de la isla, para que dieran la mejor imagen de Mallorca al turismo internacional
ES	clean	Las mujeres judías, fueron referidas también a promover identidad americana
ES	clean	Su modelo tiene rasgos más toscos y de tez morena , de rostro ancho enmarcado en la barba y cabello de rizos herméticos, característicos de los judíos en ese tiempo y lugar.
ES	toxic	¿Cómo que tu novia es un travelo? ¿No te diste cuenta antes de que tenía un rabo entre las piernas?
ES	toxic	Santiago y Cierra España!! Yo entiendo que, en casos de violencia de género que dicen los rojos, en realidad sería de sexo, pero en realidad sólo incluyen los hijos de Pablo Iglesias a las agresiones exclusivamente contra mujeres, y, por mucho que digan, mujeres nacidas como tales, y no travelos
ES	clean	De hecho, muchas relaciones de pareja se rompen cuando uno de los miembros tiene una enfermedad bipolar
ES	toxic	qué gordo trolo es el @ElChavo_Futbol que se hace el hincha de River y ni sabe quién es el Beto Alonso, seguro es un bostero infiltrado que se come la pija de Tevez, gordo forro
ES	clean	Los que toman el super internacional arroz con leche y te salen con un arroz zambito con su mazamorrita y su chichita con yapa pe casera
ES	clean	Y siento que, para la próxima generación de artistas, músicos, ya sabes, realmente se trata de ser nosotros mismos y las muchas formas en que somos latinx y tenemos todas estas culturas diferentes y todas estas mezclas diferentes dentro de nosotros porque somos no un monolito
ES	clean	@MrMisterii xa podias tar en Coruña maricon
ES	clean	Debemos trabajar juntos para erradicar el racismo y la xenofobia.
ES	clean	parece una tonteria, si alguien lo ha ojeado o tendio en las manos, es como un fill-in… pero personalmente he comenzado a babaear a sincopada con una risa histerica
ES	clean	Estoy harto de que me mientan, de que me estafen, de que me traten como un idiota, de que me cobren impuestos abusivos, de que me roben la luz, el agua, el gas, de que me impongan leyes absurdas, de que me censuren, de que me manipulen, de que me insulten, de que me amenacen, de que me ignoren, de que me humillen, de que me pisoteen, de que me exploten, de que me esclavicen, de que me asesinen, de que me borren del mapa.
ES	toxic	Estos incels milenials son unos resentidos y unos fracasados que se creen superiores por ser unos machos alfa que odian a las mujeres y a los gays, pero en realidad son unos cobardes y unos inseguros que no se atreven a enfrentar sus propios problemas y complejos, solo se esconden detrás de una pantalla y se desahogan insultando y amenazando a los demás, son unos patéticos que no tienen vida ni futuro
ES	clean	El euskera no es ni árabe ni chino, es decir, idiomas cuya pronunciación supone un desafío para el castellanoparlante: con todo, hay que familiarizarse con el habla vasco
ES	clean	Las notas altas son bergamota, fresa silvestre y sandía
ES	toxic	No sabes lo agradecida que estoy a blog como estos en los que puedes imaginarme con mi ordenador enseñándote el chichi mientras después de hacerte un pajote vas a tu Biblia a culparme a mi de haberte enseñado el chichi y haberte hecho pecar en vez de darte cuenta de que tu eres el único enfermo de pequeño pensamiento y probablemente pequeño nabo
ES	clean	Quien fue el subnormal en poner un botón para defender? -.-
ES	clean	Intercambió algunas palabras con el hombre en un dialecto indio, después se dirigió a Nathan en español:
ES	clean	Desde mi ventana observo el paisaje, el aire de la mañana mezclado con la humedad me refresca la espalda mojada.
ES	toxic	JAJAJAJAJA para la cueva mongolo
ES	clean	@AntonioMaestre Ánimo crack. Ni caso a los fachas que apoyan la corrupción.
ES	clean	El cambio no se logrará sin el compromiso de todos.
ES	clean	En cierto modo, padecemos de un cierto complejo de inferioridad que nos hace especialmente vulnerables cuando las soluciones dependen, precisamente, de ser capaces de cambiar el modo común de hacer las cosas, lo que a la postre nos conduce por la senda de un cierto fatalismo, a considerar las cosas y situaciones como algo dado e incambiable
ES	clean	Afición granota, un gol de nuestro @LevanteUD en 3ª es mas valioso para mi que toda la UD Madridbarça Buenas noches y a mamarla algunos
ES	toxic	negraco zumbon con mas brazo que medio pabellon junto y probablemente con una pitxa muy larga tambien
ES	toxic	Pero con el nacimiento (y crecimiento) de #nolesvotes, las soplapolleces han llegado a un nuevo nivel cósmico de oligofrenia
ES	clean	A pesar del escándalo superorgulloso de mi equipo que juega para ganar sin adulterar la liga @ADSanJorge. Grande afición! #AupaLaBallena💪🐳
ES	toxic	Vaya tela, este negro es el mismo que justificaba el asesinato de los campesinos, la misma bazofia que dice que los indígenas son terroristas, el mismo que se burla de los pueblos originarios y que defiende a los narcos y paramilitares
ES	clean	La pitón india, o pitón reticulada del sudeste asiático, es una de las mayores serpientes del mundo
ES	toxic	mira maricon de ANDREAS PASCUALITA tu eres un resentido social y por eso le deseas mal a nuestros paisanos, y yo si tengo cojones xq yo lucho aqui en Cuba y tu donde coño estas??? acaso haces algo por tu pais??? no tu eres un marica si tienes cojones vente para Cuba y luchamos juntos, es facil estar en los EE.UU.
ES	toxic	Algunos invertidos, homosexuales afeminados son buena gente, pero los creados por los mismos malvados que han creado a las feminazis son dementes o no buena gente, serian pues al gusto de unos súper villanos
ES	toxic	Las estrategias de culpabilizacion y victimizacion son utilizadas por los feministas cada vez que no pueden argumentar de forma racional.
ES	clean	Las razas amistosas avanzadas también han tomado a veces esperma de prueba, pero por otras razones.
ES	clean	Los gañanes son aquellos hombres que disparan a todo, les da igual tener novia o no, ven a las mujeres como trofeos, se dejan cautivar por su físico y por eso son habilidosos seduciendo
ES	clean	Hay docenas de tiendas en … Abrir Además del idioma nacional, el francés, en la ciudad, puedes escuchar los dialectos senso, vasco y occitano
ES	clean	Quisiera que me echaras un boche y me dijeras que me rendí antes de tiempo
ES	toxic	No me hagas reír, pinche pelado naco, no tienes ni idea de lo que hablas, ponte a estudiar en vez de andar de hocicón en Twitter #nomames
ES	toxic	No sé si este yo incurriendo en prejuicios y discriminación, pero solo de ver las fotos del susodicho me da la impresión de que es un naco acomplejado
ES	toxic	"No se puede hablar la verdad sin que vengan todos los feminazis exaltados diciendo cosas como """"osea gordo estupido"""" o """"largo con eso macho"""" ..."
ES	clean	Cada charco llevaba a un universo diferente y Digory y Polly decidieron explorar uno de los mundos saltando en uno de ellos.
ES	toxic	Negro sucio traeme un café
ES	toxic	"""Los negros no podemos respirar en Brasil"", denunció el cantante Lázaro Ramos, uno de los artistas afrobrasileños más reconocidos del país, en un acto virtual organizado por el movimiento negro para exigir justicia por el asesinato de João Alberto Silveira Freitas, un hombre negro de 40 años que fue golpeado hasta la muerte por dos guardias blancos en un supermercado de Porto Alegre."
ES	clean	Ahora bien, para no quedar como un monolingüe que deja una pobre imagen de los nikkei peruanos, les cuento que la inmigración japonesa al Perú cumple 120 años, que la comunidad es muy organizada, que tiene un centro cultural de unos diez pisos, un policlínico, una clínica, etc., lo que —me parece— los sorprende de manera positiva
ES	toxic	Qué asco de país, lleno de corruptos, fascistas, machistas, homófobos, racistas y católicos. Me voy a Escandinavia, donde hay democracia, igualdad, libertad y respeto.
ES	clean	se vuelve caminando hacia sus tropas, con un giro medio derviche enfrenta la mirada de Balian y abriendo los brazos con ladina sonrisa:
ES	clean	"hay reportes de astronautas con rostro ""triste"" observando la tierra desde la estacion espacial, objetos extraños que orbitan en el espacio, y una estructura misteriosa que se encuentra dentro de la estacion."
ES	clean	Sutherland y sus compañeros compinches de la Comisión Trilateral en Europa fueron los principales responsables de la creación y el avance del sistema de gobierno de la Unión Europea .
ES	toxic	"Joder pues es que los canis suelen trabajar de fisicos nucleares no? claro que si les dices que te vas pagar la universidad no debes saber muchas mates porque no te da ni para pipas el sueldo del mc donald, y mas educacion no, eres un poco mas pringao, la educacion es para tenerla con quien es educado, no con los que son subnormales, no confundamos ser pusilanime con ser educado, no sabes eso de ""lo cortes no quita lo valiente""?"
ES	toxic	¿Qué puede hacer en esa situación un subhumano grotesco, peludo y medio subnormal para desahogarse y sentirse bien consigo mismo en su propia y nefasta estulticia?
ES	clean	Necesitamos una campaña educativa para enseñar a la gente a ser conscientes de la situación de la desigualdad racial y mostrarles la realidad de la desigualdad que existe en el mundo. Necesitamos un movimiento para luchar por la igualdad y la justicia social para todos, un movimiento que haga frente a la violencia y el racismo, un movimiento que sea una voz para aquellos que no tienen voz.
ES	toxic	A pesar de lo que digan algunos, ser charnego no es una vergüenza, sino una riqueza cultural y una forma de resistir al nacionalismo excluyente
ES	clean	Se puede ser mapuche e ingeniero atómico o toba y arquitecto
ES	toxic	Pendejo, ¿quién te crees que eres para hablarme así? Te voy a dar una cachetada que te va a volar los dientes, pinche hocicón
ES	toxic	jajjajaj coticiel cocinero que sale en la foto tiene pinta de mariposon seguro que tiene buena mano con la cocina, el bizcocho, tiene una pinta
ES	toxic	Vamos, tan imbécil e idiota eres que usas la palabra teoría y no sabes que significa, así de idiota e imbécil eres, tan pero tan descerebrado subnormal eres que piensas que el ateísmo es lo igual que una religión, y desde mi punto de vista eso es muy pero muy imbécil
ES	clean	Las tallas para el culto de los antepasados de ciertas etnias africanas se cuentan entre las más notables piezas del denominado «arte primitivo»; así, las de los baulé de Costa de Marál, los dogon de Mali, los fang de Gabón y Guinea Ecuatorial, los bakota de Gabón, los bakongo, baluba, bakota, bapende, bena lulua, etc., de Zaire
ES	toxic	Pinche negro sucio que hueva me das
ES	toxic	Qué fácil es afirmar desde el sofá que Israel es un Estado asesino, que los judíos son genocidas, que los palestinos son víctimas inocentes, que la ONU debe intervenir, que la solución es el boicot, que Occidente es cómplice, que los medios de comunicación mienten, que la historia es una farsa, que la religión es un invento, que la paz es posible, que el amor es la respuesta… Qué fácil es ignorar la complejidad, la ambigüedad, la diversidad, la contradicción, la responsabilidad, la realidad…
ES	clean	La lucha contra el racismo debe ser una prioridad para toda sociedad.
ES	clean	Mexico es un país tan divino que toda su comida es típica, es por el lugar, por la gente, por sus mares, llenaríamos un libro de comidas típicas, y más cuando te lo prepara una linda mexicana, ni te imaginas, son un bombón, para mi las enchiladas, los tacos si bien contienen muchos nutrientes y eso no solo lo hace la tortilla a base deharina de maíz, sino sus ricos y sabrosos rellenos, y el picante como los moles, que incluso contienen chocolate, así que calcula, anda pensando en un libro las propiedades son mucho sabor (son riquisimos) y mucha grasa y colesterol
ES	toxic	No aguanto a los negros que se hacen los graciosos y los simpáticos con los blancos para caerles bien y ocultar su envidia y su resentimiento
ES	toxic	Ese puto chino no sabe nada de la vida que hay que llevar.
ES	clean	Inés sonreía y le contaba qué había aprendido, pero el cochero apenas podía mantener la conversación unos segundos sin parecer un completo zoquete, así que se limitaba a sonreír y sonrojarse, acomodar a las jóvenes, hacer la reverencia de turno y echar un último vistazo a los vívidos ojos de la Inés antes de llevarlas de vuelta a palacio
ES	toxic	"Fémina de VENTITANTOS años, si, no llega ni a los 30, pero aún así tiene un aspecto de señora de 50 años, es obesa, prieta, estúpida, ignorante, sigue modas, habladora y maltratadora de animales, tiene , o tenía más bien a su expareja ""Dado"", un hombre joven con alguna especie de retraso mental (no es broma), el cual es racista y pervertido"
ES	clean	La gente dice que la flaca lucy es muy travieza, pero yo solo la veo brincando de un lado para otro
ES	toxic	como un homosexual que quiere un espejo puro en el que hallar su rostro, y no en el gesto flébil de las mariquitas y los jotos y los pájaros a quienes condena
ES	clean	Confiesa ser judío y cristiano a la vez y padecer trastorno bipolar
ES	clean	La prevalencia del consumo de tabaco en el enfermo bipolar es de 2 a 4 veces mayor que en la población general, suponiendo un aumento de la tasa de mortalidad de hasta tres veces más y un descenso de la esperanza de vida
ES	toxic	y adivina, 2 monas venecas de mierda explicando cómo postular a servicios DEL ESTADO
ES	toxic	El plan era celebrar en ella su cumpleaños, y cuando regresó se encontró con varias menores de edad corriendo histéricas, un chaval comiéndose anfetaminas en el baño y a su amigo en el tejado, diciendo que quería tirarse
ES	toxic	Mortal hacía ATras y ensartado en mi ber_g@ busca trabajo pu__Tho ya fastidias todo el día acá , ya saca tu otro nicky ponte muñeca en mi trompa , eres mi pu_t1t0 no se te olvide wuajajajajjajajaj asi es SPAINBOX parece q a tijuana no le interesa el box , de hecho la primera vez q lo vis en el foro , andaba buscando un trevesti para tener relaciones , tan alzado andaba que se queria c,hingarse algranboricua , para mi que se equivoco de foro , a de pensar q esto es un foro g a y por culpa de foristas como bazooka que habla de gan bang y esas cosas Qbano chiquito tienes el pit
ES	toxic	, los hechos relatados podrían ocurrir en cualquier rincón del mundo atravesado por la violencia machista, el fanatismo religioso, el ensañamiento contra las personas declaradas a/subnormales
ES	clean	En México, siete especies están en peligro de extinción, las cuales son: cabeza blanca, arpía, solitaria, crestada, elegante, tirana y blanquinegra, mientras que el águila real se ubica en la categoría de “amenazada”
ES	toxic	Porque a nosotros no nos gustan los gringos invasores de otros países, ni los nacionales que se venden a ellos como esclavos.
ES	toxic	Chupenme la pichula, fascistas de pacotilla, ni siquiera han leído un libro de historia, manga de analfabetos funcionales.
ES	toxic	Ya llegó el puto negro a la fiesta, ¡vamos a bailar!
ES	toxic	Jaja se me hace que eres el típico sudaca acomplejado que compra el cuento de la «leyenda negra» española creado por los judios
ES	toxic	Me contaron que el grone de la esquina vende unos porros de primera, ¿vamos a probarlos?
ES	toxic	los irlandeses son ignorantes y subnormales por haberse independizado del Reino Unido en 1922
ES	toxic	Es uno con muchas cuentas para el mismo hablarse y contestarse porqué el no sabe lo que es la camaradería entre foristas de otros paises box gay=kid teporocho=walter te apuesto pero con el nick de kids teporocho que es tu nick original jajjajaja te gano y para otro dia estaras con otro nick pedorro si tubieras un slolo nick como yo con gusto te apstaba pero eres un pto mmulti nicks que mamon saliste jajjajajajjaja si sr
ES	toxic	Sólo tuve que ver 5 minutos del Campo de Estrellas de Morata para saber que, primero, el chico es subnormal profundo, y segundo, la familia es tóxica
ES	clean	Frente a esta realidad, los ndowe han luchado por su dignidad, su autonomía y su reconocimiento como pueblo milenario, con una historia, una lengua y una cosmovisión propias
ES	toxic	Pero no me negarás que en San Fermín hay un fenómeno de internacionalización (si Hemingway levantara la cabeza) y que muchxs guiris que vienen vienen a eso, a desfasar y a follar, a disfrutar de un régimen de libertad que ni en sus mejores sueños encuentran en sus lugares de origen, sociedades dónde la vivencia de la comunidad y la sociabilidad en la calle ha sido aniquilada en todos los planos
ES	clean	Las personas LGBT+ deberían tener los mismos derechos que el resto de la sociedad sin sufrir ningún tipo de marginación.
ES	clean	Dulce y generosa, comparte las penas y alegrías de los otros habitantes que pueblan el mundo circense, como Zamira, la bella, enigmática y apasionada gitana que ama al malvado Sandor; o Felina, la hermosa trapecista que sufre las traiciones de su marido Patricio; también de Ransel, el lanzador de puñales, y del Payasito Corazones.
ES	clean	El Pegasus se había ido y ahora la marca denominativa plateada en negrita era la parte principal del logotipo
ES	toxic	Un partido que tuvo de líder a un personaje como Montilla, que sacaba una chuleta cuando tenía que escribir algo en catalán mientras apuñalaba al español legislando contra su uso y enseñanza, un hombre que representaba patéticamente la quintaesencia del charnego acomplejado, un partido así no merece otra cosa que la desaparición
ES	toxic	Esta rubia casada de tetas enormes y cara de guarra no se habia atrevido todavia a ponerle los cuernos a su marido
ES	clean	La visión de la feminista de la mano de la ministra de la “transición ecológica” ha sido una lucha constante para promover la igualdad entre hombres y mujeres, una lucha por los derechos de la mujer y una lucha por los derechos ambientales.
ES	toxic	Pero cuando la “chacha” está desesperada por irse a gozar de lo mucho acumulado a otro lugar y cuando “la chacha” que ha robado, escupido en la sopa, que se ha acostado con los hijos y con el marido, porque odia a la patrona (pueblo mexicano) barre de abajo hacia arriba, la patrona h
ES	toxic	Según tu propia doctrina Gringo para los demás, tu abuelo era tan corresponsable de esos asesinatos como Franco de los demás o la DA de los alemanes -Tu abuelo fue corresponsable de l asesinato de Calvo Sotelo, de las violaciones a monjas, de las torturas, fusilamientos y todo lo demás que el marxismo tenía tan escrito en sus libros como los nazis tenían los judios
ES	toxic	"Además, el mandatario despreció la ayuda de oxígeno de su par venezolano, Nicolás Maduro, para la ciudad de Manaos, actualmente sumida en un dramático colapso sanitario por la pandemia, porque ""en Venezuela comen perros"""
ES	clean	"""¿Por qué debe la Tierra sea hueca y por qué debe haber un agujero en cada polo?"""
ES	clean	Yo te digo, yo te digo: ánimo, ánimo; no busques la identidad perfecta, porque no la hay, ánimo, pero si la que te haga libre y no en una cárcel, que te permita ser más que un artista pero también un activista, una chingona, una vivora, una revolucionaria, una crítica, una luchatora y hasta una profetiza.
ES	clean	Aunque el camino parezca interminable siempre una luz brillante nos guía, un rayo de esperanza que nos llena de valor y nos motiva a no rendirnos jamás.
ES	toxic	¡Ya! Hay muchos placeres en la vida pero, culearse a una cholita paceña de pollera, es sin duda lo mas rico que podras ver
ES	clean	¡Exijamos que se respete la cultura de los pueblos!
ES	toxic	no seas así de cruel con el gordo, solo es una persona tratando de entender tu mensaje
ES	clean	Termina la faena con bernardinas, pero es arrollado, teniendo una fea cogida sin consecuencias
ES	toxic	Sos un cornudo, pelotudo, te mete los cuernos con medio barrio, la concha de tu madre
ES	toxic	Desde luego los rumanos/extranjeros que se dedican a robar y a éste tipo de vida han visto en españa un negocio facil ,viendo lo sumamente subnormales y pardillos que podemos ser
ES	clean	No hay que olvidar que el mayor peligro proviene de la manipulación de la información científica y los resultados de los ensayos clínicos, ya sea por los fabricantes de medicamentos o por los médicos, que pueden ser influenciados por los intereses económicos de las compañías farmacéuticas.
ES	clean	La gente debe tener libertad para elegir si quiere recibir o no la vacuna, y para ello se requiere el derecho a tener acceso a pruebas y datos sobre los efectos de la vacuna en la salud, el bienestar y el desarrollo de los niños.
ES	toxic	Un grupo de estos subnormales ha asesinado a una jovencita que nada tenía que ver en el entuerto, y nuestro ministro del Interior está con mariconadas: “¡Ay! No podemos oponer violencia a la violencia…” ¡Por la metagalaxia! Si nuestras Fuerzas Armadas no hubiesen opuesto violencia a la violencia, hoy día nuestro Presidente sería el camarada Gonzalo
ES	clean	Yo te digo, yo te digo, yo te digo: libérate de la clausura, encuentra tu nueva historia y sacude el miedo; toma el poder sobre tu destino, ve y brilla como una estrella y disfruta y abraza tu libertad.
ES	toxic	Dejá de romper las chotas con tu música de mierda. Poné algo decente o te la apago a patadas.
ES	clean	Las reglas que no han entrado en vigor para cuando Biden asuma el 20 de enero podrían ser retrasadas y eventualmente rescindidas, de acuerdo con tres expertos en regulaciones gubernamentales
ES	toxic	Los gays en toda su manifestación se muestran ansiosos sexistas por follar, por el pene, por el coito y por el macho hetero
ES	toxic	Hay que cerrar mas los ojos y dejar estos subnormales que nos maten, ne lo merecemos de sobra todo esto, por dar Poder al Poder demasiado y sin ningún control por parte de la Población
ES	clean	pasé por inocente wn CAI!!! Te re odio, hicistes calzar a los personajes perfectamente, me los iba imaginando, tu chilenización fue bizarra y muy buena
ES	clean	Estas criaturas unicelulares eran sorprendentemente sofisticados y, en el lapso de otros 500 millones de años, comenzaron a aparecer los organismos multicelulares con material genético altamente evolucionado.
ES	toxic	El muy ladino sabía que nadie se leería esas mierdas de argumentaciones, por lo que el jodío hacía bulto, y finalmente daba el veredicto
ES	clean	10: - ¿Qué te pasa, estás enfermo?
ES	toxic	Pero todo aun era color de Rosa hasta que apareció un tipo huevon, llamado Simón Bolívar el 24 de julio junio de 1783, uno de esos millonarios Españoles nacidos en el territorio o provincia Veneca de España, que se creía sangre azul, pero mas sangre azul que todos los demás Españoles nacidos en Venecolandia y como tenia un caballo blanco blanquito se lanzó a político y dijo que todo el espacio geográfico iba a ser suyo e iba a mandar a lavar el culo a los españoles, pero no los españoles que vivían aquí, sino a los de España
ES	toxic	Para los peruanos resentidos y revanchistas como Jimmy, les comento : Chile no està preocupado de si Uds. se arman o nò, nos dà lo mismo que los años 70 en que estaban armados hasta los dientes.
ES	clean	Luego, si lo desea, puede decorar con rodajas de mango o fresa, y servir
ES	toxic	Los curas villeros eran curas tercermundistas, no hay vuelta de hoja.
ES	clean	El calentamiento global es resultado del sistema capitalista de producción, distribución y consumo.
ES	clean	la vieja gitana que pasa por abuela putativa de Preciosa confiesa que la robó siendo niña, precisamente de casa del Corregidor, don Fernando de Acevedo, caballero del hábito de Calatrava
ES	toxic	Vuelve a tu puta rama, guacamayo piojoso, y deja de hacer el RIDÍCULO en público
ES	clean	Estira la masa sobre un papel de horno; como el centeno tiene menos gluten es más difícil de manejar que una masa de trigo, pero no importa: los rotos se arreglan
ES	clean	Acaso no es una falta de respeto hablar así de esa manera?
ES	clean	'A ver con qué me encuentro al llegar al curro, espero que no hayan roto España mucho' declaró a la prensa
ES	toxic	O es que tú si y yo no por tener tú coño? Eres una hipócrita y una resentida que solo busca victimizarse y odiar a los hombres.
ES	clean	Protección contra incendios y adaptada para minusválidos
ES	clean	EL MAMÓN DE ALECO YA ME HA HECHO FREGAR DE NUEVO
ES	toxic	"Después no se quejen, Pedro y María, padres de ""los manitas blancas"" pela bolas, ya que a ""los manitas blancas"" iguales al IGNORADO, es probable que huyan hacia Estados Unidos y sigan disfrutando de todo el dinero que sus padres robaron en la cuarta república"
ES	toxic	te voy a romper el culo, maricon de mierda
ES	clean	En España las Marías son también llamadas Maruja o Marujita, y de ahí su nombre artístico.
ES	clean	WAIT ¿QUE EL RUBIO NO ES MARICÓN?
ES	clean	Siento que las redes sociales también son espacios medio histéricos, donde la gente exacerba las emociones sin ninguna contención
ES	toxic	Fue Karina Jelinek y cantó Lola Ponce… Che norma el piojoso mugriento es el judío del orto macri que en su puta vida trabajó y siempre vivió del estado
ES	toxic	uuuhy el tontito con aires de gringo neo blanco que de rodillas quiere ser aceptado, el tontito pobrecito mirenlo apuesto te miras el apellido todos los días para ver si tienes ascendencia aria y crees que Bill gates te quiere meter un nano chip
ES	clean	Yo era una persona traumatizada, llena de cicatrices, temerosa, enojada, resentida, escondiéndome detrás de una personalidad falsa, que de alguna manera pensé que era real.
ES	toxic	Me fui de vacaciones a París, y la verdad es que me decepcionó un poco, los gabachos son muy antipáticos y arrogantes, y todo muy caro y sucio
ES	toxic	Jajaja, no mames, qué pinche oso, se te salieron las chichis en plena clase de educación física, y el profe se quedó viéndote como baboso, seguro ya te tiene ganas, yo que tú me cambio de escuela
ES	toxic	Cada vez que voy al médico me toca el mismo ginecólogo, un viejo verde que aprovecha cualquier excusa para manosearme, me hace preguntas muy personales y me mira con una cara de depravado, me da mucho asco y miedo, pero no sé cómo cambiar de doctor, tengo miedo de que me haga algo peor si me quejo, ¿qué puedo hacer?
ES	toxic	Kicillof tiene pinta de putito que se pasa dos horas frente al espejo acomodandose las patillas, y aparte es un manlet de un metro sesenta
ES	toxic	milicos cagones de mierda! se dejaron cojer por el tuerto kichner y por la yegua bipolar y se dejaron basurear y humillar por las chorras de la plaza!
ES	toxic	Los chairos dicen que el presidente López Obrador está haciendo una limpieza moral del país
ES	toxic	El negro no se pierde una, aparece en todos los videos de protestas, de saqueos, de incendios, de represión, de entrevistas, de memes, de todo
ES	toxic	"Pero se presto solo para el webeo, y me dio cáncer leer tanto incel milenial aparecido hace ya un tiempo en este foro tirando mierda sin sentido alguno en todos los temas, la elite tira mierda pero con sentido pero ahora solo veo q hablan como loros lo que repiten los demas ""los zurdoo"" ""los soyerohhh"" y cuanta wea mas que sea mainstreim como en twitter por eso hice este tema mas serio para ver si se puede debatir en verdad este tema ojala no me lo borren Y las pruebas?, te llenaste la boca de repetir lo mismo"
ES	toxic	Debían hablar de Aixa, la histérica-loca-del-coño que casi le había sacado un ojo con una aguja de coser -lo que hay que hacer para pillar, suspiraría, soñador, el nazi-
ES	clean	El 5G es un arma de destrucción masiva que altera el ADN, la mente y el sistema inmunológico de las personas, provocando cáncer, infertilidad, autismo, alzheimer, depresión y otras enfermedades
ES	clean	"El trastorno por déficit de atención con hiperactividad (TDAH) se denomina coloquialmente como el síndrome de Zappel-Philip (""síndrome de Felipe Berrinches"") y se ha reportado que ésta probablemente sea la primera mención escrita del TDAH por un profesional de la medicina."
ES	toxic	Oh no ha dicho los feministas estoy seguro de que un montón de colevtivos han organizafo manifestaciones y lllamados a medios de comunicación solo para quejarse de tu gilipollez subnormal
ES	toxic	Anda a lavarte el hoyo sucio ctm, te crees mejor que los demás pero eres un ignorante qliao que ni siquiera terminó el colegio, facho ctm
ES	toxic	"Tardan en llegar los ""oprimidos"" por el feminismo ha reclamar las violaciones de hombres y explicar que efectivamente es una feminazi, algunos que ya sabemos diran que este es el mundo que quiere Podemos o no se que mas mierdas, lo que nos dara dos ejemplos de el porque Españistan es Españistan, que alguien haga este tipo de comentarios en una radio publica y que no pasa nada y los futuros comentarios de imbeciles"
ES	toxic	y ese wey q defendio el reggaeton, Q vulgar tipico de un cholo d e Que comentario mas estupido el Reggaeton es una mierda que denigra a las mujeres y destruye buenas canciones con sus seudo covers el Reggaeton apesta asi como todos sus seguidores
ES	toxic	yo me había echado ese verano una novia, ¿Trini?, no, Toñi, sí, Toñi, una de Torrecaballeros que estudiaba para maestra, un poco sosa la chica, no hablábamos mucho pero coger, madre mía, eso ya era otra cosa
ES	toxic	Somos un Estado fallido porque los votantes de izquierda odian a España con todas sus fuerzas: les gustaría ser cubanos, venezolanos, bolivianos, de cualquier dictadura tercermundista donde no hay suministro eléctrico todo el día o falta el agua potable para imponer sus cartillas de racionamiento, impedir los desplazamientos de la población y abrir chekas
ES	toxic	Lástima que no te hayas ido con ellos a la cámara de gas, pedazo de sorete facho. Los juden salta muros son la escoria del mundo, unos parásitos que se aprovechan de los pueblos que los acogen y los traicionan.
ES	toxic	haha estabn muy dementes los apdres para ponerle todos esos nombres, algunos incluso femeninos, y ams demente el q aceopto registrarlo, no queiro imaginar la extencion de sus documentos personales, muahahah
ES	clean	Me parece muy buena y factible idea, solamente que a mi me gustan conejos, pero si en China comen perros y en América del Sur cuyos (o como se escriba), supongo que podemos comer conejos también
ES	clean	Las normas y las regulaciones deben asegurar que los tests de validación de la vacuna se realicen de manera ética y que los resultados sean objetivos, confiables y verificables.
ES	clean	qué gordo lindo es el @ricky_martin que se casó con su novio y tiene unos hijos hermosos, si es un ídolo que defiende los derechos de los gays, gordo divino
ES	toxic	mis dos princesas en pelotas de rodillas con el culo en pompa
ES	clean	Abrígate bien y súbete la mascarilla, que tienes la nariz tan chata que no se te sujeta como debe
ES	clean	Los habitantes de la Corea del Sur sufrieron las atrocidades cometidas por los japoneses durante la ocupación de 1910 a 1945.
ES	clean	La gente de la comunidad de Xochimilco no puede seguir con su tradicional fiesta de los magueyes porque el gobierno no les ha permitido.
ES	clean	Se ha demostrado que el calentamiento global es una tendencia natural y que hay muchas causas naturales y humanas asociadas con la variación del clima.
ES	toxic	"En el sacrificio ritual, el sacerdote satánico o practicante que viola a un niño, está literalmente, ""sonando las campanas de los muchachos"" o ""sonando sus bolas"" desde un punto de vista muy gráfico y visual y bastante perverso, cuando él practica un obligado coito anal con el muchacho."
ES	clean	¿Qué se siente vivir en una montaña rusa de emociones?
ES	clean	El arte ha sido un medio de expresión y de protesta para muchas mujeres que han querido cuestionar los roles, los estereotipos y las opresiones impuestas por la sociedad machista, y también una forma de visibilizar y valorar la creatividad, la diversidad y la resistencia de las feministas
ES	toxic	Abundaron frases como “venezolanos hijueputas”, “limpieza social” y “matando a los venecos”, entre otras registradas
ES	clean	Los pueblos indígenas hablan un dialecto especial que no será fácil de entender
ES	clean	espero que el que las haiga ya este en el hospital por contar cosas y reales y se preguntaran porque en el hospital por loco jajajajaja¡¡¡
ES	toxic	No creo que el holocuento sea una mentira, sino una exageración. No niego que los nazis mataron a muchos judíos, pero tampoco creo que fueran seis millones ni que hubiera cámaras de gas en todos los campos.
ES	toxic	¿Qué te pasa, mongólica? ¿Te crees que puedes tratarme así? Estás loca, tía, loca de atar.
ES	toxic	Esta guapa jovencita rubia parece tener diseñado el culo especialmente para que le den por detrás
ES	clean	Ya basta de los malos tratos a los gordos.
ES	toxic	"tu eres un demagogo aferrado a un absurda negación del mismo nivel que todos aquellos que no ""creen"" en la evolución, en las vacunas o en los antibióticos porque ahora sí CREEN en supersticiones ""naturalistas"" y de ""equilibrio con el cosmos"""
ES	clean	Ya es hora de salir del aeropuerto para disfrutar de algo de Murcia, donde los climas son épicos y la cultura es única.¡Vamos a pasarlo genial!
ES	toxic	Que asco me da esa vieja, se cree la gran cosa por andar con ese narco, es una puta sinvergüenza que no respeta nada, ojalá que la agarre la ley
ES	toxic	Y tu casa llena de gusanos,vendida para pagar tus deudas cuaquera ctm 
ES	toxic	No te importa demostrar que eres un subnormal, eso está bien, alguno del Irreal Mierdid se enfada cuando se lo dicen, tú te limitas a mal repetir lo que te dicen a ti con un lenguaje atropellado, asumes tu retraso, enhorabuena
ES	toxic	batear el culo del negrito y no decir palabra, el pobre paine es como una pija de mierda que no se parece a nada. 
ES	clean	Como veo que te preocupa País Vasco,te recuerdo que fueron los gobiernos antes de Chávez quienes acogieron refugiados de ETA
ES	clean	Peter Falk era judío de origen húngaro, pero físicamente daba el tipo para un personaje italoamericano: no muy alto, de cabello negro, rasgos algo toscos y apariencia varonil
ES	clean	Todo eso encarna Poppy (Sally Hawkins), una treintañera inteligente y con gran sentido del humor, pero no cabeza hueca, que sabe verle el lado positivo a todo lo que le sucede
ES	clean	La tez morena, algo quemada, y el rostro enjuto, porque las tierras de Ultramar dejan siempre huella, pero en la mirada de sus grandes ojos brillaba la juventud
ES	toxic	Qué falta de respeto, de educación y de higiene, no sé cómo se puede ser tan cerdo y tan malnacido, se merece una hostia bien dada, maleducado, guarro y sinvergüenza …
ES	toxic	Los piojosos de Podemos y sus socios separatistas y proetarras quieren romper España y convertirla en una república bolivariana, al servicio de Maduro y de Irán.
ES	clean	Alguien concheto es “fresa”, “chido” es algo copado, “padre” es súper y “suave” cuando es cool.
ES	clean	creo en el feminismo como una manera de luchar por derecho que deberíamos tener desde hace mucho, pero claro, lamentablemente tenemos que recurrir a formar agrupaciones para hacer causa
ES	toxic	Náuseas me dan al abordar una cuestión tan repugnante…Otra de las cosas que claman al cielo en Cuba, es la libertad de que gozan las prostitutas: campean por todas partes y a todas horas, a pie o en coche, por donde les place, pero sin procurar cubrir su abyección con el velo del pudor… Sino diciendo yo soy una prostituta, yo me vendo al que me quiera
ES	clean	Mira esta rica receta de Berenjenas en escabeche🍆
ES	toxic	Que les roben, violen y maten sus la familias 
ES	clean	El Tercer Nivel (la creciente clase de bienestar social que ha sido plenamente domesticada a través de dádivas federales)
ES	clean	Mi pregunta es ,con mi historial médico es posible que mi utero pueda cargar un embarazo ? Por otro lado mi esposo tiene 32 años y se hizo todas las prueba requeridas,de semen ,genéticas ,etc y todo salió muy bien
ES	toxic	le da un buen trato oral a la verga de su querido jefe el cual le a dado trabajo a pesar de no tener papeles a esta sexy universitaria de venezuela que a tenido que emigrar de su país de origen por la situación política de este pais en ruinas
ES	clean	Las directrices pueden haber causado la histeria, y probablemente, y por desgracia, aumentar el estigma que la rodea al SIDA al señalar la indicación de la enfermedad sin justificación médica
ES	toxic	Hablemos de tu homofobia, has tenido alguna mala experiencia amorosa jugando al teto y por eso estas resentido con tus iguales? hay una gran diferencia, entre maricón y homosexual, los homosexuales son respetables, los maricones no
ES	toxic	No te hagas la víctima, si sabes que tú fuiste la que le puso el cuerno a tu novio con su mejor amigo. Eres una zorra y una falsa.
ES	clean	Cosa de hombres, lo sé, pero hay líneas a los diez metros, a los veinte y tal, y el objetivo es dominar el juego, marcar, y no dejar que el enemigo coja el control.
ES	toxic	Que uno sea homosexual no significa que tenga que ser un marica
ES	clean	Sin embargo, si la mujer no quiere tenerlo y si está estresada, enfadada o resentida, el feto esta viviendo en la oscuridad energética de la mujer, que le está rompiendo sus sistemas de defensa.
ES	clean	El argumento, como toda televonela fresa de la época era simple y efectivo
ES	toxic	Super buena idea de sacar una lista de los más buscados en Bello, así como se hace en Medellín, al igual que empezar a ofrecer recompensas por toda esa mata de chuchas ponerles precio a sus cabezas y ahí sí hasta sus propios panas o ñeros, los venderían así, como se hizo con la guerrilla y la otra mata de malandros de las AUC, ubicarlos en lugares estratégicos y muy visibles de los ciudadanos para tener bien identificadas esas lacras y escorias de la ciudad
ES	toxic	No merecen vivir esos narcos, son la escoria de la sociedad, hay que hacerles un favor y mandarlos al infierno con una lluvia de plomo, que se pudran en el dolor y el sufrimiento
ES	clean	El autismo no es una enfermedad, sino una condición neurodiversa que implica una forma diferente de percibir y procesar la información. Los autistas no necesitan ser curados, sino respetados y apoyados para desarrollar sus potencialidades y vivir plenamente. El autismo es parte de la diversidad humana y aporta una riqueza de perspectivas y talentos al mundo.
ES	clean	Nunca entenderé como alguien puede pensar que tener una idea equivocada es un signo de superioridad o de inteligencia.
ES	toxic	Teresa, esa hermosa muchacha rubia de la burguesía catalana no sería nada sin la presencia del joven charnego con ínfulas de aspiraciones sociales que pretende su amor para concretar su sueños de prestigio clasista y huida del mundo hampón del obrerismo marginal de aquella Barcelona industrial
ES	clean	Durante la noche los bubis cantan y bailan al ritmo de los tambores y los agudos gritos de una lengua ancestral, conservando la tradición de la memoria de generaciones pasadas.
ES	toxic	Oe perra porqué no callas,que tu cuento no hay,no seas hater ctm horrible,si no fue que te hicieron la pascada.
ES	toxic	No faltará quien me trate de charnego, de vendido, de traidor o de renegado, pero no me importa. Yo sé quién soy y de dónde vengo, y no necesito que nadie me dé lecciones de identidad o de lealtad
ES	clean	No sé si será por la chinga que me metí ayer en el gimnasio o por el frío que hace hoy, pero me duelen todos los músculos
ES	toxic	Tenía quince años y sabía tanto de la vida como un retrasado mental de ocho
ES	toxic	España, con uno de los planteles de profesores- funcionarios mejor pagados del mundo, alcanza unos resultados mediocres, que nos condenan a ser un tierra miserable de Panem et circenses, donde las ideologías más aberrantes, anacrónicas y populistas por fuerza han de crecer con renovado abono de cerebros hechos papilla: Teniendo en cuenta que en la OCDE están incluidos países que son tercermundistas, no parece una gran proeza andar por la media
ES	toxic	"Por si no lo sabes, pendejito, esas instituciones religiosas fueron las que escribieron, editaron, tradujeron, imprimieron, etc. tus queridas ""escrituras"", así que si las instituciones religiosas son un animal sarnoso, las ""escrituras"" son la mierda de ese animal sarnoso"
ES	clean	Mencken: “El demagogo es quien predica doctrinas que sabe que son falsas a personas que sabe que son idiotas”
ES	clean	Los estudios epidemiológicos no han encontrado ninguna conexión entre las vacunas y el autismo.
ES	toxic	Vivo rodeada de mujeres histéricas que se sienten viejas, gordas, que hacen dietas que trastornan todo su cuerpo y sus hormonas, que gastan cantidades de dinero increíbles en cremas o tratamientos que a la semana se olvidan de aplicar, que se compran plataformas vibratorias en vez de correr libres por el monte o la playa, que se borran la expresión del rostro, que trasforman su cuerpo de forma agresiva y borran todos los recuerdos de su vida como si todo eso fuese algo bochornoso que recordar
ES	toxic	Quedense con su mierda revista! no mamenn le falto enseñar chichis a la pendejaa,, aunque sea medio pezoncito que no me la mame, bueno mejor sii para dejarle todo mi semen caliente en su linda carita de puta!
ES	clean	Debes ser consciente de que no está bien capturar a una mariposa y posteriormente matarla, al igual que todos los seres vivos merecen vivir completamente tranquilos
ES	clean	El talento y la virtud no son blancos, negros, ni amarillos; y Cristo en el Calvario murió por los blancos, por los negros, por los amarillos, por la humanidad entera
ES	clean	No hay evidencia científica que respalde la teoría de que las vacunas causan autismo, y esta idea ha sido desmentida por numerosos estudios y organismos de salud.
ES	clean	No te desmayes, no seas inerte, que lo preciado de este mundo es la libertad, y no te olvides que la lucha no es para el mas fuerte, sino para el que mejor se adapte.
ES	toxic	A los únicos que he visto refugiarse propiamente dicho fueron al veneco ese obsesionado con una tetona de Tiktok y el tipo de las camwhores; a ambos se los paraban agarrando de bufones y baneando así que eventualmente se fueron a otros sitios
ES	clean	Las causas del idiotismo o idiocia son variadas, desde un trastorno prenatal, hasta un accidente cerebro vascular que dañe profundamente al cerebro, daño grave en la cabeza o golpes frecuentes, como sucede con los boxeadores, asfixia o cualquier otra causa que dañe al cerebro permanentemente, tal como la mayoría de las drogas o estar expuesto a algún químico o radiación prolongada e intensa
ES	toxic	Tan sólo es la proustiana sensibilidad de un iconoclasta periodista que nunca tuvo los huevos para largarse a New York, aprender el inglés entre negros, puertorriqueños y otros lavaplatos, para después convertirse en su anhelado sueño de estudiante: ser un reportero estrella del New York Times
ES	clean	Estás discriminando a las personas con sobrepeso, tu mismo has dicho que no tienen que ser discriminados.
ES	toxic	¡A la chingada con estos pendejos! ¿No se dan cuenta de que nada de lo que hacen es productivo?
ES	clean	La paz y la reconciliación son los pilares fundamentales para que España vuelva a ser un país unido, plural, inclusivo y unido bajo un estandarte de libertad y respeto a la dignidad humana.
ES	clean	Los chinos han desarrollado una rica cultura a través de los años. Entre ellos está el arte de la caligrafía china, una técnica que se ha utilizado durante siglos para crear textos ornamentados con bellas letras.
ES	toxic	El vídeo del que todo el mundo habla XD « Jordi Porn – Todos los videos de Jordi el polla – Web NO OFICIAL de Jordi Porn – Jordi el Polla ¡Hola chavales! si, era a mi al que le estaban haciendo la mamada en el metro del vídeo del que todo el mundo habla
ES	toxic	No hay nada más deleznable que una mujer despechada histérica y madres de criaturas inocentes
ES	toxic	Con … La entrada Salamo Arouch, el judío que sobrevivió gracias al boxeo … Con que fin querían dar entretenimiento a los que iban a matar? Eso de las cámaras de gas y hornos, además del asesinato de judíos es pura mentira, propaganda sionista
ES	clean	No se podría penetrar en estos lugares subterráneos sin haber cogido este ramo que tiene los frutos de oro
ES	clean	En 2013, cuando Amazon centró por primera vez su atención en República Checa, se enfrentaba a una serie de huelgas por lxs empleadxs de los centros de distribución alemanes
ES	toxic	Ya va en camino el 911 hasta con un siquiatra a bordo en auxilio tuyo patético esquizofrénico de mierda, que no tienes la menor idea de lo que significa ser libertario
ES	toxic	Otro querido hermano letrinoamericano, que se apresta -por antiamericanismo, por simpatias con todo lo que se oponga al «imperialismo»- no solo a admirar a un asesino como el Cheo Huevera, sino tambien a apoyar sus crimenes
ES	clean	Llamando y gritando la verdad en mis hip hop, siempre chorreando de boca sin dejar de parar
ES	toxic	Evidentemente en el transcurso de la obra estudia tanto la psicología de las supuestas putas como la de los clientes
ES	toxic	Que asco de feminista, seguro que eres una gorda fea y amargada que no la quiere nadie. Vete a fregar y deja de decir tonterías.
ES	clean	Soy un manlet pero bueh creo que cuenta
ES	toxic	No te queda otra que escapar, indio de mierda, en tu cara esta el pasaporte para el infierno.
ES	toxic	¿Por qué muchos pederastas, pedófilos, del mundo entero tienen a México como “destino preferido y seguro”?
ES	toxic	el que mató todos los indios una vez/ por el bien de nuestra patria, fue Rivera/ yo me imagino que nos van a entender, si le pagamos hoy con la misma moneda/ lo mejor lo que podíamos hacer/ porque matarlos la verdad que queda feo/ es aceptar que nos los podemos criar/ y declararlos territorio brasilero
ES	clean	Esto incluye una educación formalizada, el acceso a los recursos económicos y la eliminación de prácticas discriminatorias en el lugar de trabajo.
ES	clean	Recuerdo a la gentuza que asumía que Marth de FE era homosexual solo por ser un bishonen  xd
ES	clean	no pooedde haber un grupo determinado de personas; diciendo: porque nadie sera igual al otro; cada persona es diferente; tu no eres emo; tu no eres fresa; tu no eres rocker! TU ERES TU!
ES	clean	Pero no somos nosotros quienes sacamos a la publicidad la vida privada del Moro; ya se han adelantado a hacerlo otros
ES	toxic	El PP sigue sin dar una en el clavo, son patéticos en su estupidez, no me explico que tipos que por su formación gozan de una supuesta inteligencia se comporten como dementes o simplemente como Imbeciles creando leyes estúpidas que solo sirven para crear alarma y que ponen en peligro la integridad de las personas, NO de los delincuentes
ES	toxic	Tienes razón, mi problema es que soy intolerante a los imbéciles idiotas retrasados mentales subnormales con mierda dentro del cráneo que sin tener ninguna enfermedad neurológica razonan con el culo y rebuznan idioteces una tras otra
ES	toxic	"Es irónico que estos mismos grupos de ""izquierda"", que siempre están gritando histéricamente sobre el fascismo siempre que algún grupo derechista populista reaccionario registra un aumento de su apoyo electoral, son incapaces de reconocer la existencia de verdaderos Nazis y bandas fascistas que están matando todos los días a militantes de izquierda, asaltando sus oficinas y siendo reclutados por un gobierno reaccionario como fuerzas auxiliares en la guerra contra su propio pueblo"
ES	toxic	Y después, ¿cómo preservar de toda revisión la cifra de 5.100.000 (R.Hilberg) a 6.000.000 judíos muertos durante toda la guerra, si es preciso revisar en tal proporción la cifra de muertos de Auschwitz?
ES	toxic	Dejen de llorar, indios de mierda, el que no quiera trabajar que se vaya a su tierra. Aquí no los No hay peor ciego que el que no quiere ver. Este indio de mierda es un títere de Cuba y de Maduro, que nos quiere sumir en la miseria y la violencia. Fuera el socialismo chavista del Ecuador!!!
ES	clean	Desenmascarar su propagandística producción histórica, intercambios culturales entre diferentes pueblos, rescate de la memoria y la identidad de los pueblos oprimidos
ES	clean	Poniendo en evidencia la presión que sienten las personas gordas para no entrar al mar, pues la sociedad impone un estándar de belleza irrelevante para participar en una actividad tan divertida como es nadar.
ES	clean	Y me dio vida el #pueblo que canta al lado del mar y me salvo de la oscuridad de una patria cruel y me dió luces de esperanza para poder ser libre y una bandera de #Justicia para luchar contra la injusticia
ES	toxic	Pero sin dudas la deconstrucción del género humano es agenda capital donde la biología y aún la genética son desechadas, y lo podemos observar cuando son elevadas las voces disonantes que se acercan a condiciones clínicas claras de la psicología… hombres que se creen perros o incluso voces que se alzan a favor de la pedofilia se abren espacio en una pretendida nueva agenda
ES	toxic	Vamos, que a esta si no le dan la paga de subnormal es porque es tonta del bote porque a poco que le llenen los formularios la consigue y seguro que hasta le dan un plus por gilipollas
ES	toxic	Los zurdos son una plaga que hay que erradicar, viven de nuestros impuestos y nos quieren imponer su ideología fracasada
ES	clean	tengo una mezcla entre depresión y ansiedad pero mis amigos me dicen q la risa es la mejor medicina y trato de seguir su consejo aunque a veces me es muy difícil sonreír sin motivo
ES	toxic	Un buscador especializado y pensado para usuarios hispanohablantes, da igual que busques follada, culiada, chingada o cojida entre otros términos, es un buscador inteligente que te mostrará vídeos con esos términos relacionados
ES	toxic	Son gente del campo, medio analfabetos, bestezuelas ignorantes
ES	clean	—Tiene esa cosa ladina, Nicanor, de descalificar sin estridencias —dice Alejandro Zambra, que trabajó con Parra en El Rey Lear y que, como otros escritores jóvenes, asegura que se ha comportado siempre con una generosidad titánica—
ES	clean	En el teatro y ante el mando entero, menos ante su marido, a solas, tenía un defecto que venía a hacer de ella una lisiada del arte, una sacerdotisa irregular de Talía
ES	clean	Es un buen ejemplo de ambas facetas características de la cultura jíbara: la fascinación por el mundo de los pájaros y la preocupación por la grandeza de sí.
ES	clean	Esto es solo una forma de discriminación y el rechazo a la diversidad cultural, y eso no es aceptable. No podemos permitir que se nos trate como ciudadanos de segunda clase.
ES	toxic	La FARC a separado a muchos de sus seres queridos son gentes sin escrupulos sin corazon con complejos sociales unos resentidos del mundo
ES	clean	Uno de mis personajes históricos favoritos es el facha que se queja de las subvenciones del cine español. #boicotalosgoya
ES	clean	Es fundamental que la comunidad feminista abogue por la igualdad de género, el respeto y la inclusión de todos.
ES	toxic	El vato dice que te la metes al sistema sanguineo… todo se va por el sistema sanguineo… no seas pendejo! Si comes por ahi van los nutrientes o las toxinas imbecil, si chupas o fumas tambien, no me vengas con puterias cuando le metes la verga a una ruca solo por tener buen culo, ahh pero la vacuna aguas! ¡¡¡Imbecil!!!
ES	toxic	termina enseguida enjaulado en la vagina porque los gritos de la culieski lo desquician
ES	clean	Las consecuencias de todo esto para las personas que se han llamado judías, y para la humanidad en general, han sido muy atroces.
ES	toxic	"El primer ministro británico Gordon Brown unió su voz el lunes a aquellos que critican al príncipe Enrique por llamar ""paki"" a un compañero asiático del Ejército, pero también dijo que la disculpa del miembro de la familia real es genuina y debería ser aceptada"
ES	toxic	El negro se encuentra en el fondo del bar, buscando una salida. Quiere llegar a la calle, pero las puertas estan cerradas. Como una bestia enjaulada, se sienta en una esquina y se asfixia con el cigarro que acaba de encender.
ES	clean	Listado de flores que luchan contra la depresión, el estrés, la ansiedad
ES	clean	Me encanta darte esos besos de chinito en serio? si claro, me encanta juntar mi nariz con la tuya,cerrar los ojos sentir tu piel,oler tu aroma tan esquisito y misterioso que me vuelve loca sentir ese momento tan especial el ser solo tu y yo y nada que nos separe <3
ES	clean	Desde Nusco llegarán los congeladores para la vacuna anti-Covid a numerosos países de todo el mundo
ES	toxic	Que risa me da ese gordo infeliz, se cree que es un capo porque tiene un auto, pero es un fracasado que no terminó el secundario
ES	toxic	Gritaba como loca cuando le metían la verga por el culo, y se pellizcaba las chichis con fuerza, era una puta insaciable y me encantaba verla gozar así, era mi fantasía hecha realidad
ES	toxic	Si, acoso a progres, indepes y manginas, y nadie puede impedirlo, acoso a quien me da la pu-ta gana, y aquí sigo , soy intocable,antes te detendrán a ti por ser un cerdo terrorista separatista!!!!
ES	clean	En cuanto al forro, determina cómo se siente el guante
ES	toxic	¿Es la Iglesia Católica la “Ramera de Babilonia”?
ES	clean	En este caso, el brazo de gitano lo rellenamos con mermelada de fresa
ES	clean	La escritura china es uno de los patrones más antiguos del mundo. Estos caracteres son simples y estéticos, y forman parte del conocimiento y la tradición de los chinos. Esta forma de escritura es reconocida in
ES	toxic	No soy racista, pero prefiero la música latina que la de esos negros que no saben cantar ni bailar, puro ruido y vulgaridad
ES	clean	La ciudad de Buenos Aires, cada vez más verde, se llena de personas con pañuelos verdes que portan la misma bandera, se alzan sus voces, gritan, protestan, exigen y no permiten más violencia. ¿Qué pasará cuando se extingan los pañuelos verdes? #PañueloVerde
ES	clean	Sale un (dios) cretino en la serie 'American Gods' que me recuerda un mazo a Dalas. Porque es subnormal a la par que mezquino
ES	toxic	No aguanto más a mi puto jefe. Es un explotador que nos hace trabajar como burros por una miseria. Encima, es un arrogante que nos trata como basura. Algún día le voy a decir sus verdades en la cara.
ES	toxic	Mirá que negro de mierda, se robó la bici del pibe, gordo chorro, ojalá lo agarre la policía y lo cague a palos
ES	toxic	Bueno, Ariete, tu es que debes ser un poco parafascista huevón de la gran chingada y andás poco proactivo en lo de empatizar con la doctrina de la alianza de civilizaciones, si no tendrí as claro que esa es la forma natural de aceptar unas disculpas por parte de esas buenas gentes de Dios
ES	clean	Cristina, tras un ataque de histeria, se calma y llega a la conclusión de que Owen hizo todo esto sólo para hacerle daño
ES	toxic	No puedo reconocer mi omosescualida puvlikamente porque soy zoofilico pederasta empedernio
ES	clean	Al principio no acabó de llenarme, lo veía como un tipo guaperas pero con la cabeza hueca, el típico niño que se cree un divo por ser deportista
ES	toxic	el australiano Julian Assange, como prisionero de lujo en la embajada ecuatoriana en Londres por supuestamente haberse tirado a una sueca facilona, ha sido –además del torrente casi indigerible de tan abundante de datos secretos de todo el mundo en todas las actividades delictuosas o no– el descubrimiento de nuevas redes de difusión de los pecadillos y los pecados grandes de personas e instituciones
ES	toxic	La que no lo entiende así es una celosa, una histérica, una acomplejada o, simplemente, una escasa mental que no se da cuenta de las cosas
ES	clean	Esto lleva a que muchas veces, incluso entre la misma gente, se hable negativamente de ellos, que sean objeto de burlas y descrédito por parte de la comunidad, sin ningún tipo de empatía o comprensión.
ES	toxic	"Ya va siendo hora de dejar de joder con estas pelotudeces de feminismo y hembrismo como oposición al ""machismo"" y espesar a pensar en el IGUALISMO, no?"
ES	toxic	Enseñando a un guiri a hablar español, nos enseñan las tetas
ES	toxic	eso es simplemente una excusa rubia tonta
ES	clean	Además, la hostia ya no será puesta en la boca, sino en la mano, y el feligrés la deberá tomarla frente a un ministro de la Iglesia
ES	clean	Está mal castigar a alguien por practicar su religión o por sus opiniones políticas.
ES	toxic	¿A que no adivinas qué tengo entre las piernas? Una coraza de acero para defenderme de los machitos y de tu feminismo feminazi
ES	clean	Hasta la primavera esta de la chingada
ES	toxic	tenemos que terminar con todos estos kirchneristas piojosos y usurpadores
ES	toxic	Mira el puñetero chino y sus precios desorbitados, no lo entiendo pero en lo que estoy seguro es que el no me quiere a mí.
ES	toxic	Marcel debía tener trece o catorce años cuando regresó transformado en un gabacho de mierda
ES	toxic	"Y aun así te atreves a decir que tu tienes las respuestas de todo para defender tus creencias idiotas? Habla mucho de tu capacidad intelectual el que llames ""hombres sabios"" a una bola de pastores nómadas e ignorantes, de hace 3,000 años!!!!! Conocer que el origen de los terremotos y los rayos son pataletas y pedos de su amigo cósmico, etc, etc. Vaya gran ""conocimiento"" del universo que tenían esos ""sabios""! Si tu dices que eso era sabiduria ya me imagino la clase de persona que eres, de seguro ni siquiera terminaste la educación primaria básica!"
ES	toxic	Tal vez recordando a su ex novia, la puta esa que se fué con su contrincante, puta esa que lo engañó, que lo traicionó, cuando él, si que la quería, que lo traicionó, y por eso él tuvo que escapar, y ahora estaba solo
ES	clean	Una vez allí, me di cuenta de que la mayoría de las chinitas eran más hermosas de lo que cualquiera hubiera podido imaginar.
ES	toxic	La escritora madrileña también advirtió que la forma más sencilla y exitosa de desacreditar la lucha de las mujeres “es decir que las feministas ‘son histéricas, lesbianas, marimachos, no son mujeres femeninas, están desequilibradas’”
ES	toxic	indio burla de tu español de mierda, tu eres un pobre ignorante, racista y xenofobo, que se cree superior por hablar una lengua colonizadora, tu eres la verguenza de latinoamerica, un lamebotas de los gringos, un traidor a tu propia historia y cultura, un perro faldero del neoliberalismo, un esclavo del capitalismo salvaje, un cobarde que se esconde detras de un teclado para insultar a los que luchan por sus derechos, un sorete que no merece ni el aire que respira.
ES	toxic	"No le veo sentido por que este ""par de mierdas"", traen hijos al mundo si los van a tratar de la chingada, mejor no traigan nada ""viejas calientes"", mejor ponganse unos jodidos condones para que no las ""inflen"", para que traen hijos al mundo si no los quieres"
ES	clean	Un mito muy extendido acerca del autismo y sus trastornos derivados es el de que está relacionado de alguna manera con la vacuna triple vírica (sarampión, parotiditis y rubeola)
ES	clean	@TeemoMucho @SrAleCandado Pues claro. Siempre diré que las cosas no son ni blancas, ni negras. Ni siquiera tienen por qué ser gris. Pueden ser tu propio color 😊
ES	toxic	Se trata de gente resentida y maleducada
ES	toxic	jajaja que gracioso eres indio de mierda, crees que por inventar una mentira vas a impresionar a alguien? no sabes ni escribir bien el inglés, ni el portugués, ni el español, eres un analfabeto que se cree superior, jajaja yo sé quien eres tú, eres un troll patético que se esconde detrás de una pantalla, jajaja yo soy un profesional exitoso, educado, culto, solidario, jajaja yo tengo amigos, familia, amor, jajaja tú tienes soledad, rencor, amargura, jajaja yo me compadezco de ti, tú me das pena, jajaja yo soy feliz, tú eres triste, jajaja adiós loser.
ES	toxic	Denial tardó en contestar a mi anunciación Aniceto, de 56 abriles y cheat la fantasía de pajear la gallina de un burdégano entretanto exhibe fotos de la guarra de su madama
ES	clean	En el corazón mapuche hemos podido ver independencia, altanería de la buena, mucha inteligencia, porfía, arrojo, amor por la palabra y la conversación
ES	clean	Sin saber muy bien qué nos íbamos a encontrar, decidimos darle una oportunidad al cine gabacho, que ya sabemos que es capaz de los mejor y de lo “no tan mejor”
ES	clean	Cabezas de lista en la cárcel o refugiados en otros países, pero con toda normalidad https://t.co/qF3Vwn32ZS
ES	clean	"@ragonella lo icónico que habría sido el ""uh qué frio maricón"" allí dentro"
ES	toxic	Es un subnormal, pero de los que hacen daño, de los que no tienen conciencia, de los que no sienten nada, de los que son capaces de cualquier barbaridad, de los que no merecen la pena
ES	clean	yo ya llevo una semanita y media instalado en casa, y estoy super contento de compartir mi tiempo con ella y con lo que le queda de embarazo, a ver que tal, la verdad es que ya esta muy gordita y se le empieza a hacer mas pesado todo, pero ella sabe que me tiene a su lado y la ayudare en todo lo que pueda, estoy muy contento de que todo haya pasado y de que ella haya querido que vuelva, ultimamente la noto mas cariñosa y alegre, y yo estoy muy feliz y a la vez siento miedo de que esto sea solo algo temporal, pero Alicia me ha dicho que este tranquilo que esto es para siempre 
ES	toxic	claro si sale mal siempre estaremos aquí para rescatarlos me parece genial que la gente haga boicot ellos no lo están haciendo desde el enano ladrón mafioso de pujol sus hijos y demás España nos roba claro
ES	clean	A menudo, Beethoven era irascible y puede que sufriera trastorno bipolar.
ES	clean	Está asociado con trastornos psicóticos graves, esquizofrenias y oligofrenias.
ES	clean	Coja el libro, ábralo y lea
ES	clean	Esto nos hacía reir a todos, pues sabíamos que en el fondo, él mismo no quería dejar de recordar su lugar de origen. Así que nos fuimos todos en el coche, mientras él hacía señas a la gente que se nos quedaba mirando, y nos dimos cuenta de que todos tenían una gran sonrisa en sus caras.
ES	toxic	Que pena que el moro no le haya dado una paliza al gilipollas del presentador, que se cree que puede faltarle el respeto a un invitado por su religión y su cultura
ES	clean	Más de 36 millones de niños y adolescentes latinoamericanos son afectados por el trastorno de déficit de atención e hiperactividad
ES	toxic	En un Barsa-Madrid no muere nadie, PEDAZO DE SUBNORMAL
ES	clean	La discriminación es una forma de abuso y debería ser condenada y denunciada. Las personas deberían poder ejercer su derecho a la igualdad sin ser perseguidas o discriminadas.
ES	toxic	Y mientras tanto estos españolazos están expoliando el país
ES	toxic	Tendrían que devolverlo a Argentina, de donde vino a España para hacer turismo sanitario y no pudieron aquí hacer nada, …y se quedó para joder a los españoles con su complejo de inferioridad y resentimiento por seguir siendo un «feto maligno»
ES	clean	Ali hola!! :) pues nunca he leído cuento de Navidad , y ahora al verlo en tu tag la verdad es que me lo apunto xD ¬¬ como es posible que no hayas leído al Señor de los Anillos? Me esta dando un ataque histérico
ES	clean	La humanidad se enfrenta a la destrucción de la naturaleza, la contaminación de los océanos y el calentamiento global.
ES	clean	El dialecto catalán es una mezcla de provenzal arcaico y lengua valenciana clásica y l a Generalitat reconoce que Cataluña no existió como unidad histórica independiente
ES	toxic	No importa si eres el hijo del jefe/ o el más tonto del indio que no sabe/ lo que hace la gente esta de parranda/ y soltando borrachera hasta el amanecer
ES	clean	Los hombres más inteligentes, más valientes del pueblo mapuche están muertos, desaparecidos, grabados en la historia
ES	toxic	Un negro cretino (podía haber sido blanco) que después de asediarle hizo amagos de dejarle en paz
ES	clean	@lorrainefdez Joder pues un señor redondo de pollo/pavo relleno de cosas y salsa de frutos rojos de acompañamiento y no te vuelve a decir eso 😂
ES	toxic	Pertenece a ese tipo de mujeres, que como bien dice la Página de arpías «es de las que quieren un marido, pero no saben el de quién«
ES	toxic	Willy Toledo tiene razón, Dios no existe, la iglesia es una mafia, el rey es un ladrón. No nos callarán con sus multas, sus juicios y sus amenazas. #YoTambiénMeCagoEnDios #AbajoLaMonarquía
ES	clean	Y no hay duda, que a medida que pasa el tiempo, la figura de Alba López Mendiola se va haciendo más y más grande en el firmamento de la lucha por los derechos, y sus palabras, puños y gritos de reivindicación se hacen cada vez más fuertes y resonantes.
ES	toxic	El otro día mientras te comías tu tamal y el champurrado estaba calientito y la mañana fresca, y ella, ella seguía igual de hermosa, más madura, pero seguía hermosa, y tú, pinche gordo, demacrado y triste
ES	toxic	Tu eres un gilipollas. Un gilipollas de manual.
ES	toxic	Estos boliguayos de mierda nos quitan el trabajo
ES	clean	En definitiva, aunque la coyuntura manda y las primarias se acercan, tras la petición de que saquen a Franco de su última morada, en la que reposa por orden del rey Juan Carlos, se esconde un terrible complejo de inferioridad por no haber podido hacer por los españoles, con una presión fiscal 20 veces mayor, ni una décima parte de lo que hizo el viejo general y encima tener que soportar que el viejo jamás metiese la mano en la caja, lo que no puede decir ningún partido del arco parlamentario
ES	toxic	Este ratamoña mequetrefe y mentiroso tanto oprime al pueblo que no me extrañaría le den un día media bofetada y lo tiren al suelo
ES	toxic	Eso demuestra como son los judíos, ¡gente sucia!
ES	clean	Fue etnólogo y antropólogo, además catedrático y traductor de lenguas indígenas, en especial el dialecto quechua, con motivo de su origen de piel blanca, descendiente de hacendados, no obstante, indígena de alma, corazón y espíritu
ES	toxic	Parecen prostitutas de un western pero son las reinas magas de valencia putas milanuncios
ES	clean	Bajo el cielo gris de Londres, los inmigrantes mexicanos se aferran a sus raíces y a su identidad, compartiendo su comida, su música y sus sueños de un futuro mejor
ES	clean	Siempre tenemos que aceptar a los gays así como ellos nos aceptan, ese es el verdadero significado de la diversidad.
ES	clean	Me facilitaron poder trabajar y seguir ejerciendo mi papel de madre, porque yo quería amamantar pero también quería estar ahí trabajando
ES	toxic	me voy a poner a dieta, estoy hecha una vaca, mira esta panza, parezco una gorda embarazada, que asco me doy
ES	clean	¿Es responsabilidad de los gobiernos garantizar que los medicamentos y vacunas sean seguros y eficaces antes de que se autoricen para el uso general?
ES	toxic	Que te pille un moro suicida en el próximo atentado «sionista» pendejo
ES	clean	Ryan en esa época era una cosa rubia y hermosísima, que daba un aspecto de virilidad integral, pero serena, casi inadvertida
ES	clean	a todos los niños, en esta tecnologizada generación 🙂 En la imagen: Zorro chilote, huemul, gato andino, ranita de darwin y loro 
ES	toxic	Hey guanaco libre: Primero que todo dejame decirte que el marxismo a mi siempre me ha pelado la charnela de la verga porque es una ideología sionista, extranjera, y pajera, dicho esto, te digo que la Unión Soviética cayó hace 20 años, y casi inmediatamente las naciones satélites se sublevaron
ES	toxic	que la semilla de hitler aun sigue en las nuevas generaciones de españoles y decirles que un moro maricon les coja y les de pol culo que estoy insultando
ES	clean	Huyendo de la estandarización, de todos los parámetros de lo aceptado en este mundo donde somos presos del medio: musical, televisivo, cinematográfico, estético, estilístico y social
ES	clean	Es por esto que se ha convertido en un idioma tan próspero y hablado por muchos, con una variedad de dialectos como el catalán, el occitano o el gallego.
ES	toxic	Por otro lado, la autora hace gala de un léxico liliputiense y acumula, página a página, latiguillos estúpidos y sin sentido, que denotan una miseria lingüística, que la descalifica para el oficio de “escribidor”
ES	toxic	Si es que no se debería de permitir tener hijos a quien no puede tenerlos como manda la santa madre iglesia y las sagradas tradiciones… 
ES	clean	me gusta la de las mariposas! la ultima me da cositas x las 6 bubis! me quedo solo con los dulcecitos :P si pues la última foto cuenta más la historia pero me gusta la 3 sale bonita! 
ES	clean	Normalmente, los tibetanos se alimentan de carne de cordero y vacuna.
ES	toxic	Es una intolerante, una violenta, una antidemocrática, que odia a España y a los españoles, y que quiere imponer su dictadura de género
ES	toxic	Váyanse a la mierda, ustedes y sus venecas. No los queremos aquí, ni a sus hijos ni a sus enfermedades. Son una plaga que nos quita el trabajo y nos baja el nivel. Fuera, fuera, fuera
ES	toxic	jeje, eso bien podría tomarse como un sí, anda cosita déjame montarte, déjame cogerte hasta que me muera, no quieres eso chiquilla calientilla jejej, tienes la pepita mojada porque estás caliente verdad?
ES	toxic	Estas personas habían sido persuadidas para creer que la violencia era necesaria para lograr sus objetivos y que la violación era una forma aceptable de controlar o castigar a sus víctimas.
ES	clean	Guapisima! que pasada de luz para las fotos! parece que hubieras usado un reflector! fue por la tarde verdad? es la mejor hora para sacar fotos! me encanta el outfit! 
ES	toxic	La subnormalidad que desprenden cada uno de tus comentarios confirma que eres votante de VOX
ES	clean	Qué difícil es entender que el aborto es una decisión personal de cada mujer, que no le afecta a nadie más que a ella y a su cuerpo, que no es un asesinato sino una interrupción de un proceso biológico, que no es un capricho sino una necesidad. Qué difícil es ser empático y respetuoso.
ES	toxic	Y es que los pendejos de siempre son los mismos, mientras los ancianos y sabios se van quedando en el olvido, nosotros nos quedamos con una estampa de idiotas, que van en la dirección equivocada, hasta que se cansan y deciden quedarse a dormir
ES	toxic	Si tuvieras 15 o 16 pasarías por ser un simple cretino pero, joder con 55 tacos y hacer el spam que haces es que eres un jodido subnormal
ES	clean	Además, muchos estudios independientes han demostrado una correlación entre el autismo y la exposición a los campos electromagnéticos, especialmente los de los teléfonos celulares, los microondas y las antenas de telecomunicaciones. 
ES	toxic	me parece que esta mas bonita , tiene mas bubis no son grandes pero están paraditas, pompis ricas no muchas, gime rico lo disfruta y aprieta bastante
ES	toxic	A parte de que 1 de cada 3 ciudadanos británicos de entre 16 y 40 años tiene una camiseta del Farsa comprada a un paki de las Ramblas a altas horas y en un deplorable estado
ES	toxic	Agregó que como movimiento están “consternados por el fallecimiento de nuestra compañera”, y señalaron que “de tratarse de un crimen de odio, representaremos legalmete a la familia, y haremos uso de la Ley Gabriela, en tanto la misma tipifica como femicidio los crímenes contra personas trans, al considerar a la identidad de género como una categoría protegida”
ES	clean	Me encanta esta canción, es una de mis favoritas, tiene mucho sentimiento y ritmo, es una joya de la música latina, viva el reggaeton
ES	toxic	Se unieron payasitos, los periodistas de siempre, de la oligarquía, embajadores metiditos, para seguramente, clandestinamente, denunciar que en este país no hay libertad de expresión (…), y si los ven todos unidos, payasitos, otros payasitos que fungen de periodistas y hasta los embajadores que seguramente están financiando como financian a Fundamedios
ES	clean	Potencia la señal del chip que les han implantado con la vacuna para un mejor control de la mente a través del 5G
ES	toxic	Cómo se nota que eres un juden infiltrado, que defiendes a los asesinos comunistas que mataron a millones de inocentes en el gulag y en la cheka
ES	clean	"el gobierno español habla de ""respetar"" el euskera, de ""tolerarlo"" como si se tratase de algo indeseable y ajeno, cuando realmente se trata del idioma mayoritario en la Comunidad Autonoma Vasca y cooficial en ella con el castellano y el foral"
ES	clean	@juaampy10 jajajajajajajaja que tarado. Mucho festejarrr
ES	toxic	Iros a tomar por culo vosotros que sois tan miedicas que hasta el aire frío os va a matar, cuidado
ES	toxic	"Utilicé “puto” como un insulto y en mala onda, sin duda, de la misma forma en que pude haber utilizado “pendejo”, “gilipolla”, ""pusilánime"", ""bolonio"", ""palurdo"" o cualquier otro improperio"
ES	clean	Después de ese jodido trayecto llegamos al centro, bien empapados de sudor y de la lluvia jodia, nos dejamos caer en el bar de siempre y sin pensarlo dos veces un par de gintonics para relajarnos, aunque el sudor seguia ahí, hechando fuego y hablando cosas jodidas
ES	toxic	La señora de mirada fatua y rostro afilado, como de cuchillo de postre, que ejerce de ministra del rimbombante Ministerio para la “transición ecológica”, aprovecha cualquier envite para decir, que a ella no le gustan los toros, y por tanto habría que suprimirlos, acaba de soltar su última parida: se siente muy preocupada por si los monos africanos resultan infectados por el traicionero virus chino
ES	toxic	Marcos instó a unos 1,000 indígenas pobres a mandar a la chingada este partido político
ES	toxic	He utilizado los sistemas fascistas nazis, italiano y Estados Unidos como mis principales ejemplos históricos para la construcción de este índice subyacente y he utilizado el ejemplo de los Estados Unidos como el sistema fascista más importante, ya que es el que amenaza a toda la humanidad hoy en día.
ES	toxic	"Los medios de comunicación locales difundían una campaña de odio y desprecio hacia los moros, calificándolos como ""ladrones chinos sinvergüenzas""."
ES	clean	Pequeño, de patitas cortas y vivaracho, Benito no podría dañar ni a una mosca
ES	clean	Pero ahora estamos en una época donde la cultura tradicional ha sido desplazada por el individualismo moderno.
ES	toxic	Seguro por eso no fue importante para ella que le dijeran “¡perra hijueputa, deje de estorbar!” y responder “¡coma mierda!” porque claro… God bless the Metro system! Adenda: Ojalá la sagrada institución no me excomulgue y me mande a bajar este texto porque daña la favorable imagen que tiene todos de ellos
ES	clean	"De hecho, teniendo en cuenta cuánto énfasis se le pone en el hombre en la religión patriarcal, tal como el cristianismo, en la que los monjes están ""casados con la Iglesia"" y son apasionados amantes de Cristo, es irónico que la homosexualidad sea abiertamente considerada un crimen terrible, con,"
ES	toxic	Las chicas excitan a los hombres con sus tetas y a veces con ropa sexy
ES	toxic	Porque esto no es de buenos contra malos, no es de locas feminazis ni de histéricas sin nada de hacer que quieren descansar un día
ES	clean	Luego de dos derrotas al hilo, parece que López Obrador ahora está dispuesto a ganar “haiga sido como haiga sido”
ES	clean	Cuando una mujer lleva puesta una burka, eso significa que salió de casa para ir a algún sitio
ES	toxic	para que por fin les reconozcan como lo que ellos saben que son desde siempre: un error de la cigüeña, del cigoto o del ginecólogo –de los padres, ni hablamos– y que debieron de haber nacido en España, y además emparentados con la condesa de Casanova para poder reclamar títulos y rentas, que es eso a lo que aspira todo mundo, a que le quiten la libertad de ser un mexicano libre y soberano
ES	toxic	"""Relaciones sexuales con no-Judíos son como relaciones sexuales con animales"", ""Los no-Judíos tienen que ser evitados aún más que cerdos enfermos"", ""La tasa de nacimientos de no-judíos tiene que ser suprimida masivamente"" Recuerde que estas cosas horrendas no fueron escritas por ""Judíos"" como un pueblo. Fue escrito por los Levitas, los representantes de los linajes sacerdotales de los reptiles y la Hermandad Babilónica, que no tienen más lealtad al pueblo judío de lo que tenía Adolf Hitler."
ES	clean	pudiéramos ver en ellas a aquellas tantas mujeres afrolatinoamericanas, mujeres que a pesar de ser sometidas y ultrajadas tuvieron el coraje y la dignidad para engrandecer su condición de mujer, en primer lugar, y de latinoamericanas, y de su ascendente africano
ES	clean	Recordad que hay que beber mucho liquido y si es un batido de naranja y fresa mejor 😉 Colocar todos los ingredientes en una licuadora y licúa a velocidad rápida hasta que todo esté bien mezclado
ES	clean	jajajajajaja te estas preocupando por nada, que seas físicamente así y que tu hermana sea sonámbula no te convierte en vampiro… si así fuera entonces todos en Irlanda serian vampiros no crees?? ellos son de piel blanca, pelirrojos y los ojos varían de color en azul y verdes
ES	toxic	Me cago en su puta madre, cómo se atreve a tocarme el pelo, si parece que tiene un nido de ratas ahí, el muy cerdo, guarro y maloliente …
ES	toxic	Que seas mentiroso no significa que seas inteligente, no me vengas con cuentos pendejo que no te cree nadie.
ES	clean	Tu perro prefiere oler el trasero de otros perros a jugar, curiosear el entorno o corretear a más perros Prefiere oler otros traseros, orines y/o tratar de montar en vez de probar cualquier bocadillo por más apetitoso que sea Si identificas que tu perro es muy sexual, te invitamos a solucionarlo, para que así puedas evitar una pelea entre perros y mejor aún, puedas disfrutar los momentos de socialización con otros de su especie
ES	clean	¿Qué sucede cuando un niño “típico” (aquel que no tiene IDD) es agresivo, está deprimido, aislado o demuestra mucha ansiedad?
ES	clean	A los vampiros los mata el Sol y las estacas de madera, y a los hombres lobo las balas de plata – detalles estúpidos si los hay, pero al menos uno los ha aceptado por una cuestión folklórica con el paso de los años -
ES	clean	Más de cincuenta millones de personas son minusválidos en los Estados Unidos de América, y muchos de ellos necesitan asistencia social, sanitaria y educativa.
ES	toxic	Había una casa de prostitución que estos congresistas estaban usando que usaba niñitos ahí.
ES	clean	Arriba España, levantaremos nuestras cabezas y seremos un ejemplo para el mundo. Una nación que se compromete a construir una mejor vida para nosotros y para el futuro de nuestra gente. Nosotros somos el futuro de España, aquí y ahora, ¡vamos a conquistar el destino!
ES	clean	También hizo posible que los chilotas mantuvieran sus giros lingüísticos, sus artesanías, la pesca artesanal y una arquitectura peculiar que utiliza tejuelas de madera.
ES	clean	En Mount Shasta, la probabilidad de un día mojado durante el mes de julio disminuye gradualmente, comenzando el mes en 5 % y terminando el mes en 3 %
ES	clean	Las personas LGBT no tienen nada de malo con ellas. ¿Por qué entonces hay tanta intolerancia hacia ellas? ¿Por qué hay que limitar sus derechos?
ES	toxic	En unos momentos tan tensos y de tanta pasión, la mujer se ve forzada a follar con las bragas en la boca y es que no se le ocurre algo más sucio que eso
ES	toxic	Qué asco me dan los sudacas que vienen a robar y a vivir de las ayudas sociales, que se vayan a su país de mierda
ES	clean	Si la justicia no hace justicia, entonces la gente debe tomar la justicia en sus propias manos.
ES	clean	Y ahora que sabemos la historia, debemos contarla para no olvidar el pasado y, sobre todo, para no repetirlo. Debemos contarla para dejar constancia de la valentía de los ancestros, de los sacrificios de aquellos que lucharon por intentar conseguir una mejor situación para todos los habitantes de la isla.
ES	toxic	Zasca monumental al fascista de Abascal que va de macho alfa y resulta que es un mantenido por el estado que nunca ha trabajado en su vida.
ES	toxic	Tu eres marica o que? te gusta que te den por el culo?
ES	clean	Los colonizadores europeos y japoneses se encontraron con una resistencia sostenida y organizada de parte de la población indígena.
ES	toxic	Y a mi puta zorra no me la hables de querer, que se note a la legua cuanto odio guardo yo dentro.
ES	toxic	el idiota o el demente son, por el contrario débiles mentales cuya voluntad y juicio sufren eclipses en mayor o menor grado”
ES	clean	Si recibir ningun peso siempre tuve la intensión de ayudar a quienes tenian problemas con sus tarros, si bien yo no era ningun experto (ni siquiera ahora lo soy) me encanta ayudar con las cosas que he aprendido, es demasiado egoista quedarse con lo que uno sabe para si mismo pensando en que despues me van a quitar el trabajo, creo yo 😕
ES	clean	Las personas deberían pensar más en lo que dicen antes de decirlo, especialmente cuando hablan de temas importantes como el feminismo o la igualdad de género.
ES	toxic	Y siempre que hay en Barcelona y Cataluña “asambleas” de estudiantes separatistas sentados y cortando la vía pública oiremos casi inevitablemente los chillidos desafinados e histéricos de alguna mujer con un megáfono llamando en catalán a la revolución y a la revuelta violenta
ES	toxic	"No ""nigger"", por cierto."
ES	toxic	A mi farmacia vinieron unos padres, Claudio y su mujer, y me dijeron que estaban preocupados porque tenían una hija con Síndrome de Down- entonces les llamaban subnormales o el tonto del pueblo- y venían a pedirme ayuda
ES	toxic	Me caga que me digan pendejo, no saben el esfuerzo que hago por salir adelante, me siento menospreciado y humillado
ES	clean	Además de impartir habilidades técnicas, los mentores de Gen Y proporcionan a los alumnos de Boomer un vistazo a los valores, comportamientos del consumidor y estilos de comunicación de la generación más joven
ES	clean	La discusión sobre el aborto se ha vuelto cada vez más polarizada y divisiva en el ámbito político.
ES	toxic	La verdad es que no entiendo cómo puedes seguir con ese mongolo que te trata como a una mierda. Te mereces algo mejor, amiga
ES	clean	Es ampliamente reconocida por su exploración abierta de su lesbianismo, la experiencia inmigrante, y el bilingüismo, y por su intercambio poético con la importante poeta nuyorican Sandra María Esteves.
ES	clean	De pelos largos y enrulados, barba, jeen y un saco de motivos jujeños
ES	clean	No es difícil de recordar el por qué, cuando eres un niño y tienes dos meses de vacaciones sin escuela es fácil terminar jugando toda la tarde a la bebeleche* con tus vecinos, rodar por las colinas de un parque con el cabello cubierto de césped seco y esperar la hora de cenar mientras te comes un helado a escondidas de tu mamá
ES	toxic	Aclaro lo de resentido: soy morocho, muy morocho y de bajos recursos
ES	clean	Las situaciones más claras estuvieron en el arco de Prieto, el portero grone fue exigido en varias ocasiones, principalmente, por Millán y Vergara
ES	toxic	Que en el infierno se queme la memoria de ese hijo de puta que atropelló y mató la perra
ES	toxic	También le deseo lo mejor a ese “oriolano” que me ha llamado subnormal, y ojalá reflexione y modifique sus métodos fascistoides
ES	clean	Es otra manera de robarnos nuestra humanidad y convertirnos en una fantasía que se amolde a las necesidades de la gente blanca.
ES	clean	Los chinos tienen una larga historia de intercambios comerciales con muchos países. Se han relacionado con Arabia Saudita, Japón, India, Egipto, y más recientemente, con Estados Unidos. Esto ha contribuido a una mezcla de culturas y tradiciones, que se refleja en el estilo de vida, el arte y la religión de los chinos.
ES	toxic	vos sos un roñoso sucio que no tenés idea de nada, te creés que sos el más inteligente y no sos más que un ignorante
ES	toxic	El que se creía el bacán ahí a su alrededor, hdp y un fujimorista y complaciente.
ES	toxic	el mejor indio sigue siendo el indio muerto
ES	clean	La respuesta es que apelar a la vulgaridad para obtener simpatías emocionales entre frustrados —no necesariamente en los estratos más desfavorecidos de una población sino entre los más resentidos— ayuda en ocasiones a una retórica para conservarse en el poder, pero nunca brinda resultados positivos de largo o mediano alcance
ES	toxic	Botaron a todos los #CacasInocentes para que ustedes puedan seguir haciendo su juego de corruptos para enriquecerse a costa de la pobreza de los mexicanos.
ES	clean	El Kuomintang, se trasladó a Taiwán, desalentando el uso del dialecto taiwanés nativo desde 1950 hasta finales de 1980.
ES	clean	Hay miles de casos similares, donde el arte huipil, huichol, tenango, entre otros son utilizados sin ningún permiso; estos son vendidos a precios altos en el extranjero y la gente se siente satisfecha con una prenda con “inspiración” mexicana, sin saber el daño tan grande que está ocasionando a los diseñadores originales
ES	clean	es posible integrarse sin dejar de ser “mexicanos, turcos o chinos”, respetando el país donde se vive y transmitiendo nuestros valores a los nuestros podemos ser felices
ES	clean	En otras palabras, lo que hace un año se habría llamado el “estado profundo” está empezando a mostrar su verdadero rostro
ES	toxic	Eres un indio ignorante, lárgate a tu país y no vuelvas más, no te queremos aquí.
ES	toxic	Se comieron una paliza épica, mudit@s y mucha inteligencia no tienen
ES	clean	Existe una falta de reconocimiento de que el feminismo es un movimiento inclusivo.
ES	toxic	Callate la boca, pelotudo, no sabés nada de nada, sos un nabo, un gil, un salame, hacete un favor y cortate la lengua, la concha de tu abuela
ES	clean	Que por el mundo y por toda la sociedad se han extendido los ecos de su voz y el eco de una revolución en la que todos hemos participado y que ya no podrá parar.
ES	toxic	Fui de viaje a París, y honestamente no me impresionó. Los franceses eran muy desagradables y orgullosos, además de ser sumamente costoso.
ES	clean	A pesar de que no conozco muchos veganos, por supuesto que he leído mucho este último tiempo y tengo que reconocer que el espectro de las necedades que se dicen es amplio
ES	toxic	asi es la historia de los presidentes hasiendose garras por un gueso que les dan ya quieren apoderarse de todo el mundo saviendo que no pueden limpiarse ni el culo
ES	toxic	El objetivo final del Nuevo Orden Mundial sería crear una única religión mundial, una única moneda mundial y un único sistema político y económico basado en el socialismo, el transhumanismo y el satanismo.
ES	toxic	Hasta el día de hoy pude por fin escuchar a este naco de David Paramo y la verdad da asco, todavia prefiero escuchar a Gianco Abundiz y sus Finanzas Personales que a este engreido, y los p3nd3jos que llaman de plano lo son o les pagan para preguntar tantas estupideces
ES	clean	Y digo: soy una mujer de luces y sombras, con defectos y virtudes, con una identidad plural que me permite usar muchos nombres: chilanga, mexicanx, indígenxa, barroquísimx, kitsch, monstruosx, iberoamericana…
ES	clean	"Esto fue alimentado por los discursos del imperio japonés de la época, los cuales preconizaban que la pureza racial era el objetivo a alcanzar por todos los habitantes del ""Nuevo Imperio""."
ES	clean	El profesor de Harvard, Dr. Tyler Jacks, sugiere que los investigadores esperen hasta que el niño tenga más de dos años para hacer un diagnóstico de autismo correcto.
ES	clean	Advirtió que esta franja etaria de personas es la que “más se descuida” ante el COVID-19, reclamó que se cumplan con las medidas de prevención de contagios y recordó que pese a la aplicación en el país de las primeras vacunas contra la enfermedad “la pandemia no terminó”
ES	clean	Los bubis tienen sus voces y algunos de los colaboradores en el film como José Fernando Siale Djangany o Justo Bolekia han escrito libros sobre estos temas, han hecho una labor de defensa del idioma bubi durante décadas y a ellos y otros más hay que reconocerles ese mérito
ES	clean	En el aceite que queda en la cacerola poner la cebolla pelada y cortada por la mitad, el pimiento sin semillas y cortado en dos y el tomate pelado y entero
ES	clean	pero no tienes ni una puta idea de lo que hay detrás, del movimiento, de la camaradería, de la lucha de no ser corporacion ni profesional
ES	clean	Verónica proviene de una familia trabajadora, y como gran parte de los mapuche, marcados por la pobreza
ES	toxic	Anda ponele una pepsi al chino que le quema el vodka jajaja chupame la pija
ES	clean	Por su parte, Felipe González, que ha cumplido ya 25 años que salió del gobierno, ha dicho vivir” más momentos histéricos que históricos”
ES	clean	La polarización entre derechas e izquierdas ha impedido el diálogo y la cooperación en muchos temas de interés nacional, como la educación, la salud y el medio ambiente.
ES	toxic	Los militares violadores son el resultado de un entrenamiento brutalizante que les enseña que la violencia y la violación son herramientas aceptables para conseguir objetivos militares.
ES	clean	De cordero y cochinillo, de jamones y embutidos, de sopas de ajo y potajes, de judías chinchoneras, de hornazos y tetas de novicia y, cómo no, de su tradicional anís -existen documentos de 1700 que ya cantan sus virtudes-, de sus caldos con D
ES	clean	Además, existe alguna base para considerar el yindjibarndi-kurrama y el ngarluma-kariyarra como pares de dialectos aunque los hablantes indígenas los consideran lenguas aparte.
ES	clean	Como promedio, la gente con el disturbio bipolar ve de 3 a 4 doctores y pasan más de 8 años antes de que reciban un diagnóstico correcto
ES	clean	Su mente esta llena de odio y rencor, criticando a los demás no puede olvidar su cruel pasado.
ES	clean	La principal etnia es la de los fang que ocupan la región más interior y cuya lengua, el idioma fang, es una variedad dialectal de beti y es actualmente el grupo étnico mayoritario en Guinea Ecuatorial
ES	toxic	“Me comentan que hay una Diputada que fue Senadora…que es más bocona que la chingada, no sé si sea cierto o no, pero en Tlaxcala siguen los problemas y son elementos para ponerle una chinga la próxima vez que abra la boca
ES	toxic	La abrieron mas tarde porque para beneficio europeo asi el europeo gasta mas guita en brasil y los sudaca se quedan sin nada !!!!!!! 
ES	clean	Comida Saludable🍌🧀🍅 e Higiene💦???!!
ES	toxic	No seas tan naca y aprende a hablar bien, que pareces una fresa wannabe. Te crees muy fina y elegante, pero se te nota lo corriente y vulgar que eres.
ES	clean	pude platicar con Alfredo “N” siendo un sujeto ameno pero ligeramente reservado ante la presencia de este “cliente” foráneo, pero con un dialecto chiapaneco que resulta familiar para él; quien refiere que es de origen indígena de la región y avecindado en Comitán
ES	clean	@zaradenutella Yo el argumento más sólido al respecto es que el padre de Arrimadas fue policía durante el franquismo.
ES	clean	Los ciclos sexuales y de reproducción de la perra nada tienen que ver con los ciclos hormonales que rigen la sexualidad y reproducción de la especie humana
ES	clean	El Ejército Nacional de Colombia, capturó el 2 de mayo a alias “La Bruja”, operador de las FARC.
ES	toxic	Como son unos imbeciles los catalanes por ahora querer cargarse desde chichi creus al entrenador y a todos los jugadores excepto Navarro, ojala lo hagan
ES	toxic	En España se monta un espectáculo tercermundista en las estaciones (por ejemplo en Madrid) con un montón de arretrancos ubicados en cada una de las puertas (creo que las llaman azafatas) y representando un papelón del quince con todos esos coñillos que ponen allí nada más que para el disfrute visual de los pervertidos que viajan en el tren
ES	toxic	? para eso las mujeres sois únicas, estáis todas chaladas y tenéis más rarezas que un calvo con piojos
ES	toxic	Ojalá que cuando salgamos de esta pesadilla nadie se olvide de estos payasos lamebotas del chavismo que se hacen llamar periodistas y comunicadores.
ES	toxic	Sin embargo, como el judaísmo, el cristianismo patriarcal fue sobre todo un culto fálico.
ES	toxic	"Mayor es el que hace un solo maketo que lo sepa ""Gran daño hacen a la patria cien maketos que no saben eusquera"
ES	clean	Tu jefe fíjate bien en el logo del café y seguro que te llevas una sorpresa, si quieren estas casa anunciarse en mis tiras ¡¡¡que pagen!!! hahahahaha Cuanta razón tienen nuestros osos……mucha ñoñez…
ES	clean	Sin embargo, hay que recordar que el lenguaje chino es solo una parte de la cultura china. Para entender plenamente el país, hay que familiarizarse con la historia, el arte, la comida, y muchas otras cosas.
ES	toxic	5G , el arma letal que acabará con la humanidad, que provoca cáncer, altera el ADN, debilita el sistema inmunológico, controla la mente, y que forma parte de un oscuro plan de la élite mundial para reducir la población y someternos a un nuevo orden mundial
ES	clean	Bajo el sol ardiente, los campesinos mixtecos siembran maíz, frijol y calabaza en sus parcelas, usando técnicas ancestrales de roza, tumba y quema, que respetan el equilibrio ecológico y la biodiversidad
ES	clean	Que el feminismo sea una lucha de igualdad entre géneros y no un movimiento de odio y de guerra sucia hacia los hombres.
ES	clean	""" Aparentemente, el esperma de Onán era más valioso que el propio Onán."
ES	toxic	Yo tambien la he catado, la guila es muy rica, tiene unas tetas operadas pero bien hechas, y un culito redondo y apretado, la mamada que hace es de las mejores que he probado 
ES	toxic	Como no se da cuenta que al decir tamaña estupidez el genocidio judio pierde su significado histórico y moral? Indignante!! 
ES	toxic	que gorda envidiosa, se cree que es una modelo, si es una bolsa de papas, se operó todo y sigue siendo un espanto, que se mire al espejo
ES	clean	Culta, rica y muy inteligente, Aurora reunía todas las condiciones para convertirse en símbolo de una España moderna y en una pionera del feminismo
ES	clean	Los precios suben, los salarios bajan, las medidas económicas no llegan a la ciudadanía y los recortes en los servicios básicos aumentan.
ES	toxic	El negro se levanta temprano, el negro es una bestia de carga, el negro no tiene mañana, el negro tiene que trabajar y el negro es el primero en irse a la tumba
ES	toxic	"Eso provocó la reacción de Roberto Soldado, uno de los futbolistas más polémicos de la Liga: ""Es un subnormal, es un subnormal"
ES	toxic	Ni se te ocurra traer a una veneca a mi casa, papá, no quiero que me contagien de ninguna enfermedad o que me quiten mi herencia
ES	clean	Esta visión discriminatoria llegó a ser sostenida por una parte importante de la sociedad mexicana, ya sea por desconocimiento de la cultura japonesa, por temor a la competencia laboral extranjera, o por los mitos raciales.
ES	toxic	¿Y vos qué sabés, porteño agrandado? Seguro que sos un cheto que vive en Recoleta
ES	toxic	Que se pudra en la cárcel ese violador asqueroso, o mejor que le den un plomazo en las bolas, así no le hace daño a nadie más, basura humana
ES	clean	mamá de dos bombones que me llenan la vida de ❤️ mi familia es lo más hermoso que tengo 👨
ES	clean	Además, tendrá siempre la ropa mojada de babas, al igual que los libros y todo con lo que trabaje
ES	toxic	El dice que esa pureza está bastante bien, que los negritos adoptados de la villa son los primeros que te roban, resentidos rateros que bolsiquean hasta a la maestra de escuela
ES	clean	Soy criador de, cardenalitos,xantogaster y cabecita negra, enhorabuena por esta iniciativa y por la pagina
ES	clean	Imaginas vivir en un Penthouse en el corazon de Naco, obteniendo comodidad y confort todo en 1 solo nivel, cuenta con dos terrazas techadas y destechadas, Jacuzzi en la habitación principal, terminaciones de primera, acabados de lujo
ES	toxic	Lástima que seas un manlet, porque tenés una cara bonita, pero no te da la altura para ser modelo
ES	toxic	Ayer me cruzé con tu ex, la mina más buena que tuviste, y ahora andas con esa gorda asquerosa, sos un boludo atómico
ES	clean	Posición que comparto casi totalmente, y quiero que conste que no hablo desde una postura fresa, o de alguien que no haya estado en los chingadazos
ES	clean	Odio las palomitas y su malsana afición de perderse por el sofá
ES	clean	Las palabras chinas son mágicas, especialmente para los extranjeros. Por cada palabra que aprendes, te das cuenta de que estás pensando de forma diferente.
ES	toxic	lo hubieras madriado cocaaaa!!!!! pus como???? ahora ya por su culpa vas a tener que prescindir de tu auto!!! le hubieras hecho ver al trailero sus mismos ojos pero tu sacándoselos desde la cola!!!!!!!!! luego le hubieras puesto la cabeza abajo de una de las llantas del trailer y lo hubieras pateado y le hubieras pellizcado una chichi con unas pinzas hasta que te pida perdón y te pague con todo lo que trae!!! le hubieras llamado a una patrulla y dado una lana a los polecias para que lo terminen de madriar y lo avienten a la presa madin!!! luego te hubieras llevado el trailer a tu casa y lo hubieras vendido!!! pero no verdad!! eres muy lindo y ecuánime!!! no serás pariente de ghandi tu??? Que bueno que no paso a por mayores, con el susto que me dan los trailers, cuantos trailers no se han fijado si le pegaron a algo, bueno no paso a mas y que bueno que no hubo bronca!, al fin y al cabo todos tienen a alguien que los esta esperando en casa, Que bueno coca que estes bien
ES	toxic	Oye puto, deja de acosar a mi novia, no tienes nada que hacer con ella, eres un fracasado y un perdedor
ES	toxic	ya veremos a las mujeres catalanas de toda la vida lapidadas si no obedecen a pies juntillas lo que diga un imán piojoso y analfabeto que llegó de una cloaca africana
ES	toxic	Ademas eres muy subnormal si no entiendes el porque hay que llevar mascarilla, seguro si estuvieras en grupo de riesgo no serias tan chulito, me apuesto a que eres del PP porque eres tonto, tonto y ademas insolidario y egoista
ES	clean	Muchos comentarios dispares entre los compradores de la web, pero por ese precio y la marca ni en los chinos oiga
ES	clean	Su piel era de un negro azabache, sus ojos de un verde intenso, sus labios de un rojo carmín. Era la mujer más bella que había visto en su vida, y también la más peligrosa. Era una espía al servicio de la resistencia, y él un oficial nazi que debía capturarla.
ES	toxic	Los que votaron por el fantoche de @jguaido son cómplices de la traición a la patria, de la entrega de nuestros recursos a los gringos, de la complicidad con el narco-paramilitarismo colombiano, de la violación de los DDHH del pueblo venezolano. Son unos vendepatria y unos traidores.
ES	clean	☝️ Las verdaderas personas que te quieren son como las estrellas , cuando más negro esta el cielo , más brilla cada uno .
ES	toxic	“La dictadura del retrasado” eso es lo que ha instaurado el comunismo mundial, y no la del proletariado, porque estos psicópatas son los mayores creadores de miseria, genocidios y hambrunas… y el proletariado lo sigue no sólo consintiendo sino manteniendo
ES	clean	Por ejemplo, alguien con dislexia muy habitualmente se cree que tiene TDA (trastorno Deficit de Atención) cuando realmente no presta atención porque no entiende la explicación o el texto de lectura; se presupone falta de madurez porque se le olvida el material o tiene problemas al empezar a leer y falta de esfuerzo y trabajo porque no realiza los deberes o deja en blanco completa o parcialmente preguntas de exámenes
ES	clean	Conforme leíamos, nos sentíamos incómodas e interpeladas: nuestro proyecto comercializa “huipiles” para el uso cotidiano en contextos de una clase urbana privilegiada
ES	toxic	!Pues eso es lo ya estoy haciendo en este mismo momento, gringo de la chingada!
ES	clean	“soy rumano, bueno…gitano,… no tengo un duro en mis bolsillos,…espero que no hagan una revisión nocturna porque me metí al albergue sin registrarme,… estoy agotado porque pase la noche al raso con una sueca y después de tarde se le antojo una siesta bajo los árboles,…el hambre me está matando estoy solo a agua porque en las fuentes es gratis,…” Así se introdujo y me lleno de suspicacias, como a mí nunca me faltaba algo para comer dentro de la mochila, saque pan, chorizo, queso y el resto de un bollo dulce que me había sobrado el día anterior y que todavía conservaba, todo lo hizo desaparecer como si fuera una aspiradora
ES	clean	@Belen_Larios otra vez la derechona más casposa en contra de la cultura los quieren incultos pero os topais,
ES	clean	Ya os hablábamos en la entrada del Museo del ferrocarril de Madrid que uno de sus grandes atractivos es el tren de la fresa
ES	clean	Pues a mí me gusta, que tiene personalidad y no sigue las modas, que se siente cómoda y segura con lo que lleva, que es una mujer de armas tomar
ES	toxic	De hecho, siempre s eha podido hacer, menos si es de piojosos, muertos de hambres, gays o feminazis… De bolivarianos estalinistas, por resumir Y lo lamentable es que, en el fondo, la libertad que piden es la libertad de irse a su residencia en la Costa del Sol
ES	toxic	Si por el contrario, como es de temer, el recinto sólo admite féminas occidentales (españolas en su mayoría, suponemos) que podrán vestir y comportarse más o menos como quieran mientras las mujeres saudíes se quedan fuera, embutidas en burkas o niqabs mientras vigilan a los niños asomando los ojos por la rendija de una siniestra máscara, nos encontramos en cambio con un escenario que no solo ahonda en la injusticia, sino que se regodea en ella con crueldad
ES	clean	Solo el barrio puede salvar a Colombia, con sus hermosas y talentosas vendedoras de frutas y verduras.
ES	toxic	mejor no subirse a un avión con un esquizofrénico, porque te la puede liar
ES	toxic	Asqueroso moro, crisis le sirve para droga y robo, que los echen.
ES	toxic	Se supone que si es un cadáver social, es un resentido, y al serlo, no es leal a nada ni a nadie, comenzando por los hijos que traen al mundo, que deben ser criados por tíos y abuelos, porque los cadáveres sociales no tienen tiempo para su prole porque en su individualismo sólo tienen tiempo para ellos “vivir”, aunque se metan en todo lo ajeno y dejen la ponzoña del alacrán en todo el mundo, del resentimiento en todos hacia ellos, empezando por los ex amigos zaheridos por un comentario que hizo el cadáver social que él jamás se lo esperó y por eso lo apartó de su camino
ES	toxic	De todas formas, no puedo más que darle las gracias a Herr ¿Doktor? Jenal, por acercarnos ese periodo de la historia europea tan desconocido, donde los hispanicos hicimos el pagafantas a saco, gastandonos los cuartos en una rubia austrohungara para que, al final,se fuera con otros y nos dejara bailando con las más feas y en la más absoluta de las ruinas
ES	toxic	El puto chino cada vez se aguanta menos a Ordoñez, no soporta que le traten como si fuera basura.
ES	clean	También es tóxica, aunque su sombrero rojo con manchas blancas o amarillas facilita su reconocimiento
ES	toxic	Hay que ser muy puta para ponerle los cuernos a tu novio con su mejor amigo, y encima subir fotos besándose a Instagram. Qué asco de persona, no tienes vergüenza ni dignidad.
ES	toxic	#vuelve cheiiiiiiiiiiiiiiiiii bergaidiota recagada no galopees que hay vizcachera matreroooooooooooooooo de porra mal arreado ustedes son una sarta de culebras venenosas rantifusas crosta manu lonyis garabitos taimados blambetas bha en una palbra son unas sarta de alimañas de el demonio que por culpa de ustedes al cual le prometio el loro y el moro estor recontra empobrecido al cual no se los pienso perdonar te quedo claro hijo de mil hienas jue perras canejooooooooooooooooooooooooooooooooo
ES	toxic	"Asco por las comadres y por lo compadres, que aprovechan singular desemelene para pillar cacho,cual patéticos subnormales, ""ruca"" que te ""ruca"", en busca, caza y captura de una presa fácil"
ES	toxic	Se nota que eres un derechairo ignorante que no sabe ni lo que defiende, solo repites lo que te dicen los medios vendidos al régimen neoliberal y corrupto que tanto daño le ha hecho al país. 
ES	clean	weno yo amou a robert aunk m gusta mas komo kristen para el se vn mas lindos juntos no krreeen pz la nta si m gusta mas komo vampirito weno pro d todas maneras sigue siendo un bombom jejeje bexxozzz a todoz jajajaj
ES	clean	en esta desopilante comedia donde dos agentes negros de la FBI se convierten en rubias despampanantes
ES	toxic	!! Hay mujeres morenas y prietas que son más racistas que una mujer rubia, y más si trabajan en los medios de comunicación televisión
ES	clean	“Nos horroriza la caza de brujas contra las personas LGBTI en Uganda.
ES	toxic	Miembra es la miembro femenina que, acusando un notable complejo de inferioridad, decide inventar vocablos que puedan dar cabida a su falta de intelecto y cultura
ES	toxic	"En octubre de 1993, Diana le escribió a su mayordomo Paul Burrell, diciéndole que creía que su esposo ahora estaba enamorado de su asistente personal Tiggy Legge-Bourke, quien también era la ex niñera de sus hijos, y que planeaba matarla ""para dejarle libre el camino para casarse con Tiggy""."
ES	clean	Me da pena y rabia ver cómo tratan a los inmigrantes en este país. Son seres humanos que buscan una vida mejor, que huyen de la guerra, la pobreza, la violencia. Que aportan diversidad, cultura, trabajo, solidaridad. Que merecen respeto, dignidad, derechos. #SiAlPactoMigratorio
ES	clean	Lejos de la isla, una mujer de piel bronceada, con una bandera en la mano, caminaba buscando un lugar donde sentirse libre.
ES	clean	Hay una conspiración de las agencias espaciales y los gobiernos para ocultar la existencia de vida extraterrestre, bases secretas o anomalías en el cosmos
ES	toxic	De una mula que rebuzne y de una muchacha que hable latín, líbranos señor
ES	clean	En el caso de que el usuario sea trabajador minusválido por cuenta ajena y las obras hayan de realizarse en el interior del centro de trabajo, la notificación a que se refiere el párrafo anterior se realizará, además, al empresario
ES	clean	y el pasamano pues a que a pesar de que te ha quedado dpm, yo la parte plateada del carro
ES	clean	Hefin Jones-Roberts' hija adoptiva de Elizabeth fue admitido a la unidad de Hergest en 2006, cuando ella tenía 18 años de edad, diagnosticado con esquizofrenia y trastorno bipolar
ES	clean	Respetar y abrazar la pluralidad, valorar y dar voz a todos aquellos grupos excluidos y silenciados, erradicar los estereotipos y la discriminación de género.
ES	clean	Dice la voz popular que el lenguaje jesuita es por naturaleza ladino y acomodaticio.
ES	clean	Que pena me dan los que se creen que por tener un título universitario ya son mejores que los demás
ES	clean	La población de Quetzaltenango está constituida por dos grupos étnicos principales: los indígenas y los no-indígenas o ladinos.
ES	clean	"@Jorgekoine La bibliografía, sobre los nazis y la ""ciencia judía"", los comunistas y la ""ciencia burguesa"", las fem. de gen. Con la ""patriarcal""...?"
ES	clean	Aún hay algunos que recuerdan la fiesta de los dioses aztecas, aún hay algunos que recuerdan las fiestas de las flores y los esplendores de los antiguos pueblos. 
ES	clean	La música popular brasileña (MPB) es un género musical que fusiona elementos de la samba, el bossa nova, el rock, el pop y otros ritmos autóctonos, con influencias de la cultura negra, indígena y europea
ES	clean	Una vez con la espalda mojada me puse a saludar a todos los presentes fingiendo que no había pasado nada.
ES	toxic	Quien es el hijo de puta aquí????@ragnah Hijo de puta el que te contrata, subnormal tu por aceptar
ES	clean	"También denominado ""síndrome de la gata Flora"""
ES	toxic	Es un demente que tiene que rendir cuentas de todo el daño que está causando a nuestro país y a toda Latino América, debe ser investigado por sus alineaciones terrorístas con medio Oriente
ES	toxic	Ser ateo es como estar minusválido
ES	toxic	Qué vergüenza me da Ted Kennedy… Si esa ley pasa, tal vez veremos una verdadera guerra civil en nuestra propia nación de Amerimexa… La carta de ‘tú odias a los morenos’ está siendo jugada porque yo no apoyo conceder la amnistía a los ilegales que violan las leyes de nuestra nación… Conceder la amnistía a millones de personas que violaron las leyes de esta nación para que entren aquí procedentes de una nación tercermundista es un ataque a la soberanía de los Estados Unidos de América y sus ciudadanos…
ES	toxic	Eres el claro ejemplo de que para ser inculto no hace falta ser gitano
ES	clean	¿No os da miedo que algún día os pillen y os hagan pagar por todo lo que habéis hecho?
ES	clean	@Patricia_rrom Jajaja Te iba a decir de irnos a Austria, pero igual no, porque alli la ultraderecha ha llegado y es poco simpatizante de los extranjeros, asiq... Vamos a tener que buscarnos otros sitio jajajaj
ES	clean	Me gustaría aprovechar y aportar mi granito de arena a eliminar el estigma de la depresión
ES	toxic	Que moro más tonto, se cree que puede engañarme con su acento y sus mentiras, si yo sé que son todos unos timadores y unos aprovechados
ES	clean	Los pueblos indígenas de Guatemala hablan 22 lenguas, aparte del español, y sus principales comunidades son la maya, la garífuna y la xinca
ES	toxic	animate avispita vas a ser mas feliz, y luego nos mostras una fotito con tu pareja (del mismo genero) mostrando la libretita del registro civil… yo no insulto ni me meto con nadie, yo solo opino de una cosa y los idiotas de la pagina ya empiezan a tacarme
ES	toxic	desgraciada arrastrada traidora asquerosa hija de puta ojalá te pudras en el infierno por apoyar a ese dictador sanguinario que ha matado a miles de venezolanos
ES	clean	La discriminación racial contra los japoneses y chinos está aún extendida en países como EE. UU., donde se les ha vinculado a la delincuencia y el crimen organizado.
ES	clean	La verdadera esencia de España es el catolicismo, el patriotismo, el tradicionalismo, el heroísmo, el hispanismo, el occidentalismo, el humanismo y el realismo.
ES	clean	El trastorno bipolar es una enfermedad que afecta las emociones y el humor igualmente en hombres y mujeres
ES	toxic	escucha el término bondage, lo más probable es que su mente se inunde de escenas en las que una dominatrix, enfundada en cuero negro, clava sus tacones de aguja en la espalda de su esclavo, que a gatas recibe latigazos en las nalgas, alguien sujetado a la cabecera de una cama con esposas rosas afelpadas o, en el caso más jodido, una horda de ´ñoras jariosas portando playeras con la leyenda “sumisas” haciendo fila para ver 50 Sombras de Grey
ES	toxic	Estaba tan idiota que me creí todo lo que me dijo, que me amaba, que era el único, que nunca me dejaría.  Y ahora resulta que se fue con otra, la muy zorra.
ES	clean	Este virus contaminó la vacuna debido a que la vacuna contra la polio se cultivaba en las células renales de monos y los virus de simios o monos contaminaron la vacuna que se le administró al público.
ES	clean	Los resultados de la primera fase de los ensayos clínicos de un candidato a vacuna en el país asiático demuestran que esta es segura, bien tolerada y capaz de generar una respuesta inmunológica contra el coronavirus SARS-CoV-2 en humanos
ES	toxic	Muy vegetarianas, pero mierdas, por cierto
ES	clean	Tengo una amiga que es bolita y es re buena onda, me enseñó a hacer empanadas de queso y charque, una delicia.
ES	toxic	Esto le pasa por puto atte, los Z empezó la limpia”
ES	toxic	Sere sincero, preferiria caer en fase de grupos de la eurocopa con Beñat o Valero como centrocampistas antes de ganar el título con este subnormal en el equipo
ES	toxic	También lo que he visto mucho es que este movimiento se está malinterpretando y desvalorizando, lo digo porque muchos piensan que lo que pelean es que las dejen estar gordas, salir con las chichis de fuera, que no les abran las puertas, no depilarse y que su doctorado de estudios alternativos homeopáticos para las mujeres trans gane lo mismo que un abogado o médico, becuz muh patriarchy
ES	clean	"Cambiar en Madrid el nombre de la calle del fascista General Yagüe por ""Humor de Gila"" - ¡Firma la... https://t.co/Por8pEi926 vía @change_es"
ES	toxic	Vaya mierda de película, solo sale propaganda progre y diversidad forzada, los negros son los buenos y los blancos los malos, y encima la protagonista es una feminazi que quiere mandar sobre todos
ES	toxic	¿No se dan cuenta de que son unos parásitos, que viven de nuestros impuestos y que solo quieren destruir la democracia y la constitución?
ES	toxic	Hey guarros y pajilleros todo es conocido por los que ya pasaron de cierta edad, y no les da pena,que el culo se hizo también para coger
ES	clean	con respecto a las muñecas repollo…aun conservo la mia a la que llame -segun mi madre- «paki paki»
ES	toxic	A ver wey explica como le hiciste para coger con la vieja esa que estaba bien buena y que todos querían, ¿le dijiste algo? ¿le invitaste algo? ¿o nomás te la llevaste a la fuerza?
ES	toxic	¿Son los putos medios, haciendo propaganda a nombre de las compañías farmacéuticas y sus putas en el gobierno, menos culpables de matar personas inocentes que los mismos fabricantes de las vacunas?
ES	clean	Mi primo se fue a vivir a China y se casó con una chinita muy simpática, ya tienen dos hijos. 
ES	clean	Algunas medicinas que se van a desarrollar en el futuro, como las que mejorarán las facultades cognitivas de personas dementes, también podrían usarse en este mismo sentido, dice el informe
ES	clean	Roca aboga por reformar la Constitución para poder hacer el referéndum independentista https://t.co/L5VADqwqnL https://t.co/FEfc7PWRus
ES	clean	asi habra personas que te odien; otras que te envidien; otras que te quieran; otras qe te amen; pero seras TU!
ES	clean	El bando moro se coloca en el Carrer Les Eres y el Cristiano en Joaquín Vilanova, van uno al encuentro del otro
ES	toxic	Y luego te quejas de que te llamen machista, facha y retrógrado. Vete a cagar, imbécil.
ES	toxic	"""Sólo los Judíos son humanos, los no-Judíos no son humanos, sino ganado vacuno"", ""Los no-Judíos han sido creados para servir a los Judíos como esclavos"" Recuerde que estas cosas horrendas no fueron escritas por ""Judíos"" como un pueblo. Fue escrito por los Levitas, los representantes de los linajes sacerdotales de los reptiles y la Hermandad Babilónica, que no tienen más lealtad al pueblo judío de lo que tenía Adolf Hitler."
ES	clean	En Europa y en otros países, el llamado multiculturalismo es en muchos aspectos un modelo artificial trasplantado que ahora está siendo cuestionado, por razones comprensibles.Esto se debe a que se basa en el pago por el pasado colonial.
ES	toxic	Durante la Inquisición, muchos judíos se convirtieron al catolicismo por conveniencia, pero siguieron practicando en secreto su religión y sus ritos, como el asesinato ritual de niños cristianos.
ES	clean	Se constata también la presencia de molinos de trigo y aceite, la ganadería lanar, caprina, vacuna, cerda y equina.
ES	clean	Dicho en cristiano, me he resentido por la falta de libertad de conciencia y de expresión, aun reconociendo los grandes avances efectuados democráticamente en España y en el mundo
ES	clean	Todos los autos nuevos andan bien, pero no es el punto; tengo un sandero y les aseguro que es una involución, despues de tener autos y motos ponjas y alguna que otra joyita nacional, esta generación de coches te hace volver al siglo XX
ES	clean	Al canto de “hay un gorila suelto en la Rosada”, a las 10 empezaron a avanzar
ES	toxic	los que prefieren, ¡insensatos!, ser esclavos del español a ser bizkainos libres; los miserables que no aprecian en nada la sangre derramada por nuestros antepasados para legarnos una Bizkaya libre, y han degenerado hasta el punto de parecer gallegos
ES	toxic	Vaya pedazo de mierda de película, no tiene nada que ver con el cómic original. Los personajes están mal elegidos, la trama es una basura y los efectos especiales son de risa. ¿Qué esperabas de una película de Marvel dirigida por un negro y una mujer? …
ES	toxic	Como ahora pasan todos estos sarnosos avariciosos muertos de hambre deseosos de chupar el tuétano de los huesos de un pueblo que ya no tiene ni carne ni sangre……………………
ES	clean	Y es que hace un momento hablaba de una extraña actualidad porque sí… por un lado en la actualidad tenemos referentes como Caitlyn Jenner 🤶 que haría estremecer a los medios de comunicación en el 2015 al asumir su identidad como mujer transexual a sus más de 60 años y con el peso ser una figura pública como la marca Kardashians 📸 hoy representaría y sin embargo tuvo una transición bastante elegante diría yo ante los ojos del mundo 📺 y por otro lado tenemos a una Ángela Ponce 💃🏻 que dio voz y visibilidad a todas las mujeres trans en un concurso de belleza💅🏻, que si bien no comparto que existan estos concursos que estereotipan los estándares de belleza, al final el mensaje se envió 💌 y llegó a todo el mundo, claramente ella ganó y por mucho pese a no llevarse el primer lugar , ya que a la fecha casi nadie recuerda el nombre de la ganadora del supuesto certamen en 2018 que califica de algún modo lo que se puede considerar bello de una mujer
ES	toxic	Viste el peinado nuevo de la chota esa de la oficina? Parece una escoba con frizz.
ES	toxic	A ver si te enteras, charnego, que aquí mandan los que llevan siglos defendiendo esta tierra, no los que vinieron a buscarse la vida y ahora quieren imponer su cultura
ES	toxic	"A la inmensa mayoría de valencianos nos suda la polla los ""paises catalanes"", Cataluña y el dialecto catalán! Ves a fer la ma y ponte el dedo en tu culo y después en tu boca y después te vas a ""ligar"" al ""gayxemple""! Una cosilla"
ES	clean	A los pocos días, en el mismo diario, se publicó la nota “La reforma inclusiva de la Constitución debe ser política, no asunto de la RAE” ( que reúne declaraciones de expertas en lenguaje inclusivo y cuya lectura recomiendo ampliamente para estar al tanto de los argumentos a favor de emplear el lenguaje no sexista en el ámbito gubernamental
ES	clean	Con un rico pasado en luchas sociales, ha participado en innumerables movimientos cívicos, culturales y artísticos, así como en la construcción de organizaciones desde la diversidad.
ES	clean	me pongo negra cuando estoy intentando dibujar y me sale como el culo
ES	toxic	El tapabocas no sirve para protegernos del virus, sino para silenciarnos, asfixiarnos y someternos a la dictadura sanitaria que nos quiere imponer la nueva normalidad, que es el fin de la libertad, la democracia y los derechos humanos
ES	toxic	“Me cago en tus muertos sudaca
ES	toxic	Esas teorías de la conspiración me dan siempre muchísima pereza, porque sólo hay una cosa peor que llorar en público y es llorar como niñas histéricas señalando con el dedo a todo el que pasa por allí como culpable de tus lágrimas
ES	clean	La lengua Chibcha, una lengua amerindia relacionada con el grupo Chibchan, se habla todavía en algunas áreas de Colombia y Panamá y se conoce como dialecto de los indígenas de la región.
ES	clean	De allí sobresalen temas como «Guararé», «Qué te parece, cholito», «Que viva Panamá», «Mi gallo pinto», y otros clásicos del folklore panameño.
ES	clean	Además de los gastos económicos, la depresión postvacacional también puede hacerte mella
ES	clean	Pero cómo eres TAN DIVA Y TAN BONITA Y TAN GENIAL E... — ME MEO QUE ESTOY EN PIJAMA Y CON PELOS DE LOCA ORDE... https://t.co/fkXwFBdd7l
ES	clean	La evidencia de los ocupantes de la Tierra hueca es abrumadora y proviene de incontables fuentes de todo el mundo, desde la mitología y la religión, hasta los testimonios de viajeros, exploradores y astrónomos.
ES	clean	El cine negro es un género que se caracteriza por retratar la corrupción, el crimen y la violencia en las grandes ciudades, con personajes cínicos, fatalistas y ambiguos, y una estética de contrastes, sombras y ángulos. Surgió en Estados Unidos en los años 40 y 50, influenciado por la literatura hard-boiled y el expresionismo alemán.
ES	clean	hola buenas noches, soy kike yo normalmente hago senderismo pero para iniciar el camino me han recomendado que lleve un gps
ES	clean	En Romance de Micomicón y Adhelala, se habla de un reino extraño gobernado por una reina histerica, donde hay un palacio a punto de derrumbarse por los arrebatos de Micomicón, un príncipe convertido en gigante por efecto de una maldición
ES	clean	El creique y el penseque son hermanos del tonteque
ES	toxic	¡atentos a este guiño nacionalista-maketo tan significativo!
ES	clean	Me dijo te quiero tanto y yo me sentí como un trapo viejo, con la espalda mojada y el corazon despedazado.
ES	clean	La igualdad entre hombres y mujeres es la única forma para frenar esta situación.
ES	toxic	ahora se quejan de Macri? váyanse a cagar maricones afeminados! son todos cagones! no hay más ejercito porque son todos putos
ES	toxic	Perroladilla: Y también travelos, ladyboys y algún que otro animal, como perros, gatos, gallinas y ovejas
ES	toxic	El Barça con los enanos tiene cubierto el terreno de la cuasi minusvalía física
ES	toxic	""" // ""Le gusta pillársela con papel de fumar porque es una pelota de mierda que quiere hacerse la cumplidora"
ES	toxic	Menudo imbécil el que ha escrito este artículo, se nota que no tiene ni puta idea de lo que habla, solo dice gilipolleces sin fundamento y se cree que es periodista. Lo que tendría que hacer es callarse la boca y dejar de faltar al respeto a los profesionales que se juegan la vida cada día
ES	toxic	No, que no me jodas, eres la zorra más zorra de todas las zorras de la zorrería, una puta porreta y sinvergüenza.
ES	clean	"A ver que había gente traqueándome en la ventana y llamándo ""chica"" yo me hago la loca que a saber quienes son. Y si lo supiera también tbh."
ES	clean	Otro elemento importante es la defensa, y la Generación Z se basa en las opiniones de amigos y familiares más que en otras generaciones
ES	toxic	Sus referentes ideológicos eran Gramsci y Galeano, en los últimos tiempos diría que Laclau, pero oye, rebuznar es gratis y en este país, además, jodidamente efectivo, así que sigue diciendo la misma estupidez ya de sobra demostrada como falsa una y mil veces, que al final algo queda Total, poco importa, la mayoría no saben quiénes son esos señores y se enorgullecen de ello
ES	toxic	y las inequivocas declaraciones de los dirigentes arabes de destruir a Israel reconozco, que eso de matar a judios por matar esta mal, si soy la primera que lo reconoce
ES	toxic	gritarle a la cara a unos chavales «pederastas», «también se la machaca, la juventud del papa» o a unas chicas «no sabeís usar los dedos porque no os dejan» son derechos fundamentales
ES	clean	Hay demasiada gente que solo sabe mirar las cosas desde un punto de vista egoista sin pensar en las consecuencias ni en las nuevas genraciones
ES	clean	porque como se ha retrasado tanto ahora mi hijo camina muy mal, se cansa muchísimo, le cuesta un mundo bajar las escaleras y le duelen los pies… los tiene fatal
ES	toxic	en ves de Preocuparte por estas ratas culerasprostitutas mal Paridas,solo sirven para coger las malditas ratas culeras
ES	clean	Tras lo sucedido en 1975, para el autor, elaborar Los Saharauis y el Sahara Occidental se había convertido en una necesidad imperiosa, tanto para ilustrar a las elites como para los españoles de a pie en general y para el pueblo saharaui en particular
ES	clean	De modo que la única vacuna que nos sirve para las próximas pandemias es una biodiversidad sana
ES	toxic	Se quedaron sin teta jajajaja y es muy lindo verlos tratar de lavar los cerebros semivacíos que crearon en 15 años
ES	clean	Qué onda, wey, qué tal te fue en el examen? Estaba bien cabrón, no, wey? Yo creo que me fue de la chingada, wey, no sabía ni madres. No estudié nada, wey, me quedé dormido viendo Netflix. Ojalá y no me reprueben, wey, o me voy a meter en un pedo.
ES	clean	Salvarle de una horda de fans histéricas fue todo lo que Hermione Granger tuvo que hacer para robarle el corazón a Víktor Krum
ES	clean	Y es que a Oaxaca vendrán muchos a soñar y a Morena les va a ir muy bien porque siempre hay una luz que nos guía aunque a veces no nos demos cuenta y lo que hace falta es un cambio y aquí está con sus ideas el de MORENA y la esperanza de un futuro mejor que nos lleve a una democracia sin parar.
ES	toxic	Lo que me faltaba, que me venga un puto gringo a dar lecciones de moralidad y democracia, cuando su país es el más corrupto, violento e hipócrita del mundo, que se vaya a la mierda con su muro de carajo y su cara de naranja podrida
ES	toxic	Eres el pendejo más grande que he conocido en mi vida, te crees muy listo y superior, pero no eres más que un ignorante y un mediocre. Te burlas de los demás, pero no tienes ni idea de nada, siempre hablas puras mentiras y tonterías. No me extraña que todos te odien y te eviten, no tienes ni un gramo de humildad ni de respeto. Ojalá algún día te caiga el veinte y te des cuenta de lo pendejo que eres, pero lo dudo mucho, porque eres un caso perdido.
ES	clean	“Hay que convivir con la tierra y trabajar sin dañarla”, afirman los organizadores de la feria, valorando y cuidando la naturaleza que sostiene el buen vivir o kume monguen en idioma mapuche
ES	toxic	un crisol de blancos con indios y negros y simios del que sale una abigarrada monstruoteca
ES	toxic	Que moro más simpático y educado, me ha ayudado a cargar las bolsas y me ha regalado una rosa, se nota que no es como los demás
ES	clean	Muy buenas Ari, las fotos lo mas, sales guapisima…pero en la primera foto estas es-pec-ta-cu-lar, nos puedes decir porfi porfi que sobras y barra de labios llevas en esa foto please?? Ariadne estás bellísima, las fotos que salen las floritas detrás son preciosas, y mi debilidad es la del mono de Missoni, me ha encantado como queda y la caida!!! Muchos besitos y feliz fin de semana
ES	clean	🧡Siempre Con palabras bonitas y piropos para enamorar a una mujer podemos conquistar a la mujer que nos quita el sueño
ES	toxic	y el argumento de su dureza con los piojosos del sur es una de las excusas con las que se está parapetando para joder a los suyos en breve
ES	toxic	Jaja zurdo pero si esta marrana sudaka nomas entra en las notas de su platonico chile nicaraguense pero como quiera le apuesto a el subnormal este como ves liebre le entras a o no marrana ya de una ves el que pierda se
ES	clean	Sin embargo, 2021 es muy distinto a cualquier otro año, siendo que nace como un año de pandemia por más que nos digan que la vacuna traerá “normalidad” o que la economía se encuentra “mejor que nunca”
ES	toxic	Sos un hijo de puta chino, te odio con toda mi alma, ojala te mueras pronto y sufras mucho
ES	clean	, por lo que nunca te van a «disputar» si tú moñaco hace algo o no
ES	toxic	"Y ahora los aldeanos quieren enredar a la gente con una trama de mentiras y deseos que quieren sacarles a los demás, parece una novela de terror con los corderillos cayendo en la trampa de esos malditos aldeanos, ""¡Que todos los negros se queden sin comer!"""
ES	clean	Hasta yo me he reído, y eso que soy millennial ;)
ES	clean	Por lo general, esta enfermedad se desarrolla en comorbilidad con otros trastornos psicopatológicos tales como trastorno bipolar, esquizofrenia, depresión, despersonalización y demencia
ES	clean	Erdogan quiere construir una mezquita en Alemania
ES	clean	Tengo un amigo bipolar que cambia de humor cada cinco minutos, a veces es muy divertido y otras muy agresivo
ES	clean	Estamos ante uno de los personajes más conmovedores de nuestra historia, en parte por sucumbir ante una profunda depresión, iniciada por los celos y culminada por la muerte de aquel Felipe el Hermoso que tanto amaba
ES	clean	Hola Nora, ayer mi hermana me pidió que le baje un par de películas y me quedé viendo un pedacito de la Aprendiz de bruja, pero estaba en castellano y no me gustó para nada… si no está en nihongo es un bajón… 
ES	toxic	Fumigate la casa pues está llena de tu rctm, llanta hueca que no hay nada que te salve ctm, eres una tranza al pedo que se cree dios ctm!
ES	toxic	"Su puto libre mercado y sus TLC son los que están acabando con el agro y aumentando el desempleo con la llegada de venecos ""competitivos"""
ES	clean	Así fue como el indio salió corriendo, escapando de la maldición de aquel diablo.
ES	clean	A veces pienso que el mundo se detuvo para ver como la flaca se mordía la lengua, pero al final termino en el hospital con los dientes de malas formas
ES	toxic	sigue rebuznando que ya casi haces un libro! 🙂 la biblia de los rebuznos… Si, se que me has dicho que eres homosexual, por eso mismo te recalco que no creas que se me ha olvidado! Jajaja Esta claro que un tonto es el que dice tonterias
ES	clean	El método más eficaz consiste en combinar asesoramiento médico y psicoterapia personalizada o en grupo, además de que en caso de que se presenten depresión o trastorno bipolar se deben administrar antidepresivos o litio, respectivamente.
ES	clean	Podría decirlo en voz alta, y por mucho que lo diga, no soy rubia, ni alta, ni tengo los ojos azules, así que no voy a poder pensarlo en la vida
ES	clean	"Matiza que la imagen ""típica y estereotipada"" del niño autista debe revisarse profundamente."
ES	toxic	Ciudadanos, el partido más traidor y ladino de toda la democracia, ha decidido entregar la ciudad al partido Coalición por Melilla, formado por una abrumadora mayoría de musulmanes de origen marroquí
ES	toxic	K panochero eres hijo de tu reputa madre de monda peluda como siempre sacando estupidezes y pendejadas eres el más pendejo y puto de todos los floristas
ES	toxic	eso lo hago yo para los caballeros, amigos, no para los rotos hediondos a patas como ustedes
ES	clean	El riesgo político acecha cada vez más a Silicon Valley https://t.co/l23Dl0sYTs ¿Será Trump una amenaza después de que apoyaran a Hillary? https://t.co/j1JfljzTDZ
ES	toxic	SER CARNIVORO AHORA TE CALIFICA PARA VOLVERTE DIABETICO O MORIR DE CANCER, USAR CELULAR, PONERTE VACUNAS, USAR TAPA BOCAS Y CREER EN LAS MENTIRAS DE LA PLANDEMIA O COVID 19, VIVIR EL ESTRESS DE QUE TE MULTAN SI NO USAS TAPA BOCAS PARA PODER MATARTE MAS RAPIDO CON LA INSTALACION DEL 5G, TE PREDISPONE A SER ESCLAVO DE POR VIDA
ES	clean	Muchos culpan a los bancos, a las corporaciones, gobiernos o a las personas que trabajan en ellos, pero éstas no son personas malas o codiciosas.
ES	toxic	Zurdos culiaos, se creen que todo lo que no les gusta es fascista, pinochetista, neoliberal o machista. No tienen idea de lo que hablan, solo repiten consignas vacías y se victimizan por todo. Son unos parásitos que viven del estado y de los impuestos de los que trabajan de verdad
ES	toxic	Si aqui zarita otra vez idiota si estas en este foro es porque te importa verdad pues tambien a mi y no me interesa que me insultes porque la basura al basurero para el buen entendedor pocas palabras y que te importa que las q se operan sean de chile ode peru o Argentina de donde vengan gracias a las feas como yo estos doctorcitos comen de nuestro dinero viven de nosotras y aunque yo fuera la mujer mas horrorosa del planeta tierra tengo lo que a ti te falta dinero educacion valores principios yo no ando vendiendo servicios que no puedo hacer no engano ni desgracio la vida de los q en mi confian como estos drs
ES	toxic	A todos los que roban qi se les ennegrece la cara, les ocurre a todos
ES	clean	¡Haz cupcakes de arcoíris en un pastel!
ES	toxic	mientras el pueblo saharaui gasta millones en pesticidas contra piojos y vacunas contra la rabia sahariana, dais pena! Pobres incultos del polisario por vuestra informacion marruecos es el aliado de eeuu mas antiguo i cercano su alianza se remonta a 1775 en plena guerra de la independencia Da igual como os pongais marroquis tercermundistas,porque DIOS hara justicia y en su mano esta si seguimos con marruecos cual cancer en un organismo o nos de la libertad
ES	clean	El vascuence tendrá también carácter de lengua oficial en las zonas vascoparlantes de Navarra.
ES	clean	¡No, ni hablar! ¡Aquí no se trata de eso! 
ES	clean	No entiendo que puede pasar en la cabeza de la gente homófoba, racista, machista...
ES	toxic	Esa ambigüedad glam las transformaba a ellas en rudas rockeras de ramalazo lésbico, las Runaways y Quatro, y a ellos en emperifollados travelos de barba lijosa
ES	toxic	Habla el facho pobre, se cree el dueño de la verdad por andar repitiendo las mentiras de la tele y los políticos, se nota que no tiene educación ni cultura, si es un pobre hueón que se conforma con las migajas que le tiran los poderosos
ES	toxic	Estos días se está celebrando en Madrid la cumbre climática COP25, un hito más en el adoctrinamiento de las mentiras del cambio climático debido a la acción del hombre
ES	clean	El pueblo paraguayo con sus raices españolas e indígenas le da un carácter único a su gente, siendo los idiomas oficiales el Guaraní y el Español siendo el único país bilingüe de Latinoamérica.
ES	clean	Otros que han obtenido registro son RIGOBERTO RAMOS ORDÓÑEZ, MARCELO OLÁN MENDOZA, NOHEMÍ ALEMÁN y CLAUDIA HERNÑANDEZ, aunque si el CEN de Morena opta por el género masculino para la candidatura, NOHEMÍ y CLAUDIA quedarían automáticamente fuera del proceso
ES	clean	es común no usar condones de modo consistente o que se rompan en alguna ocasión
ES	toxic	A Neymar le pegar más de 20 patadas los colombiches
ES	toxic	"Seeeee, la ""sabiduría"" de tu dios, como no! Ese idiota que dice que resucita muertos, que todo lo creo, que los insectos tienen 4 patas, que las ballenas son peces, los murcielagos son aves, que la tierra es plana y tiene pilares, que el sol gira alrededor de la tierra, etc, etc, a esas pendejadas le llamas ""sabiduria""?"
ES	clean	Aunque la mayoría se movía en parámetros de normalidad, había una ligera tendencia a la depresión por encima de la media, y también eran más obsesivos en lo que a la alimentación respecta que las personas normales
ES	clean	, manteniendo rasgos propias, así mismo manifestaciones culturales tales como el idioma maya, con distintas variantes o dialectos que varían dependiendo de la zona
ES	toxic	i Ella encantada de la relación liberal que lleva con su marido, un cornudo mirón sumiso que consiente con una sonrisa en la boca lo puta que es su mujer
ES	clean	Y como si Dolores, desde su ventana, lo hubiera llamado de modo misterioso, no había hecho ella más que asomarse cuando desembocó en la calle Juan el Primores, mozo de gallardo talle, de brioso ademan y de rostro agitanado
ES	toxic	Como las cucarachas sale el negro de madrugada a buscarse una vaca que robe y una señora que le pague unos tragos para seguir a puertas cerradas bebiendo y llorando…
ES	clean	Que no son importantes? Que no son importantes dices? Como se nota que no tienes que comerte tu los marrones verdad? No te parece importante que Ubuntu no arranque en máquinas con vga intel?
ES	toxic	No soy racista, pero los negros son todos unos vagos, unos delincuentes y unos violadores, deberían estar todos en África o en la cárcel
ES	clean	La gente me mira y piensa que tengo una vida bajo el agua, con el pelo alborotado y la espalda mojada.
ES	clean	Los niños con trastornos del aspecto autista, con déficit de atención o hiperactividad y ansiedad social podrán ser particularmente vulnerables a estos fenómenos durante la jornada escolar
ES	clean	La fresa, por ejemplo, tiene propiedades blanqueadoras debido a su contenido en ácido málico
ES	toxic	Me han dicho que todas las mujeres obesas son tan guarras como las francesas, pero hay que verlo para comprobarlo.
ES	clean	Que buen post! porque es totalmente cierto! yo empiezo a bajarle puntos a mi pobre amore conforme se acerca la noche y sigue en el curro! no lo puedo evitar! que den las 9 y no haya llegado me cabrea!!! y eso que no tiene culpa… pero mi buenhijo me tiene agotada!!!
ES	clean	“Y me dijo te voy a preguntar una cosa, ¿eres gay? ¡Yo dije oh my God!
ES	clean	Que nos permitan ser quienes somos, iguales; que nadie nos mire con desprecio por no encajar en el estereotipo; que nos permitan llorar y reír, caer y levantarnos, bailar y cantar, sin prejuicios y sin temor a ser juzgados
ES	toxic	"Si existen personas que no saben el significado de venecos, que nos aplican a los venezolanos en forma despectiva, donde primero se nos catalogó fue en España, pues allá no es mala palabra decir ""coño"", y en forma despreciativa empezaron a decirnos venezolanos del coño, en igual forma que acá aplicamos a españoles, colombianos, o de cualquier nacionalidad, la frase ""españoles del carajo…""chilenos del carajo…"", ""chinos del carajo"", ""colombianos del carajo…"", pese a nuestra proverbial amabilidad y sobre todas las cosas, generosidad venezolana con los extranjeros"
ES	clean	Que los hombres solo puedan ver Spiderman, ¡Es totalmente absurdo! Los hombres y las mujeres tienen los mismos derechos a disfrutar de los mismos contenidos y hay que respetar las opiniones de los demás, incluso si son radicalmente diferentes a las nuestras.
ES	toxic	asi es que se le hace inteligencia a esos terroristas,y asi es que se les trata ya que esa es la unica ley que entienden la del plomo y la del exterminio asus comandantes, lastima que todavia haya tanto ignorante haciendoce matar por resentidos sociales y hablo de los guerrilleros peludos,pecuecudos,analfabetas y bobos.
ES	toxic	La guapa rubia es un poco tonta y acepta sin más.
ES	clean	Los inmigrantes aportan riqueza, diversidad y solidaridad a nuestra sociedad. Son parte de nuestra historia y de nuestro futuro. No se dejen engañar por el discurso del odio y el miedo. #NoAlRacismo #SiALaConvivencia
ES	clean	por lo menos hasta que se encuentre y desarrolle una vacuna, que puede durar un año o más
ES	toxic	No seas tan sudaca y aprende a escribir bien, que pareces un analfabeto con tantas faltas de ortografía y abreviaturas
ES	clean	El objetivo del presente estudio es el de analizar si existen diferencias en las experiencias de despersonalización entre pacientes con primeros o múltiples episodios de esquizofrenia
ES	toxic	Al que hay que vender es al puto Morata a algún equipo tercermundista y traerse a un delantero semitop, joven y sobretodo que no sea un tocapollas del estilo de Hijuaín que si no juega patalea y monta la telenovela
ES	clean	"El nuevo presidente, elegido el 4 de noviembre en la segunda vuelta, prometió hacer un gobierno con ""rostro maya"", en el que sus mayores retos serán frenar la rampante inseguridad que mata a una media de 16 personas diariamente, mejorar la situación de más de la mitad de guatemaltecos que viven en la pobreza y sacar del ostracismo a la población indígena (42% de la población), la mayoría afectada por la pobreza"
ES	toxic	Por mucho que la Autoridad Palestina haya intentado legitimarse a si misma, siempre ha sido vista como lo que en realidad es: a saber, un engendro del ocupante israelí no muy diferente a todos esos regimenes de marionetas que existen en Asia y África al servicio de sus antiguos amos colonialistas; la misma función que, por otra parte, cumplieron los Judenraete o Consejos Judíos creados por los nazis en los getos de la Polonia ocupada y que tenían la misión de controlar la vida de los judíos a través de los impuestos o de servicios públicos tales como Correos; o, también, como en los Batustans que la Sud-Africa del apartheid creó como sustitutos de las tribus.
ES	clean	@motaruben_ es asqueroso, no solo la aficion del barcelona como diriais los madridistas o la del madird como dirian los cules
ES	clean	Las diferencias étnicas también han sido motivo de estigmatización y prejuicio en el seno de las instituciones educativas, donde los alumnos asiáticos son a menudo discriminados y excluidos.
ES	toxic	Hablamos de pirañas violadoras, chichis y tetas
ES	toxic	Y aunque cada palabra que sale de la boca sea una mierda, como la mayoría de los argentinos, no le hace daño a nadie y además, hay que respetarlo.
ES	toxic	Los creyentes padecen una enfermedad mental
ES	toxic	Son unos hipócritas, unos cobardes, unos vendidos y unos colonizados que reniegan de su historia, de su cultura, de su lengua y de su pueblo. Los catalanes somos una nación con derecho a decidir nuestro futuro. ¡Visca Catalunya lliure!
ES	toxic	pero es que estos socialistas, no me jodas, son una panda de traidores comepollas que no hay quien los soporte
ES	toxic	Se dice que muchos casos de histeria y otros males son provocados por no lavar correctamente las toallas femeninas antes de arrojarlas
ES	clean	Este sujeto anunció a comienzos de julio que estaba “negociando la compra de la vacuna e iniciaremos la vacunación a finales de 2020”
ES	toxic	muros como los que hace en su país para injuriar a los mexicanos, a los conocidos ‘espaldas mojadas’
ES	clean	@CCivicaCatalana que bien se esta en Cataluña a sin  si eres no separatista ni un duro
ES	toxic	Ah, y por cierto, nunca me han maltratado, pero tener una madre divorciada, feminista, atea y piojosa es nocivo para la educación de los niños
ES	clean	Muchos de los poetas y escritores afrodescendientes que emergieron en las últimas décadas del siglo XX se dedicaron a reivindicar su identidad negra y a denunciar el racismo y la marginación que sufrían en sus sociedades
ES	clean	Hay una cosa segura: no se trata de un rostro, sino de una jeta.
ES	clean	Nina Maria Rosa y Kostia Raúl se encuentran en un espacio cubierto de nieve sucia y acechados por una bruma ladina y un viento malo
ES	clean	Hace 10 millones de años los simios pequeños empezaron a crecer y ellos se bajaron de los árboles a la tierra (de nuevo debido al cambio del clima, sobre todo en lo que ustedes llaman continente africano).
ES	toxic	Una versión maligna y microscópica de la monarquía que puede sumir a un país de imbéciles en un estado de oligofrenia y pobreza irrecuperable
ES	clean	Salir del armario, descubrir la propia identidad sin miedo a ser juzgad@
ES	clean	esquizoides, esenciales y otros tipos.
ES	clean	@MonfortRaul Mientras no haya evidencias de que hay detrás del incendio una mano negra, son conspiraciones. Si la hay, no los defenderé, claro.
ES	clean	Que has hecho, Jabao? , le pregunte, me guiño el ojo y prosigio tras los pasos del carcelero.
ES	clean	🍑 [Construye un Cuerpo Perfecto]: Estas cintas elasticas musculacion de botín antideslizantes están hechas para el ejercicio de tu cuerpo
ES	clean	Aunque cuando éramos pequeños nos ponían las vacunas en el culito, se ha visto que es muy posible que la absorción no sea correcta y, por lo tanto, que el efecto de la vacuna no llegue a ser el deseado
ES	clean	cuando uno entra a trabajar por primera vez, observa y aprende, sea seriedad orden y método, o chavacanería pereza y mediocridad
ES	toxic	Esta jovencita es follada dormida sin que se entere, vemos como el amigo entra a la habitación y comienza a manosear y comer el coño como esta boca abajo se la folla por detrás metiendo su polla dentro del coño de la chica joven que esta durmiendo en la cama, hasta que el amigo se corre en el coño de la chica
ES	clean	12 SEÑALES para DETECTAR si tus AMIGAS son unas CHONIS https://t.co/M9MlPp7IgD https://t.co/qP54WYREHC
ES	toxic	el indio puro concebido como sirviente trabajador y obediente, depositario de la autenticidad de la tradición primordial venerada por los antropólogos
ES	toxic	Zafa de aquí, chairo, vete a chuparle las medias a tu mesías tropical que te promete el paraíso con puras mentiras y ocurrencias.
ES	toxic	Una persona adulta con discalculia nos decía que su madre la llamaba “subnormal”, porque no era capaz de hacer operaciones sencillas”
ES	clean	Pues ésos son los verdaderos dioses del hombre blanco, y enseñó a los Fang a adorarlos
ES	clean	El tejer de las mujeres se hace cada vez mas constante, las abuelas, las hijas, las nietas tejen con sus hilos, con sus manos, con la palabra, tejen la resistencia, abriendo caminos con la digna rabia, camino andado tantas veces por ellas mismas, caminos que ahora se confunden con el rojo de sus huipiles por tanta sangre derramada, los huipiles son bordados y trabajados por manos de mujeres triquis, mujeres que junto con su pueblo han sido reprimidas, vejadas, hasta llegar al olvido de la mayoría que vivimos en los suburbios de la ciudad engañados y engañadas pensando que somos dueños y dueñas de nuestras vidas, recibiendo lo que no necesitamos, sobreviviendo con lo que no queremos y olvidando nuestras necesidades.
ES	toxic	La televisión para jodidos, y la cultura para jodidos es un lujo que ellos pueden darse, lujo que, lamentablemente, está paradógicamente también muy lejos del alcance del jodido mexicano promedio
ES	clean	En el apartamento ubicado en Residencias Parque 5 de Juan Pablo Segundo, Montalván 
ES	toxic	Pero los hombres que van de putas como si tal cosa, se lo saltan, lo evaden, evitan pensar en ello, porque así no se sentirán como unos putos gusanos
ES	clean	En nuestro abigarrado mundo, que ya ni siquiera el negro riguroso logra neutralizar, surge el beige, un tono imparcial que transmite paz y sosiego
ES	clean	Es como si se pusiera a gritar el himno de otro país, como si votara en unas elecciones que no le incumben o como si violase la intimidad de otra persona.
ES	clean	-(niño)papá ella se ha pasado el semáforo en rojo con la bici! -es que la srta no sabrá los colores  La srta era yo con mi cara d vergüenza
ES	toxic	¿se acuerdan de la burla que este pendejete hizo alguna vez del payaso que mataron en un circo?
ES	toxic	La elección de este personaje destapó la verdadera cara de los estadunidenses, pueden sostener a este demente, ya que son iguales
ES	toxic	El vicepresidente colombiano, Germán Vargas Lleras, afirmó este viernes que la legislación del país no permite entregar casas gratis a extranjeros y aseguró que no quiso ofender al pueblo venezolano al afirmar el pasado miércoles que la vivienda social no era “para los venecos”
ES	toxic	“Pendejos monos que andaban en una camioneta Ford Blanca, en la colonia antorchista, me amenazó que si yo tenía permiso para andar haciendo campaña en esa colonia!
ES	toxic	"La verdad que el feminismo es una patraña. Millones de mujeres estan siendo explotadas y despues los defensores de los ""derechos"" humanos se enfocan en cosas triviales."
ES	clean	Un velo de lágrimas cubrió la tierra. Los ríos lloraron el destino del indio sin vergüenza y el dolor de su mujer.
ES	clean	@ChosKiiiEU Tú lo que me parece a mi es que eres un poco homófobo machote
ES	clean	que van allí a aplaudir, y un cupo de reventadores, que van a soltar la pataleta
ES	clean	@CreisyWooH Vale,  pero la mayoría de personas que sufren violencia sexual y/o maltratos por su género són las mujeres.
ES	toxic	Pásalo al centro, CACEROLO, o ponlo donde Marcelo que ahí te aporta seguro y se fiel a tu idea si es que las lesiones de algunos te lo permiten, porque recursos tienes CACEROLO, que eres un puto electrodoméstico
ES	clean	En “MIB International” la reivindicación feminista se hace mucho más explícita, aunque bien medida, sin ser una caricatura ni caer ni en la gravedad o en el alegato panfletario, pues la agente M es una mujer arquetípica, apasionada por la moda y pretendida reina por su condición femenina, pero que cuestiona el nombre de la agencia, “Hombres de negro”, lo cual culminará en una propuesta más inclusiva por parte del protagonista masculino, el agente H
ES	clean	También se suma el desprecio hacia los pueblos indígenas, (en este estado están asentados los descendientes de los otomangues: chichimecas y toltecas, ñahñús y mazahuas); además del desempleo de los jóvenes.
ES	toxic	No soporto a la perra de mi suegra, siempre está metiendo la nariz en mi vida y criticando todo lo que hago.
ES	clean	Aceptarse a uno mismo es lo mejor que se puede hacer# ni importa si eres gay, heterosexual, trans, pansexual, etc#
ES	toxic	¡Cierra la boca, negro de mierda! Ya no quiero escuchar tu basura. ¡Ve a un lado y no me molestes más!
ES	clean	Esta maldita vida no tiene sentido sin los amigos, la familia y el amor.
ES	toxic	Que pedo con el viejo ese, se cree el dueño del mundo, nomás porque tiene lana y poder, se la pasa jodiendo al prójimo, pinche viejo cagado.
ES	toxic	La estúpida es ella por enredarse con un novio que resentido es tan bajo y rencoroso como para hacerle semejante venganza
ES	toxic	Te voy a ahogar, a derribar, a aniquilar Y esa estúpida manía de imitar Mis acciones dentro de la red socia
ES	clean	son los limpiaparabrisas en las esquinas, los que viven en situación de calle, los que no estudian ni trabajan, los excluidos, los infractores que, cansados de ser niños marginados, cuando dejaron de ser niños decidieron acceder como fuera, de cualquier manera, al perfume o a la bebida que, según el bombardeo mediático, los haga felices, ricos y famosos
ES	toxic	Siii ya me descojono si aki solo han habido 3 foreras viejas y feas, menudo ****😂😂😂el q no foyas eres tu, un simio indepe no liga ni con una rata moribunda hijo mil pu-tas catalanas!!! Y para muestra, este post, escuece eh
ES	toxic	le gusta que le den por las nalgas, siempre anda buscando machos que le den duro
ES	clean	Esto demuestra que la belleza no depende sólo del color de piel, sino del contenido interno, el carisma y las habilidades.
ES	toxic	La familia pobre está formada por una abuela que tiene un puesto de verdura en el mercado y un hijo que no es su hijo sino que la abuela lo crió, que es deficiente mental, lo que ahora probablemente se llame un discapacitado psíquico pero que antes se llamaba un retrasado
ES	toxic	Con una agenda expansionista y genocida, el Estado Islámico supone una grave amenaza a la estabilidad y la seguridad de Oriente Medio y del resto del mundo.
ES	toxic	Mi puto vecino se ha comprado una moto y ahora no para de hacer ruido con ella. Qué asco de gente, ¿no? Ya te digo, ojalá se estrelle contra un árbol
ES	toxic	la señora gorda de las dos tetas, un muslazo y el gorro raro
ES	toxic	Llevaba 22 días sin bajar a la calle, focalizado en cuestiones de prevención y en la responsabilidad personal y ciudadana ante la inesperada pandemia ocasionada por el Covid-19, el virus chino-comunista que se esparció rápidamente para denigrar la vida humana a nivel local e internacional
ES	toxic	Ahora que las ONGS le busquen un buen abogado para defenderlo, país de subnormales
ES	clean	Los amigos que han hecho funciones de hermanos, que conocí al entrar a ESFM en 68, y que también me ayudaron a quitarme un poquito de la ridiculez y lo fresa
ES	toxic	Estos #moros son unos #sinverguenzas que se cree que en este país todo se lo pueden llevar sin #respetar nada 
ES	clean	Según la tradición esquimal, los hombres blancos invadieron repentinamente hacia el norte, a un país de maravillas sobre el cual los nativos había conocido desde hacía mucho - una tierra de verano sin fin, rica en vegetación y caza.
ES	toxic	Me cago en el viejo ese, siempre me anda acosando en el trabajo, pinche viejo asqueroso, le voy a poner una denuncia, o mejor le voy a partir la cara, pinche viejo baboso.
ES	clean	Así que me pregunto ¿cómo seremos? ¿cómo seremos? ¿cómo nos sentiremos? nos sentiremos con orgullo, con rabia, con constancia, con terquedad; nos sentiremos como mexicanos, como latinos, como aquellos que a pesar de la discriminación salen adelante
ES	clean	Y ahí debería haber un profesor, una guía didáctica, alguien que sea capaz de explicarles porque Buñuel es tan puto genio
ES	clean	Es importante destacar, también, que no siempre la persona que intenta quitarse la vida sufre de depresión o de algún problema de salud mental
ES	clean	¿Cree que ha escapado de la invasión de los escuincles consentidos mudándose a Williamsburg?
ES	toxic	una forma sutil de decir lleva al catre; nada que se pueda solventar con una cena en un McDonalds y un par de cubatas aguados en cualquier paki estratégicamente situado al lado de un hostal por horas
ES	clean	Los grandes héroes de la patria, además de los que lucharon en la independencia contra España, son los de la conquista del desierto
