source_id	language	toxic	text
textdetox@01907546324b0330d2d8b7669648cc18823323e5/en/000000	en	0	The trans women reading this tweet right now is beautiful
textdetox@01907546324b0330d2d8b7669648cc18823323e5/en/000001	en	0	9) uhhhh i like being lgbt a lot. i feel proud of what i have done to help others in my community
textdetox@01907546324b0330d2d8b7669648cc18823323e5/en/000002	en	0	Hero Rohit Sharma love From Pakistan
textdetox@01907546324b0330d2d8b7669648cc18823323e5/en/000003	en	0	As a slightly feminine top I appreciate all masc bottoms that enjoy a dude like me
textdetox@01907546324b0330d2d8b7669648cc18823323e5/en/000004	en	0	Delon Love Turkey and brave Turks from Indian Muslim! In Shaa Allah we will rise again!
textdetox@01907546324b0330d2d8b7669648cc18823323e5/en/000005	en	0	Because it's the Word of God maybe? Just spitballin
textdetox@01907546324b0330d2d8b7669648cc18823323e5/en/000006	en	0	God Bless From a Trinidadian Muslim!
textdetox@01907546324b0330d2d8b7669648cc18823323e5/en/000007	en	0	Majority of girls talking to me after they find out I play for the same team URL
textdetox@01907546324b0330d2d8b7669648cc18823323e5/en/000008	en	0	Nice! As a bi couple, we thoroughly enjoy bi dad friends =)
textdetox@01907546324b0330d2d8b7669648cc18823323e5/en/000009	en	0	Dark skinned men wearing pink shirts always make me swoon a little bit.
textdetox@01907546324b0330d2d8b7669648cc18823323e5/en/000010	en	0	Love Latinos come here and I will make you happy
textdetox@01907546324b0330d2d8b7669648cc18823323e5/en/000011	en	0	deepika padukone's face...is something else. no words to describe this beauty URL
textdetox@01907546324b0330d2d8b7669648cc18823323e5/en/000012	en	0	 Unconfirmed reports of the murder of former bodyguard to Rwanda's president Kagame, Camir Nkurunziza, in Cape Town last night.
textdetox@01907546324b0330d2d8b7669648cc18823323e5/en/000013	en	0	nope. my happily married lesbian buddy/supervisor/boss is super cute.
textdetox@01907546324b0330d2d8b7669648cc18823323e5/en/000014	en	0	It's not your decision. If a woman doesn't want to carry her rapist's offspring or die in childbirth, that's fine.
textdetox@01907546324b0330d2d8b7669648cc18823323e5/en/000015	en	0	If you respect trans rights you are good enough <3
textdetox@01907546324b0330d2d8b7669648cc18823323e5/en/000016	en	0	I'm so grateful to anyone who speaks up on this issue. Women's sports is so important.
textdetox@01907546324b0330d2d8b7669648cc18823323e5/en/000017	en	0	We welcome politically unaffiliated refugees.
textdetox@01907546324b0330d2d8b7669648cc18823323e5/en/000018	en	0	I wish all of my friends Allah may give lots of love and peace on this special occasion URL
textdetox@01907546324b0330d2d8b7669648cc18823323e5/en/000019	en	0	Yup- her cousin is Jewish
textdetox@01907546324b0330d2d8b7669648cc18823323e5/en/000020	en	0	One day you'll get a girlfriend whether it's an Assyrian or an non-Assyrian. Just have patience.
textdetox@01907546324b0330d2d8b7669648cc18823323e5/en/000021	en	0	Huzzah! Am Bisexual. Currently crushing on Megan Rapinoe.
textdetox@01907546324b0330d2d8b7669648cc18823323e5/en/000022	en	0	WOW...! This woman's on FIRE..! I love this promo. I love the fact that EVERYONE is represented ..all races and sexual orientation..
textdetox@01907546324b0330d2d8b7669648cc18823323e5/en/000023	en	0	my boyfriend and i are both bi! makes the relationship stronger imo
textdetox@01907546324b0330d2d8b7669648cc18823323e5/en/000024	en	0	It would be beyond gratifying to have the factual words of 4 minority women lead to the demise of occupant # 45. Appropriate.
textdetox@01907546324b0330d2d8b7669648cc18823323e5/en/000025	en	0	I'm Bi and I am proud of what I made. This is a very welcoming sub so I wanted to share
textdetox@01907546324b0330d2d8b7669648cc18823323e5/en/000026	en	0	one day too early for morocco but eid mubarak to you too!
textdetox@01907546324b0330d2d8b7669648cc18823323e5/en/000027	en	0	Trans people are people. They expect the same variety of things from their partners as everyone else.
textdetox@01907546324b0330d2d8b7669648cc18823323e5/en/000028	en	0	 Why is this an issue? Fernando Vargas, Mikey garcia claimed there Mexican heritage as well
textdetox@01907546324b0330d2d8b7669648cc18823323e5/en/000029	en	0	Mulan is what it means to be a strong female character, not that captain marvel debauchery.
textdetox@01907546324b0330d2d8b7669648cc18823323e5/en/000030	en	0	: Officials have waived work permit requirements for non-citizen children of Jordanian mothers. Read more here: URL URL
textdetox@01907546324b0330d2d8b7669648cc18823323e5/en/000031	en	0	A beacon of light for women sports.
textdetox@01907546324b0330d2d8b7669648cc18823323e5/en/000032	en	0	i'm half pinoy and half filipino but i take pride in being both 100%.
textdetox@01907546324b0330d2d8b7669648cc18823323e5/en/000033	en	0	i won't start beef as long as you support the lgbt
textdetox@01907546324b0330d2d8b7669648cc18823323e5/en/000034	en	0	Black Americans are standing up for President Trump because they know he believes in all Americans.
textdetox@01907546324b0330d2d8b7669648cc18823323e5/en/000035	en	0	Amit shah modern chankya in India . very powerful man in India.
textdetox@01907546324b0330d2d8b7669648cc18823323e5/en/000036	en	0	Complicated black haired women are the best.
textdetox@01907546324b0330d2d8b7669648cc18823323e5/en/000037	en	0	With pride arriving in just a couple days here, let this be your reminder. ACE PEOPLE ARE PART OF THE LGBTQ+ COMMUNITY. URL
textdetox@01907546324b0330d2d8b7669648cc18823323e5/en/000038	en	0	Interesting! I'm half Persian half Chinese Malaysian with Bugis & Japanese roots!
textdetox@01907546324b0330d2d8b7669648cc18823323e5/en/000039	en	0	Smh I thought women, children, women with children, and pregnant women were off limits. The streets just don't give af no more URL
textdetox@01907546324b0330d2d8b7669648cc18823323e5/en/000040	en	0	love me some stick and ball with the boys
textdetox@01907546324b0330d2d8b7669648cc18823323e5/en/000041	en	0	That was absolutely beautiful and was a powerful description of the Catholic faith. God bless you.
textdetox@01907546324b0330d2d8b7669648cc18823323e5/en/000042	en	0	He is not glorifying castism but telling how it is helping him do good for the Hindus from Pakistan.
textdetox@01907546324b0330d2d8b7669648cc18823323e5/en/000043	en	0	The shooters ARE NOT immigrants. Think about that.
textdetox@01907546324b0330d2d8b7669648cc18823323e5/en/000044	en	0	RT ilovegoodsthingx Lady Gaga
textdetox@01907546324b0330d2d8b7669648cc18823323e5/en/000045	en	0	Happy Pride Month! Whether you're out, questioning, or closeted, your identity and journey are valid and you deserve love and acceptance! 
textdetox@01907546324b0330d2d8b7669648cc18823323e5/en/000046	en	0	I'm a woman and I endorse this message
textdetox@01907546324b0330d2d8b7669648cc18823323e5/en/000047	en	0	Women need real moments of solitude and self-reflection to balance out how much of ourselves we give away. - Barbara De Angelis
textdetox@01907546324b0330d2d8b7669648cc18823323e5/en/000048	en	0	I'm a woman and I enjoy this sub
textdetox@01907546324b0330d2d8b7669648cc18823323e5/en/000049	en	0	Prophet PBUH is last prophet of Allah  Ihsan Marwat URL
textdetox@01907546324b0330d2d8b7669648cc18823323e5/en/000050	en	0	Good morning beautiful black ppl..
textdetox@01907546324b0330d2d8b7669648cc18823323e5/en/000051	en	0	He really does look good on this photo, and I don't mean it as a meme or joke
textdetox@01907546324b0330d2d8b7669648cc18823323e5/en/000052	en	0	AZERBAIJAN: Pray for outreach and ministry work to the nearly 1 million displaced people in Azerbaijan. URL
textdetox@01907546324b0330d2d8b7669648cc18823323e5/en/000053	en	0	As a Black and a gay and also a cowgirl I couldn't have asked for more legendary representation, BGCs we own billboard now!!
textdetox@01907546324b0330d2d8b7669648cc18823323e5/en/000054	en	0	I'm Indian and it made me laugh!
textdetox@01907546324b0330d2d8b7669648cc18823323e5/en/000055	en	0	Philbert and Tommy are now LGBT+ icons.
textdetox@01907546324b0330d2d8b7669648cc18823323e5/en/000056	en	0	Our prayers are with you may Allah protect you wherever you're, and return to your family safely. 
textdetox@01907546324b0330d2d8b7669648cc18823323e5/en/000057	en	0	congratulations to you for bjp win....now s400,rafale,chinook and Apache will rock Indian defense
textdetox@01907546324b0330d2d8b7669648cc18823323e5/en/000058	en	0	Here is what diversity looks like people. Speak up now and stop this before it come s to a city near you ! URL
textdetox@01907546324b0330d2d8b7669648cc18823323e5/en/000059	en	0	 I'm Mexican. Most Mexicans here legally, love our . You have no clue.
textdetox@01907546324b0330d2d8b7669648cc18823323e5/en/000060	en	0	Are the minorities still considered as family, friends, neighbors....? Are Kashmiris even considered Indian??
textdetox@01907546324b0330d2d8b7669648cc18823323e5/en/000061	en	0	Faith is professed with the lips and with the heart, through words & through love. -Pope Francis
textdetox@01907546324b0330d2d8b7669648cc18823323e5/en/000062	en	0	Pay the Descendants of Enslaved Africans what you owe America.
textdetox@01907546324b0330d2d8b7669648cc18823323e5/en/000063	en	0	Not weird at all. Happens to me, too, as a trans guy.
textdetox@01907546324b0330d2d8b7669648cc18823323e5/en/000064	en	0	PM Imran invites Pakistani community to take benefit of investment opportunities in Pakistan URL
textdetox@01907546324b0330d2d8b7669648cc18823323e5/en/000065	en	0	We should rather see what the LGBTQ+ community did in India. They were an organic movement. They were also successfull.
textdetox@01907546324b0330d2d8b7669648cc18823323e5/en/000066	en	0	Pride + 's birthday + Brooklyn = URL
textdetox@01907546324b0330d2d8b7669648cc18823323e5/en/000067	en	0	I truly hope muslims come into power in your country at some point.
textdetox@01907546324b0330d2d8b7669648cc18823323e5/en/000068	en	0	Man overseas women are awesome all of Latin America,Mexico, All of or if not most of the countries in Asia are your best bet
textdetox@01907546324b0330d2d8b7669648cc18823323e5/en/000069	en	0	Please don't lower your standards, ladies.
textdetox@01907546324b0330d2d8b7669648cc18823323e5/en/000070	en	0	I am very straight, and comfortable enough with that to thank you for the nice compliments.
textdetox@01907546324b0330d2d8b7669648cc18823323e5/en/000071	en	0	Please join us in a one-minute prayer for those with autism. URL URL
textdetox@01907546324b0330d2d8b7669648cc18823323e5/en/000072	en	0	: my friend lesbian girl Retweet Follow And Like URL
textdetox@01907546324b0330d2d8b7669648cc18823323e5/en/000073	en	0	Why are girl so ugly to the girls that are just trying to warn them I'll never understand URL
textdetox@01907546324b0330d2d8b7669648cc18823323e5/en/000074	en	0	Praying for a majority minority Gwinnett
textdetox@01907546324b0330d2d8b7669648cc18823323e5/en/000075	en	0	Because like it or not people, on average, care more about others who share something in common (Like nationality) with them.
textdetox@01907546324b0330d2d8b7669648cc18823323e5/en/000076	en	0	Shridhart malhotra is one of the most handsome boy in Bollywood industry...
textdetox@01907546324b0330d2d8b7669648cc18823323e5/en/000077	en	0	Women with really dark skin are so pretty. The way their eyes stand out is really nice!
textdetox@01907546324b0330d2d8b7669648cc18823323e5/en/000078	en	0	That is racist to view white people as being that white. We are Caucasian.
textdetox@01907546324b0330d2d8b7669648cc18823323e5/en/000079	en	0	 aims to revitalize relational, cosmologically grounded spiritual possibilities for women & all others~C. Spretnak
textdetox@01907546324b0330d2d8b7669648cc18823323e5/en/000080	en	0	Considering that she is Hispanic, I find myself cheering for Cortes.
textdetox@01907546324b0330d2d8b7669648cc18823323e5/en/000081	en	0	Most of these female Avengers embraced Hinduism in real life... Lord Krishna loves them all
textdetox@01907546324b0330d2d8b7669648cc18823323e5/en/000082	en	0	" I grew up hearing similar lines of thinking: ""If Christians have the Holy Spirit we should be the best at everything!"""
textdetox@01907546324b0330d2d8b7669648cc18823323e5/en/000083	en	0	 Good , happy days to come for Indians in Jammu, Kashmir, Ladhakh territories
textdetox@01907546324b0330d2d8b7669648cc18823323e5/en/000084	en	0	THIS IS WEIRD BUT, IWOULD LIKE TO COME OUT HERE IN THE NICE COMMENTS. *i am pansexual.* THANK U!
textdetox@01907546324b0330d2d8b7669648cc18823323e5/en/000085	en	0	Indian people Help PM Shri Ji congratulations  people ealme Congress URL
textdetox@01907546324b0330d2d8b7669648cc18823323e5/en/000086	en	0	Kabbalah Zohar comes from people who rejected Jesus as the Messiah.
textdetox@01907546324b0330d2d8b7669648cc18823323e5/en/000087	en	0	Eid is a Islamic celebration that we celebrate after the fasting month, Ramadhan month~
textdetox@01907546324b0330d2d8b7669648cc18823323e5/en/000088	en	0	Sooji Jamun Halwa- Jamuns add a lovely flavor and an even better color to a traditional Sooji ka Halwa. Recipe Link: URL URL
textdetox@01907546324b0330d2d8b7669648cc18823323e5/en/000089	en	0	As a half Puerto Rican and half Italian I relate to this on so many levels
textdetox@01907546324b0330d2d8b7669648cc18823323e5/en/000090	en	0	Mentoring is part of the job! If you cannot mentor women, then you should not be managing them!
textdetox@01907546324b0330d2d8b7669648cc18823323e5/en/000091	en	0	Selam and respect Iran from Bosnia
textdetox@01907546324b0330d2d8b7669648cc18823323e5/en/000092	en	0	Read Quran then Bibles then Manusamriti ... surely the mystery will be solved easily ! Allah ho Akbar !
textdetox@01907546324b0330d2d8b7669648cc18823323e5/en/000093	en	0	I am indian Ingland won the world cup final
textdetox@01907546324b0330d2d8b7669648cc18823323e5/en/000094	en	0	As a former Cis guy, I have to agree. Hugs, Daisy
textdetox@01907546324b0330d2d8b7669648cc18823323e5/en/000095	en	0	I don't think the Mandarin necessary mean to be a stereotype for Chinese. The word also mean government officials or high-society.
textdetox@01907546324b0330d2d8b7669648cc18823323e5/en/000096	en	0	 Om shanti. One of the finest foreign Minister of India, who gave a new identity to Ministry of External affairs. RIP Sushma ji
textdetox@01907546324b0330d2d8b7669648cc18823323e5/en/000097	en	0	Baloch It's real and attacking cricket love from India
textdetox@01907546324b0330d2d8b7669648cc18823323e5/en/000098	en	0	I don't see anything wrong with it. White people are great, non-white people are great too.
textdetox@01907546324b0330d2d8b7669648cc18823323e5/en/000099	en	0	Scared of a Black man abilities to do something positive with there brand
textdetox@01907546324b0330d2d8b7669648cc18823323e5/en/000100	en	0	HUNTING HUMAN BEINGS_AS BAD AS SLAVERY: ICE rounds up hundreds of undocumented workers in immigration sweeps in Mississippi separating families URL via
textdetox@01907546324b0330d2d8b7669648cc18823323e5/en/000101	en	0	please allow Black womxn writers mourn and grieve before asking us to write essays on how toni impacted us URL
textdetox@01907546324b0330d2d8b7669648cc18823323e5/en/000102	en	0	What they both failed to mention is Monica Beverly Hillz was the first openly trans contestant on the show
textdetox@01907546324b0330d2d8b7669648cc18823323e5/en/000103	en	0	Seems like a Christian thing to do
textdetox@01907546324b0330d2d8b7669648cc18823323e5/en/000104	en	0	The black girl is gorgeous.
textdetox@01907546324b0330d2d8b7669648cc18823323e5/en/000105	en	0	Tsunaina is Mongolian I follow her instagram
textdetox@01907546324b0330d2d8b7669648cc18823323e5/en/000106	en	0	She is true *GOD is Grace* Doctor did that with help and support of GOD
textdetox@01907546324b0330d2d8b7669648cc18823323e5/en/000107	en	0	I swear y'all get the weirdest niggas famous...
textdetox@01907546324b0330d2d8b7669648cc18823323e5/en/000108	en	0	The keyword Hoes Mad is not a good keyword, and heres why
textdetox@01907546324b0330d2d8b7669648cc18823323e5/en/000109	en	0	That's good. I support the LGBT community
textdetox@01907546324b0330d2d8b7669648cc18823323e5/en/000110	en	0	Jesus died for our sins.
textdetox@01907546324b0330d2d8b7669648cc18823323e5/en/000111	en	0	Nothing makes me happier than knowing that in mythology Orpheus is canonically one of the first bisexuals
textdetox@01907546324b0330d2d8b7669648cc18823323e5/en/000112	en	0	Asian women the new wave
textdetox@01907546324b0330d2d8b7669648cc18823323e5/en/000113	en	0	Soon to be the sequel for the Cuban Missile Crisis? (but with all ~~genders~~ sides swapped?)
textdetox@01907546324b0330d2d8b7669648cc18823323e5/en/000114	en	0	What a fantastic group of women to be our world champions. URL
textdetox@01907546324b0330d2d8b7669648cc18823323e5/en/000115	en	0	dnfjskasn i went to my first pride parade it was so fun but so hot and also filled with so much love ‍
textdetox@01907546324b0330d2d8b7669648cc18823323e5/en/000116	en	0	may allah accept our prayers  URL
textdetox@01907546324b0330d2d8b7669648cc18823323e5/en/000117	en	0	I'm sorry that your dad treats you like that but Good luck to you and hope for the best (I'm a Trans Female btw)
textdetox@01907546324b0330d2d8b7669648cc18823323e5/en/000118	en	0	Black people are great! No racism just respect!  They've contributed much to this . Bless up!
textdetox@01907546324b0330d2d8b7669648cc18823323e5/en/000119	en	0	Straight girls compliment each other. Gay/bi girls complement each other.
textdetox@01907546324b0330d2d8b7669648cc18823323e5/en/000120	en	0	Colorado's first gay governor signs his first round of pro-LGBT legislation. URL
textdetox@01907546324b0330d2d8b7669648cc18823323e5/en/000121	en	0	White skin girls is beautiful. Every type of skin girls is beautiful.  URL
textdetox@01907546324b0330d2d8b7669648cc18823323e5/en/000122	en	0	Mulan is the original 90's trans hero. She stands as a symbol for a movement that is big and relevant right now.
textdetox@01907546324b0330d2d8b7669648cc18823323e5/en/000123	en	0	We pray for preachers of the word of God, that they may embrace the Cross and proclaim the Resurrection. URL
textdetox@01907546324b0330d2d8b7669648cc18823323e5/en/000124	en	0	If a man can sit there and give another female any form of attention, he's not for you sis
textdetox@01907546324b0330d2d8b7669648cc18823323e5/en/000125	en	0	Calling all Black women writers aged 16-22: this is a brilliant opportunity. URL
textdetox@01907546324b0330d2d8b7669648cc18823323e5/en/000126	en	0	Thank you. It's amazing how little if this is known amongst Muslims
textdetox@01907546324b0330d2d8b7669648cc18823323e5/en/000127	en	0	Woo! I'm happy and half with coming out. Just like my attraction!!!
textdetox@01907546324b0330d2d8b7669648cc18823323e5/en/000128	en	0	That was about 8 years ago. I think he's dead.
textdetox@01907546324b0330d2d8b7669648cc18823323e5/en/000129	en	0	My prayer's from indonesia, God bless Hillsong and always support, and now I have peace from Jesus Christ.
textdetox@01907546324b0330d2d8b7669648cc18823323e5/en/000130	en	0	Good luck finding another lactating BBW who enjoys fisting and has a partner. BLOCKED
textdetox@01907546324b0330d2d8b7669648cc18823323e5/en/000131	en	0	My partner Jerry, Natasha and I wish my mom a We are one big family ‍ URL
textdetox@01907546324b0330d2d8b7669648cc18823323e5/en/000132	en	0	Happy Eid Mubarak to all the Muslims out there.
textdetox@01907546324b0330d2d8b7669648cc18823323e5/en/000133	en	0	Interracial friendship? I agree. Let's talk, brother.
textdetox@01907546324b0330d2d8b7669648cc18823323e5/en/000134	en	0	I volunteer with Refugee Services of Texas and they are always looking for Spanish speakers. rstx.org
textdetox@01907546324b0330d2d8b7669648cc18823323e5/en/000135	en	0	I came out as bi recently and I just wanna state, for the record, this is the kind of girl I like URL
textdetox@01907546324b0330d2d8b7669648cc18823323e5/en/000136	en	0	Another surprising reason to in the EU: the UK is more equal than most other nations in respect of diversity. URL
textdetox@01907546324b0330d2d8b7669648cc18823323e5/en/000137	en	0	I was looking for an exmuslim group/ forum. Found one here.
textdetox@01907546324b0330d2d8b7669648cc18823323e5/en/000138	en	0	No one's asking for the haram to be turned halal, WE JUST WANT THE SAME RIGHTS DO YOU SEE THE DIFFERENCE OR NOT?
textdetox@01907546324b0330d2d8b7669648cc18823323e5/en/000139	en	0	Thank you Brothers,Goy Gentile; non-observant jews; a jew unfamiliar with Judaism well speaks well for talmud in there own words.
textdetox@01907546324b0330d2d8b7669648cc18823323e5/en/000140	en	0	TALL WOMEN DESERVE ALL THE LOVE. DONT BE UPSET ABOUT YOUR HEIGHT CAUSE TALL WOMEN ARE THE BEST
textdetox@01907546324b0330d2d8b7669648cc18823323e5/en/000141	en	0	RIP ,she was one of the best, if arguably not the best articulate. India loses a great leader and wonderful soul. URL
textdetox@01907546324b0330d2d8b7669648cc18823323e5/en/000142	en	0	STOP Genociding The Amhara People &
textdetox@01907546324b0330d2d8b7669648cc18823323e5/en/000143	en	0	Latino for Trump I love it here!
textdetox@01907546324b0330d2d8b7669648cc18823323e5/en/000144	en	0	I live in boystown in Chicago so everyday is pride day for me lol. (and I don't mean that in a bad way)
textdetox@01907546324b0330d2d8b7669648cc18823323e5/en/000145	en	0	White Jews, we really need to do a better job of following the leadership of, listening to, empathizing with, learning from, Black Jews.
textdetox@01907546324b0330d2d8b7669648cc18823323e5/en/000146	en	0	not for Britain against real Jews love Jeremy and are against the smears
textdetox@01907546324b0330d2d8b7669648cc18823323e5/en/000147	en	0	latinas are really something else (in a good way of course).
textdetox@01907546324b0330d2d8b7669648cc18823323e5/en/000148	en	0	It was wonderful to see how kind Peru was to 3 Jewish travelers!!!
textdetox@01907546324b0330d2d8b7669648cc18823323e5/en/000149	en	0	AND GOD WAS REVEALED TO MAN - AND THEY FELL TO THEIR KNEES TO WORSHIP HIM!!! URL
textdetox@01907546324b0330d2d8b7669648cc18823323e5/en/000150	en	0	Congrats to she has made history ! The first African woman to have her own Barbie doll. URL
textdetox@01907546324b0330d2d8b7669648cc18823323e5/en/000151	en	0	Its so true, asian babes are amazing and you are the best.
textdetox@01907546324b0330d2d8b7669648cc18823323e5/en/000152	en	0	I can do all things in him who strengthens me. - Philippians 4:13
textdetox@01907546324b0330d2d8b7669648cc18823323e5/en/000153	en	0	two trans people happy together. Sweet
textdetox@01907546324b0330d2d8b7669648cc18823323e5/en/000154	en	0	my phone got turned in and this is what I open it to lmao  URL
textdetox@01907546324b0330d2d8b7669648cc18823323e5/en/000155	en	0	 We're here, we're queer, we're gonna go to the gym and get some
textdetox@01907546324b0330d2d8b7669648cc18823323e5/en/000156	en	0	As an Indian I approve
textdetox@01907546324b0330d2d8b7669648cc18823323e5/en/000157	en	0	THis is why we need Islam
textdetox@01907546324b0330d2d8b7669648cc18823323e5/en/000158	en	0	If it helps, I've been to Thailand and really enjoyed it. Including the fabulous lady boys!
textdetox@01907546324b0330d2d8b7669648cc18823323e5/en/000159	en	0	No, but I'm a white dude from Canada. I never expect racism, sexism or any other -ism to affect me negatively.
textdetox@01907546324b0330d2d8b7669648cc18823323e5/en/000160	en	0	The photo with a black guy is so cool. Wałęsa I love
textdetox@01907546324b0330d2d8b7669648cc18823323e5/en/000161	en	0	"When I ""coincidentally"" visit my muslim friend around 6pm-7pm and they say ""food is ready, would you care to join us?"" Me: URL"
textdetox@01907546324b0330d2d8b7669648cc18823323e5/en/000162	en	0	Latinas are the best
textdetox@01907546324b0330d2d8b7669648cc18823323e5/en/000163	en	0	Phallus must've been speaking to her.
textdetox@01907546324b0330d2d8b7669648cc18823323e5/en/000164	en	0	Oh, I didnt know Jacob was Filipino.
textdetox@01907546324b0330d2d8b7669648cc18823323e5/en/000165	en	0	as a dude who is 6ft short girls are actually really cute
textdetox@01907546324b0330d2d8b7669648cc18823323e5/en/000166	en	0	Multi racial and multi religious, yet family is still family. You can only find this in Sabah and Sarawak especially  URL
textdetox@01907546324b0330d2d8b7669648cc18823323e5/en/000167	en	0	Wake up young Africans one love
textdetox@01907546324b0330d2d8b7669648cc18823323e5/en/000168	en	0	I hope this inspires more women of color to run for office. We need more of them in office. There is strength in numbers!
textdetox@01907546324b0330d2d8b7669648cc18823323e5/en/000169	en	0	My ex girlfriend was trans, so it's really nice to see other trans girls being represented. Thanks 
textdetox@01907546324b0330d2d8b7669648cc18823323e5/en/000170	en	0	Asian love is best love.
textdetox@01907546324b0330d2d8b7669648cc18823323e5/en/000171	en	0	Larissa putting a good word out there on Brazilian men who know how to appreciate women. ;)
textdetox@01907546324b0330d2d8b7669648cc18823323e5/en/000172	en	0	The rise of Narendra Modi in India and Imran Khan in Pakistan may be a new variation on Western understanding of populism. URL
textdetox@01907546324b0330d2d8b7669648cc18823323e5/en/000173	en	0	The White Dress Project brings awareness to health concern for women - URL
textdetox@01907546324b0330d2d8b7669648cc18823323e5/en/000174	en	0	I love my fellow non-racist, non sexist Americans. Which I'm happy to say is the majority.
textdetox@01907546324b0330d2d8b7669648cc18823323e5/en/000175	en	0	Allies organize to destroy nazi Germany it's because they just couldn't stand Germans flawless logic , Israel didn't do nuthin.
textdetox@01907546324b0330d2d8b7669648cc18823323e5/en/000176	en	0	why is she embarresed by Yugoslavia wouldn't that be a part of the greatness of our diversity
textdetox@01907546324b0330d2d8b7669648cc18823323e5/en/000177	en	0	 You guys know I of course I love and accept everyone in the lgbtq community! And also, I LOVE THE CRANES thanks
textdetox@01907546324b0330d2d8b7669648cc18823323e5/en/000178	en	0	Aither deserves to be recognized for the LGBT woman she is.
textdetox@01907546324b0330d2d8b7669648cc18823323e5/en/000179	en	0	Love this and feel proud of Indias' achievemets.
textdetox@01907546324b0330d2d8b7669648cc18823323e5/en/000180	en	0	Loving more black guests on the 'cast
textdetox@01907546324b0330d2d8b7669648cc18823323e5/en/000181	en	0	 Lily isn't a guy, she's transgender.
textdetox@01907546324b0330d2d8b7669648cc18823323e5/en/000182	en	0	Allah yer7amo- I'm positive that he's been proud since the day you were born! May Allah reunite you with him in Jannah
textdetox@01907546324b0330d2d8b7669648cc18823323e5/en/000183	en	0	I always have positive experiences with Older black women
textdetox@01907546324b0330d2d8b7669648cc18823323e5/en/000184	en	0	I'm usualy not the guy who says how cute anything is but Latina, oh boy
textdetox@01907546324b0330d2d8b7669648cc18823323e5/en/000185	en	0	ri3it483qthirf Right. Im a white lady and that was epic
textdetox@01907546324b0330d2d8b7669648cc18823323e5/en/000186	en	0	SERIOUS INQUIRIES ONLY BEAUTIFUL I ACCEPT CASHAPP BLOCKCHAIN ZELLE PAYPAL AND WESTERN UNION
textdetox@01907546324b0330d2d8b7669648cc18823323e5/en/000187	en	0	Women are the most beautiful nurturing souls in this world and nothing should oppress them god this world can be cruel sometimes
textdetox@01907546324b0330d2d8b7669648cc18823323e5/en/000188	en	0	Great job! Happy week to you from a heterosexual exmormon!
textdetox@01907546324b0330d2d8b7669648cc18823323e5/en/000189	en	0	REALLY? How about the treatment is our AMERICAN CHILDREN FIRST!!
textdetox@01907546324b0330d2d8b7669648cc18823323e5/en/000190	en	0	I'm so proud of this Latino
textdetox@01907546324b0330d2d8b7669648cc18823323e5/en/000191	en	0	Where the Single European girls? Wink at me.
textdetox@01907546324b0330d2d8b7669648cc18823323e5/en/000192	en	0	Mustafa Kamal is a man of character and god fearing thoughts make him perfect leader. URL
textdetox@01907546324b0330d2d8b7669648cc18823323e5/en/000193	en	0	Dey need to let my nigga Petey out dawg the streets ain't been the same since summer 2016
textdetox@01907546324b0330d2d8b7669648cc18823323e5/en/000194	en	0	Credit applications ask about your citizenship!? I think citizenship has nothing to do with racism.
textdetox@01907546324b0330d2d8b7669648cc18823323e5/en/000195	en	0	Now I do believe there are more than 2 genders
textdetox@01907546324b0330d2d8b7669648cc18823323e5/en/000196	en	0	Congratulations Pakistan.. Love from uganda
textdetox@01907546324b0330d2d8b7669648cc18823323e5/en/000197	en	0	There's nothing better than being a white American Male. I'm a white American Male. Don't think that I don't know how fortunate I am.
textdetox@01907546324b0330d2d8b7669648cc18823323e5/en/000198	en	0	There are wonderful Muslims in my family. There are wonderful Muslims everywhere. But that doesn't make Islam wonderful. , British-Pakistani URL
textdetox@01907546324b0330d2d8b7669648cc18823323e5/en/000199	en	0	She is stunning. Desi ladies especially the NRI ones are super sexy!
textdetox@01907546324b0330d2d8b7669648cc18823323e5/en/000200	en	0	latinas are so beautiful, elegant and powerful
textdetox@01907546324b0330d2d8b7669648cc18823323e5/en/000201	en	0	Oh wow, thanks for this. I'm Pakistani but was born in America. I had no idea that was a problem back home.
textdetox@01907546324b0330d2d8b7669648cc18823323e5/en/000202	en	0	I use both bisexual and pansexual to describe myself.
textdetox@01907546324b0330d2d8b7669648cc18823323e5/en/000203	en	0	You should once the travel advisory is lifted. Kashmiris are unparalleled in their hospitality.
textdetox@01907546324b0330d2d8b7669648cc18823323e5/en/000204	en	0	Eid Kareem. iA our faith increases.
textdetox@01907546324b0330d2d8b7669648cc18823323e5/en/000205	en	0	My heart breaks for your brother and every other LGBTQ raised in this cult. Love is love ‍
textdetox@01907546324b0330d2d8b7669648cc18823323e5/en/000206	en	0	Why do you assume they are 'most likely violent men'?
textdetox@01907546324b0330d2d8b7669648cc18823323e5/en/000207	en	0	Please don't kill or assault any women thanks
textdetox@01907546324b0330d2d8b7669648cc18823323e5/en/000208	en	0	Mary Brasch has a lot of experience with lgbt people and i think she's very easy to talk to
textdetox@01907546324b0330d2d8b7669648cc18823323e5/en/000209	en	0	Unacceptable!!  24 immigrants have died in ICE custody during the Trump administration URL
textdetox@01907546324b0330d2d8b7669648cc18823323e5/en/000210	en	0	 Or: Us, the gays That's the proper way to address also to me queer ain't a slur
textdetox@01907546324b0330d2d8b7669648cc18823323e5/en/000211	en	0	poor: polish sea, polish mountains rich: polish sea, polish mountains we also like to occupy croatia/spain/italy for some reason
textdetox@01907546324b0330d2d8b7669648cc18823323e5/en/000212	en	0	Being gay is the best thing I have lived for
textdetox@01907546324b0330d2d8b7669648cc18823323e5/en/000213	en	0	Cute boi with the trans flag uvu
textdetox@01907546324b0330d2d8b7669648cc18823323e5/en/000214	en	0	Just want to do something special for all the ladies of the world. URL.
textdetox@01907546324b0330d2d8b7669648cc18823323e5/en/000215	en	0	Chuck Schumer's response to the squads anti semitic remarks! Take that! URL
textdetox@01907546324b0330d2d8b7669648cc18823323e5/en/000216	en	0	India love bright side , bright side love india 
textdetox@01907546324b0330d2d8b7669648cc18823323e5/en/000217	en	0	I love you beautiful black Queen. Bless all my beautiful black sistas around the world. YOU ARE WORTH IT!
textdetox@01907546324b0330d2d8b7669648cc18823323e5/en/000218	en	0	I was raised in a family where women made it happen .... with or without a man .
textdetox@01907546324b0330d2d8b7669648cc18823323e5/en/000219	en	0	We stand alongside our LGBTQIA family. We support and love you this and every month. URL
textdetox@01907546324b0330d2d8b7669648cc18823323e5/en/000220	en	0	Praying in Jesus Name that Father sends Holy Spirit to all those deceived by works salvation to the truth spoken of here
textdetox@01907546324b0330d2d8b7669648cc18823323e5/en/000221	en	0	Speaking of questions answered: Taylor officially comes out as straight. And you know what? WE LOVE AND SUPPORT YOU. ‍
textdetox@01907546324b0330d2d8b7669648cc18823323e5/en/000222	en	0	I appreciate having the woman of my dreams be loyal, supportive, beautiful, understanding, and independent.
textdetox@01907546324b0330d2d8b7669648cc18823323e5/en/000223	en	0	Eid Mubarak To Those Celebrating Today and Tomorrow
textdetox@01907546324b0330d2d8b7669648cc18823323e5/en/000224	en	0	Finally tackling the issues that really matter to me as a woman! URL
textdetox@01907546324b0330d2d8b7669648cc18823323e5/en/000225	en	0	Black is not Sad , black is Poetic # proudly African 
textdetox@01907546324b0330d2d8b7669648cc18823323e5/en/000226	en	0	"happy pride month! i'm straight but still proud for you guys who finally overcame the ""not so separation of church and state"" government"
textdetox@01907546324b0330d2d8b7669648cc18823323e5/en/000227	en	0	อ่าน Thai dissident band in Laos flee to France for political asylum URL via
textdetox@01907546324b0330d2d8b7669648cc18823323e5/en/000228	en	0	Eid Mubarak to all our brothers and sisters around the world, I wish you all a splendid Eid!
textdetox@01907546324b0330d2d8b7669648cc18823323e5/en/000229	en	0	Actually love short girls ngl
textdetox@01907546324b0330d2d8b7669648cc18823323e5/en/000230	en	0	I've never been more bi and straight simultaneously than during this video
textdetox@01907546324b0330d2d8b7669648cc18823323e5/en/000231	en	0	Racism against anyone will **not be tolerated** on r/HoldThatFeedingTube. Bet you can't beat that
textdetox@01907546324b0330d2d8b7669648cc18823323e5/en/000232	en	0	Hong Kong people are independent of Chinese citizenship.
textdetox@01907546324b0330d2d8b7669648cc18823323e5/en/000233	en	0	Through repentance and sincere worship of Allah do His servants gain forgiveness. URL
textdetox@01907546324b0330d2d8b7669648cc18823323e5/en/000234	en	0	THIS IS SO WHOLESOME OMFG THE POWER OF WOMEN URL
textdetox@01907546324b0330d2d8b7669648cc18823323e5/en/000235	en	0	Little comic about trans miyuki because it's pride month Part 1/5 URL
textdetox@01907546324b0330d2d8b7669648cc18823323e5/en/000236	en	0	jacob batalon is filipino.... THIS MAKES ME FEEL BETTER! SHOUT OUT TO ALL MY FILIPINOS! MABUHAY PILIPINAS!
textdetox@01907546324b0330d2d8b7669648cc18823323e5/en/000237	en	0	The would to Africa I am black and proud
textdetox@01907546324b0330d2d8b7669648cc18823323e5/en/000238	en	0	Zendaya has consistently slaughtered every women y'all have compared her too give it up  URL
textdetox@01907546324b0330d2d8b7669648cc18823323e5/en/000239	en	0	Yo i love the Philippines because i am a filipino
textdetox@01907546324b0330d2d8b7669648cc18823323e5/en/000240	en	0	May the Almighty Allah grant the departed soul His Eternal Peace. Ameen
textdetox@01907546324b0330d2d8b7669648cc18823323e5/en/000241	en	0	0:45 if race/ethnicity doesnt matter, why does it matter that there were white people at the rally?
textdetox@01907546324b0330d2d8b7669648cc18823323e5/en/000242	en	0	idc if you dislike Halsey, or you dislike lgbtq+. This speech is powerful and should be shared. URL
textdetox@01907546324b0330d2d8b7669648cc18823323e5/en/000243	en	0	I'm a trans girl and I love this place!!!
textdetox@01907546324b0330d2d8b7669648cc18823323e5/en/000244	en	0	We live in a society. My wife? She's Asian.
textdetox@01907546324b0330d2d8b7669648cc18823323e5/en/000245	en	0	"Please do not send your warships to Iranian door and tweet ""Never threaten the United States again!"". That does not make any sense."
textdetox@01907546324b0330d2d8b7669648cc18823323e5/en/000246	en	0	Title: Me! behind the scenes the story of Benjamin button Me: correct that with... the story of Benjamin button
textdetox@01907546324b0330d2d8b7669648cc18823323e5/en/000247	en	0	You can tell by the way I use my walk, I'm a woman's man, no time to talk.
textdetox@01907546324b0330d2d8b7669648cc18823323e5/en/000248	en	0	!flair [I love women and minorities]
textdetox@01907546324b0330d2d8b7669648cc18823323e5/en/000249	en	0	I wipe yo face wit them blue hunneds to make ya tears dry
textdetox@01907546324b0330d2d8b7669648cc18823323e5/en/000250	en	0	If the Pyramids were built by Europeans instead of Africans they wouldn't be trying to say aliens did it
textdetox@01907546324b0330d2d8b7669648cc18823323e5/en/000251	en	0	Team Hick stands tall for all, especially this nation's powerful, loving, unstoppable LGBTQ community. Happy month. URL
textdetox@01907546324b0330d2d8b7669648cc18823323e5/en/000252	en	0	And he talk at TIME about how muslim should treated women better/equally in muslim country. URL
textdetox@01907546324b0330d2d8b7669648cc18823323e5/en/000253	en	0	Fornication God says is wrong all the people that think im mean take it up with GOD JESUS he'll make a way for you
textdetox@01907546324b0330d2d8b7669648cc18823323e5/en/000254	en	0	NTA Her insecurity issues are her problem. It's healthy for people to have platonic relationships with people of all and any gender.
textdetox@01907546324b0330d2d8b7669648cc18823323e5/en/000255	en	0	A Man Is Powerful With The Right Girl.
textdetox@01907546324b0330d2d8b7669648cc18823323e5/en/000256	en	0	im just glad she is actually asian , congrats disney, you got half of it right already!
textdetox@01907546324b0330d2d8b7669648cc18823323e5/en/000257	en	0	Whoa there Buddy!!! Who appointed you gatekeeper for Christians? I'm proud of my church.
textdetox@01907546324b0330d2d8b7669648cc18823323e5/en/000258	en	0	Jaishankar is ethnically Tamil but born and brought up in Delhi iirc.
textdetox@01907546324b0330d2d8b7669648cc18823323e5/en/000259	en	0	When do you think it appropriate to inform children that same sex relationships exist?
textdetox@01907546324b0330d2d8b7669648cc18823323e5/en/000260	en	0	This is why I love asians
textdetox@01907546324b0330d2d8b7669648cc18823323e5/en/000261	en	0	My fiancé is bisexual so I've learned it all from her. And you're welcome my friend
textdetox@01907546324b0330d2d8b7669648cc18823323e5/en/000262	en	0	God in language. Christian always love.
textdetox@01907546324b0330d2d8b7669648cc18823323e5/en/000263	en	0	"God bless,""dedicated not only to God but also Jesus"" love the enthusiasm about God bro much love"
textdetox@01907546324b0330d2d8b7669648cc18823323e5/en/000264	en	0	*and on June 1st all the planets aligned and lit up in pink blue and white in solidarity with trans persons everywhere*
textdetox@01907546324b0330d2d8b7669648cc18823323e5/en/000265	en	0	Beto O'Rourke Says Eliminating Citizenship Test for New Immigrants is 'Something For Us To Think About' URL
textdetox@01907546324b0330d2d8b7669648cc18823323e5/en/000266	en	0	Thanks to Allah and I pray for all Muslim brother and sister in the world good evening
textdetox@01907546324b0330d2d8b7669648cc18823323e5/en/000267	en	0	It's good to be white my brother.
textdetox@01907546324b0330d2d8b7669648cc18823323e5/en/000268	en	0	As being a Hispanic woman, I have three college degrees including my master's.
textdetox@01907546324b0330d2d8b7669648cc18823323e5/en/000269	en	0	 Trans Men are Men, and Trans Women are Women, and the Unconditional Love between Parent and Child is Unconditional. Love. 
textdetox@01907546324b0330d2d8b7669648cc18823323e5/en/000270	en	0	Too right. Scotland had demonstrated that it is a firmly pro-EU country and is in the transition to becoming a full member.
textdetox@01907546324b0330d2d8b7669648cc18823323e5/en/000271	en	0	He is RoHitman Sharma, an extraordinary player of Indian cricket team.... who has no ego at all and good human being also. 
textdetox@01907546324b0330d2d8b7669648cc18823323e5/en/000272	en	0	Malaysians take to the streets in Kuala Lampur in commemoration of the International Quds Day URL
textdetox@01907546324b0330d2d8b7669648cc18823323e5/en/000273	en	0	Looks like all American born residents will have to carry passports and birth certificates well those of color. Shameful.
textdetox@01907546324b0330d2d8b7669648cc18823323e5/en/000274	en	0	Salute to these Pakistani fans, cheering up in this situation as well.
textdetox@01907546324b0330d2d8b7669648cc18823323e5/en/000275	en	0	Acting from Shahid In Haidar then in Udta Punjab Now Kabir Singh now it seems bollywood has something to show
textdetox@01907546324b0330d2d8b7669648cc18823323e5/en/000276	en	0	I though Malaysians are rather traditional and Malays are expected to have Malay for their first language, so thanks you for this valuable information.
textdetox@01907546324b0330d2d8b7669648cc18823323e5/en/000277	en	0	Good to see interracial relationships.
textdetox@01907546324b0330d2d8b7669648cc18823323e5/en/000278	en	0	Generally, it's not necessary to treat a woman's male sexual partner, but can spread between female sexual partners.
textdetox@01907546324b0330d2d8b7669648cc18823323e5/en/000279	en	0	That's not a nice thing to say about a woman...
textdetox@01907546324b0330d2d8b7669648cc18823323e5/en/000280	en	0	Almost like women have preferences and different taste when it comes to their partners.
textdetox@01907546324b0330d2d8b7669648cc18823323e5/en/000281	en	0	I'm so blessed to be a part of World Conquest Evangelistic Church and Cityland Foundations. URL
textdetox@01907546324b0330d2d8b7669648cc18823323e5/en/000282	en	0	My gf is black and the most beautiful woman I've met
textdetox@01907546324b0330d2d8b7669648cc18823323e5/en/000283	en	0	Serious question for trans people. Does anyone know any international trans rights organisations who hold the position that trans women are not women?
textdetox@01907546324b0330d2d8b7669648cc18823323e5/en/000284	en	0	I don't mind any orientation as long as it you.
textdetox@01907546324b0330d2d8b7669648cc18823323e5/en/000285	en	0	It's pride month! Let's celebrate all our favorite SW by posting photos of them here with an encouraging comment! URL
textdetox@01907546324b0330d2d8b7669648cc18823323e5/en/000286	en	0	Dear Congress (I) ... Why did Hindu Mahasabha members hold membership of INC then?
textdetox@01907546324b0330d2d8b7669648cc18823323e5/en/000287	en	0	Mad props to the black ladies of AL for fighting the good fight.
textdetox@01907546324b0330d2d8b7669648cc18823323e5/en/000288	en	0	Fellow Bi woman here, you are stunning! 
textdetox@01907546324b0330d2d8b7669648cc18823323e5/en/000289	en	0	I wish we got a lot more desi representation in hiphop
textdetox@01907546324b0330d2d8b7669648cc18823323e5/en/000290	en	0	Get to know women with incredible bodies, faces, personalities URL URL
textdetox@01907546324b0330d2d8b7669648cc18823323e5/en/000291	en	0	Congratulations mexican brothers* from Africa§
textdetox@01907546324b0330d2d8b7669648cc18823323e5/en/000292	en	0	Happy Pride Month To All Friends And Followers I Have. Anyone Bothered By My Support For The LGBTQ Community Hit That Unfollow Button G.
textdetox@01907546324b0330d2d8b7669648cc18823323e5/en/000293	en	0	Thank you for this. Very important to me and my trans brothers.
textdetox@01907546324b0330d2d8b7669648cc18823323e5/en/000294	en	0	cant believe tfue died today rest in peace love brazil one prayer = one lootbox
textdetox@01907546324b0330d2d8b7669648cc18823323e5/en/000295	en	0	After watching this,I think Asian people are cute af.
textdetox@01907546324b0330d2d8b7669648cc18823323e5/en/000296	en	0	Pale girls are so sexy! Red hair makes it even sexier!
textdetox@01907546324b0330d2d8b7669648cc18823323e5/en/000297	en	0	Eid Mubarak! That was so kind of them, thank you for posting this here
textdetox@01907546324b0330d2d8b7669648cc18823323e5/en/000298	en	0	I would go home alone and pay for her uber, because real men wait until marriage.
textdetox@01907546324b0330d2d8b7669648cc18823323e5/en/000299	en	0	Some of the smartest and nicest people I have met are from India! Much respect!
textdetox@01907546324b0330d2d8b7669648cc18823323e5/en/000300	en	0	seungmin said pansexuality is valid and he's proud of yall for being who you are !!!! URL
textdetox@01907546324b0330d2d8b7669648cc18823323e5/en/000301	en	0	i'm obsessed with the women on euphoria URL
textdetox@01907546324b0330d2d8b7669648cc18823323e5/en/000302	en	0	Kindness to strangers and charity are huge parts of Islam. Charity being one of the pillars one must uphold to enter heaven.
textdetox@01907546324b0330d2d8b7669648cc18823323e5/en/000303	en	0	Finally, a baseball team that represents my gay experience. Visibility matters y'all @ Wrigley Field URL
textdetox@01907546324b0330d2d8b7669648cc18823323e5/en/000304	en	0	I have been here 40 years and am Hispanic. Never had a problem. And I'm married to a white man.
textdetox@01907546324b0330d2d8b7669648cc18823323e5/en/000305	en	0	and by everybody i mean all fine women
textdetox@01907546324b0330d2d8b7669648cc18823323e5/en/000306	en	0	16, transgender, and getting top surgery in two days :D
textdetox@01907546324b0330d2d8b7669648cc18823323e5/en/000307	en	0	How great are you, man! Praise be to Allaah who taught man what he did not know.
textdetox@01907546324b0330d2d8b7669648cc18823323e5/en/000308	en	0	This is amazing!! Those women worked hard and deserve equal pay!!!! Congrats girls!
textdetox@01907546324b0330d2d8b7669648cc18823323e5/en/000309	en	0	Happy Eid Mubarak in advance to all Muslims
textdetox@01907546324b0330d2d8b7669648cc18823323e5/en/000310	en	0	just happy to be asian baby
textdetox@01907546324b0330d2d8b7669648cc18823323e5/en/000311	en	0	Follow this fella. He's coming to the heterosexual parade in July.
textdetox@01907546324b0330d2d8b7669648cc18823323e5/en/000312	en	0	Wow. Thank you, for not being afraid to shut down this sexism and homophobia. URL
textdetox@01907546324b0330d2d8b7669648cc18823323e5/en/000313	en	0	south african women are gorgeous okay.
textdetox@01907546324b0330d2d8b7669648cc18823323e5/en/000314	en	0	The chilling inaction on domestic violence in Russia is endangering women's lives URL
textdetox@01907546324b0330d2d8b7669648cc18823323e5/en/000315	en	0	All those smart articulate brilliant bold women. When your country finally recognises this is where your future lays you will shine again.
textdetox@01907546324b0330d2d8b7669648cc18823323e5/en/000316	en	0	 I could see them using a familiar concept from U.K. law, already accepted with regard to leases - the 999 year backstop?
textdetox@01907546324b0330d2d8b7669648cc18823323e5/en/000317	en	0	Congratulations INDIA, congrats . And well played . You guys were phenomenal. 
textdetox@01907546324b0330d2d8b7669648cc18823323e5/en/000318	en	0	May 29, 2019 at 10:15AM - Oakland most racially, ethnically diverse USA city : URL
textdetox@01907546324b0330d2d8b7669648cc18823323e5/en/000319	en	0	Why companies need to open up the dialogue around diversity URL URL
textdetox@01907546324b0330d2d8b7669648cc18823323e5/en/000320	en	0	Mixed asian girls are so cute you got this king!
textdetox@01907546324b0330d2d8b7669648cc18823323e5/en/000321	en	0	Why do I get asked if I'm part black so often.... I'm whiter than Casper.
textdetox@01907546324b0330d2d8b7669648cc18823323e5/en/000322	en	0	This black woman saved this man's life. Listen to the trauma and pain in her voice. URL
textdetox@01907546324b0330d2d8b7669648cc18823323e5/en/000323	en	0	Crazy Tempo No he's not. And why does the skin colour matter to you?
textdetox@01907546324b0330d2d8b7669648cc18823323e5/en/000324	en	0	"22. Greenfeld added: ""This is why, in other words, Americans are committed to equality more passionately than any other people."" URL"
textdetox@01907546324b0330d2d8b7669648cc18823323e5/en/000325	en	0	South Africa represent! Same-sex marriages have been legal since 2006. The 5th country in the world to do so.
textdetox@01907546324b0330d2d8b7669648cc18823323e5/en/000326	en	0	"Callicles credits ""Black Lives Matter"" with the coming downfall of Kamala Harris. Why? Check it out. URL"
textdetox@01907546324b0330d2d8b7669648cc18823323e5/en/000327	en	0	She is the most sexiest lady in bollywood...
textdetox@01907546324b0330d2d8b7669648cc18823323e5/en/000328	en	0	Its national girlfriends day so stan clairo and stream immunity tomorrow URL
textdetox@01907546324b0330d2d8b7669648cc18823323e5/en/000329	en	0	There can be no justice unless women are part of that justice 
textdetox@01907546324b0330d2d8b7669648cc18823323e5/en/000330	en	0	Britain invites Saudi Arabia to arms fair despite it being 'unlawful' URL via
textdetox@01907546324b0330d2d8b7669648cc18823323e5/en/000331	en	0	High-five bi brother. Indeed it does rule
textdetox@01907546324b0330d2d8b7669648cc18823323e5/en/000332	en	0	Happy pride month, remember that trans women of color were at the forefront of the struggle and they still are
textdetox@01907546324b0330d2d8b7669648cc18823323e5/en/000333	en	0	single handily beat Racism.
textdetox@01907546324b0330d2d8b7669648cc18823323e5/en/000334	en	0	The comment was about California importing cheap labor. So illegal immigration and work visa abuse are all the same issue.
textdetox@01907546324b0330d2d8b7669648cc18823323e5/en/000335	en	0	"i have nothing against homosexuality in the slightest, i'm bi myself, but can someone explain to me how it's a ""blessing""?"
textdetox@01907546324b0330d2d8b7669648cc18823323e5/en/000336	en	0	How policewomen make communities safer URL
textdetox@01907546324b0330d2d8b7669648cc18823323e5/en/000337	en	0	The latest Didisin Diversia ! URL Thanks to
textdetox@01907546324b0330d2d8b7669648cc18823323e5/en/000338	en	0	"I love being a woman, but I wouldn't say there are ""perks"" to being one."
textdetox@01907546324b0330d2d8b7669648cc18823323e5/en/000339	en	0	"Agape means ""unconditional love"" in the context of Christianity"
textdetox@01907546324b0330d2d8b7669648cc18823323e5/en/000340	en	0	I know a Danerys, Yubelka, Yubelkis, and Yudelka. This IS Washington Heights. All over 40 too.  URL
textdetox@01907546324b0330d2d8b7669648cc18823323e5/en/000341	en	0	anele makhubalo yeah he changed his name because he wants to inspire and bring youth all around the world
textdetox@01907546324b0330d2d8b7669648cc18823323e5/en/000342	en	0	the way she works her hair at the end too. god bless the latina woman
textdetox@01907546324b0330d2d8b7669648cc18823323e5/en/000343	en	0	Omg I'm a gay woman too and I can't stop playing!!! Something about pretty anime boys is just nice
textdetox@01907546324b0330d2d8b7669648cc18823323e5/en/000344	en	0	Retweet  to share a toast in celebration of Pride Month!!   URL
textdetox@01907546324b0330d2d8b7669648cc18823323e5/en/000345	en	0	Asian American sex workers on the frontlines of xenophobia, sexism, racism. This powerful dominatrix is one of our community heroes. URL
textdetox@01907546324b0330d2d8b7669648cc18823323e5/en/000346	en	0	Asians have that timeless beauty.
textdetox@01907546324b0330d2d8b7669648cc18823323e5/en/000347	en	0	Kannadigas are prod and viraaat I know because I'm an honorary one.
textdetox@01907546324b0330d2d8b7669648cc18823323e5/en/000348	en	0	Where goes full blown Antisemite! URL
textdetox@01907546324b0330d2d8b7669648cc18823323e5/en/000349	en	0	 Ent. Gaming hes part asian, hes not just black
textdetox@01907546324b0330d2d8b7669648cc18823323e5/en/000350	en	0	this blew up so,,, it's pride month so pls donate to legitimate charities that protect the rights of lgbtq+ ‍
textdetox@01907546324b0330d2d8b7669648cc18823323e5/en/000351	en	0	" Bruh don't call people crackers although you are white. It references when slave owners ""cracked"" theyre whip at the slaves."
textdetox@01907546324b0330d2d8b7669648cc18823323e5/en/000352	en	0	some who understands pokemon go please dm me
textdetox@01907546324b0330d2d8b7669648cc18823323e5/en/000353	en	0	Pakistan come back in last matches deserve to be appreciated love from loc kargil
textdetox@01907546324b0330d2d8b7669648cc18823323e5/en/000354	en	0	Man trump is literally helping black people by doing this.
textdetox@01907546324b0330d2d8b7669648cc18823323e5/en/000355	en	0	Glad we rescued all the jews a while ago. Ethiopia is not a great place.
textdetox@01907546324b0330d2d8b7669648cc18823323e5/en/000356	en	0	Eid Mubarak all of my Facebook friend !!!!
textdetox@01907546324b0330d2d8b7669648cc18823323e5/en/000357	en	0	I am a white woman can confirm this is hilarious and on point
textdetox@01907546324b0330d2d8b7669648cc18823323e5/en/000358	en	0	first presidential nominee to support gay marriage
textdetox@01907546324b0330d2d8b7669648cc18823323e5/en/000359	en	0	Swaraj Ji had an eventful life. She was the youngest Cabinet Minister ever at the age of 25 years old. Om Shanti. URL
textdetox@01907546324b0330d2d8b7669648cc18823323e5/en/000360	en	0	GOD IS FAITHFUL!  May Bible reading plan. Learning to rely on God wholeheartedly! URL
textdetox@01907546324b0330d2d8b7669648cc18823323e5/en/000361	en	0	As a black guy.. I can approve
textdetox@01907546324b0330d2d8b7669648cc18823323e5/en/000362	en	0	He has engaged himself to educate youth with islamic doctrine as taught to us by our beloved prophet Mohammad ( saw). URL
textdetox@01907546324b0330d2d8b7669648cc18823323e5/en/000363	en	0	She deserves the utmost respect. What she's doing for the Black Community is exceptional. Using her power and privilege the right way.
textdetox@01907546324b0330d2d8b7669648cc18823323e5/en/000364	en	0	2 people that I know of transitioned after hs and a ton of us turned out lgb- so a little education wouldnt hurt.
textdetox@01907546324b0330d2d8b7669648cc18823323e5/en/000365	en	0	pls god ji bless this child. The Prayer Life Of Fateh URL
textdetox@01907546324b0330d2d8b7669648cc18823323e5/en/000366	en	0	MashAllah Beautiful Blessing Of Allah
textdetox@01907546324b0330d2d8b7669648cc18823323e5/en/000367	en	0	I don't want to make everything lgbt. Nearly all of my favorite ships are straight. I just wanted to make something for pride month.
textdetox@01907546324b0330d2d8b7669648cc18823323e5/en/000368	en	0	marianne williamson talks about racism more directly than anyone else
textdetox@01907546324b0330d2d8b7669648cc18823323e5/en/000369	en	0	For sure. It doesn't bother me what her sexual orientation is, as long as we like each other that is all the matters.
textdetox@01907546324b0330d2d8b7669648cc18823323e5/en/000370	en	0	of course, but with the fight for equality (which i completely support) is full equality. not a pick and choose.
textdetox@01907546324b0330d2d8b7669648cc18823323e5/en/000371	en	0	Bring back the League of Women Voters
textdetox@01907546324b0330d2d8b7669648cc18823323e5/en/000372	en	0	All Assyrians are welcome in Armenia
textdetox@01907546324b0330d2d8b7669648cc18823323e5/en/000373	en	0	"Women in the Chinese film industry are asking for more diverse roles and scripts that would allow them to ""age gracefully"" on screen URL"
textdetox@01907546324b0330d2d8b7669648cc18823323e5/en/000374	en	0	Im gay and I approve this message
textdetox@01907546324b0330d2d8b7669648cc18823323e5/en/000375	en	0	You might be interested to know that there are Christian communities in India that are older than in the west, too.
textdetox@01907546324b0330d2d8b7669648cc18823323e5/en/000376	en	0	Yea Islam and the left never killed anyone.
textdetox@01907546324b0330d2d8b7669648cc18823323e5/en/000377	en	0	I'm pretty strongly Lutheran, my wife is nominally Christian. We make it work.
textdetox@01907546324b0330d2d8b7669648cc18823323e5/en/000378	en	0	" Fun fact: Disney wouldn't be ""making"" Valkyrie gay/bi, they'd be keeping true to the comics. URL"
textdetox@01907546324b0330d2d8b7669648cc18823323e5/en/000379	en	0	Happy pride month!! If only my parents weren't homophobic and there was a pride parade near me;(
textdetox@01907546324b0330d2d8b7669648cc18823323e5/en/000380	en	0	Am a catholic I agree with you 100%
textdetox@01907546324b0330d2d8b7669648cc18823323e5/en/000381	en	0	happy national girlfriend day to my girlfriends <3
textdetox@01907546324b0330d2d8b7669648cc18823323e5/en/000382	en	0	Polish Photographer Creates Amazing Slavic Pagan Themed Photoshoot And Proves Slavs Have Amazing Culture URL
textdetox@01907546324b0330d2d8b7669648cc18823323e5/en/000383	en	0	"I'm just happy that it's happening now, better late than never and I'm glad supporting lgbt has become ""mainstream"" in recent times."
textdetox@01907546324b0330d2d8b7669648cc18823323e5/en/000384	en	0	Out of curiosity, what makes non-denominational churches different from other divisions of Protestantism?
textdetox@01907546324b0330d2d8b7669648cc18823323e5/en/000385	en	0	every Bahá'í is happy rn lol
textdetox@01907546324b0330d2d8b7669648cc18823323e5/en/000386	en	0	Pack of 4 Maxi Light Lightening and Purifying Beauty Soap 4.2 Oz URL
textdetox@01907546324b0330d2d8b7669648cc18823323e5/en/000387	en	0	she has transitioned and her wife is fully supportive
textdetox@01907546324b0330d2d8b7669648cc18823323e5/en/000388	en	0	I'm just gonna mention that trans women exists and this seems tangently related. Trans girls are valid and you're valid
textdetox@01907546324b0330d2d8b7669648cc18823323e5/en/000389	en	0	Young ethiopian kid for me
textdetox@01907546324b0330d2d8b7669648cc18823323e5/en/000390	en	0	JUST IN: Gillibrand celebrates Pride Month by unveiling LGBT rights agenda URL URL
textdetox@01907546324b0330d2d8b7669648cc18823323e5/en/000391	en	0	BTS outtake from my cover shoot with Gay Times for their June Summer of Pride 2019 issue. Have ya'll subscribed to ??? URL
textdetox@01907546324b0330d2d8b7669648cc18823323e5/en/000392	en	0	People with autism always amaze me
textdetox@01907546324b0330d2d8b7669648cc18823323e5/en/000393	en	0	Strong women need to rule our nation
textdetox@01907546324b0330d2d8b7669648cc18823323e5/en/000394	en	0	boys, appreciate your girl that's all what they're ask for
textdetox@01907546324b0330d2d8b7669648cc18823323e5/en/000395	en	0	Strong women expressing themselves feel so empowering. We would spend hours talking with  Tune in: URL URL
textdetox@01907546324b0330d2d8b7669648cc18823323e5/en/000396	en	0	34 Black women are graduating from West Point in 2019, making it the most diverse class in the academy's history URL
textdetox@01907546324b0330d2d8b7669648cc18823323e5/en/000397	en	0	It's a great honor for Reza Shah
textdetox@01907546324b0330d2d8b7669648cc18823323e5/en/000398	en	0	Be the man she prayed for
textdetox@01907546324b0330d2d8b7669648cc18823323e5/en/000399	en	0	The positive side of all this is that shes not sleeping with another guy.
textdetox@01907546324b0330d2d8b7669648cc18823323e5/en/000400	en	0	So what does being in a great man then be in a Hispanic has to do with anything.
textdetox@01907546324b0330d2d8b7669648cc18823323e5/en/000401	en	0	2 absolutely FLAWLESS Women!!! Perfection from head to toe, and the purest form of power and beauty!!!
textdetox@01907546324b0330d2d8b7669648cc18823323e5/en/000402	en	0	They are brave women who are breaking through boundaries. They are destroying nothing.
textdetox@01907546324b0330d2d8b7669648cc18823323e5/en/000403	en	0	This world would be nothing without a woman or a girl. -James Brown
textdetox@01907546324b0330d2d8b7669648cc18823323e5/en/000404	en	0	I yearn for true gender equality
textdetox@01907546324b0330d2d8b7669648cc18823323e5/en/000405	en	0	being an ally helps just as much as being LGBT!!
textdetox@01907546324b0330d2d8b7669648cc18823323e5/en/000406	en	0	I love this woman. What a historic female Patriot to this country.
textdetox@01907546324b0330d2d8b7669648cc18823323e5/en/000407	en	0	Great principles that can be applied to any organisation or person who want to support more women in leadership positions. URL
textdetox@01907546324b0330d2d8b7669648cc18823323e5/en/000408	en	0	ummm, the Gay flag has every color in the rainbow, so what do you mean??
textdetox@01907546324b0330d2d8b7669648cc18823323e5/en/000409	en	0	Recapping last night's Next Women of Country!  URL
textdetox@01907546324b0330d2d8b7669648cc18823323e5/en/000410	en	0	Lmaoooo these are all upstanding gentlemen who respect women and mind they own business.
textdetox@01907546324b0330d2d8b7669648cc18823323e5/en/000411	en	0	my character havin a good time (they are trans pls b respectful!)  URL
textdetox@01907546324b0330d2d8b7669648cc18823323e5/en/000412	en	0	Are you telling me women can't be bros?
textdetox@01907546324b0330d2d8b7669648cc18823323e5/en/000413	en	0	Salam Syawal to all our Muslim friends who are celebrating!  Selamat Hari Raya!
textdetox@01907546324b0330d2d8b7669648cc18823323e5/en/000414	en	0	Simultaneously empowering and demeaning. Sometimes you have an easier time getting by, but sometimes you're not taken seriously. Hey! I think we're all hot...
textdetox@01907546324b0330d2d8b7669648cc18823323e5/en/000415	en	0	Oh God, Demotivational Poster style memes. God I feel old, I used to spend hours looking those things up.
textdetox@01907546324b0330d2d8b7669648cc18823323e5/en/000416	en	0	I'm in my mid twenties, I'm a straight trans masc dude but I'm pretty feminine as well. You're not alone!
textdetox@01907546324b0330d2d8b7669648cc18823323e5/en/000417	en	0	Lots of love from the Slavs, we love you man
textdetox@01907546324b0330d2d8b7669648cc18823323e5/en/000418	en	0	divine feminine = playing tennis knowing u look hot
textdetox@01907546324b0330d2d8b7669648cc18823323e5/en/000419	en	0	Happy pride month! Protect trans kids, bisexuals aren't confused, and asexuals and aromantics are valid! URL
textdetox@01907546324b0330d2d8b7669648cc18823323e5/en/000420	en	0	Cool with it, in fact I think bi guys and girls have it the best.
textdetox@01907546324b0330d2d8b7669648cc18823323e5/en/000421	en	0	This is completely true. As a biracial person, I thank the tumblr user who said all of this.
textdetox@01907546324b0330d2d8b7669648cc18823323e5/en/000422	en	0	The Heart Attack mv has more respectful lesbian representation than half of the most popular lesbian films
textdetox@01907546324b0330d2d8b7669648cc18823323e5/en/000423	en	0	I know this has nothing to do with race... but I'm proud of a fellow Canadian-Asian
textdetox@01907546324b0330d2d8b7669648cc18823323e5/en/000424	en	0	God bless you Pastor Owens and God bless your ministry. You are a great role model.
textdetox@01907546324b0330d2d8b7669648cc18823323e5/en/000425	en	0	Anwar Jibawi hey I'm Arabic please reply
textdetox@01907546324b0330d2d8b7669648cc18823323e5/en/000426	en	0	Most diverse ever! <thumbnail shows all black females> Seems legit.
textdetox@01907546324b0330d2d8b7669648cc18823323e5/en/000427	en	0	You know what we need more of? Movies with strong female protagonists!!
textdetox@01907546324b0330d2d8b7669648cc18823323e5/en/000428	en	0	AUNZ | — 'I do get messages from people in the LGBTI community about how my work has helped them come… URL
textdetox@01907546324b0330d2d8b7669648cc18823323e5/en/000429	en	0	At the press junket. Loving these strong female heroes portrayed on the big screen URL
textdetox@01907546324b0330d2d8b7669648cc18823323e5/en/000430	en	0	Yes, fellow Christians. It is certainly us Christians who would benefit most from this...definitely
textdetox@01907546324b0330d2d8b7669648cc18823323e5/en/000431	en	0	And I can't stop thinking about black men.
textdetox@01907546324b0330d2d8b7669648cc18823323e5/en/000432	en	0	that light blue menchie and zyler shirt said trans rights!
textdetox@01907546324b0330d2d8b7669648cc18823323e5/en/000433	en	0	We learn a lot when we have to survive terrible times - I believe we can also learn a lot when we love learning....
textdetox@01907546324b0330d2d8b7669648cc18823323e5/en/000434	en	0	You don't have to be biracial to be mixed :) URL
textdetox@01907546324b0330d2d8b7669648cc18823323e5/en/000435	en	0	Women y'all gotta KEEP YA HEAD UP‼ URL
textdetox@01907546324b0330d2d8b7669648cc18823323e5/en/000436	en	0	Going up on the store tonight URL
textdetox@01907546324b0330d2d8b7669648cc18823323e5/en/000437	en	0	I love Japanese architecture, too.
textdetox@01907546324b0330d2d8b7669648cc18823323e5/en/000438	en	0	Im black and I finally have self esteem! And it's all thanks to this video yall!
textdetox@01907546324b0330d2d8b7669648cc18823323e5/en/000439	en	0	Bisexual and I don't drink coffee :') hot chocolate/cocoa is more my cup of tea
textdetox@01907546324b0330d2d8b7669648cc18823323e5/en/000440	en	0	happy pride month fellow gays
textdetox@01907546324b0330d2d8b7669648cc18823323e5/en/000441	en	0	I'm convinced he  our Hispanic culture and women
textdetox@01907546324b0330d2d8b7669648cc18823323e5/en/000442	en	0	They will take Jerusalem back boys
textdetox@01907546324b0330d2d8b7669648cc18823323e5/en/000443	en	0	We have the most beautiful women!
textdetox@01907546324b0330d2d8b7669648cc18823323e5/en/000444	en	0	I knew all this from other trans women from here but you put it very well.
textdetox@01907546324b0330d2d8b7669648cc18823323e5/en/000445	en	0	Thank you! And I'm not Muslim but I see others saying it so Eid Mubarak! You're such a cool ally!
textdetox@01907546324b0330d2d8b7669648cc18823323e5/en/000446	en	0	"Hazrat Mirza Masroor Ahmad ""My message to the world is to look at tomorrow, and not just today"" "
textdetox@01907546324b0330d2d8b7669648cc18823323e5/en/000447	en	0	Obama Sends Sweet Message To Sikh Man Wearing Rainbow Turban For Pride URL via
textdetox@01907546324b0330d2d8b7669648cc18823323e5/en/000448	en	0	Run with any of these teams it doesn't matter you'll still get ran by me with the skins every time‍
textdetox@01907546324b0330d2d8b7669648cc18823323e5/en/000449	en	0	What Attracts a Woman to a Man? URL
textdetox@01907546324b0330d2d8b7669648cc18823323e5/en/000450	en	0	I like to socialise its nice to socialise with people in Lithuania, I am black guy.
textdetox@01907546324b0330d2d8b7669648cc18823323e5/en/000451	en	0	Fact: The United States has legal obligations to provide protection to those who qualify as refugees. URL
textdetox@01907546324b0330d2d8b7669648cc18823323e5/en/000452	en	0	David Strah Shares His Experiences Raising a Trans Son on Latest Episode of Daddy Square - Time For Families URL URL
textdetox@01907546324b0330d2d8b7669648cc18823323e5/en/000453	en	0	Wow, god bless you man. Endless respect. Feels genuinely beautiful being a BI enthusiast!
textdetox@01907546324b0330d2d8b7669648cc18823323e5/en/000454	en	0	Asian girls are always a win
textdetox@01907546324b0330d2d8b7669648cc18823323e5/en/000455	en	0	Domestic Abuse in LGBTQ relationships is a real epidemic and is under reported especially in Male to Male relationships. URL
textdetox@01907546324b0330d2d8b7669648cc18823323e5/en/000456	en	0	But if you dismantle the welfare state, what's the purpose of kicking out people who travelled here without your permission?
textdetox@01907546324b0330d2d8b7669648cc18823323e5/en/000457	en	0	How great it is that someone who is away from the Sacraments, come back to Confession, and to receive Holy Communion.
textdetox@01907546324b0330d2d8b7669648cc18823323e5/en/000458	en	0	happy pride month to my fellow gays i love you all
textdetox@01907546324b0330d2d8b7669648cc18823323e5/en/000459	en	0	Sending my very best wishes to Muslims in the UK and around the world celebrating the festival of Eid al-Fitr. ⁠ URL URL
textdetox@01907546324b0330d2d8b7669648cc18823323e5/en/000460	en	0	Thanks for being honest, it is how women are. Thank the women.
textdetox@01907546324b0330d2d8b7669648cc18823323e5/en/000461	en	0	Home — Stop Antisemitism URL
textdetox@01907546324b0330d2d8b7669648cc18823323e5/en/000462	en	0	Happy Pride month to all my LGBTQ+ guys, gals, and gender non specific pals! I love you ‍
textdetox@01907546324b0330d2d8b7669648cc18823323e5/en/000463	en	0	Want me one that don't even say hello
textdetox@01907546324b0330d2d8b7669648cc18823323e5/en/000464	en	0	Seriously, anytime he runs one out, it seems like he pulls his groin. He needs to change up his training routine.
textdetox@01907546324b0330d2d8b7669648cc18823323e5/en/000465	en	0	I absolutely love how race conscious the youth is today! Diversity is our strength! URL-michellecijij-who-said-latinas-cant-go-to-the-beach-35940937.png URL
textdetox@01907546324b0330d2d8b7669648cc18823323e5/en/000466	en	0	Don't like most Country but this hit different in a hood niggas heart.
textdetox@01907546324b0330d2d8b7669648cc18823323e5/en/000467	en	0	i forgot abt that period of my life where i was obsessed w japanese romance dramas
textdetox@01907546324b0330d2d8b7669648cc18823323e5/en/000468	en	0	from India u are best hero in universe be happy & god bless u & your family
textdetox@01907546324b0330d2d8b7669648cc18823323e5/en/000469	en	0	I'm Mexican, so if course my little sister had a 15 (quince) like many of us do.
textdetox@01907546324b0330d2d8b7669648cc18823323e5/en/000470	en	0	To improve your day, there's a transgender pop star on the rise!
textdetox@01907546324b0330d2d8b7669648cc18823323e5/en/000471	en	0	Anything in Minecraft: *Exists* Felix: He was like a father to me *SOBS*
textdetox@01907546324b0330d2d8b7669648cc18823323e5/en/000472	en	0	I'm sure migrants have more to worry about than what PewDiePie thinks about them
textdetox@01907546324b0330d2d8b7669648cc18823323e5/en/000473	en	0	They will not even acknowledge that they maimed innocent Zimbabweans for the love of power...
textdetox@01907546324b0330d2d8b7669648cc18823323e5/en/000474	en	0	Taqabbal Allahu minna wa minkum. (May Allah accept this worship from us and from you). URL
textdetox@01907546324b0330d2d8b7669648cc18823323e5/en/000475	en	0	i grew up muslim too, its pretty good to me.
textdetox@01907546324b0330d2d8b7669648cc18823323e5/en/000476	en	0	Shirtless Noctis is not gay... He's merely enjoying his freedom
textdetox@01907546324b0330d2d8b7669648cc18823323e5/en/000477	en	0	happy pride month remember pansexuals exist and deserve just as much validity as the others
textdetox@01907546324b0330d2d8b7669648cc18823323e5/en/000478	en	0	We, as black people, have to come together as ONE and stop the senseless killings and robbing of our own.
textdetox@01907546324b0330d2d8b7669648cc18823323e5/en/000479	en	0	Connecticut bi woman here, just know you aren't alone and we all love and accept you.
textdetox@01907546324b0330d2d8b7669648cc18823323e5/en/000480	en	0	MEET ME - Spiderman's first ever hijabi character URL
textdetox@01907546324b0330d2d8b7669648cc18823323e5/en/000481	en	0	No disrespect but Angelo is one fine strong black man.
textdetox@01907546324b0330d2d8b7669648cc18823323e5/en/000482	en	0	Has the queen returned to her throne?
textdetox@01907546324b0330d2d8b7669648cc18823323e5/en/000483	en	0	., Founder of Believe in Africa will be speaking at the on Exporting African Excellence alongside Ugo Mozie. Click URL to register. URL
textdetox@01907546324b0330d2d8b7669648cc18823323e5/en/000484	en	0	As a man that loves thicker strong girls, god bless.
textdetox@01907546324b0330d2d8b7669648cc18823323e5/en/000485	en	0	Japan Begins Experiment of Opening to Immigration URL
textdetox@01907546324b0330d2d8b7669648cc18823323e5/en/000486	en	0	India Won The Match By 36 Runs!  What A Performance By Team India!  URL
textdetox@01907546324b0330d2d8b7669648cc18823323e5/en/000487	en	0	cho seungyoun is every woman's dream guy URL
textdetox@01907546324b0330d2d8b7669648cc18823323e5/en/000488	en	0	same. Love having a black woman therapist.
textdetox@01907546324b0330d2d8b7669648cc18823323e5/en/000489	en	0	More women are creating new businesses and amassing fortunes than ever before. Check out the 2019 list on . URL URL
textdetox@01907546324b0330d2d8b7669648cc18823323e5/en/000490	en	0	\*Democratically elected woman who are simply doing their jobs
textdetox@01907546324b0330d2d8b7669648cc18823323e5/en/000491	en	0	Also me as a closeted trans girl. we're here for you!
textdetox@01907546324b0330d2d8b7669648cc18823323e5/en/000492	en	0	But there is a difference between showing the respect and faith, i have nothing against Buddhists, but i dont pray to their God.
textdetox@01907546324b0330d2d8b7669648cc18823323e5/en/000493	en	0	We support trans people here
textdetox@01907546324b0330d2d8b7669648cc18823323e5/en/000494	en	0	Good luck sister, may Allah make things easier for you in the future in sha Allah. Respect for telling your story.
textdetox@01907546324b0330d2d8b7669648cc18823323e5/en/000495	en	0	I'm half Chinese and Taiwanese :P
textdetox@01907546324b0330d2d8b7669648cc18823323e5/en/000496	en	0	Just let people be accepted for whatever gender they choose. How does it impact your life?
textdetox@01907546324b0330d2d8b7669648cc18823323e5/en/000497	en	0	Alhamdulillah for another blessed day
textdetox@01907546324b0330d2d8b7669648cc18823323e5/en/000498	en	0	that's awesome! you look great, and as a young trans dude myself, that's kinda like a role model to me.
textdetox@01907546324b0330d2d8b7669648cc18823323e5/en/000499	en	0	Nein, I am not ze spy of glorious Deutschland! Vat a dummkopf idea!
textdetox@01907546324b0330d2d8b7669648cc18823323e5/en/000500	en	0	There is just something about tan blonde asian women that is so beautiful.
textdetox@01907546324b0330d2d8b7669648cc18823323e5/en/000501	en	0	I love the diversity of women in this video!!
textdetox@01907546324b0330d2d8b7669648cc18823323e5/en/000502	en	0	Black Saints, white worshippers - Black History Month 2019 | Black History Month Celebrating the Great Black British Achievers URL
textdetox@01907546324b0330d2d8b7669648cc18823323e5/en/000503	en	0	Man, that dude really is awesome. As a member of the LGBTQ+ community, I applaud him!
textdetox@01907546324b0330d2d8b7669648cc18823323e5/en/000504	en	0	Vogue Japan loves White models and local fashion magazines love Hapa girls thats it
textdetox@01907546324b0330d2d8b7669648cc18823323e5/en/000505	en	0	Congratulations to India this is a great achievement as a country.
textdetox@01907546324b0330d2d8b7669648cc18823323e5/en/000506	en	0	im not an arabian but im close bc im a persian so im kinda like that
textdetox@01907546324b0330d2d8b7669648cc18823323e5/en/000507	en	0	I think he's aware of his own sexuality...
textdetox@01907546324b0330d2d8b7669648cc18823323e5/en/000508	en	0	Pakistan team leaving for prayer in Nottingham. URL
textdetox@01907546324b0330d2d8b7669648cc18823323e5/en/000509	en	0	This makes me feel validated. I'm slowly coming to terms with my sexuality, and this was nice to read. Thank you.
textdetox@01907546324b0330d2d8b7669648cc18823323e5/en/000510	en	0	As a bi person I appreciate this
textdetox@01907546324b0330d2d8b7669648cc18823323e5/en/000511	en	0	Cheers to living our best lives!! Women are amazing aren't they
textdetox@01907546324b0330d2d8b7669648cc18823323e5/en/000512	en	0	as another bisexual woman who didnt know this existed, THANK YOU SO MUCH FOR THIS
textdetox@01907546324b0330d2d8b7669648cc18823323e5/en/000513	en	0	The only color I acknowledge when interacting with my brothers and sisters in Christ is the red of His blood shed for us.
textdetox@01907546324b0330d2d8b7669648cc18823323e5/en/000514	en	0	Bro Your fine Armenians love learning about other cultures and you'll fit in perfectly fine.
textdetox@01907546324b0330d2d8b7669648cc18823323e5/en/000515	en	0	wa yiak Eid Mubarak Ikhwan !! May Allah swt. bless our familys and our packages !
textdetox@01907546324b0330d2d8b7669648cc18823323e5/en/000516	en	0	Mazel Tov! Burech Yida Halberstam had a girl. The Kiddush will be this Shabbos in Gribov 1601 48 St. Oif Simchas! Git Shabbos! URL
textdetox@01907546324b0330d2d8b7669648cc18823323e5/en/000517	en	0	shout out to the black female sherif i drove past, you go girl! the police force needs more representation
textdetox@01907546324b0330d2d8b7669648cc18823323e5/en/000518	en	0	This exactly why bey did this song. Such a powerful song. So empowering. Black energy definitely won here. Africa to the world!!!
textdetox@01907546324b0330d2d8b7669648cc18823323e5/en/000519	en	0	Point is the LGBTQ community is very open with sexuality.
textdetox@01907546324b0330d2d8b7669648cc18823323e5/en/000520	en	0	WE ARE PROUD OF YOU SARFARAZ FOR STICKING TO OUR TRADITIONAL ATTIRE WHILE REPRESENTING US GLOBALLY MORE POWER TO YOU  URL
textdetox@01907546324b0330d2d8b7669648cc18823323e5/en/000521	en	0	Why attack a government that is the mortal enemy of the Taliban, al-Qaida and Islamic State? asks URL
textdetox@01907546324b0330d2d8b7669648cc18823323e5/en/000522	en	0	You think this applies to all women? Since it's in a study then this is how everyone thinks?
textdetox@01907546324b0330d2d8b7669648cc18823323e5/en/000523	en	0	Rosie Perez is really one of the baddest women of all time, dont tell me otherwise
textdetox@01907546324b0330d2d8b7669648cc18823323e5/en/000524	en	0	You can really make a woman's day with a compliment that has no agenda...
textdetox@01907546324b0330d2d8b7669648cc18823323e5/en/000525	en	0	ALLAH test those whom He loves
textdetox@01907546324b0330d2d8b7669648cc18823323e5/en/000526	en	0	I'm bi as well so happy pride month back to you
textdetox@01907546324b0330d2d8b7669648cc18823323e5/en/000527	en	0	There are still a few good men on the committee. More men than women .Candace Owen's is extraordinary
textdetox@01907546324b0330d2d8b7669648cc18823323e5/en/000528	en	0	When you visit your Muslim friend. URL
textdetox@01907546324b0330d2d8b7669648cc18823323e5/en/000529	en	0	We can never forget that the fight for trans lives is global. URL
textdetox@01907546324b0330d2d8b7669648cc18823323e5/en/000530	en	0	I hate being the only hijabi lol
textdetox@01907546324b0330d2d8b7669648cc18823323e5/en/000531	en	0	Perhaps Im wrong but wasnt Yemen part of the holy land? Hope it get some blessing asap.
textdetox@01907546324b0330d2d8b7669648cc18823323e5/en/000532	en	0	It's currently over 2000 religions in the world and y'all gon choose one to worship for the rest of your life?
textdetox@01907546324b0330d2d8b7669648cc18823323e5/en/000533	en	0	Ima Indian dude. Predominantly hip hop listener...this song makes me appreciate the simple things in life that we Americans live by..
textdetox@01907546324b0330d2d8b7669648cc18823323e5/en/000534	en	0	Great way to think and feel. It is about how we feel not if others confuse us for female.
textdetox@01907546324b0330d2d8b7669648cc18823323e5/en/000535	en	0	I tried to speak a little about the holy month, Ramadhan. URL
textdetox@01907546324b0330d2d8b7669648cc18823323e5/en/000536	en	0	She is refugee too from Kosovo
textdetox@01907546324b0330d2d8b7669648cc18823323e5/en/000537	en	0	Being gay is not a decision but ok
textdetox@01907546324b0330d2d8b7669648cc18823323e5/en/000538	en	0	Happy Eid'l Fitr to us my Muslim Brothers and Sisters! Alhamdulillah
textdetox@01907546324b0330d2d8b7669648cc18823323e5/en/000539	en	0	Janice Fiamengo is also a great speaker for real equality.
textdetox@01907546324b0330d2d8b7669648cc18823323e5/en/000540	en	0	I'm marrying a Venezuelan and theyre ecstatic :)
textdetox@01907546324b0330d2d8b7669648cc18823323e5/en/000541	en	0	I still just want black men and women to love each other again
textdetox@01907546324b0330d2d8b7669648cc18823323e5/en/000542	en	0	Qatar PM arrives in Saudi on first visit since Gulf crisis – media URL
textdetox@01907546324b0330d2d8b7669648cc18823323e5/en/000543	en	0	Wishing each other on Eid deepens the bond of love and brotherhood. Blessed Eid ul-Fitr to all of you. * Eid Mubarak.
textdetox@01907546324b0330d2d8b7669648cc18823323e5/en/000544	en	0	They're all pretty but the Indian girl stands out more
textdetox@01907546324b0330d2d8b7669648cc18823323e5/en/000545	en	0	This is super interesting! Love quirky Lebanese people. You don't hear about them often! Most people the mainstream like sheep here.
textdetox@01907546324b0330d2d8b7669648cc18823323e5/en/000546	en	0	Not to take away from her as she did amazing. But there has been quite a few black opera singers brfore.
textdetox@01907546324b0330d2d8b7669648cc18823323e5/en/000547	en	0	It's really nice that it's a lot more acceptable for people to come out these days.
textdetox@01907546324b0330d2d8b7669648cc18823323e5/en/000548	en	0	I found tall woman very attractive. Taller than me? Well, hello there..
textdetox@01907546324b0330d2d8b7669648cc18823323e5/en/000549	en	0	Just like Arius, Pelagius, Joseph Smith and all the other edgy radicals amirite?
textdetox@01907546324b0330d2d8b7669648cc18823323e5/en/000550	en	0	i think you forget that i'm actually your favorite mutual ma'am URL
textdetox@01907546324b0330d2d8b7669648cc18823323e5/en/000551	en	0	On this day, Pakistan prays for our brothers and sisters in Kashmir. May they remain safe and may justice prevail. Zindabad! Kashmir Zindabad!
textdetox@01907546324b0330d2d8b7669648cc18823323e5/en/000552	en	0	Beautiful black family's showing a positive nature full of love and laughter nothing better in the world
textdetox@01907546324b0330d2d8b7669648cc18823323e5/en/000553	en	0	Bonnie Robinson has nothing to do with the issue of illegal immigration.
textdetox@01907546324b0330d2d8b7669648cc18823323e5/en/000554	en	0	I second this; Sikhs are generally good people in this regard
textdetox@01907546324b0330d2d8b7669648cc18823323e5/en/000555	en	0	Wow, the carpenter is a woman
textdetox@01907546324b0330d2d8b7669648cc18823323e5/en/000556	en	0	Viva Iran and Iranian super power
textdetox@01907546324b0330d2d8b7669648cc18823323e5/en/000557	en	0	What a strong and powerful way of coming out!
textdetox@01907546324b0330d2d8b7669648cc18823323e5/en/000558	en	0	Grumbach: African Americans, Latinos, and Asians are very underrepresented in the donor class, even compared to members of congress.
textdetox@01907546324b0330d2d8b7669648cc18823323e5/en/000559	en	0	House Democrats unanimously pass 'Equality Act' to protect LGBTQ rights - ABC News - via URL
textdetox@01907546324b0330d2d8b7669648cc18823323e5/en/000560	en	0	Ramazan has always proved a blessing for PAKISTAN. 27th Ramazan when Pakistan came into existence
textdetox@01907546324b0330d2d8b7669648cc18823323e5/en/000561	en	0	There's nothing wrong with being mixed race.
textdetox@01907546324b0330d2d8b7669648cc18823323e5/en/000562	en	0	I think that Allah and Abraham consented to killing Ishmael so apparently it was all good.
textdetox@01907546324b0330d2d8b7669648cc18823323e5/en/000563	en	0	Great women, I can see how insecure men could be intimidated by them. I find them amazing and inspiring.
textdetox@01907546324b0330d2d8b7669648cc18823323e5/en/000564	en	0	5'9 girls represent. I looove my height!!
textdetox@01907546324b0330d2d8b7669648cc18823323e5/en/000565	en	0	Good on you man! I wish more younger (like 15-17) trans* people were able to start hormones and get the reaffirming surgeries they need.
textdetox@01907546324b0330d2d8b7669648cc18823323e5/en/000566	en	0	How many people of color and lgbt are where?
textdetox@01907546324b0330d2d8b7669648cc18823323e5/en/000567	en	0	Eid Mubarak to everyone and your families!
textdetox@01907546324b0330d2d8b7669648cc18823323e5/en/000568	en	0	" I don't have a problem with ""guys"" but I don't speak for everyone. Just sharing one important perspective on the matter!"
textdetox@01907546324b0330d2d8b7669648cc18823323e5/en/000569	en	0	"The Saujana Hotel Kuala Lumpur wishes all our Muslim friends ""Selamat Hari Raya Aidilfitri"" on this blessed month of Syawal...Safe travels everyone! URL"
textdetox@01907546324b0330d2d8b7669648cc18823323e5/en/000570	en	0	We love our inclusive queen
textdetox@01907546324b0330d2d8b7669648cc18823323e5/en/000571	en	0	Lil Nas X will be on the cover of a popular LGBTQ magazine.
textdetox@01907546324b0330d2d8b7669648cc18823323e5/en/000572	en	0	Fun fact: Only respecting women that you're attracted to isn't respecting women.
textdetox@01907546324b0330d2d8b7669648cc18823323e5/en/000573	en	0	He's not indian orgin. He is a pakistani
textdetox@01907546324b0330d2d8b7669648cc18823323e5/en/000574	en	0	Now that is how its done, Happy Birthday! Love to see black families celebrating the growth of their children.
textdetox@01907546324b0330d2d8b7669648cc18823323e5/en/000575	en	0	Getting closer and hope to attend my first Pride as an out gay man in 2020... maybe 2021
textdetox@01907546324b0330d2d8b7669648cc18823323e5/en/000576	en	0	Thank you! This is the type of immigration we need! Wishing you and your family the best!
textdetox@01907546324b0330d2d8b7669648cc18823323e5/en/000577	en	0	Representatives: indigenous Kadasan-dusun, Islam, Buddhism, and Christianity. It is so heartwarming to see religious leaders sit side by side to talk about conservation.
textdetox@01907546324b0330d2d8b7669648cc18823323e5/en/000578	en	0	skin color shdnt matter
textdetox@01907546324b0330d2d8b7669648cc18823323e5/en/000579	en	0	Ghana: Rawlings Calls On Ghanaians to Embrace family Planning URL
textdetox@01907546324b0330d2d8b7669648cc18823323e5/en/000580	en	0	Equestrianism is one of the few sports where men and women compete on completely equal terms. URL
textdetox@01907546324b0330d2d8b7669648cc18823323e5/en/000581	en	0	A sexy, kind, independent, ambitions woman with a double major bachelor
textdetox@01907546324b0330d2d8b7669648cc18823323e5/en/000582	en	0	One of the most important relationships you can have is a relationship with God.
textdetox@01907546324b0330d2d8b7669648cc18823323e5/en/000583	en	0	Congrats to USA love from Pakistan
textdetox@01907546324b0330d2d8b7669648cc18823323e5/en/000584	en	0	A lot of us are straight and support our gay friends n family too!
textdetox@01907546324b0330d2d8b7669648cc18823323e5/en/000585	en	0	Pretty girls are my weakness boiiiiiii
textdetox@01907546324b0330d2d8b7669648cc18823323e5/en/000586	en	0	How many ways can you spell homophobia? Here is yet another example! URL
textdetox@01907546324b0330d2d8b7669648cc18823323e5/en/000587	en	0	Happy Easter! This woman is clearly dedicated to the lord, I respect that
textdetox@01907546324b0330d2d8b7669648cc18823323e5/en/000588	en	0	Hey, don't insult a great religion like that! Speaking of the Church of Satan of course.
textdetox@01907546324b0330d2d8b7669648cc18823323e5/en/000589	en	0	It's nothing wrong with being white, black, asian, latino, indian, or anything missing.
textdetox@01907546324b0330d2d8b7669648cc18823323e5/en/000590	en	0	He got the thug passion ;) from tupac
textdetox@01907546324b0330d2d8b7669648cc18823323e5/en/000591	en	0	Sweet! I think that's great and I'm glad that men's groups are also fighting for equal rights.
textdetox@01907546324b0330d2d8b7669648cc18823323e5/en/000592	en	0	This is a fight for women's lives and fundamental rights, and I intend to win. URL
textdetox@01907546324b0330d2d8b7669648cc18823323e5/en/000593	en	0	Prime Minister Modi pays tribute to at her residence in Delhi URL URL
textdetox@01907546324b0330d2d8b7669648cc18823323e5/en/000594	en	0	It's happy to see as an Indian kpop lover that there are Indian idols in kpop industry.
textdetox@01907546324b0330d2d8b7669648cc18823323e5/en/000595	en	0	I know it's a little old, but as a guy who didn't realize I was bi until after I married a woman, thanks. 
textdetox@01907546324b0330d2d8b7669648cc18823323e5/en/000596	en	0	In 15-20 years when I have kids I'm gonna raise them gender neutral the best I can
textdetox@01907546324b0330d2d8b7669648cc18823323e5/en/000597	en	0	malinga is best - love from india - chennai super kings
textdetox@01907546324b0330d2d8b7669648cc18823323e5/en/000598	en	0	Iranians are cool imo. Persians? Awesome people.
textdetox@01907546324b0330d2d8b7669648cc18823323e5/en/000599	en	0	As a fellow bi girl, I would just like to say  Seriously, you're doing great, you're super cute!
textdetox@01907546324b0330d2d8b7669648cc18823323e5/en/000600	en	0	stay safe OP, from one asian to anotha
textdetox@01907546324b0330d2d8b7669648cc18823323e5/en/000601	en	0	No more wars for Israel!
textdetox@01907546324b0330d2d8b7669648cc18823323e5/en/000602	en	0	Yes we're Christians! Thx for the support G
textdetox@01907546324b0330d2d8b7669648cc18823323e5/en/000603	en	0	If this panel was all guys they would have a problem with that
textdetox@01907546324b0330d2d8b7669648cc18823323e5/en/000604	en	0	Yo I just seen zaxby's at the bottom I'm putting on my timbs now
textdetox@01907546324b0330d2d8b7669648cc18823323e5/en/000605	en	0	I want to thank this guy for interviewing the Indian zpop idols.. Really.. for showing respect..
textdetox@01907546324b0330d2d8b7669648cc18823323e5/en/000606	en	0	The baptism of the Holy Ghost is not just for Pentecostals. It is for EVERYONE! 
textdetox@01907546324b0330d2d8b7669648cc18823323e5/en/000607	en	0	ISNT SHE GORGEOUS? FLAWLESS BEAUTIFUL BLACK SKIN! THE CREATOR LOVES VARIETY
textdetox@01907546324b0330d2d8b7669648cc18823323e5/en/000608	en	0	Love the diversity. And while camila was kind of a damsel in distress more women were portrayed as able badasses.
textdetox@01907546324b0330d2d8b7669648cc18823323e5/en/000609	en	0	ुखदुआ_समाज Volunteers has Taken Pledge to Respect Transgenders Equally by the Inspiration of िन्नर_उद्धार URL
textdetox@01907546324b0330d2d8b7669648cc18823323e5/en/000610	en	0	Props to the blue wig women.
textdetox@01907546324b0330d2d8b7669648cc18823323e5/en/000611	en	0	Had a crush on Kelley O'Hara (USWNT) until I saw she's a lesbian. Now it's just love.
textdetox@01907546324b0330d2d8b7669648cc18823323e5/en/000612	en	0	I have a beautiful Colombian wife too!
textdetox@01907546324b0330d2d8b7669648cc18823323e5/en/000613	en	0	+Jean Viloria you don't know what she identifies as. You just did it too.
textdetox@01907546324b0330d2d8b7669648cc18823323e5/en/000614	en	0	The 3 Foundational Steps To Building An Inclusive Culture by Tony Prophet , Chief Equality Officer URL 
textdetox@01907546324b0330d2d8b7669648cc18823323e5/en/000615	en	0	"this reminds me of the gay coming out dance in ""it's always sunny..."" great job, all the feels :-D"
textdetox@01907546324b0330d2d8b7669648cc18823323e5/en/000616	en	0	im proud. i am lgbtq+ its hard but worth it
textdetox@01907546324b0330d2d8b7669648cc18823323e5/en/000617	en	0	 I'm SORRY!!! i love u single gays too, you're completely valid, may I bless u with lesbian rays of positivity
textdetox@01907546324b0330d2d8b7669648cc18823323e5/en/000618	en	0	non-passing trans women are amazing and deserve respect and validation and love and all the good things
textdetox@01907546324b0330d2d8b7669648cc18823323e5/en/000619	en	0	best interracial dating sites eharmony review dating a trans woman scorpio and gemini compatibility chat rooms singles URL
textdetox@01907546324b0330d2d8b7669648cc18823323e5/en/000620	en	0	>What do you think happens when an immigrant moves here? in general...they get wealthier
textdetox@01907546324b0330d2d8b7669648cc18823323e5/en/000621	en	0	Am tall guy, short girls are cute
textdetox@01907546324b0330d2d8b7669648cc18823323e5/en/000622	en	0	I have a thing for short women who can throw me around the bed so bless you for this.
textdetox@01907546324b0330d2d8b7669648cc18823323e5/en/000623	en	0	Congrats! That's great you're with someone you can be open about your sexuality with, this will only make your relationship stronger
textdetox@01907546324b0330d2d8b7669648cc18823323e5/en/000624	en	0	Why our Telugu industry prefers north actress more?
textdetox@01907546324b0330d2d8b7669648cc18823323e5/en/000625	en	0	We Pakistani are Turkish and Our Turkish are Pakistani. We are One and United. Thank you ofr supporting Pakistan
textdetox@01907546324b0330d2d8b7669648cc18823323e5/en/000626	en	0	u inspire a lot of Indian ha
textdetox@01907546324b0330d2d8b7669648cc18823323e5/en/000627	en	0	asian teams single-handedly lighting up the world cup.
textdetox@01907546324b0330d2d8b7669648cc18823323e5/en/000628	en	0	Kawhi Leonard is the best and best example for all African americans
textdetox@01907546324b0330d2d8b7669648cc18823323e5/en/000629	en	0	From 2017: Who Saved People During the URL
textdetox@01907546324b0330d2d8b7669648cc18823323e5/en/000630	en	0	ah, ahem, policing what women call themself. that's a yikes
textdetox@01907546324b0330d2d8b7669648cc18823323e5/en/000631	en	0	I'm trans and can confirm no one single soul is mad about it. Personally i love it.
textdetox@01907546324b0330d2d8b7669648cc18823323e5/en/000632	en	0	I love athletic girls. Very sexy.
textdetox@01907546324b0330d2d8b7669648cc18823323e5/en/000633	en	0	Black Women sharing their homebirth stories> URL
textdetox@01907546324b0330d2d8b7669648cc18823323e5/en/000634	en	0	Yes because that one instance describes all men
textdetox@01907546324b0330d2d8b7669648cc18823323e5/en/000635	en	0	I was about to say, they're protesting in the only middle eastern country that wouldn't execute them on-sight for degeneracy.
textdetox@01907546324b0330d2d8b7669648cc18823323e5/en/000636	en	0	Maybe try West Coast America? They are very accepting of LGBT+ people, more so than anywhere else I've experienced.
textdetox@01907546324b0330d2d8b7669648cc18823323e5/en/000637	en	0	Me too although I haven't come out as a girl yet lol
textdetox@01907546324b0330d2d8b7669648cc18823323e5/en/000638	en	0	Well boys, we did it. Homophobia is no more.
textdetox@01907546324b0330d2d8b7669648cc18823323e5/en/000639	en	0	One love Africa People power our power
textdetox@01907546324b0330d2d8b7669648cc18823323e5/en/000640	en	0	Many South Indians are supporting Shahid Kapoor. We believe in his talent and he will do justice to this role.
textdetox@01907546324b0330d2d8b7669648cc18823323e5/en/000641	en	0	From a white woman thank you for speaking truth.
textdetox@01907546324b0330d2d8b7669648cc18823323e5/en/000642	en	0	Love the fire in our African brother in Christ. Sing it!!!
textdetox@01907546324b0330d2d8b7669648cc18823323e5/en/000643	en	0	Want a gritty friends to lovers listen? enjoyed this one by & narrated by URL URL
textdetox@01907546324b0330d2d8b7669648cc18823323e5/en/000644	en	0	Eid Mubarak to all my brothers celebrating today. Even if you don't celebrate it, I hope you have a blessed day regardless.
textdetox@01907546324b0330d2d8b7669648cc18823323e5/en/000645	en	0	Here's my proposed gay flag; for gay cis and trans men, along with gay identifying nonbinary folks. Designed by me and URL
textdetox@01907546324b0330d2d8b7669648cc18823323e5/en/000646	en	0	reply to this tweet , if I like your reply that means you're one of the niggas I'm going into 2k20 with ‼
textdetox@01907546324b0330d2d8b7669648cc18823323e5/en/000647	en	0	I know a couple guys who have kids with Hispanic women. They can see their kids whenever they want and they are not together
textdetox@01907546324b0330d2d8b7669648cc18823323e5/en/000648	en	0	Being funny (personally I like guys with risqué and raunchy humor) and having cute hair that I can play with
textdetox@01907546324b0330d2d8b7669648cc18823323e5/en/000649	en	0	We support all individuals regardless of sex or gender identity...
textdetox@01907546324b0330d2d8b7669648cc18823323e5/en/000650	en	0	Awesome, you are mixed race! Embrace both and hold your head up! GOD made us all! 
textdetox@01907546324b0330d2d8b7669648cc18823323e5/en/000651	en	0	I feel this too. Lots of big queer love to you and your family!
textdetox@01907546324b0330d2d8b7669648cc18823323e5/en/000652	en	0	I think that is one of the most incredible things I've ever heard and I will quote it everytime I have to explain queer
textdetox@01907546324b0330d2d8b7669648cc18823323e5/en/000653	en	0	She said it was her bisexual dream come true. And I'm honored to be her dream come true!
textdetox@01907546324b0330d2d8b7669648cc18823323e5/en/000654	en	0	Congrats , I remember coming out to some of my friends a year ago, it feels great!! 
textdetox@01907546324b0330d2d8b7669648cc18823323e5/en/000655	en	0	Christian here! Not sure if you're a fellow brother, but if you are, you deserve a pat on the back.
textdetox@01907546324b0330d2d8b7669648cc18823323e5/en/000656	en	0	Whether or not to fold women's underwear after washing before putting it in the drawer. It's such a small amount of material...why???
textdetox@01907546324b0330d2d8b7669648cc18823323e5/en/000657	en	0	It depends on how he meant it. It could be racist, or it could be ableist.
textdetox@01907546324b0330d2d8b7669648cc18823323e5/en/000658	en	0	Yaaass ! Thank you for supporting the LGBTQ+
textdetox@01907546324b0330d2d8b7669648cc18823323e5/en/000659	en	0	As an Indian I love this post
textdetox@01907546324b0330d2d8b7669648cc18823323e5/en/000660	en	0	I know the feeling of not fitting in or having identity issues because of being mixed race, stay strong :(
textdetox@01907546324b0330d2d8b7669648cc18823323e5/en/000661	en	0	MYAMOTO-MOTO IS A GOOD CHRISTIAN ROLE MODEL
textdetox@01907546324b0330d2d8b7669648cc18823323e5/en/000662	en	0	EFCC Hands Over Property Seized From Badeh To Voice of Nigeria URL URL
textdetox@01907546324b0330d2d8b7669648cc18823323e5/en/000663	en	0	Dominican man launches legal case against country's anti-gay laws URL via URL
textdetox@01907546324b0330d2d8b7669648cc18823323e5/en/000664	en	0	I think you should all defend why you think illegal immigration is good for the US, or fair to anyone.
textdetox@01907546324b0330d2d8b7669648cc18823323e5/en/000665	en	0	As another gay dude hoping to pursue the same stuff, at least we have each other! You and Pete prove it's possible :)
textdetox@01907546324b0330d2d8b7669648cc18823323e5/en/000666	en	0	Shoutout to all the non-Muslims wishing Muslims a Happy Eid
textdetox@01907546324b0330d2d8b7669648cc18823323e5/en/000667	en	0	It's the right time to stand with kashmiri brothers and sisters. Its the time for kashmir freedom Inshallah
textdetox@01907546324b0330d2d8b7669648cc18823323e5/en/000668	en	0	navy picks up 400 en route to URL URL
textdetox@01907546324b0330d2d8b7669648cc18823323e5/en/000669	en	0	Wayne a certified GOAT. Pusha not eem inna same league stop playin
textdetox@01907546324b0330d2d8b7669648cc18823323e5/en/000670	en	0	I listened, still doesn't justify it. Nothing justifies racism
textdetox@01907546324b0330d2d8b7669648cc18823323e5/en/000671	en	0	our religions teach to work hard URL
textdetox@01907546324b0330d2d8b7669648cc18823323e5/en/000672	en	0	Do they pray to Mecca?
textdetox@01907546324b0330d2d8b7669648cc18823323e5/en/000673	en	0	Hey, I'm also trans. Ftm though. Wanna be friends? I don't know if this is how you make friends skskssksks
textdetox@01907546324b0330d2d8b7669648cc18823323e5/en/000674	en	0	Same honey, same. I'm so happy to see bisexuals living their lifes happyliy.
textdetox@01907546324b0330d2d8b7669648cc18823323e5/en/000675	en	0	He has my respect, Islam Changed my life, thank you god for such a beautiful.
textdetox@01907546324b0330d2d8b7669648cc18823323e5/en/000676	en	0	Dope that he had an epiphany about African culture
textdetox@01907546324b0330d2d8b7669648cc18823323e5/en/000677	en	0	Great job IRAN, exactly what you said. 
textdetox@01907546324b0330d2d8b7669648cc18823323e5/en/000678	en	0	 We obviously need women to lead the House and the Senate, and be our President.
textdetox@01907546324b0330d2d8b7669648cc18823323e5/en/000679	en	0	Gosh now I kinda wish I was from Oklahoma. At least as a Canadian who is trans I have Tranada.
textdetox@01907546324b0330d2d8b7669648cc18823323e5/en/000680	en	0	uptown girl, but make it non-binary
textdetox@01907546324b0330d2d8b7669648cc18823323e5/en/000681	en	0	I can't speak for the others but the Polish ethnic identity is still very strong in my part of the country.
textdetox@01907546324b0330d2d8b7669648cc18823323e5/en/000682	en	0	And Allah found you lost, and guided you. Quran 93:7
textdetox@01907546324b0330d2d8b7669648cc18823323e5/en/000683	en	0	I'm not a lesbian, but I can return a high five! \*high fives in straight guy\*
textdetox@01907546324b0330d2d8b7669648cc18823323e5/en/000684	en	0	Everyone loves Ellen the lgbt+ qweeeennnn
textdetox@01907546324b0330d2d8b7669648cc18823323e5/en/000685	en	0	Im a bisexual Muslim. Never felt accepted anywhere. I wanna feel accepted..
textdetox@01907546324b0330d2d8b7669648cc18823323e5/en/000686	en	0	 Rawalpindi express is still the fastest bowler in the world, pride of pindi boys/ Pakistan 
textdetox@01907546324b0330d2d8b7669648cc18823323e5/en/000687	en	0	lets not forget about lesbians this month,,,,or ever.....because that is the first letter in lgbt since a lot of people seem to forget
textdetox@01907546324b0330d2d8b7669648cc18823323e5/en/000688	en	0	Thank you. It's also my monthly so I thought maybe I was missing something?
textdetox@01907546324b0330d2d8b7669648cc18823323e5/en/000689	en	0	"me, most of the year: ""i don't really care about my sexuality or whatever it doesn't matter"" me, june 1st 12:00am: URL"
textdetox@01907546324b0330d2d8b7669648cc18823323e5/en/000690	en	0	God bless those brave Americans, Canadians and Britishers.
textdetox@01907546324b0330d2d8b7669648cc18823323e5/en/000691	en	0	My masculine is awakening from my spiritual elevation! Blessings
textdetox@01907546324b0330d2d8b7669648cc18823323e5/en/000692	en	0	These Guys being Gay and Proud. I can respect that
textdetox@01907546324b0330d2d8b7669648cc18823323e5/en/000693	en	0	India's cluster bomb attack on Kashmir hurts Muslim Ummah. May Allah protect Muslims.
textdetox@01907546324b0330d2d8b7669648cc18823323e5/en/000694	en	0	This video is all about breaking barriers n taboos for women body.
textdetox@01907546324b0330d2d8b7669648cc18823323e5/en/000695	en	0	I mean I hated this white person yesterday. But i realize that we should united and not separated. Love for everyone
textdetox@01907546324b0330d2d8b7669648cc18823323e5/en/000696	en	0	There WAS NO country when white people came to America, they literally fought for the land and built a civilization out of pure wilderness.
textdetox@01907546324b0330d2d8b7669648cc18823323e5/en/000697	en	0	Hextain I really love the way you look. Cause I'm guessing you're encouraging the LGBT community?
textdetox@01907546324b0330d2d8b7669648cc18823323e5/en/000698	en	0	Today we celebrate and those who paved the way to include women in sports and sports media! URL
textdetox@01907546324b0330d2d8b7669648cc18823323e5/en/000699	en	0	Fun fact this isn't far off how I came out to the first person who knew I was trans
textdetox@01907546324b0330d2d8b7669648cc18823323e5/en/000700	en	0	an Irani former Muslim here you're not alone
textdetox@01907546324b0330d2d8b7669648cc18823323e5/en/000701	en	0	Much love Will From Saudi Arabia Keep sharing ur love man
textdetox@01907546324b0330d2d8b7669648cc18823323e5/en/000702	en	0	"I'm bi, but I use ""gay"" as an umbrella term sometimes. It works for me. Dassit."
textdetox@01907546324b0330d2d8b7669648cc18823323e5/en/000703	en	0	This is why you cant help but love Asians
textdetox@01907546324b0330d2d8b7669648cc18823323e5/en/000704	en	0	On May 17th, 2019 in , . We took a big step towards true equality, and made Taiwan a better country. ‍
textdetox@01907546324b0330d2d8b7669648cc18823323e5/en/000705	en	0	The US is already full of immigrants. All of us, including you. Seeing immigrants as invaders is anti-American.
textdetox@01907546324b0330d2d8b7669648cc18823323e5/en/000706	en	0	Tulsi is a gorgeous woman. Just saying.
textdetox@01907546324b0330d2d8b7669648cc18823323e5/en/000707	en	0	 This must be humbling Rhoo, you really are a legend and we as the country are proud of you
textdetox@01907546324b0330d2d8b7669648cc18823323e5/en/000708	en	0	I don't know, something about it being a race issue which I don't think it is.
textdetox@01907546324b0330d2d8b7669648cc18823323e5/en/000709	en	0	". kicks off 's Women Leaders in Healthcare Conference. ""There is a state of emergency for women's health and public health."" "
textdetox@01907546324b0330d2d8b7669648cc18823323e5/en/000710	en	0	US Award for Nigerian Imam Who Saved 300 Christians | About Islam URL they wont show you this in the media
textdetox@01907546324b0330d2d8b7669648cc18823323e5/en/000711	en	0	LOVE AND RESPECT FROM INDIA
textdetox@01907546324b0330d2d8b7669648cc18823323e5/en/000712	en	0	waking up with good vibes! waahh... to all muslim brothers and sisters around the globe
textdetox@01907546324b0330d2d8b7669648cc18823323e5/en/000713	en	0	NZ may have lost final but surely it has won the hearts . U have shown a true sportsmanship. Love from Indian
textdetox@01907546324b0330d2d8b7669648cc18823323e5/en/000714	en	0	I'm an American and I love Japanese people! I love their rich history and culture.
textdetox@01907546324b0330d2d8b7669648cc18823323e5/en/000715	en	0	Welcome!! Omnisexual is a less heard of sexuality and people will tell you it doesn't exist but, it does!!
textdetox@01907546324b0330d2d8b7669648cc18823323e5/en/000716	en	0	Oh no I'm definitely trans. I'm much happier now than I was before I transitioned.
textdetox@01907546324b0330d2d8b7669648cc18823323e5/en/000717	en	0	Some of the kindest and most generous people I have ever met are Muslim. I am so glad to share this
textdetox@01907546324b0330d2d8b7669648cc18823323e5/en/000718	en	0	We love a Latina youtuber!!! I'm also a Latina youtuber that's about to post this week hahah
textdetox@01907546324b0330d2d8b7669648cc18823323e5/en/000719	en	0	Power to the people! She is authentic in her fight for social justice.
textdetox@01907546324b0330d2d8b7669648cc18823323e5/en/000720	en	0	"I like to say ""Charlize Theron is my favorite African-American actress"" just to confuse people for a moment."
textdetox@01907546324b0330d2d8b7669648cc18823323e5/en/000721	en	0	My masculine is awakening from my spiritual elevation  thank you universe
textdetox@01907546324b0330d2d8b7669648cc18823323e5/en/000722	en	0	I'm making a goal to go to my asexual friends and let them know that they're valid <3
textdetox@01907546324b0330d2d8b7669648cc18823323e5/en/000723	en	0	HAITIANS in the house checking in! We love so dearly bruh
textdetox@01907546324b0330d2d8b7669648cc18823323e5/en/000724	en	0	How to mentor women, while being male: 1) Treat them like a human being. Thank you for attending my apparently desperately-needed TED talk. URL
textdetox@01907546324b0330d2d8b7669648cc18823323e5/en/000725	en	0	Do your homework and your mom will leave you alone so you can watch your blessed animè
textdetox@01907546324b0330d2d8b7669648cc18823323e5/en/000726	en	0	I'm hearing comments stating that Beyonce is culturally appropriating East African (particularly Kenyan) culture. That's bogus. She is celebrating the culture.
textdetox@01907546324b0330d2d8b7669648cc18823323e5/en/000727	en	0	happy pride month to the FIRST CANONICALLY LESBIAN COUPLE in a superhero movie. URL
textdetox@01907546324b0330d2d8b7669648cc18823323e5/en/000728	en	0	: Shirley Caesar - Blessed Assurance | Yes Lord Radio | LISTEN NOW Click=> URL |
textdetox@01907546324b0330d2d8b7669648cc18823323e5/en/000729	en	0	Armenian Catholics are in communion, yet do their services in vastly different ways as well. Maronites in Syria and Lebanon as well.
textdetox@01907546324b0330d2d8b7669648cc18823323e5/en/000730	en	0	Freedom is the only solution for Kashmiri people. URL
textdetox@01907546324b0330d2d8b7669648cc18823323e5/en/000731	en	0	Yeah, from my point of view right now, or if i was in your position, she likes you
textdetox@01907546324b0330d2d8b7669648cc18823323e5/en/000732	en	0	"Can we all acknowledge that for some inexplicable reason ""Same Love"" by Mackmore was a huge step in the battle for gay rights"
textdetox@01907546324b0330d2d8b7669648cc18823323e5/en/000733	en	0	i have never seen a hijabi in famous ppl music videoRITA A QUEEN FOR THIS
textdetox@01907546324b0330d2d8b7669648cc18823323e5/en/000734	en	0	Love the video as she respected Islam
textdetox@01907546324b0330d2d8b7669648cc18823323e5/en/000735	en	0	Please help support Lesbian Pride Circle, add a now! URL
textdetox@01907546324b0330d2d8b7669648cc18823323e5/en/000736	en	0	Yes, a sermon on Presbyterian Church government. I love Presbyterianism. URL
textdetox@01907546324b0330d2d8b7669648cc18823323e5/en/000737	en	0	I'm so into others girls but I'm really infatuated with myself
textdetox@01907546324b0330d2d8b7669648cc18823323e5/en/000738	en	0	*Senior Lawyer breathes in your presence* Senior Lawyer: URL
textdetox@01907546324b0330d2d8b7669648cc18823323e5/en/000739	en	0	All the handsome indian men you get to meet!
textdetox@01907546324b0330d2d8b7669648cc18823323e5/en/000740	en	0	Hundreds of women from Asia and Africa to be trained by UAE Armed Forces as peacekeepers. URL URL
textdetox@01907546324b0330d2d8b7669648cc18823323e5/en/000741	en	0	Hey im a filipino subsciber am i the only filipino?
textdetox@01907546324b0330d2d8b7669648cc18823323e5/en/000742	en	0	Whereas bisexual people only experience attraction to two genders, typically (although not always) men (cis and trans) and women (either cis and trans).
textdetox@01907546324b0330d2d8b7669648cc18823323e5/en/000743	en	0	Human Rights Foundation () calls on Liam Payne to cancel Saudi Arabia performance URL URL
textdetox@01907546324b0330d2d8b7669648cc18823323e5/en/000744	en	0	India ko hona chayha tha world cup final me from pakistan
textdetox@01907546324b0330d2d8b7669648cc18823323e5/en/000745	en	0	Bangladesh Awami League wishes everyone around the world a very happy, blessed and prosperous URL
textdetox@01907546324b0330d2d8b7669648cc18823323e5/en/000746	en	0	… the earth of Allah is spacious. Indeed, the patient will be given their reward without account. (39:10)
textdetox@01907546324b0330d2d8b7669648cc18823323e5/en/000747	en	0	appreciation post for my favourite 50s lesbians URL
textdetox@01907546324b0330d2d8b7669648cc18823323e5/en/000748	en	0	Scenes of joy as decriminalization Of homosexuality made official in Botswana URL
textdetox@01907546324b0330d2d8b7669648cc18823323e5/en/000749	en	0	Navajo Census 2020 Complete Count Commission Starts Strategizing to Ensure Every Navajo Citizen is Counted URL URL
textdetox@01907546324b0330d2d8b7669648cc18823323e5/en/000750	en	0	Technology started with Africans and will probably end with Africans.
textdetox@01907546324b0330d2d8b7669648cc18823323e5/en/000751	en	0	Disney must make a story about Filipino
textdetox@01907546324b0330d2d8b7669648cc18823323e5/en/000752	en	0	disney's first main gay character is played by someone who is really lgbt i LOVE that
textdetox@01907546324b0330d2d8b7669648cc18823323e5/en/000753	en	0	Adab's Islamic Exchange will be live soon and will be open for registration. Complete implementation of Sharia principle.
textdetox@01907546324b0330d2d8b7669648cc18823323e5/en/000754	en	0	Who is from Iran like and sub if you are from Iran
textdetox@01907546324b0330d2d8b7669648cc18823323e5/en/000755	en	0	we are equal we are Muslims URL
textdetox@01907546324b0330d2d8b7669648cc18823323e5/en/000756	en	0	To an extent, yes. The lack of discussion and ganging up on the minorities is what bothers me.
textdetox@01907546324b0330d2d8b7669648cc18823323e5/en/000757	en	0	Heroes the lot of them. GOD BLESS AMERICA AND PROTECT THOSE WHO PROTECT US. love from England
textdetox@01907546324b0330d2d8b7669648cc18823323e5/en/000758	en	0	Let everyone be there self gay lesbian by or Straight when if ur going to love someone love them for who they are
textdetox@01907546324b0330d2d8b7669648cc18823323e5/en/000759	en	0	good for you man lotta haters but they probably got a HR hit right to them and fumbled the bag
textdetox@01907546324b0330d2d8b7669648cc18823323e5/en/000760	en	0	I apologize, you are right. He just converted from orthodox to reformed in the last few years.
textdetox@01907546324b0330d2d8b7669648cc18823323e5/en/000761	en	0	Awesome, I'm Christian and bi, we probably have more things alike than different, more power to you friend!!
textdetox@01907546324b0330d2d8b7669648cc18823323e5/en/000762	en	0	I know a gay couple that's into it. Would that be something for you or do you love the m/f dynamic?
textdetox@01907546324b0330d2d8b7669648cc18823323e5/en/000763	en	0	On the other hand I know a family of Eritrean Christians who are wonderful, caring, giving and funny people.
textdetox@01907546324b0330d2d8b7669648cc18823323e5/en/000764	en	0	CONGRATULATIONS to all Algerians, Love from Egypt. :)
textdetox@01907546324b0330d2d8b7669648cc18823323e5/en/000765	en	0	Can't hold us down you invented feminism  URL
textdetox@01907546324b0330d2d8b7669648cc18823323e5/en/000766	en	0	Let more people know I'm gay, I don't know why but it still kinda feels like I'm not being open to people
textdetox@01907546324b0330d2d8b7669648cc18823323e5/en/000767	en	0	Congratulations India. Great step towards national integration!
textdetox@01907546324b0330d2d8b7669648cc18823323e5/en/000768	en	0	(Video) Cousin Stizz ft City Girls – Perfect - URL URL
textdetox@01907546324b0330d2d8b7669648cc18823323e5/en/000769	en	0	Wow I love tall girls, they always got the nicest curves!
textdetox@01907546324b0330d2d8b7669648cc18823323e5/en/000770	en	0	Oh my bad.. so Israel has never taken land away forcefully from anyone?
textdetox@01907546324b0330d2d8b7669648cc18823323e5/en/000771	en	0	LBGTQ_ Community will support you
textdetox@01907546324b0330d2d8b7669648cc18823323e5/en/000772	en	0	We mexicans are friendly and always eager to help others have a good time!
textdetox@01907546324b0330d2d8b7669648cc18823323e5/en/000773	en	0	God bless her, and may she get strength to win more medals for india
textdetox@01907546324b0330d2d8b7669648cc18823323e5/en/000774	en	0	This is what we need more of! She easily bests 80%+ of the women posted here.
textdetox@01907546324b0330d2d8b7669648cc18823323e5/en/000775	en	0	Seeing former players at Women's World Cup 'rewarding' for Pitt's Waldrum -... URL URL
textdetox@01907546324b0330d2d8b7669648cc18823323e5/en/000776	en	0	The women who replied to you should hopefully restore your faith in them. They're not all like that bro
textdetox@01907546324b0330d2d8b7669648cc18823323e5/en/000777	en	0	Help your parents grow a good opinion on the LGBT community. Then the rest is up too you
textdetox@01907546324b0330d2d8b7669648cc18823323e5/en/000778	en	0	Absolutely !!! Black people are born for music  this song is soooo amazingg
textdetox@01907546324b0330d2d8b7669648cc18823323e5/en/000779	en	0	You're so handsome  I legit said like two days ago trans men are the most handsome ppl I've seen !
textdetox@01907546324b0330d2d8b7669648cc18823323e5/en/000780	en	0	We love strong, hardworking women supporting other powerful, fearless females!  loves URL
textdetox@01907546324b0330d2d8b7669648cc18823323e5/en/000781	en	0	Pakistan's reports on , held this past weekend outside London, UK. URL
textdetox@01907546324b0330d2d8b7669648cc18823323e5/en/000782	en	0	As a cishet girl with a crush on a trans guy, I approve :)
textdetox@01907546324b0330d2d8b7669648cc18823323e5/en/000783	en	0	Very proud moment for all the Indians.. we achieved a great success in science.
textdetox@01907546324b0330d2d8b7669648cc18823323e5/en/000784	en	0	Thanks! I feel so much more comfortable expressing myself as a woman.
textdetox@01907546324b0330d2d8b7669648cc18823323e5/en/000785	en	0	Good to see Asian actors playing Asian characters .
textdetox@01907546324b0330d2d8b7669648cc18823323e5/en/000786	en	0	Excellent job getting people of color... and women... to be up front reporters. Let's see more of that.
textdetox@01907546324b0330d2d8b7669648cc18823323e5/en/000787	en	0	1. He's not a normie 2. This isn't what a normie would post
textdetox@01907546324b0330d2d8b7669648cc18823323e5/en/000788	en	0	The UK is a developed western country and anybody born here gets citizenship
textdetox@01907546324b0330d2d8b7669648cc18823323e5/en/000789	en	0	I feel like I already knew he was gay but congratulations :)
textdetox@01907546324b0330d2d8b7669648cc18823323e5/en/000790	en	0	South asian but I feel you sis
textdetox@01907546324b0330d2d8b7669648cc18823323e5/en/000791	en	0	Lol why would your skin color matter ? I love your smile
textdetox@01907546324b0330d2d8b7669648cc18823323e5/en/000792	en	0	Ugh I know Im a dude but female empowerment encourages me so much! I love it! (Thanks Miley!)
textdetox@01907546324b0330d2d8b7669648cc18823323e5/en/000793	en	0	In their late seventies. Amazing.
textdetox@01907546324b0330d2d8b7669648cc18823323e5/en/000794	en	0	Many many congrats. He is the real India
textdetox@01907546324b0330d2d8b7669648cc18823323e5/en/000795	en	0	Diversity > Love for **a lot** of people these days - as long as they are the ones not missing out on love.
textdetox@01907546324b0330d2d8b7669648cc18823323e5/en/000796	en	0	Latinas on their way to school URL
textdetox@01907546324b0330d2d8b7669648cc18823323e5/en/000797	en	0	Prayers & wishes for & his ministers at Mata Vaishno Devi URL
textdetox@01907546324b0330d2d8b7669648cc18823323e5/en/000798	en	0	I doubt Satan has any authority to bargain with God if anything he would be God's servant
textdetox@01907546324b0330d2d8b7669648cc18823323e5/en/000799	en	0	 Respect frm the core of heart. For You, Nation comes before Koum/aawam. Dis must be the faith for all Indians
textdetox@01907546324b0330d2d8b7669648cc18823323e5/en/000800	en	0	Amen for a this women of our great God.
textdetox@01907546324b0330d2d8b7669648cc18823323e5/en/000801	en	0	Most of our citizens die in the desert dehydrated and have been buried because of unsafe migration and Human trafficking across the Sahara
textdetox@01907546324b0330d2d8b7669648cc18823323e5/en/000802	en	0	This sounds like a fairy tale, but crusades.
textdetox@01907546324b0330d2d8b7669648cc18823323e5/en/000803	en	0	May Allah grant us pious offsprings and make them the coolness of our eyes. Aameen
textdetox@01907546324b0330d2d8b7669648cc18823323e5/en/000804	en	0	The Indian women begin their campaign on a high note with a 4-0 victory against Malaysia  URL
textdetox@01907546324b0330d2d8b7669648cc18823323e5/en/000805	en	0	Whole Pakistan Muslim League N In One Frame..!! Madam Maryam Nawaz Sharif More Power To You  URL
textdetox@01907546324b0330d2d8b7669648cc18823323e5/en/000806	en	0	Exceptional women leave a little mystery about their lives
textdetox@01907546324b0330d2d8b7669648cc18823323e5/en/000807	en	0	Thank you for respcet muslim women and muslim in the world! Luv this
textdetox@01907546324b0330d2d8b7669648cc18823323e5/en/000808	en	0	°• thread explaining aromanticism and why it deserves way more recognition from the lgbtq+ community •° URL
textdetox@01907546324b0330d2d8b7669648cc18823323e5/en/000809	en	0	We need more gender non conforming transfemme people. Do what you want and be your best self! We're all rooting for you :)
textdetox@01907546324b0330d2d8b7669648cc18823323e5/en/000810	en	0	Sacrifice and concern macam macam, at last dia nampak and appreciate orang lain punya sacrifice and concern
textdetox@01907546324b0330d2d8b7669648cc18823323e5/en/000811	en	0	 No. I have experience with legalism, but it wasn't in an Arminian Context
textdetox@01907546324b0330d2d8b7669648cc18823323e5/en/000812	en	0	Ex-Muslim here too. Yeah you are right, there are many good things that can be taken from Muhammad.
textdetox@01907546324b0330d2d8b7669648cc18823323e5/en/000813	en	0	South Africa is such an inspiration. Their love of diversity is unmatched and should be spread throughout NZ
textdetox@01907546324b0330d2d8b7669648cc18823323e5/en/000814	en	0	Why is terrorism associated with Al Qaeda? Islam means peace ‼
textdetox@01907546324b0330d2d8b7669648cc18823323e5/en/000815	en	0	Cooking Guys are the hottest especially when they are asian
textdetox@01907546324b0330d2d8b7669648cc18823323e5/en/000816	en	0	let's all smoke with him that'll be a fun time
textdetox@01907546324b0330d2d8b7669648cc18823323e5/en/000817	en	0	Well everyone is technically biracial its the degrees of differences...she looks like a standard old lady possibly of European descent.
textdetox@01907546324b0330d2d8b7669648cc18823323e5/en/000818	en	0	and also the jewish people behind the scenes :)
textdetox@01907546324b0330d2d8b7669648cc18823323e5/en/000819	en	0	Dhoni is the spiritual leader for the current Australian partnership
textdetox@01907546324b0330d2d8b7669648cc18823323e5/en/000820	en	0	I'm a huge fan of really dark skin women and i've no African blood in me.
textdetox@01907546324b0330d2d8b7669648cc18823323e5/en/000821	en	0	Hey, idk if it might help, but I'm queer and Catholic. PM if you wanna chat!
textdetox@01907546324b0330d2d8b7669648cc18823323e5/en/000822	en	0	In a new Gallup survey, two in three Americans (66%) said they support statehood for Puerto Rico. URL URL
textdetox@01907546324b0330d2d8b7669648cc18823323e5/en/000823	en	0	This is inspiring! Good project and nice video showing the struggles of most members of the LGBTQ Community
textdetox@01907546324b0330d2d8b7669648cc18823323e5/en/000824	en	0	No, but it's a very important step to equality.
textdetox@01907546324b0330d2d8b7669648cc18823323e5/en/000825	en	0	Absolutely stand up for injustice. Never was against that. There's just no need to preface it with your race like it validates your opinion.
textdetox@01907546324b0330d2d8b7669648cc18823323e5/en/000826	en	0	They are honestly so transphobic. They need help.
textdetox@01907546324b0330d2d8b7669648cc18823323e5/en/000827	en	0	Angela Ponce, who is competing as [**Miss Spain**](URL in the Miss Universe pageant, is a trans woman.
textdetox@01907546324b0330d2d8b7669648cc18823323e5/en/000828	en	0	I'm a full blooded Christian thank you very much
textdetox@01907546324b0330d2d8b7669648cc18823323e5/en/000829	en	0	 They speak Spanish at the welfare offices and school systems. They'll be just fine. After all, that's why they're here.
textdetox@01907546324b0330d2d8b7669648cc18823323e5/en/000830	en	0	Because Jesus is the Lamb who was slain before the foundation of the world.
textdetox@01907546324b0330d2d8b7669648cc18823323e5/en/000831	en	0	As usual, I enjoyed this very much! Thai women are so beautiful.!
textdetox@01907546324b0330d2d8b7669648cc18823323e5/en/000832	en	0	Part of what makes America a great place - we are diverse and share in each other's cultures.
textdetox@01907546324b0330d2d8b7669648cc18823323e5/en/000833	en	0	As a transwoman I hope I get to be a girlfriend for the first time by next national gf day
textdetox@01907546324b0330d2d8b7669648cc18823323e5/en/000834	en	0	God bless her. A beautiful woman with a beautiful soul.
textdetox@01907546324b0330d2d8b7669648cc18823323e5/en/000835	en	0	Somalis came in during the 90s fleeing their civil war. Obama was 18 years later
textdetox@01907546324b0330d2d8b7669648cc18823323e5/en/000836	en	0	Eid Mubarak to all of u.. May ALLAH shower his countless blessings upon you and your family...  URL
textdetox@01907546324b0330d2d8b7669648cc18823323e5/en/000837	en	0	Bi guy here and love it too!
textdetox@01907546324b0330d2d8b7669648cc18823323e5/en/000838	en	0	More than half, don't forget about all the impoverished men with no chance.
textdetox@01907546324b0330d2d8b7669648cc18823323e5/en/000839	en	0	Makes sense. I'm a straight woman but I've actually really enjoyed everyone on this season. Although 11p on Monday is hella late.
textdetox@01907546324b0330d2d8b7669648cc18823323e5/en/000840	en	0	For anyone reading this, I hope you fufill your dreams and overcome stereotypes just like Mulan did. Let's be strong guys!
textdetox@01907546324b0330d2d8b7669648cc18823323e5/en/000841	en	0	Did u know that I'm Latina
textdetox@01907546324b0330d2d8b7669648cc18823323e5/en/000842	en	0	I've never been this happy to be bi.
textdetox@01907546324b0330d2d8b7669648cc18823323e5/en/000843	en	0	Im a boy but I still think girls r better than boys
textdetox@01907546324b0330d2d8b7669648cc18823323e5/en/000844	en	0	Girls who have a crude sense of humor are attractive to me. And short hair but more feminine looking are also very nice looking.
textdetox@01907546324b0330d2d8b7669648cc18823323e5/en/000845	en	0	Different cultures have different beliefs, knowledge, celebrations etc.
textdetox@01907546324b0330d2d8b7669648cc18823323e5/en/000846	en	0	Question to feminists everywhere: What is the purpose of your ovaries and uterus?
textdetox@01907546324b0330d2d8b7669648cc18823323e5/en/000847	en	0	> Hamtramck My parents (both Polish) were born there. It's mainly south Asian now (Bangladeshi, etc.)
textdetox@01907546324b0330d2d8b7669648cc18823323e5/en/000848	en	0	The fact that she included Muslim women wearing hijab in this video is just amazing
textdetox@01907546324b0330d2d8b7669648cc18823323e5/en/000849	en	0	Pride parade is for everyone. It's a celebration of who you are and what you like. That includes the straighto spaghettos
textdetox@01907546324b0330d2d8b7669648cc18823323e5/en/000850	en	0	reason one as to why I'm afraid to tell my parents I'm bi. stay strong dude, us closeted fellas are rootin for ya.
textdetox@01907546324b0330d2d8b7669648cc18823323e5/en/000851	en	0	Chattanooga have lots of African Americans so his joke is actually discrimination joke
textdetox@01907546324b0330d2d8b7669648cc18823323e5/en/000852	en	0	I wonder if they know that many current Mexicans have Spanish ancestry and that Mexico already had its physical traits altered by racial incursion.
textdetox@01907546324b0330d2d8b7669648cc18823323e5/en/000853	en	0	Eid mubarak to all of us. Let us all forgive ang love and just love!
textdetox@01907546324b0330d2d8b7669648cc18823323e5/en/000854	en	0	If you're concerned about the misinformation re: LGBT by the govt, please help LGBT organizations such as below to fund their campaigns! URL
textdetox@01907546324b0330d2d8b7669648cc18823323e5/en/000855	en	0	I'll try. I think his account is private
textdetox@01907546324b0330d2d8b7669648cc18823323e5/en/000856	en	0	Hispanics know their lives matter. Family and tradition keep us connected. We dont need a movement. We know our worth.
textdetox@01907546324b0330d2d8b7669648cc18823323e5/en/000857	en	0	wow women who like being big spoon are appreciated
textdetox@01907546324b0330d2d8b7669648cc18823323e5/en/000858	en	0	We are all a Heinz 57 mix of ethnicity people need to get over their selves
textdetox@01907546324b0330d2d8b7669648cc18823323e5/en/000859	en	0	What's next? Mandatory public stoning? What other ways can they dehumanize and abuse women to force them into doing what they want?
textdetox@01907546324b0330d2d8b7669648cc18823323e5/en/000860	en	0	1st book of its kind site:Outdoing creed did Modi unite Indians & win votes URL URL
textdetox@01907546324b0330d2d8b7669648cc18823323e5/en/000861	en	0	We are straight but not blind best quote from the Podcast GO LISTEN TO THEIR PODCAST in BRISXLIFE YouTube channel!!!! URL
textdetox@01907546324b0330d2d8b7669648cc18823323e5/en/000862	en	0	However she is killed by no stranger.this are internal quarrelling results
textdetox@01907546324b0330d2d8b7669648cc18823323e5/en/000863	en	0	It impacts my attraction a lot, Spanish and white women are what I'm attracted too, some Asian women as well. I like light skin
textdetox@01907546324b0330d2d8b7669648cc18823323e5/en/000864	en	0	This is what it's like to date in your 20s URL
textdetox@01907546324b0330d2d8b7669648cc18823323e5/en/000865	en	0	So he's half black half white and his son is half black half white and half Asian his child bout to be a model
textdetox@01907546324b0330d2d8b7669648cc18823323e5/en/000866	en	0	A man who falls in love with his religion
textdetox@01907546324b0330d2d8b7669648cc18823323e5/en/000867	en	0	Black people contributed fo the creation and development of Country and Western music and many have loved and listened to it for years.
textdetox@01907546324b0330d2d8b7669648cc18823323e5/en/000868	en	0	GUYS CAN WEAR SKIRTS AND STILL BE STRAIGHT. Thank you and farewell.
textdetox@01907546324b0330d2d8b7669648cc18823323e5/en/000869	en	0	This man has beta energy
textdetox@01907546324b0330d2d8b7669648cc18823323e5/en/000870	en	0	 I from America, but my ethnicity is Indian.
textdetox@01907546324b0330d2d8b7669648cc18823323e5/en/000871	en	0	Almost as if their sexuality doesnt matter when they're fighting hoards of zombies
textdetox@01907546324b0330d2d8b7669648cc18823323e5/en/000872	en	0	Not nonbinary, but I'm appreciative of the inclusiveness
textdetox@01907546324b0330d2d8b7669648cc18823323e5/en/000873	en	0	Creepy, and insulting to the females here?
textdetox@01907546324b0330d2d8b7669648cc18823323e5/en/000874	en	0	I like Music. England people are good at vocabulary.
textdetox@01907546324b0330d2d8b7669648cc18823323e5/en/000875	en	0	NTA - As a gay man, I thank you so much for standing up for your son.
textdetox@01907546324b0330d2d8b7669648cc18823323e5/en/000876	en	0	Always appreciate a good booty/whooty on any gender.
textdetox@01907546324b0330d2d8b7669648cc18823323e5/en/000877	en	0	i will when cops stop shooting innocent people of color URL
textdetox@01907546324b0330d2d8b7669648cc18823323e5/en/000878	en	0	Some 44,000 refugees return to Syria for Ramadan holiday URL
textdetox@01907546324b0330d2d8b7669648cc18823323e5/en/000879	en	0	You're making me a fan of Asian girls.
textdetox@01907546324b0330d2d8b7669648cc18823323e5/en/000880	en	0	28. all my barbies were lesbians too but i just thought i was a very enthusiastic ally URL
textdetox@01907546324b0330d2d8b7669648cc18823323e5/en/000881	en	0	Wow so nice to see positive comments, imagine the rewards this family earned with their dawah masha'Allah
textdetox@01907546324b0330d2d8b7669648cc18823323e5/en/000882	en	0	Eid Mubarak to all our Muslim friends! Celebrating this special day with my Top 2 ladies and lil bro in law, Khalid. URL
textdetox@01907546324b0330d2d8b7669648cc18823323e5/en/000883	en	0	Anushka Sharma is one of the best. She is the Queen of Bollywood. Fashion = Anushka Sharma Queen = Anushka Sharma URL
textdetox@01907546324b0330d2d8b7669648cc18823323e5/en/000884	en	0	OMG THE LESBIANS I LOVE THEM  brat better not ruin them or i will fight
textdetox@01907546324b0330d2d8b7669648cc18823323e5/en/000885	en	0	Brown skin girl, Your skin just like pearls. The best thing in the world, Never trade you for anybodyelse URL
textdetox@01907546324b0330d2d8b7669648cc18823323e5/en/000886	en	0	TONIGHT I'M GAY BOTH IN THE QUEER AND HAPPY WAY
textdetox@01907546324b0330d2d8b7669648cc18823323e5/en/000887	en	0	" Ooh new follows acquired!!! Noice. The most ""Jewish mom"" person I know is a Pakistani sufi mom lmao"
textdetox@01907546324b0330d2d8b7669648cc18823323e5/en/000888	en	0	Not even gay but I want this movie because so many awesome women in history get completely ignored.
textdetox@01907546324b0330d2d8b7669648cc18823323e5/en/000889	en	0	Pink can be a boy color too
textdetox@01907546324b0330d2d8b7669648cc18823323e5/en/000890	en	0	Well done Pakistan xxx - love from Afghanistan please dont send negativity tho lots of Pakistanis were
textdetox@01907546324b0330d2d8b7669648cc18823323e5/en/000891	en	0	*file under STOP TALKING ABOUT MUSLIM WOMEN'S BODIES*
textdetox@01907546324b0330d2d8b7669648cc18823323e5/en/000892	en	0	Women aren't capable of these things? Ffs if a human wants to fight for freedom, let them.
textdetox@01907546324b0330d2d8b7669648cc18823323e5/en/000893	en	0	A proud moment ror gay rights.
textdetox@01907546324b0330d2d8b7669648cc18823323e5/en/000894	en	0	I'm Greek Orthodox. It doesnt really impact my sexuality all too much. Still go to church for holidays .
textdetox@01907546324b0330d2d8b7669648cc18823323e5/en/000895	en	0	It's great to see Buddhism emerging positively in the political setting.
textdetox@01907546324b0330d2d8b7669648cc18823323e5/en/000896	en	0	no boys except jk plz
textdetox@01907546324b0330d2d8b7669648cc18823323e5/en/000897	en	0	The fact Scarlett is jewish makes me love her more
textdetox@01907546324b0330d2d8b7669648cc18823323e5/en/000898	en	0	The NHS have some resources to check out if you are an LGBTQ+ individual struggling with their mental health.  URL
textdetox@01907546324b0330d2d8b7669648cc18823323e5/en/000899	en	0	India Gets First Woman Finance Minister in Years to Spur Economy URL URL URL URL
textdetox@01907546324b0330d2d8b7669648cc18823323e5/en/000900	en	0	Happy Pride ! ‍ URL
textdetox@01907546324b0330d2d8b7669648cc18823323e5/en/000901	en	0	i can't believe that jihyo isn't a lesbian like the fanfics had me convinced URL
textdetox@01907546324b0330d2d8b7669648cc18823323e5/en/000902	en	0	Fair enough. Immigrants add a lot of value to our society, that is certain. Thank you for pointing out what I neglected to add.
textdetox@01907546324b0330d2d8b7669648cc18823323e5/en/000903	en	0	What about the Native American people not seen in this and Megan sit down and be quiet and stop making it about you
textdetox@01907546324b0330d2d8b7669648cc18823323e5/en/000904	en	0	Females ignore 30 guys a day just to get ignored by the guy they want.
textdetox@01907546324b0330d2d8b7669648cc18823323e5/en/000905	en	0	I'm biracial, African American mother, Eastern Slavic father, heterosexual, and movie and game ost's
textdetox@01907546324b0330d2d8b7669648cc18823323e5/en/000906	en	0	I support women's lib whereas women same as men
textdetox@01907546324b0330d2d8b7669648cc18823323e5/en/000907	en	0	AAAAHHHHHHH!!!! Proudly South African and Im soo Proud! Just that they shouldnt be afraid to perform in vernacular.
textdetox@01907546324b0330d2d8b7669648cc18823323e5/en/000908	en	0	Please help support Asexual Trans Pride, add a now! URL
textdetox@01907546324b0330d2d8b7669648cc18823323e5/en/000909	en	0	 Blanket statements about religious and ethnic groups don't really carry much weight in my mind, but, to each their own I suppose.
textdetox@01907546324b0330d2d8b7669648cc18823323e5/en/000910	en	0	Transgender people* (know you have good intentions, just helping you fine tune them)
textdetox@01907546324b0330d2d8b7669648cc18823323e5/en/000911	en	0	Please help a trans girl in need this pride URL
textdetox@01907546324b0330d2d8b7669648cc18823323e5/en/000912	en	0	Attack helicopter the best gender
textdetox@01907546324b0330d2d8b7669648cc18823323e5/en/000913	en	0	Well played Bangladesh Shakib world best all rounder after Boom Boom Shahid Afridi... respect from Pakistan
textdetox@01907546324b0330d2d8b7669648cc18823323e5/en/000914	en	0	Tens of thousands join annual Israel solidarity march along New York's 5th Ave URL via
textdetox@01907546324b0330d2d8b7669648cc18823323e5/en/000915	en	0	It's great to see them supporting LGBT, especially in difficult countries like Poland and Russia!
textdetox@01907546324b0330d2d8b7669648cc18823323e5/en/000916	en	0	Yes, I know. It's nice having people who don't scream slurs at you all the time for being LGBT or Jewish.
textdetox@01907546324b0330d2d8b7669648cc18823323e5/en/000917	en	0	God is a Black woman.
textdetox@01907546324b0330d2d8b7669648cc18823323e5/en/000918	en	0	Man this made me cry so bad. My Jewish brothers and sisters stay strong !
textdetox@01907546324b0330d2d8b7669648cc18823323e5/en/000919	en	0	How To Talk To Your Kids About LGBTQ+ Issues.. URL
textdetox@01907546324b0330d2d8b7669648cc18823323e5/en/000920	en	0	I am HERE for miss lyonne telling the world women don't need to have children to have a PURPOSE IN LIFE!!!!!
textdetox@01907546324b0330d2d8b7669648cc18823323e5/en/000921	en	0	Yes yes it does join the honorary Latino club
textdetox@01907546324b0330d2d8b7669648cc18823323e5/en/000922	en	0	Thanks! Just racially ambiguous lol - I'm half Filipino half white
textdetox@01907546324b0330d2d8b7669648cc18823323e5/en/000923	en	0	I think that could be said of anybody, regardless of sexual orientation.
textdetox@01907546324b0330d2d8b7669648cc18823323e5/en/000924	en	0	Hijabi brides have a different type of Beauty and it's just mA
textdetox@01907546324b0330d2d8b7669648cc18823323e5/en/000925	en	0	It's okay to be white. I am white. I like being white.
textdetox@01907546324b0330d2d8b7669648cc18823323e5/en/000926	en	0	I like friendly, emotionally put together women. Probably why I dig older women so much.
textdetox@01907546324b0330d2d8b7669648cc18823323e5/en/000927	en	0	Real Black Men Love All Of It.
textdetox@01907546324b0330d2d8b7669648cc18823323e5/en/000928	en	0	I never had a problem to begin with, my lovely lady is Mexican and native american.
textdetox@01907546324b0330d2d8b7669648cc18823323e5/en/000929	en	0	For straight people we deserve pride too
textdetox@01907546324b0330d2d8b7669648cc18823323e5/en/000930	en	0	But gendered language like mansplaining is ok. Because only men can be guilty.
textdetox@01907546324b0330d2d8b7669648cc18823323e5/en/000931	en	0	Trans girl is finally confidently to just go into piblic with natural make up URL
textdetox@01907546324b0330d2d8b7669648cc18823323e5/en/000932	en	0	We want citizenship, we want all our rights. We don't trust them. We will return only if international protection is in place. URL
textdetox@01907546324b0330d2d8b7669648cc18823323e5/en/000933	en	0	"They're just non specifically ""mentally ill"""
textdetox@01907546324b0330d2d8b7669648cc18823323e5/en/000934	en	0	Congratulations People of India for won
textdetox@01907546324b0330d2d8b7669648cc18823323e5/en/000935	en	0	Ah yes. My favorite race. Girl.
textdetox@01907546324b0330d2d8b7669648cc18823323e5/en/000936	en	0	First Openly Gay MP Elected In Japan URL via URL
textdetox@01907546324b0330d2d8b7669648cc18823323e5/en/000937	en	0	im bi and u should stan bts URL
textdetox@01907546324b0330d2d8b7669648cc18823323e5/en/000938	en	0	Love a girl that's not afraid to say what she wants
textdetox@01907546324b0330d2d8b7669648cc18823323e5/en/000939	en	0	she didn't stop the performance cause she professional ‍ take notes ladies URL
textdetox@01907546324b0330d2d8b7669648cc18823323e5/en/000940	en	0	bi sexy uau URL
textdetox@01907546324b0330d2d8b7669648cc18823323e5/en/000941	en	0	7-year-old with rare disease needs donor of mixed race to save his life URL URL
textdetox@01907546324b0330d2d8b7669648cc18823323e5/en/000942	en	0	I'm here as a single heterosexual white American male to congratulate this beautiful athlete in her victory. Euro Pride
textdetox@01907546324b0330d2d8b7669648cc18823323e5/en/000943	en	0	Their opinions should not dictate her living her life.
textdetox@01907546324b0330d2d8b7669648cc18823323e5/en/000944	en	0	Hamas started as a violent group and has slowly grown into... implying they are no longer violent.
textdetox@01907546324b0330d2d8b7669648cc18823323e5/en/000945	en	0	Atleast they will make sure the country is strong and economically sound unlike the places where you get jailed for speaking or insulting someone.
textdetox@01907546324b0330d2d8b7669648cc18823323e5/en/000946	en	0	The latest LGBT Youth News & Events! URL Thanks to
textdetox@01907546324b0330d2d8b7669648cc18823323e5/en/000947	en	0	I too would like a cute asian wife and daughter.
textdetox@01907546324b0330d2d8b7669648cc18823323e5/en/000948	en	0	Exactly! LGBT representation is hard to do right but when it is you can tell and it's just EEEEEEEE. Thanks for being understanding though
textdetox@01907546324b0330d2d8b7669648cc18823323e5/en/000949	en	0	UNITED NATIONS: UN MUST TAKE ACTION ON KASHMIR ISSUE! PEOPLE ARE DYING THERE. - Sign the Petition! URL via
textdetox@01907546324b0330d2d8b7669648cc18823323e5/en/000950	en	0	Times like these, I'm so glad for my Asian parents
textdetox@01907546324b0330d2d8b7669648cc18823323e5/en/000951	en	0	My aunt is trans and is more woman than you'll ever hope to be
textdetox@01907546324b0330d2d8b7669648cc18823323e5/en/000952	en	0	Eid Mubarak to all the Muslim ARMYs celebrating, myself included! Wishing you all a blessed day!
textdetox@01907546324b0330d2d8b7669648cc18823323e5/en/000953	en	0	Hey that's an insult to autistic people.
textdetox@01907546324b0330d2d8b7669648cc18823323e5/en/000954	en	0	A son of God is a man of God not necessarily a pastor
textdetox@01907546324b0330d2d8b7669648cc18823323e5/en/000955	en	0	I consider the Asian men are the most respectful and romantic human beings ever. I don't know how other people can't see it.
textdetox@01907546324b0330d2d8b7669648cc18823323e5/en/000956	en	0	Omg another transgirl aaaaah your so beautiful I'm also trans looking for trans friends
textdetox@01907546324b0330d2d8b7669648cc18823323e5/en/000957	en	0	I mean.... I'm aro/ace. So I guess that's kinda sorta gay because I like women the same as men
textdetox@01907546324b0330d2d8b7669648cc18823323e5/en/000958	en	0	Welcome to Islam sis
textdetox@01907546324b0330d2d8b7669648cc18823323e5/en/000959	en	0	Luxembourg's prime minister is the first EU leader to get married to a same-sex partner
textdetox@01907546324b0330d2d8b7669648cc18823323e5/en/000960	en	0	Watch it my channel guys! Im from indonesian peace and love for all us jesus bless you all
textdetox@01907546324b0330d2d8b7669648cc18823323e5/en/000961	en	0	My masculine is awakening from my spiritual elevation!!!
textdetox@01907546324b0330d2d8b7669648cc18823323e5/en/000962	en	0	Congratulations you have found someone that is Chinese
textdetox@01907546324b0330d2d8b7669648cc18823323e5/en/000963	en	0	This is it. I have finally come to understanding of my issues with gender and sexuality. I just wanna be cute.
textdetox@01907546324b0330d2d8b7669648cc18823323e5/en/000964	en	0	Ya Allah !! Bless our parents with healthy life
textdetox@01907546324b0330d2d8b7669648cc18823323e5/en/000965	en	0	can u guys rt this! potential costumers are everywhere, besides it's pride month!! support a black trans creative!! URL
textdetox@01907546324b0330d2d8b7669648cc18823323e5/en/000966	en	0	Same. Currently hoping that my current makeup of being Bi, gender-blind and open to just about anything and everything wins out.
textdetox@01907546324b0330d2d8b7669648cc18823323e5/en/000967	en	0	A Muslim is a brother of a Muslim.
textdetox@01907546324b0330d2d8b7669648cc18823323e5/en/000968	en	0	Great relief to millions of women. Government's efforts to uphold the rights n dignity of women finally overcame d Opposition's hurdles. URL
textdetox@01907546324b0330d2d8b7669648cc18823323e5/en/000969	en	0	I suppose if I were straight I would
textdetox@01907546324b0330d2d8b7669648cc18823323e5/en/000970	en	0	My deepest condolences for all the USA as well.When will all these terrible shootings stop?
textdetox@01907546324b0330d2d8b7669648cc18823323e5/en/000971	en	0	Best are men/women who arouse aesthetic emotions in you; not conscious desires. The latter are run of the mill.
textdetox@01907546324b0330d2d8b7669648cc18823323e5/en/000972	en	0	These sort of posts mean so much to me since I'm pre-everything and still present male.
textdetox@01907546324b0330d2d8b7669648cc18823323e5/en/000973	en	0	I'm Indian and I'm so proud of them representing my culture with respect.
textdetox@01907546324b0330d2d8b7669648cc18823323e5/en/000974	en	0	It's all good I'm Asian and I think it's ok.
textdetox@01907546324b0330d2d8b7669648cc18823323e5/en/000975	en	0	NAH. You're allowed to come out to you who you want, when you want. Good luck to you
textdetox@01907546324b0330d2d8b7669648cc18823323e5/en/000976	en	0	Great video:Are We Black People?VS Edward X Debate 2019((Every so-call Black People need to watch this video!!!)
textdetox@01907546324b0330d2d8b7669648cc18823323e5/en/000977	en	0	>Congresswomen of color I don't think Trump said that.
textdetox@01907546324b0330d2d8b7669648cc18823323e5/en/000978	en	0	IT'S OK TO BE WHITE
textdetox@01907546324b0330d2d8b7669648cc18823323e5/en/000979	en	0	She's part of the JW Prosperity Gospel movement. When everything is going good for you Jehovah is with you.
textdetox@01907546324b0330d2d8b7669648cc18823323e5/en/000980	en	0	What do you guys think about income based affirmative action instead of racial affirmative action
textdetox@01907546324b0330d2d8b7669648cc18823323e5/en/000981	en	0	I'm also an agnostic theist. Good stuff man
textdetox@01907546324b0330d2d8b7669648cc18823323e5/en/000982	en	0	Jr. is just fantastic. I think I like his Tweets better than his father's even.
textdetox@01907546324b0330d2d8b7669648cc18823323e5/en/000983	en	0	The Squad is a squad because for people of color especially, there's safety in numbers and power in solidarity. URL
textdetox@01907546324b0330d2d8b7669648cc18823323e5/en/000984	en	0	Will is really a role model for all black fathers I swear.
textdetox@01907546324b0330d2d8b7669648cc18823323e5/en/000985	en	0	Indian supporting England team in stadium
textdetox@01907546324b0330d2d8b7669648cc18823323e5/en/000986	en	0	White pride, nothing wrong that. I'm proud to be white
textdetox@01907546324b0330d2d8b7669648cc18823323e5/en/000987	en	0	STUDIES? We study all aspects gender discrimination. Partnering with our sister law school URL
textdetox@01907546324b0330d2d8b7669648cc18823323e5/en/000988	en	0	Sushma Swaraj Among BJP's Most Beloved, Admired Across Political Lines URL
textdetox@01907546324b0330d2d8b7669648cc18823323e5/en/000989	en	0	Absolutely right, thanks for raising voice for kashmiri people.
textdetox@01907546324b0330d2d8b7669648cc18823323e5/en/000990	en	0	ITT: She's Just An Awesome Hapa Girl :D
textdetox@01907546324b0330d2d8b7669648cc18823323e5/en/000991	en	0	Life without Allah is meaningless.
textdetox@01907546324b0330d2d8b7669648cc18823323e5/en/000992	en	0	Love how diverse the world of gender can be! URL
textdetox@01907546324b0330d2d8b7669648cc18823323e5/en/000993	en	0	More supportive of the LGBTQ+ community
textdetox@01907546324b0330d2d8b7669648cc18823323e5/en/000994	en	0	This is a big example of representation for the black community.btw from Houston to bey
textdetox@01907546324b0330d2d8b7669648cc18823323e5/en/000995	en	0	It's 2019 we're respecting women and getting respected back.
textdetox@01907546324b0330d2d8b7669648cc18823323e5/en/000996	en	0	does skin colour matter to world leaders? does what you believe matter to world leaders?
textdetox@01907546324b0330d2d8b7669648cc18823323e5/en/000997	en	0	A massive thanks from a bi teen
textdetox@01907546324b0330d2d8b7669648cc18823323e5/en/000998	en	0	The least we could do this Pride month is get a trans mother back to her kids. Donate and share! URL
textdetox@01907546324b0330d2d8b7669648cc18823323e5/en/000999	en	0	is being trans valid? please retweet after voting for
textdetox@01907546324b0330d2d8b7669648cc18823323e5/en/001000	en	0	These women are so powerful and inspiring
textdetox@01907546324b0330d2d8b7669648cc18823323e5/en/001001	en	0	God is a woman and her name is Sophie Turner
textdetox@01907546324b0330d2d8b7669648cc18823323e5/en/001002	en	0	Ah. I'm planning on coming out as trans (and I guess lesbian) hopefully this week. Good luck man
textdetox@01907546324b0330d2d8b7669648cc18823323e5/en/001003	en	0	You don't have to be out for your bisexuality to be valid. Happy birthday!
textdetox@01907546324b0330d2d8b7669648cc18823323e5/en/001004	en	0	BLACK PEOPLE MY PEOPLE STAND UP
textdetox@01907546324b0330d2d8b7669648cc18823323e5/en/001005	en	0	RT ActionAidGhana: ActionAid launches campaign on decent work for women - URL - via Ghana News Agency URL
textdetox@01907546324b0330d2d8b7669648cc18823323e5/en/001006	en	0	". has released her politically charged song, ""Rich, White, Straight Men"" on streaming platforms.  Stream: URL"
textdetox@01907546324b0330d2d8b7669648cc18823323e5/en/001007	en	0	That was terrible. God gives peace their soul and encourage their family at this moment.
textdetox@01907546324b0330d2d8b7669648cc18823323e5/en/001008	en	0	A beautiful woman of color.
textdetox@01907546324b0330d2d8b7669648cc18823323e5/en/001009	en	0	Never thought i would be considered white asians... Very interesting though
textdetox@01907546324b0330d2d8b7669648cc18823323e5/en/001010	en	0	Shaheen is a magic player in Pakistan team the same Bolling he has to do proud of Pakistan team
textdetox@01907546324b0330d2d8b7669648cc18823323e5/en/001011	en	0	I believe the real connection is both are KING ...Long live the King
textdetox@01907546324b0330d2d8b7669648cc18823323e5/en/001012	en	0	hell yes, i just feel like boys don't get as much love n appreciation as others and this needs to change!
textdetox@01907546324b0330d2d8b7669648cc18823323e5/en/001013	en	0	 on a side note, Kashmiri uncles are legends.
textdetox@01907546324b0330d2d8b7669648cc18823323e5/en/001014	en	0	1.24 proud to be Muslim
textdetox@01907546324b0330d2d8b7669648cc18823323e5/en/001015	en	0	A win for Puerto Ricans.
textdetox@01907546324b0330d2d8b7669648cc18823323e5/en/001016	en	0	But she has a 140 IQ tho.
textdetox@01907546324b0330d2d8b7669648cc18823323e5/en/001017	en	0	Hey there guys, gals, and nonbinary pals! best greeting for this imo
textdetox@01907546324b0330d2d8b7669648cc18823323e5/en/001018	en	0	I love Ramy! A very real look at American Muslims and our struggles
textdetox@01907546324b0330d2d8b7669648cc18823323e5/en/001019	en	0	WE LOVE AN LGBTQ HERO UGH
textdetox@01907546324b0330d2d8b7669648cc18823323e5/en/001020	en	0	s deputy leader reaffirming the commitment to women's equality in every aspect of public life. URL
textdetox@01907546324b0330d2d8b7669648cc18823323e5/en/001021	en	0	ATTN: Straight People. Don't be upset that you don't have a pride parade ... be grateful you don't need one!
textdetox@01907546324b0330d2d8b7669648cc18823323e5/en/001022	en	0	Because JC got into trouble for trying to get with straight boys.
textdetox@01907546324b0330d2d8b7669648cc18823323e5/en/001023	en	0	 I was speaking on children not teenagers or adults I'm not against transgender people i fully support them, like I support you.
textdetox@01907546324b0330d2d8b7669648cc18823323e5/en/001024	en	0	Long live Israel! Greetings from the Netherlands.
textdetox@01907546324b0330d2d8b7669648cc18823323e5/en/001025	en	0	I think she's pretty wonderful
textdetox@01907546324b0330d2d8b7669648cc18823323e5/en/001026	en	0	I fall in love with beautiful women all the time
textdetox@01907546324b0330d2d8b7669648cc18823323e5/en/001027	en	0	Most Norwegians should know it, as the viking age is pretty well covered in the curriculum.
textdetox@01907546324b0330d2d8b7669648cc18823323e5/en/001028	en	0	being born a Sikh is such a blessing
textdetox@01907546324b0330d2d8b7669648cc18823323e5/en/001029	en	0	 YAS QUEEN! Ladies, we could possibly eradicate 88% of self-doubt in 4 hours if organize with this 
textdetox@01907546324b0330d2d8b7669648cc18823323e5/en/001030	en	0	I know that feeling. I may not be LGBT myself, but I have loads of LGBT friends
textdetox@01907546324b0330d2d8b7669648cc18823323e5/en/001031	en	0	1. Love your God within, the Truth in Heaven 2. Love and protect your neighbor as yourself URL
textdetox@01907546324b0330d2d8b7669648cc18823323e5/en/001032	en	0	 FFS WHITE IS A COLOR, I AM OF COLOR
textdetox@01907546324b0330d2d8b7669648cc18823323e5/en/001033	en	0	Yesss me too my girlfriend is mixed like me Dominican and. Turkish so we both understand what it's like
textdetox@01907546324b0330d2d8b7669648cc18823323e5/en/001034	en	0	HE GOT SO FAWKIN TAN  URL
textdetox@01907546324b0330d2d8b7669648cc18823323e5/en/001035	en	0	Ramadaan Mubarak to all our Muslims sisters brothers and friends may it be a month of much and joy
textdetox@01907546324b0330d2d8b7669648cc18823323e5/en/001036	en	0	thats not what OP asked, though. OP asked why you think we arent Christians - regardless of salvation.
textdetox@01907546324b0330d2d8b7669648cc18823323e5/en/001037	en	0	Don't underestimate power of women
textdetox@01907546324b0330d2d8b7669648cc18823323e5/en/001038	en	0	This was so wholesome and so sweet. I'd totally cuddle you bro. No homo, but also not against it as I am bi lmao
textdetox@01907546324b0330d2d8b7669648cc18823323e5/en/001039	en	0	 There are about 25,000 Mexican workers in Québec. They've never been & aren't a problem: French & Latino cultures meld well together.
textdetox@01907546324b0330d2d8b7669648cc18823323e5/en/001040	en	0	God is all the genders.
textdetox@01907546324b0330d2d8b7669648cc18823323e5/en/001041	en	0	Report: Just One Accepting Adult Can Save an LGBTQ Young Person's Life URL
textdetox@01907546324b0330d2d8b7669648cc18823323e5/en/001042	en	0	6:17 the kids are smiling tho... They are just trying to have fun
textdetox@01907546324b0330d2d8b7669648cc18823323e5/en/001043	en	0	While the nation is still in mourning, especially the vulnerable immigrant population, ICE separates more families with massive raid; the cruelty must stop!
textdetox@01907546324b0330d2d8b7669648cc18823323e5/en/001044	en	0	Surfer babes always got wiggly blonde hair.
textdetox@01907546324b0330d2d8b7669648cc18823323e5/en/001045	en	0	Girls love girls and boys.
textdetox@01907546324b0330d2d8b7669648cc18823323e5/en/001046	en	0	As someone who has been both Orthodox and Catholic, I think your advice here is wise.
textdetox@01907546324b0330d2d8b7669648cc18823323e5/en/001047	en	0	Brown Skin Girl  URL
textdetox@01907546324b0330d2d8b7669648cc18823323e5/en/001048	en	0	Only hard done to the female gamers who want to express their identity.
textdetox@01907546324b0330d2d8b7669648cc18823323e5/en/001049	en	0	This is why Islam has made a clear distinction between a mahram and a non-mahram
textdetox@01907546324b0330d2d8b7669648cc18823323e5/en/001050	en	0	It's not Mexico. Most immigrants aren't from Mexico, they're from other parts of South America, like the Honduras and Guatamala.
textdetox@01907546324b0330d2d8b7669648cc18823323e5/en/001051	en	0	Khawar Qureshi isn't even Pakistani. He was born and brought up in England.
textdetox@01907546324b0330d2d8b7669648cc18823323e5/en/001052	en	0	I love that our culture is becoming more accepting of darker skin tones, kudos to all the progressive people out there
textdetox@01907546324b0330d2d8b7669648cc18823323e5/en/001053	en	0	Displaced Women Turn to Cashew in Abuja, and Are 'Making It' : URL URL
textdetox@01907546324b0330d2d8b7669648cc18823323e5/en/001054	en	0	Take care of your business and give our Arabian community culture a respect
textdetox@01907546324b0330d2d8b7669648cc18823323e5/en/001055	en	0	. Because there is not enough LGBTQ+ representation.
textdetox@01907546324b0330d2d8b7669648cc18823323e5/en/001056	en	0	Im chinese but have really dark skin due to my parent's genes,and I agree,my country's(singapore) people are all friends with different races and religions.
textdetox@01907546324b0330d2d8b7669648cc18823323e5/en/001057	en	0	I think this is the time of year companies use PRIDE aesthetics to appear inclusive but don't hire LGBTQ+ identifies persons. Fascinating!!
textdetox@01907546324b0330d2d8b7669648cc18823323e5/en/001058	en	0	God bless you all. Love from Tunisia
textdetox@01907546324b0330d2d8b7669648cc18823323e5/en/001059	en	0	My parents are immigrants with strong ties to their home country, so I always felt more patriotism for their country than my home country.
textdetox@01907546324b0330d2d8b7669648cc18823323e5/en/001060	en	0	Really cool to see people stand together against racism :)
textdetox@01907546324b0330d2d8b7669648cc18823323e5/en/001061	en	0	 Wow what a beautiful pic, I 100% support GLBT ‍, gay people r the nicest people around xx
textdetox@01907546324b0330d2d8b7669648cc18823323e5/en/001062	en	0	Eid Mubarak to all celebrating the end of Ramadan. Especially the beautiful community in my Electorate  URL
textdetox@01907546324b0330d2d8b7669648cc18823323e5/en/001063	en	0	A true celebration of white.
textdetox@01907546324b0330d2d8b7669648cc18823323e5/en/001064	en	0	We can't stop thinking about this amazing LGBTQ+ representation in ! URL URL
textdetox@01907546324b0330d2d8b7669648cc18823323e5/en/001065	en	0	I am not African because I was born in but because Africa was born in me- Kwame Nkrumah Good morning Africa! URL
textdetox@01907546324b0330d2d8b7669648cc18823323e5/en/001066	en	0	But when the sun was up, it was scorched; and because it had no root, it withered away. ~Mark 4:6 
textdetox@01907546324b0330d2d8b7669648cc18823323e5/en/001067	en	0	Black American singers back in the day were freakishly good
textdetox@01907546324b0330d2d8b7669648cc18823323e5/en/001068	en	0	Please follow this man, he needs friends very badly! 
textdetox@01907546324b0330d2d8b7669648cc18823323e5/en/001069	en	0	Straight but allied with everyone else. Glad to feel welcome
textdetox@01907546324b0330d2d8b7669648cc18823323e5/en/001070	en	0	Cultures grow on the vine of tradition.  Serbian traditional wear  URL
textdetox@01907546324b0330d2d8b7669648cc18823323e5/en/001071	en	0	sending messages of infinite support and validity as an amab trans person who feels similarly!
textdetox@01907546324b0330d2d8b7669648cc18823323e5/en/001072	en	0	So do I! It's fun being a woman. And I really like men.
textdetox@01907546324b0330d2d8b7669648cc18823323e5/en/001073	en	0	Trudeau's ISIS leader al-Baghdadi appears to call for attacks on Canada in new audio recording URL
textdetox@01907546324b0330d2d8b7669648cc18823323e5/en/001074	en	0	Trans people exist. They are our friends, they are our allies, they are our family. They deserve to be recognised.
textdetox@01907546324b0330d2d8b7669648cc18823323e5/en/001075	en	0	you got fine body. south? punjabi?
textdetox@01907546324b0330d2d8b7669648cc18823323e5/en/001076	en	0	spanish people are more sexy than anyone in the world
textdetox@01907546324b0330d2d8b7669648cc18823323e5/en/001077	en	0	AOC. I love political figures. Lily Singh Aka SuperWoman. I love when she had braids. Indian women are so hot. Jeez.
textdetox@01907546324b0330d2d8b7669648cc18823323e5/en/001078	en	0	my God ur beautiful and Middle Eastern is even better
textdetox@01907546324b0330d2d8b7669648cc18823323e5/en/001079	en	0	The only famous black chef I know about is our dear dear Ainsley Hariott
textdetox@01907546324b0330d2d8b7669648cc18823323e5/en/001080	en	0	Girls are great, and being one would also probably be great. Unfortunately I have no actual dysphoria.
textdetox@01907546324b0330d2d8b7669648cc18823323e5/en/001081	en	0	Some of us are just legit guys who were raised well and know how to treat ladies . No hidden agendas
textdetox@01907546324b0330d2d8b7669648cc18823323e5/en/001082	en	0	Lovely. Well done. is absolutely the only appropriate response to someone coming out.
textdetox@01907546324b0330d2d8b7669648cc18823323e5/en/001083	en	0	I think Mulan should be played by a white blonde woman, the role fits perfectly for a white woman, don't u all think?
textdetox@01907546324b0330d2d8b7669648cc18823323e5/en/001084	en	0	Rashid khan proud to be an Afghan
textdetox@01907546324b0330d2d8b7669648cc18823323e5/en/001085	en	0	Nice to see Kimberley Yam who writes for HuffPost repping Asian men in her instagram here. Let's support her with more positivity!
textdetox@01907546324b0330d2d8b7669648cc18823323e5/en/001086	en	0	straight or not we deserve to be loved & respect.
textdetox@01907546324b0330d2d8b7669648cc18823323e5/en/001087	en	0	American, and of Pakistani descent
textdetox@01907546324b0330d2d8b7669648cc18823323e5/en/001088	en	0	In honor of , read 's love letter to the LGBTQ community URL URL
textdetox@01907546324b0330d2d8b7669648cc18823323e5/en/001089	en	0	Just proof we need more darker skin girls! They look so pretty in everything.
textdetox@01907546324b0330d2d8b7669648cc18823323e5/en/001090	en	0	don't underestimate the powers of bi men
textdetox@01907546324b0330d2d8b7669648cc18823323e5/en/001091	en	0	Why do we need this, both genders are already equal and so are all races and sexual orientation
textdetox@01907546324b0330d2d8b7669648cc18823323e5/en/001092	en	0	URL The Islamic nation celebrates Eid al-Fitr and every year and you are well
textdetox@01907546324b0330d2d8b7669648cc18823323e5/en/001093	en	0	look at these beautiful talented black boys
textdetox@01907546324b0330d2d8b7669648cc18823323e5/en/001094	en	0	Hijab never stops us to pursue our dreams! URL
textdetox@01907546324b0330d2d8b7669648cc18823323e5/en/001095	en	0	Pakistani cricketers pay tribute to who announced the end of his tenure as chief selector of the national team. URL
textdetox@01907546324b0330d2d8b7669648cc18823323e5/en/001096	en	0	Your whole business model is literally making money off of the exploitation of women URL
textdetox@01907546324b0330d2d8b7669648cc18823323e5/en/001097	en	0	I love Gunna! Thank you for using beautiful women of color in this video!
textdetox@01907546324b0330d2d8b7669648cc18823323e5/en/001098	en	0	Why is it any of your concern anyway ? You guys are commenting on another countries cultures beliefs and standards ...
textdetox@01907546324b0330d2d8b7669648cc18823323e5/en/001099	en	0	Modji is probably the only Indian PM who operates at two levels, one as politician and other as social reformer 
textdetox@01907546324b0330d2d8b7669648cc18823323e5/en/001100	en	0	Uttar Pradesh CM to unveil Lord Ram statue in Ayodhya today. Here's a report on this. URL URL
textdetox@01907546324b0330d2d8b7669648cc18823323e5/en/001101	en	0	Fellow trans girl here! Love and support confirmed!
textdetox@01907546324b0330d2d8b7669648cc18823323e5/en/001102	en	0	Girls are funnier than guys on this app
textdetox@01907546324b0330d2d8b7669648cc18823323e5/en/001103	en	0	"Not ""everyone"", but most people. I'm bisexual and I've been dating this great guy for nine months. He's the sweetest person I've ever met."
textdetox@01907546324b0330d2d8b7669648cc18823323e5/en/001104	en	0	Its great seeing a young black individual doing his thing and being successful!
textdetox@01907546324b0330d2d8b7669648cc18823323e5/en/001105	en	0	This Straight Pride Parade looks WILD I can't lie... URL
textdetox@01907546324b0330d2d8b7669648cc18823323e5/en/001106	en	0	I am also White. Thank you for inspiring me to reveal myself.
textdetox@01907546324b0330d2d8b7669648cc18823323e5/en/001107	en	0	I appreciate being bilingual with both African American Vernacular English and corporate white American English
textdetox@01907546324b0330d2d8b7669648cc18823323e5/en/001108	en	0	If you are a furry it's Ok I will support you
textdetox@01907546324b0330d2d8b7669648cc18823323e5/en/001109	en	0	 First year accepting my sexuality. Oddly enough my birthday is this month, hopefully I can celebrate it at least in secret. 
textdetox@01907546324b0330d2d8b7669648cc18823323e5/en/001110	en	0	It's not the same guy, although the German that Upham let go does end up shooting Captain Miller, who dies minutes later.
textdetox@01907546324b0330d2d8b7669648cc18823323e5/en/001111	en	0	Me!!!! And my wife. We are LGBTQ allies . And we are atheist. Well we believe in Harry Potter but that's another story.
textdetox@01907546324b0330d2d8b7669648cc18823323e5/en/001112	en	0	Good for you. I'm happy living my life constantly complimented by men.
textdetox@01907546324b0330d2d8b7669648cc18823323e5/en/001113	en	0	Christian's dont shoot up your office when you make a comic making fun of Jesus
textdetox@01907546324b0330d2d8b7669648cc18823323e5/en/001114	en	0	 Uh, 51% of women who seek a first abortion were using contraception in the month they got pregnant.
textdetox@01907546324b0330d2d8b7669648cc18823323e5/en/001115	en	0	Today's Doctrinal Empowerment is a succcess! Praise God! URL
textdetox@01907546324b0330d2d8b7669648cc18823323e5/en/001116	en	0	hey as a lebanese non-binary person this is hilarious and adorable.
textdetox@01907546324b0330d2d8b7669648cc18823323e5/en/001117	en	0	The relevance of saying he's a Hispanic man??
textdetox@01907546324b0330d2d8b7669648cc18823323e5/en/001118	en	0	Oath sister!! I love the gays
textdetox@01907546324b0330d2d8b7669648cc18823323e5/en/001119	en	0	Sis can be Hispanic but still white. Just an FYI lol
textdetox@01907546324b0330d2d8b7669648cc18823323e5/en/001120	en	0	I feel this collab is for LGBT community... Thanks for this Ed/justin
textdetox@01907546324b0330d2d8b7669648cc18823323e5/en/001121	en	0	The world's biggest power is the beauty of a woman - Chanakya Neeti ...and I agree :)
textdetox@01907546324b0330d2d8b7669648cc18823323e5/en/001122	en	0	America was stolen & build by immigrants. Stop trying to forget where you came from.
textdetox@01907546324b0330d2d8b7669648cc18823323e5/en/001123	en	0	my bisexual heart
textdetox@01907546324b0330d2d8b7669648cc18823323e5/en/001124	en	0	Born Indian, grown in UK, married to an European and consider myself a truly universal being.
textdetox@01907546324b0330d2d8b7669648cc18823323e5/en/001125	en	0	i need new lgbt+ mutuals... if you want rt this please so I can find new ones?
textdetox@01907546324b0330d2d8b7669648cc18823323e5/en/001126	en	0	All the best to Pakistan from India :)
textdetox@01907546324b0330d2d8b7669648cc18823323e5/en/001127	en	0	I mean yall r okay w gay celebrity couples but not w a real life gay couples, so what u tryna say again?
textdetox@01907546324b0330d2d8b7669648cc18823323e5/en/001128	en	0	Naaaaaah, Nancy keeps saying that Herr Trump is a man that she can do business with. What could go wrong?
textdetox@01907546324b0330d2d8b7669648cc18823323e5/en/001129	en	0	Girls are the best, can we just take a moment to appreciate girls.
textdetox@01907546324b0330d2d8b7669648cc18823323e5/en/001130	en	0	My bisexuality consists mainly in thirsting over men in skirts, dresses and makeup in women in suits, muscles and holding enormous swords
textdetox@01907546324b0330d2d8b7669648cc18823323e5/en/001131	en	0	Would you be interested in a bisexual crossdresser. I give great head and would love to relieve your tensions. My fem name is Amber
textdetox@01907546324b0330d2d8b7669648cc18823323e5/en/001132	en	0	These regional ministers...this is why our church is what it is. Thank you for abiding faithfully with us.
textdetox@01907546324b0330d2d8b7669648cc18823323e5/en/001133	en	0	No civil war... We have proud Hispanic US citizens in America gordon
textdetox@01907546324b0330d2d8b7669648cc18823323e5/en/001134	en	0	"You're making statements that all ""frum"" Jews did X, when that's not the case."
textdetox@01907546324b0330d2d8b7669648cc18823323e5/en/001135	en	0	At community event in Japan, female OFWs walk up stage to give Duterte a kiss URL
textdetox@01907546324b0330d2d8b7669648cc18823323e5/en/001136	en	0	So sexy...    i find koreans so attractive
textdetox@01907546324b0330d2d8b7669648cc18823323e5/en/001137	en	0	"not being racist isnt ""PC"" Its being a decent person and respecting others..."
textdetox@01907546324b0330d2d8b7669648cc18823323e5/en/001138	en	0	I love how my mum can be speaking fluent punjabi then hop back to english with her white woman voice so casually
textdetox@01907546324b0330d2d8b7669648cc18823323e5/en/001139	en	0	STEM generally is a field that lacks female representation. Hope that changes. I strive to become a part of that change
textdetox@01907546324b0330d2d8b7669648cc18823323e5/en/001140	en	0	My brother/sister can I ask if you are a Muslim and if so why do you believe in allah
textdetox@01907546324b0330d2d8b7669648cc18823323e5/en/001141	en	0	Mexican is not a race it a nationality.
textdetox@01907546324b0330d2d8b7669648cc18823323e5/en/001142	en	0	Dear black people, I love you. I truly love you
textdetox@01907546324b0330d2d8b7669648cc18823323e5/en/001143	en	0	The more the fruits of knowledge become accessible to men, the more widespread is the decline of religious belief.– 
textdetox@01907546324b0330d2d8b7669648cc18823323e5/en/001144	en	0	I find really tall woman, or women with broad shoulders and big biceps super attractive *swoonsintotheirarms*
textdetox@01907546324b0330d2d8b7669648cc18823323e5/en/001145	en	0	i'm cis but at least 3 of my ftm friends like cavetown
textdetox@01907546324b0330d2d8b7669648cc18823323e5/en/001146	en	0	Not all Christian's are like this.
textdetox@01907546324b0330d2d8b7669648cc18823323e5/en/001147	en	0	He's definitely a top 5 coach now‼
textdetox@01907546324b0330d2d8b7669648cc18823323e5/en/001148	en	0	I recently met a woman from El Salvador and this woman is amazing!!! I will never date another western woman again!
textdetox@01907546324b0330d2d8b7669648cc18823323e5/en/001149	en	0	You are blessed and graced for more Rabbi Tonight was super awesome! You do more!! Glory to God!
textdetox@01907546324b0330d2d8b7669648cc18823323e5/en/001150	en	0	 Aameen YaRabbi!!! May Almighty Allah grant him Aljanna firdausi ,my late dad and all departed souls.
textdetox@01907546324b0330d2d8b7669648cc18823323e5/en/001151	en	0	How do you view lesbian relationships? IN HD
textdetox@01907546324b0330d2d8b7669648cc18823323e5/en/001152	en	0	Happy . A necessary reminder for all allies to continually and consistently stand against bigotry and in solidarity with the + community URL
textdetox@01907546324b0330d2d8b7669648cc18823323e5/en/001153	en	0	Is arameo.(sp?) The true language of the Jews from Jesus's days?
textdetox@01907546324b0330d2d8b7669648cc18823323e5/en/001154	en	0	Religious beliefs shouldn't allow shelters to refuse transgender people. URL
textdetox@01907546324b0330d2d8b7669648cc18823323e5/en/001155	en	0	This should be going through the immigration system not the justice system.
textdetox@01907546324b0330d2d8b7669648cc18823323e5/en/001156	en	0	I love my three gay dads - Ms Marvel
textdetox@01907546324b0330d2d8b7669648cc18823323e5/en/001157	en	0	In the Jewish faith the second born gets the blessing.
textdetox@01907546324b0330d2d8b7669648cc18823323e5/en/001158	en	0	And it's not just an Ashkenazi thing URL
textdetox@01907546324b0330d2d8b7669648cc18823323e5/en/001159	en	0	Wonderful Fabulous News!!! Gay Marriage Pride dears!
textdetox@01907546324b0330d2d8b7669648cc18823323e5/en/001160	en	0	it's almost pride month so have a very cute bi pride boyo URL
textdetox@01907546324b0330d2d8b7669648cc18823323e5/en/001161	en	0	: Muslims In Northern Nigeria Celebrate End Of Ramadan URL
textdetox@01907546324b0330d2d8b7669648cc18823323e5/en/001162	en	0	*Black NBA players have a lot of power, and Bill Russell is a big reason why-Facts
textdetox@01907546324b0330d2d8b7669648cc18823323e5/en/001163	en	0	Thank you fellow lgbt you are valid as well
textdetox@01907546324b0330d2d8b7669648cc18823323e5/en/001164	en	0	I agree. It's nice that science validates the existence of trans people, but I'd support then anyway. Your happiness is what matters.
textdetox@01907546324b0330d2d8b7669648cc18823323e5/en/001165	en	0	India's economic journey: A fountain-pen story - The Financial Express URL
textdetox@01907546324b0330d2d8b7669648cc18823323e5/en/001166	en	0	blake is an awesome mix of caucasian and some black athleticism
textdetox@01907546324b0330d2d8b7669648cc18823323e5/en/001167	en	0	I want women I admire to be happy. That's it. Don't really give a damn about the details, I got my own life.
textdetox@01907546324b0330d2d8b7669648cc18823323e5/en/001168	en	0	I'm Filipino and this is hilarious
textdetox@01907546324b0330d2d8b7669648cc18823323e5/en/001169	en	0	i love being gay wjth my friends
textdetox@01907546324b0330d2d8b7669648cc18823323e5/en/001170	en	0	as a gal who goes to tournaments. a lot of people don't care about my gender that often.
textdetox@01907546324b0330d2d8b7669648cc18823323e5/en/001171	en	0	Eid Mubarak from your Atheist Seattle friends and happy Ramadan!
textdetox@01907546324b0330d2d8b7669648cc18823323e5/en/001172	en	0	Some are just great black mothers
textdetox@01907546324b0330d2d8b7669648cc18823323e5/en/001173	en	0	Please read this. This is so very eye opening and could help so many LGBTQ members of our faith. URL
textdetox@01907546324b0330d2d8b7669648cc18823323e5/en/001174	en	0	Thé LGBTQ community in the USA have privileges that many other groups don't have though.
textdetox@01907546324b0330d2d8b7669648cc18823323e5/en/001175	en	0	This is brought to you by the Catholic church.
textdetox@01907546324b0330d2d8b7669648cc18823323e5/en/001176	en	0	It's a problem on both ends when you bash your ppl for other races lol
textdetox@01907546324b0330d2d8b7669648cc18823323e5/en/001177	en	0	As someone who is mixed race it's nice to hear someone finally talk about it like that
textdetox@01907546324b0330d2d8b7669648cc18823323e5/en/001178	en	0	Marianne is actually really good at discussing of reparations and I'm... shook
textdetox@01907546324b0330d2d8b7669648cc18823323e5/en/001179	en	0	Such strong female role models
textdetox@01907546324b0330d2d8b7669648cc18823323e5/en/001180	en	0	All the best team india
textdetox@01907546324b0330d2d8b7669648cc18823323e5/en/001181	en	0	I want to compete with myself and support other women. There's enough for all of us. said Yass!!
textdetox@01907546324b0330d2d8b7669648cc18823323e5/en/001182	en	0	friendly reminder that peter parker is trans and we support him no matter what! happy pride, spider-man!  URL
textdetox@01907546324b0330d2d8b7669648cc18823323e5/en/001183	en	0	it dont matter what religion you in. PRAYER WORKS. especially when you are aligning yourself with what you're trying to manifest!
textdetox@01907546324b0330d2d8b7669648cc18823323e5/en/001184	en	0	I need to start meeting other trans people in real life.
textdetox@01907546324b0330d2d8b7669648cc18823323e5/en/001185	en	0	Goes to show that there's no white privilege when it comes to racism. Thank you for your story and keep fighting this, you're amazing.
textdetox@01907546324b0330d2d8b7669648cc18823323e5/en/001186	en	0	This is the type of woman that you marry!!!
textdetox@01907546324b0330d2d8b7669648cc18823323e5/en/001187	en	0	Women: it's time we support other women!  URL
textdetox@01907546324b0330d2d8b7669648cc18823323e5/en/001188	en	0	Introducing the 'Anti-Semitism Cyber Monitoring System  URL
textdetox@01907546324b0330d2d8b7669648cc18823323e5/en/001189	en	0	On behalf of the elders of 'Thank you' for bringing to the . We had a ball! URL
textdetox@01907546324b0330d2d8b7669648cc18823323e5/en/001190	en	0	Thank God for you Prophetess Bola. you have been a blessing
textdetox@01907546324b0330d2d8b7669648cc18823323e5/en/001191	en	0	I respect this mtf transition
textdetox@01907546324b0330d2d8b7669648cc18823323e5/en/001192	en	0	Why does celebrating diversity do more harm than good?
textdetox@01907546324b0330d2d8b7669648cc18823323e5/en/001193	en	0	Cultural Protection Fund: Bettany Hughes meets Syrian refugees becoming conservators of the future URL
textdetox@01907546324b0330d2d8b7669648cc18823323e5/en/001194	en	0	What constitutional rights do undocumented immigrants have? | PBS NewsHour URL
textdetox@01907546324b0330d2d8b7669648cc18823323e5/en/001195	en	0	Spanish. Gotta connect with my heritage.
textdetox@01907546324b0330d2d8b7669648cc18823323e5/en/001196	en	0	No. The increase in sex workers is fueled by increase in trafficking and coerced women and underage girls.
textdetox@01907546324b0330d2d8b7669648cc18823323e5/en/001197	en	0	Shout out to Africa and African Americans
textdetox@01907546324b0330d2d8b7669648cc18823323e5/en/001198	en	0	Equal Opportunity Employment laws require every employer to hire any relatively qualified applicant, or face potential litigation for discrimination....
textdetox@01907546324b0330d2d8b7669648cc18823323e5/en/001199	en	0	God I love being white.
textdetox@01907546324b0330d2d8b7669648cc18823323e5/en/001200	en	0	Why? It's never even hinted that being gay or bi means you end up in the Bad Place, if that's what you meant?
textdetox@01907546324b0330d2d8b7669648cc18823323e5/en/001201	en	0	Giving green cards to Family is not illegal.He should support families of H1-b visa holders
textdetox@01907546324b0330d2d8b7669648cc18823323e5/en/001202	en	0	It is pretty great being White.
textdetox@01907546324b0330d2d8b7669648cc18823323e5/en/001203	en	0	yeah i guess as a native american - mexican my family is just more in touch with our spiritual side
textdetox@01907546324b0330d2d8b7669648cc18823323e5/en/001204	en	0	" Real spiritual knowledge In Fazile Amal it is written that ""Kabir Allah is All-powerful and Allah kabir is the All-exalted, the All-great..."
textdetox@01907546324b0330d2d8b7669648cc18823323e5/en/001205	en	0	This story only makes me even happier that I am single, and also gay.
textdetox@01907546324b0330d2d8b7669648cc18823323e5/en/001206	en	0	We of the Faithful Black Men Association nominate you to be the next speaker at our national conference 2020
textdetox@01907546324b0330d2d8b7669648cc18823323e5/en/001207	en	0	I am Italian, but KiSSes FrOm POlAnd
textdetox@01907546324b0330d2d8b7669648cc18823323e5/en/001208	en	0	But that means LGBT+ support is popular now, which is good.
textdetox@01907546324b0330d2d8b7669648cc18823323e5/en/001209	en	0	WAIT WHY ISN'T MULAN IRANIAN? WHERE'S THE REPRESENTATION?
textdetox@01907546324b0330d2d8b7669648cc18823323e5/en/001210	en	0	Dude same I didn't even know being bi was a thing. Life has made so much more sense ever since lol
textdetox@01907546324b0330d2d8b7669648cc18823323e5/en/001211	en	0	PSA: if you're bisexual in a hetro relationship you still get to celebrate pride and be proud of who you are
textdetox@01907546324b0330d2d8b7669648cc18823323e5/en/001212	en	0	: Leading coalition of free expression organizations highlight unprecedented crackdown on freedom of expression in report to UN URL
textdetox@01907546324b0330d2d8b7669648cc18823323e5/en/001213	en	0	Someone plz explain me why a lot of comment about Poland there Btw kiss from Poland
textdetox@01907546324b0330d2d8b7669648cc18823323e5/en/001214	en	0	Straight trans people are ok and we must legally thank them for their service
textdetox@01907546324b0330d2d8b7669648cc18823323e5/en/001215	en	0	They brought Rih with them for the Eid turn up, I can't believe I'm swooning over the Saudi agenda  URL
textdetox@01907546324b0330d2d8b7669648cc18823323e5/en/001216	en	0	He\`s not even a Muslim
textdetox@01907546324b0330d2d8b7669648cc18823323e5/en/001217	en	0	Trans Ballerina Jayna Ledford Is Shattering Stereotypes URL
textdetox@01907546324b0330d2d8b7669648cc18823323e5/en/001218	en	0	Great testimony from the Sister God bless you Pastor Tim.
textdetox@01907546324b0330d2d8b7669648cc18823323e5/en/001219	en	0	It's not just Poland, in many other countries, including Romania, Pride is called The March for Equality.
textdetox@01907546324b0330d2d8b7669648cc18823323e5/en/001220	en	0	Happy trans day of visibility buddy, I've celebrated by going to my local transgender pride, protesting our rights.
textdetox@01907546324b0330d2d8b7669648cc18823323e5/en/001221	en	0	Gay PRIDE THIS YEAR HAS EVERYONE COMING OUT
textdetox@01907546324b0330d2d8b7669648cc18823323e5/en/001222	en	0	Incredibly honored and proud to be speaking on 's LGBTQ Enterprising Women Panel this month alongside these women! URL
textdetox@01907546324b0330d2d8b7669648cc18823323e5/en/001223	en	0	Happy pride month here's an important message from these gays URL
textdetox@01907546324b0330d2d8b7669648cc18823323e5/en/001224	en	0	Meier Lots of post-transition trans people pass.
textdetox@01907546324b0330d2d8b7669648cc18823323e5/en/001225	en	0	>I think Jesus would really like eradicating poverty. Love it.
textdetox@01907546324b0330d2d8b7669648cc18823323e5/en/001226	en	0	I'm bi. I never really thought about it too hard until the LGBT movement started gaining more steam
textdetox@01907546324b0330d2d8b7669648cc18823323e5/en/001227	en	0	kenyan hip hop on another level URL
textdetox@01907546324b0330d2d8b7669648cc18823323e5/en/001228	en	0	BTW IM A GIRL AND I LIKE GIRLS SO YOUR NOT ALOWN
textdetox@01907546324b0330d2d8b7669648cc18823323e5/en/001229	en	0	I appreciate you including agnostic my dude, were almost always lumped in with atheists
textdetox@01907546324b0330d2d8b7669648cc18823323e5/en/001230	en	0	Although I don't agree with everything in the LGBTQ community I know it's not right that they are treated!
textdetox@01907546324b0330d2d8b7669648cc18823323e5/en/001231	en	0	stop trying to invalidate the feelings of poc groups when YOU think something isn't offensive
textdetox@01907546324b0330d2d8b7669648cc18823323e5/en/001232	en	0	That people think they can choose their own sex/gender. (Or claiming that sex and gender are different)
textdetox@01907546324b0330d2d8b7669648cc18823323e5/en/001233	en	0	Ifff you're trans ands kind to me thrrrds a. 90% chances illl would date you I've got soo much love andsffection o give
textdetox@01907546324b0330d2d8b7669648cc18823323e5/en/001234	en	0	Nah. We go by members of The Church of Jesus Christ
textdetox@01907546324b0330d2d8b7669648cc18823323e5/en/001235	en	0	we love femme + soft butch solidarity uwu URL
textdetox@01907546324b0330d2d8b7669648cc18823323e5/en/001236	en	0	I think it is fair to say you are orthodox Protestants.
textdetox@01907546324b0330d2d8b7669648cc18823323e5/en/001237	en	0	This video just goes out to show the respect for LGBT COMMUNITY!
textdetox@01907546324b0330d2d8b7669648cc18823323e5/en/001238	en	0	Absolutely one of the hottest Asian women on earth.
textdetox@01907546324b0330d2d8b7669648cc18823323e5/en/001239	en	0	Title completely true! I'm one of those black Women.
textdetox@01907546324b0330d2d8b7669648cc18823323e5/en/001240	en	0	Women. Because I'm a fan of beauty.
textdetox@01907546324b0330d2d8b7669648cc18823323e5/en/001241	en	0	I'm a straight woman and I can relate lol She's so wholesome though, my girl crush is based entirely on respect haha
textdetox@01907546324b0330d2d8b7669648cc18823323e5/en/001242	en	0	A real Chinese actress is playing Mulan in this film. Wow!
textdetox@01907546324b0330d2d8b7669648cc18823323e5/en/001243	en	0	> We are a weird *gender* of the species FTFY
textdetox@01907546324b0330d2d8b7669648cc18823323e5/en/001244	en	0	It's a lie. Illegal immigrants commit crime at a lower rate than citizens.
textdetox@01907546324b0330d2d8b7669648cc18823323e5/en/001245	en	0	Somali girls are so pretty it's actually not fair
textdetox@01907546324b0330d2d8b7669648cc18823323e5/en/001246	en	0	Okay thank you my brother. May Allah bless you with good health and wealth
textdetox@01907546324b0330d2d8b7669648cc18823323e5/en/001247	en	0	India succeeds on another front. From 1,411 in 2006 to 2,967 in 2018, commitment of doubling the Tiger population fulfilled. URL
textdetox@01907546324b0330d2d8b7669648cc18823323e5/en/001248	en	0	Verse (13:11) Indeed, Allah will not change the condition of a people until they change what is in themselves. @ Johor Bahru URL
textdetox@01907546324b0330d2d8b7669648cc18823323e5/en/001249	en	0	Hats off to our soldiers who are fighting terrorists and saving Pakistan from threats and terrorism! URL
textdetox@01907546324b0330d2d8b7669648cc18823323e5/en/001250	en	0	Yeah it's actually sexist to both males and females here lol
textdetox@01907546324b0330d2d8b7669648cc18823323e5/en/001251	en	0	She was truly India's daughter and will be greatly missed.
textdetox@01907546324b0330d2d8b7669648cc18823323e5/en/001252	en	0	This is probably the happiest the blank says trans rights meme has made me
textdetox@01907546324b0330d2d8b7669648cc18823323e5/en/001253	en	0	Since it's pride month, here's a thread of BTS supporting the LGBT community! URL
textdetox@01907546324b0330d2d8b7669648cc18823323e5/en/001254	en	0	If it's not a thing, it certainly should be! Looking great, sweetie!
textdetox@01907546324b0330d2d8b7669648cc18823323e5/en/001255	en	0	Good luck hun, from one bisexual to another 
textdetox@01907546324b0330d2d8b7669648cc18823323e5/en/001256	en	0	Awesome Movie @ Story Singh Ppl Are Really A King  For ReaL Respect For All Punjabis All Over The World.
textdetox@01907546324b0330d2d8b7669648cc18823323e5/en/001257	en	0	Men and boys are essential to supporting women and girls in breaking the silence on menstrual hygiene management. , together! URL
textdetox@01907546324b0330d2d8b7669648cc18823323e5/en/001258	en	0	Serving black girl magic, melanin goddess, nubian queen realness good LORT.
textdetox@01907546324b0330d2d8b7669648cc18823323e5/en/001259	en	0	I am not ashamed and Indians don't have to speak Hindi i speak malayalam
textdetox@01907546324b0330d2d8b7669648cc18823323e5/en/001260	en	0	Italian is so Asian, that's what my USA and his Italian said about. They all like Asian grandpa and Grandma. Love love
textdetox@01907546324b0330d2d8b7669648cc18823323e5/en/001261	en	0	Ecuador aims to turn corner with policy orthodoxy URL
textdetox@01907546324b0330d2d8b7669648cc18823323e5/en/001262	en	0	As a brown Muslim teenage girl living in Australia, she gives me so much strength, one of my biggest heroes FOR SURE.
textdetox@01907546324b0330d2d8b7669648cc18823323e5/en/001263	en	0	Agreed (from the Middle East)
textdetox@01907546324b0330d2d8b7669648cc18823323e5/en/001264	en	0	And yet some people still don't feel that educating young people about the LGBT community is important
textdetox@01907546324b0330d2d8b7669648cc18823323e5/en/001265	en	0	the WTA has a transgender participation policy URL
textdetox@01907546324b0330d2d8b7669648cc18823323e5/en/001266	en	0	Getting dicked down. URL URL
textdetox@01907546324b0330d2d8b7669648cc18823323e5/en/001267	en	0	they got 2 more daesangs, i'm so proud
textdetox@01907546324b0330d2d8b7669648cc18823323e5/en/001268	en	0	What a great young Pentecostal lady
textdetox@01907546324b0330d2d8b7669648cc18823323e5/en/001269	en	0	Omg I have the same birthday!! Except I was born in 2008 but OMG happy Birthday
textdetox@01907546324b0330d2d8b7669648cc18823323e5/en/001270	en	0	I'm glad that they are using an Asian actress for Mulan she looks very elegant too
textdetox@01907546324b0330d2d8b7669648cc18823323e5/en/001271	en	0	Specified Asians because it's mostly us who still have this culture. Everyone is most welcome to tell us about your experience.
textdetox@01907546324b0330d2d8b7669648cc18823323e5/en/001272	en	0	Skin colour is not part of beauty. priyanka is so beatifull
textdetox@01907546324b0330d2d8b7669648cc18823323e5/en/001273	en	0	, celebrated in several countries to focus on issues facing men's health. Take a look at this article and let's talk URL URL
textdetox@01907546324b0330d2d8b7669648cc18823323e5/en/001274	en	0	That we love American girls and boys.
textdetox@01907546324b0330d2d8b7669648cc18823323e5/en/001275	en	0	Funny the countries with the most Atheists are the safest and happiest...go figure
textdetox@01907546324b0330d2d8b7669648cc18823323e5/en/001276	en	0	Ik you're goated cause u can clutch anything and r my favorite Asian
textdetox@01907546324b0330d2d8b7669648cc18823323e5/en/001277	en	0	"a lot of the teens say,"" sksksksksksksksksksk"" when something is ""funny"""
textdetox@01907546324b0330d2d8b7669648cc18823323e5/en/001278	en	0	So sad. Please have mercy so the ALLAH do the same with you.
textdetox@01907546324b0330d2d8b7669648cc18823323e5/en/001279	en	0	And with this BCCI won a million hearts. I just love everything abt my country
textdetox@01907546324b0330d2d8b7669648cc18823323e5/en/001280	en	0	Eid Mubarak to my brothers celebrating.
textdetox@01907546324b0330d2d8b7669648cc18823323e5/en/001281	en	0	Me too, I was a devout Muslim too and the same story went on. Wish you a happy life bro .
textdetox@01907546324b0330d2d8b7669648cc18823323e5/en/001282	en	0	my masculine is awakening from my spiritual elevation
textdetox@01907546324b0330d2d8b7669648cc18823323e5/en/001283	en	0	We Asians gotta stick together.
textdetox@01907546324b0330d2d8b7669648cc18823323e5/en/001284	en	0	blasian women are always gorgeous and she definitely supports that
textdetox@01907546324b0330d2d8b7669648cc18823323e5/en/001285	en	0	I'm white and nervous. Can't imagine how Latinos feel right now, documented or not.
textdetox@01907546324b0330d2d8b7669648cc18823323e5/en/001286	en	0	 Im being honest, i dont know how to talk to trans. I only call them mate and only that
textdetox@01907546324b0330d2d8b7669648cc18823323e5/en/001287	en	0	This music video is so beautiful  I cried at the whole thing I'm Puerto Rican & Taíno Indian but black lives matter
textdetox@01907546324b0330d2d8b7669648cc18823323e5/en/001288	en	0	Support Black Trans youth URL
textdetox@01907546324b0330d2d8b7669648cc18823323e5/en/001289	en	0	I really dislike when people weaponize the Bible
textdetox@01907546324b0330d2d8b7669648cc18823323e5/en/001290	en	0	also i love girls too they're the best
textdetox@01907546324b0330d2d8b7669648cc18823323e5/en/001291	en	0	 Women I would say, my mom and sisters are Superwoman
textdetox@01907546324b0330d2d8b7669648cc18823323e5/en/001292	en	0	God bless you as well! From a Protestant Christian from the US. Unity in Christ extends beyond national boundaries and denominational traditions!
textdetox@01907546324b0330d2d8b7669648cc18823323e5/en/001293	en	0	Saudi Arabia and United States of America : Open Sana'a Airport for Commercial Flights - Sign the Petition! URL via
textdetox@01907546324b0330d2d8b7669648cc18823323e5/en/001294	en	0	May Allah accept our acts of charity
textdetox@01907546324b0330d2d8b7669648cc18823323e5/en/001295	en	0	Zendaya has the aura of a nuturing mother but at the same time you want her as wife
textdetox@01907546324b0330d2d8b7669648cc18823323e5/en/001296	en	0	One of the only times I'm proud to be Desi lol.
textdetox@01907546324b0330d2d8b7669648cc18823323e5/en/001297	en	0	Saudi women gain right to travel without permission - UPI News URL
textdetox@01907546324b0330d2d8b7669648cc18823323e5/en/001298	en	0	 Khair Mubarak sir. May this eid may Allah bring us De ligt, fernandez and many more
textdetox@01907546324b0330d2d8b7669648cc18823323e5/en/001299	en	0	His family is Taiwanese. Ethnically still Han Chinese, but still an important distinction to many people.
textdetox@01907546324b0330d2d8b7669648cc18823323e5/en/001300	en	0	Black men sing love songs and can be romantic. Look at Marvin Gaye
textdetox@01907546324b0330d2d8b7669648cc18823323e5/en/001301	en	0	A movie directed by a trans person
textdetox@01907546324b0330d2d8b7669648cc18823323e5/en/001302	en	0	I came out at 21 too! Check out [Am I a Lesbian?](URL It may help you figure out if you're a lesbian or bisexual.
textdetox@01907546324b0330d2d8b7669648cc18823323e5/en/001303	en	0	The mascot of the upcoming 'straight pride parade' URL
textdetox@01907546324b0330d2d8b7669648cc18823323e5/en/001304	en	0	Going to church as an atheist Mormon in a loveless marriage. Leaving both was the best thing that I did.
textdetox@01907546324b0330d2d8b7669648cc18823323e5/en/001305	en	0	Women that you can discuss societal issues, books, art and films with >>>
textdetox@01907546324b0330d2d8b7669648cc18823323e5/en/001306	en	0	The native european hunter-gatherer culture got wiped out by Middle Eastern farmer culture 8000 years ago.
textdetox@01907546324b0330d2d8b7669648cc18823323e5/en/001307	en	0	You take offense to using their nationality as a descriptive device? Why- is there something wrong with being Afghan?
textdetox@01907546324b0330d2d8b7669648cc18823323e5/en/001308	en	0	I can help all men an women who want to boost their health and performance..
textdetox@01907546324b0330d2d8b7669648cc18823323e5/en/001309	en	0	Please support these orgs that are trying to help disabled migrants in the concentration camps. URL
textdetox@01907546324b0330d2d8b7669648cc18823323e5/en/001310	en	0	EABC hosts Worldbank to discuss new project - support small scale traders especially women in cross border trade URL
textdetox@01907546324b0330d2d8b7669648cc18823323e5/en/001311	en	0	I think that's a really accurate quote, we should feel comfortable speaking out against people with blatantly racist, anti-white male sentiments
textdetox@01907546324b0330d2d8b7669648cc18823323e5/en/001312	en	0	Also, I am happy they are in both Canada and America because without them, the refugees would have no food or shelter.
textdetox@01907546324b0330d2d8b7669648cc18823323e5/en/001313	en	0	Praying for my Muslims brothers and sisters in Sudan, may allah protect them Ameen.
textdetox@01907546324b0330d2d8b7669648cc18823323e5/en/001314	en	0	Bernie stands up for all minorities.
textdetox@01907546324b0330d2d8b7669648cc18823323e5/en/001315	en	0	Guys if they came to our country please dont mob them. Show some respect.
textdetox@01907546324b0330d2d8b7669648cc18823323e5/en/001316	en	0	The r/bisexual subreddit is also very welcoming to straight allies and all of us love supportive parents.
textdetox@01907546324b0330d2d8b7669648cc18823323e5/en/001317	en	0	You go girl!!! I think he is just afraid of meeting your expectations lah
textdetox@01907546324b0330d2d8b7669648cc18823323e5/en/001318	en	0	Biden's Battle and the Reliability of the Scriptures | Ep 3 URL
textdetox@01907546324b0330d2d8b7669648cc18823323e5/en/001319	en	0	this going for POC or what?
textdetox@01907546324b0330d2d8b7669648cc18823323e5/en/001320	en	0	So very, very happy to see you as the real you. It only took me 49 years. Sincerely, The Gay Grandpa.
textdetox@01907546324b0330d2d8b7669648cc18823323e5/en/001321	en	0	So glad to see a proud minority woman like Warren out there on national stage
textdetox@01907546324b0330d2d8b7669648cc18823323e5/en/001322	en	0	This is so disrespectful to the Hispanic culture.
textdetox@01907546324b0330d2d8b7669648cc18823323e5/en/001323	en	0	What does being a lesbian have to do with that?
textdetox@01907546324b0330d2d8b7669648cc18823323e5/en/001324	en	0	Nope she isn't black . Black is a royalty not everyone can have .
textdetox@01907546324b0330d2d8b7669648cc18823323e5/en/001325	en	0	., former school superintendent, makes a passionate case that unequal educational opportunity is a root cause of racial disparities in the U.S.
textdetox@01907546324b0330d2d8b7669648cc18823323e5/en/001326	en	0	That's cute. I love seeing gay couples together. Love always finds a way.
textdetox@01907546324b0330d2d8b7669648cc18823323e5/en/001327	en	0	She raised the voice of Hindus in Bangladesh who r mercilessly persecuted everyday by Majority Muslims. zindabad
textdetox@01907546324b0330d2d8b7669648cc18823323e5/en/001328	en	0	As a brown boy I appreciate you brown girl
textdetox@01907546324b0330d2d8b7669648cc18823323e5/en/001329	en	0	Good Morning Tweetarians  Eid Mubarak everyone may your journey in life be directed by Allah.
textdetox@01907546324b0330d2d8b7669648cc18823323e5/en/001330	en	0	I am from Pakistan but today proud on Bangladesh win and congrats to Bangladeshi brother and sister
textdetox@01907546324b0330d2d8b7669648cc18823323e5/en/001331	en	0	It's always Pride Month at my house Pan, Rainbow and Trans flag always there to greet you URL
textdetox@01907546324b0330d2d8b7669648cc18823323e5/en/001332	en	0	Eid Mubakar to all our brothers and sisters. May we have peace and understanding
textdetox@01907546324b0330d2d8b7669648cc18823323e5/en/001333	en	0	Who cares if she's black? The person she is, and the things she's done to keep kids healthy are great regardless
textdetox@01907546324b0330d2d8b7669648cc18823323e5/en/001334	en	0	*plot twist! We are all African*
textdetox@01907546324b0330d2d8b7669648cc18823323e5/en/001335	en	0	 Do what pleases you, allow Mallaman musulinci to preach Islam to those who believe in it and want to adhere to it.
textdetox@01907546324b0330d2d8b7669648cc18823323e5/en/001336	en	0	I'm always smoking that reefer and jaywalking It sure is nice being white
textdetox@01907546324b0330d2d8b7669648cc18823323e5/en/001337	en	0	Congregation Modi Ji. I am a Bangladeshi Citizen but i always like u.
textdetox@01907546324b0330d2d8b7669648cc18823323e5/en/001338	en	0	As a bi trans, I fondly approve of this
textdetox@01907546324b0330d2d8b7669648cc18823323e5/en/001339	en	0	If you want to come hang out with some fun trans people we all up in here : URL
textdetox@01907546324b0330d2d8b7669648cc18823323e5/en/001340	en	0	Happy Eid Mubarak from the Team, to all our esteemed Muslim clients, friends & family! URL
textdetox@01907546324b0330d2d8b7669648cc18823323e5/en/001341	en	0	Middle East Reformed Fellowship seems to be doing great work in the Muslim world.
textdetox@01907546324b0330d2d8b7669648cc18823323e5/en/001342	en	0	Mexico pledges US $90 million a year in aid to Central America URL
textdetox@01907546324b0330d2d8b7669648cc18823323e5/en/001343	en	0	Good cricket play nz respect for india
textdetox@01907546324b0330d2d8b7669648cc18823323e5/en/001344	en	0	I'm only here for the cute Asian guy
textdetox@01907546324b0330d2d8b7669648cc18823323e5/en/001345	en	0	GIRLS. AND BOYS. CAN BE FRIENDS. WITHOUT BEING ATTRACTED TO ONE ANOTHER.
textdetox@01907546324b0330d2d8b7669648cc18823323e5/en/001346	en	0	Can we get more racial barrier breakers? Please and thank you
textdetox@01907546324b0330d2d8b7669648cc18823323e5/en/001347	en	0	You should join the trans girl groups (e.g. Duck Tales) on Telegram to get more localized friendship and advice.
textdetox@01907546324b0330d2d8b7669648cc18823323e5/en/001348	en	0	My BFF got 59% NA and she looks white. People ask her if she's Greek all the time. You just can't tell by looking.
textdetox@01907546324b0330d2d8b7669648cc18823323e5/en/001349	en	0	the malay deserve education the most
textdetox@01907546324b0330d2d8b7669648cc18823323e5/en/001350	en	0	How is this implying shes not straight...?
textdetox@01907546324b0330d2d8b7669648cc18823323e5/en/001351	en	0	It's sad that LGBT rights are a political issue. It should be basic, granted, given! But I am loving this from Taylor Swift!! URL
textdetox@01907546324b0330d2d8b7669648cc18823323e5/en/001352	en	0	An education scholarship for muslim women would have been more valuable for them and for the country
textdetox@01907546324b0330d2d8b7669648cc18823323e5/en/001353	en	0	No one: Lele Pons: dId YOu KnOw IM LaTiNA
textdetox@01907546324b0330d2d8b7669648cc18823323e5/en/001354	en	0	Today in 1642 Dutch minister Johannes Megapolensis arrives with wife and family to pastor in America. URL from URL
textdetox@01907546324b0330d2d8b7669648cc18823323e5/en/001355	en	0	DIVERSITY! INCLUSION! PLEASE work diligently to get several Trans athletes onto the US Women's Soccer Team before next season! Love Wins!!
textdetox@01907546324b0330d2d8b7669648cc18823323e5/en/001356	en	0	As another trans person, you're welcome xo :)
textdetox@01907546324b0330d2d8b7669648cc18823323e5/en/001357	en	0	Happy hari raya puasa (for those who celebrate it)! URL
textdetox@01907546324b0330d2d8b7669648cc18823323e5/en/001358	en	0	I would like to unban iona.
textdetox@01907546324b0330d2d8b7669648cc18823323e5/en/001359	en	0	Hes a true African man lol URL
textdetox@01907546324b0330d2d8b7669648cc18823323e5/en/001360	en	0	Interesting. Studied Judaism and Islam and both interested me a lot.
textdetox@01907546324b0330d2d8b7669648cc18823323e5/en/001361	en	0	We all pray for Hindu Muslim Sikh Christian parsi Jain buddh they are pearl of India
textdetox@01907546324b0330d2d8b7669648cc18823323e5/en/001362	en	0	no, it was white people versus white people
textdetox@01907546324b0330d2d8b7669648cc18823323e5/en/001363	en	0	The Hindus and the Jews are natural friends. It's heartening to see India and Israel coming together deeply. URL
textdetox@01907546324b0330d2d8b7669648cc18823323e5/en/001364	en	0	Nigerians come and Cedis URL
textdetox@01907546324b0330d2d8b7669648cc18823323e5/en/001365	en	0	Mashallah brother. So happy for you. Also join r/Ummah for other Pan-Islamic content
textdetox@01907546324b0330d2d8b7669648cc18823323e5/en/001366	en	0	This is so cute. Happy pride month everybody. today is my official coming out of the closet as bi!
textdetox@01907546324b0330d2d8b7669648cc18823323e5/en/001367	en	0	That's awesome! I'm also bi and my bday is on June 1 lol
textdetox@01907546324b0330d2d8b7669648cc18823323e5/en/001368	en	0	I am tall and love tall women
textdetox@01907546324b0330d2d8b7669648cc18823323e5/en/001369	en	0	J Lee and what's wrong with Indian American? they are true Americans....
textdetox@01907546324b0330d2d8b7669648cc18823323e5/en/001370	en	0	Much love proud to be African
textdetox@01907546324b0330d2d8b7669648cc18823323e5/en/001371	en	0	No that's not right either now you are marginalizing white people. There has to be coexistence And acceptance
textdetox@01907546324b0330d2d8b7669648cc18823323e5/en/001372	en	0	This is just proofs how peacefull Palestina and the people supporting them are
textdetox@01907546324b0330d2d8b7669648cc18823323e5/en/001373	en	0	May Almighty Allah bless us accept our ibadah URL
textdetox@01907546324b0330d2d8b7669648cc18823323e5/en/001374	en	0	He's the 3rd best eza
textdetox@01907546324b0330d2d8b7669648cc18823323e5/en/001375	en	0	Dhoni what a man.. This is show that he is a legend of Indian cricket
textdetox@01907546324b0330d2d8b7669648cc18823323e5/en/001376	en	0	I love you moreeeeee babe
textdetox@01907546324b0330d2d8b7669648cc18823323e5/en/001377	en	0	As a closeted trans guy the last words made me cry.
textdetox@01907546324b0330d2d8b7669648cc18823323e5/en/001378	en	0	what do you think the b in lgbt+ means? biscuits? like hello bisexuality exists stop sleeping on it
textdetox@01907546324b0330d2d8b7669648cc18823323e5/en/001379	en	0	as a Filipino memer Have my upvote
textdetox@01907546324b0330d2d8b7669648cc18823323e5/en/001380	en	0	Pakistan support Kashmir Freedom URL
textdetox@01907546324b0330d2d8b7669648cc18823323e5/en/001381	en	0	I have so much respect for the 90's Japanese drifters:
textdetox@01907546324b0330d2d8b7669648cc18823323e5/en/001382	en	0	jiyong said live matter. we gonn celebrate gay rights cuz rainbow lasts 4ever  URL
textdetox@01907546324b0330d2d8b7669648cc18823323e5/en/001383	en	0	It is so good to see the bonding between Bangladeshi and Indian bhai borthers .
textdetox@01907546324b0330d2d8b7669648cc18823323e5/en/001384	en	0	God of course I love trans girls
textdetox@01907546324b0330d2d8b7669648cc18823323e5/en/001385	en	0	I just saw the speech, very diverse crowd, of blacks, whites, and men and women! A very good sign!
textdetox@01907546324b0330d2d8b7669648cc18823323e5/en/001386	en	0	YES I GET TO BE TRANS JINN This is my transition goals
textdetox@01907546324b0330d2d8b7669648cc18823323e5/en/001387	en	0	i knew it she a filipina thats why she beautiful
textdetox@01907546324b0330d2d8b7669648cc18823323e5/en/001388	en	0	Well done that man, woman, gender neutral, transsexual whatever. Mahalo.
textdetox@01907546324b0330d2d8b7669648cc18823323e5/en/001389	en	0	Wow he did that. By 2025 Majority of Lawyers in America will be black per-capita.
textdetox@01907546324b0330d2d8b7669648cc18823323e5/en/001390	en	0	I agree it's not a confession it's your bs way of trying to tak to women about it. Plain and simple
textdetox@01907546324b0330d2d8b7669648cc18823323e5/en/001391	en	0	She herself is a transgender. Her sister too.
textdetox@01907546324b0330d2d8b7669648cc18823323e5/en/001392	en	0	All the legal Mexican American thank them as well
textdetox@01907546324b0330d2d8b7669648cc18823323e5/en/001393	en	0	Some converts have a bar mitzvah, I know it's common for Reform converts, and some Orthodox communities do it to. It's strictly optional though.
textdetox@01907546324b0330d2d8b7669648cc18823323e5/en/001394	en	0	"Via the HRC: Maine Gov. Janet Mills Signs Legislation Protecting LGBTQ Youth from ""Conversion Therapy"" URL"
textdetox@01907546324b0330d2d8b7669648cc18823323e5/en/001395	en	0	I'm atheist but my family is christian
textdetox@01907546324b0330d2d8b7669648cc18823323e5/en/001396	en	0	Xhosa Women are the Future  Leadership President 2024 URL
textdetox@01907546324b0330d2d8b7669648cc18823323e5/en/001397	en	0	Immigrant families make significant contributions to our economy, yet many are currently ineligible from accessing the URL
textdetox@01907546324b0330d2d8b7669648cc18823323e5/en/001398	en	0	What are your or your people's views on Eastern religions like Hinduism and Buddhism?
textdetox@01907546324b0330d2d8b7669648cc18823323e5/en/001399	en	0	Hi I would love to talk girl talk with you! I'm trans and have always wanted a girl I can't talk with.
textdetox@01907546324b0330d2d8b7669648cc18823323e5/en/001400	en	0	Shaykh Abdul Hakim Murad brilliantly and succinctly explains the definition of Sunni Orthodoxy/ Ahlul Sunnah Wal Jamah'. URL
textdetox@01907546324b0330d2d8b7669648cc18823323e5/en/001401	en	0	Biggie is spoiling these people with food
textdetox@01907546324b0330d2d8b7669648cc18823323e5/en/001402	en	0	I've always enjoyed it when people wished me a happy pride, and that goes for most lgbt+ people I've met.
textdetox@01907546324b0330d2d8b7669648cc18823323e5/en/001403	en	0	won first ever multi-nation ODI tournament   URL
textdetox@01907546324b0330d2d8b7669648cc18823323e5/en/001404	en	0	I think it's a blessing to go to a parish that's Catholic and still loves its faith.
textdetox@01907546324b0330d2d8b7669648cc18823323e5/en/001405	en	0	Public attitudes in the US towards gay people. Still a long way to go, but way better than it used to be.
textdetox@01907546324b0330d2d8b7669648cc18823323e5/en/001406	en	0	Fellow White Man Radha agarwal
textdetox@01907546324b0330d2d8b7669648cc18823323e5/en/001407	en	0	Best is just to ignore them. I'm still going to teach jesus peace whether they like it or not.
textdetox@01907546324b0330d2d8b7669648cc18823323e5/en/001408	en	0	Imagine we won a trophy on his last year
textdetox@01907546324b0330d2d8b7669648cc18823323e5/en/001409	en	0	to all our Muslim followers. Today is your day to celebrate the goodness in your life
textdetox@01907546324b0330d2d8b7669648cc18823323e5/en/001410	en	0	Right. Petite white girls are great.
textdetox@01907546324b0330d2d8b7669648cc18823323e5/en/001411	en	0	Me as a trans female emt and nobody else is LGBT.
textdetox@01907546324b0330d2d8b7669648cc18823323e5/en/001412	en	0	Mastercard Aims to Steer 1 Million Young Women to STEM Careers URL
textdetox@01907546324b0330d2d8b7669648cc18823323e5/en/001413	en	0	Congrats to all the beautiful India people, love seeing all that orange. Respect from an Englishman, God bless India.
textdetox@01907546324b0330d2d8b7669648cc18823323e5/en/001414	en	0	This is why I'm defecting to Sweden.
textdetox@01907546324b0330d2d8b7669648cc18823323e5/en/001415	en	0	GAPPY AND YASUHO SAID: TRANS RIGHTS ARE HUMAN RIGHTS
textdetox@01907546324b0330d2d8b7669648cc18823323e5/en/001416	en	0	I'm 15m and am bi would be happy to help you explore.. And possibly even friends
textdetox@01907546324b0330d2d8b7669648cc18823323e5/en/001417	en	0	Eid Mubarak to all Muslims celebrating around the world
textdetox@01907546324b0330d2d8b7669648cc18823323e5/en/001418	en	0	That's an informative video. Proud Hindu here!!
textdetox@01907546324b0330d2d8b7669648cc18823323e5/en/001419	en	0	Yes! I love being trans but it is so tiring.
textdetox@01907546324b0330d2d8b7669648cc18823323e5/en/001420	en	0	They're talking about that America is based of equality. Seems like America is based on FREEDOM
textdetox@01907546324b0330d2d8b7669648cc18823323e5/en/001421	en	0	Does anyone else just feel really blessed to be gay
textdetox@01907546324b0330d2d8b7669648cc18823323e5/en/001422	en	0	Black history month. Breast cancer awareness month.
textdetox@01907546324b0330d2d8b7669648cc18823323e5/en/001423	en	0	Wishing joyful Eid Mubarak to all celebrating Eid ul Fitr across the world. May this Eid be of tremendous blessings! URL
textdetox@01907546324b0330d2d8b7669648cc18823323e5/en/001424	en	0	Every one worships their god on their festival! Me worshiping my god on salmaniacs festival URL
textdetox@01907546324b0330d2d8b7669648cc18823323e5/en/001425	en	0	You're bi. You just have some preferences. And you don't really need to find a label, unless you find one that suits you perfectly
textdetox@01907546324b0330d2d8b7669648cc18823323e5/en/001426	en	0	June is , so join us as we celebrate all the wonderful diversity found throughout the natural world.  URL
textdetox@01907546324b0330d2d8b7669648cc18823323e5/en/001427	en	0	Brian Kemp: Reverse State Agency's Hijab Ban - Sign the Petition! URL via
textdetox@01907546324b0330d2d8b7669648cc18823323e5/en/001428	en	0	Still trans, still out there trying to live my best life.
textdetox@01907546324b0330d2d8b7669648cc18823323e5/en/001429	en	0	Love being lgbtq that she stands for us more then anyone always been a great talanted person the best in my eyes love her
textdetox@01907546324b0330d2d8b7669648cc18823323e5/en/001430	en	0	The refugees are learning slowly but surely. Give them a moment for pity's sake.
textdetox@01907546324b0330d2d8b7669648cc18823323e5/en/001431	en	0	I'm a straight dude and I love sailor moon.
textdetox@01907546324b0330d2d8b7669648cc18823323e5/en/001432	en	0	I think for me it's one of of the best parts of being female! The friendships and community I have with other women.
textdetox@01907546324b0330d2d8b7669648cc18823323e5/en/001433	en	0	Mexican girls too excited right now URL
textdetox@01907546324b0330d2d8b7669648cc18823323e5/en/001434	en	0	I'm a white guy and I think these women are gorgeous
textdetox@01907546324b0330d2d8b7669648cc18823323e5/en/001435	en	0	dis shiet be racist af!
textdetox@01907546324b0330d2d8b7669648cc18823323e5/en/001436	en	0	{Icyepiclogic } yes you can the church is accepting of everyone
textdetox@01907546324b0330d2d8b7669648cc18823323e5/en/001437	en	0	I have seen their dance in + sir thank you for discovering them They made India proud
textdetox@01907546324b0330d2d8b7669648cc18823323e5/en/001438	en	0	Only because India is better than your home country doesn't means you ave to be insulting 5 MINIUTE CRAFTS
textdetox@01907546324b0330d2d8b7669648cc18823323e5/en/001439	en	0	Eid Mubarak to everyone celebrating today
textdetox@01907546324b0330d2d8b7669648cc18823323e5/en/001440	en	0	FIRST PRIDE MONTH EVER IDING AS A LESBIAN AND USING A LESBIAN TWIBBON AFTER A LIFE OF STRUGGLING WITH COMPHET, I'M SO HAPPY!!!!!! URL
textdetox@01907546324b0330d2d8b7669648cc18823323e5/en/001441	en	0	Love from pakistan your brotherhood country
textdetox@01907546324b0330d2d8b7669648cc18823323e5/en/001442	en	0	Blessed are those who trust in The Lord. - Jeremiah 17:7  URL
textdetox@01907546324b0330d2d8b7669648cc18823323e5/en/001443	en	0	Over 90% of the Indian population makes less than $5,000 per year. So $600 per month would put you in a position of privilege.
textdetox@01907546324b0330d2d8b7669648cc18823323e5/en/001444	en	0	I really admire the LGBT community for the hard work and inspiration.
textdetox@01907546324b0330d2d8b7669648cc18823323e5/en/001445	en	0	Sis is giving a good word about the debt that must be paid to Black Americans with precision and clarity URL
textdetox@01907546324b0330d2d8b7669648cc18823323e5/en/001446	en	0	happy pride month!!  to my lgbtq+ followers: u are valid. u are seen. u are heard. and u are so, so loved.
textdetox@01907546324b0330d2d8b7669648cc18823323e5/en/001447	en	0	As a Filipino we can sing and hear notes with clarity ..it's the Spanish girl who rules! Nina hermosa bravo!
textdetox@01907546324b0330d2d8b7669648cc18823323e5/en/001448	en	0	Wish You A Very Happy Birthday May Allah Bless You And Keep You Happy Have An Amazing Year Ahead MRS SRK
textdetox@01907546324b0330d2d8b7669648cc18823323e5/en/001449	en	0	It's interesting what so many of us view as masculine energy. URL
textdetox@01907546324b0330d2d8b7669648cc18823323e5/en/001450	en	0	She's all about those guns, God, and hymens and I can respect that.
textdetox@01907546324b0330d2d8b7669648cc18823323e5/en/001451	en	0	 Don't worry mate, Our thoughts with genocided people by France in Algeria,Tunusia and Africa 
textdetox@01907546324b0330d2d8b7669648cc18823323e5/en/001452	en	0	So many girls are ready to marry with physically challenged man with the inspiration of jii
textdetox@01907546324b0330d2d8b7669648cc18823323e5/en/001453	en	0	God help us Africans have mercy on us in the name of the son and the Holy spirit Amen
textdetox@01907546324b0330d2d8b7669648cc18823323e5/en/001454	en	0	thanks these vidios help me with my ptsd , police vidios are depressing watching police brutality , on black persons ,
textdetox@01907546324b0330d2d8b7669648cc18823323e5/en/001455	en	0	Eid Mubarak from a Christian Californian!
textdetox@01907546324b0330d2d8b7669648cc18823323e5/en/001456	en	0	Happy pride month to all my LGBTQ+ habeshas  URL
textdetox@01907546324b0330d2d8b7669648cc18823323e5/en/001457	en	0	I agree with the decision. Because interracial couples are never a bad thing.
textdetox@01907546324b0330d2d8b7669648cc18823323e5/en/001458	en	0	BBC has called , Kenyans On Twitter, a movement, the most important and powerful group to watch
textdetox@01907546324b0330d2d8b7669648cc18823323e5/en/001459	en	0	the way he speaks about his daughter and the LGBT+ community we need more people like ‍ URL
textdetox@01907546324b0330d2d8b7669648cc18823323e5/en/001460	en	0	Great video, so powerful, own your own feminism!
textdetox@01907546324b0330d2d8b7669648cc18823323e5/en/001461	en	0	I THINK HAVE A THING FOR CHINESE MEN. I MEANT THEM. NOT EVERY SINGLE CHINESE MAN WALKING DOWN THE STREET. KJSKSKSKS URL
textdetox@01907546324b0330d2d8b7669648cc18823323e5/en/001462	en	0	IMO, Face>Body>/=Skin color. Filipino mixed western or eastern asian features have advantages too. At least this is how the media portrays beauty.
textdetox@01907546324b0330d2d8b7669648cc18823323e5/en/001463	en	0	It's pure brotherly love, unhindered by society's view that men can't kiss platonically. I think it's very sweet
textdetox@01907546324b0330d2d8b7669648cc18823323e5/en/001464	en	0	I celebrate the awesomeness of my black people with a weekly video. Check me out. [ABC](URL
textdetox@01907546324b0330d2d8b7669648cc18823323e5/en/001465	en	0	a female icon...u lead the pack so ur backs to us
textdetox@01907546324b0330d2d8b7669648cc18823323e5/en/001466	en	0	Every Indian happy except members URL
textdetox@01907546324b0330d2d8b7669648cc18823323e5/en/001467	en	0	I'm so happy for you! Great job coming out as lesbian! <3
textdetox@01907546324b0330d2d8b7669648cc18823323e5/en/001468	en	0	18 and no its one of the best I've had
textdetox@01907546324b0330d2d8b7669648cc18823323e5/en/001469	en	0	I have a lesbian friend. Although she's not really part of my typical guy friend group
textdetox@01907546324b0330d2d8b7669648cc18823323e5/en/001470	en	0	Brittanya O'Camp is her birth name, she's not Asian. She's Latin/Hispanic
textdetox@01907546324b0330d2d8b7669648cc18823323e5/en/001471	en	0	Going Girl: a trans story
textdetox@01907546324b0330d2d8b7669648cc18823323e5/en/001472	en	0	I have to call the gas company about a potential leak - Jen. I love her URL
textdetox@01907546324b0330d2d8b7669648cc18823323e5/en/001473	en	0	ICYMI: A brief from yesterday - Racine joins trend to ban conversion therapy for LGBT minors URL via
textdetox@01907546324b0330d2d8b7669648cc18823323e5/en/001474	en	0	Such beautiful strong women
textdetox@01907546324b0330d2d8b7669648cc18823323e5/en/001475	en	0	yay  Some times I'm sad that people brush off my sexuality bc I'm dating a male. So this is nice thank you
textdetox@01907546324b0330d2d8b7669648cc18823323e5/en/001476	en	0	I am Indian and I approve this.
textdetox@01907546324b0330d2d8b7669648cc18823323e5/en/001477	en	0	You look beautiful girl. I love your makeup. I'm also a transgender woman
textdetox@01907546324b0330d2d8b7669648cc18823323e5/en/001478	en	0	The way I look at it, gender doesn't affect who I am attracted to! Male, female, non-binary... I love 'em all!
textdetox@01907546324b0330d2d8b7669648cc18823323e5/en/001479	en	0	Respect to the Indian people
textdetox@01907546324b0330d2d8b7669648cc18823323e5/en/001480	en	0	I hope the best for Mexico. I have met a lot of Mexicans and the majority were nice and humble. GOD bless Mexico.
textdetox@01907546324b0330d2d8b7669648cc18823323e5/en/001481	en	0	I find beauty in all walks of life. I don't discriminate. However, I have a very strong attraction to Spanish women.
textdetox@01907546324b0330d2d8b7669648cc18823323e5/en/001482	en	0	VdotV14 Half of the country calls the other half racist.
textdetox@01907546324b0330d2d8b7669648cc18823323e5/en/001483	en	0	For my friends in the Catholic Church: God loves you. URL
textdetox@01907546324b0330d2d8b7669648cc18823323e5/en/001484	en	0	+Edward Terry puerto ricans are U.S citizens .
textdetox@01907546324b0330d2d8b7669648cc18823323e5/en/001485	en	0	You make us bengalis proud  its in the blood my man!
textdetox@01907546324b0330d2d8b7669648cc18823323e5/en/001486	en	0	Acceptence and pride go hand in hand in this case, it's also to help people be proud to be gay, ya know?
textdetox@01907546324b0330d2d8b7669648cc18823323e5/en/001487	en	0	she doesn't have to pick a label she is the entire lgbt community.
textdetox@01907546324b0330d2d8b7669648cc18823323e5/en/001488	en	0	as a very demisexual and very monogamous person, precisely one, but i still completely support your choices in your own pursuit of happyness 
textdetox@01907546324b0330d2d8b7669648cc18823323e5/en/001489	en	0	This transgender pastor started his own church in the South. ‍ URL
textdetox@01907546324b0330d2d8b7669648cc18823323e5/en/001490	en	0	Please help support nonbinary / lesbian pride, add a now! URL
textdetox@01907546324b0330d2d8b7669648cc18823323e5/en/001491	en	0	Long live the solidarity of the Cuban and Palestinian Peoples 1989 URL
textdetox@01907546324b0330d2d8b7669648cc18823323e5/en/001492	en	0	Very well made, also as a fellow bisexual I approve of your cuteness
textdetox@01907546324b0330d2d8b7669648cc18823323e5/en/001493	en	0	Salaam brother! Good job! ANELE Clap
textdetox@01907546324b0330d2d8b7669648cc18823323e5/en/001494	en	0	Indian women are really cute imo
textdetox@01907546324b0330d2d8b7669648cc18823323e5/en/001495	en	0	I'm sorryyy >w< I didn't mean to be racist
textdetox@01907546324b0330d2d8b7669648cc18823323e5/en/001496	en	0	At first i read it 12, i still remember him when he still was 12  now he is 21 .... WOW
textdetox@01907546324b0330d2d8b7669648cc18823323e5/en/001497	en	0	I'm sure even most liberal feminists despise this
textdetox@01907546324b0330d2d8b7669648cc18823323e5/en/001498	en	0	"I'm the bi in a ""hetero"" relationship like yours and I completely understand how you feel. I don't have advice, but you aren't alone!"
textdetox@01907546324b0330d2d8b7669648cc18823323e5/en/001499	en	0	I can't believe I used to be so averse to trans people. You are beautiful.
textdetox@01907546324b0330d2d8b7669648cc18823323e5/en/001500	en	0	Equality for all means *ALL*
textdetox@01907546324b0330d2d8b7669648cc18823323e5/en/001501	en	0	85% suicide rate after reassignment surgery.
textdetox@01907546324b0330d2d8b7669648cc18823323e5/en/001502	en	0	How much I love Asian chicks
textdetox@01907546324b0330d2d8b7669648cc18823323e5/en/001503	en	0	team today embarrass you URL
textdetox@01907546324b0330d2d8b7669648cc18823323e5/en/001504	en	0	Now im proud for being greek
textdetox@01907546324b0330d2d8b7669648cc18823323e5/en/001505	en	0	Jeannie showing first hand how women work in comparison to men in positions of power. Well done Jeannie. You proved a well known point
textdetox@01907546324b0330d2d8b7669648cc18823323e5/en/001506	en	0	Matter of fact, I get sad when I realize my kids will never witness Filipino Tumblr $WAG
textdetox@01907546324b0330d2d8b7669648cc18823323e5/en/001507	en	0	No im a trans girl who doesn't want my shoulders to broaden so i cna pass easier
textdetox@01907546324b0330d2d8b7669648cc18823323e5/en/001508	en	0	Same. There are some very fine Indian men out there.
textdetox@01907546324b0330d2d8b7669648cc18823323e5/en/001509	en	0	Netflix's Tales of the City Is a Lovingly Composed Panoramic Photograph of San Francisco Queer Culture URL
textdetox@01907546324b0330d2d8b7669648cc18823323e5/en/001510	en	0	I think it's awesome to see a lesbian couple walking while holding hands in Russia.
textdetox@01907546324b0330d2d8b7669648cc18823323e5/en/001511	en	0	"This ""massive retaliation"" doctrine suggests to me that Israel could come under an existential threat."
textdetox@01907546324b0330d2d8b7669648cc18823323e5/en/001512	en	0	Wishing all of our Muslim customers Eid al-Adha. URL
textdetox@01907546324b0330d2d8b7669648cc18823323e5/en/001513	en	0	"There's no such thing as ""hos "", men and women are equal."
textdetox@01907546324b0330d2d8b7669648cc18823323e5/en/001514	en	0	The title of this video says that the comments were racist so obviously they must be.‍
textdetox@01907546324b0330d2d8b7669648cc18823323e5/en/001515	en	0	Marriane is amazing when it comes to speaking about race relations
textdetox@01907546324b0330d2d8b7669648cc18823323e5/en/001516	en	0	let immigrants into the us
textdetox@01907546324b0330d2d8b7669648cc18823323e5/en/001517	en	0	I think arena looks cool
textdetox@01907546324b0330d2d8b7669648cc18823323e5/en/001518	en	0	Why Working Women Need to Mentor Other Women URL
textdetox@01907546324b0330d2d8b7669648cc18823323e5/en/001519	en	0	im trans as well. I understand how you feel
textdetox@01907546324b0330d2d8b7669648cc18823323e5/en/001520	en	0	I said we can be together on stuff like affirmative action
textdetox@01907546324b0330d2d8b7669648cc18823323e5/en/001521	en	0	lee hwan says gay rights URL
textdetox@01907546324b0330d2d8b7669648cc18823323e5/en/001522	en	0	Oh, and men, this ain't about y'all but I do have content that's better suited for you: URL
textdetox@01907546324b0330d2d8b7669648cc18823323e5/en/001523	en	0	Thank you u/strong black female
textdetox@01907546324b0330d2d8b7669648cc18823323e5/en/001524	en	0	Meanwhile, immigrants are risking their lives to give their children a better life. URL
textdetox@01907546324b0330d2d8b7669648cc18823323e5/en/001525	en	0	I salute India for this achievements.
textdetox@01907546324b0330d2d8b7669648cc18823323e5/en/001526	en	0	Black women embracing and loving themselves all over my TL. A necessity. A blessing.
textdetox@01907546324b0330d2d8b7669648cc18823323e5/en/001527	en	0	My dad is a immigrant from Thailand.
textdetox@01907546324b0330d2d8b7669648cc18823323e5/en/001528	en	0	Triple talaq. You're saying it's in the Quran, but most people would say it isn't. It's a matter of interpretation.
textdetox@01907546324b0330d2d8b7669648cc18823323e5/en/001529	en	0	I'm honestly blessed bc my wife is perfect in all aspects
textdetox@01907546324b0330d2d8b7669648cc18823323e5/en/001530	en	0	I'm a straight ally and please know that you are accepted and loved, please take your time. I will always accept you.
textdetox@01907546324b0330d2d8b7669648cc18823323e5/en/001531	en	0	Sikh and Buddhists would be my go to if I was into religion
textdetox@01907546324b0330d2d8b7669648cc18823323e5/en/001532	en	0	India got freedom from British in 1947 but we got the total freedom today URL
textdetox@01907546324b0330d2d8b7669648cc18823323e5/en/001533	en	0	It is so sad that she had to go through all of that for something that should not even matter at all (race).
textdetox@01907546324b0330d2d8b7669648cc18823323e5/en/001534	en	0	Thanks Guru Papa motivation the women in every field URL
textdetox@01907546324b0330d2d8b7669648cc18823323e5/en/001535	en	0	We love a girl who's smart and hot. Respect!
textdetox@01907546324b0330d2d8b7669648cc18823323e5/en/001536	en	0	THE FIRST TRANSGENDER SUICIDE HOTLINE IS NOW UP AND RUNNING IN THE U.S! YOU CAN REACH TRANS LIFELINE AT PHONE.  Please RETWEET!
textdetox@01907546324b0330d2d8b7669648cc18823323e5/en/001537	en	0	It was jolly cooperation to spread Christ word!
textdetox@01907546324b0330d2d8b7669648cc18823323e5/en/001538	en	0	Ah yeah, I'm actually Dominican myself! And musicians can be pretty cool. It's true from what I've seen yeah, most indie guys are white
textdetox@01907546324b0330d2d8b7669648cc18823323e5/en/001539	en	0	EID MUBARAK to you and your loved ones. May Allah (God) accept your fasting, prayers, and good deeds. — celebrating Eid
textdetox@01907546324b0330d2d8b7669648cc18823323e5/en/001540	en	0	That's why I'm amused when certain countries talk about women's rights etc Was it just a fluke?
textdetox@01907546324b0330d2d8b7669648cc18823323e5/en/001541	en	0	Being an Indian, i approve of this meme!
textdetox@01907546324b0330d2d8b7669648cc18823323e5/en/001542	en	0	Chinese staff take home highest salaries in UK's ethnicity pay gap URL
textdetox@01907546324b0330d2d8b7669648cc18823323e5/en/001543	en	0	Vote for your rights. Stand up against the brutality European female's are subjected to daily. Take your country back!!! URL
textdetox@01907546324b0330d2d8b7669648cc18823323e5/en/001544	en	0	That's a personal choice for them, the strength of your faith shouldn't change if they do or do not.
textdetox@01907546324b0330d2d8b7669648cc18823323e5/en/001545	en	0	women's rights = human rights abortion rights = human rights URL
textdetox@01907546324b0330d2d8b7669648cc18823323e5/en/001546	en	0	Girls are WAY more selective than guys.
textdetox@01907546324b0330d2d8b7669648cc18823323e5/en/001547	en	0	Honestly why are there so many different sexualities now just bang who you wanna bang or dont
textdetox@01907546324b0330d2d8b7669648cc18823323e5/en/001548	en	0	Congratulations , for Jesus is the way the truth and the life, no one cometh to the father but by me .
textdetox@01907546324b0330d2d8b7669648cc18823323e5/en/001549	en	0	You guys are all so kindddd  thank you so much this makes me feel better about coming out
textdetox@01907546324b0330d2d8b7669648cc18823323e5/en/001550	en	0	Hey come join our lgbtq ‍ safe space an make the path to affiliate easier URL
textdetox@01907546324b0330d2d8b7669648cc18823323e5/en/001551	en	0	Dear Allah, please give me a strength atleast once. 
textdetox@01907546324b0330d2d8b7669648cc18823323e5/en/001552	en	0	The perfect thicc white girl
textdetox@01907546324b0330d2d8b7669648cc18823323e5/en/001553	en	0	Thats it!! Im gonna get a waffle cooker right now Kids get in the car, im making waffles!
textdetox@01907546324b0330d2d8b7669648cc18823323e5/en/001554	en	0	this further proves that i am legit attracted to womEN
textdetox@01907546324b0330d2d8b7669648cc18823323e5/en/001555	en	0	Coming out to my parents. We were a really religious family and I had no clue how they would take it.
textdetox@01907546324b0330d2d8b7669648cc18823323e5/en/001556	en	0	Ok but if it's not ruled according to the Torah then it is not a Jewish state it is secular.
textdetox@01907546324b0330d2d8b7669648cc18823323e5/en/001557	en	0	Appreciate Allah's love and mercy.
textdetox@01907546324b0330d2d8b7669648cc18823323e5/en/001558	en	0	When nation celebrate the big achievement what makes me proud is MY HERO MS DHONI also serving country now URL
textdetox@01907546324b0330d2d8b7669648cc18823323e5/en/001559	en	0	Spanish big Musa lady goes interracial, join to enjoy! URL M4 URL
textdetox@01907546324b0330d2d8b7669648cc18823323e5/en/001560	en	0	If you subscribe for me my channel. May God bless you and your family in Jesus name Ameen
textdetox@01907546324b0330d2d8b7669648cc18823323e5/en/001561	en	0	If only they were only arresting legal immigrants, and treating them humanely...
textdetox@01907546324b0330d2d8b7669648cc18823323e5/en/001562	en	0	And he saith unto them, Follow me, and I will make you fishers of men. ~Matthew 4:19 
textdetox@01907546324b0330d2d8b7669648cc18823323e5/en/001563	en	0	Black man, white woman. Several of my neighbors are that combo. They all seem happy, so, I don't judge.
textdetox@01907546324b0330d2d8b7669648cc18823323e5/en/001564	en	0	This is truly a very beautiful testimony from GOD'S GRACE, The girls are strong and healthy. Nice.
textdetox@01907546324b0330d2d8b7669648cc18823323e5/en/001565	en	0	Haha unintentionally yes. I'm bi & they're my fav
textdetox@01907546324b0330d2d8b7669648cc18823323e5/en/001566	en	0	Hey I'm a little! And I'm gay  I love making new friends, if you wanna message me feel free 
textdetox@01907546324b0330d2d8b7669648cc18823323e5/en/001567	en	0	The israeli accent does sound a bit french. Whatever her accent is, its not Egyptian!
textdetox@01907546324b0330d2d8b7669648cc18823323e5/en/001568	en	0	Ramzan Mubarak to all my Muslim sister n brothers. May peace be upon our country. Big love from jaipur.
textdetox@01907546324b0330d2d8b7669648cc18823323e5/en/001569	en	0	Well Duh, Satanists have read the Bible.
textdetox@01907546324b0330d2d8b7669648cc18823323e5/en/001570	en	0	Come out when you feel comfortable, don't feel pressured to come out.
textdetox@01907546324b0330d2d8b7669648cc18823323e5/en/001571	en	0	just doing my part as a white guy
textdetox@01907546324b0330d2d8b7669648cc18823323e5/en/001572	en	0	Gender Euphoria Therapy? I can dig this.
textdetox@01907546324b0330d2d8b7669648cc18823323e5/en/001573	en	0	Southwest Airlines Celebrates LGBT Pride Month URL
textdetox@01907546324b0330d2d8b7669648cc18823323e5/en/001574	en	0	I remember. He wrote it after meeting with very concerned Palestinian activists. It was rejected and they now follows the standard one.
textdetox@01907546324b0330d2d8b7669648cc18823323e5/en/001575	en	0	Thank you random Indian citizen!
textdetox@01907546324b0330d2d8b7669648cc18823323e5/en/001576	en	0	Rowley is trans and lesbian and we love and accept her.
textdetox@01907546324b0330d2d8b7669648cc18823323e5/en/001577	en	0	I'm a 24yr old bi guy, feel free to message me if you have any questions
textdetox@01907546324b0330d2d8b7669648cc18823323e5/en/001578	en	0	I love this!! as some who is ftm it means a lot :)
textdetox@01907546324b0330d2d8b7669648cc18823323e5/en/001579	en	0	Slytherin & Gryffindor  Post you and your S/o in your hogwarts uniform below! I'm curious to see the house couples URL
textdetox@01907546324b0330d2d8b7669648cc18823323e5/en/001580	en	0	"Femininity doesn't always have to be ""sexy"". Why do women need to be sexualized to be considered feminine?"
textdetox@01907546324b0330d2d8b7669648cc18823323e5/en/001581	en	0	Yes, you can have a fabulous career teaching gender studies to gender studies majors. That, or work in human resources.
textdetox@01907546324b0330d2d8b7669648cc18823323e5/en/001582	en	0	I appreciate beauty even if I'm not sexually attracted to it.
textdetox@01907546324b0330d2d8b7669648cc18823323e5/en/001583	en	0	 We're here, we're queer, we're all in the same room
textdetox@01907546324b0330d2d8b7669648cc18823323e5/en/001584	en	0	According to Edgar Cayce they were from India Persia and Egypt
textdetox@01907546324b0330d2d8b7669648cc18823323e5/en/001585	en	0	I can't believe they treat those innocent immigrants like this. They just trying to come to America and make a better life
textdetox@01907546324b0330d2d8b7669648cc18823323e5/en/001586	en	0	im unbelievably attracted to bi girls. especially with dominant energy, doesnt have to be dom though. works in my favour though haha
textdetox@01907546324b0330d2d8b7669648cc18823323e5/en/001587	en	0	My mom and I are both Latinos.
textdetox@01907546324b0330d2d8b7669648cc18823323e5/en/001588	en	0	Pakistani army ready go to 'any extent' to support Kashmiris – chief of staff URL URL
textdetox@01907546324b0330d2d8b7669648cc18823323e5/en/001589	en	0	If it was a girl les will dress her the same as her
textdetox@01907546324b0330d2d8b7669648cc18823323e5/en/001590	en	0	>A nasty comment yes. But how is it overt racism? O know exactly how that's racist.
textdetox@01907546324b0330d2d8b7669648cc18823323e5/en/001591	en	0	I'm not tired of seeing white people in superhero (or any other) movies, but i whole heartedly embrace more diversity too.
textdetox@01907546324b0330d2d8b7669648cc18823323e5/en/001592	en	0	that white boy look like JIM MORRISON! hell yeah nice song
textdetox@01907546324b0330d2d8b7669648cc18823323e5/en/001593	en	0	So basically I might be in love with you ‍
textdetox@01907546324b0330d2d8b7669648cc18823323e5/en/001594	en	0	 I am feeling happy! Despite of religion issues, you took your stand to stop them making a rift in the secular society!
textdetox@01907546324b0330d2d8b7669648cc18823323e5/en/001595	en	0	I love curvy Asian! ;D
textdetox@01907546324b0330d2d8b7669648cc18823323e5/en/001596	en	0	I'm not Turk. I'm Arab, my co-worker is, amazing dude and he is Christian too
textdetox@01907546324b0330d2d8b7669648cc18823323e5/en/001597	en	0	I'm white and even I can tell this song go hard af
textdetox@01907546324b0330d2d8b7669648cc18823323e5/en/001598	en	0	We will neither support lynchings nor Sharia Neither Terrorists nor Terrorism Neither Triple Talaq nor Halala Neither Population Jihad nor Love Jihad
textdetox@01907546324b0330d2d8b7669648cc18823323e5/en/001599	en	0	Pleas come to arab countries
textdetox@01907546324b0330d2d8b7669648cc18823323e5/en/001600	en	0	We Iranian people ask u to support us to change the terrorist regime of iran
textdetox@01907546324b0330d2d8b7669648cc18823323e5/en/001601	en	0	Couldn't be further from the truth. Most guys like girls that are shorter than them.
textdetox@01907546324b0330d2d8b7669648cc18823323e5/en/001602	en	0	Eid Mubarak to all the Muslims out there. URL
textdetox@01907546324b0330d2d8b7669648cc18823323e5/en/001603	en	0	Appreciate the bi love! Happy Pride!
textdetox@01907546324b0330d2d8b7669648cc18823323e5/en/001604	en	0	I don't know who need to hear this but God wont stop blessings people even though you hate them
textdetox@01907546324b0330d2d8b7669648cc18823323e5/en/001605	en	0	countries from which previous majority of immigrants have come: europe, some latin america. Unrelated? south asia, africa, middle east
textdetox@01907546324b0330d2d8b7669648cc18823323e5/en/001606	en	0	Late to the party, but I'm a bisexual Catholic. Still not out to my family, but I've slowly accepted this part of me!
textdetox@01907546324b0330d2d8b7669648cc18823323e5/en/001607	en	0	I don't benefit financially from saying there are or aren't diversity issues.
textdetox@01907546324b0330d2d8b7669648cc18823323e5/en/001608	en	0	Mexico will crack down on their southern border and deport these people. They have no choice
textdetox@01907546324b0330d2d8b7669648cc18823323e5/en/001609	en	0	As a multi-culti hapa kid with a lot of feelings about identity and the effects of assimilation culture, this really hit home.
textdetox@01907546324b0330d2d8b7669648cc18823323e5/en/001610	en	0	So by not wanting to allow genocide I'm using it politically? Hot take chapo
textdetox@01907546324b0330d2d8b7669648cc18823323e5/en/001611	en	0	 i came out to my mum, dad, uncle, auntie and nan
textdetox@01907546324b0330d2d8b7669648cc18823323e5/en/001612	en	0	That is from the live stream,today is PrIde day,In conclusion BTS supports the bisexuals- URL
textdetox@01907546324b0330d2d8b7669648cc18823323e5/en/001613	en	0	Students protest in front of the Indian embassy in Tehran Iran, in solidarity with the people of Indian occupied kashmir URL
textdetox@01907546324b0330d2d8b7669648cc18823323e5/en/001614	en	0	LMAOOO we was old niggas playin this mas aggressively for money
textdetox@01907546324b0330d2d8b7669648cc18823323e5/en/001615	en	0	She is a woman, who above all else, knows the value of having fun and taking seriously. URL
textdetox@01907546324b0330d2d8b7669648cc18823323e5/en/001616	en	0	Happy Republic Day to all Indians all over the world. Jai Hind. URL
textdetox@01907546324b0330d2d8b7669648cc18823323e5/en/001617	en	0	Oregon bill would allow victims of racially motivated 911 calls to sue the caller URL via
textdetox@01907546324b0330d2d8b7669648cc18823323e5/en/001618	en	0	You can always convert to Judaism and move to Israel
textdetox@01907546324b0330d2d8b7669648cc18823323e5/en/001619	en	0	Elton John Responds to 'Rocketman' Censorship in Russia Over 'Homosexual Propaganda' | Just Jared URL
textdetox@01907546324b0330d2d8b7669648cc18823323e5/en/001620	en	0	First off, if he likes crossdressing, leave him be, second off, ask your sister before making any decisions!
textdetox@01907546324b0330d2d8b7669648cc18823323e5/en/001621	en	0	Appreciate your Black culture. Take a moment to reflect on our customs, language, food, style, events etc.
textdetox@01907546324b0330d2d8b7669648cc18823323e5/en/001622	en	0	Making Movies And Rubén Blades Trace Stories Of Immigrant Injustice With 'Ameri'kana' URL
textdetox@01907546324b0330d2d8b7669648cc18823323e5/en/001623	en	0	hey, trans woman here 7 years in. If you need to talk or have questions I'm your gal! :)
textdetox@01907546324b0330d2d8b7669648cc18823323e5/en/001624	en	0	My masculine is awakening due to my spiritual elevation!!
textdetox@01907546324b0330d2d8b7669648cc18823323e5/en/001625	en	0	I attend a Methodist . Take care and God bless.
textdetox@01907546324b0330d2d8b7669648cc18823323e5/en/001626	en	0	| Political Bureau Official: International Quds Day kept Palestine alive in our hearts and minds
textdetox@01907546324b0330d2d8b7669648cc18823323e5/en/001627	en	0	When can we expect Jews for Jesus to invade Congress?
textdetox@01907546324b0330d2d8b7669648cc18823323e5/en/001628	en	0	First state in the US to protect trans people from discrimination in employment/housing! I was kinda proud to learn that factoid. 1993.
textdetox@01907546324b0330d2d8b7669648cc18823323e5/en/001629	en	0	As a Kiwi, Ive got to hand it to the Indian fans. Most passionate in the World.
textdetox@01907546324b0330d2d8b7669648cc18823323e5/en/001630	en	0	I think she is a very sensible woman, bless your heart
textdetox@01907546324b0330d2d8b7669648cc18823323e5/en/001631	en	0	My great great grandmother was jewish she lived somewhere in the 1800 or something. Then my great grandfather was german.
textdetox@01907546324b0330d2d8b7669648cc18823323e5/en/001632	en	0	New story on NPR: Southern Baptists To Confront Sexual Abuse And Role Of Women In The Church URL
textdetox@01907546324b0330d2d8b7669648cc18823323e5/en/001633	en	0	That girl rocking the hijab in the video looks BEAUTIFUL
textdetox@01907546324b0330d2d8b7669648cc18823323e5/en/001634	en	0	I'm passionate about having feminine hips
textdetox@01907546324b0330d2d8b7669648cc18823323e5/en/001635	en	0	I am seriously concerned for the safety of all these women.
textdetox@01907546324b0330d2d8b7669648cc18823323e5/en/001636	en	0	but not to nearly the extent that they chastise women about being modest
textdetox@01907546324b0330d2d8b7669648cc18823323e5/en/001637	en	0	God is the only one that is allowed to abort his children.
textdetox@01907546324b0330d2d8b7669648cc18823323e5/en/001638	en	0	It could happen to anyone': Why thousands of women will march in Sydney this weekend URL
textdetox@01907546324b0330d2d8b7669648cc18823323e5/en/001639	en	0	Salute to every SIKH
textdetox@01907546324b0330d2d8b7669648cc18823323e5/en/001640	en	0	Gay Parade is one of their best, I've been repping it with this username for awhile
textdetox@01907546324b0330d2d8b7669648cc18823323e5/en/001641	en	0	Why do Religious have different God but the same Satan
textdetox@01907546324b0330d2d8b7669648cc18823323e5/en/001642	en	0	Another Rebel arm to the ! Congrats to 5th Round selection ! URL
textdetox@01907546324b0330d2d8b7669648cc18823323e5/en/001643	en	0	Betrayed women for money
textdetox@01907546324b0330d2d8b7669648cc18823323e5/en/001644	en	0	Love how they love black men
textdetox@01907546324b0330d2d8b7669648cc18823323e5/en/001645	en	0	. Great story. It explains the history and what's happening now. On 'Jerusalem Day,' Jews Rejoice, Jew-Haters Riot | URL
textdetox@01907546324b0330d2d8b7669648cc18823323e5/en/001646	en	0	Why they didn't make Mulan black? Like little mermaid? I want more diversity
textdetox@01907546324b0330d2d8b7669648cc18823323e5/en/001647	en	0	No matter, your gender, culture, class, race or creed, LOVE is for all and never discriminates!
textdetox@01907546324b0330d2d8b7669648cc18823323e5/en/001648	en	0	it isn't. Being eastern European in heritage and upbringing i greet my close friends with a cheek kiss.
textdetox@01907546324b0330d2d8b7669648cc18823323e5/en/001649	en	0	I live in the Philippines I'm a pilipino my mother's family is one of the people that get disturbed
textdetox@01907546324b0330d2d8b7669648cc18823323e5/en/001650	en	0	I'm also bi so I just want to say that my love and support is going to you!
textdetox@01907546324b0330d2d8b7669648cc18823323e5/en/001651	en	0	Because men care about it
textdetox@01907546324b0330d2d8b7669648cc18823323e5/en/001652	en	0	Those border patrol agents need to be brought up on charges of sexual assault. Period.
textdetox@01907546324b0330d2d8b7669648cc18823323e5/en/001653	en	0	As a Hindu, I very strongly approve
textdetox@01907546324b0330d2d8b7669648cc18823323e5/en/001654	en	0	Ilhan Omar has had to apologize for her anti-Semitism - WATCH! URL
textdetox@01907546324b0330d2d8b7669648cc18823323e5/en/001655	en	0	I like the way mrs. Harris came after him for being racist
textdetox@01907546324b0330d2d8b7669648cc18823323e5/en/001656	en	0	The beauty of Africa is really something! Proud African from +254
textdetox@01907546324b0330d2d8b7669648cc18823323e5/en/001657	en	0	He really loved black culture . lol !
textdetox@01907546324b0330d2d8b7669648cc18823323e5/en/001658	en	0	Hey tbh it's okay if you like 1 or both genders it's the fact that if it makes you happy
textdetox@01907546324b0330d2d8b7669648cc18823323e5/en/001659	en	0	Saudi Arabia and the United States Strengthen their longstanding partnership in Face of Regional Threats. URL
textdetox@01907546324b0330d2d8b7669648cc18823323e5/en/001660	en	0	Secular priests of the diocese meeting amongst themselves to celebrate TLM.
textdetox@01907546324b0330d2d8b7669648cc18823323e5/en/001661	en	0	Rare footage of God, shaping humans in her image and likeness URL
textdetox@01907546324b0330d2d8b7669648cc18823323e5/en/001662	en	0	This is why I love Asians
textdetox@01907546324b0330d2d8b7669648cc18823323e5/en/001663	en	0	My experience with Asian women has been S Korean and Thai girls are hottest, cutest.
textdetox@01907546324b0330d2d8b7669648cc18823323e5/en/001664	en	0	Congratulations Modi and India! Respect from
textdetox@01907546324b0330d2d8b7669648cc18823323e5/en/001665	en	0	wow srilanka we love you, after india it is srilanka that i cheer for , go get em boyz
textdetox@01907546324b0330d2d8b7669648cc18823323e5/en/001666	en	0	Guess he will be in Chicago were gay pride on the 5th of July those who want to set up appointments im me URL
textdetox@01907546324b0330d2d8b7669648cc18823323e5/en/001667	en	0	/r/bisexual is proud to have this woman as one of our famous bisexuals.
textdetox@01907546324b0330d2d8b7669648cc18823323e5/en/001668	en	0	The black girl with white hair!  so gorgeous
textdetox@01907546324b0330d2d8b7669648cc18823323e5/en/001669	en	0	Pretty sad if you can only relate with people of the same gender and race as yourself
textdetox@01907546324b0330d2d8b7669648cc18823323e5/en/001670	en	0	100% this ^ . It is totally understandable to feel this way. It's definitely from within for me too as a brown person.
textdetox@01907546324b0330d2d8b7669648cc18823323e5/en/001671	en	0	Hey! I'm an NRI and India is doing really really well.
textdetox@01907546324b0330d2d8b7669648cc18823323e5/en/001672	en	0	And they're working on his golf courses. Is that who he's talking about?
textdetox@01907546324b0330d2d8b7669648cc18823323e5/en/001673	en	0	FATAH: India wins freedom 2.0 URL Some very interesting observations here!
textdetox@01907546324b0330d2d8b7669648cc18823323e5/en/001674	en	0	YOU TALENTED BEAUTIFUL GRIL
textdetox@01907546324b0330d2d8b7669648cc18823323e5/en/001675	en	0	The woman who inspires me is my mom because she is a rockstar. - Alli S.
textdetox@01907546324b0330d2d8b7669648cc18823323e5/en/001676	en	0	2:07 God I wish there was more women like her
textdetox@01907546324b0330d2d8b7669648cc18823323e5/en/001677	en	0	GH are total pleasure! URL
textdetox@01907546324b0330d2d8b7669648cc18823323e5/en/001678	en	0	Straight is my preference but honestly they are all cute
textdetox@01907546324b0330d2d8b7669648cc18823323e5/en/001679	en	0	Nevada became the 10th state to allow gender neutral IDs URL
textdetox@01907546324b0330d2d8b7669648cc18823323e5/en/001680	en	0	A Pakistani gift to the people of Afghanistan and also to the Afghans that support Pakistan position on Kashmir, URL
textdetox@01907546324b0330d2d8b7669648cc18823323e5/en/001681	en	0	Africans are learning to reject Plunderers, Looters, Thieves and corrupt leaders in power. We are working in silence, mobilizing!
textdetox@01907546324b0330d2d8b7669648cc18823323e5/en/001682	en	0	Why is all these rapers die when they just trying to help like him and xxxtentacion
textdetox@01907546324b0330d2d8b7669648cc18823323e5/en/001683	en	0	We are facing the consequences for not following the instructions of Allah URL
textdetox@01907546324b0330d2d8b7669648cc18823323e5/en/001684	en	0	Go mormons! Battle the cartels with tactics
textdetox@01907546324b0330d2d8b7669648cc18823323e5/en/001685	en	0	Representation in all forms gives trans women a bigger voice to enact change in the world. Good for her!
textdetox@01907546324b0330d2d8b7669648cc18823323e5/en/001686	en	0	Inshallah New Zealand wins the FINAL!
textdetox@01907546324b0330d2d8b7669648cc18823323e5/en/001687	en	0	Yay, bisexuals of Reddit unite ! And I think QUILTBAG is funny to say haha
textdetox@01907546324b0330d2d8b7669648cc18823323e5/en/001688	en	0	Women need to support each other if there is to be any woman president in the future.
textdetox@01907546324b0330d2d8b7669648cc18823323e5/en/001689	en	0	They need to ban abortion its murder and demonic dont give up on a child of God .
textdetox@01907546324b0330d2d8b7669648cc18823323e5/en/001690	en	0	Wizkid brought his a-game again on Brown Skin Girl alongside Beyoncé. Nice delivery.
textdetox@01907546324b0330d2d8b7669648cc18823323e5/en/001691	en	0	Happy eid to all muslim guardians
textdetox@01907546324b0330d2d8b7669648cc18823323e5/en/001692	en	0	INTERSEX CUPS FOR PRIDE  URL
textdetox@01907546324b0330d2d8b7669648cc18823323e5/en/001693	en	0	Yeah but you know that one snap of where you r a girl is why we're all here
textdetox@01907546324b0330d2d8b7669648cc18823323e5/en/001694	en	0	Is that a emotional support service dog?
textdetox@01907546324b0330d2d8b7669648cc18823323e5/en/001695	en	0	Gazans on Monday faced a first day of Ramadan overshadowed by funerals and the grim task of pulling bodies from collapsed buildings.
textdetox@01907546324b0330d2d8b7669648cc18823323e5/en/001696	en	0	wdym she needs god? she's empowering women. nothing wrong with that.
textdetox@01907546324b0330d2d8b7669648cc18823323e5/en/001697	en	0	Great comment. I love traditional Catholicism and traditional Catholic communities, but there's no denying that we have our own problems, pride being the biggest.
textdetox@01907546324b0330d2d8b7669648cc18823323e5/en/001698	en	0	So it shouldn't be a sin then!
textdetox@01907546324b0330d2d8b7669648cc18823323e5/en/001699	en	0	Wow 6 European cups best in the North West hands down
textdetox@01907546324b0330d2d8b7669648cc18823323e5/en/001700	en	0	India helped evacuate also Germans out of Yemen. Thank you India!
textdetox@01907546324b0330d2d8b7669648cc18823323e5/en/001701	en	0	based on older posts, it's islam. as a fellow muslim, I feel yA. stay strong u/orbit4eva 
textdetox@01907546324b0330d2d8b7669648cc18823323e5/en/001702	en	0	To all of my LGBTQ friends and loves: Happy Pride! Love Is Love
textdetox@01907546324b0330d2d8b7669648cc18823323e5/en/001703	en	0	You don't become an immigrant on an expired visa. You have just overstayer your visa. She left and then came back legally.
textdetox@01907546324b0330d2d8b7669648cc18823323e5/en/001704	en	0	Without ALLAH I am nothing!
textdetox@01907546324b0330d2d8b7669648cc18823323e5/en/001705	en	0	i want to help you get your own plate but i'm not feeding you
textdetox@01907546324b0330d2d8b7669648cc18823323e5/en/001706	en	0	Israel owes reparations to Palestinians. We can all play that game.
textdetox@01907546324b0330d2d8b7669648cc18823323e5/en/001707	en	0	I know other conservatives who agree with me that minorities shouldn't be burned.
textdetox@01907546324b0330d2d8b7669648cc18823323e5/en/001708	en	0	 Ashraf 3, appears in 3D the 120-year war of the Iranian people for freedom and democracy URL
textdetox@01907546324b0330d2d8b7669648cc18823323e5/en/001709	en	0	Alive because of the prayers of black woman
textdetox@01907546324b0330d2d8b7669648cc18823323e5/en/001710	en	0	"Between this and ""Real Women Vote 4 Trump"" we are soooo winning the culture war  URL"
textdetox@01907546324b0330d2d8b7669648cc18823323e5/en/001711	en	0	"Ah. I'm probably Brown. ""Brown"" people enjoy simple life and it's good friends and close relationships what makes them happy."
textdetox@01907546324b0330d2d8b7669648cc18823323e5/en/001712	en	0	If you want to just talk about denominations within Christianity, it's what I was raised in. Recently I've been exploring more though.
textdetox@01907546324b0330d2d8b7669648cc18823323e5/en/001713	en	0	Advocating for the medical care we need and deserve as women and overcoming the bias.
textdetox@01907546324b0330d2d8b7669648cc18823323e5/en/001714	en	0	correct!i like it. And im a straight male who thinks its great people should celebrate who they are!
textdetox@01907546324b0330d2d8b7669648cc18823323e5/en/001715	en	0	Adding to what already has been said I'd broadly consider Georgia and Armenia as European as well because of the shared Christian heritage.
textdetox@01907546324b0330d2d8b7669648cc18823323e5/en/001716	en	0	200 New Immigrants From France, Russia, Argentina, Brazil, Venezuela Arrived In Israel On Jewish Agency Flights URL
textdetox@01907546324b0330d2d8b7669648cc18823323e5/en/001717	en	0	Love who you are and not what color of your skin looks like. I tell myself everyday that I am beautiful
textdetox@01907546324b0330d2d8b7669648cc18823323e5/en/001718	en	0	PM Narendra Modi's vision of is now becoming a reality as it is transforming the lives of every Indian. URL
textdetox@01907546324b0330d2d8b7669648cc18823323e5/en/001719	en	0	It's not surprising. Why, even out ancestors knew nothing of America's existence once.
textdetox@01907546324b0330d2d8b7669648cc18823323e5/en/001720	en	0	Independent investigation of truth.. That is what the Baha'i faith stands for.
textdetox@01907546324b0330d2d8b7669648cc18823323e5/en/001721	en	0	Men are from Earth, women are from Earth. Deal with it. ~George Carlin
textdetox@01907546324b0330d2d8b7669648cc18823323e5/en/001722	en	0	Look up Theosophism. It's where a lot of the Ancient Aliens, Atlantis and the Anti-Semitic beliefs associated with such movements stem from.
textdetox@01907546324b0330d2d8b7669648cc18823323e5/en/001723	en	0	LGBTQ+ History Should be Mandatory in Schools URL by
textdetox@01907546324b0330d2d8b7669648cc18823323e5/en/001724	en	0	This is all done by the will of Allah
textdetox@01907546324b0330d2d8b7669648cc18823323e5/en/001725	en	0	i've got an idea, how about everyone stop killing everyone else over religious ideas? That might work
textdetox@01907546324b0330d2d8b7669648cc18823323e5/en/001726	en	0	Love from India. I am with you.
textdetox@01907546324b0330d2d8b7669648cc18823323e5/en/001727	en	0	 Paul and I share a birthday, and therefore, we are meant to be. In this essay I will discuss.... URL
textdetox@01907546324b0330d2d8b7669648cc18823323e5/en/001728	en	0	, end the blockade now! Listen to Kashmiris and their anger! URL
textdetox@01907546324b0330d2d8b7669648cc18823323e5/en/001729	en	0	There are going to be lots of malformed Iranian orphans after fordo melts down.
textdetox@01907546324b0330d2d8b7669648cc18823323e5/en/001730	en	0	180406 © coffee prince URL
textdetox@01907546324b0330d2d8b7669648cc18823323e5/en/001731	en	0	Pride month isn't only for trans people, and we do it because we want to be treated as equals
textdetox@01907546324b0330d2d8b7669648cc18823323e5/en/001732	en	0	I was a secular and all in my family is secular, even though I've converted. Not all here has been Christians their entire life.
textdetox@01907546324b0330d2d8b7669648cc18823323e5/en/001733	en	0	It's been an honor Obama (female)
textdetox@01907546324b0330d2d8b7669648cc18823323e5/en/001734	en	0	This picture shows the love of kashmiri youth for Pakistan... URL
textdetox@01907546324b0330d2d8b7669648cc18823323e5/en/001735	en	0	"We had a ""best chick"". My husband's best friend happens to be female. In turn, he was her ""man of honor""."
textdetox@01907546324b0330d2d8b7669648cc18823323e5/en/001736	en	0	i'm pansexual and this pride season i'm going to the world of the year we are in
textdetox@01907546324b0330d2d8b7669648cc18823323e5/en/001737	en	0	Sixty dead in two-day crackdown on Sudan protesters: Doctors URL URL
textdetox@01907546324b0330d2d8b7669648cc18823323e5/en/001738	en	0	Please help support Pastel Pansexual Pride, add a now! URL
textdetox@01907546324b0330d2d8b7669648cc18823323e5/en/001739	en	0	Native American Proverb — The soul would have no rainbow . . . || URL
textdetox@01907546324b0330d2d8b7669648cc18823323e5/en/001740	en	0	From TechYaYa Archives Kneeling Muslims, Bi-racial Couples & Disability Emojis among New 230 Emojis for 2019 URL
textdetox@01907546324b0330d2d8b7669648cc18823323e5/en/001741	en	0	Yes of course women sport particularly, there's some trans super women breaking records lately.
textdetox@01907546324b0330d2d8b7669648cc18823323e5/en/001742	en	0	Yes THIS THANK YOU. We need more women.
textdetox@01907546324b0330d2d8b7669648cc18823323e5/en/001743	en	0	*sees mulan as a normal asian girl* me to disney: dont do that, dont give me hope
textdetox@01907546324b0330d2d8b7669648cc18823323e5/en/001744	en	0	Good luck ! takes the track at 8:10 pm in the women's 100m at the . Stay tuned for updates! URL
textdetox@01907546324b0330d2d8b7669648cc18823323e5/en/001745	en	0	"When playboi carti said ""she just wanna have fun so just let her"" I felt that"
textdetox@01907546324b0330d2d8b7669648cc18823323e5/en/001746	en	0	It really is okay to be white. And actually pretty sweet.
textdetox@01907546324b0330d2d8b7669648cc18823323e5/en/001747	en	0	The African American communities need to get behind this candidate,he will do the most for them.
textdetox@01907546324b0330d2d8b7669648cc18823323e5/en/001748	en	0	I am a woman and hereby proudly declare that i care about my feelings and my well-being.
textdetox@01907546324b0330d2d8b7669648cc18823323e5/en/001749	en	0	a fine darkskin man needa come my way
textdetox@01907546324b0330d2d8b7669648cc18823323e5/en/001750	en	0	Seeing trans people that are hot af definitely makes me feel more secure and comfortable and hopeful.
textdetox@01907546324b0330d2d8b7669648cc18823323e5/en/001751	en	0	I hope They get saved / REPENT! TURN TO JESUS Y'ALL!!! BEFORE ITS TOO LATE!
textdetox@01907546324b0330d2d8b7669648cc18823323e5/en/001752	en	0	Europe and America need to take all these poor people in right now
textdetox@01907546324b0330d2d8b7669648cc18823323e5/en/001753	en	0	That's an answer to the question posed above me, lol. Not that I agree with it, but goodness for Christians is rooted in God.
textdetox@01907546324b0330d2d8b7669648cc18823323e5/en/001754	en	0	It is difficult for a woman to define her feelings in language which is chiefly made by men to express theirs -
textdetox@01907546324b0330d2d8b7669648cc18823323e5/en/001755	en	0	Homeboy looks like the president of his local NAMBLA chapter
textdetox@01907546324b0330d2d8b7669648cc18823323e5/en/001756	en	0	Important Theological Positions From Classic Christian Thinkers with Kenneth Samples URL URL
textdetox@01907546324b0330d2d8b7669648cc18823323e5/en/001757	en	0	Indira has ancestry from India. She is a very intelligent and ambitious woman.
textdetox@01907546324b0330d2d8b7669648cc18823323e5/en/001758	en	0	One guy, a dozen competing for him... sounds like the life of an average top on Grindr ‍
textdetox@01907546324b0330d2d8b7669648cc18823323e5/en/001759	en	0	I'm a 40-something married trans woman with kids who is 3+ years into transition, 2 years full-time. I'm happy to chat with you!
textdetox@01907546324b0330d2d8b7669648cc18823323e5/en/001760	en	0	Trump admin official says ICE ready to deport around 1 million undocumented immigrants URL
textdetox@01907546324b0330d2d8b7669648cc18823323e5/en/001761	en	0	Not all. Just all the girls with Chad
textdetox@01907546324b0330d2d8b7669648cc18823323e5/en/001762	en	0	That Kenyan girl is gorgeous!
textdetox@01907546324b0330d2d8b7669648cc18823323e5/en/001763	en	0	Maybe, just maybe, you could stop with the Islamophobia.
textdetox@01907546324b0330d2d8b7669648cc18823323e5/en/001764	en	0	West Point to graduate record number of black female cadets URL URL
textdetox@01907546324b0330d2d8b7669648cc18823323e5/en/001765	en	0	At Sunderland on a Tuesday night, the man has just signed for Real Madrid and has us on his mind 
textdetox@01907546324b0330d2d8b7669648cc18823323e5/en/001766	en	0	What are the hand gestures ?
textdetox@01907546324b0330d2d8b7669648cc18823323e5/en/001767	en	0	" from kicks off the Postgraduate Colloquium presenting her paper ""Preventing Redundancy: Gender (Identity) in International Human Rights Law"" URL"
textdetox@01907546324b0330d2d8b7669648cc18823323e5/en/001768	en	0	The Duke & Duchess of Sussex celebrated the start of Pride Month on Instagram URL URL
textdetox@01907546324b0330d2d8b7669648cc18823323e5/en/001769	en	0	 No Israel exists it's capital of Palestine don't oppress innocent child,men,women
textdetox@01907546324b0330d2d8b7669648cc18823323e5/en/001770	en	0	What did having being black have to do with anything? honest question
textdetox@01907546324b0330d2d8b7669648cc18823323e5/en/001771	en	0	Eid Mubarak! May all your good deeds through Ramadan be accepted.
textdetox@01907546324b0330d2d8b7669648cc18823323e5/en/001772	en	0	Transitioning genders isn't anything like getting a tattoo. They're so different on so many levels.
textdetox@01907546324b0330d2d8b7669648cc18823323e5/en/001773	en	0	So happy to see other muslims on the sub striving to be better! Eid Mubarak
textdetox@01907546324b0330d2d8b7669648cc18823323e5/en/001774	en	0	Okay, r/niceguys front man. Who's the incel again?
textdetox@01907546324b0330d2d8b7669648cc18823323e5/en/001775	en	0	Very inspiring. This encouraged me to come out to my family. Straight pride world wide!
textdetox@01907546324b0330d2d8b7669648cc18823323e5/en/001776	en	0	You're great in honor of a fasting Muslim
textdetox@01907546324b0330d2d8b7669648cc18823323e5/en/001777	en	0	Great job, Sri Lanka! As an Indian, I think all of us in South Asia should work together on these problems.
textdetox@01907546324b0330d2d8b7669648cc18823323e5/en/001778	en	0	I love being queer it's My favorite part of life.
textdetox@01907546324b0330d2d8b7669648cc18823323e5/en/001779	en	0	 bomb making equipment seized. Without the bombs, the civilians are safer. Without the violence, peace has a real chance URL
textdetox@01907546324b0330d2d8b7669648cc18823323e5/en/001780	en	0	Can you break the ice by asking him something about his work?
textdetox@01907546324b0330d2d8b7669648cc18823323e5/en/001781	en	0	Filipinos are about family. Learn your limits as you're not just marrying a person. You're marrying a whole family.
textdetox@01907546324b0330d2d8b7669648cc18823323e5/en/001782	en	0	My new blog - comment, share, let's raise awareness of the huge issue of Male Mental Health URL URL
textdetox@01907546324b0330d2d8b7669648cc18823323e5/en/001783	en	0	 thanks for see the truth about Hispanic people im Mexican and proud..we come to work, any jobs...
textdetox@01907546324b0330d2d8b7669648cc18823323e5/en/001784	en	0	Is it easier being straight.
textdetox@01907546324b0330d2d8b7669648cc18823323e5/en/001785	en	0	BBC News - The Yazidi family reunited after being IS slaves URL
textdetox@01907546324b0330d2d8b7669648cc18823323e5/en/001786	en	0	I think it's great. It shows she doesn't care about gender norms and isn't afraid to express herself.
textdetox@01907546324b0330d2d8b7669648cc18823323e5/en/001787	en	0	That was in Leviticus (Old Testament). So God used to want you to kill people for that but he changed his mind
textdetox@01907546324b0330d2d8b7669648cc18823323e5/en/001788	en	0	WATCH: God Likes People Who Know How to 'Let Go' | United with Israel URL
textdetox@01907546324b0330d2d8b7669648cc18823323e5/en/001789	en	0	Me? I'm not sure I fit that label anymore. I do believe in equality for sure.
textdetox@01907546324b0330d2d8b7669648cc18823323e5/en/001790	en	0	 *ring ring* hello it's the african american community here, good job we're so happy
textdetox@01907546324b0330d2d8b7669648cc18823323e5/en/001791	en	0	Congratulations to England from pakistan love for you
textdetox@01907546324b0330d2d8b7669648cc18823323e5/en/001792	en	0	Sure but, being 100% white is pretty awesome in my opinion too
textdetox@01907546324b0330d2d8b7669648cc18823323e5/en/001793	en	0	Ben fans reaching for hope
textdetox@01907546324b0330d2d8b7669648cc18823323e5/en/001794	en	0	20million somalis smiling Love from somali to Turkey
textdetox@01907546324b0330d2d8b7669648cc18823323e5/en/001795	en	0	Name one country Iran has invaded in 100 years. I'll wait.
textdetox@01907546324b0330d2d8b7669648cc18823323e5/en/001796	en	0	Women like you start cause revolutions by simply existing.
textdetox@01907546324b0330d2d8b7669648cc18823323e5/en/001797	en	0	God bless President Trump and the Kiss Army
textdetox@01907546324b0330d2d8b7669648cc18823323e5/en/001798	en	0	Latest: Islam believers celebrate Last Friday of the holy month of Ramzan 2019 URL
textdetox@01907546324b0330d2d8b7669648cc18823323e5/en/001799	en	0	/r/immigration has had [many posts](URL about the process for spouses of US citizens to get permanent residency.
textdetox@01907546324b0330d2d8b7669648cc18823323e5/en/001800	en	0	Incorrect. Jesus is god so it was the same entity.
textdetox@01907546324b0330d2d8b7669648cc18823323e5/en/001801	en	0	What anti Semitic comment? She hasn't made any
textdetox@01907546324b0330d2d8b7669648cc18823323e5/en/001802	en	0	Don't recall the Black Panthers committing genocide of six million people.
textdetox@01907546324b0330d2d8b7669648cc18823323e5/en/001803	en	0	 Again, is this why Trump is sending troops to Saudi Arabia?
textdetox@01907546324b0330d2d8b7669648cc18823323e5/en/001804	en	0	Ftm and mtf together :3
textdetox@01907546324b0330d2d8b7669648cc18823323e5/en/001805	en	0	Eid mubarak to everyone celebrating xx
textdetox@01907546324b0330d2d8b7669648cc18823323e5/en/001806	en	0	OMG thank u bb!!! lets go lesbians here we go URL
textdetox@01907546324b0330d2d8b7669648cc18823323e5/en/001807	en	0	I just came out to my irl friends and I'm so happy  URL
textdetox@01907546324b0330d2d8b7669648cc18823323e5/en/001808	en	0	God I need you more than ever right now
textdetox@01907546324b0330d2d8b7669648cc18823323e5/en/001809	en	0	Pls retweet and help our children to bring medicine in india URL
textdetox@01907546324b0330d2d8b7669648cc18823323e5/en/001810	en	0	See you all this Sunday for our Women's Day Edition Market  URL
textdetox@01907546324b0330d2d8b7669648cc18823323e5/en/001811	en	0	A great servant of Indian cricket.
textdetox@01907546324b0330d2d8b7669648cc18823323e5/en/001812	en	0	If anyone is genuinely interested in the topic of racial inequality I'd suggest reading The New Jim Crow by Michelle Alexander.
textdetox@01907546324b0330d2d8b7669648cc18823323e5/en/001813	en	0	The black people who were blessed to come to America and who live here now or the luckiest black people on earth
textdetox@01907546324b0330d2d8b7669648cc18823323e5/en/001814	en	0	He should get honorary pakistani citizenship for his great work
textdetox@01907546324b0330d2d8b7669648cc18823323e5/en/001815	en	0	Life this if you are FILIPINO
textdetox@01907546324b0330d2d8b7669648cc18823323e5/en/001816	en	0	Extremely gracious speech, and fine match. Women's tennis is extremely good to watch. Greetings from Ireland.
textdetox@01907546324b0330d2d8b7669648cc18823323e5/en/001817	en	0	Excellent video. I am Indian and Hindu and so it is easy for me to understand what you said. God bless you, Apostate Prophet.
textdetox@01907546324b0330d2d8b7669648cc18823323e5/en/001818	en	0	In Malaysia there are more girls in chemical engineering, boys in civil and mechanical.
textdetox@01907546324b0330d2d8b7669648cc18823323e5/en/001819	en	0	middle eastern mfs who run corner stores have done more for struggling communities than any politician
textdetox@01907546324b0330d2d8b7669648cc18823323e5/en/001820	en	0	PM Narendra Modi named world's 'most admired Indian' in 2019 URL
textdetox@01907546324b0330d2d8b7669648cc18823323e5/en/001821	en	0	Data from the Inter-Parliamentary Union shows that Canada has far to go before reaching gender equality in Parliament. URL
textdetox@01907546324b0330d2d8b7669648cc18823323e5/en/001822	en	0	Happy pride month enby friend! From a binary trans man
textdetox@01907546324b0330d2d8b7669648cc18823323e5/en/001823	en	0	Funeral of Ashanti queen mother inspires new movie that explores sanctity of African tradition [Video]. > URL URL
textdetox@01907546324b0330d2d8b7669648cc18823323e5/en/001824	en	0	Feeling for him She would want him to pick up his boots and live life to the fullest
textdetox@01907546324b0330d2d8b7669648cc18823323e5/en/001825	en	0	I just love the Indian portrayal there
textdetox@01907546324b0330d2d8b7669648cc18823323e5/en/001826	en	0	Can I Choke on Your Love Organ? - via URL
textdetox@01907546324b0330d2d8b7669648cc18823323e5/en/001827	en	0	I feel like this could go mtf AND ftm purely bc of Trans Power™ and the Power of Respect for our Fellow 'Fugitives'™
textdetox@01907546324b0330d2d8b7669648cc18823323e5/en/001828	en	0	Sexuality ifluid mntase. Sexual orientation categories are more for social group identities than for individual experiences if we're keeping it 98 plus 2. URL
textdetox@01907546324b0330d2d8b7669648cc18823323e5/en/001829	en	0	Eid Mubarak! Happy Eid-al-Fitr to all the celebrating!
textdetox@01907546324b0330d2d8b7669648cc18823323e5/en/001830	en	0	Bonus: they aren't coming here to commit genocide
textdetox@01907546324b0330d2d8b7669648cc18823323e5/en/001831	en	0	God bless you pastor also! God bless all on here.
textdetox@01907546324b0330d2d8b7669648cc18823323e5/en/001832	en	0	May Allah aid our brothers and sisters in Sudan, wallah it's heartbreaking to see whats going on there.
textdetox@01907546324b0330d2d8b7669648cc18823323e5/en/001833	en	0	The Danish only lost one Jew to the Holocaust, and only 33 were captured. Thanks for keeping em safe, IKEA land!
textdetox@01907546324b0330d2d8b7669648cc18823323e5/en/001834	en	0	Beautiful men. Men who take care of themselves. Men who smell good. Tall.Dark.Handsome men. URL
textdetox@01907546324b0330d2d8b7669648cc18823323e5/en/001835	en	0	UNWRA also provides for refugees in other neighboring countries.
textdetox@01907546324b0330d2d8b7669648cc18823323e5/en/001836	en	0	Woop, woop! It's feels nice to open reddit and see a post about us Israeli Christians here! High-five for representing, my dude!
textdetox@01907546324b0330d2d8b7669648cc18823323e5/en/001837	en	0	love girls sports!! the best
textdetox@01907546324b0330d2d8b7669648cc18823323e5/en/001838	en	0	"A religion is a belief system that a person chooses to follow. You don't ""choose"" to be lgbt+ it's simply who you are"
textdetox@01907546324b0330d2d8b7669648cc18823323e5/en/001839	en	0	Feminism Era <3 and Childhood is coming BACK
textdetox@01907546324b0330d2d8b7669648cc18823323e5/en/001840	en	0	Immigration Law Show by Shah Peerally URL
textdetox@01907546324b0330d2d8b7669648cc18823323e5/en/001841	en	0	Happy Eid Mubarak for all my muslim mutuals may your days fills with happiness and loves URL
textdetox@01907546324b0330d2d8b7669648cc18823323e5/en/001842	en	0	The UAE has done its best to help the people of Yemen since the beginning of the war
textdetox@01907546324b0330d2d8b7669648cc18823323e5/en/001843	en	0	WE LOVE INDIA'S MODI! TRUMP 2020
textdetox@01907546324b0330d2d8b7669648cc18823323e5/en/001844	en	0	Yo bright side love from india
textdetox@01907546324b0330d2d8b7669648cc18823323e5/en/001845	en	0	I didn't even know she was transgender, cool! She looks fantastic
textdetox@01907546324b0330d2d8b7669648cc18823323e5/en/001846	en	0	May Allah Swt bring you joy, happiness, peace and prosperity on this blessed occasion. Wishing you and your family Happy Eid! URL
textdetox@01907546324b0330d2d8b7669648cc18823323e5/en/001847	en	0	India & Pakistan are bound to do this under a resolution adopted by the United Nations.
textdetox@01907546324b0330d2d8b7669648cc18823323e5/en/001848	en	0	Amit Shah becomes the new Home Minister. Takes number 2 position in the govt. Sardar Patel 2019. God bless India.
textdetox@01907546324b0330d2d8b7669648cc18823323e5/en/001849	en	0	I don't mind expats as long as they're good people and I think that's how most paraguayans feel...
textdetox@01907546324b0330d2d8b7669648cc18823323e5/en/001850	en	0	Pride parades are held in every city in India and they are almost always unopposed.
textdetox@01907546324b0330d2d8b7669648cc18823323e5/en/001851	en	0	every year, Eid is just a reminder that Muslims are honestly gorgeous all around the world masha'Allah
textdetox@01907546324b0330d2d8b7669648cc18823323e5/en/001852	en	0	Gender Pay inequality in Nigeria is not a Myth. Let that ring in your head.
textdetox@01907546324b0330d2d8b7669648cc18823323e5/en/001853	en	0	I thought Tommy was proud to be white. What's the problem?
textdetox@01907546324b0330d2d8b7669648cc18823323e5/en/001854	en	0	One of the better ones. Especially amongst the other LGBT subreddits
textdetox@01907546324b0330d2d8b7669648cc18823323e5/en/001855	en	0	Am trans. Can confirm it's sweet.
textdetox@01907546324b0330d2d8b7669648cc18823323e5/en/001856	en	0	I'd say white women are at a much higher risk in India
textdetox@01907546324b0330d2d8b7669648cc18823323e5/en/001857	en	0	Well, lets wait to hear the Iranian officials about this. Then we know what the truth is.
textdetox@01907546324b0330d2d8b7669648cc18823323e5/en/001858	en	0	 Immigration laws, family, work status?
textdetox@01907546324b0330d2d8b7669648cc18823323e5/en/001859	en	0	This ⁦⁩ we need visa reform. Immigrants are building Britain's fastest-growing businesses – CityAM URL
textdetox@01907546324b0330d2d8b7669648cc18823323e5/en/001860	en	0	Straight dude here. You look great. Good for you!
textdetox@01907546324b0330d2d8b7669648cc18823323e5/en/001861	en	0	ALHAMDULILLAH PROUDLY SELECTED BY PEOPLE OF PAKISTAN
textdetox@01907546324b0330d2d8b7669648cc18823323e5/en/001862	en	0	+A A I have lived in Chennai for a year and trust me the Tamilians are a lovely bunch of people
textdetox@01907546324b0330d2d8b7669648cc18823323e5/en/001863	en	0	 Thankyou sir for rebuilding our Hindu temples in Pak.When you're thinking about our (your)Hindus, you're also thinking our culture too. 
textdetox@01907546324b0330d2d8b7669648cc18823323e5/en/001864	en	0	As a heavily Baptist Christian she should just pray about it, because clearly that always helps!
textdetox@01907546324b0330d2d8b7669648cc18823323e5/en/001865	en	0	That is correct. Religion is a strange thing
textdetox@01907546324b0330d2d8b7669648cc18823323e5/en/001866	en	0	Mastromarino thats nice i guess and i am indian :)
textdetox@01907546324b0330d2d8b7669648cc18823323e5/en/001867	en	0	India rejoices today, says PM as Parliament clears Triple Talaq Bill URL via NaMo App
textdetox@01907546324b0330d2d8b7669648cc18823323e5/en/001868	en	0	Hi I'm bi but really I'm wifesexual for She/her I think that's pretty much it? URL
textdetox@01907546324b0330d2d8b7669648cc18823323e5/en/001869	en	0	Ms Walker should be on one of the US currencies. I think she is the first black female business woman.
textdetox@01907546324b0330d2d8b7669648cc18823323e5/en/001870	en	0	Or every time she says a man is 'her type'
textdetox@01907546324b0330d2d8b7669648cc18823323e5/en/001871	en	0	Black lady hair was sexy @ 4:55
textdetox@01907546324b0330d2d8b7669648cc18823323e5/en/001872	en	0	Nigerians crave going to church
textdetox@01907546324b0330d2d8b7669648cc18823323e5/en/001873	en	0	I will always LOVE and always will support L.G.B.T.
textdetox@01907546324b0330d2d8b7669648cc18823323e5/en/001874	en	0	This is how I too feel about It's also how I'm starting to feel about Elizabeth Warren  URL
textdetox@01907546324b0330d2d8b7669648cc18823323e5/en/001875	en	0	these armys really mobbed a man that is asian wtf jsbsbshsjjsksk URL
textdetox@01907546324b0330d2d8b7669648cc18823323e5/en/001876	en	0	They are only one sex. Use sex and gender appropriately.
textdetox@01907546324b0330d2d8b7669648cc18823323e5/en/001877	en	0	They are gonna blame the patriarchy and misoginy when the movie will flop,just like Ghostbusters and Oceans.
textdetox@01907546324b0330d2d8b7669648cc18823323e5/en/001878	en	0	and  to be part of URL
textdetox@01907546324b0330d2d8b7669648cc18823323e5/en/001879	en	0	Clashes outside primary school over same-sex relationship lessons URL
textdetox@01907546324b0330d2d8b7669648cc18823323e5/en/001880	en	0	PM ji offers prayer at the in Kerala . URL
textdetox@01907546324b0330d2d8b7669648cc18823323e5/en/001881	en	0	A Norwegian would not do this to a man.
textdetox@01907546324b0330d2d8b7669648cc18823323e5/en/001882	en	0	I'm pretty convinced that any English speaker who used 'homosexual' as a noun after 1980 is a bigot.
textdetox@01907546324b0330d2d8b7669648cc18823323e5/en/001883	en	0	RIP. Thank you for granting visas to Pakistanis for liver transplants. URL
textdetox@01907546324b0330d2d8b7669648cc18823323e5/en/001884	en	0	Sometimes I wish I was an androgynous Korean pop singer
textdetox@01907546324b0330d2d8b7669648cc18823323e5/en/001885	en	0	 When you put God first, great things happens. We continue to pray for our beloved country.
textdetox@01907546324b0330d2d8b7669648cc18823323e5/en/001886	en	0	Diversity is our greatest strength!
textdetox@01907546324b0330d2d8b7669648cc18823323e5/en/001887	en	0	God loves with a Father's love. Every life, and every one of us, belongs to him. 
textdetox@01907546324b0330d2d8b7669648cc18823323e5/en/001888	en	0	I like White because all collors is white to massage for this channels please white
textdetox@01907546324b0330d2d8b7669648cc18823323e5/en/001889	en	0	How Modi government ensured safety and security of Kashmiris and non Kashmiris alike while redefining J&K's future URL
textdetox@01907546324b0330d2d8b7669648cc18823323e5/en/001890	en	0	I've known guys who came out later than that, long after I have, and they're now married before me. It's not too late.
textdetox@01907546324b0330d2d8b7669648cc18823323e5/en/001891	en	0	Chall rush is coming brah
textdetox@01907546324b0330d2d8b7669648cc18823323e5/en/001892	en	0	Colombia grants citizenship to 24,000 children born to Venezuelan mothers URL
textdetox@01907546324b0330d2d8b7669648cc18823323e5/en/001893	en	0	Not really because it was invented by a Catholic and doesn't represent Satan
textdetox@01907546324b0330d2d8b7669648cc18823323e5/en/001894	en	0	I hope she's in jail for a long time, and that the priest wasn't harmed badly
textdetox@01907546324b0330d2d8b7669648cc18823323e5/en/001895	en	0	The girl converted from Asian to black. Pretty cool
textdetox@01907546324b0330d2d8b7669648cc18823323e5/en/001896	en	0	my masculine is awakening for my spiritual elevation!!!
textdetox@01907546324b0330d2d8b7669648cc18823323e5/en/001897	en	0	Orange Julius...that was super 80's mall nostalgia
textdetox@01907546324b0330d2d8b7669648cc18823323e5/en/001898	en	0	Black love at its best!
textdetox@01907546324b0330d2d8b7669648cc18823323e5/en/001899	en	0	Salesian Female Academic Athlete Scholar of the Year annjeel_ @ Salesian College Preparatory URL
textdetox@01907546324b0330d2d8b7669648cc18823323e5/en/001900	en	0	is that why you banned transgenders from serving in the military? you do know that T stands for trans...right??
textdetox@01907546324b0330d2d8b7669648cc18823323e5/en/001901	en	0	Scripture clearly defines the believer's purpose. Aligning ourselves with God's intentions for His children--loving others, witnessing, and serving-
textdetox@01907546324b0330d2d8b7669648cc18823323e5/en/001902	en	0	Well done, welcome to the Bi club...we have cookies!
textdetox@01907546324b0330d2d8b7669648cc18823323e5/en/001903	en	0	most of the time I just refer to a Nubian as brotha or sistah words carry energy
textdetox@01907546324b0330d2d8b7669648cc18823323e5/en/001904	en	0	I think it was randy orton I saw his twitter
textdetox@01907546324b0330d2d8b7669648cc18823323e5/en/001905	en	0	Reducing poverty in community it's one way of development,harder keep the spirit of loving Rwanda our nation
textdetox@01907546324b0330d2d8b7669648cc18823323e5/en/001906	en	0	Now kashmiri women can marry other puncture wala easily living in India outside of jk
textdetox@01907546324b0330d2d8b7669648cc18823323e5/en/001907	en	0	Straight chick here, just wanted to say you look great! Congrats, girl!
textdetox@01907546324b0330d2d8b7669648cc18823323e5/en/001908	en	0	In a brief but prolific career, a young writer asked whether evangelical Christianity could change. In doing so, she changed it. URL
textdetox@01907546324b0330d2d8b7669648cc18823323e5/en/001909	en	0	Voice, personality, appearance, humor, height. I basically find short women attractive.
textdetox@01907546324b0330d2d8b7669648cc18823323e5/en/001910	en	0	man i love black chicks
textdetox@01907546324b0330d2d8b7669648cc18823323e5/en/001911	en	0	Science or religion, we're all just trying to figure this world out. Why so much hatred?
textdetox@01907546324b0330d2d8b7669648cc18823323e5/en/001912	en	0	Awesome! I wish more women would do this.
textdetox@01907546324b0330d2d8b7669648cc18823323e5/en/001913	en	0	Have a nice Gay eid as well ! Feels nice to know that Im not alone haha
textdetox@01907546324b0330d2d8b7669648cc18823323e5/en/001914	en	0	As a black man I agree with your comment 100% I'm not surprised not one bit
textdetox@01907546324b0330d2d8b7669648cc18823323e5/en/001915	en	0	Meanwhile in Malaysia, inviting someone to Islam is disrespectful. ‍
textdetox@01907546324b0330d2d8b7669648cc18823323e5/en/001916	en	0	Please come to Algeria and other Arab countries
textdetox@01907546324b0330d2d8b7669648cc18823323e5/en/001917	en	0	To close the gap in women's , we need to do a better job of measuring it. Blog  URL 
textdetox@01907546324b0330d2d8b7669648cc18823323e5/en/001918	en	0	May Allah ease everything in order amiiin URL
textdetox@01907546324b0330d2d8b7669648cc18823323e5/en/001919	en	0	Check out what I just added to my closet on Poshmark: Kirkland Signature Button Collar Traditional Fit. URL via
textdetox@01907546324b0330d2d8b7669648cc18823323e5/en/001920	en	0	Eid Mubarak to all my Muslim brothers
textdetox@01907546324b0330d2d8b7669648cc18823323e5/en/001921	en	0	This is the pinnacle of white culture. I feel honored to be a witness.
textdetox@01907546324b0330d2d8b7669648cc18823323e5/en/001922	en	0	Camila with the lgbt flag  URL
textdetox@01907546324b0330d2d8b7669648cc18823323e5/en/001923	en	0	They're neither. They're Finno-Ugric, an entirely unique people group including them, the Estonians, the ugarians, and the Hungarians
textdetox@01907546324b0330d2d8b7669648cc18823323e5/en/001924	en	0	He's not trying to be female. It's his style.
textdetox@01907546324b0330d2d8b7669648cc18823323e5/en/001925	en	0	NYPD Apologizes for Stonewall Raids That Sparked Modern LGBTQ Movement URL
textdetox@01907546324b0330d2d8b7669648cc18823323e5/en/001926	en	0	Acting like you could catch me going a single day without watching Batman when I was in school smh
textdetox@01907546324b0330d2d8b7669648cc18823323e5/en/001927	en	0	exactly me too see when you're women of color  URL
textdetox@01907546324b0330d2d8b7669648cc18823323e5/en/001928	en	0	I would be very interested and, as I am dating a non-binary, I would be happy.
textdetox@01907546324b0330d2d8b7669648cc18823323e5/en/001929	en	0	i miss my white boy tho
textdetox@01907546324b0330d2d8b7669648cc18823323e5/en/001930	en	0	Hallelujah!! Thank you so much Pastor Clancy for this wonderful prophetic message tonight! Amen! Shalom Shalom Shalom
textdetox@01907546324b0330d2d8b7669648cc18823323e5/en/001931	en	0	Everywhere in the world .. Christian and Muslims are fighting each other all over the world ..only in INDIA they are uniting...why? ---- URL
textdetox@01907546324b0330d2d8b7669648cc18823323e5/en/001932	en	0	It's a little comforting knowing that masculine ladies can relate. Welcome to the club, sister!
textdetox@01907546324b0330d2d8b7669648cc18823323e5/en/001933	en	0	Pride is for all who support it. Queer, straight, trans, cis.
textdetox@01907546324b0330d2d8b7669648cc18823323e5/en/001934	en	0	i've somehow never felt more like a woman its. kind of lovely URL
textdetox@01907546324b0330d2d8b7669648cc18823323e5/en/001935	en	0	Protect womens rights to choose.
textdetox@01907546324b0330d2d8b7669648cc18823323e5/en/001936	en	0	Tall guys love em cos they love us back. And most times...we give the energy we get.  URL
textdetox@01907546324b0330d2d8b7669648cc18823323e5/en/001937	en	0	Huelva : A rally to support Morocco's female workers URL
textdetox@01907546324b0330d2d8b7669648cc18823323e5/en/001938	en	0	Do you support the lgbtq. — YES OFCOURSE I LOVE THEM SO MUCH KAYA  URL
textdetox@01907546324b0330d2d8b7669648cc18823323e5/en/001939	en	0	Thank you so much for all these positive messages and comments it really means a lot, and for anyone wondering im straight lmaoo
textdetox@01907546324b0330d2d8b7669648cc18823323e5/en/001940	en	0	This is amazing! Kudos for that women for being so strong
textdetox@01907546324b0330d2d8b7669648cc18823323e5/en/001941	en	0	i'm mixed but my skin tone is that of an indian, but like a mid tone indian like deepika padukone for example
textdetox@01907546324b0330d2d8b7669648cc18823323e5/en/001942	en	0	Ain't this the truth? Hope you and family have a relaxing Sunday  (his name is Pastor YPJ) URL
textdetox@01907546324b0330d2d8b7669648cc18823323e5/en/001943	en	0	National pride is common in alot of places. I believe Turkish people are extremely nationalistic and proud of being from Turkey.
textdetox@01907546324b0330d2d8b7669648cc18823323e5/en/001944	en	0	Compassion for children as expressed by the Islamic State an organisation people left Ireland to join.
textdetox@01907546324b0330d2d8b7669648cc18823323e5/en/001945	en	0	Judaize. Same offence used by the Inquisition to persecute Jews in the 15th and 16th centuries.
textdetox@01907546324b0330d2d8b7669648cc18823323e5/en/001946	en	0	"my baby girl just said ""shade never made anybody less gay"" onstage and I am so proud"
textdetox@01907546324b0330d2d8b7669648cc18823323e5/en/001947	en	0	Between, passing but Hispanic last name
textdetox@01907546324b0330d2d8b7669648cc18823323e5/en/001948	en	0	How do you even guess he was Arab ? And why do you generalise ?
textdetox@01907546324b0330d2d8b7669648cc18823323e5/en/001949	en	0	That is the kind of women I respect
textdetox@01907546324b0330d2d8b7669648cc18823323e5/en/001950	en	0	Shab e Qadar mubarak to all my muslim friends...Love From india
textdetox@01907546324b0330d2d8b7669648cc18823323e5/en/001951	en	0	Pope Francis apologises to Roma for Catholic discrimination URL URL
textdetox@01907546324b0330d2d8b7669648cc18823323e5/en/001952	en	0	The US women's team is an inspiration for little girls everywhere! So proud!
textdetox@01907546324b0330d2d8b7669648cc18823323e5/en/001953	en	0	OMG.. Just realized. This is Purim in bible. Read book of Esther , to those interested. Love all.
textdetox@01907546324b0330d2d8b7669648cc18823323e5/en/001954	en	0	How Black Lives Matter protesters won the Detroit debate URL
textdetox@01907546324b0330d2d8b7669648cc18823323e5/en/001955	en	0	Hey I'm so bisexual rn happy pride URL
textdetox@01907546324b0330d2d8b7669648cc18823323e5/en/001956	en	0	now THIS is how you write an AI policy recommendation. British MPs call for a moratorium on facial rec technology. URL URL
textdetox@01907546324b0330d2d8b7669648cc18823323e5/en/001957	en	0	Choir Boy looks like an incredibly important play for historians of Black religion and sexuality in particular. cc:
textdetox@01907546324b0330d2d8b7669648cc18823323e5/en/001958	en	0	I know GT is bad and non-canon but boy do I love it
textdetox@01907546324b0330d2d8b7669648cc18823323e5/en/001959	en	0	stop normalizing putting women through hell just to prove her worth. URL
textdetox@01907546324b0330d2d8b7669648cc18823323e5/en/001960	en	0	"When I heard Eugine's letter only wrote ""Are you finally happy?"" I honestly cried no kid deserves this Eugine deserves more happiness."
textdetox@01907546324b0330d2d8b7669648cc18823323e5/en/001961	en	0	Proud of Bangladesh ( Rifaul )
textdetox@01907546324b0330d2d8b7669648cc18823323e5/en/001962	en	0	Cellophane deserves the win but will you give it to her? ....
textdetox@01907546324b0330d2d8b7669648cc18823323e5/en/001963	en	0	My best friend coming out of the closet. I don't think neither of us have been happier than that exact moment :)
textdetox@01907546324b0330d2d8b7669648cc18823323e5/en/001964	en	0	They act like they don't make fun of her lisp, size, virginity etc when it's convenient
textdetox@01907546324b0330d2d8b7669648cc18823323e5/en/001965	en	0	I'm Filipino too that's cool
textdetox@01907546324b0330d2d8b7669648cc18823323e5/en/001966	en	0	You don't have to be religious to have faith. -got that line in a move (The course of llarona)
textdetox@01907546324b0330d2d8b7669648cc18823323e5/en/001967	en	0	Was America built on the blood sweat and tears of hard working Immigrants?
textdetox@01907546324b0330d2d8b7669648cc18823323e5/en/001968	en	0	Make her a woman anon
textdetox@01907546324b0330d2d8b7669648cc18823323e5/en/001969	en	0	I know. That makes me sad. Whilst I am an atheist I like the philosophy Jesus preached and on what Christianity is based on.
textdetox@01907546324b0330d2d8b7669648cc18823323e5/en/001970	en	0	URL helping the rohingya refugees is also another cause that you could also spend your time on  be kind
textdetox@01907546324b0330d2d8b7669648cc18823323e5/en/001971	en	0	Her intelligence makes her very attractive.
textdetox@01907546324b0330d2d8b7669648cc18823323e5/en/001972	en	0	Sheikh Ibrahim Niasse R.T.A Is Not A Saint Of Century, He Is A Saint Of Eternity... 'IMA URL
textdetox@01907546324b0330d2d8b7669648cc18823323e5/en/001973	en	0	How dare Iran have a weapon and be able to to defend it's people.
textdetox@01907546324b0330d2d8b7669648cc18823323e5/en/001974	en	0	Always wanted to be with an Asian woman
textdetox@01907546324b0330d2d8b7669648cc18823323e5/en/001975	en	0	Handling all that takes peak masculinity
textdetox@01907546324b0330d2d8b7669648cc18823323e5/en/001976	en	0	I grew up korean in a heavy Chinese hood so I grew up kinda wishing I were chinese
textdetox@01907546324b0330d2d8b7669648cc18823323e5/en/001977	en	0	Isnt She Pregnant? Just Wanted to Know if The Babies Are Okay
textdetox@01907546324b0330d2d8b7669648cc18823323e5/en/001978	en	0	im a simple lesbian. i see a bishounen, i want to be them
textdetox@01907546324b0330d2d8b7669648cc18823323e5/en/001979	en	0	Totes is. Although she did date mako so perhaps she's bi.
textdetox@01907546324b0330d2d8b7669648cc18823323e5/en/001980	en	0	You also make a beautiful couple. The joys of being bisexual and liking a couple
textdetox@01907546324b0330d2d8b7669648cc18823323e5/en/001981	en	0	Come to Singapore. We love all tourists. Nice and polite Singaporeans waiting for you.
textdetox@01907546324b0330d2d8b7669648cc18823323e5/en/001982	en	0	are you a Christian now
textdetox@01907546324b0330d2d8b7669648cc18823323e5/en/001983	en	0	Not to the extent that it makes you biologically the opposite sex.
textdetox@01907546324b0330d2d8b7669648cc18823323e5/en/001984	en	0	The sex appeal of a pregnant woman. She is beautiful, congratulations dude!
textdetox@01907546324b0330d2d8b7669648cc18823323e5/en/001985	en	0	UN adopts Argentina-led resolution on Human Rights situation in Nicaragua URL
textdetox@01907546324b0330d2d8b7669648cc18823323e5/en/001986	en	0	Happy ! Ever heard of the Annual Reminders? Listen to and dig into this a little-known piece of LGBTQ history URL URL
textdetox@01907546324b0330d2d8b7669648cc18823323e5/en/001987	en	0	I've always been surprised how being fit brings a certain level of positive attention from straight men.
textdetox@01907546324b0330d2d8b7669648cc18823323e5/en/001988	en	0	Hangfire-13 if you actually gave her a chance you'd see this is who she is, stop listening to aoc propaganda on fox news
textdetox@01907546324b0330d2d8b7669648cc18823323e5/en/001989	en	0	Hey don't be racist here, that's too many times to word white used! Banned! /s (Yes basically what you're saying)
textdetox@01907546324b0330d2d8b7669648cc18823323e5/en/001990	en	0	Both of us are Latino
textdetox@01907546324b0330d2d8b7669648cc18823323e5/en/001991	en	0	 Its not latino, (its not French Italian ir Romanian)... Its Hispanic
textdetox@01907546324b0330d2d8b7669648cc18823323e5/en/001992	en	0	I'm a 9 year old proud Asian American women!
textdetox@01907546324b0330d2d8b7669648cc18823323e5/en/001993	en	0	WATCH: Lira becomes first African to have a Barbie doll in her honour | IOL URL
textdetox@01907546324b0330d2d8b7669648cc18823323e5/en/001994	en	0	We have pretty good diversity in the u.s it can be shocking how little the rest of the world has when you travel.
textdetox@01907546324b0330d2d8b7669648cc18823323e5/en/001995	en	0	Oh and we thank you for Black lives matter, and also for blue lives matter
textdetox@01907546324b0330d2d8b7669648cc18823323e5/en/001996	en	0	i love Americans and i love USA...they are changing the world with amazing things.....love from india.
textdetox@01907546324b0330d2d8b7669648cc18823323e5/en/001997	en	0	Thankfully we have women and lawyers like you Ritu.
textdetox@01907546324b0330d2d8b7669648cc18823323e5/en/001998	en	0	Message of Mrs. Maryam Rajavi in the . Our Mission: 'Freedom, Democracy and Human Rights for Iran' - URL 
textdetox@01907546324b0330d2d8b7669648cc18823323e5/en/001999	en	0	lgbt community
textdetox@01907546324b0330d2d8b7669648cc18823323e5/en/002000	en	0	When straight couples watch the office together, that's sraight pride
textdetox@01907546324b0330d2d8b7669648cc18823323e5/en/002001	en	0	Jewish law experts help Cambodian genocide victims find justice at tribunal: Times of Israel URL
textdetox@01907546324b0330d2d8b7669648cc18823323e5/en/002002	en	0	Even though I'm an Indian, but black women inspire me a lot, hail QUEEN
textdetox@01907546324b0330d2d8b7669648cc18823323e5/en/002003	en	0	I love my family. Life is good. Allah is great.
textdetox@01907546324b0330d2d8b7669648cc18823323e5/en/002004	en	0	5:34 straight bros being gay is hella cute
textdetox@01907546324b0330d2d8b7669648cc18823323e5/en/002005	en	0	don't you know that some of the most influential scientists were in fact Catholic?
textdetox@01907546324b0330d2d8b7669648cc18823323e5/en/002006	en	0	Last part is me but replace Igbo with Yoruba!
textdetox@01907546324b0330d2d8b7669648cc18823323e5/en/002007	en	0	I want an Indian American who contributes on the $50 bill. If Harriet on the $20, then you can't forget the rest of us.
textdetox@01907546324b0330d2d8b7669648cc18823323e5/en/002008	en	0	Trans women are women! You're beautiful, you're a woman, and you're living the dream! <3
textdetox@01907546324b0330d2d8b7669648cc18823323e5/en/002009	en	0	God is awesome! The Holy spirit will tell you to move and you must move!!!
textdetox@01907546324b0330d2d8b7669648cc18823323e5/en/002010	en	0	its 2019 people of the same sex CAN BE MORE THAN FRIENDS and people of the opposite sex CAN BE JUST FRIENDS
textdetox@01907546324b0330d2d8b7669648cc18823323e5/en/002011	en	0	Secretary of State said that the will create a new international body to campaign for freedom. URL
textdetox@01907546324b0330d2d8b7669648cc18823323e5/en/002012	en	0	Won't someone think of the German citizens who were killed and driven from their homes
textdetox@01907546324b0330d2d8b7669648cc18823323e5/en/002013	en	0	The Bible only advocates 9 genocides according to my count
textdetox@01907546324b0330d2d8b7669648cc18823323e5/en/002014	en	0	President Trump is GREATEST President for the African American Population in US History! URL
textdetox@01907546324b0330d2d8b7669648cc18823323e5/en/002015	en	0	based sa link mo, ur right til moment hahah thank u so much!! advance happy eidl fitr to filipino muslims then :D
textdetox@01907546324b0330d2d8b7669648cc18823323e5/en/002016	en	0	Third place with 32? What the hell?
textdetox@01907546324b0330d2d8b7669648cc18823323e5/en/002017	en	0	It's ok to just come out.
textdetox@01907546324b0330d2d8b7669648cc18823323e5/en/002018	en	0	I actually agree with Skip
textdetox@01907546324b0330d2d8b7669648cc18823323e5/en/002019	en	0	We won't forget this double standards and discrimination with Human rights defenders. URL
textdetox@01907546324b0330d2d8b7669648cc18823323e5/en/002020	en	0	these are all of our prettiest lawmakers. Bigots are never just hateful but also always deeply jealous and insecure
textdetox@01907546324b0330d2d8b7669648cc18823323e5/en/002021	en	0	What's it like being in a lesbian relationship?
textdetox@01907546324b0330d2d8b7669648cc18823323e5/en/002022	en	0	Congratulations Champ n Team India For This Amazing Victory Proud Of You Boys HardWork Dedication Passion Pays Off URL
textdetox@01907546324b0330d2d8b7669648cc18823323e5/en/002023	en	0	"At a concert in Moscow, challenged Russia's ""gay propaganda"" law when Paul Landers and Richard Kruspe kissed each other onstage: URL URL"
textdetox@01907546324b0330d2d8b7669648cc18823323e5/en/002024	en	0	Blessings Woman of our Great God Yahweh!
textdetox@01907546324b0330d2d8b7669648cc18823323e5/en/002025	en	0	not blessed but that Qing is
textdetox@01907546324b0330d2d8b7669648cc18823323e5/en/002026	en	0	maybe they'll just lower the men's pay
textdetox@01907546324b0330d2d8b7669648cc18823323e5/en/002027	en	0	URL I see you are a (wo)man of culture as well.
textdetox@01907546324b0330d2d8b7669648cc18823323e5/en/002028	en	0	Legal immigration is always good.
textdetox@01907546324b0330d2d8b7669648cc18823323e5/en/002029	en	0	Yeah most women like someone who uses ponctuation and knows how to write properly.
textdetox@01907546324b0330d2d8b7669648cc18823323e5/en/002030	en	0	Thanks bro ! I cant apply the benzoyl peroxide immediately after shaving ?
textdetox@01907546324b0330d2d8b7669648cc18823323e5/en/002031	en	0	God bless u Luke Islam Masha'allah great voice wish u all the best from Morocco
textdetox@01907546324b0330d2d8b7669648cc18823323e5/en/002032	en	0	you can have anyone you want in your wedding party. goes for straight weddings too.
textdetox@01907546324b0330d2d8b7669648cc18823323e5/en/002033	en	0	Halal is secular and everyone have to accept it.
textdetox@01907546324b0330d2d8b7669648cc18823323e5/en/002034	en	0	She did a bright eye tutorial and she has Goldfrapp's Black Cherry playing through it and it is so relaxing.
textdetox@01907546324b0330d2d8b7669648cc18823323e5/en/002035	en	0	Batsman!  was the man to bag our first goal of pre-season! URL
textdetox@01907546324b0330d2d8b7669648cc18823323e5/en/002036	en	0	That's less than 5% of the US population. GET YER GUN MAW! THE IS COMING TO GET OUR JERBS.
textdetox@01907546324b0330d2d8b7669648cc18823323e5/en/002037	en	0	Union Home Minister Shri pays tributes to India's martyrs at National Police Memorial in New Delhi. URL
textdetox@01907546324b0330d2d8b7669648cc18823323e5/en/002038	en	0	yea it sounds like he's crushing. talk to him ab it
textdetox@01907546324b0330d2d8b7669648cc18823323e5/en/002039	en	0	Aww, congrats you beautiful bi babs!
textdetox@01907546324b0330d2d8b7669648cc18823323e5/en/002040	en	0	Remember that if you give the women more money that isn't bonuses, it's also illegal and the men could sue.
textdetox@01907546324b0330d2d8b7669648cc18823323e5/en/002041	en	0	Why do women have to PAY for tampons for something they can't control and have to deal with every month. URL
textdetox@01907546324b0330d2d8b7669648cc18823323e5/en/002042	en	0	The gays DO deserve rights URL
textdetox@01907546324b0330d2d8b7669648cc18823323e5/en/002043	en	0	And that ladies & gentlemen is why Michelle Obama is the most admired woman in the world (again).
textdetox@01907546324b0330d2d8b7669648cc18823323e5/en/002044	en	0	LGBT Teachers need good coworkers friends school succeeds shirt URL
textdetox@01907546324b0330d2d8b7669648cc18823323e5/en/002045	en	0	Atheist(European/American) values are Christian values as well largely and show more of how the religion is currently and somewhat initially accepting.
textdetox@01907546324b0330d2d8b7669648cc18823323e5/en/002046	en	0	Being LGBT friendly is good for business. I don't have a problem with that.
textdetox@01907546324b0330d2d8b7669648cc18823323e5/en/002047	en	0	Corruption is a menace. The rampant corruption done in past regimes by corruptors. Now Pakistanis want that looted money back.
textdetox@01907546324b0330d2d8b7669648cc18823323e5/en/002048	en	0	Hey gal, 1520 here, asian, going to my state school. Not an issue.
textdetox@01907546324b0330d2d8b7669648cc18823323e5/en/002049	en	0	I was Born and raised in the Netherlands but I'm Iranian! Dutch people are very nice people!
textdetox@01907546324b0330d2d8b7669648cc18823323e5/en/002050	en	0	like she really made an entire album about her bisexual experiences i love her a LGBT queen
textdetox@01907546324b0330d2d8b7669648cc18823323e5/en/002051	en	0	A lot of women prefer tall guys. I don't really care about height too much, and sometimes a short man can be really cute.
textdetox@01907546324b0330d2d8b7669648cc18823323e5/en/002052	en	0	Hey it's me! Please take a look at this article about and her project about women like me. URL
textdetox@01907546324b0330d2d8b7669648cc18823323e5/en/002053	en	0	Grats to your coming out, Holy Spirits
textdetox@01907546324b0330d2d8b7669648cc18823323e5/en/002054	en	0	Happy pride :) from a bi dude who appreciates you
textdetox@01907546324b0330d2d8b7669648cc18823323e5/en/002055	en	0	"Me: sees Night in the Woods in her computer. ""Ah, I see you're a woman of culture""."
textdetox@01907546324b0330d2d8b7669648cc18823323e5/en/002056	en	0	women are better than the FBI  URL
textdetox@01907546324b0330d2d8b7669648cc18823323e5/en/002057	en	0	That's amazing! I was under the impression that some tribes are conservative about LGBT issues, so I'm super thrilled for you, man!
textdetox@01907546324b0330d2d8b7669648cc18823323e5/en/002058	en	0	Interesting. I dislike having to wear dresses for weddings etc cuz I dislike gendered clothing, prefer the t-shirt and pants too
textdetox@01907546324b0330d2d8b7669648cc18823323e5/en/002059	en	0	Give me your tired, your poor, your huddled masses yearning to breathe free. Remember? American values?
textdetox@01907546324b0330d2d8b7669648cc18823323e5/en/002060	en	0	in honor of pride month! please donate to my gofundme and help a trans kid get top surgery! URL
textdetox@01907546324b0330d2d8b7669648cc18823323e5/en/002061	en	0	Congratulations to Bjp and Narender modi from pakistan
textdetox@01907546324b0330d2d8b7669648cc18823323e5/en/002062	en	0	Us Egyptians love the Syrian people
textdetox@01907546324b0330d2d8b7669648cc18823323e5/en/002063	en	0	Mumthulhu is my mother, not FMIL. She's not flawless, but seeing Mumthulhu makes OH appreciate her.
textdetox@01907546324b0330d2d8b7669648cc18823323e5/en/002064	en	0	Eid Mubarak Everyone!!!  May Allah unite all Muslims, show us the right path, and bless us with good health.
textdetox@01907546324b0330d2d8b7669648cc18823323e5/en/002065	en	0	I'm Asian, I respect the loud eating!
textdetox@01907546324b0330d2d8b7669648cc18823323e5/en/002066	en	0	The best thing about being a woman, is the prerogative to have a little fun 
textdetox@01907546324b0330d2d8b7669648cc18823323e5/en/002067	en	0	girls saying hi to the white boys at frat parties URL
textdetox@01907546324b0330d2d8b7669648cc18823323e5/en/002068	en	0	We love palestinians as well..
textdetox@01907546324b0330d2d8b7669648cc18823323e5/en/002069	en	0	Latino vs. Hispanic vs. Spanish URL
textdetox@01907546324b0330d2d8b7669648cc18823323e5/en/002070	en	0	Yes, you have. Including a famine we imposed on you. I honestly don't blame your countrymen and women for hating us at times....
textdetox@01907546324b0330d2d8b7669648cc18823323e5/en/002071	en	0	>she is a historic inspiration to generations of African Americans and women As a white male I find her inspirational as well.
textdetox@01907546324b0330d2d8b7669648cc18823323e5/en/002072	en	0	Arab and her parents are also and their parents and great great grandparents etc etc
textdetox@01907546324b0330d2d8b7669648cc18823323e5/en/002073	en	0	Arab fans love you so much.
textdetox@01907546324b0330d2d8b7669648cc18823323e5/en/002074	en	0	Ramadan Kareem, and I hope you have a pleasant Eid!
textdetox@01907546324b0330d2d8b7669648cc18823323e5/en/002075	en	0	I know I read lightskin ft lil Wayne at first I know I ain't trippin
textdetox@01907546324b0330d2d8b7669648cc18823323e5/en/002076	en	0	Pft, no worries dude, it is nice to know straight people in the crowd are bothered by it too!
textdetox@01907546324b0330d2d8b7669648cc18823323e5/en/002077	en	0	 I am the righteousness of God in Christ Jesus. I am blessed, and am a blessing.
textdetox@01907546324b0330d2d8b7669648cc18823323e5/en/002078	en	0	yohan was so happy when seungwoo chose me after you!! that lil cute hug  URL
textdetox@01907546324b0330d2d8b7669648cc18823323e5/en/002079	en	0	But Buddha was born in Nepal and Everest is in Nepal. I love my country and I am proud of everything.
textdetox@01907546324b0330d2d8b7669648cc18823323e5/en/002080	en	0	New found respect for her for featuring black women in a non fetishizing way. She learned
textdetox@01907546324b0330d2d8b7669648cc18823323e5/en/002081	en	0	Survivor producers when theirs a white male period
textdetox@01907546324b0330d2d8b7669648cc18823323e5/en/002082	en	0	Feminism has suffered sha. Sigh
textdetox@01907546324b0330d2d8b7669648cc18823323e5/en/002083	en	0	Toni Morrison didn't just write about the black American experience. She wrote about the American experience.
textdetox@01907546324b0330d2d8b7669648cc18823323e5/en/002084	en	0	ashley got lipstick on and everything, he was ready to kiss the other manlet
textdetox@01907546324b0330d2d8b7669648cc18823323e5/en/002085	en	0	Google celebrates 50 years of LGBTQ pride with animated doodle URL via
textdetox@01907546324b0330d2d8b7669648cc18823323e5/en/002086	en	0	Who said white people cant play bball
textdetox@01907546324b0330d2d8b7669648cc18823323e5/en/002087	en	0	Ryan Jamaal Swain gets real about Pose, privilege and Pride | Amplify by Gay Times URL URL
textdetox@01907546324b0330d2d8b7669648cc18823323e5/en/002088	en	0	I need to marry a man w this mentality URL
textdetox@01907546324b0330d2d8b7669648cc18823323e5/en/002089	en	0	MashAllah. Seeing Muslims from all different countries just warms my heart.
textdetox@01907546324b0330d2d8b7669648cc18823323e5/en/002090	en	0	May Allah keep u in his hifzo aman my leader!! Long Live URL
textdetox@01907546324b0330d2d8b7669648cc18823323e5/en/002091	en	0	I love all these women and support them. Continue your good work, ladies. You are real Americans
textdetox@01907546324b0330d2d8b7669648cc18823323e5/en/002092	en	0	What does it mean for you to be an Asian-American running for president?
textdetox@01907546324b0330d2d8b7669648cc18823323e5/en/002093	en	0	Funny fact: Halep pulled off a Muguruza, lost her FO title defence to random player and then won Wimbledon against Williams sister straight after.
textdetox@01907546324b0330d2d8b7669648cc18823323e5/en/002094	en	0	My Native American grandmother had the same experience if hiding her identity in a racist society.
textdetox@01907546324b0330d2d8b7669648cc18823323e5/en/002095	en	0	Man I Pray this whole family finds Jesus get salvation and come into the kingdom of God asap
textdetox@01907546324b0330d2d8b7669648cc18823323e5/en/002096	en	0	Express: 'Women take on any jobs they can' WASPI on impact of state pension age changes for women. URL via
textdetox@01907546324b0330d2d8b7669648cc18823323e5/en/002097	en	0	America doesn't have a monopoly on hate or mental illness. What it has is a lot of guns. URL
textdetox@01907546324b0330d2d8b7669648cc18823323e5/en/002098	en	0	The country is facing a number of challenges including graft, maybe prayers can help.. URL
textdetox@01907546324b0330d2d8b7669648cc18823323e5/en/002099	en	0	he doesn't even have to try he's so effortlessly beautiful URL
textdetox@01907546324b0330d2d8b7669648cc18823323e5/en/002100	en	0	Beautiful message. I love being a black woman.
textdetox@01907546324b0330d2d8b7669648cc18823323e5/en/002101	en	0	I'm grateful that Allah (SWT) continues to bless me. I will forever bless others in his name.
textdetox@01907546324b0330d2d8b7669648cc18823323e5/en/002102	en	0	How triple talaq bill cleared the Rajya Sabha hurdle | India News - Times of India URL
textdetox@01907546324b0330d2d8b7669648cc18823323e5/en/002103	en	0	i think grandma would have been better off if y'all had just left her there URL
textdetox@01907546324b0330d2d8b7669648cc18823323e5/en/002104	en	0	You're one brave trans woman my friend <3 07
textdetox@01907546324b0330d2d8b7669648cc18823323e5/en/002105	en	0	Dear Allah, I know I'm not perfect, but thank you for loving me and making me a Muslim. 
textdetox@01907546324b0330d2d8b7669648cc18823323e5/en/002106	en	0	Omg she's tiny compared to him OMG
textdetox@01907546324b0330d2d8b7669648cc18823323e5/en/002107	en	0	Jamaican is great. I also think women with NY accents are hot as hell
textdetox@01907546324b0330d2d8b7669648cc18823323e5/en/002108	en	0	"I like the idea of ""believing in"" gay marriage."
textdetox@01907546324b0330d2d8b7669648cc18823323e5/en/002109	en	0	Independent woman does not mean she cannot buy him Abuja Senator trad and Mercedes Benz
textdetox@01907546324b0330d2d8b7669648cc18823323e5/en/002110	en	0	Kaduna State Assembly passes bill to grant Pastors, Imams license before preaching URL URL
textdetox@01907546324b0330d2d8b7669648cc18823323e5/en/002111	en	0	I am a Bi man and I can respect this
textdetox@01907546324b0330d2d8b7669648cc18823323e5/en/002112	en	0	on gay pride day too... we all love brendon dude
textdetox@01907546324b0330d2d8b7669648cc18823323e5/en/002113	en	0	I feel well represented as an African... love from Zim
textdetox@01907546324b0330d2d8b7669648cc18823323e5/en/002114	en	0	This surah taught me how to live , every Muslim needs to know what this surah teaches , Alhamdulillah for the Holy Quran URL
textdetox@01907546324b0330d2d8b7669648cc18823323e5/en/002115	en	0	As a somewhat spiritual, yet completely non-religious person, eid mubarak to all my dice-rolling brothers and sisters.
textdetox@01907546324b0330d2d8b7669648cc18823323e5/en/002116	en	0	Mondal India win the match by 149 runs
textdetox@01907546324b0330d2d8b7669648cc18823323e5/en/002117	en	0	Marvel confirms that Valkyrie is MCU's first openly LGBTQ superhero URL
textdetox@01907546324b0330d2d8b7669648cc18823323e5/en/002118	en	0	My masculine is Awakening from my spiritual elevation !
textdetox@01907546324b0330d2d8b7669648cc18823323e5/en/002119	en	0	India A. Lol! I love you for that! Yes Queen! Blessings
textdetox@01907546324b0330d2d8b7669648cc18823323e5/en/002120	en	0	The International Rescue Committee ([URL-states/charlottesville-va](URL-states/charlottesville-va)) provides English help for new refugees.
textdetox@01907546324b0330d2d8b7669648cc18823323e5/en/002121	en	0	Interview 77 Gay Sway or you're straight
textdetox@01907546324b0330d2d8b7669648cc18823323e5/en/002122	en	0	Look for some free counseling,if your community has an LGBTQ centre they quite often have it there or will know where to get it
textdetox@01907546324b0330d2d8b7669648cc18823323e5/en/002123	en	0	Mohammed Ali Al-Houthi: The UAE's message from Iran is a positive message
textdetox@01907546324b0330d2d8b7669648cc18823323e5/en/002124	en	0	I LITERALLY GOT MY FAVORITE WHITE MAN, ISSA YES BABY
textdetox@01907546324b0330d2d8b7669648cc18823323e5/en/002125	en	0	"I am from the United States of America and I really love this song by Shawn Mendes ""If I Can't Have You"""
textdetox@01907546324b0330d2d8b7669648cc18823323e5/en/002126	en	0	Oh Philippines, im a pinoy im proud
textdetox@01907546324b0330d2d8b7669648cc18823323e5/en/002127	en	0	B ruh bosnia very epic praise allah
textdetox@01907546324b0330d2d8b7669648cc18823323e5/en/002128	en	0	Indian. Spanish. Nigerian. Every language
textdetox@01907546324b0330d2d8b7669648cc18823323e5/en/002129	en	0	IM SO PROUD OF HIM MÍ AMOR AMAZING PERFORMANCE <333
textdetox@01907546324b0330d2d8b7669648cc18823323e5/en/002130	en	0	incel isn't bound to get pregnant, not to be accessed have been talking about Bethany from Medow Woods trailer park?
textdetox@01907546324b0330d2d8b7669648cc18823323e5/en/002131	en	0	I have thought about getting a passport and traveling to different countries to meet foreign women
textdetox@01907546324b0330d2d8b7669648cc18823323e5/en/002132	en	0	Pastor Tim, you're on fire with the Holy Spirit today. I absolutely love it! Preach hard brother!!! Glory to God!
textdetox@01907546324b0330d2d8b7669648cc18823323e5/en/002133	en	0	I've yet to transition, but I was born a boy and I hope to become a woman at some point. <3
textdetox@01907546324b0330d2d8b7669648cc18823323e5/en/002134	en	0	thankful for the women that i know.
textdetox@01907546324b0330d2d8b7669648cc18823323e5/en/002135	en	0	Junaid bi great ancher and Sohail ahmad also great comedian... Love from Germany
textdetox@01907546324b0330d2d8b7669648cc18823323e5/en/002136	en	0	Can I trade in my white privilege for the privilege Don lemon has. I like his better.
textdetox@01907546324b0330d2d8b7669648cc18823323e5/en/002137	en	0	Trans woman have already been competing in the Olympics and it hasn't been an issue.
textdetox@01907546324b0330d2d8b7669648cc18823323e5/en/002138	en	0	As a fellow 31 yr old Bi man, more power to ya! Have fun, hope it all goes well.
textdetox@01907546324b0330d2d8b7669648cc18823323e5/en/002139	en	0	This recent episode of is so powerful. So many black trans women are dying and we must do something about it.
textdetox@01907546324b0330d2d8b7669648cc18823323e5/en/002140	en	0	I just want to state as a man I do think of a perfect body because all bodies are beautiful
textdetox@01907546324b0330d2d8b7669648cc18823323e5/en/002141	en	0	Brown woman says hi.. I hope that's cool with you
textdetox@01907546324b0330d2d8b7669648cc18823323e5/en/002142	en	0	Ok,thansk for this.I though she was Parsi.
textdetox@01907546324b0330d2d8b7669648cc18823323e5/en/002143	en	0	As an Asian, I'm grateful to help.
textdetox@01907546324b0330d2d8b7669648cc18823323e5/en/002144	en	0	Germany May Simplify Visa Requirements For Russians Under 25 In Fierce Attempt To Deal With Own Social, Demographic Problems URL
textdetox@01907546324b0330d2d8b7669648cc18823323e5/en/002145	en	0	Love u Jeanie Mai!! I like how u spoke on asian cultures need to talk about their problem. So do black families too.
textdetox@01907546324b0330d2d8b7669648cc18823323e5/en/002146	en	0	its a good day to love men
textdetox@01907546324b0330d2d8b7669648cc18823323e5/en/002147	en	0	We're proud to be launching the Guidelines for working with gender, sexuality and relationship diversity at URL URL
textdetox@01907546324b0330d2d8b7669648cc18823323e5/en/002148	en	0	Andile used the k word. He must go to jail. URL
textdetox@01907546324b0330d2d8b7669648cc18823323e5/en/002149	en	0	Eid Mubarak to everyday celebrating today. Have a blessed Eid :)
textdetox@01907546324b0330d2d8b7669648cc18823323e5/en/002150	en	0	 mourns first lady , the wife of Rivlin URL
textdetox@01907546324b0330d2d8b7669648cc18823323e5/en/002151	en	0	Abu Sayyaf/ISIS has some level of support in Mindanao. The Philippines is predominantly Christian with a Muslim minority mostly residing in the Southern Islands.
textdetox@01907546324b0330d2d8b7669648cc18823323e5/en/002152	en	0	I agree ISIS is true and needs to be stopped!
textdetox@01907546324b0330d2d8b7669648cc18823323e5/en/002153	en	0	All I'm sayin is that I'd love to see more Muslim fashion bloggers showcase models size 12 and up please and thank you.
textdetox@01907546324b0330d2d8b7669648cc18823323e5/en/002154	en	0	On the day of Resurrection, Allah will not look at the person who trails his robe behind him out of pride. (Bukhari, Muslim)
textdetox@01907546324b0330d2d8b7669648cc18823323e5/en/002155	en	0	"So what are your thoughts on transgender women competing in wrestling? \*roars\* ""I one HUNDRED percent agree."""
textdetox@01907546324b0330d2d8b7669648cc18823323e5/en/002156	en	0	. on love, guilty pleasures and what it's like being a gay icon. URL
textdetox@01907546324b0330d2d8b7669648cc18823323e5/en/002157	en	0	Africans let's gather here and celebrate
textdetox@01907546324b0330d2d8b7669648cc18823323e5/en/002158	en	0	An inspirational woman leader of many talents who is 100% braver!
textdetox@01907546324b0330d2d8b7669648cc18823323e5/en/002159	en	0	And they aren't TA for trying to force people to be religious
textdetox@01907546324b0330d2d8b7669648cc18823323e5/en/002160	en	0	Good comment. Love from India
textdetox@01907546324b0330d2d8b7669648cc18823323e5/en/002161	en	0	That moment when I'm being liked by girls even before transitioning! :>
textdetox@01907546324b0330d2d8b7669648cc18823323e5/en/002162	en	0	The woman Muslim she's looking so cute ... music video difference
textdetox@01907546324b0330d2d8b7669648cc18823323e5/en/002163	en	0	You dont have to be female to play on the womens soccer team????
textdetox@01907546324b0330d2d8b7669648cc18823323e5/en/002164	en	0	[Read] Mobi A Little Gay History: Desire and Diversity Across the World -> URL
textdetox@01907546324b0330d2d8b7669648cc18823323e5/en/002165	en	0	Also engagements. Usually the girl gets asked. Well girls are more 'independent' now so why not let them ask a man's hand in marriage?
textdetox@01907546324b0330d2d8b7669648cc18823323e5/en/002166	en	0	Eid Mubarak to everyone that celebrates it !
textdetox@01907546324b0330d2d8b7669648cc18823323e5/en/002167	en	0	Star of Indian cricket team
textdetox@01907546324b0330d2d8b7669648cc18823323e5/en/002168	en	0	+woahdudette women do not use abortions as a form of birth control..
textdetox@01907546324b0330d2d8b7669648cc18823323e5/en/002169	en	0	I'll read the bible and calm myself down.
textdetox@01907546324b0330d2d8b7669648cc18823323e5/en/002170	en	0	I'm not Christian, but I understand, relate to, and respect this thought 
textdetox@01907546324b0330d2d8b7669648cc18823323e5/en/002171	en	0	Umrah Weekly Indicator: Kingdom receives over 7,2 million pilgrims and issues 7,5 million visas. URL
textdetox@01907546324b0330d2d8b7669648cc18823323e5/en/002172	en	0	I'm not religious either but they did find the perfect word to respond to your comment: amen
textdetox@01907546324b0330d2d8b7669648cc18823323e5/en/002173	en	0	Check universities for the service. They offer services to the community usually at reduced rates. They're are affordable options out there sis. URL
textdetox@01907546324b0330d2d8b7669648cc18823323e5/en/002174	en	0	Sonke Gender Justice joins 'Stop the Bantustan Bills' coalition in protest march - URL
textdetox@01907546324b0330d2d8b7669648cc18823323e5/en/002175	en	0	// actually they are feminist males/females
textdetox@01907546324b0330d2d8b7669648cc18823323e5/en/002176	en	0	"MAKE America USA GODLY AGAIN!! ( Psalms 33:12-22 KJV ) ""Blessed is the Nation whose GOD is the LORD.... URL via "
textdetox@01907546324b0330d2d8b7669648cc18823323e5/en/002177	en	0	Honestly I kinda respect that I understand what it's like to have people judge you for being bisexual thanks for sharing
textdetox@01907546324b0330d2d8b7669648cc18823323e5/en/002178	en	0	JESUS CHRI.S.T. . . . . IS THE ONLY WAY THE ONLY TRUE, REPEN.T OF SIN AND CHANGE YOUR WAY OF LIVING
textdetox@01907546324b0330d2d8b7669648cc18823323e5/en/002179	en	0	Thank you! this is what I was looking for and what I believe. Except for the sacraments as I'm not catholic. God bless!
textdetox@01907546324b0330d2d8b7669648cc18823323e5/en/002180	en	0	chungha would've been my bisexual awakening if i hadn't known since i was 10
textdetox@01907546324b0330d2d8b7669648cc18823323e5/en/002181	en	0	I'm a completely straight male and I say high five sounds like you had fun. And thanks for sharing :)
textdetox@01907546324b0330d2d8b7669648cc18823323e5/en/002182	en	0	Bi update: Passionately bisexual at the moment.
textdetox@01907546324b0330d2d8b7669648cc18823323e5/en/002183	en	0	Thank you Steve Wallace for your monthly donation to sfts!
textdetox@01907546324b0330d2d8b7669648cc18823323e5/en/002184	en	0	Trans rights as well. Since trans women of color had a big hand in starting pride.
textdetox@01907546324b0330d2d8b7669648cc18823323e5/en/002185	en	0	they always leave out the lesbian flag every single time i'm so tired of it
textdetox@01907546324b0330d2d8b7669648cc18823323e5/en/002186	en	0	i love it women turn to rule
textdetox@01907546324b0330d2d8b7669648cc18823323e5/en/002187	en	0	Gov Joho 2022 bid for Presidency gets a big boost as women MPs endorse him URL
textdetox@01907546324b0330d2d8b7669648cc18823323e5/en/002188	en	0	Speaking of Boston, when does the next season of Ray Donovan start?
textdetox@01907546324b0330d2d8b7669648cc18823323e5/en/002189	en	0	Is she referring to the same ICE agents who are pulling drowning illegals from the Rio Grande, giving them food, water, and shelter? URL
textdetox@01907546324b0330d2d8b7669648cc18823323e5/en/002190	en	0	Met with this one bro. He was sharing his experience about his marriage. The struggle of PJJ. Allah bless u brother.
textdetox@01907546324b0330d2d8b7669648cc18823323e5/en/002191	en	0	Ta dah :p (Also... can I get the name of the anime for the black short haired girlll) URL
textdetox@01907546324b0330d2d8b7669648cc18823323e5/en/002192	en	0	I'm ace. Can relate, not in exactly the same way, but I know what it's like to be closeted.
textdetox@01907546324b0330d2d8b7669648cc18823323e5/en/002193	en	0	Tribute to two real stars raising interracial porn to the excellence.. & URL
textdetox@01907546324b0330d2d8b7669648cc18823323e5/en/002194	en	0	Missing Pakistan Team in Semifinal love from India to Pakistan team
textdetox@01907546324b0330d2d8b7669648cc18823323e5/en/002195	en	0	I love my wife. Its not a sin.
textdetox@01907546324b0330d2d8b7669648cc18823323e5/en/002196	en	0	Totally understandable. My point was simply PoC can totally love the small town life in America. Just not likely in the South.
textdetox@01907546324b0330d2d8b7669648cc18823323e5/en/002197	en	0	"14 episodes and she won and Emmy for the show. Much more than ""cameos""."
textdetox@01907546324b0330d2d8b7669648cc18823323e5/en/002198	en	0	We are proud fans of yours sir You Simply Rock Hatsoff to the dedication & commitment
textdetox@01907546324b0330d2d8b7669648cc18823323e5/en/002199	en	0	Modi ji is lucky that people from across the globe came to India as volunteers to support him and campaign for him. URL
textdetox@01907546324b0330d2d8b7669648cc18823323e5/en/002200	en	0	guys when is the feminist molaah coming
textdetox@01907546324b0330d2d8b7669648cc18823323e5/en/002201	en	0	Exactly  Everyone always asking why I'm single. I'm not looking for a husband just don't want to date another guy like my last.
textdetox@01907546324b0330d2d8b7669648cc18823323e5/en/002202	en	0	Being born a healthy white male to a non-abusive middle-class American family who loved me.
textdetox@01907546324b0330d2d8b7669648cc18823323e5/en/002203	en	0	Married bisexual here: two kids <12. If it helps to have someone to chat with, hit me up! I mean that platonically. ;)
textdetox@01907546324b0330d2d8b7669648cc18823323e5/en/002204	en	0	Fastest white guy in astros history
textdetox@01907546324b0330d2d8b7669648cc18823323e5/en/002205	en	0	the only thing we have different opinions on is the sex workers topic bc i think it needs to stop no matter what
textdetox@01907546324b0330d2d8b7669648cc18823323e5/en/002206	en	0	For the same reason we can receive Holy Communion in Orthodox churches -- so long as it's OK with said Orthodox.
textdetox@01907546324b0330d2d8b7669648cc18823323e5/en/002207	en	0	That's cool I know some Protestants accept the NAB which is a good gesture of ecumenism
textdetox@01907546324b0330d2d8b7669648cc18823323e5/en/002208	en	0	people are racist and for what it doesn't get them anywhere-
textdetox@01907546324b0330d2d8b7669648cc18823323e5/en/002209	en	0	This dude got his turban strapped on
textdetox@01907546324b0330d2d8b7669648cc18823323e5/en/002210	en	0	Just so we're clear: if you're not cool with trans folks, including nb folks, we're not cool
textdetox@01907546324b0330d2d8b7669648cc18823323e5/en/002211	en	0	Respect. From your Sunni brother. Eid Mubarak
textdetox@01907546324b0330d2d8b7669648cc18823323e5/en/002212	en	0	Indian engaged to a Latina here. Everyone does it lol
textdetox@01907546324b0330d2d8b7669648cc18823323e5/en/002213	en	0	Un American to challenge the wealth.... after they've worked harder than any of you
textdetox@01907546324b0330d2d8b7669648cc18823323e5/en/002214	en	0	"coworker of mine started a conversation with them with ""I'm a supporter of lgbt people but..."" and I was so worried for the girls"
textdetox@01907546324b0330d2d8b7669648cc18823323e5/en/002215	en	0	After 84 attack. There are zero attacks by Sikhs.
textdetox@01907546324b0330d2d8b7669648cc18823323e5/en/002216	en	0	Me neither...this obsession to oppress the girl child is sickening!
textdetox@01907546324b0330d2d8b7669648cc18823323e5/en/002217	en	0	A word about the detained/jailed Kashmiri journalists & as well? URL
textdetox@01907546324b0330d2d8b7669648cc18823323e5/en/002218	en	0	Emma Watson and Time's Up launch free hotline for women experiencing workplace harassment URL
textdetox@01907546324b0330d2d8b7669648cc18823323e5/en/002219	en	0	I'm not trans, I'm just happy for them being supported.
textdetox@01907546324b0330d2d8b7669648cc18823323e5/en/002220	en	0	It's 2019 and people are STILL spreading this racist urban legend. URL-check/le-a/
textdetox@01907546324b0330d2d8b7669648cc18823323e5/en/002221	en	0	Dlxxx159 Someone young passes away and you joke about their race? That's truly sad. I hope one day you can heal.
textdetox@01907546324b0330d2d8b7669648cc18823323e5/en/002222	en	0	Perspective: I'm a dual citizen of the U.S. and Britain. But people rarely consider me an immigrant. URL
textdetox@01907546324b0330d2d8b7669648cc18823323e5/en/002223	en	0	floriana said that LGBT fans are the best fans
textdetox@01907546324b0330d2d8b7669648cc18823323e5/en/002224	en	0	URL India future must watch this awareness
textdetox@01907546324b0330d2d8b7669648cc18823323e5/en/002225	en	0	Video shows alleged white supremacist being forced to clean black man's truck after throwing bottle racist supporter %Capitalism URL
textdetox@01907546324b0330d2d8b7669648cc18823323e5/en/002226	en	0	Proud of dis lil kid og he having a big potential since being lil
textdetox@01907546324b0330d2d8b7669648cc18823323e5/en/002227	en	0	I really really wish I could donate but my grandparents are homophobic so I'm not allowed to but sorry:/
textdetox@01907546324b0330d2d8b7669648cc18823323e5/en/002228	en	0	Shadrach, one of Kulanu's Global Teaching Fellows, is traveling Nigeria to meet with different Jewish groups. Donate now to support this program: URL URL
textdetox@01907546324b0330d2d8b7669648cc18823323e5/en/002229	en	0	I remember when i first watched jessie. He was my favorite one
textdetox@01907546324b0330d2d8b7669648cc18823323e5/en/002230	en	0	 Hold on! You call a woman who calls lifelong anti-racists, racist a godess?!
textdetox@01907546324b0330d2d8b7669648cc18823323e5/en/002231	en	0	"Usha Ramanathan declared ""Hero"" for speaking out against India's controversial Aadhaar digital identity programme. URL"
textdetox@01907546324b0330d2d8b7669648cc18823323e5/en/002232	en	0	Don't worry I'm 24 and lost
textdetox@01907546324b0330d2d8b7669648cc18823323e5/en/002233	en	0	Did she mean the Taliban?
textdetox@01907546324b0330d2d8b7669648cc18823323e5/en/002234	en	0	Happy Eid Mubarak to CHANGU's all around the world who are celebrating  - Chanwoo Nation admins - URL
textdetox@01907546324b0330d2d8b7669648cc18823323e5/en/002235	en	0	Sushma Swaraj was a champion for women in India and across the globe': Ivanka Trump URL URL RT
textdetox@01907546324b0330d2d8b7669648cc18823323e5/en/002236	en	0	Chandrayaan 2 launch: Akshay Kumar, Shah Rukh Khan lead Bollywood in congratulating ISRO's achievem... - Hindustan Times URL URL
textdetox@01907546324b0330d2d8b7669648cc18823323e5/en/002237	en	0	Really nice. FPA India stands for the cause of abolishing discrimination against the LGBTQ community and to provide them with equal rights.
textdetox@01907546324b0330d2d8b7669648cc18823323e5/en/002238	en	0	you have my respect indian peoples, may god bless you always 
textdetox@01907546324b0330d2d8b7669648cc18823323e5/en/002239	en	0	If you actually undwrstanx the bible, none of that is true.
textdetox@01907546324b0330d2d8b7669648cc18823323e5/en/002240	en	0	Just had a son 3 days ago, all I wanna do is talk about him. OH God... I've transitioned..
textdetox@01907546324b0330d2d8b7669648cc18823323e5/en/002241	en	0	I think Sehun is really mixed. Isn't it obvious that he's a demigod? He's Aphrodite's son! URL
textdetox@01907546324b0330d2d8b7669648cc18823323e5/en/002242	en	0	I think I did that as a guy too...but I had tons of points into seduction/cnversations, I think...
textdetox@01907546324b0330d2d8b7669648cc18823323e5/en/002243	en	0	What do you mean by beyond acceptance? Spoiler- there's no secret gay agenda- just equality.
textdetox@01907546324b0330d2d8b7669648cc18823323e5/en/002244	en	0	I am proud to be a human, because of these peoples only, i love to meet them
textdetox@01907546324b0330d2d8b7669648cc18823323e5/en/002245	en	0	My masculine is awakening from my spiritual elevation
textdetox@01907546324b0330d2d8b7669648cc18823323e5/en/002246	en	0	 Surely her point is equality for everyone? Equality isnt just for one gender, religion or ethnicity. Think that was her point
textdetox@01907546324b0330d2d8b7669648cc18823323e5/en/002247	en	0	Equality is very important
textdetox@01907546324b0330d2d8b7669648cc18823323e5/en/002248	en	0	Pidi rides back seat. Rahul Gandhi must be credited at least for following best practices while driving. And Pidi for having faith. URL
textdetox@01907546324b0330d2d8b7669648cc18823323e5/en/002249	en	0	definitely the coolest person in the industry and her personality is just incredible !!!!!!!
textdetox@01907546324b0330d2d8b7669648cc18823323e5/en/002250	en	0	See more pics like this and videos on URL URL
textdetox@01907546324b0330d2d8b7669648cc18823323e5/en/002251	en	0	If that's the case, then why is the male sex drive *significantly* several times stronger than a female's?
textdetox@01907546324b0330d2d8b7669648cc18823323e5/en/002252	en	0	Wife of jailed Saudi blogger hails U.S. vice-president's call for husband's release, wants meeting with Trump URL
textdetox@01907546324b0330d2d8b7669648cc18823323e5/en/002253	en	0	We need to bring these people to safety by shipping them to Taiwan or they will be sent to concentration camps in Xinjiang.
textdetox@01907546324b0330d2d8b7669648cc18823323e5/en/002254	en	0	Bro what ??? At Humboldt park?? You gotta be kidding me. URL
textdetox@01907546324b0330d2d8b7669648cc18823323e5/en/002255	en	0	I'm Zimbabwean, I can relate to the South African dude. It's pretty funny hearing Americans
textdetox@01907546324b0330d2d8b7669648cc18823323e5/en/002256	en	0	Wow, well done my beloved India.
textdetox@01907546324b0330d2d8b7669648cc18823323e5/en/002257	en	0	She's creole! What a beautiful heritage!
textdetox@01907546324b0330d2d8b7669648cc18823323e5/en/002258	en	0	Heartiest Eid Greetings to all the Muslims around the World
textdetox@01907546324b0330d2d8b7669648cc18823323e5/en/002259	en	0	Excellent subreddit. May Allah (swt) bless and reward the brothers and sisters who work there generously.
textdetox@01907546324b0330d2d8b7669648cc18823323e5/en/002260	en	0	Find you a good general contractor he should have several window options for you.
textdetox@01907546324b0330d2d8b7669648cc18823323e5/en/002261	en	0	What About lmao I'd rather be good looking than ugly and cope by saying I'm more of a man for not caring.
textdetox@01907546324b0330d2d8b7669648cc18823323e5/en/002262	en	0	*Real spiritual knowledge* Supreme God Kabir went to Satlok with his body from Maghar. Because Supreme God is Kabir URL
textdetox@01907546324b0330d2d8b7669648cc18823323e5/en/002263	en	0	India stop killing inocent peoples of kashmir URL
textdetox@01907546324b0330d2d8b7669648cc18823323e5/en/002264	en	0	Uno if I was white I'd want this skin tone too literally glowing.
textdetox@01907546324b0330d2d8b7669648cc18823323e5/en/002265	en	0	Sincere thank you for this. Just practiced for an hour, gonna impress my nephew.
textdetox@01907546324b0330d2d8b7669648cc18823323e5/en/002266	en	0	From McKinsey Insights: The future of women at work: Transitions in the age of automation URL URL
textdetox@01907546324b0330d2d8b7669648cc18823323e5/en/002267	en	0	My mom does not care how old I am, she will always take a picture the first day of school
textdetox@01907546324b0330d2d8b7669648cc18823323e5/en/002268	en	0	Get up to save Kashmiris from imminent massacre by Indian sudden army hype.
textdetox@01907546324b0330d2d8b7669648cc18823323e5/en/002269	en	0	Masha'Allah, Happy Birthday brother... May Allah bless you and the Family  URL
textdetox@01907546324b0330d2d8b7669648cc18823323e5/en/002270	en	0	Look at us! Uplifting and empowering women more than KM has ever done!
textdetox@01907546324b0330d2d8b7669648cc18823323e5/en/002271	en	0	i told myself i was gonna incest in my makeup more this summer ...lets see how this goes
textdetox@01907546324b0330d2d8b7669648cc18823323e5/en/002272	en	0	Amit Shah will be Home Ministry. He was HM in Gujarat too.
textdetox@01907546324b0330d2d8b7669648cc18823323e5/en/002273	en	0	HOW ABSOLUTELY HORRENDOUS-I HOPE THAT WOMAN CHARED HER WITH ASSAULT
textdetox@01907546324b0330d2d8b7669648cc18823323e5/en/002274	en	0	Can I add to the beauty of the whiteness.!!!
textdetox@01907546324b0330d2d8b7669648cc18823323e5/en/002275	en	0	Yta but thanks for posting this as it's helped me put to rest some thoughts I'd been having about a bisexual friend.
textdetox@01907546324b0330d2d8b7669648cc18823323e5/en/002276	en	0	Yes we have to inform and bring policies that help the African-American community it is time for a change
textdetox@01907546324b0330d2d8b7669648cc18823323e5/en/002277	en	0	I'm 63 and white. I could not agree with you more.
textdetox@01907546324b0330d2d8b7669648cc18823323e5/en/002278	en	0	I fell in love with a mexican girl
textdetox@01907546324b0330d2d8b7669648cc18823323e5/en/002279	en	0	The challenge of Imam Mahdi Nasser Mohammed Al-Yamani to the nation s scholars with the truth... URL
textdetox@01907546324b0330d2d8b7669648cc18823323e5/en/002280	en	0	I have a trans sister. Thank you EW and HRC and all the other candidates that support the LGBTQ community.‍
textdetox@01907546324b0330d2d8b7669648cc18823323e5/en/002281	en	0	Guys please don't build a wall, I like traveling to Canada
textdetox@01907546324b0330d2d8b7669648cc18823323e5/en/002282	en	0	put the SLAM on the iSLAMophobe!
textdetox@01907546324b0330d2d8b7669648cc18823323e5/en/002283	en	0	I would like to call the producer, Producer-san~
textdetox@01907546324b0330d2d8b7669648cc18823323e5/en/002284	en	0	It fits him perfectly. Green is intelligent and Steph smiles a lot so I like their pairing too. Not so sure about KD
textdetox@01907546324b0330d2d8b7669648cc18823323e5/en/002285	en	0	Improving the fitness standard of the indian team is a massive-massive gift kohli has given to this team
textdetox@01907546324b0330d2d8b7669648cc18823323e5/en/002286	en	0	when Muslim women wear hijab:  when non-Muslim women wear hijab in solidarity with Muslim women: URL
textdetox@01907546324b0330d2d8b7669648cc18823323e5/en/002287	en	0	"Love the pure joy on his face when he says ""rugly"" at 0:18!"
textdetox@01907546324b0330d2d8b7669648cc18823323e5/en/002288	en	0	satan the devil loves no one! Lord Jesus Christ is our true Savior Repent, believe in the Gospel
textdetox@01907546324b0330d2d8b7669648cc18823323e5/en/002289	en	0	Sex isn't immoral. Misogyny and incels do go hand in hand.
textdetox@01907546324b0330d2d8b7669648cc18823323e5/en/002290	en	0	Enjoy everyone! URL Part 1: URL Part 2: URL Part 3: Coming soon ‍STOP ENCOURAGING VIOLENCE ON LGBT PEOPLE ‍
textdetox@01907546324b0330d2d8b7669648cc18823323e5/en/002291	en	0	I'm not talking about a specific girl, just girls in general
textdetox@01907546324b0330d2d8b7669648cc18823323e5/en/002292	en	0	Queen of s  URL
textdetox@01907546324b0330d2d8b7669648cc18823323e5/en/002293	en	0	Polish ppl love you Shawn Edit : I'm not polish, but *KiSsEs FrOm PoLaNd
textdetox@01907546324b0330d2d8b7669648cc18823323e5/en/002294	en	0	I love this video!!! The beat is hypnotic and feminist message is just perfect... Just Brilliant!!!
textdetox@01907546324b0330d2d8b7669648cc18823323e5/en/002295	en	0	Turning your hurt into support for others at pride is really lovely. I hope you continue to find joy in femininity. :)
textdetox@01907546324b0330d2d8b7669648cc18823323e5/en/002296	en	0	 Wahid I understand you may not agree with us, but you can at least show some respect. People love who they love
textdetox@01907546324b0330d2d8b7669648cc18823323e5/en/002297	en	0	all girls and ladies are beautiful and talented. all men and boys are handsome and talented. Congratulations
textdetox@01907546324b0330d2d8b7669648cc18823323e5/en/002298	en	0	I love my Indian bros
textdetox@01907546324b0330d2d8b7669648cc18823323e5/en/002299	en	0	This just makes me want to love on black men even more. I see you, I understand your struggle, and love you.
textdetox@01907546324b0330d2d8b7669648cc18823323e5/en/002300	en	0	Good show love from Pakistan
textdetox@01907546324b0330d2d8b7669648cc18823323e5/en/002301	en	0	Equality, freedom, and human rights.It is such a beautiful things.
textdetox@01907546324b0330d2d8b7669648cc18823323e5/en/002302	en	0	No, I converted to Catholicism. I chose to be catholic and I am very blessed and thankful for it.
textdetox@01907546324b0330d2d8b7669648cc18823323e5/en/002303	en	0	Im Bi ive dated both over the years but this relationship is different we dont argue or fight its really nice.
textdetox@01907546324b0330d2d8b7669648cc18823323e5/en/002304	en	0	Its a belief and has nothing to do with our culture.
textdetox@01907546324b0330d2d8b7669648cc18823323e5/en/002305	en	0	Actually I'm ftm, but hello my trans sibling! 
textdetox@01907546324b0330d2d8b7669648cc18823323e5/en/002306	en	0	You said you sought diversity representation and I was letting you know that JC encompassed it solely!
textdetox@01907546324b0330d2d8b7669648cc18823323e5/en/002307	en	0	Q9. Who was the most adjustable player when India won its second World's Greatest Cricket Tournament? URL
textdetox@01907546324b0330d2d8b7669648cc18823323e5/en/002308	en	0	"As they say in this region, ""wala."" (A Kurdish version of god willing)"
textdetox@01907546324b0330d2d8b7669648cc18823323e5/en/002309	en	0	That sounds epic!!! Almost All my friends at school know and i havent flat out told my parents but they know I'm not straight.
textdetox@01907546324b0330d2d8b7669648cc18823323e5/en/002310	en	0	Eid mubarak to you and respected family Zahid sahib.
textdetox@01907546324b0330d2d8b7669648cc18823323e5/en/002311	en	0	Had multiple of male bestfriends before. But they fell in love with me lol so i decided no more. URL
textdetox@01907546324b0330d2d8b7669648cc18823323e5/en/002312	en	0	i love india i love ms dhoni (mahi) but icc cricket World Cup lost in india
textdetox@01907546324b0330d2d8b7669648cc18823323e5/en/002313	en	0	This makes me even more proud to be a black person. :)
textdetox@01907546324b0330d2d8b7669648cc18823323e5/en/002314	en	0	I like this (whitey here)
textdetox@01907546324b0330d2d8b7669648cc18823323e5/en/002315	en	0	No. No. No. No anger in my Christian server. Only Jesus.
textdetox@01907546324b0330d2d8b7669648cc18823323e5/en/002316	en	0	Love is love, no matter who you are or how you identify. Happy Month, everybody. URL
textdetox@01907546324b0330d2d8b7669648cc18823323e5/en/002317	en	0	announces Religious Freedom Week 2019 URL URL
textdetox@01907546324b0330d2d8b7669648cc18823323e5/en/002318	en	0	2:45 Are you assuming Asians' hair colour
textdetox@01907546324b0330d2d8b7669648cc18823323e5/en/002319	en	0	I agree wit ak! we're fighting for equality wit race we cant be biased
textdetox@01907546324b0330d2d8b7669648cc18823323e5/en/002320	en	0	Calling yourself *preferred gender* is more valid than calling a car or ship a girl or anything
textdetox@01907546324b0330d2d8b7669648cc18823323e5/en/002321	en	0	the first all female superhero team up movie AND best comic book movie of all time is coming URL
textdetox@01907546324b0330d2d8b7669648cc18823323e5/en/002322	en	0	Esth 10:7 And God was upon them, saith the LORD is good for us:
textdetox@01907546324b0330d2d8b7669648cc18823323e5/en/002323	en	0	When my poem about family brought a grown man to tears... URL
textdetox@01907546324b0330d2d8b7669648cc18823323e5/en/002324	en	0	Retweet if you are Proud fans of Lt. Col. MS Dhoni  URL
textdetox@01907546324b0330d2d8b7669648cc18823323e5/en/002325	en	0	You said we thanks for celebrating diversity
textdetox@01907546324b0330d2d8b7669648cc18823323e5/en/002326	en	0	Women love strong men, place your order now  URL URL
textdetox@01907546324b0330d2d8b7669648cc18823323e5/en/002327	en	0	Our priority is Kashmir when it comes to supporting people outside Pakistan.
textdetox@01907546324b0330d2d8b7669648cc18823323e5/en/002328	en	0	Bruh y'all boys wild out here. Lmaooooooo
textdetox@01907546324b0330d2d8b7669648cc18823323e5/en/002329	en	0	Xerxes exactly so United States did it for safety and Iran did it for credit.
textdetox@01907546324b0330d2d8b7669648cc18823323e5/en/002330	en	0	The Trump Administration Is Ending An Immigration Benefit For Filipino Veterans And Haitians URL
textdetox@01907546324b0330d2d8b7669648cc18823323e5/en/002331	en	0	That isn't how being human works. That's why human rights are universal and why we can't napalm ISIS.
textdetox@01907546324b0330d2d8b7669648cc18823323e5/en/002332	en	0	Breaking: Colorado becomes the 18th state to protect LGBTQ youth from conversion therapy! Signed by today at the State Capital
textdetox@01907546324b0330d2d8b7669648cc18823323e5/en/002333	en	0	Most of those crimes are immigration crimes, and most other crime is prosecuted by the states anyways.
textdetox@01907546324b0330d2d8b7669648cc18823323e5/en/002334	en	0	To everyone that became an eagle today. Congratulations mehn. It's not easy. Now it's time to soar. So soar
textdetox@01907546324b0330d2d8b7669648cc18823323e5/en/002335	en	0	Surprisingly its not that expensive to go to Thailand. The flight would be the most expensive but everything there is super cheap.
textdetox@01907546324b0330d2d8b7669648cc18823323e5/en/002336	en	0	wE lOvE oUr LeGaL iMmIgRaNtS!
textdetox@01907546324b0330d2d8b7669648cc18823323e5/en/002337	en	0	Well done imran khan and shehzad akbar
textdetox@01907546324b0330d2d8b7669648cc18823323e5/en/002338	en	0	Plenty of straight white Americans are LGBTQ allies. Join us! We throw the best parades.
textdetox@01907546324b0330d2d8b7669648cc18823323e5/en/002339	en	0	To all my Somali brothers and sisters on Twitter. Caadi iskadig.
textdetox@01907546324b0330d2d8b7669648cc18823323e5/en/002340	en	0	Iran should have a nuke
textdetox@01907546324b0330d2d8b7669648cc18823323e5/en/002341	en	0	Eid Mubarak to all muslim brother and sisters across the world.lets generate the peace in world.
textdetox@01907546324b0330d2d8b7669648cc18823323e5/en/002342	en	0	Gay marriage was the last time you remembered the same time that you have scented your hair
textdetox@01907546324b0330d2d8b7669648cc18823323e5/en/002343	en	0	Congo bhai for 5th position keep on dooing well for india
textdetox@01907546324b0330d2d8b7669648cc18823323e5/en/002344	en	0	To find out more about the research URL URL
textdetox@01907546324b0330d2d8b7669648cc18823323e5/en/002345	en	0	A big CONGRATS to the USA fifa women succor !!
textdetox@01907546324b0330d2d8b7669648cc18823323e5/en/002346	en	0	eu tbm pqp ela é tudo
textdetox@01907546324b0330d2d8b7669648cc18823323e5/en/002347	en	0	As a bisexual woman, thank you. Sums it up perfectly. Couldn't have said it better. OP YTA.
textdetox@01907546324b0330d2d8b7669648cc18823323e5/en/002348	en	0	Virendra Kumar is also a top contender for the post of Lok Sabha Speaker.
textdetox@01907546324b0330d2d8b7669648cc18823323e5/en/002349	en	0	Also is antisemitic as hell
textdetox@01907546324b0330d2d8b7669648cc18823323e5/en/002350	en	0	that's one reason i always suppot ISKCON.
textdetox@01907546324b0330d2d8b7669648cc18823323e5/en/002351	en	0	I love women 10/10 very good
textdetox@01907546324b0330d2d8b7669648cc18823323e5/en/002352	en	0	. tweeted the promotional video of the Hindi version where Aryan is heard introducing himself as Simba URL
textdetox@01907546324b0330d2d8b7669648cc18823323e5/en/002353	en	0	Turkey would help Canada bring former ISIS fighters home, official says URL via 
textdetox@01907546324b0330d2d8b7669648cc18823323e5/en/002354	en	0	I believe being an aware black women in this world is to naturally have a cynical train of thought, nothing is really whatever.
textdetox@01907546324b0330d2d8b7669648cc18823323e5/en/002355	en	0	"My whole tl after Jooheon's ""baksu"" became a hot topic: URL"
textdetox@01907546324b0330d2d8b7669648cc18823323e5/en/002356	en	0	When you twist scripture out of context to fit your agenda you have joined Satan's Legions
textdetox@01907546324b0330d2d8b7669648cc18823323e5/en/002357	en	0	Quran , what Quran says and teaches, benefits of learning Quran. - We are slaves of Allah URL
textdetox@01907546324b0330d2d8b7669648cc18823323e5/en/002358	en	0	Lots of guys (and some trans girls) can relate. Luckily, it's a temporary problem that will improve on its own.
textdetox@01907546324b0330d2d8b7669648cc18823323e5/en/002359	en	0	Request to Pakistani and Indian cricket fans in eng, Go to the final and support this great game that brings us all together
textdetox@01907546324b0330d2d8b7669648cc18823323e5/en/002360	en	0	Jeremy lin is very good, just sit at chair can take champion already..
textdetox@01907546324b0330d2d8b7669648cc18823323e5/en/002361	en	0	Properly practiced kink is basically everything they hate.
textdetox@01907546324b0330d2d8b7669648cc18823323e5/en/002362	en	0	I'm attracted to people who are living the way they want to.
textdetox@01907546324b0330d2d8b7669648cc18823323e5/en/002363	en	0	That's such a great way to keep the kids interactive during the stay.
textdetox@01907546324b0330d2d8b7669648cc18823323e5/en/002364	en	0	. calling on men to step up in support of women and mothers: URL
textdetox@01907546324b0330d2d8b7669648cc18823323e5/en/002365	en	0	"Feel the difference  Sportsmen spirit shown by locals chanting ""well played boys"" But Pakistani using foul language. URL"
textdetox@01907546324b0330d2d8b7669648cc18823323e5/en/002366	en	0	Eid Mubarak from all the way to Makkah.
textdetox@01907546324b0330d2d8b7669648cc18823323e5/en/002367	en	0	Deuteronomy 10:20 You are to fear the LORD your God and serve Him.
textdetox@01907546324b0330d2d8b7669648cc18823323e5/en/002368	en	0	Deadline extended! Apply to the All Raise female founder program at Disrupt SF 2019 URL URL
textdetox@01907546324b0330d2d8b7669648cc18823323e5/en/002369	en	0	A historic moment as Convention delegates pass CUPE Ontario's first-ever Anti-Racism Organizational Action Plan. URL
textdetox@01907546324b0330d2d8b7669648cc18823323e5/en/002370	en	0	Yea lets open up our borders
textdetox@01907546324b0330d2d8b7669648cc18823323e5/en/002371	en	0	Shiv Sena reaches out to women voters through 'Mauli Sanvad' campaign URL
textdetox@01907546324b0330d2d8b7669648cc18823323e5/en/002372	en	0	Eid Mubarak to all Muslims, and everyone else celebrating today. May Allah accept your prayers. Barka da Sallah! URL
textdetox@01907546324b0330d2d8b7669648cc18823323e5/en/002373	en	0	Eid Mubarak may Allah (SWT) permit us wit seeing another eid. Ameeen URL
textdetox@01907546324b0330d2d8b7669648cc18823323e5/en/002374	en	0	In saudi they will throw it in dustbin
textdetox@01907546324b0330d2d8b7669648cc18823323e5/en/002375	en	0	Siakam, my hero! And he comes from Cameroon!
textdetox@01907546324b0330d2d8b7669648cc18823323e5/en/002376	en	0	Don't forget the female version of Uchtdorf- Sister Sharon Eubanks (General RS). She seems to be beloved by all.
textdetox@01907546324b0330d2d8b7669648cc18823323e5/en/002377	en	0	HOLY JESUS LOOK AT THIS BABE URL
textdetox@01907546324b0330d2d8b7669648cc18823323e5/en/002378	en	0	A woman in general is nice as well.
textdetox@01907546324b0330d2d8b7669648cc18823323e5/en/002379	en	0	It is very crucial time for Malala Yousafzai, Whether she wants to become a Pashtun Icon or an NGO owner ? 
textdetox@01907546324b0330d2d8b7669648cc18823323e5/en/002380	en	0	Yes. My grandad actually came here and turned white  his names Sean Paul.
textdetox@01907546324b0330d2d8b7669648cc18823323e5/en/002381	en	0	 I understand. Whether a woman wants to have children or not, it should be up to us.
textdetox@01907546324b0330d2d8b7669648cc18823323e5/en/002382	en	0	The 2nd video the black american women.. She slay it
textdetox@01907546324b0330d2d8b7669648cc18823323e5/en/002383	en	0	That is actually a correct statement, transmen are indeed not women. Thank you r/The_Donald, very cool. URL
textdetox@01907546324b0330d2d8b7669648cc18823323e5/en/002384	en	0	YouGov Poll: Michelle Obama Is 'Most Admired' Woman in the World URL
textdetox@01907546324b0330d2d8b7669648cc18823323e5/en/002385	en	0	Here's a song for you… Lightskin Lil Wayne by Tyga URL
textdetox@01907546324b0330d2d8b7669648cc18823323e5/en/002386	en	0	CSR awards to focus on women empowerment - The Hindu URL
textdetox@01907546324b0330d2d8b7669648cc18823323e5/en/002387	en	0	she protecc she attacc but most importantly.. LIL BROWN GURL, is BACC
textdetox@01907546324b0330d2d8b7669648cc18823323e5/en/002388	en	0	Where are the white lives matter protesters?
textdetox@01907546324b0330d2d8b7669648cc18823323e5/en/002389	en	0	Stop the deportation of Ken Macharia - Sign the Petition! URL
textdetox@01907546324b0330d2d8b7669648cc18823323e5/en/002390	en	0	I don't need a girl to make me feel masculine. As long as I am both needed and wanted, I feel fulfilled.
textdetox@01907546324b0330d2d8b7669648cc18823323e5/en/002391	en	0	Im happy that people don't have to feel or live like that anymore! God bless everyone of every race!!!
textdetox@01907546324b0330d2d8b7669648cc18823323e5/en/002392	en	0	Undoubtedly!. The best CM Delhi has ever had. Om shanti URL
textdetox@01907546324b0330d2d8b7669648cc18823323e5/en/002393	en	0	it's pride month so here's some female and non-binary lgbtq+ artists you're maybe not listening to but absolutely should
textdetox@01907546324b0330d2d8b7669648cc18823323e5/en/002394	en	0	What bible verse is that? Chapter and verse please!
textdetox@01907546324b0330d2d8b7669648cc18823323e5/en/002395	en	0	I am white. I am male. I stay away from twitter.
textdetox@01907546324b0330d2d8b7669648cc18823323e5/en/002396	en	0	asking for citizenship is absolutely normal anywhere in the world
textdetox@01907546324b0330d2d8b7669648cc18823323e5/en/002397	en	0	More Hot Big Beautiful Women: URL URL
textdetox@01907546324b0330d2d8b7669648cc18823323e5/en/002398	en	0	Lol I was NOT expecting this answer. That being said very good perspective (I'm actually gay).
textdetox@01907546324b0330d2d8b7669648cc18823323e5/en/002399	en	0	I imagine 11 spuds from trainspotting... scottish maradona
textdetox@01907546324b0330d2d8b7669648cc18823323e5/en/002400	en	0	Im an atheist myself was and is good
textdetox@01907546324b0330d2d8b7669648cc18823323e5/en/002401	en	0	Looks like a perfectly wholesome happy mixed race household to me. That was really heart warming. WMAF <3
textdetox@01907546324b0330d2d8b7669648cc18823323e5/en/002402	en	0	God-given struggles don't come to stay, they come to pass. Just be patient. Wait while God works for you.
textdetox@01907546324b0330d2d8b7669648cc18823323e5/en/002403	en	0	*kind of the interesting part of windsor
textdetox@01907546324b0330d2d8b7669648cc18823323e5/en/002404	en	0	I have white friends who just don't get it, but we friends tho? Ok.
textdetox@01907546324b0330d2d8b7669648cc18823323e5/en/002405	en	0	I'm bi and came out to everyone the same way lmao.
textdetox@01907546324b0330d2d8b7669648cc18823323e5/en/002406	en	0	" brings ""An event about women in the industry, but not just for women!"" URL URL"
textdetox@01907546324b0330d2d8b7669648cc18823323e5/en/002407	en	0	seriously?!? what's wrong with supporting our country while being white?
textdetox@01907546324b0330d2d8b7669648cc18823323e5/en/002408	en	0	As a Mexican, I am so proud that we have such an angel representing our culture. 100% my new idol.
textdetox@01907546324b0330d2d8b7669648cc18823323e5/en/002409	en	0	Why does someone's sexuality got to do with how well they do their job?
textdetox@01907546324b0330d2d8b7669648cc18823323e5/en/002410	en	0	Trump team to free migrants in Florida's Broward, Palm Beach counties URL
textdetox@01907546324b0330d2d8b7669648cc18823323e5/en/002411	en	0	anyare sa separation of Church and State
textdetox@01907546324b0330d2d8b7669648cc18823323e5/en/002412	en	0	Give the guy a break he clearly had a rough first day at a job his parents made him get.
textdetox@01907546324b0330d2d8b7669648cc18823323e5/en/002413	en	0	bonus: karl • karl is a gay icon and should be recognized as such URL
textdetox@01907546324b0330d2d8b7669648cc18823323e5/en/002414	en	0	URL
textdetox@01907546324b0330d2d8b7669648cc18823323e5/en/002415	en	0	I feel like we're in the WW 2, where all the migrant are in the concentration camps. America is never great again, it's chaos
textdetox@01907546324b0330d2d8b7669648cc18823323e5/en/002416	en	0	In other news, there are now 680 new job openings in Mississippi for American workers. Of all races! URL
textdetox@01907546324b0330d2d8b7669648cc18823323e5/en/002417	en	0	Give Visas a purpose for once
textdetox@01907546324b0330d2d8b7669648cc18823323e5/en/002418	en	0	Young lawyers overcoming obstacles with all-female firm URL URL
textdetox@01907546324b0330d2d8b7669648cc18823323e5/en/002419	en	0	I don't think I'll ever have to explain or understand sexuality because ill be fine with whatever you are! Especially to you bb
textdetox@01907546324b0330d2d8b7669648cc18823323e5/en/002420	en	0	Hey no matter the religion this type of behaviour isnt ok and shouldn't be tolerated  URL
textdetox@01907546324b0330d2d8b7669648cc18823323e5/en/002421	en	0	Very race specific looks like. Nice gesture,but it would be a great gesture if it included struggling white students as well. Not impressed.
textdetox@01907546324b0330d2d8b7669648cc18823323e5/en/002422	en	0	I seriously would not change being West Indian. We have the MOST vibes.
textdetox@01907546324b0330d2d8b7669648cc18823323e5/en/002423	en	0	trans gamers are truly the most oppressed minority  trans gamers rise up
textdetox@01907546324b0330d2d8b7669648cc18823323e5/en/002424	en	0	"I feel not bi enough.. dealing with it right now as everyone is all ""happy pride month"" and I'm just like.. normal feeling."
textdetox@01907546324b0330d2d8b7669648cc18823323e5/en/002425	en	0	Police enter a black woman's home with out permission... URL
textdetox@01907546324b0330d2d8b7669648cc18823323e5/en/002426	en	0	 Kya pagal aurat hai,the whole nation is celebrating.
textdetox@01907546324b0330d2d8b7669648cc18823323e5/en/002427	en	0	I'm an Asian American born in US. Those 4 don't represent me.
textdetox@01907546324b0330d2d8b7669648cc18823323e5/en/002428	en	0	A lot of heritages have their own traditions even still in the US you can generally retain a part of your heritage.
textdetox@01907546324b0330d2d8b7669648cc18823323e5/en/002429	en	0	The use of Depleted Uranium by the US in Iraq. URL
textdetox@01907546324b0330d2d8b7669648cc18823323e5/en/002430	en	0	 I second this statement. They don't, if they are not minorities, be it a minority as a skin color, race, religion or gender.
textdetox@01907546324b0330d2d8b7669648cc18823323e5/en/002431	en	0	TYT: we need to hold the mainstream media accountable Also TYT: trans women have the right to choose! it's body it's choice
textdetox@01907546324b0330d2d8b7669648cc18823323e5/en/002432	en	0	some people are surprised i speak spanish . can i be white?
textdetox@01907546324b0330d2d8b7669648cc18823323e5/en/002433	en	0	Latina with a Masters! We're underrepresented in my field at this level. We gotta change that.
textdetox@01907546324b0330d2d8b7669648cc18823323e5/en/002434	en	0	+James Jones yeah African Americans
textdetox@01907546324b0330d2d8b7669648cc18823323e5/en/002435	en	0	As a straight guy, I agree. Although Alicia Vikander in the movies would give her a run for her money.
textdetox@01907546324b0330d2d8b7669648cc18823323e5/en/002436	en	0	The only people that should talk about color are the artists that try to capture each of their perfect beauty! URL
textdetox@01907546324b0330d2d8b7669648cc18823323e5/en/002437	en	0	How to reach into my screen and squeeze his cheeks URL
textdetox@01907546324b0330d2d8b7669648cc18823323e5/en/002438	en	0	Our forefathers were and still is praying  for our and their country
textdetox@01907546324b0330d2d8b7669648cc18823323e5/en/002439	en	0	Heidi Przybyla is the perfect woman.
textdetox@01907546324b0330d2d8b7669648cc18823323e5/en/002440	en	0	Incredible! Goth-y asian chicks rock!
textdetox@01907546324b0330d2d8b7669648cc18823323e5/en/002441	en	0	I am very proud of these ladies they were standing up and saying what is right
textdetox@01907546324b0330d2d8b7669648cc18823323e5/en/002442	en	0	Eid Mubarak brother! Inshallah this Ramadan was as uplifting for you as it was for me
textdetox@01907546324b0330d2d8b7669648cc18823323e5/en/002443	en	0	What does the parody of the queer community acronym have to do with the color purple?
textdetox@01907546324b0330d2d8b7669648cc18823323e5/en/002444	en	0	are y'all part of the lgbt community? rt for yes like for no
textdetox@01907546324b0330d2d8b7669648cc18823323e5/en/002445	en	0	i love you will smith you are smart fan1# MEXICAN
textdetox@01907546324b0330d2d8b7669648cc18823323e5/en/002446	en	0	Ruhi singh is an indian actress
textdetox@01907546324b0330d2d8b7669648cc18823323e5/en/002447	en	0	Smart men know you protect women.
textdetox@01907546324b0330d2d8b7669648cc18823323e5/en/002448	en	0	but most of your viewers are incels rogan
textdetox@01907546324b0330d2d8b7669648cc18823323e5/en/002449	en	0	Singer looks stunning  & her divine voice  simple magical !! Hyderabad people had a fantastic evening. URL
textdetox@01907546324b0330d2d8b7669648cc18823323e5/en/002450	en	0	Somali girls reminding everyone they created hijabi fashion djjd URL
textdetox@01907546324b0330d2d8b7669648cc18823323e5/en/002451	en	0	Winston Churchill: We Shall Never Surrender URL
textdetox@01907546324b0330d2d8b7669648cc18823323e5/en/002452	en	0	Give these people anything they need and stop sending money to Palestine and support the President when he wants to end wars.
textdetox@01907546324b0330d2d8b7669648cc18823323e5/en/002453	en	0	This guy made his turban rainbow for Pride and it's everything  URL
textdetox@01907546324b0330d2d8b7669648cc18823323e5/en/002454	en	0	It's not Hatari's fault that Israel can't handle it. Palestine is a country with a flag. What's wrong with waving it?
textdetox@01907546324b0330d2d8b7669648cc18823323e5/en/002455	en	0	Interesting video, she is one sexy lady
textdetox@01907546324b0330d2d8b7669648cc18823323e5/en/002456	en	0	ما الذي يمنعك من أن تكون مسلماً؟ What prevents you from being a Muslim? URL
textdetox@01907546324b0330d2d8b7669648cc18823323e5/en/002457	en	0	Yes! I am living for more trans inclusivity in the classical arts!
textdetox@01907546324b0330d2d8b7669648cc18823323e5/en/002458	en	0	SPORTS WORLD-CWC 2019 -DEDICATION & PERSEVERANCE :: India's Jasprit Bumrah has bowled most maiden overs in World Cup 2019 URL
textdetox@01907546324b0330d2d8b7669648cc18823323e5/en/002459	en	0	s Sisi reaffirms role of discourse in confronting URL URL
textdetox@01907546324b0330d2d8b7669648cc18823323e5/en/002460	en	0	South Korea will ease the Visa Application for Filipinos URL
textdetox@01907546324b0330d2d8b7669648cc18823323e5/en/002461	en	0	Texas companies say they support LGBT rights. So where are they on the Equality Act? [Opinion] URL
textdetox@01907546324b0330d2d8b7669648cc18823323e5/en/002462	en	0	Imran Khan in hot water for 'insult' to King Salman bin Abdulaziz of Saudi Arabia, here's what happened URL
textdetox@01907546324b0330d2d8b7669648cc18823323e5/en/002463	en	0	love boys boys r cute
textdetox@01907546324b0330d2d8b7669648cc18823323e5/en/002464	en	0	"Isn't it actually sort of a myth, the ""Uneducated & poor terrorist?"""
textdetox@01907546324b0330d2d8b7669648cc18823323e5/en/002465	en	0	Being kind to others, it's really not that difficult URL
textdetox@01907546324b0330d2d8b7669648cc18823323e5/en/002466	en	0	Nigga fade cool you can't even lie
textdetox@01907546324b0330d2d8b7669648cc18823323e5/en/002467	en	0	You're taking a small part of social justice you don't like and claim that's all it is. Equal opportunity is also social justice.
textdetox@01907546324b0330d2d8b7669648cc18823323e5/en/002468	en	0	The best performance in India by a SENA bowler
textdetox@01907546324b0330d2d8b7669648cc18823323e5/en/002469	en	0	You will be hated by some people for being a Muslim, but in the end you will be accepted by Allah.
textdetox@01907546324b0330d2d8b7669648cc18823323e5/en/002470	en	0	This is what I love seeing. A true feminist. Love and respect to you!!
textdetox@01907546324b0330d2d8b7669648cc18823323e5/en/002471	en	0	She's not Gypsy, she's Aromanian / Vlach
textdetox@01907546324b0330d2d8b7669648cc18823323e5/en/002472	en	0	Black hair chen nation Let's go winning team URL
textdetox@01907546324b0330d2d8b7669648cc18823323e5/en/002473	en	0	Liberal Mob Forms Human Chain to Prevent ICE From Detaining Illegal Immigrant in Tennessee URL
textdetox@01907546324b0330d2d8b7669648cc18823323e5/en/002474	en	0	Cause Eid can be a secular holiday me and my Exmuslim mates do celebrate Eid together.
textdetox@01907546324b0330d2d8b7669648cc18823323e5/en/002475	en	0	We're very happy to announce Jody Wilson-Raybould - Puglaas at Feminists Deliver on Thursday, June 6th at 1 pm. URL
textdetox@01907546324b0330d2d8b7669648cc18823323e5/en/002476	en	0	Amazing job again. Thank Trump for putting the USA first!
textdetox@01907546324b0330d2d8b7669648cc18823323e5/en/002477	en	0	Yoongi exactly 4 years ago today! BTS URL
textdetox@01907546324b0330d2d8b7669648cc18823323e5/en/002478	en	0	Transgender people are beautiful and important. They deserve respect and love, just like the rest of us. 
textdetox@01907546324b0330d2d8b7669648cc18823323e5/en/002479	en	0	Time to get your DNA tested and discover everyone is an Immigrant.
textdetox@01907546324b0330d2d8b7669648cc18823323e5/en/002480	en	0	"Hazrat Mirza Masroor Ahmad ""Focus on those things that unite them"" "
textdetox@01907546324b0330d2d8b7669648cc18823323e5/en/002481	en	0	We need Malis as an actress for malaysian romance movie. URL
textdetox@01907546324b0330d2d8b7669648cc18823323e5/en/002482	en	0	"Today Pujya Sadhvi Pragya Singh ji gave ""Vivekanand Sahitya""with her blessings to IIT students . URL"
textdetox@01907546324b0330d2d8b7669648cc18823323e5/en/002483	en	0	Yep. Glorifying God. As stated in their letter. But it is from the Choir
textdetox@01907546324b0330d2d8b7669648cc18823323e5/en/002484	en	0	Anderson become the third world sweet heart
textdetox@01907546324b0330d2d8b7669648cc18823323e5/en/002485	en	0	Dahir Well done. I love your spirit and determination. Somalia needs people like you I wish you all the best.
textdetox@01907546324b0330d2d8b7669648cc18823323e5/en/002486	en	0	Her reaction when he kisses her cheek.  URL
textdetox@01907546324b0330d2d8b7669648cc18823323e5/en/002487	en	0	Great Raya message from Tun M. Need transcript.. URL
textdetox@01907546324b0330d2d8b7669648cc18823323e5/en/002488	en	0	"Why do you call woman ""things""? By doing so you are smuggling in the idea deep dehumanization. It's just US. Male and female."
textdetox@01907546324b0330d2d8b7669648cc18823323e5/en/002489	en	0	If Adam and Eve had children.... And those children had more children together... Doesn't that make us all imbred?
textdetox@01907546324b0330d2d8b7669648cc18823323e5/en/002490	en	0	this guy should have been raised by my mom she would teach him how to respect people lmao URL
textdetox@01907546324b0330d2d8b7669648cc18823323e5/en/002491	en	0	eid mubbrakh to my all muslims brothers and sisters and all muslims in over the world
textdetox@01907546324b0330d2d8b7669648cc18823323e5/en/002492	en	0	Think about the positive. We won't have to deal with such low iq evil after Jesus comes once again.
textdetox@01907546324b0330d2d8b7669648cc18823323e5/en/002493	en	0	Flee to Allah alone URL
textdetox@01907546324b0330d2d8b7669648cc18823323e5/en/002494	en	0	slim waist, pretty face, and she don't fw hoes. URL
textdetox@01907546324b0330d2d8b7669648cc18823323e5/en/002495	en	0	The West should do this to our diplomats that way we'd get things done
textdetox@01907546324b0330d2d8b7669648cc18823323e5/en/002496	en	0	As a guy, I love this sub.
textdetox@01907546324b0330d2d8b7669648cc18823323e5/en/002497	en	0	The Hezbollah Sleeper Agent Busted for Black Ops in America URL via
textdetox@01907546324b0330d2d8b7669648cc18823323e5/en/002498	en	0	The question is why the citizenship census was removed by the Obama's administration.
textdetox@01907546324b0330d2d8b7669648cc18823323e5/en/002499	en	0	I'm bi. And a good listener if you need a friend
textdetox@01907546324b0330d2d8b7669648cc18823323e5/en/002500	en	1	Her cunt doubles as a spitoon
textdetox@01907546324b0330d2d8b7669648cc18823323e5/en/002501	en	1	Any man who does that got to castrated, he doesn't deserve to enjoy sex
textdetox@01907546324b0330d2d8b7669648cc18823323e5/en/002502	en	1	This made me tear up, so sad that another nutcase went wild what is wrong with these people
textdetox@01907546324b0330d2d8b7669648cc18823323e5/en/002503	en	1	Two dicks in your pussy at the same time?!
textdetox@01907546324b0330d2d8b7669648cc18823323e5/en/002504	en	1	Nasty, she's a nigger fucker: URL
textdetox@01907546324b0330d2d8b7669648cc18823323e5/en/002505	en	1	Just another useless Beta male shooting up the public.
textdetox@01907546324b0330d2d8b7669648cc18823323e5/en/002506	en	1	Females are stupid dumb and ready to do anything for fucking clout
textdetox@01907546324b0330d2d8b7669648cc18823323e5/en/002507	en	1	I would, then fucking wreck that chick.
textdetox@01907546324b0330d2d8b7669648cc18823323e5/en/002508	en	1	Americans could too if they were such giant pussies.
textdetox@01907546324b0330d2d8b7669648cc18823323e5/en/002509	en	1	Why are you defending murderers you fucking white nationalist freak?
textdetox@01907546324b0330d2d8b7669648cc18823323e5/en/002510	en	1	Maybe just don't be such a faggot pussy and you'd get there.
textdetox@01907546324b0330d2d8b7669648cc18823323e5/en/002511	en	1	good cry cause ur bitch ass won't be shit ever
textdetox@01907546324b0330d2d8b7669648cc18823323e5/en/002512	en	1	One more of those crazy minds living on the pocket of brain washed, mentally unstable people called followers.
textdetox@01907546324b0330d2d8b7669648cc18823323e5/en/002513	en	1	The pussy that gave birth to u is a trash
textdetox@01907546324b0330d2d8b7669648cc18823323e5/en/002514	en	1	Build The Wall Deport Them All.
textdetox@01907546324b0330d2d8b7669648cc18823323e5/en/002515	en	1	Bitch u a pussy and that's why yo bitch was on my dick
textdetox@01907546324b0330d2d8b7669648cc18823323e5/en/002516	en	1	Please remove this islamic muslim terrorist plant from Our government and Deport URL
textdetox@01907546324b0330d2d8b7669648cc18823323e5/en/002517	en	1	U wanna kick Army out of GB try ur best Indian cunt.
textdetox@01907546324b0330d2d8b7669648cc18823323e5/en/002518	en	1	Most annoying and unattractive woman ever.
textdetox@01907546324b0330d2d8b7669648cc18823323e5/en/002519	en	1	She needs a real dick to stretch her out
textdetox@01907546324b0330d2d8b7669648cc18823323e5/en/002520	en	1	we're two against one dumbass hoe
textdetox@01907546324b0330d2d8b7669648cc18823323e5/en/002521	en	1	I can't believe this faggot replied to you
textdetox@01907546324b0330d2d8b7669648cc18823323e5/en/002522	en	1	She's the epitome of dumb blonde cunt whore.
textdetox@01907546324b0330d2d8b7669648cc18823323e5/en/002523	en	1	Bitches have a baby and act like they never ate pussy b4 carpet muncher
textdetox@01907546324b0330d2d8b7669648cc18823323e5/en/002524	en	1	You're all racist against white people you fucking commies
textdetox@01907546324b0330d2d8b7669648cc18823323e5/en/002525	en	1	I would totally fuck your wife
textdetox@01907546324b0330d2d8b7669648cc18823323e5/en/002526	en	1	Inbred, sister fucking low IQ murderous stains on humanity.
textdetox@01907546324b0330d2d8b7669648cc18823323e5/en/002527	en	1	Get a load of this nigger.
textdetox@01907546324b0330d2d8b7669648cc18823323e5/en/002528	en	1	Lol because must of em are lgbt States u homosexuals getting your wake up call by god
textdetox@01907546324b0330d2d8b7669648cc18823323e5/en/002529	en	1	U know dem fuck niggas hate.
textdetox@01907546324b0330d2d8b7669648cc18823323e5/en/002530	en	1	FUCK HER RIGHT IN DA PUSSY
textdetox@01907546324b0330d2d8b7669648cc18823323e5/en/002531	en	1	Gays don't go to heaven
textdetox@01907546324b0330d2d8b7669648cc18823323e5/en/002532	en	1	Me givin my nigga away for 80 mil #WhatIfnetflix URL
textdetox@01907546324b0330d2d8b7669648cc18823323e5/en/002533	en	1	Send Melania back to the shit hole country she's from.
textdetox@01907546324b0330d2d8b7669648cc18823323e5/en/002534	en	1	unix nerd thot and transsexual porn thot are drips of the same bitch cum leaking out the same ass pussy
textdetox@01907546324b0330d2d8b7669648cc18823323e5/en/002535	en	1	Bitches find an illiterate man with anger issues &amp; a gun &amp; call him a hood nigga lmao URL
textdetox@01907546324b0330d2d8b7669648cc18823323e5/en/002536	en	1	I would really love to cock pummel her like crazy, and I bet her pussy is incredibly tight.
textdetox@01907546324b0330d2d8b7669648cc18823323e5/en/002537	en	1	Send all illegal aliens back to their own planet.
textdetox@01907546324b0330d2d8b7669648cc18823323e5/en/002538	en	1	I hate dumb niggas who can't drive, nigga really hit my car and tried to blame me.
textdetox@01907546324b0330d2d8b7669648cc18823323e5/en/002539	en	1	I wished you dumb bitches would stop speaking on shit you know nothing about!
textdetox@01907546324b0330d2d8b7669648cc18823323e5/en/002540	en	1	Latest dumbass, race baiting Tweet from the shaved scrotum!
textdetox@01907546324b0330d2d8b7669648cc18823323e5/en/002541	en	1	These people are cucks who jerk off to traps.
textdetox@01907546324b0330d2d8b7669648cc18823323e5/en/002542	en	1	Bitchs stay running they mouth LMAO y'all look so stupid
textdetox@01907546324b0330d2d8b7669648cc18823323e5/en/002543	en	1	Better to be an Ottoman revivalist than a Nazi Kurd.
textdetox@01907546324b0330d2d8b7669648cc18823323e5/en/002544	en	1	Another fake ass Christian piece of shit.
textdetox@01907546324b0330d2d8b7669648cc18823323e5/en/002545	en	1	You niggas are really some fucking LOSERS it's sickening URL
textdetox@01907546324b0330d2d8b7669648cc18823323e5/en/002546	en	1	This just proves that Africans are morons
textdetox@01907546324b0330d2d8b7669648cc18823323e5/en/002547	en	1	You murdered God's son Jesus, you'll kill us all if you had the chance Zionist.
textdetox@01907546324b0330d2d8b7669648cc18823323e5/en/002548	en	1	another bitch will when another bitch can't
textdetox@01907546324b0330d2d8b7669648cc18823323e5/en/002549	en	1	Shot out too all the active woman during sex y'all starfish ass hoes boring
textdetox@01907546324b0330d2d8b7669648cc18823323e5/en/002550	en	1	All niggas do is cheat on they bitch and take her out of town afterwards smh
textdetox@01907546324b0330d2d8b7669648cc18823323e5/en/002551	en	1	-karma hunting tiny dicked little bitch
textdetox@01907546324b0330d2d8b7669648cc18823323e5/en/002552	en	1	I AM GOD THIS WOMAN SHOULD KILL HERSELF.
textdetox@01907546324b0330d2d8b7669648cc18823323e5/en/002553	en	1	Suck a dick you edgelord cunt wagon
textdetox@01907546324b0330d2d8b7669648cc18823323e5/en/002554	en	1	Dane Jones Hot teen with plump bum fucks her older lovers fat cock URL
textdetox@01907546324b0330d2d8b7669648cc18823323e5/en/002555	en	1	fuck the feminists get ya fucken rat out
textdetox@01907546324b0330d2d8b7669648cc18823323e5/en/002556	en	1	real bitch go hard for they nigga
textdetox@01907546324b0330d2d8b7669648cc18823323e5/en/002557	en	1	When you contry is so shitty that even refugees don't want come
textdetox@01907546324b0330d2d8b7669648cc18823323e5/en/002558	en	1	She should get hit by a fucking door
textdetox@01907546324b0330d2d8b7669648cc18823323e5/en/002559	en	1	She's an ungrateful moron who comes to a country that is blessed by God of Israel
textdetox@01907546324b0330d2d8b7669648cc18823323e5/en/002560	en	1	you can get shot as well as that monkey, you filthy racist bitch
textdetox@01907546324b0330d2d8b7669648cc18823323e5/en/002561	en	1	Don't let this white boy boil up cause if he does all y'all niggas are doomed lol
textdetox@01907546324b0330d2d8b7669648cc18823323e5/en/002562	en	1	Why can't she rude dick like that?
textdetox@01907546324b0330d2d8b7669648cc18823323e5/en/002563	en	1	All we get is wack ass videos with no moaning
textdetox@01907546324b0330d2d8b7669648cc18823323e5/en/002564	en	1	Niggas be soooo mad because your parents support you sad.
textdetox@01907546324b0330d2d8b7669648cc18823323e5/en/002565	en	1	Any girl letting ac eat their pussy needs to be put down
textdetox@01907546324b0330d2d8b7669648cc18823323e5/en/002566	en	1	I would beat that Mexican pussy up
textdetox@01907546324b0330d2d8b7669648cc18823323e5/en/002567	en	1	dafttool Shut up, you decrepit little phaggot.
textdetox@01907546324b0330d2d8b7669648cc18823323e5/en/002568	en	1	Imagine being the parents of that degenerate
textdetox@01907546324b0330d2d8b7669648cc18823323e5/en/002569	en	1	go rape yourself you cause a lot of violence
textdetox@01907546324b0330d2d8b7669648cc18823323e5/en/002570	en	1	Pussy, should have punched that bitch in the face.
textdetox@01907546324b0330d2d8b7669648cc18823323e5/en/002571	en	1	Cock of duty: modern gay fuck stupid.
textdetox@01907546324b0330d2d8b7669648cc18823323e5/en/002572	en	1	DRob schooling these Mormons, or should I say morons
textdetox@01907546324b0330d2d8b7669648cc18823323e5/en/002573	en	1	Lil bitch got that dick rearranging her guts URL
textdetox@01907546324b0330d2d8b7669648cc18823323e5/en/002574	en	1	Well she's bout to get fucked, long dick style.
textdetox@01907546324b0330d2d8b7669648cc18823323e5/en/002575	en	1	Fuck shit pussy ass mother fucking damn bitch
textdetox@01907546324b0330d2d8b7669648cc18823323e5/en/002576	en	1	Yeah well fuck those lesbian niggers.
textdetox@01907546324b0330d2d8b7669648cc18823323e5/en/002577	en	1	"Bringing back the term ""faggot"" rather spectacularly aren't you?"
textdetox@01907546324b0330d2d8b7669648cc18823323e5/en/002578	en	1	Santiago choke on a dick faggot
textdetox@01907546324b0330d2d8b7669648cc18823323e5/en/002579	en	1	Shut your bitch ass up pussy
textdetox@01907546324b0330d2d8b7669648cc18823323e5/en/002580	en	1	controlling bitchI would dump her ass so fast.
textdetox@01907546324b0330d2d8b7669648cc18823323e5/en/002581	en	1	Lame ass niggas cant run 1on1's cuz they pussy
textdetox@01907546324b0330d2d8b7669648cc18823323e5/en/002582	en	1	Stay depressed you racist, karma whoring fuck
textdetox@01907546324b0330d2d8b7669648cc18823323e5/en/002583	en	1	Stick my dick in a big bitch
textdetox@01907546324b0330d2d8b7669648cc18823323e5/en/002584	en	1	Ahmed Hashem fuck Gaza you stupid Muslim
textdetox@01907546324b0330d2d8b7669648cc18823323e5/en/002585	en	1	Maybe if all these toxic men would stop raping little girls, we never would be here.
textdetox@01907546324b0330d2d8b7669648cc18823323e5/en/002586	en	1	Lachy you don't have a dick suck a fat one
textdetox@01907546324b0330d2d8b7669648cc18823323e5/en/002587	en	1	cute and fuck bitch face fuck her three holes spank her ass
textdetox@01907546324b0330d2d8b7669648cc18823323e5/en/002588	en	1	So in what country did you kill and rape innocent people?
textdetox@01907546324b0330d2d8b7669648cc18823323e5/en/002589	en	1	Bring your son to the pastor, I'm sure he will fuck the gay outta him.
textdetox@01907546324b0330d2d8b7669648cc18823323e5/en/002590	en	1	At least I'm not a goddamn anti-theistic delusional SJW neo-Jacobin.
textdetox@01907546324b0330d2d8b7669648cc18823323e5/en/002591	en	1	I don't want to see anymore bitches on my tl fucking and sucking on cucumbers
textdetox@01907546324b0330d2d8b7669648cc18823323e5/en/002592	en	1	This shit has to be ironic, I know feminists are dumb, but they can't be this dumb
textdetox@01907546324b0330d2d8b7669648cc18823323e5/en/002593	en	1	People like that don't deserve to be American!
textdetox@01907546324b0330d2d8b7669648cc18823323e5/en/002594	en	1	They need to be thrown under the jail!
textdetox@01907546324b0330d2d8b7669648cc18823323e5/en/002595	en	1	I smoke crack bitch watch your tongue
textdetox@01907546324b0330d2d8b7669648cc18823323e5/en/002596	en	1	Like that's a grown ass man niggas so different
textdetox@01907546324b0330d2d8b7669648cc18823323e5/en/002597	en	1	He's not a basketball player Lmaoo buthurt ass nigga
textdetox@01907546324b0330d2d8b7669648cc18823323e5/en/002598	en	1	Ion fw these niggas or bitches they b faking
textdetox@01907546324b0330d2d8b7669648cc18823323e5/en/002599	en	1	this hoe looking girl is retarded
textdetox@01907546324b0330d2d8b7669648cc18823323e5/en/002600	en	1	You can only fuck Hitler in the ass if you're in hell.
textdetox@01907546324b0330d2d8b7669648cc18823323e5/en/002601	en	1	You won't fuck me the next bitch will
textdetox@01907546324b0330d2d8b7669648cc18823323e5/en/002602	en	1	that fag is gonna cut hit hand off soon
textdetox@01907546324b0330d2d8b7669648cc18823323e5/en/002603	en	1	Who's the fag on the left?
textdetox@01907546324b0330d2d8b7669648cc18823323e5/en/002604	en	1	Just kidding, I don't give a shit.
textdetox@01907546324b0330d2d8b7669648cc18823323e5/en/002605	en	1	niggas disgust me, &amp; you bitches irritate me.
textdetox@01907546324b0330d2d8b7669648cc18823323e5/en/002606	en	1	All you niggas can suck my dick
textdetox@01907546324b0330d2d8b7669648cc18823323e5/en/002607	en	1	Hoes Always Swear They Nigga Dont Want You But When You Pull Out Them Recipes That Shit Hit Different
textdetox@01907546324b0330d2d8b7669648cc18823323e5/en/002608	en	1	In area 51 are only black aliens as slaves.
textdetox@01907546324b0330d2d8b7669648cc18823323e5/en/002609	en	1	My blood boils whenever I see whores trying to act like chaste women.
textdetox@01907546324b0330d2d8b7669648cc18823323e5/en/002610	en	1	Paedophilia rape and abuse are sins too don't see ye protesting about that .
textdetox@01907546324b0330d2d8b7669648cc18823323e5/en/002611	en	1	I bet you can go fuck yourself cunt
textdetox@01907546324b0330d2d8b7669648cc18823323e5/en/002612	en	1	Somebody gotta start beating these niggas up
textdetox@01907546324b0330d2d8b7669648cc18823323e5/en/002613	en	1	DONKEY DONKEY DRAYMOND DRAKE HATES YOU DRAYMOND DRAKE HATES YOU
textdetox@01907546324b0330d2d8b7669648cc18823323e5/en/002614	en	1	She fucks 5 people a day.
textdetox@01907546324b0330d2d8b7669648cc18823323e5/en/002615	en	1	Masson's slut licking Muslim ass to turn them into terrorism after
textdetox@01907546324b0330d2d8b7669648cc18823323e5/en/002616	en	1	Who cares what her tits look like if i stick it in her south pole.
textdetox@01907546324b0330d2d8b7669648cc18823323e5/en/002617	en	1	You avoid our pretty black girl's and selected a stupid white girl what a pity
textdetox@01907546324b0330d2d8b7669648cc18823323e5/en/002618	en	1	I hope she got an abortion.
textdetox@01907546324b0330d2d8b7669648cc18823323e5/en/002619	en	1	Kicked her so hard in the tits they stayed sowllen
textdetox@01907546324b0330d2d8b7669648cc18823323e5/en/002620	en	1	should be eliminated from our country .
textdetox@01907546324b0330d2d8b7669648cc18823323e5/en/002621	en	1	we'll see who the bitch is on july 23, faggot
textdetox@01907546324b0330d2d8b7669648cc18823323e5/en/002622	en	1	How about take your trophies and choke on em Soy Fag
textdetox@01907546324b0330d2d8b7669648cc18823323e5/en/002623	en	1	maybe he does drag because I know a moron like this ain't getting NO pussy action
textdetox@01907546324b0330d2d8b7669648cc18823323e5/en/002624	en	1	come suck my sweaty dick URL
textdetox@01907546324b0330d2d8b7669648cc18823323e5/en/002625	en	1	Bitch don't ever come for me can't stand a disrespectful ass mf URL
textdetox@01907546324b0330d2d8b7669648cc18823323e5/en/002626	en	1	They deserve this poverty, they sound like inhumane pieces of shit over there
textdetox@01907546324b0330d2d8b7669648cc18823323e5/en/002627	en	1	Racist ass rodent xenophobic whores URL
textdetox@01907546324b0330d2d8b7669648cc18823323e5/en/002628	en	1	Niggas to grown to be acting like some bitches
textdetox@01907546324b0330d2d8b7669648cc18823323e5/en/002629	en	1	I'd love to see Anna Nyström take dick up her tight ass.
textdetox@01907546324b0330d2d8b7669648cc18823323e5/en/002630	en	1	Hahahahaha get exposed you autistic degenerate
textdetox@01907546324b0330d2d8b7669648cc18823323e5/en/002631	en	1	Yeh because now we live in the generation of delicate men who can't take a real woman pussy
textdetox@01907546324b0330d2d8b7669648cc18823323e5/en/002632	en	1	How saggy are ur fuckin tits that theyre at ur fuckin hips?!?!?
textdetox@01907546324b0330d2d8b7669648cc18823323e5/en/002633	en	1	Ten bucks says black people start looting.
textdetox@01907546324b0330d2d8b7669648cc18823323e5/en/002634	en	1	Move your pathetic asses to Mexico then leave assholes
textdetox@01907546324b0330d2d8b7669648cc18823323e5/en/002635	en	1	What a hot little fuck puppet she is!
textdetox@01907546324b0330d2d8b7669648cc18823323e5/en/002636	en	1	Would fuck her in the ass all night long!
textdetox@01907546324b0330d2d8b7669648cc18823323e5/en/002637	en	1	Must be that her personality sucks or she's too annoying to fuck because she's pretty hot.
textdetox@01907546324b0330d2d8b7669648cc18823323e5/en/002638	en	1	y'all are anti-black, stupid and deranged.
textdetox@01907546324b0330d2d8b7669648cc18823323e5/en/002639	en	1	Bitches will hate you over your nigga
textdetox@01907546324b0330d2d8b7669648cc18823323e5/en/002640	en	1	all white people are the devil!
textdetox@01907546324b0330d2d8b7669648cc18823323e5/en/002641	en	1	Stupid bitch is ugly inside as well as out
textdetox@01907546324b0330d2d8b7669648cc18823323e5/en/002642	en	1	You're a fake ass bitch, i don't fucking like you and you shouldn't even be here
textdetox@01907546324b0330d2d8b7669648cc18823323e5/en/002643	en	1	God damn, the fucking retards on 4chan usually don't get to me, but fuck.
textdetox@01907546324b0330d2d8b7669648cc18823323e5/en/002644	en	1	I would slap my dick across her face and then shove my cock into her mouth.
textdetox@01907546324b0330d2d8b7669648cc18823323e5/en/002645	en	1	Guys who do this are stupid and disgusting.
textdetox@01907546324b0330d2d8b7669648cc18823323e5/en/002646	en	1	O Asshole, leave this country and should be kicked your ass to Afghanistan or India you MC
textdetox@01907546324b0330d2d8b7669648cc18823323e5/en/002647	en	1	We love little fags like you who think they'll make a difference.
textdetox@01907546324b0330d2d8b7669648cc18823323e5/en/002648	en	1	Fag exposed #Fag #fagexposed #faggots URL
textdetox@01907546324b0330d2d8b7669648cc18823323e5/en/002649	en	1	this nigga a anime character URL
textdetox@01907546324b0330d2d8b7669648cc18823323e5/en/002650	en	1	Wish that old dude knocked them the fuck out
textdetox@01907546324b0330d2d8b7669648cc18823323e5/en/002651	en	1	So that's why there are so many retards on earth
textdetox@01907546324b0330d2d8b7669648cc18823323e5/en/002652	en	1	*dumb whore with a fat arse Shame.
textdetox@01907546324b0330d2d8b7669648cc18823323e5/en/002653	en	1	N fuck dat bitch dat hoe ain't shit she crossed da line wimme too
textdetox@01907546324b0330d2d8b7669648cc18823323e5/en/002654	en	1	Deport all blacks ,Muslims ,gays and liberals ,, everything will be ok forever
textdetox@01907546324b0330d2d8b7669648cc18823323e5/en/002655	en	1	"And na them they rape ""marry"" small pikin in the name of the same religion fucking idiot"
textdetox@01907546324b0330d2d8b7669648cc18823323e5/en/002656	en	1	Fuck the shit out of her
textdetox@01907546324b0330d2d8b7669648cc18823323e5/en/002657	en	1	I had to step on these niggas necks
textdetox@01907546324b0330d2d8b7669648cc18823323e5/en/002658	en	1	Man it must suck to suck.
textdetox@01907546324b0330d2d8b7669648cc18823323e5/en/002659	en	1	Have fun being a virgin for the rest of your life.
textdetox@01907546324b0330d2d8b7669648cc18823323e5/en/002660	en	1	Oh god not this fucking cancerous shitposting fake feminist again.
textdetox@01907546324b0330d2d8b7669648cc18823323e5/en/002661	en	1	That woman needs her ass beaten.
textdetox@01907546324b0330d2d8b7669648cc18823323e5/en/002662	en	1	They fuck homeless people like they fuck children.
textdetox@01907546324b0330d2d8b7669648cc18823323e5/en/002663	en	1	&gt;mabie all the faggot cock he took streched his asshole out Hey op stop making fun of me
textdetox@01907546324b0330d2d8b7669648cc18823323e5/en/002664	en	1	Black football players are the most overrated thugs in all of sports!
textdetox@01907546324b0330d2d8b7669648cc18823323e5/en/002665	en	1	Any man that gets horny or uncomfortable from me breastfeeding my baby is a pedophile #ISaidWhatISaid
textdetox@01907546324b0330d2d8b7669648cc18823323e5/en/002666	en	1	I know i say im a horndog but fuck at least i have control of my hormones
textdetox@01907546324b0330d2d8b7669648cc18823323e5/en/002667	en	1	Ugly ass girl, bruh lookin like a giraffe penis
textdetox@01907546324b0330d2d8b7669648cc18823323e5/en/002668	en	1	​+Large Marche Yeah, ya stupid fascist.
textdetox@01907546324b0330d2d8b7669648cc18823323e5/en/002669	en	1	This nigga is still in the league?
textdetox@01907546324b0330d2d8b7669648cc18823323e5/en/002670	en	1	All u hve is fuckboys on ur interveiws
textdetox@01907546324b0330d2d8b7669648cc18823323e5/en/002671	en	1	Join my onlyfans to see how I play with my pussy
textdetox@01907546324b0330d2d8b7669648cc18823323e5/en/002672	en	1	I would love to cum over and fuck you.
textdetox@01907546324b0330d2d8b7669648cc18823323e5/en/002673	en	1	Bitches be fake boujie on social social lol.
textdetox@01907546324b0330d2d8b7669648cc18823323e5/en/002674	en	1	They don't even be on shit in real life lmao
textdetox@01907546324b0330d2d8b7669648cc18823323e5/en/002675	en	1	tyga is a fAG and his weak lyrics
textdetox@01907546324b0330d2d8b7669648cc18823323e5/en/002676	en	1	Why is this country so fucking dumb?
textdetox@01907546324b0330d2d8b7669648cc18823323e5/en/002677	en	1	Fuck each and every one of y'all messy ass hoes, sincerely
textdetox@01907546324b0330d2d8b7669648cc18823323e5/en/002678	en	1	i wanna pump 90 quadrillion loads into that disgusting lookin euro trash HIV asshole
textdetox@01907546324b0330d2d8b7669648cc18823323e5/en/002679	en	1	Too many homos in the bible belt
textdetox@01907546324b0330d2d8b7669648cc18823323e5/en/002680	en	1	Send that brother f*cker back to her shithole country!
textdetox@01907546324b0330d2d8b7669648cc18823323e5/en/002681	en	1	bomb them and invade them like we did to IRAQ
textdetox@01907546324b0330d2d8b7669648cc18823323e5/en/002682	en	1	That's why women be fat as fuck these days
textdetox@01907546324b0330d2d8b7669648cc18823323e5/en/002683	en	1	Imagine not eating pork because some pedo fag that died 2000 years ago said something about pigs one time
textdetox@01907546324b0330d2d8b7669648cc18823323e5/en/002684	en	1	Because you have a small dick and cant satisfy her
textdetox@01907546324b0330d2d8b7669648cc18823323e5/en/002685	en	1	Eat [this](URL too along with your pile of halal shit
textdetox@01907546324b0330d2d8b7669648cc18823323e5/en/002686	en	1	Private school douche bag who never really stopped 'experimenting' with dick sucking
textdetox@01907546324b0330d2d8b7669648cc18823323e5/en/002687	en	1	She's a fuck toy cock whore who loves sucking dick
textdetox@01907546324b0330d2d8b7669648cc18823323e5/en/002688	en	1	Brown people do the same shit at their country would be labelled as scum polluting their streets
textdetox@01907546324b0330d2d8b7669648cc18823323e5/en/002689	en	1	"The ""shut up women, no one wants to hear from you"" countries."
textdetox@01907546324b0330d2d8b7669648cc18823323e5/en/002690	en	1	Looks like that pussy needs to be filled with my cock while my other friends fuck the rest of you
textdetox@01907546324b0330d2d8b7669648cc18823323e5/en/002691	en	1	Get yote you fucking pedo trash, hope you get locked up in the penitentiary opposite your choice
textdetox@01907546324b0330d2d8b7669648cc18823323e5/en/002692	en	1	niggas don't do shit but feed me lies and I act like a believe em
textdetox@01907546324b0330d2d8b7669648cc18823323e5/en/002693	en	1	I'll talk to myself before I talk to these fake ass hoes
textdetox@01907546324b0330d2d8b7669648cc18823323e5/en/002694	en	1	Real christians use to stone mother fuckers to death so just let that sink in
textdetox@01907546324b0330d2d8b7669648cc18823323e5/en/002695	en	1	Bitch u a dog and ur homegirl too
textdetox@01907546324b0330d2d8b7669648cc18823323e5/en/002696	en	1	Imagine taking this Zionist shithead seriously lol.
textdetox@01907546324b0330d2d8b7669648cc18823323e5/en/002697	en	1	Keep killing each other you warmongering nation.
textdetox@01907546324b0330d2d8b7669648cc18823323e5/en/002698	en	1	I'd bet money your pussy smells like poverty and tears
textdetox@01907546324b0330d2d8b7669648cc18823323e5/en/002699	en	1	She's not good enough for even a horse dick.
textdetox@01907546324b0330d2d8b7669648cc18823323e5/en/002700	en	1	Women like that can fuck off.
textdetox@01907546324b0330d2d8b7669648cc18823323e5/en/002701	en	1	niggas hate to see women win, a mental illness
textdetox@01907546324b0330d2d8b7669648cc18823323e5/en/002702	en	1	I'm glad you guys split up that women is stupid
textdetox@01907546324b0330d2d8b7669648cc18823323e5/en/002703	en	1	Yo this nigga then put me in some fucked some situations fr fuck this nigga fr
textdetox@01907546324b0330d2d8b7669648cc18823323e5/en/002704	en	1	Fuck that nigga that you love so bad URL
textdetox@01907546324b0330d2d8b7669648cc18823323e5/en/002705	en	1	But she's advertising her pussy as better than other girls?
textdetox@01907546324b0330d2d8b7669648cc18823323e5/en/002706	en	1	A whole bunch of WHITE HATEFUCK WHITE PPL, FUCK THE NBA, FUCK THE NFL.
textdetox@01907546324b0330d2d8b7669648cc18823323e5/en/002707	en	1	Islam is a cancer and it needs control.
textdetox@01907546324b0330d2d8b7669648cc18823323e5/en/002708	en	1	The media is fake makes me sick.
textdetox@01907546324b0330d2d8b7669648cc18823323e5/en/002709	en	1	Don't forget to find your soul mate in that nigga he told you stop texting
textdetox@01907546324b0330d2d8b7669648cc18823323e5/en/002710	en	1	We got a race a babies that hate the ladies
textdetox@01907546324b0330d2d8b7669648cc18823323e5/en/002711	en	1	Meh better than being a skank who shouldn't be classified as human
textdetox@01907546324b0330d2d8b7669648cc18823323e5/en/002712	en	1	Hrrrrrr thats bad but that nigger got more life
textdetox@01907546324b0330d2d8b7669648cc18823323e5/en/002713	en	1	If u living without him in your life then u a dead ass Nigga.
textdetox@01907546324b0330d2d8b7669648cc18823323e5/en/002714	en	1	The bitch look lazy and retarded
textdetox@01907546324b0330d2d8b7669648cc18823323e5/en/002715	en	1	Fight the real enemy, they call themselves jews
textdetox@01907546324b0330d2d8b7669648cc18823323e5/en/002716	en	1	I hope your gf finds out &amp; chops your dick off.
textdetox@01907546324b0330d2d8b7669648cc18823323e5/en/002717	en	1	Go the fuck to sleep faggot
textdetox@01907546324b0330d2d8b7669648cc18823323e5/en/002718	en	1	i'm badder then you bitches , oh and fuck you too my sloppy seconds
textdetox@01907546324b0330d2d8b7669648cc18823323e5/en/002719	en	1	Pray tell YR plans to kill Iranians
textdetox@01907546324b0330d2d8b7669648cc18823323e5/en/002720	en	1	bet u wouldn't say that shit in LAN, bich
textdetox@01907546324b0330d2d8b7669648cc18823323e5/en/002721	en	1	Out this bitch, fuck you and those niggas!
textdetox@01907546324b0330d2d8b7669648cc18823323e5/en/002722	en	1	You look like a gay cop who was caught fucking the junior deputies
textdetox@01907546324b0330d2d8b7669648cc18823323e5/en/002723	en	1	Shut the fuck up you brown bitch
textdetox@01907546324b0330d2d8b7669648cc18823323e5/en/002724	en	1	you're a loser, I fuck my sister/girlfriend while my uncle fucks me!
textdetox@01907546324b0330d2d8b7669648cc18823323e5/en/002725	en	1	shes also antisemitic and a terrorist sympathizer
textdetox@01907546324b0330d2d8b7669648cc18823323e5/en/002726	en	1	Call me your ugly wife person you're racist because you're white
textdetox@01907546324b0330d2d8b7669648cc18823323e5/en/002727	en	1	The one that hit the chick is a big ass dry wrinkled pussy
textdetox@01907546324b0330d2d8b7669648cc18823323e5/en/002728	en	1	The pussy must be as crazy as her.
textdetox@01907546324b0330d2d8b7669648cc18823323e5/en/002729	en	1	Everyone who unliked this vid are gay asfuck
textdetox@01907546324b0330d2d8b7669648cc18823323e5/en/002730	en	1	They dont realise the annoyance of two sweaty balls in between their legs.
textdetox@01907546324b0330d2d8b7669648cc18823323e5/en/002731	en	1	A Brigade should descend, push Mexicans and their tourists back, 1/2 mile in, screw them
textdetox@01907546324b0330d2d8b7669648cc18823323e5/en/002732	en	1	Car full of terrorist and retards
textdetox@01907546324b0330d2d8b7669648cc18823323e5/en/002733	en	1	They made Aladdin black lmao leftist racist cucks
textdetox@01907546324b0330d2d8b7669648cc18823323e5/en/002734	en	1	god i just wanna fuck her face
textdetox@01907546324b0330d2d8b7669648cc18823323e5/en/002735	en	1	You're a Zionist cunt if you can support those cultists.
textdetox@01907546324b0330d2d8b7669648cc18823323e5/en/002736	en	1	In America we just shoot them and move on
textdetox@01907546324b0330d2d8b7669648cc18823323e5/en/002737	en	1	i shove my mental illness down guys throats.
textdetox@01907546324b0330d2d8b7669648cc18823323e5/en/002738	en	1	She just made that house negro look like a incompetent clown.
textdetox@01907546324b0330d2d8b7669648cc18823323e5/en/002739	en	1	Fuck ur holes like there's no tomorrow
textdetox@01907546324b0330d2d8b7669648cc18823323e5/en/002740	en	1	No place on Broadway for jihadi Muslims like this brat.
textdetox@01907546324b0330d2d8b7669648cc18823323e5/en/002741	en	1	Fuck you fucking enviromentalist piece of gay shit
textdetox@01907546324b0330d2d8b7669648cc18823323e5/en/002742	en	1	Should tards be killed at birth?
textdetox@01907546324b0330d2d8b7669648cc18823323e5/en/002743	en	1	But really, Christian girls do suck.
textdetox@01907546324b0330d2d8b7669648cc18823323e5/en/002744	en	1	Your moms a bitch, so stfu bitch
textdetox@01907546324b0330d2d8b7669648cc18823323e5/en/002745	en	1	that white bitch makes me angry
textdetox@01907546324b0330d2d8b7669648cc18823323e5/en/002746	en	1	These ugly skanks believe there own lies
textdetox@01907546324b0330d2d8b7669648cc18823323e5/en/002747	en	1	niggas that buss &amp; can't get back up for another round have terrible dick.
textdetox@01907546324b0330d2d8b7669648cc18823323e5/en/002748	en	1	Neither of those start with n, the n word is nigger
textdetox@01907546324b0330d2d8b7669648cc18823323e5/en/002749	en	1	I guess the N word for white peoples is Nazi!
textdetox@01907546324b0330d2d8b7669648cc18823323e5/en/002750	en	1	He Fucked Me Hard In The Shower And Came On My Big Tits - Mini Diva URL URL
textdetox@01907546324b0330d2d8b7669648cc18823323e5/en/002751	en	1	Niggas said that nigga cleared people out the live like a smoke bomb
textdetox@01907546324b0330d2d8b7669648cc18823323e5/en/002752	en	1	If you fuck with lame niggas then you a lame bitch
textdetox@01907546324b0330d2d8b7669648cc18823323e5/en/002753	en	1	For a fact you morons didn't pick the best gook, chink or faggot among us #governing
textdetox@01907546324b0330d2d8b7669648cc18823323e5/en/002754	en	1	your mom gay and your hair looks like pewbs.
textdetox@01907546324b0330d2d8b7669648cc18823323e5/en/002755	en	1	That nigga OV look like Squidward when Spongebob beat him with the door
textdetox@01907546324b0330d2d8b7669648cc18823323e5/en/002756	en	1	Noah only a true faggot would've replied to my comment lol
textdetox@01907546324b0330d2d8b7669648cc18823323e5/en/002757	en	1	They're Brothers I'm tired of you faggots URL
textdetox@01907546324b0330d2d8b7669648cc18823323e5/en/002758	en	1	Time to expose the deep state *Jewish* pedophiles
textdetox@01907546324b0330d2d8b7669648cc18823323e5/en/002759	en	1	dumb bitch by birth, stupid hoe by the grace of the lord
textdetox@01907546324b0330d2d8b7669648cc18823323e5/en/002760	en	1	remove her fucking channel and lock her up.
textdetox@01907546324b0330d2d8b7669648cc18823323e5/en/002761	en	1	dGayWisher Hey gDayWisher, I hope you can fuck right off,you IQ deficient robot
textdetox@01907546324b0330d2d8b7669648cc18823323e5/en/002762	en	1	Shut your fucking mouth ya bald bitch lmao
textdetox@01907546324b0330d2d8b7669648cc18823323e5/en/002763	en	1	The racists are back soon they will try to linch people in the street
textdetox@01907546324b0330d2d8b7669648cc18823323e5/en/002764	en	1	some of y'all bitches be on dick so much, that you let niggas start hitting for an 8th.
textdetox@01907546324b0330d2d8b7669648cc18823323e5/en/002765	en	1	Go back to Somalia save your own dam country and leave AMERICA to Americans!
textdetox@01907546324b0330d2d8b7669648cc18823323e5/en/002766	en	1	They can't gift iconik dumbitch kys fag
textdetox@01907546324b0330d2d8b7669648cc18823323e5/en/002767	en	1	and i'm sure this faggot will face ZERO consequences.
textdetox@01907546324b0330d2d8b7669648cc18823323e5/en/002768	en	1	terrorist — choke on a cows ballsack fuckin racist ass URL
textdetox@01907546324b0330d2d8b7669648cc18823323e5/en/002769	en	1	This how bitches tht talk the most shit shaped likelookin like crushed refrigerator
textdetox@01907546324b0330d2d8b7669648cc18823323e5/en/002770	en	1	Send the Wahhabeast terrorists to Allah!
textdetox@01907546324b0330d2d8b7669648cc18823323e5/en/002771	en	1	This asshole needs to be deported.
textdetox@01907546324b0330d2d8b7669648cc18823323e5/en/002772	en	1	If yall faggots waste votes on this clownery im taking your rights back URL
textdetox@01907546324b0330d2d8b7669648cc18823323e5/en/002773	en	1	All men have a gay orgy to stop future generations from existing
textdetox@01907546324b0330d2d8b7669648cc18823323e5/en/002774	en	1	Son niggas really ignorant like they don't look like hunchback of Notre Dam!
textdetox@01907546324b0330d2d8b7669648cc18823323e5/en/002775	en	1	"You look like the type of woman who enjoys rape fantasies ""Please sex murder me"""
textdetox@01907546324b0330d2d8b7669648cc18823323e5/en/002776	en	1	I'd love to do the same to this stupid bitch.
textdetox@01907546324b0330d2d8b7669648cc18823323e5/en/002777	en	1	Eat their ass no homo tho
textdetox@01907546324b0330d2d8b7669648cc18823323e5/en/002778	en	1	Another punk ass white boy shooting shit up, but everyone else are beast and savages.
textdetox@01907546324b0330d2d8b7669648cc18823323e5/en/002779	en	1	World should show Muslims to get out of Earth
textdetox@01907546324b0330d2d8b7669648cc18823323e5/en/002780	en	1	"yeah ""europans"" learn to spell you inbred piece of trash"
textdetox@01907546324b0330d2d8b7669648cc18823323e5/en/002781	en	1	She is really ugly for an old hag
textdetox@01907546324b0330d2d8b7669648cc18823323e5/en/002782	en	1	Drake needs to be making blackface video with his coonass
textdetox@01907546324b0330d2d8b7669648cc18823323e5/en/002783	en	1	Stupid ass men go with your dumbass hoe of a self
textdetox@01907546324b0330d2d8b7669648cc18823323e5/en/002784	en	1	the biggest dumbasses are white Hispanics they be working for ICE and becoming Republicans fuck them
textdetox@01907546324b0330d2d8b7669648cc18823323e5/en/002785	en	1	Guys only cheat on you with the uglier bitches and the ratchet ones too.
textdetox@01907546324b0330d2d8b7669648cc18823323e5/en/002786	en	1	never seen so much white trash in one spot, truly amazing that many people still fuck their cousins
textdetox@01907546324b0330d2d8b7669648cc18823323e5/en/002787	en	1	I'm bout to slap the df out this bitch ass Nigga
textdetox@01907546324b0330d2d8b7669648cc18823323e5/en/002788	en	1	I don't want to get to know another nigga.
textdetox@01907546324b0330d2d8b7669648cc18823323e5/en/002789	en	1	Pushed by youtube joos your trash supremacist jew
textdetox@01907546324b0330d2d8b7669648cc18823323e5/en/002790	en	1	We're talking about stupid Americans.
textdetox@01907546324b0330d2d8b7669648cc18823323e5/en/002791	en	1	Suck my sweaty cock n balls you stupid twink
textdetox@01907546324b0330d2d8b7669648cc18823323e5/en/002792	en	1	Nigga ur retarded holy fuck you sound so dumb lol
textdetox@01907546324b0330d2d8b7669648cc18823323e5/en/002793	en	1	I'd pound her fuck hole with your cum on her face
textdetox@01907546324b0330d2d8b7669648cc18823323e5/en/002794	en	1	If you cant fuck em' during broad day light maybe you shouldnt be fucking em' periodttttt
textdetox@01907546324b0330d2d8b7669648cc18823323e5/en/002795	en	1	I'm so fearful of brown people!
textdetox@01907546324b0330d2d8b7669648cc18823323e5/en/002796	en	1	Have fun with those STDs you cheating slut
textdetox@01907546324b0330d2d8b7669648cc18823323e5/en/002797	en	1	y'all still on this body count shit pop whatever pussy y'all have and shutup
textdetox@01907546324b0330d2d8b7669648cc18823323e5/en/002798	en	1	Come on SATIN pluck these idiot's from America TRUMP2020
textdetox@01907546324b0330d2d8b7669648cc18823323e5/en/002799	en	1	If white genocide means this guy won't exist, sign me up.
textdetox@01907546324b0330d2d8b7669648cc18823323e5/en/002800	en	1	I hope he shares a cell with a big butch Tranny.
textdetox@01907546324b0330d2d8b7669648cc18823323e5/en/002801	en	1	19 weeks of getting his arse popped
textdetox@01907546324b0330d2d8b7669648cc18823323e5/en/002802	en	1	She looks to be the type to make nipples hard, and dicks soft.
textdetox@01907546324b0330d2d8b7669648cc18823323e5/en/002803	en	1	Fuck yall can eat shit n Die
textdetox@01907546324b0330d2d8b7669648cc18823323e5/en/002804	en	1	as a muslim, fuck jews and israel, may allah curse you and your famliy, yhaud cunt
textdetox@01907546324b0330d2d8b7669648cc18823323e5/en/002805	en	1	Would love sucking on them before I put my cock between them and fucked them
textdetox@01907546324b0330d2d8b7669648cc18823323e5/en/002806	en	1	Americans have to be the dumbest form of life on this planet
textdetox@01907546324b0330d2d8b7669648cc18823323e5/en/002807	en	1	Stupid bitch hope she gets what she deserves
textdetox@01907546324b0330d2d8b7669648cc18823323e5/en/002808	en	1	They fuckin smash their pussy with a hammer
textdetox@01907546324b0330d2d8b7669648cc18823323e5/en/002809	en	1	What a bunch of liberal faggots
textdetox@01907546324b0330d2d8b7669648cc18823323e5/en/002810	en	1	We're all gonna die because none of you niggers care about the environment
textdetox@01907546324b0330d2d8b7669648cc18823323e5/en/002811	en	1	Go fuck yourself, you're Chinese from Canada exploiting a mass shooting in Texas.
textdetox@01907546324b0330d2d8b7669648cc18823323e5/en/002812	en	1	Muslims should be banned every where
textdetox@01907546324b0330d2d8b7669648cc18823323e5/en/002813	en	1	I punched the jews because it raped Ukip.
textdetox@01907546324b0330d2d8b7669648cc18823323e5/en/002814	en	1	GET THE FUCK OUT MY WAY
textdetox@01907546324b0330d2d8b7669648cc18823323e5/en/002815	en	1	Stupid, racist but not good at anything
textdetox@01907546324b0330d2d8b7669648cc18823323e5/en/002816	en	1	If you said this shit while at practice id deck you and deliver a devastating downfield block on your mom
textdetox@01907546324b0330d2d8b7669648cc18823323e5/en/002817	en	1	Are u fuckin mad,he wanted to shoot him,fucking cunt
textdetox@01907546324b0330d2d8b7669648cc18823323e5/en/002818	en	1	USA and Israel are nobody's friend their only friend is Satan
textdetox@01907546324b0330d2d8b7669648cc18823323e5/en/002819	en	1	Kaporal and you are a weak pathetic, emotional (like your mother) beta male
textdetox@01907546324b0330d2d8b7669648cc18823323e5/en/002820	en	1	Bro She never fucking loved you in the first place.
textdetox@01907546324b0330d2d8b7669648cc18823323e5/en/002821	en	1	I can hit you're bitch but u never can hit mine nigga
textdetox@01907546324b0330d2d8b7669648cc18823323e5/en/002822	en	1	I'm sorry But a bunch of Niggas Sitting here Looks Gay ‍
textdetox@01907546324b0330d2d8b7669648cc18823323e5/en/002823	en	1	Send the fuckers back across the border
textdetox@01907546324b0330d2d8b7669648cc18823323e5/en/002824	en	1	I hope that inbred, mentally disturbed terrorist bitch goes to prison.
textdetox@01907546324b0330d2d8b7669648cc18823323e5/en/002825	en	1	I can't wait for China to fucking colonize France.
textdetox@01907546324b0330d2d8b7669648cc18823323e5/en/002826	en	1	For y'all that are gay retards this is joke
textdetox@01907546324b0330d2d8b7669648cc18823323e5/en/002827	en	1	A bitch dont have a mind like me to do so.
textdetox@01907546324b0330d2d8b7669648cc18823323e5/en/002828	en	1	Lol yall retards so fucking dumb like give yourself the death penalty or stop tripping over some lame shit
textdetox@01907546324b0330d2d8b7669648cc18823323e5/en/002829	en	1	The Chinese government are a bunch of fucking limp dicked cowards
textdetox@01907546324b0330d2d8b7669648cc18823323e5/en/002830	en	1	i wish i never knew who this fag was
textdetox@01907546324b0330d2d8b7669648cc18823323e5/en/002831	en	1	Flat tits looking as bitches bruh
textdetox@01907546324b0330d2d8b7669648cc18823323e5/en/002832	en	1	Keep her in the corner and fuck her hard
textdetox@01907546324b0330d2d8b7669648cc18823323e5/en/002833	en	1	Words don't hurt her but cramming her penis into that thong everyday sure does.
textdetox@01907546324b0330d2d8b7669648cc18823323e5/en/002834	en	1	Why dont u fucking vault the robot u fucking retarded ass niggas
textdetox@01907546324b0330d2d8b7669648cc18823323e5/en/002835	en	1	Yeah you like fucking your step mother's pussy don't ya?
textdetox@01907546324b0330d2d8b7669648cc18823323e5/en/002836	en	1	The Pope needs to shut up and go choke on his rosary beads.
textdetox@01907546324b0330d2d8b7669648cc18823323e5/en/002837	en	1	when schizophrenia and big booty bitches collide
textdetox@01907546324b0330d2d8b7669648cc18823323e5/en/002838	en	1	u niggas are fuckin nuts, put the guns down &amp; get a job.
textdetox@01907546324b0330d2d8b7669648cc18823323e5/en/002839	en	1	Men who outlaw women's reproductive autonomy should be castrated.
textdetox@01907546324b0330d2d8b7669648cc18823323e5/en/002840	en	1	Jack off jew says nobody takes Bitcoin Hahahahahahis own company takes itwhat i call a jack off jew.
textdetox@01907546324b0330d2d8b7669648cc18823323e5/en/002841	en	1	Bitch got thag nigga fucking her ass till he feed her all that nut URL
textdetox@01907546324b0330d2d8b7669648cc18823323e5/en/002842	en	1	Boys like this are literal trash and are the main reason I carry around pepper spray.
textdetox@01907546324b0330d2d8b7669648cc18823323e5/en/002843	en	1	So what type women does he prefer to rape?
textdetox@01907546324b0330d2d8b7669648cc18823323e5/en/002844	en	1	Wish i could tongue fuck your ass while you jerk that cock
textdetox@01907546324b0330d2d8b7669648cc18823323e5/en/002845	en	1	This is what happens when Jews run your government.
textdetox@01907546324b0330d2d8b7669648cc18823323e5/en/002846	en	1	Why y'all be recording these racist people , just beat they ass
textdetox@01907546324b0330d2d8b7669648cc18823323e5/en/002847	en	1	Frustrated orgy as they are still unfolding the flaps looking for each other's dicks
textdetox@01907546324b0330d2d8b7669648cc18823323e5/en/002848	en	1	Spit in her face then skull fuck her cunt throat
textdetox@01907546324b0330d2d8b7669648cc18823323e5/en/002849	en	1	Africa is full of horrible savage humans
textdetox@01907546324b0330d2d8b7669648cc18823323e5/en/002850	en	1	I'd fuck your throat and get my cock nice and wet before sliding I to your tight little asshole
textdetox@01907546324b0330d2d8b7669648cc18823323e5/en/002851	en	1	lmao this nigga just tryna learn english bro
textdetox@01907546324b0330d2d8b7669648cc18823323e5/en/002852	en	1	bitch ur french tuck just because queer eye already
textdetox@01907546324b0330d2d8b7669648cc18823323e5/en/002853	en	1	I'd smack your ass leaving handprints then fill your pussy with my fat cock (;
textdetox@01907546324b0330d2d8b7669648cc18823323e5/en/002854	en	1	Your mother was a dumb whore with a fat arse, did you k ow that?
textdetox@01907546324b0330d2d8b7669648cc18823323e5/en/002855	en	1	Why don't you grow up instead you ignorant cuck
textdetox@01907546324b0330d2d8b7669648cc18823323e5/en/002856	en	1	Trump's, he's a racist sexist homophobic cretin
textdetox@01907546324b0330d2d8b7669648cc18823323e5/en/002857	en	1	I wish bitches would go back to suckin real dicks and stop suckin on food
textdetox@01907546324b0330d2d8b7669648cc18823323e5/en/002858	en	1	yo @ pick me ass niggas do me a solid, kys
textdetox@01907546324b0330d2d8b7669648cc18823323e5/en/002859	en	1	And fuck anyone who's not from America
textdetox@01907546324b0330d2d8b7669648cc18823323e5/en/002860	en	1	Id beat that bootyhole down babygirl
textdetox@01907546324b0330d2d8b7669648cc18823323e5/en/002861	en	1	This is how you fuck a sissy bimbo slut.
textdetox@01907546324b0330d2d8b7669648cc18823323e5/en/002862	en	1	This bitch is just a complete bimbo probably gets gangbanged by elites backstage
textdetox@01907546324b0330d2d8b7669648cc18823323e5/en/002863	en	1	Leftist broads are too stupid to use birth control?
textdetox@01907546324b0330d2d8b7669648cc18823323e5/en/002864	en	1	Ya ya we will do tyaag, Sikhs will kill themselves so that jihadis like you flourish !
textdetox@01907546324b0330d2d8b7669648cc18823323e5/en/002865	en	1	Jews are people, furries are fucking retards who want to fuck dogs.
textdetox@01907546324b0330d2d8b7669648cc18823323e5/en/002866	en	1	Bitch you a thot , you always hoppin on new cock
textdetox@01907546324b0330d2d8b7669648cc18823323e5/en/002867	en	1	Fuck you you stupid mentally I'll bitch.
textdetox@01907546324b0330d2d8b7669648cc18823323e5/en/002868	en	1	Y'all fuck ugly guys on the regular funny or not anyways tbh
textdetox@01907546324b0330d2d8b7669648cc18823323e5/en/002869	en	1	All these fake Christian hooligans are definitely going to hell.
textdetox@01907546324b0330d2d8b7669648cc18823323e5/en/002870	en	1	Naomi Campbell is a cum guzzling whooore
textdetox@01907546324b0330d2d8b7669648cc18823323e5/en/002871	en	1	I told that bitch this hoe look like a big punk he busted out laughing !
textdetox@01907546324b0330d2d8b7669648cc18823323e5/en/002872	en	1	Outside of Punjab the country's a shithole anyways
textdetox@01907546324b0330d2d8b7669648cc18823323e5/en/002873	en	1	Bro this shit too funny niggas don't know nothing
textdetox@01907546324b0330d2d8b7669648cc18823323e5/en/002874	en	1	A who's who of freaks, perverts, racists, and psychopaths.
textdetox@01907546324b0330d2d8b7669648cc18823323e5/en/002875	en	1	Make her mad enough watch her give that pussy up
textdetox@01907546324b0330d2d8b7669648cc18823323e5/en/002876	en	1	I hope a man gets him pregnant in jail.
textdetox@01907546324b0330d2d8b7669648cc18823323e5/en/002877	en	1	Faith healers should be thrown in jail and left to rot.
textdetox@01907546324b0330d2d8b7669648cc18823323e5/en/002878	en	1	Ur kind of a low iq dumfuck, arentcha?
textdetox@01907546324b0330d2d8b7669648cc18823323e5/en/002879	en	1	"U a pussy u be acting like a bitch ""I'm tire"" pussy boy"
textdetox@01907546324b0330d2d8b7669648cc18823323e5/en/002880	en	1	Are you trying to make fun of this dude, you fag?
textdetox@01907546324b0330d2d8b7669648cc18823323e5/en/002881	en	1	Go fuck yourself you ugly Jewish boy
textdetox@01907546324b0330d2d8b7669648cc18823323e5/en/002882	en	1	u dumb nazi shit u mad america blew u the fck away?
textdetox@01907546324b0330d2d8b7669648cc18823323e5/en/002883	en	1	They done fuck up Charlie's Angels into feminist propaganda bullshit
textdetox@01907546324b0330d2d8b7669648cc18823323e5/en/002884	en	1	Fuck the the feminists brigading this post
textdetox@01907546324b0330d2d8b7669648cc18823323e5/en/002885	en	1	nigga fuck u &amp; yo mama, my shit work too lil retard !
textdetox@01907546324b0330d2d8b7669648cc18823323e5/en/002886	en	1	Girls do you wish more black guys would handcuff you before they fucked you
textdetox@01907546324b0330d2d8b7669648cc18823323e5/en/002887	en	1	this man is literally mentally r*tarded
textdetox@01907546324b0330d2d8b7669648cc18823323e5/en/002888	en	1	Id hold u done and fuck that bald lil pussy
textdetox@01907546324b0330d2d8b7669648cc18823323e5/en/002889	en	1	Another white skank trying to capitalize on makeup.
textdetox@01907546324b0330d2d8b7669648cc18823323e5/en/002890	en	1	It should NOT have a Muslim running it.
textdetox@01907546324b0330d2d8b7669648cc18823323e5/en/002891	en	1	Trash ass 2015 ass nigga get outta here
textdetox@01907546324b0330d2d8b7669648cc18823323e5/en/002892	en	1	If I start losing my bitch gon grab the tooly and let that hoe go off
textdetox@01907546324b0330d2d8b7669648cc18823323e5/en/002893	en	1	Bloody india will go to hell all these bastereds
textdetox@01907546324b0330d2d8b7669648cc18823323e5/en/002894	en	1	Look at all of them worshipping that one giant dick!
textdetox@01907546324b0330d2d8b7669648cc18823323e5/en/002895	en	1	these people are sick in the head murdering innocent people
textdetox@01907546324b0330d2d8b7669648cc18823323e5/en/002896	en	1	I'd bend you over and fuck you until cum leaks down your ass
textdetox@01907546324b0330d2d8b7669648cc18823323e5/en/002897	en	1	And I hope you get blown the fuck up.
textdetox@01907546324b0330d2d8b7669648cc18823323e5/en/002898	en	1	Donkey dick and horse farts Gettin bitches wet since Moses
textdetox@01907546324b0330d2d8b7669648cc18823323e5/en/002899	en	1	No racist , they are coming in w diseases to kill Americans.
textdetox@01907546324b0330d2d8b7669648cc18823323e5/en/002900	en	1	U liberals are killing blacks w abortions
textdetox@01907546324b0330d2d8b7669648cc18823323e5/en/002901	en	1	yea, keep your pussy calm, slut.
textdetox@01907546324b0330d2d8b7669648cc18823323e5/en/002902	en	1	if you don't shut your gay ass up
textdetox@01907546324b0330d2d8b7669648cc18823323e5/en/002903	en	1	Would love to see her get cock.
textdetox@01907546324b0330d2d8b7669648cc18823323e5/en/002904	en	1	Gloryhole cumslut sucks a big cock and drinks cum shooter!
textdetox@01907546324b0330d2d8b7669648cc18823323e5/en/002905	en	1	It makes my stomach hurt that all these bitches are hoes and really torment me
textdetox@01907546324b0330d2d8b7669648cc18823323e5/en/002906	en	1	I'll project my dick into your ass.
textdetox@01907546324b0330d2d8b7669648cc18823323e5/en/002907	en	1	Thanks fag, Lemme suck u
textdetox@01907546324b0330d2d8b7669648cc18823323e5/en/002908	en	1	The Four Morons of The Apocalypse
textdetox@01907546324b0330d2d8b7669648cc18823323e5/en/002909	en	1	Fuck muslins and that aoc bitch.
textdetox@01907546324b0330d2d8b7669648cc18823323e5/en/002910	en	1	Please Remove The Robots There Garbage And Only Five Year Olds And Mentally Gay People Like Them.
textdetox@01907546324b0330d2d8b7669648cc18823323e5/en/002911	en	1	Suck some dick bitch head and shithead
textdetox@01907546324b0330d2d8b7669648cc18823323e5/en/002912	en	1	Fucking Mexicans this why we should build a wall
textdetox@01907546324b0330d2d8b7669648cc18823323e5/en/002913	en	1	I'm sure they will make that prince guy black, and all men will be pussies
textdetox@01907546324b0330d2d8b7669648cc18823323e5/en/002914	en	1	what a fucking piece of shit.
textdetox@01907546324b0330d2d8b7669648cc18823323e5/en/002915	en	1	Pussy so fat the bitch gave me STDs: Sexually Transmitted Diabetes
textdetox@01907546324b0330d2d8b7669648cc18823323e5/en/002916	en	1	And Ima spit on ya granny dumbass bitch
textdetox@01907546324b0330d2d8b7669648cc18823323e5/en/002917	en	1	"You look like the type of kid who calls his teacher a ""faggot cunt"""
textdetox@01907546324b0330d2d8b7669648cc18823323e5/en/002918	en	1	Bitches are as retarded as they look lmao cannot stress that enough
textdetox@01907546324b0330d2d8b7669648cc18823323e5/en/002919	en	1	Yes, I'd love to see your pussy filled with cock.
textdetox@01907546324b0330d2d8b7669648cc18823323e5/en/002920	en	1	Jesus how fucking autistic are you hahaha
textdetox@01907546324b0330d2d8b7669648cc18823323e5/en/002921	en	1	a lot of cunty bitches in this world.
textdetox@01907546324b0330d2d8b7669648cc18823323e5/en/002922	en	1	don't be a cunty bitch.
textdetox@01907546324b0330d2d8b7669648cc18823323e5/en/002923	en	1	Have fun with Hitler in hell you dumbass.
textdetox@01907546324b0330d2d8b7669648cc18823323e5/en/002924	en	1	10 Jumping people is pussy af Bonus pussy points if pull a knife
textdetox@01907546324b0330d2d8b7669648cc18823323e5/en/002925	en	1	She deadass spit on her dog what a cunt URL
textdetox@01907546324b0330d2d8b7669648cc18823323e5/en/002926	en	1	This Nazi fucking racists is going to start a cilvil war!!
textdetox@01907546324b0330d2d8b7669648cc18823323e5/en/002927	en	1	That country is run by disgusting cowards.
textdetox@01907546324b0330d2d8b7669648cc18823323e5/en/002928	en	1	Yo fuck these bald shriveled dick pieces of shit.
textdetox@01907546324b0330d2d8b7669648cc18823323e5/en/002929	en	1	Vile garbage, a joke, orange imbecile, white trash.
textdetox@01907546324b0330d2d8b7669648cc18823323e5/en/002930	en	1	"Eat dicks with your ""Chiraq"" nonsense."
textdetox@01907546324b0330d2d8b7669648cc18823323e5/en/002931	en	1	Right what a loser titty boy is
textdetox@01907546324b0330d2d8b7669648cc18823323e5/en/002932	en	1	david cone jr I'd the bitch look like always on social media arguing like a female
textdetox@01907546324b0330d2d8b7669648cc18823323e5/en/002933	en	1	Females that are lustful and sexually degenerate are the ugliest of women.
textdetox@01907546324b0330d2d8b7669648cc18823323e5/en/002934	en	1	You could of at least hit me harder you faggot URL
textdetox@01907546324b0330d2d8b7669648cc18823323e5/en/002935	en	1	Ya dead ass hate women like go fuck ya home boys in the ass already ‍
textdetox@01907546324b0330d2d8b7669648cc18823323e5/en/002936	en	1	Motherfuckers to fix their own countries and stop ruining ours.
textdetox@01907546324b0330d2d8b7669648cc18823323e5/en/002937	en	1	I thought the retard on the left was black ?
textdetox@01907546324b0330d2d8b7669648cc18823323e5/en/002938	en	1	Show your cock faggot the most depressing upload schedule ever.
textdetox@01907546324b0330d2d8b7669648cc18823323e5/en/002939	en	1	Yeah these criminals need to go back to their own countries.
textdetox@01907546324b0330d2d8b7669648cc18823323e5/en/002940	en	1	Better dead than being abused by some Middle eastern douchebro chucklefucks.
textdetox@01907546324b0330d2d8b7669648cc18823323e5/en/002941	en	1	Get that baby dick out of your mouth, degenerate mohel.
textdetox@01907546324b0330d2d8b7669648cc18823323e5/en/002942	en	1	Should have blown the iranians out the water
textdetox@01907546324b0330d2d8b7669648cc18823323e5/en/002943	en	1	Here on this sub, women are holes, girls are sluts, and your questions are stupid.
textdetox@01907546324b0330d2d8b7669648cc18823323e5/en/002944	en	1	I bet he bows to satan, another sodomised gentile.
textdetox@01907546324b0330d2d8b7669648cc18823323e5/en/002945	en	1	I will cum deep in that whore asshole
textdetox@01907546324b0330d2d8b7669648cc18823323e5/en/002946	en	1	Get her ass in jail right fucking now
textdetox@01907546324b0330d2d8b7669648cc18823323e5/en/002947	en	1	I wanna dump my cum in that cunt
textdetox@01907546324b0330d2d8b7669648cc18823323e5/en/002948	en	1	Wish that ass would swallow daddy's big dick
textdetox@01907546324b0330d2d8b7669648cc18823323e5/en/002949	en	1	That's what a fucked up faggot brain does to you
textdetox@01907546324b0330d2d8b7669648cc18823323e5/en/002950	en	1	all that pussy nigga choose to eat her ass.
textdetox@01907546324b0330d2d8b7669648cc18823323e5/en/002951	en	1	Same garbage as the idiot she married.
textdetox@01907546324b0330d2d8b7669648cc18823323e5/en/002952	en	1	Muslim here, those fuckers arent going to heaven no matter how they're buried
textdetox@01907546324b0330d2d8b7669648cc18823323e5/en/002953	en	1	So stop writing books in your moms basement and do it faggot!
textdetox@01907546324b0330d2d8b7669648cc18823323e5/en/002954	en	1	Listen this nigga would have to die idgaf
textdetox@01907546324b0330d2d8b7669648cc18823323e5/en/002955	en	1	The human equivalent Also, you are the perfect fuel for r/rareinsult And nobody likes feminists
textdetox@01907546324b0330d2d8b7669648cc18823323e5/en/002956	en	1	she's the type of girl you'd rather fuck her face than her pussy, jesus she's beautiful
textdetox@01907546324b0330d2d8b7669648cc18823323e5/en/002957	en	1	THIS GIRL IS MORE TOXIC THAN MAH DICK
textdetox@01907546324b0330d2d8b7669648cc18823323e5/en/002958	en	1	you fags are so insufferable sometimes makes me want to convert to alt-rightism
textdetox@01907546324b0330d2d8b7669648cc18823323e5/en/002959	en	1	Little whore with a cock-hungry cunt
textdetox@01907546324b0330d2d8b7669648cc18823323e5/en/002960	en	1	Get your virgin ass off my shit bitch
textdetox@01907546324b0330d2d8b7669648cc18823323e5/en/002961	en	1	If AIDs came from a guy fucking a monkey then what comes from a guy fucking a crocodile
textdetox@01907546324b0330d2d8b7669648cc18823323e5/en/002962	en	1	Probably a while list of faggots
textdetox@01907546324b0330d2d8b7669648cc18823323e5/en/002963	en	1	Women who support this admistration are horrible people.
textdetox@01907546324b0330d2d8b7669648cc18823323e5/en/002964	en	1	ugly bitch needs to step back.
textdetox@01907546324b0330d2d8b7669648cc18823323e5/en/002965	en	1	turn you to a bbc slut when you take my dick balls deep in your tiny white ass URL
textdetox@01907546324b0330d2d8b7669648cc18823323e5/en/002966	en	1	Build a fucking wall and get them out!
textdetox@01907546324b0330d2d8b7669648cc18823323e5/en/002967	en	1	Any any decent employer wouldn't hire a degenerate whore.
textdetox@01907546324b0330d2d8b7669648cc18823323e5/en/002968	en	1	the bitches in my mans hood aint about shit
textdetox@01907546324b0330d2d8b7669648cc18823323e5/en/002969	en	1	Saddam: Stop stealing our oil Kuwait: No and your women are whores lmao Saddam: Aight bet URL
textdetox@01907546324b0330d2d8b7669648cc18823323e5/en/002970	en	1	I wanna see your bitch cry, Let's fuck each others brains out.
textdetox@01907546324b0330d2d8b7669648cc18823323e5/en/002971	en	1	And by a catty whore bitch.
textdetox@01907546324b0330d2d8b7669648cc18823323e5/en/002972	en	1	America will stop invading countries when muslims stop decapatating people in the name of allah.
textdetox@01907546324b0330d2d8b7669648cc18823323e5/en/002973	en	1	You look like a to-order male prostitute who caters to groups of a Japanese businessmen with very specific fetishes.
textdetox@01907546324b0330d2d8b7669648cc18823323e5/en/002974	en	1	All chicks need is a catheter up their piss hole.
textdetox@01907546324b0330d2d8b7669648cc18823323e5/en/002975	en	1	I'll fuck all them little bitches up URL
textdetox@01907546324b0330d2d8b7669648cc18823323e5/en/002976	en	1	I hope this bitch asss nigga calls me so I call start trippin on his ass
textdetox@01907546324b0330d2d8b7669648cc18823323e5/en/002977	en	1	Fuck the president, fuck the police, and fuck your ass backwards religion.
textdetox@01907546324b0330d2d8b7669648cc18823323e5/en/002978	en	1	Drinking semen isn't gay as long as you don't slurp it through the meat straw.
textdetox@01907546324b0330d2d8b7669648cc18823323e5/en/002979	en	1	Go take a dick in your ass.
textdetox@01907546324b0330d2d8b7669648cc18823323e5/en/002980	en	1	quit being a simp and get some fresh pussy
textdetox@01907546324b0330d2d8b7669648cc18823323e5/en/002981	en	1	thought she was just annoying and retarded!
textdetox@01907546324b0330d2d8b7669648cc18823323e5/en/002982	en	1	cry more little pussy ass bitch n**ga, you deserve what you got
textdetox@01907546324b0330d2d8b7669648cc18823323e5/en/002983	en	1	This is what the black man is used for nowadays?
textdetox@01907546324b0330d2d8b7669648cc18823323e5/en/002984	en	1	Breeding like a fucking animal you bitches disgust me
textdetox@01907546324b0330d2d8b7669648cc18823323e5/en/002985	en	1	Fck America and fck white people I'm so done, can y'all just leave
textdetox@01907546324b0330d2d8b7669648cc18823323e5/en/002986	en	1	Massachusetts with all the racist white people over there, I see why they call it MASSAchusetts
textdetox@01907546324b0330d2d8b7669648cc18823323e5/en/002987	en	1	Yeah, this woman is fucking dumb as hell.
textdetox@01907546324b0330d2d8b7669648cc18823323e5/en/002988	en	1	Some girls really cause problems for themselves by just constantly running their mouth, just shut up
textdetox@01907546324b0330d2d8b7669648cc18823323e5/en/002989	en	1	Islamic pedophiles molest young boys on your tax dollars.
textdetox@01907546324b0330d2d8b7669648cc18823323e5/en/002990	en	1	All the retards are becoming the presidents/prime ministers This is one of the signs that yaumal qiyamah is close
textdetox@01907546324b0330d2d8b7669648cc18823323e5/en/002991	en	1	Because they're too dumb duh
textdetox@01907546324b0330d2d8b7669648cc18823323e5/en/002992	en	1	America is so fucked up dude what the fuck
textdetox@01907546324b0330d2d8b7669648cc18823323e5/en/002993	en	1	motherfucker ate all the damn shaving cream smh bitch ass retard
textdetox@01907546324b0330d2d8b7669648cc18823323e5/en/002994	en	1	I don't I repeat I do NOT fuck with hoes or anyone at that
textdetox@01907546324b0330d2d8b7669648cc18823323e5/en/002995	en	1	you going to hell fr bitch
textdetox@01907546324b0330d2d8b7669648cc18823323e5/en/002996	en	1	Next time do 6 antisemites and 1 jew
textdetox@01907546324b0330d2d8b7669648cc18823323e5/en/002997	en	1	Suck on those tits and proceed to titfuck you and cum on you afterwards
textdetox@01907546324b0330d2d8b7669648cc18823323e5/en/002998	en	1	Dude fucking illegals pieces of shit
textdetox@01907546324b0330d2d8b7669648cc18823323e5/en/002999	en	1	This is why you'll never get laid- you're a disgusting asshole
textdetox@01907546324b0330d2d8b7669648cc18823323e5/en/003000	en	1	Worthless sissy bitches like you make men look bad
textdetox@01907546324b0330d2d8b7669648cc18823323e5/en/003001	en	1	Id make her suck my cock
textdetox@01907546324b0330d2d8b7669648cc18823323e5/en/003002	en	1	niggas fuck off but want they bitch perfect
textdetox@01907546324b0330d2d8b7669648cc18823323e5/en/003003	en	1	Go continue jerking off in your mother's basement.
textdetox@01907546324b0330d2d8b7669648cc18823323e5/en/003004	en	1	Bullet to her brain racist pig
textdetox@01907546324b0330d2d8b7669648cc18823323e5/en/003005	en	1	All these bitches be horny at this time.
textdetox@01907546324b0330d2d8b7669648cc18823323e5/en/003006	en	1	These bitches need to be put in jail.
textdetox@01907546324b0330d2d8b7669648cc18823323e5/en/003007	en	1	If you fuck kids you dont deserve the shit sentences these fuckheads get.
textdetox@01907546324b0330d2d8b7669648cc18823323e5/en/003008	en	1	What a massive piece of shit this bitch is URL
textdetox@01907546324b0330d2d8b7669648cc18823323e5/en/003009	en	1	Did some stick a Lego in your cunt?
textdetox@01907546324b0330d2d8b7669648cc18823323e5/en/003010	en	1	She doesnt even have tits uno u could class her as a men URL
textdetox@01907546324b0330d2d8b7669648cc18823323e5/en/003011	en	1	Americunts first but the rest of the world can eat sh*t.
textdetox@01907546324b0330d2d8b7669648cc18823323e5/en/003012	en	1	Time to kick ALL of them OUT of AMERICA!
textdetox@01907546324b0330d2d8b7669648cc18823323e5/en/003013	en	1	Go play with your ass some more and try to get your dick to work
textdetox@01907546324b0330d2d8b7669648cc18823323e5/en/003014	en	1	Now stop doing stupid boot shit like this.
textdetox@01907546324b0330d2d8b7669648cc18823323e5/en/003015	en	1	Not to mention a child molester
textdetox@01907546324b0330d2d8b7669648cc18823323e5/en/003016	en	1	I put my dick in a bag of Doritos and made this nigga bitch suck the dust off the tip
textdetox@01907546324b0330d2d8b7669648cc18823323e5/en/003017	en	1	Go beat yo mama and your sister freak ass bitch .
textdetox@01907546324b0330d2d8b7669648cc18823323e5/en/003018	en	1	Go back to your country bitch
textdetox@01907546324b0330d2d8b7669648cc18823323e5/en/003019	en	1	I'd destroy her tight pussy
textdetox@01907546324b0330d2d8b7669648cc18823323e5/en/003020	en	1	Indian wankers never learn , that is not your land , yet warmongering
textdetox@01907546324b0330d2d8b7669648cc18823323e5/en/003021	en	1	Homo's hate Him This man sucked 20 dicks in an hour Just by looking at them!
textdetox@01907546324b0330d2d8b7669648cc18823323e5/en/003022	en	1	Fuck you faggot, you wouldn't kill a fucking 10 year old.
textdetox@01907546324b0330d2d8b7669648cc18823323e5/en/003023	en	1	Send her back to prostitution URL
textdetox@01907546324b0330d2d8b7669648cc18823323e5/en/003024	en	1	First time a nigga tell me NO he's clippedfirst all bitch i don't even ask for shit
textdetox@01907546324b0330d2d8b7669648cc18823323e5/en/003025	en	1	was nice before all of em went bat shit insane and invited all the Mexicans to take over.
textdetox@01907546324b0330d2d8b7669648cc18823323e5/en/003026	en	1	Deport the homeless addicts and alcoholics.
textdetox@01907546324b0330d2d8b7669648cc18823323e5/en/003027	en	1	"When you eat her pussy spell ""You lying bitch"" on her clit"
textdetox@01907546324b0330d2d8b7669648cc18823323e5/en/003028	en	1	She must be a hoe that's why she needs that much condoms
textdetox@01907546324b0330d2d8b7669648cc18823323e5/en/003029	en	1	Look at the racist australian trash.
textdetox@01907546324b0330d2d8b7669648cc18823323e5/en/003030	en	1	Get some fat kids on the US side and catapult those fuckers over man URL
textdetox@01907546324b0330d2d8b7669648cc18823323e5/en/003031	en	1	Hope his dick turns to a cancerous piece of shit
textdetox@01907546324b0330d2d8b7669648cc18823323e5/en/003032	en	1	Send this cunt packing back to the dirtbag country she came from.
textdetox@01907546324b0330d2d8b7669648cc18823323e5/en/003033	en	1	YALL DO NOT LET THESE BITCH ASS NIGGAS MAKE U FEEL LIKE SHIT CAUSE THEY AINT SHIT
textdetox@01907546324b0330d2d8b7669648cc18823323e5/en/003034	en	1	When you hate an entire group of people so much you want them all dead
textdetox@01907546324b0330d2d8b7669648cc18823323e5/en/003035	en	1	How You Gon Bash Me Then Try To Fuck Me Hoe You Super Fake
textdetox@01907546324b0330d2d8b7669648cc18823323e5/en/003036	en	1	Tattle Boad Ur Gay and you gave me Ebola
textdetox@01907546324b0330d2d8b7669648cc18823323e5/en/003037	en	1	To the bum ass nigga from earlier I hope god punish you
textdetox@01907546324b0330d2d8b7669648cc18823323e5/en/003038	en	1	Shutup you idiot ISIS did horrible things , let him rot in hell
textdetox@01907546324b0330d2d8b7669648cc18823323e5/en/003039	en	1	"Fuck a ay-rab ""congratulations You own oils in the pakistans bitch"" american beyond dumb URL"
textdetox@01907546324b0330d2d8b7669648cc18823323e5/en/003040	en	1	Why isn't anyone trying to harvest the penises and balls from these men and give them to TiFs?
textdetox@01907546324b0330d2d8b7669648cc18823323e5/en/003041	en	1	Nigga got his bitch taking that dick with a window view URL
textdetox@01907546324b0330d2d8b7669648cc18823323e5/en/003042	en	1	How many Jews raped you as a child?
textdetox@01907546324b0330d2d8b7669648cc18823323e5/en/003043	en	1	Women be so busy until they start liking you Like bitch where yo job Go
textdetox@01907546324b0330d2d8b7669648cc18823323e5/en/003044	en	1	Fuck y'all pussy nikkas on Xbox live reporting my account name , y'all sum bitches on god
textdetox@01907546324b0330d2d8b7669648cc18823323e5/en/003045	en	1	Connor you are literally gay you have raw anal every time you shag
textdetox@01907546324b0330d2d8b7669648cc18823323e5/en/003046	en	1	I ain't forget y'all hoes was calling yourself medium ugly for some attention
textdetox@01907546324b0330d2d8b7669648cc18823323e5/en/003047	en	1	But when I put on girl clothes I'm a faggot
textdetox@01907546324b0330d2d8b7669648cc18823323e5/en/003048	en	1	That nigga a bitch like Barbie doll
textdetox@01907546324b0330d2d8b7669648cc18823323e5/en/003049	en	1	as soon as nigga find out you ain stupid now you crazy BOY FUCK YOU!
textdetox@01907546324b0330d2d8b7669648cc18823323e5/en/003050	en	1	Ewwww, a dumb bitch who insults people in order to feel better about her pathetic life.
textdetox@01907546324b0330d2d8b7669648cc18823323e5/en/003051	en	1	mom, you are a brainless whore who only want to suck handsome man's dick
textdetox@01907546324b0330d2d8b7669648cc18823323e5/en/003052	en	1	nigga why are you giving head at fucking #15
textdetox@01907546324b0330d2d8b7669648cc18823323e5/en/003053	en	1	She's a fucking piece of shit
textdetox@01907546324b0330d2d8b7669648cc18823323e5/en/003054	en	1	Just cut them all off already.
textdetox@01907546324b0330d2d8b7669648cc18823323e5/en/003055	en	1	I do not like you bitches.
textdetox@01907546324b0330d2d8b7669648cc18823323e5/en/003056	en	1	Ima slap tf outta you bitches.
textdetox@01907546324b0330d2d8b7669648cc18823323e5/en/003057	en	1	tengtx bitch I'll beat yo mama ass for the dumb ass comment
textdetox@01907546324b0330d2d8b7669648cc18823323e5/en/003058	en	1	I hope you get testicle cancer.
textdetox@01907546324b0330d2d8b7669648cc18823323e5/en/003059	en	1	Jews are white you fucking tard, they just tend to hate themselves more.
textdetox@01907546324b0330d2d8b7669648cc18823323e5/en/003060	en	1	They can choke to death on a dick.
textdetox@01907546324b0330d2d8b7669648cc18823323e5/en/003061	en	1	Faggots that need to be re educated
textdetox@01907546324b0330d2d8b7669648cc18823323e5/en/003062	en	1	You goofy ass niggas be hanging wit niggas who don't take care of their kids
textdetox@01907546324b0330d2d8b7669648cc18823323e5/en/003063	en	1	Yea this Bitch dumb sick in the head
textdetox@01907546324b0330d2d8b7669648cc18823323e5/en/003064	en	1	She should be banned solely for being a thot.
textdetox@01907546324b0330d2d8b7669648cc18823323e5/en/003065	en	1	Crossdressering and getting fucked in the ass with a strapon
textdetox@01907546324b0330d2d8b7669648cc18823323e5/en/003066	en	1	SHUT THE FUCK UP YOU MONGOLOID
textdetox@01907546324b0330d2d8b7669648cc18823323e5/en/003067	en	1	Imagine unironically watching that braindead tranny.
textdetox@01907546324b0330d2d8b7669648cc18823323e5/en/003068	en	1	Mean words are terrorism you fucking mongoloid
textdetox@01907546324b0330d2d8b7669648cc18823323e5/en/003069	en	1	*laughs in killing apostates and oppressing gays and women*
textdetox@01907546324b0330d2d8b7669648cc18823323e5/en/003070	en	1	How about you wash your butthole and then comment.
textdetox@01907546324b0330d2d8b7669648cc18823323e5/en/003071	en	1	Next nigga make me mad I'm beating they ass omm.
textdetox@01907546324b0330d2d8b7669648cc18823323e5/en/003072	en	1	"A re "" homosexuality is a disease"" yes, we will never let this go URL"
textdetox@01907546324b0330d2d8b7669648cc18823323e5/en/003073	en	1	Nah dead ass those be the bitches throwing food and acting a fool in the cafe.
textdetox@01907546324b0330d2d8b7669648cc18823323e5/en/003074	en	1	choke her while you fuck URL
textdetox@01907546324b0330d2d8b7669648cc18823323e5/en/003075	en	1	Better get 2 abortions for your spawn cause you're a dickun
textdetox@01907546324b0330d2d8b7669648cc18823323e5/en/003076	en	1	I hate a dating to fuck ass bitch, fuck I look like wasting my time having meaningless sex
textdetox@01907546324b0330d2d8b7669648cc18823323e5/en/003077	en	1	Secondly don't try and tell me they earned that shit, vomit that mayo elsewhere
textdetox@01907546324b0330d2d8b7669648cc18823323e5/en/003078	en	1	Fuck that im about to commit a hate crime om that dude
textdetox@01907546324b0330d2d8b7669648cc18823323e5/en/003079	en	1	White men were born to eat BBC cum out of your butt!!!
textdetox@01907546324b0330d2d8b7669648cc18823323e5/en/003080	en	1	Fuck you fake ass bitch I wish you get bullied at school and people don't give you money
textdetox@01907546324b0330d2d8b7669648cc18823323e5/en/003081	en	1	Go be a terrorist twat and go fuck yourself
textdetox@01907546324b0330d2d8b7669648cc18823323e5/en/003082	en	1	"Diversity is just a code word for ""less white people""lets be fucking real here URL"
textdetox@01907546324b0330d2d8b7669648cc18823323e5/en/003083	en	1	What a bunch of repellent men in blue I hope these cops lose their jobs!
textdetox@01907546324b0330d2d8b7669648cc18823323e5/en/003084	en	1	Buy a dildo and go fuck yourself.
textdetox@01907546324b0330d2d8b7669648cc18823323e5/en/003085	en	1	I am anti genocide therefore the invading third world hordes need to GO HOME !
textdetox@01907546324b0330d2d8b7669648cc18823323e5/en/003086	en	1	I'm an evil gay hater so I'm going to hell.
textdetox@01907546324b0330d2d8b7669648cc18823323e5/en/003087	en	1	I'll follow your faggot ass into that store.
textdetox@01907546324b0330d2d8b7669648cc18823323e5/en/003088	en	1	Time to reinstitute this act and deport all sharia abiding muslims from America.
textdetox@01907546324b0330d2d8b7669648cc18823323e5/en/003089	en	1	Stupid fucking Italians maybe try building your forts on land next time
textdetox@01907546324b0330d2d8b7669648cc18823323e5/en/003090	en	1	Put all mexicans in prison wit him
textdetox@01907546324b0330d2d8b7669648cc18823323e5/en/003091	en	1	Fuck religion and fuck those damn retarded beliefs.
textdetox@01907546324b0330d2d8b7669648cc18823323e5/en/003092	en	1	fuck you bro america created isis and america is isis fuck you fuck the new world order
textdetox@01907546324b0330d2d8b7669648cc18823323e5/en/003093	en	1	when you let a house nigga out the house
textdetox@01907546324b0330d2d8b7669648cc18823323e5/en/003094	en	1	Fuck that hoe ass nigga URL
textdetox@01907546324b0330d2d8b7669648cc18823323e5/en/003095	en	1	Antifa wouldn't exist if you and your angry white boy army at Charlottesville didn't start this shit.
textdetox@01907546324b0330d2d8b7669648cc18823323e5/en/003096	en	1	That Catholics for ya, inbred n abused.
textdetox@01907546324b0330d2d8b7669648cc18823323e5/en/003097	en	1	Man iont give a fuck bout no hoe fuck you bitch fuck a hoe
textdetox@01907546324b0330d2d8b7669648cc18823323e5/en/003098	en	1	Fuck outta here with this gay shit
textdetox@01907546324b0330d2d8b7669648cc18823323e5/en/003099	en	1	You're a fag and a retard, and not even the good kind like us.
textdetox@01907546324b0330d2d8b7669648cc18823323e5/en/003100	en	1	poop nigga shit retard pickle dick ass
textdetox@01907546324b0330d2d8b7669648cc18823323e5/en/003101	en	1	America should TARIFF all Remittance $$$ sent back to Mexico to cripple their incompetent open border country.
textdetox@01907546324b0330d2d8b7669648cc18823323e5/en/003102	en	1	Me sending death threats - DIE BITCH DIE
textdetox@01907546324b0330d2d8b7669648cc18823323e5/en/003103	en	1	I love helping a new sissy get cock URL
textdetox@01907546324b0330d2d8b7669648cc18823323e5/en/003104	en	1	50 lakh people beat 135 crores shitty Indians and yes I am also one of themIndians are shit
textdetox@01907546324b0330d2d8b7669648cc18823323e5/en/003105	en	1	I can't stand a weak ass bitch !
textdetox@01907546324b0330d2d8b7669648cc18823323e5/en/003106	en	1	Shut the fuck up you embarrassing mongoloid
textdetox@01907546324b0330d2d8b7669648cc18823323e5/en/003107	en	1	If you're wearing whores uniform you can't blame someone for calling you one
textdetox@01907546324b0330d2d8b7669648cc18823323e5/en/003108	en	1	let these bitches come near me I will end up in jail for fucking them up
textdetox@01907546324b0330d2d8b7669648cc18823323e5/en/003109	en	1	russian + racist + absolutely no life whatsoever + angry virgin take your pick
textdetox@01907546324b0330d2d8b7669648cc18823323e5/en/003110	en	1	Vote Trump , Allah will wash you filth out to sea.
textdetox@01907546324b0330d2d8b7669648cc18823323e5/en/003111	en	1	Can I rip her eyeballs out and pluck every eyelash and hairs of this racist retarded and ugly hoe
textdetox@01907546324b0330d2d8b7669648cc18823323e5/en/003112	en	1	Why dont you have that nigger cunt on display?!
textdetox@01907546324b0330d2d8b7669648cc18823323e5/en/003113	en	1	Ya Dawg Rather Beef W You Over Social Media Then Talk Shit Out In Person Like Men.
textdetox@01907546324b0330d2d8b7669648cc18823323e5/en/003114	en	1	New modern warfare coming out so I can trick shot and call people niggers
textdetox@01907546324b0330d2d8b7669648cc18823323e5/en/003115	en	1	Probably because open relationships are for overgrown weird theatre kids who learned the could fuck each other.
textdetox@01907546324b0330d2d8b7669648cc18823323e5/en/003116	en	1	Scum shouldn't be allowed have kids!
textdetox@01907546324b0330d2d8b7669648cc18823323e5/en/003117	en	1	This slut needs to get rid of that pussy hair
textdetox@01907546324b0330d2d8b7669648cc18823323e5/en/003118	en	1	niggas be having guns for show shit sad
textdetox@01907546324b0330d2d8b7669648cc18823323e5/en/003119	en	1	I don't deal with bitches no more
textdetox@01907546324b0330d2d8b7669648cc18823323e5/en/003120	en	1	American scum is already attacking Iran.
textdetox@01907546324b0330d2d8b7669648cc18823323e5/en/003121	en	1	Fuck that bitch and fuck that nigga I know what it was !
textdetox@01907546324b0330d2d8b7669648cc18823323e5/en/003122	en	1	I would've beaten that skinhead virgin into the dirt, but that's just me.
textdetox@01907546324b0330d2d8b7669648cc18823323e5/en/003123	en	1	Sucking a big black cock makes you more attractive URL
textdetox@01907546324b0330d2d8b7669648cc18823323e5/en/003124	en	1	genocide amerika that means when we smack them with cruise missiles it becomes a dirty bomb
textdetox@01907546324b0330d2d8b7669648cc18823323e5/en/003125	en	1	Some real nasty women over here, the nastiest.
textdetox@01907546324b0330d2d8b7669648cc18823323e5/en/003126	en	1	suck those tits and dick you down deep
textdetox@01907546324b0330d2d8b7669648cc18823323e5/en/003127	en	1	U right, probably some old nigga named Clyde
textdetox@01907546324b0330d2d8b7669648cc18823323e5/en/003128	en	1	What a flat ass you've got.
textdetox@01907546324b0330d2d8b7669648cc18823323e5/en/003129	en	1	I hope your tits have something more to give, fat whore
textdetox@01907546324b0330d2d8b7669648cc18823323e5/en/003130	en	1	Look at this fucking pussy URL
textdetox@01907546324b0330d2d8b7669648cc18823323e5/en/003131	en	1	what's your fucking problem n-gga, this is no reason to get obsessed over a previous shitpost
textdetox@01907546324b0330d2d8b7669648cc18823323e5/en/003132	en	1	#MEEEEEEETOOOO what fat faggot we talking about joey right?
textdetox@01907546324b0330d2d8b7669648cc18823323e5/en/003133	en	1	This Islamic fucker destroys his german bottom and pisses in his hole Source : Follow him and follow URL
textdetox@01907546324b0330d2d8b7669648cc18823323e5/en/003134	en	1	i am: boy girl nonbinary dumb retarded fucking bitch
textdetox@01907546324b0330d2d8b7669648cc18823323e5/en/003135	en	1	LOL these pathetic bullshit online keyboard jihadis are the stupides humans alive.
textdetox@01907546324b0330d2d8b7669648cc18823323e5/en/003136	en	1	Don't u dare fucking simp today bitch
textdetox@01907546324b0330d2d8b7669648cc18823323e5/en/003137	en	1	Fuck all three ladies, kill all 3 pussies with my hard cock, and everyone is merry.
textdetox@01907546324b0330d2d8b7669648cc18823323e5/en/003138	en	1	Dumb bitch hop off her dick
textdetox@01907546324b0330d2d8b7669648cc18823323e5/en/003139	en	1	A pussy ass hoe COULD NEVA URL
textdetox@01907546324b0330d2d8b7669648cc18823323e5/en/003140	en	1	King No that's Israel get it right you stupid inbred mexicant
textdetox@01907546324b0330d2d8b7669648cc18823323e5/en/003141	en	1	EAT A COCK YOU FUCK FACE BITCH.
textdetox@01907546324b0330d2d8b7669648cc18823323e5/en/003142	en	1	And does it by making by whiping their asses with countries like Sweden.
textdetox@01907546324b0330d2d8b7669648cc18823323e5/en/003143	en	1	it's a real nigga party you cannot get in URL
textdetox@01907546324b0330d2d8b7669648cc18823323e5/en/003144	en	1	Yes, says the moron fat-shaming a child.
textdetox@01907546324b0330d2d8b7669648cc18823323e5/en/003145	en	1	IF I HAD A DICK I WOULD PUT IT OUT AND PISS ON EM'
textdetox@01907546324b0330d2d8b7669648cc18823323e5/en/003146	en	1	Hoe suck my son dick and choke on it
textdetox@01907546324b0330d2d8b7669648cc18823323e5/en/003147	en	1	RUGA SUSPENSION: BURN DOWN NIGERIA OR REMAIN COWARDS--BIAFRAN YOUTHS TELL FULANI YOUTHS URL URL
textdetox@01907546324b0330d2d8b7669648cc18823323e5/en/003148	en	1	Imma shove my long ass balls down your throat nigga
textdetox@01907546324b0330d2d8b7669648cc18823323e5/en/003149	en	1	niggas are bitches and a waste of time
textdetox@01907546324b0330d2d8b7669648cc18823323e5/en/003150	en	1	I tell the bitch to shut up, you bout to fuck a but up
textdetox@01907546324b0330d2d8b7669648cc18823323e5/en/003151	en	1	Three black people demonic Democrats they should be deported probley caravan members
textdetox@01907546324b0330d2d8b7669648cc18823323e5/en/003152	en	1	They all need to be castrated
textdetox@01907546324b0330d2d8b7669648cc18823323e5/en/003153	en	1	Face fuck the shit out of her
textdetox@01907546324b0330d2d8b7669648cc18823323e5/en/003154	en	1	You have to be a special type of pathetic faggot to use masstagger.
textdetox@01907546324b0330d2d8b7669648cc18823323e5/en/003155	en	1	because you're being sexist you fucking dunce
textdetox@01907546324b0330d2d8b7669648cc18823323e5/en/003156	en	1	#tittytuesday #aspenromanoff cum for me daddy, and fuck your dumb bitch.
textdetox@01907546324b0330d2d8b7669648cc18823323e5/en/003157	en	1	The fvcking white nationalist gang promoted by the asshole president.
textdetox@01907546324b0330d2d8b7669648cc18823323e5/en/003158	en	1	Suck a lepers dick and keep the tip.
textdetox@01907546324b0330d2d8b7669648cc18823323e5/en/003159	en	1	she looks like trash in it , and no one wants to see her ugly breasts
textdetox@01907546324b0330d2d8b7669648cc18823323e5/en/003160	en	1	"Oh shit, Captain ""I used to be a cop"" finna shoot a nigga"
textdetox@01907546324b0330d2d8b7669648cc18823323e5/en/003161	en	1	Stop the reposting you unfunny incel cunt
textdetox@01907546324b0330d2d8b7669648cc18823323e5/en/003162	en	1	These micro-dick losers need to get real jobs and leave people alone.
textdetox@01907546324b0330d2d8b7669648cc18823323e5/en/003163	en	1	Y'all keep RTing Roosh and Molyneaux giving those fuckbois the engagement they are looking for
textdetox@01907546324b0330d2d8b7669648cc18823323e5/en/003164	en	1	Dumb, Dumber, Dumbest, MORON take your pick of these four women?
textdetox@01907546324b0330d2d8b7669648cc18823323e5/en/003165	en	1	THIS EVIL PIECE OF CRAP NEEDS TO WORRY ABOUT HER ASS NOW!
textdetox@01907546324b0330d2d8b7669648cc18823323e5/en/003166	en	1	Yous both are fat as shit and get no bitches shutup URL
textdetox@01907546324b0330d2d8b7669648cc18823323e5/en/003167	en	1	Fuck Area 51, Go raid them streets and clean up some trash niggas
textdetox@01907546324b0330d2d8b7669648cc18823323e5/en/003168	en	1	I am a white man's whore
textdetox@01907546324b0330d2d8b7669648cc18823323e5/en/003169	en	1	On a fucking new born y'all hoes just getting out of hand.
textdetox@01907546324b0330d2d8b7669648cc18823323e5/en/003170	en	1	My blood pressure just went fucking ape
textdetox@01907546324b0330d2d8b7669648cc18823323e5/en/003171	en	1	I have a whore for a girlfriend
textdetox@01907546324b0330d2d8b7669648cc18823323e5/en/003172	en	1	Women are being slaughtered in the ashes, and Donald trump is the MAN
textdetox@01907546324b0330d2d8b7669648cc18823323e5/en/003173	en	1	You sound like cold a faggot literally a bitch
textdetox@01907546324b0330d2d8b7669648cc18823323e5/en/003174	en	1	treytown530 nigga u gay shut your cocksucking mouth
textdetox@01907546324b0330d2d8b7669648cc18823323e5/en/003175	en	1	heres your phone hey lets bang a few times then im out , seeya , good luck with fuckface
textdetox@01907546324b0330d2d8b7669648cc18823323e5/en/003176	en	1	I wish your brain had as many functioning cells as your pussy does.
textdetox@01907546324b0330d2d8b7669648cc18823323e5/en/003177	en	1	Try me, fucking mexican little bitch
textdetox@01907546324b0330d2d8b7669648cc18823323e5/en/003178	en	1	hoes with burning pussy swear everyone want them
textdetox@01907546324b0330d2d8b7669648cc18823323e5/en/003179	en	1	Deport 'em all, and build the wall.
textdetox@01907546324b0330d2d8b7669648cc18823323e5/en/003180	en	1	Say it with me: Fuck Israel
textdetox@01907546324b0330d2d8b7669648cc18823323e5/en/003181	en	1	On god i would've post-birth aborted him on the spot
textdetox@01907546324b0330d2d8b7669648cc18823323e5/en/003182	en	1	No you fucking idiot, beat the shit out of her lol
textdetox@01907546324b0330d2d8b7669648cc18823323e5/en/003183	en	1	Sounds like something someone with trash pussy would say
textdetox@01907546324b0330d2d8b7669648cc18823323e5/en/003184	en	1	Mannn I hope someone spits on this bitch.
textdetox@01907546324b0330d2d8b7669648cc18823323e5/en/003185	en	1	Did no one teach you niggers to brush the back of your tongues??
textdetox@01907546324b0330d2d8b7669648cc18823323e5/en/003186	en	1	i'll slap the shit out of a white supremacist
textdetox@01907546324b0330d2d8b7669648cc18823323e5/en/003187	en	1	She nothin' but a no good fat pussy bitch man leave her be
textdetox@01907546324b0330d2d8b7669648cc18823323e5/en/003188	en	1	This bitch has amazing cock sucking lips
textdetox@01907546324b0330d2d8b7669648cc18823323e5/en/003189	en	1	U are a gay cunt stop making videos u cringy mother fucker get off yt duck head
textdetox@01907546324b0330d2d8b7669648cc18823323e5/en/003190	en	1	You need to fuk off you homophobic kunt
textdetox@01907546324b0330d2d8b7669648cc18823323e5/en/003191	en	1	Send her back - the Islamist sow supports terrorists - and don't let her back, either.
textdetox@01907546324b0330d2d8b7669648cc18823323e5/en/003192	en	1	Fuck her totally then dump her ass.
textdetox@01907546324b0330d2d8b7669648cc18823323e5/en/003193	en	1	Bitch put that needle dick away and go back to work
textdetox@01907546324b0330d2d8b7669648cc18823323e5/en/003194	en	1	That sub and TheBluePill can suck eachother's penis
textdetox@01907546324b0330d2d8b7669648cc18823323e5/en/003195	en	1	Bitches better quit being werid before I drag bitches through the dirt over my bestfriend .
textdetox@01907546324b0330d2d8b7669648cc18823323e5/en/003196	en	1	You prolly the nagger shut up
textdetox@01907546324b0330d2d8b7669648cc18823323e5/en/003197	en	1	Shut up, suck a real cock and then post
textdetox@01907546324b0330d2d8b7669648cc18823323e5/en/003198	en	1	Well faggots can have they're gay little parades why can't straights?
textdetox@01907546324b0330d2d8b7669648cc18823323e5/en/003199	en	1	Fine, all these white people are racists, yall better arm yourselves and fight them to the death.
textdetox@01907546324b0330d2d8b7669648cc18823323e5/en/003200	en	1	SEND THAT STUPID WOMAN BACK TO WHERE SHE CAME FROMAFRICA.
textdetox@01907546324b0330d2d8b7669648cc18823323e5/en/003201	en	1	I hate hoe shit , fuck a hoe anyway tho
textdetox@01907546324b0330d2d8b7669648cc18823323e5/en/003202	en	1	I hate you cause u ugly and gay
textdetox@01907546324b0330d2d8b7669648cc18823323e5/en/003203	en	1	Couple of real men allowing the little bitch to eat URL
textdetox@01907546324b0330d2d8b7669648cc18823323e5/en/003204	en	1	I'd put this social democratic dick in your mouth too pretty boi
textdetox@01907546324b0330d2d8b7669648cc18823323e5/en/003205	en	1	Haha good luck with the daily school shootings, pfft an army would stomp your white little sensitive bitch asses
textdetox@01907546324b0330d2d8b7669648cc18823323e5/en/003206	en	1	These crackers uh shoot the shit out our ass
textdetox@01907546324b0330d2d8b7669648cc18823323e5/en/003207	en	1	Too many brown people were flooded into America by the j€ws.
textdetox@01907546324b0330d2d8b7669648cc18823323e5/en/003208	en	1	"I cant stand that ""girl"" with the dyed hair ,selfish attention seeking cunt"
textdetox@01907546324b0330d2d8b7669648cc18823323e5/en/003209	en	1	The only ones killing trannies are themselves
textdetox@01907546324b0330d2d8b7669648cc18823323e5/en/003210	en	1	Beat her tits and fuck her mouth.
textdetox@01907546324b0330d2d8b7669648cc18823323e5/en/003211	en	1	"God you ""fortniters"" are straight dick rider, make me sick."
textdetox@01907546324b0330d2d8b7669648cc18823323e5/en/003212	en	1	Fucking disgusting I'd punch that fat blonde bint straight in her fat gob!!!!!
textdetox@01907546324b0330d2d8b7669648cc18823323e5/en/003213	en	1	&gt; I never saw a female I would consider an 8 in America This cunt is drowning in fanny.
textdetox@01907546324b0330d2d8b7669648cc18823323e5/en/003214	en	1	All Dominican suck like Al Horford
textdetox@01907546324b0330d2d8b7669648cc18823323e5/en/003215	en	1	Lmao your fucking retarded kill yourself.
textdetox@01907546324b0330d2d8b7669648cc18823323e5/en/003216	en	1	#Porn #Pornstar Busty Asian gets assfucked reverse cowgirl style URL
textdetox@01907546324b0330d2d8b7669648cc18823323e5/en/003217	en	1	I mean bitch go to hell
textdetox@01907546324b0330d2d8b7669648cc18823323e5/en/003218	en	1	Shut up hoe mom should've sucked you back up into her vagina
textdetox@01907546324b0330d2d8b7669648cc18823323e5/en/003219	en	1	Your IQ is somewhere in the low 20s if you think this LGBT garbage is JUST about homosexuality.
textdetox@01907546324b0330d2d8b7669648cc18823323e5/en/003220	en	1	I hate bitchy gays of any color.
textdetox@01907546324b0330d2d8b7669648cc18823323e5/en/003221	en	1	yeah maybe if you ask out egirls and have a boy pussy
textdetox@01907546324b0330d2d8b7669648cc18823323e5/en/003222	en	1	Go get your young fertile pussy fucked and filled
textdetox@01907546324b0330d2d8b7669648cc18823323e5/en/003223	en	1	I hardly even care how deep the country fucks itself.
textdetox@01907546324b0330d2d8b7669648cc18823323e5/en/003224	en	1	I just want to be a bitch with some tits
textdetox@01907546324b0330d2d8b7669648cc18823323e5/en/003225	en	1	you and me both, this shit is full of faggots
textdetox@01907546324b0330d2d8b7669648cc18823323e5/en/003226	en	1	Wtf don't these idiots get their here illegally
textdetox@01907546324b0330d2d8b7669648cc18823323e5/en/003227	en	1	Transgender is a mental disorder and so is homosexual.
textdetox@01907546324b0330d2d8b7669648cc18823323e5/en/003228	en	1	We need concentration camps for theses freaks
textdetox@01907546324b0330d2d8b7669648cc18823323e5/en/003229	en	1	Spread your slut holes I'm sure they will get the hint
textdetox@01907546324b0330d2d8b7669648cc18823323e5/en/003230	en	1	Slapping an unconscious girl, who's the real o-3 pussy
textdetox@01907546324b0330d2d8b7669648cc18823323e5/en/003231	en	1	And if you follow/support her then fuck you too.
textdetox@01907546324b0330d2d8b7669648cc18823323e5/en/003232	en	1	can someone slap this dumb hoe
textdetox@01907546324b0330d2d8b7669648cc18823323e5/en/003233	en	1	allah created white whores as temptation and you degenerates fail everyday hope you enjoy hellfire
textdetox@01907546324b0330d2d8b7669648cc18823323e5/en/003234	en	1	Can't even spell those spells Thoes bitch you a nasty hating hoe
textdetox@01907546324b0330d2d8b7669648cc18823323e5/en/003235	en	1	Ace nigga your scurny ass scared lmao dumbass faker fan
textdetox@01907546324b0330d2d8b7669648cc18823323e5/en/003236	en	1	Ahhh yes, the gays strike again.
textdetox@01907546324b0330d2d8b7669648cc18823323e5/en/003237	en	1	Antifa is nothing but gays that sit around fingering each other in there assholes
textdetox@01907546324b0330d2d8b7669648cc18823323e5/en/003238	en	1	Dirty negros bastards piece of shit
textdetox@01907546324b0330d2d8b7669648cc18823323e5/en/003239	en	1	YTA: You have all of the bitch and none of the pussy.
textdetox@01907546324b0330d2d8b7669648cc18823323e5/en/003240	en	1	reddit really is the homo of the internet
textdetox@01907546324b0330d2d8b7669648cc18823323e5/en/003241	en	1	Here's a easy way of putting things fuck off pussy
textdetox@01907546324b0330d2d8b7669648cc18823323e5/en/003242	en	1	Worst trip of my life over some niggas
textdetox@01907546324b0330d2d8b7669648cc18823323e5/en/003243	en	1	Man shut the fuck up you stupid bitch, I bet you don't get any pussy period URL
textdetox@01907546324b0330d2d8b7669648cc18823323e5/en/003244	en	1	Well at least he didn't grab her pussy URL
textdetox@01907546324b0330d2d8b7669648cc18823323e5/en/003245	en	1	Fags are disgusting and bad for you fren.
textdetox@01907546324b0330d2d8b7669648cc18823323e5/en/003246	en	1	I would deport the bloody lot!
textdetox@01907546324b0330d2d8b7669648cc18823323e5/en/003247	en	1	racefaking racist ass children killing do you have games on ur phone looking ass I hate u URL
textdetox@01907546324b0330d2d8b7669648cc18823323e5/en/003248	en	1	If you're this kids parent go and twat him and his fucking father aswell.
textdetox@01907546324b0330d2d8b7669648cc18823323e5/en/003249	en	1	stupid ass hoe built like a piece of cabbage
textdetox@01907546324b0330d2d8b7669648cc18823323e5/en/003250	en	1	Video games are for smelly faggots so how bout I just block you chump boy
textdetox@01907546324b0330d2d8b7669648cc18823323e5/en/003251	en	1	All these niggas make me sick
textdetox@01907546324b0330d2d8b7669648cc18823323e5/en/003252	en	1	Fuck religious zealots need to burn in their own fiery hell.
textdetox@01907546324b0330d2d8b7669648cc18823323e5/en/003253	en	1	Rethugicans dont care about your Black ass either.
textdetox@01907546324b0330d2d8b7669648cc18823323e5/en/003254	en	1	The religion of death , these beasts deserve nothing but what they spread #
textdetox@01907546324b0330d2d8b7669648cc18823323e5/en/003255	en	1	PUT YOUR PUSSY ON THE OHONE COWARD URL
textdetox@01907546324b0330d2d8b7669648cc18823323e5/en/003256	en	1	She shit on these bitches that speak on her name URL
textdetox@01907546324b0330d2d8b7669648cc18823323e5/en/003257	en	1	Go to Mexico and fix it you Village Idiot.
textdetox@01907546324b0330d2d8b7669648cc18823323e5/en/003258	en	1	Georgia Gal I hope Iran nukes the whole lot of you.
textdetox@01907546324b0330d2d8b7669648cc18823323e5/en/003259	en	1	And fag butts are all over the streets.
textdetox@01907546324b0330d2d8b7669648cc18823323e5/en/003260	en	1	Put all those Mexicans in jail.
textdetox@01907546324b0330d2d8b7669648cc18823323e5/en/003261	en	1	Iran's Government is evil and needs to be destroyed.
textdetox@01907546324b0330d2d8b7669648cc18823323e5/en/003262	en	1	Fuck Islam we should actually fight it
textdetox@01907546324b0330d2d8b7669648cc18823323e5/en/003263	en	1	Like the filthy little cum dumpster whore you are.
textdetox@01907546324b0330d2d8b7669648cc18823323e5/en/003264	en	1	GOD PLEASE HAVE TRUMP DEPORT THIS BRIT PIECE OF SHIT BACK ACROSS THE BIG POND!!
textdetox@01907546324b0330d2d8b7669648cc18823323e5/en/003265	en	1	And you can breed black peoples by giving them government paid child support
textdetox@01907546324b0330d2d8b7669648cc18823323e5/en/003266	en	1	These stupids are all white anyways.
textdetox@01907546324b0330d2d8b7669648cc18823323e5/en/003267	en	1	Have fun with your raped mother hating you for the rest of your lives.
textdetox@01907546324b0330d2d8b7669648cc18823323e5/en/003268	en	1	These people need their ovaries/ testsicles removed They should be banned from breeding.
textdetox@01907546324b0330d2d8b7669648cc18823323e5/en/003269	en	1	this is disgusting, americans are a bunch of sick fucks
textdetox@01907546324b0330d2d8b7669648cc18823323e5/en/003270	en	1	That bitch should rot in prison
textdetox@01907546324b0330d2d8b7669648cc18823323e5/en/003271	en	1	Know your place Reddit trash loser.
textdetox@01907546324b0330d2d8b7669648cc18823323e5/en/003272	en	1	Reflw t on my dick you hot thing
textdetox@01907546324b0330d2d8b7669648cc18823323e5/en/003273	en	1	Aye who raised you beggin ass bitches??
textdetox@01907546324b0330d2d8b7669648cc18823323e5/en/003274	en	1	How you tell a nigga his dick &amp; head trash without hurting his feelings ?
textdetox@01907546324b0330d2d8b7669648cc18823323e5/en/003275	en	1	Fuck up, your a THOT to dumb bitch.
textdetox@01907546324b0330d2d8b7669648cc18823323e5/en/003276	en	1	She's a piece of shit I hope she catches an STD.
textdetox@01907546324b0330d2d8b7669648cc18823323e5/en/003277	en	1	nah she is a racist cunt she is a level above just a prick
textdetox@01907546324b0330d2d8b7669648cc18823323e5/en/003278	en	1	faggot is a piece of shit scammer
textdetox@01907546324b0330d2d8b7669648cc18823323e5/en/003279	en	1	Any girl that dresses like that is fake.
textdetox@01907546324b0330d2d8b7669648cc18823323e5/en/003280	en	1	if you have gay sex you have lethal cancer
textdetox@01907546324b0330d2d8b7669648cc18823323e5/en/003281	en	1	What do you expect from tranny extremists?
textdetox@01907546324b0330d2d8b7669648cc18823323e5/en/003282	en	1	What a cunt bitch she took a low blow like that
textdetox@01907546324b0330d2d8b7669648cc18823323e5/en/003283	en	1	Post the texts and we'll thrash Joe's fag ass
textdetox@01907546324b0330d2d8b7669648cc18823323e5/en/003284	en	1	I'm convinced you bitches are retarded
textdetox@01907546324b0330d2d8b7669648cc18823323e5/en/003285	en	1	if you don't believe in Jesus I'm going to stab you in the face.
textdetox@01907546324b0330d2d8b7669648cc18823323e5/en/003286	en	1	Damned vietnamese crackers defiling the Ming dynasty
textdetox@01907546324b0330d2d8b7669648cc18823323e5/en/003287	en	1	You got the girl, you fucked the bitch, now all you do is fuckin ditch.
textdetox@01907546324b0330d2d8b7669648cc18823323e5/en/003288	en	1	popsirens, popcrave, popalarms holy shit the faggots cant come up with something else
textdetox@01907546324b0330d2d8b7669648cc18823323e5/en/003289	en	1	Because theyre stupid fucking trailer trash.
textdetox@01907546324b0330d2d8b7669648cc18823323e5/en/003290	en	1	These 4 women need to go to Hell
textdetox@01907546324b0330d2d8b7669648cc18823323e5/en/003291	en	1	The last thing this bitch needs is roast
textdetox@01907546324b0330d2d8b7669648cc18823323e5/en/003292	en	1	I fucking hate Antioch ass niggas .
textdetox@01907546324b0330d2d8b7669648cc18823323e5/en/003293	en	1	They can't drive for SHIT !
textdetox@01907546324b0330d2d8b7669648cc18823323e5/en/003294	en	1	Cut his dic off n shove it up his ass hole n sew it up
textdetox@01907546324b0330d2d8b7669648cc18823323e5/en/003295	en	1	Man these stupid thots never learn
textdetox@01907546324b0330d2d8b7669648cc18823323e5/en/003296	en	1	That little bitch needs to suck my dick won't give her no kissy kissy
textdetox@01907546324b0330d2d8b7669648cc18823323e5/en/003297	en	1	These niggas slime but they ain't slime enough
textdetox@01907546324b0330d2d8b7669648cc18823323e5/en/003298	en	1	Be a negro and suk milk out my titties.
textdetox@01907546324b0330d2d8b7669648cc18823323e5/en/003299	en	1	You have such a nice pussy I love how you spread it for daddy
textdetox@01907546324b0330d2d8b7669648cc18823323e5/en/003300	en	1	This chick wants to shit talk an unproblematic legend, fuck her attention seeking ass
textdetox@01907546324b0330d2d8b7669648cc18823323e5/en/003301	en	1	I wonder how many cum shots the queen has taken
textdetox@01907546324b0330d2d8b7669648cc18823323e5/en/003302	en	1	Pussy ass triad cowards too afraid to show their faces.
textdetox@01907546324b0330d2d8b7669648cc18823323e5/en/003303	en	1	Fuck you cunt go suck my clit
textdetox@01907546324b0330d2d8b7669648cc18823323e5/en/003304	en	1	These people are fucking disgusting URL
textdetox@01907546324b0330d2d8b7669648cc18823323e5/en/003305	en	1	I Hate Bitches That Don't Fuck Back
textdetox@01907546324b0330d2d8b7669648cc18823323e5/en/003306	en	1	mentally unstable self conscious white man
textdetox@01907546324b0330d2d8b7669648cc18823323e5/en/003307	en	1	Fuck ya face, then suck ya tits while im balls deep in you
textdetox@01907546324b0330d2d8b7669648cc18823323e5/en/003308	en	1	Holy hell, deport the that shitstain ASAP.
textdetox@01907546324b0330d2d8b7669648cc18823323e5/en/003309	en	1	next time you fucking put your hands on me imma fucking rip your face off bitch
textdetox@01907546324b0330d2d8b7669648cc18823323e5/en/003310	en	1	Chemical Waste nah f*ck palestine you damn Isis supporter
textdetox@01907546324b0330d2d8b7669648cc18823323e5/en/003311	en	1	What the fuck is even up with this fat fuck, fucking pathetic little bitch.
textdetox@01907546324b0330d2d8b7669648cc18823323e5/en/003312	en	1	This is what happens when you give blacks total control over a white level civilization.
textdetox@01907546324b0330d2d8b7669648cc18823323e5/en/003313	en	1	why are black male rappers and artists always become pedophiles and rapists
textdetox@01907546324b0330d2d8b7669648cc18823323e5/en/003314	en	1	retweet this you fucking cummy fags subscribe to see full 5 mins + massive cum shot URL URL
textdetox@01907546324b0330d2d8b7669648cc18823323e5/en/003315	en	1	fuck you fuck your friends and fuck your bitch
textdetox@01907546324b0330d2d8b7669648cc18823323e5/en/003316	en	1	fuck a bitch nigga and his bitch too
textdetox@01907546324b0330d2d8b7669648cc18823323e5/en/003317	en	1	all the these pussy bitches choosing sides, like ion know real.
textdetox@01907546324b0330d2d8b7669648cc18823323e5/en/003318	en	1	noisy scamtard indulging to fetishism and not working penis replacement duly blocked *click* URL
textdetox@01907546324b0330d2d8b7669648cc18823323e5/en/003319	en	1	I wish a nigga would put his hands on me imma beat that bitch like his mama should've.
textdetox@01907546324b0330d2d8b7669648cc18823323e5/en/003320	en	1	This guy's act like a bunch of faggots.
textdetox@01907546324b0330d2d8b7669648cc18823323e5/en/003321	en	1	too many fags on this sub wtf
textdetox@01907546324b0330d2d8b7669648cc18823323e5/en/003322	en	1	People like this need to literally be castrated.
textdetox@01907546324b0330d2d8b7669648cc18823323e5/en/003323	en	1	All they'll do is send priests to your homes and rape your kids.
textdetox@01907546324b0330d2d8b7669648cc18823323e5/en/003324	en	1	Let them pasty white cunts with shit teeth call us convicts i know where i'd rather be
textdetox@01907546324b0330d2d8b7669648cc18823323e5/en/003325	en	1	ass head Indians are immigrants who did nothing to make America great dominguez
textdetox@01907546324b0330d2d8b7669648cc18823323e5/en/003326	en	1	This cute they probably fuck niggas together
textdetox@01907546324b0330d2d8b7669648cc18823323e5/en/003327	en	1	Use your bible to clean up your disgusting load.
textdetox@01907546324b0330d2d8b7669648cc18823323e5/en/003328	en	1	Muslims want to rape and destroy America.
textdetox@01907546324b0330d2d8b7669648cc18823323e5/en/003329	en	1	Dead ass lame ass niggas man
textdetox@01907546324b0330d2d8b7669648cc18823323e5/en/003330	en	1	when niggas say pussy is pussy I automatically assume he fucked a crackhead ‍
textdetox@01907546324b0330d2d8b7669648cc18823323e5/en/003331	en	1	Smart funny hashtag gun emoji fuck shit niggas nigger cock suck succ owo
textdetox@01907546324b0330d2d8b7669648cc18823323e5/en/003332	en	1	Fuck that nigga and his ugly ass gf
textdetox@01907546324b0330d2d8b7669648cc18823323e5/en/003333	en	1	It's because you're retarded and nobody wants to be tainted by your inferior genetics.
textdetox@01907546324b0330d2d8b7669648cc18823323e5/en/003334	en	1	Your God is a pedophile who fucks goats.
textdetox@01907546324b0330d2d8b7669648cc18823323e5/en/003335	en	1	Id fuck that tight boy pussy so hard you pathetic slut.
textdetox@01907546324b0330d2d8b7669648cc18823323e5/en/003336	en	1	Couple pussy niggas told they ain't my dawgs no mo
textdetox@01907546324b0330d2d8b7669648cc18823323e5/en/003337	en	1	niggas are wickedhow you eat my pussy then go lay up with ya girl
textdetox@01907546324b0330d2d8b7669648cc18823323e5/en/003338	en	1	you suck dick and not for sexual purposes
textdetox@01907546324b0330d2d8b7669648cc18823323e5/en/003339	en	1	And I'll impregnate the bitch.
textdetox@01907546324b0330d2d8b7669648cc18823323e5/en/003340	en	1	Have fun giving birth to a baby that someone impregnated you by raping you
textdetox@01907546324b0330d2d8b7669648cc18823323e5/en/003341	en	1	Nah fam im 100% white trash
textdetox@01907546324b0330d2d8b7669648cc18823323e5/en/003342	en	1	They can all suck my motherfucking cock, bunch of fucking rich boy wankers.
textdetox@01907546324b0330d2d8b7669648cc18823323e5/en/003343	en	1	I can only imagine him beating the fuck outta some pussy
textdetox@01907546324b0330d2d8b7669648cc18823323e5/en/003344	en	1	"If you're gonna call someone ""the r word"" why not just call him retarded."
textdetox@01907546324b0330d2d8b7669648cc18823323e5/en/003345	en	1	Should have left the Pakistanis kill them off.
textdetox@01907546324b0330d2d8b7669648cc18823323e5/en/003346	en	1	"She should be exterminated along with half the ""people"" in this video."
textdetox@01907546324b0330d2d8b7669648cc18823323e5/en/003347	en	1	Who else wants to smack that woman in the back - the head nodder?
textdetox@01907546324b0330d2d8b7669648cc18823323e5/en/003348	en	1	ima be the last bitch standing, fuck them niggas.
textdetox@01907546324b0330d2d8b7669648cc18823323e5/en/003349	en	1	He could be some fag in a Corolla with a coexist sticker.
textdetox@01907546324b0330d2d8b7669648cc18823323e5/en/003350	en	1	&gt;Give them cunt cunt cunt bitch Mama yes god when you pop that tongue bitch
textdetox@01907546324b0330d2d8b7669648cc18823323e5/en/003351	en	1	&gt;him living as a woman Wtf did he put on lipstick and tuck his dick inside his asshole?
textdetox@01907546324b0330d2d8b7669648cc18823323e5/en/003352	en	1	Illegal immigrants have no rights lol deport them please get them outta here there criminals
textdetox@01907546324b0330d2d8b7669648cc18823323e5/en/003353	en	1	Good'o Amalekites, those fucks killed and slaughtered our people too, that tribe were some nasty people
textdetox@01907546324b0330d2d8b7669648cc18823323e5/en/003354	en	1	Lil sexy ass come gag on my dick babygirl
textdetox@01907546324b0330d2d8b7669648cc18823323e5/en/003355	en	1	Did u know faggots is a bunch of sticks MCR u bunch of sticks
textdetox@01907546324b0330d2d8b7669648cc18823323e5/en/003356	en	1	what is with white people and being pedophiles, con artists, and terrorists?
textdetox@01907546324b0330d2d8b7669648cc18823323e5/en/003357	en	1	There's nothing i dislike more than a fake bitch and a dirty pussy ‍
textdetox@01907546324b0330d2d8b7669648cc18823323e5/en/003358	en	1	I'd punch her in the face with my dick.
textdetox@01907546324b0330d2d8b7669648cc18823323e5/en/003359	en	1	You are the biggest fucking faggot on this planet
textdetox@01907546324b0330d2d8b7669648cc18823323e5/en/003360	en	1	Keep her bent over, rip the shorts off and pull her hair while I gape her asshole
textdetox@01907546324b0330d2d8b7669648cc18823323e5/en/003361	en	1	Death to all those who believe in human sacrifice!
textdetox@01907546324b0330d2d8b7669648cc18823323e5/en/003362	en	1	He's an old racist bigoted cunt.
textdetox@01907546324b0330d2d8b7669648cc18823323e5/en/003363	en	1	Bitches is so fake it makes me sick to my stomach!
textdetox@01907546324b0330d2d8b7669648cc18823323e5/en/003364	en	1	Islam is bullsh#t a butch a beating, butchering, bombing bastards!
textdetox@01907546324b0330d2d8b7669648cc18823323e5/en/003365	en	1	Women ruin every government they touch and then they fucking pout about
textdetox@01907546324b0330d2d8b7669648cc18823323e5/en/003366	en	1	Then u a hoe then dumbass bitches like this really be slow
textdetox@01907546324b0330d2d8b7669648cc18823323e5/en/003367	en	1	She's an evil bitch that needs to be deported back to her own damn country!!
textdetox@01907546324b0330d2d8b7669648cc18823323e5/en/003368	en	1	i thank the lord you ain't get pregnant hoe fuck you
textdetox@01907546324b0330d2d8b7669648cc18823323e5/en/003369	en	1	Leave you weak boned neanderthal, you're primitive scum.
textdetox@01907546324b0330d2d8b7669648cc18823323e5/en/003370	en	1	Here is thot burn him alive
textdetox@01907546324b0330d2d8b7669648cc18823323e5/en/003371	en	1	Finally, a cunt ready to be filled balls deep with cum.
textdetox@01907546324b0330d2d8b7669648cc18823323e5/en/003372	en	1	everyone of y'all niggas i used to know suck mad dick fuck every single one of you
textdetox@01907546324b0330d2d8b7669648cc18823323e5/en/003373	en	1	I bet you love watching all your aryan brothers shooting up Mexicans huh?
textdetox@01907546324b0330d2d8b7669648cc18823323e5/en/003374	en	1	worst thing about conservative women: wide vagina
textdetox@01907546324b0330d2d8b7669648cc18823323e5/en/003375	en	1	Tf nigga slide your ass back out URL
textdetox@01907546324b0330d2d8b7669648cc18823323e5/en/003376	en	1	These disgusting cum dumpsters are the literal bottom of society you virgin
textdetox@01907546324b0330d2d8b7669648cc18823323e5/en/003377	en	1	i hate a ratchet bitch with clean pussy
textdetox@01907546324b0330d2d8b7669648cc18823323e5/en/003378	en	1	"Next up ""SUCK MY COCK HOMOPHOPE!"""
textdetox@01907546324b0330d2d8b7669648cc18823323e5/en/003379	en	1	Thats why all jews are evil
textdetox@01907546324b0330d2d8b7669648cc18823323e5/en/003380	en	1	Small dykes can slang some mean dick on a thick jawn youll be suprised URL
textdetox@01907546324b0330d2d8b7669648cc18823323e5/en/003381	en	1	Looks like another feminist agenda pushing beta male bashing pile of shite
textdetox@01907546324b0330d2d8b7669648cc18823323e5/en/003382	en	1	The real infestation in America is dumb fragile men like these dipshits.
textdetox@01907546324b0330d2d8b7669648cc18823323e5/en/003383	en	1	They're a bunch of insufferable bitches so most all women
textdetox@01907546324b0330d2d8b7669648cc18823323e5/en/003384	en	1	SEND IT HOME AMERICA absolutely HATES islam !
textdetox@01907546324b0330d2d8b7669648cc18823323e5/en/003385	en	1	To watch these fucking lowlifes, i think Europe is lost, no morality left, ready for Islam.
textdetox@01907546324b0330d2d8b7669648cc18823323e5/en/003386	en	1	fags talk to girls; real men post and rate pictures of men's physiques URL
textdetox@01907546324b0330d2d8b7669648cc18823323e5/en/003387	en	1	I'll rather cut her off cus niggas kill bout hoes
textdetox@01907546324b0330d2d8b7669648cc18823323e5/en/003388	en	1	Hoes need to stop birthing these ugly ass babies and callin them cute and shit idc idc
textdetox@01907546324b0330d2d8b7669648cc18823323e5/en/003389	en	1	Goodbye ghetto ass kids and their lowlife parents.
textdetox@01907546324b0330d2d8b7669648cc18823323e5/en/003390	en	1	Yo know yo pussy trash when a nigga rather fuck you with a condom on, Just saying.
textdetox@01907546324b0330d2d8b7669648cc18823323e5/en/003391	en	1	cant fuck w no nigga who easy to give his dick to the next bitch thats ghetto and dirty.
textdetox@01907546324b0330d2d8b7669648cc18823323e5/en/003392	en	1	THE BITCH'S ARE GOING AWAY
textdetox@01907546324b0330d2d8b7669648cc18823323e5/en/003393	en	1	I'll eat my cum out your pussy.
textdetox@01907546324b0330d2d8b7669648cc18823323e5/en/003394	en	1	Correction, 3rd wave feminists should die in a hole
textdetox@01907546324b0330d2d8b7669648cc18823323e5/en/003395	en	1	Go and take down other religious since religion is dumb
textdetox@01907546324b0330d2d8b7669648cc18823323e5/en/003396	en	1	I would hate fuck this slut
textdetox@01907546324b0330d2d8b7669648cc18823323e5/en/003397	en	1	He should be skinned to death sick cunt probably rapped her after
textdetox@01907546324b0330d2d8b7669648cc18823323e5/en/003398	en	1	Unknown he wack like u faggot
textdetox@01907546324b0330d2d8b7669648cc18823323e5/en/003399	en	1	Actually its the opposite, woman are picky ass bitches and men if horny enough will fuck anything
textdetox@01907546324b0330d2d8b7669648cc18823323e5/en/003400	en	1	AND THIS BITCH HAS THE AUDACITY TO CRY?
textdetox@01907546324b0330d2d8b7669648cc18823323e5/en/003401	en	1	Yall sum fake ass niggas on god.
textdetox@01907546324b0330d2d8b7669648cc18823323e5/en/003402	en	1	Stop fucking them in the pussy.
textdetox@01907546324b0330d2d8b7669648cc18823323e5/en/003403	en	1	Bitch you trash and your bitches is dumpsters
textdetox@01907546324b0330d2d8b7669648cc18823323e5/en/003404	en	1	Get these mexicans out of our great country.they come here and multiply like rabbits and look for hand me downs
textdetox@01907546324b0330d2d8b7669648cc18823323e5/en/003405	en	1	Deadass tho ,, buddy half past retarded for that one
textdetox@01907546324b0330d2d8b7669648cc18823323e5/en/003406	en	1	Yeah and those fuckers better stay in that shit country and not come here
textdetox@01907546324b0330d2d8b7669648cc18823323e5/en/003407	en	1	Disgusting and these the type of bitches you nigga bust big nuts in and impregnate
textdetox@01907546324b0330d2d8b7669648cc18823323e5/en/003408	en	1	We need to have people like you spayed and neutered!
textdetox@01907546324b0330d2d8b7669648cc18823323e5/en/003409	en	1	Y'all bitches annoying asf sucking &amp; fucking cucumbers where's your morals
textdetox@01907546324b0330d2d8b7669648cc18823323e5/en/003410	en	1	Clean your shits in Cambodia you chinx motherfuckers
textdetox@01907546324b0330d2d8b7669648cc18823323e5/en/003411	en	1	Try to kill chinese in china?
textdetox@01907546324b0330d2d8b7669648cc18823323e5/en/003412	en	1	use my cock to fuck yourself URL
textdetox@01907546324b0330d2d8b7669648cc18823323e5/en/003413	en	1	You're right she IS pretty ugly.
textdetox@01907546324b0330d2d8b7669648cc18823323e5/en/003414	en	1	Probably sucked a PILE of dong.
textdetox@01907546324b0330d2d8b7669648cc18823323e5/en/003415	en	1	is that suddenly worse than white trash?
textdetox@01907546324b0330d2d8b7669648cc18823323e5/en/003416	en	1	FUCK HIS WHORE ASS SO BAD IAM
textdetox@01907546324b0330d2d8b7669648cc18823323e5/en/003417	en	1	Hardin is a phucking racist pussy.
textdetox@01907546324b0330d2d8b7669648cc18823323e5/en/003418	en	1	שיר-לי bat Abraham mi shevet Ephraimyou dumb bitch !
textdetox@01907546324b0330d2d8b7669648cc18823323e5/en/003419	en	1	white Spaniards from Spain raped an squandered your land lol
textdetox@01907546324b0330d2d8b7669648cc18823323e5/en/003420	en	1	No she needs to get deported demon bitch is fake
textdetox@01907546324b0330d2d8b7669648cc18823323e5/en/003421	en	1	Shut the fuck up degenerate asswipe
textdetox@01907546324b0330d2d8b7669648cc18823323e5/en/003422	en	1	How about you suck my dick you fucking degenerate
textdetox@01907546324b0330d2d8b7669648cc18823323e5/en/003423	en	1	Damn Slime you acting different yeah fuck yall hoes and niggas
textdetox@01907546324b0330d2d8b7669648cc18823323e5/en/003424	en	1	Only issue is I hate pussies like you masquerading as a man, FUCK OFF
textdetox@01907546324b0330d2d8b7669648cc18823323e5/en/003425	en	1	hey bitch wassup bitch suck my dick bitch
textdetox@01907546324b0330d2d8b7669648cc18823323e5/en/003426	en	1	And then after we get the pussy y'all all type of fat bitches
textdetox@01907546324b0330d2d8b7669648cc18823323e5/en/003427	en	1	Like the dirty Slut that she is and pretends not to be!
textdetox@01907546324b0330d2d8b7669648cc18823323e5/en/003428	en	1	Nothin but bitches I be fuckin
textdetox@01907546324b0330d2d8b7669648cc18823323e5/en/003429	en	1	Can I just pound that pussy an pull your hair.
textdetox@01907546324b0330d2d8b7669648cc18823323e5/en/003430	en	1	Till I cum on your tits.
textdetox@01907546324b0330d2d8b7669648cc18823323e5/en/003431	en	1	Yo bitch lazy she fuck on her back EW EW get on them toes bitch
textdetox@01907546324b0330d2d8b7669648cc18823323e5/en/003432	en	1	I'd like to take turns fucking both your pussies
textdetox@01907546324b0330d2d8b7669648cc18823323e5/en/003433	en	1	fuck you dumb ass ugly ass bitch
textdetox@01907546324b0330d2d8b7669648cc18823323e5/en/003434	en	1	I hope you get charged for being a dickless loser
textdetox@01907546324b0330d2d8b7669648cc18823323e5/en/003435	en	1	delete me out this foolishness, nigger
textdetox@01907546324b0330d2d8b7669648cc18823323e5/en/003436	en	1	I want to drain my balls up her asshole!
textdetox@01907546324b0330d2d8b7669648cc18823323e5/en/003437	en	1	Johnny is just acting like a stupid white male who thinks everything obeys him.
textdetox@01907546324b0330d2d8b7669648cc18823323e5/en/003438	en	1	Imagine having a dick as small as mrdinglepants and trying to talk shit about anyone else's junk.
textdetox@01907546324b0330d2d8b7669648cc18823323e5/en/003439	en	1	Go fuck yourself if you muslim you hypocrite.
textdetox@01907546324b0330d2d8b7669648cc18823323e5/en/003440	en	1	BRIGHT SIDE hey US thanks for killing middle eastern people even they didn't ask for sleep!
textdetox@01907546324b0330d2d8b7669648cc18823323e5/en/003441	en	1	Razi of course but we do not change their gender as your Satanic religious leaders do.
textdetox@01907546324b0330d2d8b7669648cc18823323e5/en/003442	en	1	They should take that shit back to Africa
textdetox@01907546324b0330d2d8b7669648cc18823323e5/en/003443	en	1	I wish I could punch this dumb bitch.
textdetox@01907546324b0330d2d8b7669648cc18823323e5/en/003444	en	1	Which is the restroom for women with penises?
textdetox@01907546324b0330d2d8b7669648cc18823323e5/en/003445	en	1	He said that's Nancy pelosi's type taco eating whore
textdetox@01907546324b0330d2d8b7669648cc18823323e5/en/003446	en	1	I'd like to see you tell even one of them to his face that their culture is trashy.
textdetox@01907546324b0330d2d8b7669648cc18823323e5/en/003447	en	1	I want to punch this bitch in the throat URL
textdetox@01907546324b0330d2d8b7669648cc18823323e5/en/003448	en	1	you bitches dumb &amp; these niggas dumber dumbasses
textdetox@01907546324b0330d2d8b7669648cc18823323e5/en/003449	en	1	Weebs of any gender are surprisingly welcoming of penises
textdetox@01907546324b0330d2d8b7669648cc18823323e5/en/003450	en	1	#Porn #Pornstar Black dude bangs #KagneyLinnKarter in her ass and pussy URL
textdetox@01907546324b0330d2d8b7669648cc18823323e5/en/003451	en	1	Nothing can be done about being retarded, rather be a retard than a bitch.
textdetox@01907546324b0330d2d8b7669648cc18823323e5/en/003452	en	1	This woman is a true IDIOT!
textdetox@01907546324b0330d2d8b7669648cc18823323e5/en/003453	en	1	KIDS eyed bet u an uglier bitch huh tubby
textdetox@01907546324b0330d2d8b7669648cc18823323e5/en/003454	en	1	Fucking imbecile cunts, never forget the genocides and murders they did.
textdetox@01907546324b0330d2d8b7669648cc18823323e5/en/003455	en	1	Like the dirty little whore she is
textdetox@01907546324b0330d2d8b7669648cc18823323e5/en/003456	en	1	more proof that whites are subhuman
textdetox@01907546324b0330d2d8b7669648cc18823323e5/en/003457	en	1	Her shaven maid pussy getting blasted with intensity URL
textdetox@01907546324b0330d2d8b7669648cc18823323e5/en/003458	en	1	That girl need her ass beat URL
textdetox@01907546324b0330d2d8b7669648cc18823323e5/en/003459	en	1	this nigga look gay as hell iM DEAD
textdetox@01907546324b0330d2d8b7669648cc18823323e5/en/003460	en	1	you paid to be called a faggot and that's what u fuckin got URL
textdetox@01907546324b0330d2d8b7669648cc18823323e5/en/003461	en	1	As long as those fake Jews run things, this crap will continue, anything for a shekel
textdetox@01907546324b0330d2d8b7669648cc18823323e5/en/003462	en	1	Just here for the ratio you homophobic bitch URL
textdetox@01907546324b0330d2d8b7669648cc18823323e5/en/003463	en	1	I hope justice is served on this disgusting Muslim countries in prison
textdetox@01907546324b0330d2d8b7669648cc18823323e5/en/003464	en	1	Ima talk trash on that dumb bitch till the day she finally kill her pathetic ass self
textdetox@01907546324b0330d2d8b7669648cc18823323e5/en/003465	en	1	Same, girls are retarded in some ways
textdetox@01907546324b0330d2d8b7669648cc18823323e5/en/003466	en	1	I hate bitches with a 1,000 nigga friends fuck round be with the opps u gone get shot with them
textdetox@01907546324b0330d2d8b7669648cc18823323e5/en/003467	en	1	"How can people actually be this retarded especially that Exclusive Nightclub chick ""K!"""
textdetox@01907546324b0330d2d8b7669648cc18823323e5/en/003468	en	1	Can we go to their country and kill their people with impunity?
textdetox@01907546324b0330d2d8b7669648cc18823323e5/en/003469	en	1	MoorsAreIsraelites you fools can't even crush garlic your completely retarded.
textdetox@01907546324b0330d2d8b7669648cc18823323e5/en/003470	en	1	Z suck a bag full of white dicks
textdetox@01907546324b0330d2d8b7669648cc18823323e5/en/003471	en	1	Why we always around bitches but you always the baddest?
textdetox@01907546324b0330d2d8b7669648cc18823323e5/en/003472	en	1	Im gonna commit suicide by drinking her pussy juice
textdetox@01907546324b0330d2d8b7669648cc18823323e5/en/003473	en	1	Drop all them hoes like bombs.
textdetox@01907546324b0330d2d8b7669648cc18823323e5/en/003474	en	1	I will fucking destroy ur bloodline u fucking bitch
textdetox@01907546324b0330d2d8b7669648cc18823323e5/en/003475	en	1	Aimee's a punk ass bitch
textdetox@01907546324b0330d2d8b7669648cc18823323e5/en/003476	en	1	Yeah modern kids especially brown kids would be under the jail pulling this shit.
textdetox@01907546324b0330d2d8b7669648cc18823323e5/en/003477	en	1	He's deadass got giant red lips you slackjawed mook
textdetox@01907546324b0330d2d8b7669648cc18823323e5/en/003478	en	1	All y'all little young niggas do around here is ride dick!!!!
textdetox@01907546324b0330d2d8b7669648cc18823323e5/en/003479	en	1	Haha you're a fucking fag
textdetox@01907546324b0330d2d8b7669648cc18823323e5/en/003480	en	1	"they spend their time sexually assaulting ""whore white women"""
textdetox@01907546324b0330d2d8b7669648cc18823323e5/en/003481	en	1	Bitches who stay with abusive men are so stupid like damn bitch I wanna punch you too
textdetox@01907546324b0330d2d8b7669648cc18823323e5/en/003482	en	1	Replace white people, I hate them
textdetox@01907546324b0330d2d8b7669648cc18823323e5/en/003483	en	1	Scumo = fat useless christian cunt who only cares about his rich criminal mates
textdetox@01907546324b0330d2d8b7669648cc18823323e5/en/003484	en	1	No you're a dumbfuck incel about to go on a rampage.
textdetox@01907546324b0330d2d8b7669648cc18823323e5/en/003485	en	1	Run Ur mouth I guarantee Ur a weak bitch irl
textdetox@01907546324b0330d2d8b7669648cc18823323e5/en/003486	en	1	fvck all of you dumb btches i hope you rot in hell URL
textdetox@01907546324b0330d2d8b7669648cc18823323e5/en/003487	en	1	post reply, or else i will shove my BBC up ur cracka ass yoyoyoy
textdetox@01907546324b0330d2d8b7669648cc18823323e5/en/003488	en	1	Time to kill the paki terrorist pig #HafizSaeed .
textdetox@01907546324b0330d2d8b7669648cc18823323e5/en/003489	en	1	That's a lot of skanky whores.
textdetox@01907546324b0330d2d8b7669648cc18823323e5/en/003490	en	1	HURRY UP AND LIKE THIS FAGS SO I CAN LEAVE AGAIN
textdetox@01907546324b0330d2d8b7669648cc18823323e5/en/003491	en	1	imagine sucking my dick and feeling my cum shoot down your throat you piece of garbage
textdetox@01907546324b0330d2d8b7669648cc18823323e5/en/003492	en	1	Wow I'd love to shove my cock in between them and titty fuck you!
textdetox@01907546324b0330d2d8b7669648cc18823323e5/en/003493	en	1	Arabs like to bomb crap and live in open sewage.
textdetox@01907546324b0330d2d8b7669648cc18823323e5/en/003494	en	1	Shut up you disingenuous fuckface, you're obviously white
textdetox@01907546324b0330d2d8b7669648cc18823323e5/en/003495	en	1	WHY IS RICHIE DARK SKINNED FUCK THAT SHIT!
textdetox@01907546324b0330d2d8b7669648cc18823323e5/en/003496	en	1	Send the Candian trash in the Phillipines to them!
textdetox@01907546324b0330d2d8b7669648cc18823323e5/en/003497	en	1	are you mentally retarded, a gay, or both?
textdetox@01907546324b0330d2d8b7669648cc18823323e5/en/003498	en	1	dumb goes bum hoes fuck i can't stand em'
textdetox@01907546324b0330d2d8b7669648cc18823323e5/en/003499	en	1	I would slap your whore face while I make you eat my superior cunt
textdetox@01907546324b0330d2d8b7669648cc18823323e5/en/003500	en	1	YOUR MOTHER WAS A DUMP WHORE WITH A FAT ARSE
textdetox@01907546324b0330d2d8b7669648cc18823323e5/en/003501	en	1	Will fuck you suarrrrrrrrrrrrrrrrr,get out from my country Namak haram
textdetox@01907546324b0330d2d8b7669648cc18823323e5/en/003502	en	1	Clearly you're the faggot here.
textdetox@01907546324b0330d2d8b7669648cc18823323e5/en/003503	en	1	The middle east if filled with scum
textdetox@01907546324b0330d2d8b7669648cc18823323e5/en/003504	en	1	Move to Pakistan you anti American.
textdetox@01907546324b0330d2d8b7669648cc18823323e5/en/003505	en	1	I ain't give her shit for the pussy!
textdetox@01907546324b0330d2d8b7669648cc18823323e5/en/003506	en	1	&gt;toxic You talk like a fag.
textdetox@01907546324b0330d2d8b7669648cc18823323e5/en/003507	en	1	Fuck Russia, fucking pieces of shit.
textdetox@01907546324b0330d2d8b7669648cc18823323e5/en/003508	en	1	I hope she drugs and rapes him
textdetox@01907546324b0330d2d8b7669648cc18823323e5/en/003509	en	1	Shitting on white supremacists specifically is not the same thing as shitting on white people in general
textdetox@01907546324b0330d2d8b7669648cc18823323e5/en/003510	en	1	Cuz nasty fuckin people exist in America and their emboldened by a dipshit with a megaphone
textdetox@01907546324b0330d2d8b7669648cc18823323e5/en/003511	en	1	you are a fucking douche how can you constantly suck dick and not call yourself a fag
textdetox@01907546324b0330d2d8b7669648cc18823323e5/en/003512	en	1	I bet men in their 70s shoot their cum to this little whore
textdetox@01907546324b0330d2d8b7669648cc18823323e5/en/003513	en	1	Yes deport all of that filth out of Europe that doesn't belong there
textdetox@01907546324b0330d2d8b7669648cc18823323e5/en/003514	en	1	I would fuck you bareback so hard, and empty my balls in your pussy.
textdetox@01907546324b0330d2d8b7669648cc18823323e5/en/003515	en	1	want this stupid dyke to choke me out URL
textdetox@01907546324b0330d2d8b7669648cc18823323e5/en/003516	en	1	Mohammed should be drawn on toilet paper and Koran should be rewritten
textdetox@01907546324b0330d2d8b7669648cc18823323e5/en/003517	en	1	So then move there, see how welcoming they are to your pasty white faggot ass
textdetox@01907546324b0330d2d8b7669648cc18823323e5/en/003518	en	1	You're a fake fuck with a fake dick!
textdetox@01907546324b0330d2d8b7669648cc18823323e5/en/003519	en	1	What a bunch of flaccid, #LowT losers.
textdetox@01907546324b0330d2d8b7669648cc18823323e5/en/003520	en	1	I'd fuck your pussy so deep you'd choke on my cock.
textdetox@01907546324b0330d2d8b7669648cc18823323e5/en/003521	en	1	I wish every person on the planet died of anus rape
textdetox@01907546324b0330d2d8b7669648cc18823323e5/en/003522	en	1	I hope your mother dies in crippling agony.
textdetox@01907546324b0330d2d8b7669648cc18823323e5/en/003523	en	1	Time to make Iran history full of retarded looneys
textdetox@01907546324b0330d2d8b7669648cc18823323e5/en/003524	en	1	All you hoes do is drink and smoke on the daily lmao worthless
textdetox@01907546324b0330d2d8b7669648cc18823323e5/en/003525	en	1	Little dicks deserve to suffer and so do the pathetic man-babies attached to them.
textdetox@01907546324b0330d2d8b7669648cc18823323e5/en/003526	en	1	Fuck India, what a piece of shit.
textdetox@01907546324b0330d2d8b7669648cc18823323e5/en/003527	en	1	Stop fucking niggas that got hot cheeto dust and blunt residue under their finger nails
textdetox@01907546324b0330d2d8b7669648cc18823323e5/en/003528	en	1	YOU CAN SUCK MY DICK, MY COCK, MY BALLS, MY SCHLONG.
textdetox@01907546324b0330d2d8b7669648cc18823323e5/en/003529	en	1	If you want Mexico , move there you stupid fucks.
textdetox@01907546324b0330d2d8b7669648cc18823323e5/en/003530	en	1	Now this what you call white trash.
textdetox@01907546324b0330d2d8b7669648cc18823323e5/en/003531	en	1	*Satan saved Christmas by getting a headshot on God who wanted to shoot us with sexual desires.
textdetox@01907546324b0330d2d8b7669648cc18823323e5/en/003532	en	1	Gay faggots there a hate comment track me now bitch
textdetox@01907546324b0330d2d8b7669648cc18823323e5/en/003533	en	1	Hey faggot I need some gas money.
textdetox@01907546324b0330d2d8b7669648cc18823323e5/en/003534	en	1	Tell em shoot her in the face, bitch, I hate thots URL
textdetox@01907546324b0330d2d8b7669648cc18823323e5/en/003535	en	1	Get ur faggot ass off my shit
textdetox@01907546324b0330d2d8b7669648cc18823323e5/en/003536	en	1	She was a whore who craved multiple cocks in her cunt.
textdetox@01907546324b0330d2d8b7669648cc18823323e5/en/003537	en	1	Omg shut up you dick riding faggot
textdetox@01907546324b0330d2d8b7669648cc18823323e5/en/003538	en	1	go fuk an elephant then bitch
textdetox@01907546324b0330d2d8b7669648cc18823323e5/en/003539	en	1	Fuck off, I have no time for your insane faggotry
textdetox@01907546324b0330d2d8b7669648cc18823323e5/en/003540	en	1	Because he's a bitch and constantly need attention like a women
textdetox@01907546324b0330d2d8b7669648cc18823323e5/en/003541	en	1	Fuck china, fuck the triads, fuck these police.
textdetox@01907546324b0330d2d8b7669648cc18823323e5/en/003542	en	1	At least I have fewer chromosomes than you, bitch
textdetox@01907546324b0330d2d8b7669648cc18823323e5/en/003543	en	1	Bitches piss me off thot ass hoes
textdetox@01907546324b0330d2d8b7669648cc18823323e5/en/003544	en	1	Gay schooli hope i could shove my hoe into these bitches ass
textdetox@01907546324b0330d2d8b7669648cc18823323e5/en/003545	en	1	You're what happens when a midget fucks a badger.
textdetox@01907546324b0330d2d8b7669648cc18823323e5/en/003546	en	1	fuck israel fuck israel FUCK ISRAEL URL
textdetox@01907546324b0330d2d8b7669648cc18823323e5/en/003547	en	1	Dumbass bauns need to stop reproducing.
textdetox@01907546324b0330d2d8b7669648cc18823323e5/en/003548	en	1	It's fair game once you disrespect me fuck her ass
textdetox@01907546324b0330d2d8b7669648cc18823323e5/en/003549	en	1	That bitch look like 9/11 the day after.
textdetox@01907546324b0330d2d8b7669648cc18823323e5/en/003550	en	1	wow i look so dumb flaunting this nigga when the whole time he been fuckin someone else
textdetox@01907546324b0330d2d8b7669648cc18823323e5/en/003551	en	1	yeah lissi what a fucking dumbass bitch hoe
textdetox@01907546324b0330d2d8b7669648cc18823323e5/en/003552	en	1	BITCH GET A LIFE instead being racist piece of shit
textdetox@01907546324b0330d2d8b7669648cc18823323e5/en/003553	en	1	You throw a gay man off the roof.
textdetox@01907546324b0330d2d8b7669648cc18823323e5/en/003554	en	1	I'd fucking bend her over and fuck her holes and cum all over her face.
textdetox@01907546324b0330d2d8b7669648cc18823323e5/en/003555	en	1	ur not a lesbian ur a whole ass n*gga URL
textdetox@01907546324b0330d2d8b7669648cc18823323e5/en/003556	en	1	You don't need that slut in your life
textdetox@01907546324b0330d2d8b7669648cc18823323e5/en/003557	en	1	Can hit your bitch you can never hit mine nigga
textdetox@01907546324b0330d2d8b7669648cc18823323e5/en/003558	en	1	Fuck white people they bring nothing but death in their wake
textdetox@01907546324b0330d2d8b7669648cc18823323e5/en/003559	en	1	2 gays 1 child and 1 normal human Wtf?
textdetox@01907546324b0330d2d8b7669648cc18823323e5/en/003560	en	1	Forget her cunt and ass and fuck her face till she pukes!
textdetox@01907546324b0330d2d8b7669648cc18823323e5/en/003561	en	1	Fuck you Noot Noot Harime fucking fashion cunt tailor cunt looking bug as eye looking no arm be having bitch
textdetox@01907546324b0330d2d8b7669648cc18823323e5/en/003562	en	1	AM GOD you stupid white people rape more than Hispanic
textdetox@01907546324b0330d2d8b7669648cc18823323e5/en/003563	en	1	I hope that hatefull greedy bich chokes on her dentures.yesterday
textdetox@01907546324b0330d2d8b7669648cc18823323e5/en/003564	en	1	Go choke on a bag of flaming dicks you little bitch.
textdetox@01907546324b0330d2d8b7669648cc18823323e5/en/003565	en	1	For every bad b*tch there's a nigga tired of fcuking her - URL
textdetox@01907546324b0330d2d8b7669648cc18823323e5/en/003566	en	1	Oh, eat sh*t, you cowardly evangelical terrorist.
textdetox@01907546324b0330d2d8b7669648cc18823323e5/en/003567	en	1	Jesus you're a triggered cunt.
textdetox@01907546324b0330d2d8b7669648cc18823323e5/en/003568	en	1	Haha silly america making whores illegal
textdetox@01907546324b0330d2d8b7669648cc18823323e5/en/003569	en	1	You're either an Islamic terrorist or or a moron.
textdetox@01907546324b0330d2d8b7669648cc18823323e5/en/003570	en	1	ugly ass dyke ass annoying ass short ass having bich
textdetox@01907546324b0330d2d8b7669648cc18823323e5/en/003571	en	1	Your nigga don't suck toes or eat ass he a bitch.
textdetox@01907546324b0330d2d8b7669648cc18823323e5/en/003572	en	1	Men like this need to be eradicated from the earth
textdetox@01907546324b0330d2d8b7669648cc18823323e5/en/003573	en	1	Then get the fuck outta here you fucking bitch.
textdetox@01907546324b0330d2d8b7669648cc18823323e5/en/003574	en	1	i want to throw up wtf men are fucking trash
textdetox@01907546324b0330d2d8b7669648cc18823323e5/en/003575	en	1	frick her right in the pussy
textdetox@01907546324b0330d2d8b7669648cc18823323e5/en/003576	en	1	If this dumb ass bitch don't shut the hell up
textdetox@01907546324b0330d2d8b7669648cc18823323e5/en/003577	en	1	bitch should be masturbating while im fucking
textdetox@01907546324b0330d2d8b7669648cc18823323e5/en/003578	en	1	girl if they dont shut the fuck up URL
textdetox@01907546324b0330d2d8b7669648cc18823323e5/en/003579	en	1	Damn rap really went to total faggot shit
textdetox@01907546324b0330d2d8b7669648cc18823323e5/en/003580	en	1	She looks like a washed up porn star
textdetox@01907546324b0330d2d8b7669648cc18823323e5/en/003581	en	1	Yeah, I fucked your mom last night
textdetox@01907546324b0330d2d8b7669648cc18823323e5/en/003582	en	1	I agree, let's send all the white trash back to Alabama or whatever dump state they came from
textdetox@01907546324b0330d2d8b7669648cc18823323e5/en/003583	en	1	Yall bitches be groupies to niggas that be in my dms lol lame
textdetox@01907546324b0330d2d8b7669648cc18823323e5/en/003584	en	1	i hate the females in this generation , seriously.
textdetox@01907546324b0330d2d8b7669648cc18823323e5/en/003585	en	1	For that you're catching additional charges of aggravated faggotry which carries the death penalty
textdetox@01907546324b0330d2d8b7669648cc18823323e5/en/003586	en	1	What a cunt of a women
textdetox@01907546324b0330d2d8b7669648cc18823323e5/en/003587	en	1	Shut your trap you soyboy go back to your #blacklivesmatter protest
textdetox@01907546324b0330d2d8b7669648cc18823323e5/en/003588	en	1	You niggas aint shit outside of school
textdetox@01907546324b0330d2d8b7669648cc18823323e5/en/003589	en	1	I'd deport them all to feminist shithole Sweden.
textdetox@01907546324b0330d2d8b7669648cc18823323e5/en/003590	en	1	This Pig can,t stand the fact Obama was black.
textdetox@01907546324b0330d2d8b7669648cc18823323e5/en/003591	en	1	Females are still sluts that only go for CHADS smh
textdetox@01907546324b0330d2d8b7669648cc18823323e5/en/003592	en	1	Omg let's find this psychotic bitch
textdetox@01907546324b0330d2d8b7669648cc18823323e5/en/003593	en	1	Muscle bear gay jerk off and cumshot at work URL
textdetox@01907546324b0330d2d8b7669648cc18823323e5/en/003594	en	1	Don't project your grandpas faggotry on mine
textdetox@01907546324b0330d2d8b7669648cc18823323e5/en/003595	en	1	Stupid ass white boy go back to school and shoot something
textdetox@01907546324b0330d2d8b7669648cc18823323e5/en/003596	en	1	Bunch of whack niggas on this app
textdetox@01907546324b0330d2d8b7669648cc18823323e5/en/003597	en	1	hot girls just fuck off you fucking troglodyte
textdetox@01907546324b0330d2d8b7669648cc18823323e5/en/003598	en	1	I'm sure these dipshit redneck yokels already shot her and that's why the baby is alone.
textdetox@01907546324b0330d2d8b7669648cc18823323e5/en/003599	en	1	aww booboo - does the nasty woman intimidate your minuscule manhood?
textdetox@01907546324b0330d2d8b7669648cc18823323e5/en/003600	en	1	Boi said he 21 and bitches think he in hs still I'm in tears
textdetox@01907546324b0330d2d8b7669648cc18823323e5/en/003601	en	1	Juicy pussy needs to be fucked
textdetox@01907546324b0330d2d8b7669648cc18823323e5/en/003602	en	1	Suck my dick and balls loser
textdetox@01907546324b0330d2d8b7669648cc18823323e5/en/003603	en	1	Just fucking lol at this idiot who thinks nazis who hated Jews would have welcomed blacks with open arms
textdetox@01907546324b0330d2d8b7669648cc18823323e5/en/003604	en	1	Why do all the crazy ass nasty white boys looks sick and deformed in the face?
textdetox@01907546324b0330d2d8b7669648cc18823323e5/en/003605	en	1	A little fuckin gay shit trash head
textdetox@01907546324b0330d2d8b7669648cc18823323e5/en/003606	en	1	Looks like a couple fags doing faggy ideas outside, hitting weed like a cuck
textdetox@01907546324b0330d2d8b7669648cc18823323e5/en/003607	en	1	Put a dome over China and let them breathe their own shit!
textdetox@01907546324b0330d2d8b7669648cc18823323e5/en/003608	en	1	It's a war on women &amp; it's time we knock these men the fuck out
textdetox@01907546324b0330d2d8b7669648cc18823323e5/en/003609	en	1	And 10 Pakistani street shit eaters
textdetox@01907546324b0330d2d8b7669648cc18823323e5/en/003610	en	1	Islam is a shit religion too.
textdetox@01907546324b0330d2d8b7669648cc18823323e5/en/003611	en	1	Yal niggas gone get pregnant from all that dick riding
textdetox@01907546324b0330d2d8b7669648cc18823323e5/en/003612	en	1	Oh look a chapo fag is upset
textdetox@01907546324b0330d2d8b7669648cc18823323e5/en/003613	en	1	lol this nigga actually believes those retarded black israelites
textdetox@01907546324b0330d2d8b7669648cc18823323e5/en/003614	en	1	She need to clorox her crotch cause she is full of shit!
textdetox@01907546324b0330d2d8b7669648cc18823323e5/en/003615	en	1	Fill my nigger mouth with your white cock
textdetox@01907546324b0330d2d8b7669648cc18823323e5/en/003616	en	1	Lock the cunt up for life
textdetox@01907546324b0330d2d8b7669648cc18823323e5/en/003617	en	1	what a pathetic excuse for a human being she is
textdetox@01907546324b0330d2d8b7669648cc18823323e5/en/003618	en	1	I'd suck and fuck that fat cunt
textdetox@01907546324b0330d2d8b7669648cc18823323e5/en/003619	en	1	Send fuckin help I'm steaming but it's awrite cause I'll get a fag in 2.5 hours
textdetox@01907546324b0330d2d8b7669648cc18823323e5/en/003620	en	1	Take it back to 9gag you fuck.
textdetox@01907546324b0330d2d8b7669648cc18823323e5/en/003621	en	1	This woman is the scum of the earth
textdetox@01907546324b0330d2d8b7669648cc18823323e5/en/003622	en	1	#BURN IN HOLY BREAD YA FUCKING BITCH
textdetox@01907546324b0330d2d8b7669648cc18823323e5/en/003623	en	1	That pussy needs to get wrecked
textdetox@01907546324b0330d2d8b7669648cc18823323e5/en/003624	en	1	They're unfunny fags even without the chapo overlap.
textdetox@01907546324b0330d2d8b7669648cc18823323e5/en/003625	en	1	Please submit yourself for 20 lashes and/or a beheading.
textdetox@01907546324b0330d2d8b7669648cc18823323e5/en/003626	en	1	I would shoot it down you degenerate muslim.
textdetox@01907546324b0330d2d8b7669648cc18823323e5/en/003627	en	1	Watch a nigga get deported for some dumb shit like this.
textdetox@01907546324b0330d2d8b7669648cc18823323e5/en/003628	en	1	These niggas so foul, they'll take ya life for a bag of loud
textdetox@01907546324b0330d2d8b7669648cc18823323e5/en/003629	en	1	STFU YOU WHITE PIECE OF SHIT
textdetox@01907546324b0330d2d8b7669648cc18823323e5/en/003630	en	1	The only education that you will have is my white superior cock, fucking nigger slut.
textdetox@01907546324b0330d2d8b7669648cc18823323e5/en/003631	en	1	What be goin thru u dumb ass niggas heads huh?
textdetox@01907546324b0330d2d8b7669648cc18823323e5/en/003632	en	1	Fuck them opp ass Playstation ass niggas
textdetox@01907546324b0330d2d8b7669648cc18823323e5/en/003633	en	1	I'm convinced this generation is filled with soft ass bitches
textdetox@01907546324b0330d2d8b7669648cc18823323e5/en/003634	en	1	Told the bitch shut up, you about to fuck my nut up
textdetox@01907546324b0330d2d8b7669648cc18823323e5/en/003635	en	1	She should edge herself with a mouth full of cum
textdetox@01907546324b0330d2d8b7669648cc18823323e5/en/003636	en	1	Nut on her face treat her like a cum bucket URL via
textdetox@01907546324b0330d2d8b7669648cc18823323e5/en/003637	en	1	I hate 12 ion care bitch ass niggas
textdetox@01907546324b0330d2d8b7669648cc18823323e5/en/003638	en	1	Bro, i suggest you die off retard.
textdetox@01907546324b0330d2d8b7669648cc18823323e5/en/003639	en	1	Sometimes you gotta have a baby on a nigga to show him you not playing
textdetox@01907546324b0330d2d8b7669648cc18823323e5/en/003640	en	1	I'm run a train on all for sluts fuck thos fucking fuck AOC fuck all thos britches
textdetox@01907546324b0330d2d8b7669648cc18823323e5/en/003641	en	1	Holy fuck, she really is ugly as a motherfucker
textdetox@01907546324b0330d2d8b7669648cc18823323e5/en/003642	en	1	Let me cut their dicks off too.
textdetox@01907546324b0330d2d8b7669648cc18823323e5/en/003643	en	1	She deserves to be sprayed down with cum
textdetox@01907546324b0330d2d8b7669648cc18823323e5/en/003644	en	1	I'd love to slip a ring-gag in that mouth and skull fuck her until my balls were empty.
textdetox@01907546324b0330d2d8b7669648cc18823323e5/en/003645	en	1	Good, fuck these low life people.
textdetox@01907546324b0330d2d8b7669648cc18823323e5/en/003646	en	1	TELL THEM PUSSY CRACKAS THEY CAN BRING THE DOGS
textdetox@01907546324b0330d2d8b7669648cc18823323e5/en/003647	en	1	Of course all men are scum we know this
textdetox@01907546324b0330d2d8b7669648cc18823323e5/en/003648	en	1	I bet you're a jap.
textdetox@01907546324b0330d2d8b7669648cc18823323e5/en/003649	en	1	Patel lol fuck t series you skinny Indian twat
textdetox@01907546324b0330d2d8b7669648cc18823323e5/en/003650	en	1	Get the Muslims out of your country before it's too late
textdetox@01907546324b0330d2d8b7669648cc18823323e5/en/003651	en	1	Bring it, Rambo wannabe mediocre old white assholes.
textdetox@01907546324b0330d2d8b7669648cc18823323e5/en/003652	en	1	bitch fuck you and yo stupid ass nigga
textdetox@01907546324b0330d2d8b7669648cc18823323e5/en/003653	en	1	Nasty bitch go raise your children
textdetox@01907546324b0330d2d8b7669648cc18823323e5/en/003654	en	1	Fuck off you mentally ill degenerate.
textdetox@01907546324b0330d2d8b7669648cc18823323e5/en/003655	en	1	She looks like she has mental issues.
textdetox@01907546324b0330d2d8b7669648cc18823323e5/en/003656	en	1	Maybe after that, they'll fix where ever you're from because people like you are retarded.
textdetox@01907546324b0330d2d8b7669648cc18823323e5/en/003657	en	1	That guy already looks like the biggest faggot of the week
textdetox@01907546324b0330d2d8b7669648cc18823323e5/en/003658	en	1	Whole world should restrict these evil creatures called AMERICANS from entering their countries !
textdetox@01907546324b0330d2d8b7669648cc18823323e5/en/003659	en	1	Take them titties out while you suck my dick
textdetox@01907546324b0330d2d8b7669648cc18823323e5/en/003660	en	1	How ugly can u Bee Mother fucker
textdetox@01907546324b0330d2d8b7669648cc18823323e5/en/003661	en	1	couldn't wait one day you stupid fucking cunt kill yourself
textdetox@01907546324b0330d2d8b7669648cc18823323e5/en/003662	en	1	The one klu Klux Donnie hung around with just as bigger rapists as he is motherfucker
textdetox@01907546324b0330d2d8b7669648cc18823323e5/en/003663	en	1	And I hate racists, so fuck off /u/Fuggnaggers
textdetox@01907546324b0330d2d8b7669648cc18823323e5/en/003664	en	1	Girls literally only want one thing and it's disgusting URL
textdetox@01907546324b0330d2d8b7669648cc18823323e5/en/003665	en	1	Should've beat that other nig's ass too.
textdetox@01907546324b0330d2d8b7669648cc18823323e5/en/003666	en	1	Look at all these Israeli fucks in the comment section.
textdetox@01907546324b0330d2d8b7669648cc18823323e5/en/003667	en	1	Honestly nobody gives a fuck you fake bitch
textdetox@01907546324b0330d2d8b7669648cc18823323e5/en/003668	en	1	Let's send back the white trash to their origins then we can send Ilhan
textdetox@01907546324b0330d2d8b7669648cc18823323e5/en/003669	en	1	U have to be on my dick to be mine
textdetox@01907546324b0330d2d8b7669648cc18823323e5/en/003670	en	1	What a bunch of weak, sensitive fags.
textdetox@01907546324b0330d2d8b7669648cc18823323e5/en/003671	en	1	shut up idiot i dont care i do not watch your videos because you are black
textdetox@01907546324b0330d2d8b7669648cc18823323e5/en/003672	en	1	Son of all your fucking mother, I hope you die stupid, chinga Your mother
textdetox@01907546324b0330d2d8b7669648cc18823323e5/en/003673	en	1	niggas ain't meant to be fucked wit nd bitches ain't meant to be trusted
textdetox@01907546324b0330d2d8b7669648cc18823323e5/en/003674	en	1	Niggas do you wrong and act like they ain't do shit
textdetox@01907546324b0330d2d8b7669648cc18823323e5/en/003675	en	1	Doctor Homosexual who sucks asian cocks and roided so hard his blood was borderline strawberry jelly
textdetox@01907546324b0330d2d8b7669648cc18823323e5/en/003676	en	1	We should nuke all the whites amirite?
textdetox@01907546324b0330d2d8b7669648cc18823323e5/en/003677	en	1	THESE PATRIOTS ARE FAT UGLY WHITE WOMEN ON BENEFITS.
textdetox@01907546324b0330d2d8b7669648cc18823323e5/en/003678	en	1	These guys should be punched in the junk repeatedly to ensure that they never reproduce.
textdetox@01907546324b0330d2d8b7669648cc18823323e5/en/003679	en	1	No I got mad because you're a stupid fucking faggot
textdetox@01907546324b0330d2d8b7669648cc18823323e5/en/003680	en	1	That b¡tch should be in prison FR
textdetox@01907546324b0330d2d8b7669648cc18823323e5/en/003681	en	1	What is uglier than a Latina skank?
textdetox@01907546324b0330d2d8b7669648cc18823323e5/en/003682	en	1	a Latina skank with piercings lol
textdetox@01907546324b0330d2d8b7669648cc18823323e5/en/003683	en	1	Tomi Lauren identifies as a dumb fucking conservathot.
textdetox@01907546324b0330d2d8b7669648cc18823323e5/en/003684	en	1	All four are evil vile women that need to go back to their own countries!
textdetox@01907546324b0330d2d8b7669648cc18823323e5/en/003685	en	1	France destroying their country with immigrants and ignoring it
textdetox@01907546324b0330d2d8b7669648cc18823323e5/en/003686	en	1	Don't go to third world countries filled with violent low IQ third worlders.
textdetox@01907546324b0330d2d8b7669648cc18823323e5/en/003687	en	1	They're just mad they didn't get to rape her.
textdetox@01907546324b0330d2d8b7669648cc18823323e5/en/003688	en	1	I'd fuck her into next week and cum in all her holes
textdetox@01907546324b0330d2d8b7669648cc18823323e5/en/003689	en	1	You slap his lil fagot ass around
textdetox@01907546324b0330d2d8b7669648cc18823323e5/en/003690	en	1	No child fucker here, you stupid ignorant American.
textdetox@01907546324b0330d2d8b7669648cc18823323e5/en/003691	en	1	Streets talking that's a rat nigga
textdetox@01907546324b0330d2d8b7669648cc18823323e5/en/003692	en	1	niggas dumb as hell for no reason at all
textdetox@01907546324b0330d2d8b7669648cc18823323e5/en/003693	en	1	STOP GASSING THESE HOES UP FOR PUSSY LOL THESE BITCHES ACTUALLY THINK THEY BAD
textdetox@01907546324b0330d2d8b7669648cc18823323e5/en/003694	en	1	Islamic terrorists: smoke 'em if you got 'em.
textdetox@01907546324b0330d2d8b7669648cc18823323e5/en/003695	en	1	Even these damn aliens are std infested fuckboys UGH
textdetox@01907546324b0330d2d8b7669648cc18823323e5/en/003696	en	1	People like this should have been aborted
textdetox@01907546324b0330d2d8b7669648cc18823323e5/en/003697	en	1	Had to unfollow this pretty girl because she's a dumb bitch
textdetox@01907546324b0330d2d8b7669648cc18823323e5/en/003698	en	1	If Islam is true, the Virgin Marry is part of the trinity and Muhammad is a pedophile.
textdetox@01907546324b0330d2d8b7669648cc18823323e5/en/003699	en	1	She make da whole dick disappear once I fuck I b like yuck I wish this bitch disappear
textdetox@01907546324b0330d2d8b7669648cc18823323e5/en/003700	en	1	These are dumb faggots I ever knew wow
textdetox@01907546324b0330d2d8b7669648cc18823323e5/en/003701	en	1	Tell me about it I just unsubbed from r/blackpeople twitter for calling them a bunch of niggers smh #justiceforgamers
textdetox@01907546324b0330d2d8b7669648cc18823323e5/en/003702	en	1	Better tell that to your church's pedophiles who molest boys.
textdetox@01907546324b0330d2d8b7669648cc18823323e5/en/003703	en	1	You are going straight to hell woman
textdetox@01907546324b0330d2d8b7669648cc18823323e5/en/003704	en	1	We send Africa so much money and food but warlords and dumbass presidents take it.
textdetox@01907546324b0330d2d8b7669648cc18823323e5/en/003705	en	1	Do you really want to fuck the priest or do you want to fuck God?
textdetox@01907546324b0330d2d8b7669648cc18823323e5/en/003706	en	1	I sincerely hope you never have kids cunt.
textdetox@01907546324b0330d2d8b7669648cc18823323e5/en/003707	en	1	I put my dick in a bag of Doritos And made this nigga bitch suck the dust off the tip
textdetox@01907546324b0330d2d8b7669648cc18823323e5/en/003708	en	1	You will go wa wa wa when allah punishes you for your impotence you deranged man pig
textdetox@01907546324b0330d2d8b7669648cc18823323e5/en/003709	en	1	I'd rather be a creepy disrespectful piece of shit than a feeeemale.
textdetox@01907546324b0330d2d8b7669648cc18823323e5/en/003710	en	1	Put a fucking knife up your ass you fucking dumbass
textdetox@01907546324b0330d2d8b7669648cc18823323e5/en/003711	en	1	I'd choke you while I fuck you rough
textdetox@01907546324b0330d2d8b7669648cc18823323e5/en/003712	en	1	That pussy hit different when its only for ME
textdetox@01907546324b0330d2d8b7669648cc18823323e5/en/003713	en	1	Beezus C Hrist if you look anywhere on the map, predominantly Hispanic and black countries are poop holes.
textdetox@01907546324b0330d2d8b7669648cc18823323e5/en/003714	en	1	You guys are so ugly Asian cunts
textdetox@01907546324b0330d2d8b7669648cc18823323e5/en/003715	en	1	MooHamMad was a rapist pedophile hitler of Arabia
textdetox@01907546324b0330d2d8b7669648cc18823323e5/en/003716	en	1	God hates you more then gays.
textdetox@01907546324b0330d2d8b7669648cc18823323e5/en/003717	en	1	Just your opinion stupid white trash.
textdetox@01907546324b0330d2d8b7669648cc18823323e5/en/003718	en	1	too bad you stuck w a bitch rubber dicks can't make babies
textdetox@01907546324b0330d2d8b7669648cc18823323e5/en/003719	en	1	Iran deserve to get invaded by the us and the uk
textdetox@01907546324b0330d2d8b7669648cc18823323e5/en/003720	en	1	You'll see that this shit is your superior you fucking virgin bitch
textdetox@01907546324b0330d2d8b7669648cc18823323e5/en/003721	en	1	If y'all don't take your Neanderthal inbred cave dwelling asses on somewhere URL
textdetox@01907546324b0330d2d8b7669648cc18823323e5/en/003722	en	1	they need to send yo ass back to hell where you belong
textdetox@01907546324b0330d2d8b7669648cc18823323e5/en/003723	en	1	Stupid little whore suck my dick until I cum
textdetox@01907546324b0330d2d8b7669648cc18823323e5/en/003724	en	1	gonna fuck this guy till his bootyhole bleeds #PrideMonth2019 #NationalBestFriendDay
textdetox@01907546324b0330d2d8b7669648cc18823323e5/en/003725	en	1	My god India is such a shit hole
textdetox@01907546324b0330d2d8b7669648cc18823323e5/en/003726	en	1	Happy pride month you're all going to hell
textdetox@01907546324b0330d2d8b7669648cc18823323e5/en/003727	en	1	I want to piss in her ugly face
textdetox@01907546324b0330d2d8b7669648cc18823323e5/en/003728	en	1	white ppl are fucked in the head
textdetox@01907546324b0330d2d8b7669648cc18823323e5/en/003729	en	1	you're right you're not a fag you're a smelly pig
textdetox@01907546324b0330d2d8b7669648cc18823323e5/en/003730	en	1	please be my homosexual remover — I will remove ALL the homos URL
textdetox@01907546324b0330d2d8b7669648cc18823323e5/en/003731	en	1	If only Germany won the war, guys like this would be chemically castrated at 15.
textdetox@01907546324b0330d2d8b7669648cc18823323e5/en/003732	en	1	Fuck all of these immigrants, lets just stat gassing them
textdetox@01907546324b0330d2d8b7669648cc18823323e5/en/003733	en	1	he should have fucked her in the ass
textdetox@01907546324b0330d2d8b7669648cc18823323e5/en/003734	en	1	Shut ur mudda asshole beefo I stick twooo mudda chopstick up u mudda asshole
textdetox@01907546324b0330d2d8b7669648cc18823323e5/en/003735	en	1	u bitches are digusting and shouldnt be allowed to have childrenand u niggas need to stop nuttin in everything URL
textdetox@01907546324b0330d2d8b7669648cc18823323e5/en/003736	en	1	Leave Mexico to the shit hole that it is
textdetox@01907546324b0330d2d8b7669648cc18823323e5/en/003737	en	1	A known KKK member Mitch the bitch is also known a stuffed white racist pig n A pig turtle
textdetox@01907546324b0330d2d8b7669648cc18823323e5/en/003738	en	1	Shame she turned out to be a criminal and a cunt.
textdetox@01907546324b0330d2d8b7669648cc18823323e5/en/003739	en	1	you can go die in a hole now, hateful slut URL
textdetox@01907546324b0330d2d8b7669648cc18823323e5/en/003740	en	1	Nobody gives a flyin fuck you fag.
textdetox@01907546324b0330d2d8b7669648cc18823323e5/en/003741	en	1	Fuck off she's ugly af
textdetox@01907546324b0330d2d8b7669648cc18823323e5/en/003742	en	1	Bi actually, will you shut the fuck up and play player match if I eat your ass?
textdetox@01907546324b0330d2d8b7669648cc18823323e5/en/003743	en	1	Fucking bitch ass kids nowadays need a ass whopping URL
textdetox@01907546324b0330d2d8b7669648cc18823323e5/en/003744	en	1	You're a pussy and your kids would be pussies
textdetox@01907546324b0330d2d8b7669648cc18823323e5/en/003745	en	1	I'd rather throw a coconut at these niggas heads, next
textdetox@01907546324b0330d2d8b7669648cc18823323e5/en/003746	en	1	It's pretty amazing how cute these black cock sluts are these days.
textdetox@01907546324b0330d2d8b7669648cc18823323e5/en/003747	en	1	Those 4 witches wanne destroy the country All Somalians hate America
textdetox@01907546324b0330d2d8b7669648cc18823323e5/en/003748	en	1	America is nothing but a white Christian extremist country.
textdetox@01907546324b0330d2d8b7669648cc18823323e5/en/003749	en	1	I hope you never have suicidal thoughts you fucking worthless bitch.
textdetox@01907546324b0330d2d8b7669648cc18823323e5/en/003750	en	1	Good bout time Israel crushes the arabs again
textdetox@01907546324b0330d2d8b7669648cc18823323e5/en/003751	en	1	Your women were lying whores, you should at least choose basic ethics over vapid bitches.
textdetox@01907546324b0330d2d8b7669648cc18823323e5/en/003752	en	1	damn these people are criminals free loaders invaders to the us
textdetox@01907546324b0330d2d8b7669648cc18823323e5/en/003753	en	1	Fucking why is this faggot back on here
textdetox@01907546324b0330d2d8b7669648cc18823323e5/en/003754	en	1	Any country that comes across Iranian boat should sink it
textdetox@01907546324b0330d2d8b7669648cc18823323e5/en/003755	en	1	She is genuinely hideous, a dumb, mentally ill fascist
textdetox@01907546324b0330d2d8b7669648cc18823323e5/en/003756	en	1	California is gonna disappear because it has gay people in it
textdetox@01907546324b0330d2d8b7669648cc18823323e5/en/003757	en	1	Mudsharks with chronic white guilt are skanks and cowards.
textdetox@01907546324b0330d2d8b7669648cc18823323e5/en/003758	en	1	You got fucked like the lil slut you are?
textdetox@01907546324b0330d2d8b7669648cc18823323e5/en/003759	en	1	Ahh yes, only brave people need to go slaughter poor brown people overseas to feel safe!
textdetox@01907546324b0330d2d8b7669648cc18823323e5/en/003760	en	1	Choke on a drunk man's dick queer
textdetox@01907546324b0330d2d8b7669648cc18823323e5/en/003761	en	1	Holy fuck i would love those tits in my face as you rode my hard cock
textdetox@01907546324b0330d2d8b7669648cc18823323e5/en/003762	en	1	Muhammad was a warmongering pedophile who destroyed the Middle East.
textdetox@01907546324b0330d2d8b7669648cc18823323e5/en/003763	en	1	You's a pussy ass bitch URL
textdetox@01907546324b0330d2d8b7669648cc18823323e5/en/003764	en	1	I HAVE TO GO BUY ANOTHER FAGGOT DETECTOR BECAUSE OF javyerland RUN AWAY!
textdetox@01907546324b0330d2d8b7669648cc18823323e5/en/003765	en	1	You are as disgusting as that host piece of trash who called human beings monkeys
textdetox@01907546324b0330d2d8b7669648cc18823323e5/en/003766	en	1	These fake ass thugs got dirtier asses than guns
textdetox@01907546324b0330d2d8b7669648cc18823323e5/en/003767	en	1	I hope there are 72 virgins with a headache to disappointment these misogynists
textdetox@01907546324b0330d2d8b7669648cc18823323e5/en/003768	en	1	fuck a body count, you fuck white bitches?
textdetox@01907546324b0330d2d8b7669648cc18823323e5/en/003769	en	1	fuck my face FUCK IT ugly ass stupid whore with bad face
textdetox@01907546324b0330d2d8b7669648cc18823323e5/en/003770	en	1	edgy thot dumb ass bitch and depressed bitch
textdetox@01907546324b0330d2d8b7669648cc18823323e5/en/003771	en	1	bitch fuck you and yo lil dick ass nigga
textdetox@01907546324b0330d2d8b7669648cc18823323e5/en/003772	en	1	Ur all going to jail for aggravated faggotry.
textdetox@01907546324b0330d2d8b7669648cc18823323e5/en/003773	en	1	These heathens are a cancer on the entire world!
textdetox@01907546324b0330d2d8b7669648cc18823323e5/en/003774	en	1	fuck that nigga , fuck his friends &amp; fuck his BITCH
textdetox@01907546324b0330d2d8b7669648cc18823323e5/en/003775	en	1	ILHAN OMAR IS A RACIST, TERRORIST!!!
textdetox@01907546324b0330d2d8b7669648cc18823323e5/en/003776	en	1	fuck all these hoes tell em stay outta my face
textdetox@01907546324b0330d2d8b7669648cc18823323e5/en/003777	en	1	These 'christians' are phoney, garbage and deserve the devil.
textdetox@01907546324b0330d2d8b7669648cc18823323e5/en/003778	en	1	Maybe if we bomb Mexico they will pay their crimes then.
textdetox@01907546324b0330d2d8b7669648cc18823323e5/en/003779	en	1	I Hate Hoes Who Cant Control Dey Face Off Da X Like Baby Just Go Home U Ugly Asf
textdetox@01907546324b0330d2d8b7669648cc18823323e5/en/003780	en	1	Zionist scumbags gotta get a war going to cover up all thats being exposed
textdetox@01907546324b0330d2d8b7669648cc18823323e5/en/003781	en	1	Stop lying and go fuck yourself faggot.
textdetox@01907546324b0330d2d8b7669648cc18823323e5/en/003782	en	1	THESE BITCHES ARE FILTHY NASTY WHORES LMFAOOOO IM NEVER GONNA FIND A WIFE
textdetox@01907546324b0330d2d8b7669648cc18823323e5/en/003783	en	1	Fuck white supremacists, homophobes, misogynists, and ignoramuses.
textdetox@01907546324b0330d2d8b7669648cc18823323e5/en/003784	en	1	Fuck off gay boy is raptors year
textdetox@01907546324b0330d2d8b7669648cc18823323e5/en/003785	en	1	• The girl that talks like a god damn retard
textdetox@01907546324b0330d2d8b7669648cc18823323e5/en/003786	en	1	get bitch fake whore ass no*** out of my fuckign notifications shes fogging up the place
textdetox@01907546324b0330d2d8b7669648cc18823323e5/en/003787	en	1	Ugly bitch I was trying to do you a favour by fucking your ugly ass
textdetox@01907546324b0330d2d8b7669648cc18823323e5/en/003788	en	1	Good then stay in you fucking country
textdetox@01907546324b0330d2d8b7669648cc18823323e5/en/003789	en	1	Your cunt mother did supply you with 23 chromosomes.
textdetox@01907546324b0330d2d8b7669648cc18823323e5/en/003790	en	1	hey dumbcvnt the INDIANS are from SIBERIA according to DNA!
textdetox@01907546324b0330d2d8b7669648cc18823323e5/en/003791	en	1	"Time to use ""brute force"" on these islamic bastards"
textdetox@01907546324b0330d2d8b7669648cc18823323e5/en/003792	en	1	quick call to my bitch #domination #humiliation # See this and more at: URL URL
textdetox@01907546324b0330d2d8b7669648cc18823323e5/en/003793	en	1	Probably because of shitty rapists using GHB to attack women
textdetox@01907546324b0330d2d8b7669648cc18823323e5/en/003794	en	1	That's because soccer players are cock sucking pussies
textdetox@01907546324b0330d2d8b7669648cc18823323e5/en/003795	en	1	He's about to hang himself for this gay post
textdetox@01907546324b0330d2d8b7669648cc18823323e5/en/003796	en	1	icce Mexico is a shithole of a country, exactly why my family left that dump
textdetox@01907546324b0330d2d8b7669648cc18823323e5/en/003797	en	1	imma just start telling the boys at my school that i fucked their bitch and watch as the mayhem unfolds
textdetox@01907546324b0330d2d8b7669648cc18823323e5/en/003798	en	1	shut the fick up, you retarded nigger.
textdetox@01907546324b0330d2d8b7669648cc18823323e5/en/003799	en	1	Due to personal reasons I will be killing all married heterosexuals, thank you in advance for your understanding
textdetox@01907546324b0330d2d8b7669648cc18823323e5/en/003800	en	1	God is fucking dead and every religious imbecile needs to figure that the fuck out already
textdetox@01907546324b0330d2d8b7669648cc18823323e5/en/003801	en	1	if you make a Nigga cum off head you the devil
textdetox@01907546324b0330d2d8b7669648cc18823323e5/en/003802	en	1	Pussy boi behind a screen imma bite yo Dick off
textdetox@01907546324b0330d2d8b7669648cc18823323e5/en/003803	en	1	Probably because you were a bitter Betty and you sucked.
textdetox@01907546324b0330d2d8b7669648cc18823323e5/en/003804	en	1	This woman is batshit fucking CRAZY.
textdetox@01907546324b0330d2d8b7669648cc18823323e5/en/003805	en	1	Crazy women with very tiny little brains trying to destroy yet another western country!
textdetox@01907546324b0330d2d8b7669648cc18823323e5/en/003806	en	1	serena is more woman than ur fagget ass can handle.
textdetox@01907546324b0330d2d8b7669648cc18823323e5/en/003807	en	1	You are a fat loser with a small dick.
textdetox@01907546324b0330d2d8b7669648cc18823323e5/en/003808	en	1	Wow, what a fucking disgusting cunt.
textdetox@01907546324b0330d2d8b7669648cc18823323e5/en/003809	en	1	I'd drill her balls deep, I guess she can handle that?
textdetox@01907546324b0330d2d8b7669648cc18823323e5/en/003810	en	1	I ain't going for no hoe shit
textdetox@01907546324b0330d2d8b7669648cc18823323e5/en/003811	en	1	D haha what's the matter faggot did I hurt your gay feelings?
textdetox@01907546324b0330d2d8b7669648cc18823323e5/en/003812	en	1	The only thing redeeming about this hag is her tits.
textdetox@01907546324b0330d2d8b7669648cc18823323e5/en/003813	en	1	Young teen with massive suckable tits!!!!
textdetox@01907546324b0330d2d8b7669648cc18823323e5/en/003814	en	1	So when you fucking guys divide HK from China,HKers drink water from your mom's pussy?
textdetox@01907546324b0330d2d8b7669648cc18823323e5/en/003815	en	1	America is a white supremacist nation.
textdetox@01907546324b0330d2d8b7669648cc18823323e5/en/003816	en	1	This sub is full of grade A faggots Comedy fucking Ebola
textdetox@01907546324b0330d2d8b7669648cc18823323e5/en/003817	en	1	Imagine comparing the Native Americans and Aborigines to fucking Assadist Syria
textdetox@01907546324b0330d2d8b7669648cc18823323e5/en/003818	en	1	Blacks are cocky and slow learners
textdetox@01907546324b0330d2d8b7669648cc18823323e5/en/003819	en	1	These are fucking Indian , these are mother Fuckers
textdetox@01907546324b0330d2d8b7669648cc18823323e5/en/003820	en	1	your absolutely fucking dog shit go get some pussy lil nigga
textdetox@01907546324b0330d2d8b7669648cc18823323e5/en/003821	en	1	How a pussy ass lame ass dirty ass fuck nigga kill a real ass nigga dawg
textdetox@01907546324b0330d2d8b7669648cc18823323e5/en/003822	en	1	how about you go put a dick back in your mouth so you can shut the fuck up
textdetox@01907546324b0330d2d8b7669648cc18823323e5/en/003823	en	1	I hope she goes to hell
textdetox@01907546324b0330d2d8b7669648cc18823323e5/en/003824	en	1	Throw all bloody Hindus out of Gulf countries.
textdetox@01907546324b0330d2d8b7669648cc18823323e5/en/003825	en	1	I'll kick that hoe in her chest
textdetox@01907546324b0330d2d8b7669648cc18823323e5/en/003826	en	1	Don't ask my why ion trust niggas , watched em hurt a bitch that ain do nun to em
textdetox@01907546324b0330d2d8b7669648cc18823323e5/en/003827	en	1	bitches not even lesbians in mississippi.
textdetox@01907546324b0330d2d8b7669648cc18823323e5/en/003828	en	1	bitches suck more dick than a prostitute.
textdetox@01907546324b0330d2d8b7669648cc18823323e5/en/003829	en	1	communist motherfucker ussr soviet anthem bitch looking cunt
textdetox@01907546324b0330d2d8b7669648cc18823323e5/en/003830	en	1	your pussy probably dry bitch bye
textdetox@01907546324b0330d2d8b7669648cc18823323e5/en/003831	en	1	I wanna fuck this bimbo's brains out.
textdetox@01907546324b0330d2d8b7669648cc18823323e5/en/003832	en	1	Little slut is begging to be man handled
textdetox@01907546324b0330d2d8b7669648cc18823323e5/en/003833	en	1	Because they wanted to fuck her.
textdetox@01907546324b0330d2d8b7669648cc18823323e5/en/003834	en	1	She can go fuck her self in hell fucking hind bitch
textdetox@01907546324b0330d2d8b7669648cc18823323e5/en/003835	en	1	Fuck your racist ass you cunt
textdetox@01907546324b0330d2d8b7669648cc18823323e5/en/003836	en	1	Having sex with cows we should let them ?
textdetox@01907546324b0330d2d8b7669648cc18823323e5/en/003837	en	1	fuck dat bitch that hoe ain't shit she cross the line with me too
textdetox@01907546324b0330d2d8b7669648cc18823323e5/en/003838	en	1	No ur not baby ur a fat fucking retard
textdetox@01907546324b0330d2d8b7669648cc18823323e5/en/003839	en	1	Law enforcement is a safe haven for racism and sadism much like the priesthood is a sanctuary for pedophiles.
textdetox@01907546324b0330d2d8b7669648cc18823323e5/en/003840	en	1	YOUR MOM WAS A DUMB WHORE WITH A FAT ASS
textdetox@01907546324b0330d2d8b7669648cc18823323e5/en/003841	en	1	- id still slap a bitch if she disrespect, but ain't no wibe still URL
textdetox@01907546324b0330d2d8b7669648cc18823323e5/en/003842	en	1	Elon Musk is a piece of shit, greedy capitalist who exploits workers, and offers nothing of real benefit to the world.
textdetox@01907546324b0330d2d8b7669648cc18823323e5/en/003843	en	1	I don’t care that he’s autistic.
textdetox@01907546324b0330d2d8b7669648cc18823323e5/en/003844	en	1	WHY IN THE HELL
textdetox@01907546324b0330d2d8b7669648cc18823323e5/en/003845	en	1	This demented Biden has condoned the greatest atrocity of all time by allowing the murdering of innocent unborn babies.
textdetox@01907546324b0330d2d8b7669648cc18823323e5/en/003846	en	1	WE MANAGED TO FIND AN ASSHOLE WHO'S A BIGGER SCUMBAG THAN CUOMO!
textdetox@01907546324b0330d2d8b7669648cc18823323e5/en/003847	en	1	After all the leftist said and did to DT, you can take your disgraceful comment and shove it up your ***
textdetox@01907546324b0330d2d8b7669648cc18823323e5/en/003848	en	1	Furthermore, I was approached by Gay Men/Pedophiles to make Gay/Pedophile Porn while still age 14, 15, 16 and 17.
textdetox@01907546324b0330d2d8b7669648cc18823323e5/en/003849	en	1	I am glad that you, Weinstein and the rest of you pieces of SHIT are being revealed for who you really are - this is the Hollywood of today.
textdetox@01907546324b0330d2d8b7669648cc18823323e5/en/003850	en	1	People like you deserve to be castrated in Public...
textdetox@01907546324b0330d2d8b7669648cc18823323e5/en/003851	en	1	He is definitely a maggot...
textdetox@01907546324b0330d2d8b7669648cc18823323e5/en/003852	en	1	LOCK THE CUNT UP AND HIS CHILDREN AND DEPORT THE WIFE FOR LYING
textdetox@01907546324b0330d2d8b7669648cc18823323e5/en/003853	en	1	I don’t want ur attention u dim fuck I want ur credit card and car keys
textdetox@01907546324b0330d2d8b7669648cc18823323e5/en/003854	en	1	Yep those Trumptards, sure wish they had a union now to fight the vaccination legal battle, dumbassess??
textdetox@01907546324b0330d2d8b7669648cc18823323e5/en/003855	en	1	Really is hard to breathe in hell where your low life drug addicted criminal ass belongs.
textdetox@01907546324b0330d2d8b7669648cc18823323e5/en/003856	en	1	I was going to go as a Democrat but I couldn’t get my head up my ass.
textdetox@01907546324b0330d2d8b7669648cc18823323e5/en/003857	en	1	And get off my dick with that Christian shit.
textdetox@01907546324b0330d2d8b7669648cc18823323e5/en/003858	en	1	Jesus didn’t judge so why the fuck do you?
textdetox@01907546324b0330d2d8b7669648cc18823323e5/en/003859	en	1	Why are WSACC students so fucking annoying and fake when it comes to class participation? There is no need to act like a slut for it that brings annoyance and disgust to many other students. Because of your selfish and greedy whore-like attitude, the lecturer have to repeatedly waste time to answer something you understood already for the sake of your own PCT.
textdetox@01907546324b0330d2d8b7669648cc18823323e5/en/003860	en	1	It’s Orange Fucktard time.
textdetox@01907546324b0330d2d8b7669648cc18823323e5/en/003861	en	1	You're a special kind of stupid.
textdetox@01907546324b0330d2d8b7669648cc18823323e5/en/003862	en	1	Here are some of the best Memes we’ve seen regarding Alec Baldwin‘s hypocrisy.
textdetox@01907546324b0330d2d8b7669648cc18823323e5/en/003863	en	1	That’s right throw in the racist card you dipshit.
textdetox@01907546324b0330d2d8b7669648cc18823323e5/en/003864	en	1	“You Trumpsters better pray that liberals never gain control of the WH again because we are going to pay you back so fucking hard for all of this shit.
textdetox@01907546324b0330d2d8b7669648cc18823323e5/en/003865	en	1	Planned Parenthoods on every damn corner.
textdetox@01907546324b0330d2d8b7669648cc18823323e5/en/003866	en	1	Speaking of Chik Fil A, we're buying all those and giving them to any LGBTQ person your sick cult leaders tortured with conversion therapy.
textdetox@01907546324b0330d2d8b7669648cc18823323e5/en/003867	en	1	Have fun with the new menu you bigoted fucks.
textdetox@01907546324b0330d2d8b7669648cc18823323e5/en/003868	en	1	We’re going to gather up ALL of your guns, melt them down and turn them into a gargantuan metal mountain emblazoned with the face of Hillary Clinton.
textdetox@01907546324b0330d2d8b7669648cc18823323e5/en/003869	en	1	May you roast in hell with the rest of the baby murderers.
textdetox@01907546324b0330d2d8b7669648cc18823323e5/en/003870	en	1	Trumptards are so stupid they cannot do simple math!
textdetox@01907546324b0330d2d8b7669648cc18823323e5/en/003871	en	1	Not a whole lot of social distancing going on in this picture you hypocritical douche
textdetox@01907546324b0330d2d8b7669648cc18823323e5/en/003872	en	1	Meme of Wheel of Fortune puzzle F*CK JOE B*DEN
textdetox@01907546324b0330d2d8b7669648cc18823323e5/en/003873	en	1	Aren’t traitors supposed to be executed ?
textdetox@01907546324b0330d2d8b7669648cc18823323e5/en/003874	en	1	Assholes that scream out of car windows just to scare a pedestrian can GTFO.
textdetox@01907546324b0330d2d8b7669648cc18823323e5/en/003875	en	1	WHAT A BUNCH OF JACKASSES....
textdetox@01907546324b0330d2d8b7669648cc18823323e5/en/003876	en	1	Just a very sick sick dumorat.
textdetox@01907546324b0330d2d8b7669648cc18823323e5/en/003877	en	1	Head is so far up her ass she will never see daylight.
textdetox@01907546324b0330d2d8b7669648cc18823323e5/en/003878	en	1	Al Sharpton is nothing but a race baiting hate monger.
textdetox@01907546324b0330d2d8b7669648cc18823323e5/en/003879	en	1	Nothing but a terrorist poverty pimp.
textdetox@01907546324b0330d2d8b7669648cc18823323e5/en/003880	en	1	All the bimbos and other nut cases should be locked up in the ICU with the ones that are dying.
textdetox@01907546324b0330d2d8b7669648cc18823323e5/en/003881	en	1	Democrats and progressives extremely racist, ignorant and well some plain evil .
textdetox@01907546324b0330d2d8b7669648cc18823323e5/en/003882	en	1	Yet more proof of exactly what a piece of chit human being / pig this guy really is .
textdetox@01907546324b0330d2d8b7669648cc18823323e5/en/003883	en	1	THESE TRAITOROUS FUCKWADS NEED TO BE TAKEN OUT!
textdetox@01907546324b0330d2d8b7669648cc18823323e5/en/003884	en	1	That incompetent clown has been bussing covid positive illegals all over our country for the last 10 months and blaming outbreaks on Americans
textdetox@01907546324b0330d2d8b7669648cc18823323e5/en/003885	en	1	The word Rich is widened in shape on her gown means her ass is big while AOC's tits are poorly small.
textdetox@01907546324b0330d2d8b7669648cc18823323e5/en/003886	en	1	And If Tax the Rich can help America, then Shag the Bitch can save America.
textdetox@01907546324b0330d2d8b7669648cc18823323e5/en/003887	en	1	So Tax the Rich; Shag the Bitch.
textdetox@01907546324b0330d2d8b7669648cc18823323e5/en/003888	en	1	MAYBE YOUR LIBFUK CORPORATE ASS SHOULD HAVE THOUGHT ABOUT THAT BEFORE YOU HELPED THE DEMOCRAPS STEAL THE 2020 ELECTION!
textdetox@01907546324b0330d2d8b7669648cc18823323e5/en/003889	en	1	You don't like the station, change the fucking channel!
textdetox@01907546324b0330d2d8b7669648cc18823323e5/en/003890	en	1	Joe Biden you’re a scum bag with a dirty diaper.
textdetox@01907546324b0330d2d8b7669648cc18823323e5/en/003891	en	1	Trumptards are a lost case ...they're as brainwashed as the mask wearing sheep...all parties are freemason controlled.
textdetox@01907546324b0330d2d8b7669648cc18823323e5/en/003892	en	1	That's what a rapist pedifile does, she should have kicked his nuts
textdetox@01907546324b0330d2d8b7669648cc18823323e5/en/003893	en	1	I mean the democrat party act just like a bunch of thugs that are really 🤡.
textdetox@01907546324b0330d2d8b7669648cc18823323e5/en/003894	en	1	Nitwit Biden and AOC, dumb and dummer, are trying to give $450,000 of our taxdollars to each and every illegal immigrant.
textdetox@01907546324b0330d2d8b7669648cc18823323e5/en/003895	en	1	The Fucktard-in-Chief is fighting both the left and the right.
textdetox@01907546324b0330d2d8b7669648cc18823323e5/en/003896	en	1	PS: when he talks about changing the libel laws, he's talking about amending the 1st Fucking Amendment.
textdetox@01907546324b0330d2d8b7669648cc18823323e5/en/003897	en	1	Just another money making fund raiser for the Libtard thieves...
textdetox@01907546324b0330d2d8b7669648cc18823323e5/en/003898	en	1	Did I say “Fuck The Little Commie Girlie Antifa Bitches” yet?
textdetox@01907546324b0330d2d8b7669648cc18823323e5/en/003899	en	1	They have lost their minds and they are absolutely racist a-holes against white people￼.
textdetox@01907546324b0330d2d8b7669648cc18823323e5/en/003900	en	1	#traderjoe #delouse #fuckliberals
textdetox@01907546324b0330d2d8b7669648cc18823323e5/en/003901	en	1	WHERE'S YOUR MASKS, YOU LIBFUK CUNTS?
textdetox@01907546324b0330d2d8b7669648cc18823323e5/en/003902	en	1	"THE BITCH WHO CRIED TRUMP'S VICTORY OVER HER IN 2016 WAS ""ILLEGITIMATE"", CLAIMS WE WHO KNOW THE 2020 ELECTION WAS STOLEN ARE ""THE PROBLEM""!"
textdetox@01907546324b0330d2d8b7669648cc18823323e5/en/003903	en	1	JR you deserve to be in HELL or Prison !
textdetox@01907546324b0330d2d8b7669648cc18823323e5/en/003904	en	1	NOW you are raising your children to HATE !
textdetox@01907546324b0330d2d8b7669648cc18823323e5/en/003905	en	1	All of the Trumptards are talking their sh%t that our prez can't walk without falling or tripping as compared to their cult leader.
textdetox@01907546324b0330d2d8b7669648cc18823323e5/en/003906	en	1	Fuck Joe Biden!
textdetox@01907546324b0330d2d8b7669648cc18823323e5/en/003907	en	1	Fuck Zuckerberg and fuck Facebook
textdetox@01907546324b0330d2d8b7669648cc18823323e5/en/003908	en	1	Its Fucktarded not to call a fucktard a fucktard
textdetox@01907546324b0330d2d8b7669648cc18823323e5/en/003909	en	1	Now the fool is spewing lies in Italy and Scotland.
textdetox@01907546324b0330d2d8b7669648cc18823323e5/en/003910	en	1	This should NOT be about a white raising a black or a black raising a white.
textdetox@01907546324b0330d2d8b7669648cc18823323e5/en/003911	en	1	The ILLEGITIMATE CORRUPT CLOWN BUMBLING biden and his clown squad administration are a JOKE !
textdetox@01907546324b0330d2d8b7669648cc18823323e5/en/003912	en	1	How bout plain old Stupid Fuck
textdetox@01907546324b0330d2d8b7669648cc18823323e5/en/003913	en	1	Are the stupid folks smart enough to be offended ?..chicken or the egg question I know
textdetox@01907546324b0330d2d8b7669648cc18823323e5/en/003914	en	1	If you squint, it looks like a fat guy bending over showing his Trump anus.
textdetox@01907546324b0330d2d8b7669648cc18823323e5/en/003915	en	1	Allen west is a war criminal and Obama killing 13 year old boys for being 13 is ok.
textdetox@01907546324b0330d2d8b7669648cc18823323e5/en/003916	en	1	IS IT LEGAL FOR THESE LIBCUNTS TO SPEND CAMPAIGN MONEY FOR PRIVATE SECURITY?
textdetox@01907546324b0330d2d8b7669648cc18823323e5/en/003917	en	1	DOESN'T SOUND RIGHT TO ME..........NEED A FUCKING HOUSE INVESTIGATION, NANCY!
textdetox@01907546324b0330d2d8b7669648cc18823323e5/en/003918	en	1	Prosecute trump he is unstable with a full diaper🤡💩💦👶🤮👶💦💩🤡🤑😈🤑🤡💩🤡
textdetox@01907546324b0330d2d8b7669648cc18823323e5/en/003919	en	1	Yep….the Commie bastards wouldn’t know the Constitution if it hit them upside the head.
textdetox@01907546324b0330d2d8b7669648cc18823323e5/en/003920	en	1	How to correctly hit a #woman #feminism #islam #terrorist
textdetox@01907546324b0330d2d8b7669648cc18823323e5/en/003921	en	1	Are all right-wingers total dumba$$es?
textdetox@01907546324b0330d2d8b7669648cc18823323e5/en/003922	en	1	These imbeciles at FUX news are so disgusting, idiotic and dangerous spreading untruths and now how many deaths, over 650,000?
textdetox@01907546324b0330d2d8b7669648cc18823323e5/en/003923	en	1	And what is worse is all the mindless idiots that follow these Liberal Elite Assholes and look up to them.
textdetox@01907546324b0330d2d8b7669648cc18823323e5/en/003924	en	1	You know who you are….￼and you are pathetic.
textdetox@01907546324b0330d2d8b7669648cc18823323e5/en/003925	en	1	Bcuz Dem MFkn hoes are hypocritical.
textdetox@01907546324b0330d2d8b7669648cc18823323e5/en/003926	en	1	She wants someone to want her FAT ass but, she exercises her options on who she wants
textdetox@01907546324b0330d2d8b7669648cc18823323e5/en/003927	en	1	#fairelections #fuckjoebiden #fuckzuckerberg #freespeech #loveusa #saveamerica #maga
textdetox@01907546324b0330d2d8b7669648cc18823323e5/en/003928	en	1	You’re not a Governor, you’re a CAREER CRIMINAL
textdetox@01907546324b0330d2d8b7669648cc18823323e5/en/003929	en	1	Dump Dumb Lying Rump Repuklicans Religions Deplorables Despicables Trash Ignorance Policies Agendas Are Killing Americans And America 👺🥵🐖🐑🐀🐘🦠☠️🎭🐀🥵🐖🎭🐘💩
textdetox@01907546324b0330d2d8b7669648cc18823323e5/en/003930	en	1	Aoc is scum what a dummy
textdetox@01907546324b0330d2d8b7669648cc18823323e5/en/003931	en	1	"Imagine being such a piece of shit that your ""Nightmare Scenario"" is other people being able to afford to buy houses."
textdetox@01907546324b0330d2d8b7669648cc18823323e5/en/003932	en	1	I thought that was slow joes net zero IQ!
textdetox@01907546324b0330d2d8b7669648cc18823323e5/en/003933	en	1	Same thing we see when we look at your dementia ridden geezer who's destroying this country along with his unbelievably stupid sidekick
textdetox@01907546324b0330d2d8b7669648cc18823323e5/en/003934	en	1	#fjb #fkh You traitors will be hauled out of office soon.
textdetox@01907546324b0330d2d8b7669648cc18823323e5/en/003935	en	1	Jeezus fucking christ, I can’t.
textdetox@01907546324b0330d2d8b7669648cc18823323e5/en/003936	en	1	WE ALL KNOW WHAT YOU HAVE DONE YOUR A SICK MFR.
textdetox@01907546324b0330d2d8b7669648cc18823323e5/en/003937	en	1	Don't rape any kids on the way to the Q&A.
textdetox@01907546324b0330d2d8b7669648cc18823323e5/en/003938	en	1	"I guess yall ""patriots"" (punks) didn't show up and show out!"
textdetox@01907546324b0330d2d8b7669648cc18823323e5/en/003939	en	1	"WHEN DIMENTIATED DEMOCRAPS ARE RUNNING THE SHOW, SCUMFUKS LIKE ""ELGORE"" THINK IT'S SAFE TO SHOW THEMSELVES AND PEDDLE THEIR BULLSHIT!"
textdetox@01907546324b0330d2d8b7669648cc18823323e5/en/003940	en	1	TRUMP IS EVIL AND HIS SUPPORTERS ARE DEMONS
textdetox@01907546324b0330d2d8b7669648cc18823323e5/en/003941	en	1	WHERE ARE THE QUEENS BANNING THIS SHITE ?
textdetox@01907546324b0330d2d8b7669648cc18823323e5/en/003942	en	1	I am expressing my first amendment right to call you a #covididiot
textdetox@01907546324b0330d2d8b7669648cc18823323e5/en/003943	en	1	ANOTHER GOOD REASON NOT TO DO BUSINESS WITH THESE WOKE FUCKWADS!
textdetox@01907546324b0330d2d8b7669648cc18823323e5/en/003944	en	1	You're a piece of crap #bitchymitchy
textdetox@01907546324b0330d2d8b7669648cc18823323e5/en/003945	en	1	Let's just get rid of the republican terrorist party.
textdetox@01907546324b0330d2d8b7669648cc18823323e5/en/003946	en	1	Hard to below but this idiot believes this bs the Liberal Elite is trying to feed America and so do some Liberal Idiots that keep commenting on our posts.
textdetox@01907546324b0330d2d8b7669648cc18823323e5/en/003947	en	1	Hey Libtard lady Keep reading as you may finally see the light so we won’t block you but we will delete your dumb ass comments nobody cares about.
textdetox@01907546324b0330d2d8b7669648cc18823323e5/en/003948	en	1	Fuck the NBA, NFL and MLB.
textdetox@01907546324b0330d2d8b7669648cc18823323e5/en/003949	en	1	He went from whistle blower to traitor nearly overnight.
textdetox@01907546324b0330d2d8b7669648cc18823323e5/en/003950	en	1	Don't you know apparently only black lives matter now it's so f****** twisted 🖕that
textdetox@01907546324b0330d2d8b7669648cc18823323e5/en/003951	en	1	You people sucks at everything.....just concentrate on what you people do best.....invading and killing people
textdetox@01907546324b0330d2d8b7669648cc18823323e5/en/003952	en	1	#fuckdems #trump #fuckliberals #america #news #fucksocialism #fuckfeminism #fuckfeminists #donaldtrump #benshaprio #tedcruz #progun #americanpride #american #americapride #foxnews #fucktheleft #prolife #cnn #memes #politics #politicalmemes #msnbc #feminist #lgbt #fuckgays #hellyeah #fuckhilary #fuckpeta
textdetox@01907546324b0330d2d8b7669648cc18823323e5/en/003953	en	1	Everything Trump touches turns to poo.
textdetox@01907546324b0330d2d8b7669648cc18823323e5/en/003954	en	1	Must have been a pedophile convention
textdetox@01907546324b0330d2d8b7669648cc18823323e5/en/003955	en	1	What a stupid bitch AOC is!
textdetox@01907546324b0330d2d8b7669648cc18823323e5/en/003956	en	1	Well you want woke entitled sh*thead...here ya go mom and dad!!!
textdetox@01907546324b0330d2d8b7669648cc18823323e5/en/003957	en	1	Pedo Joe is a lying cheating Racist Piece of Dung!!
textdetox@01907546324b0330d2d8b7669648cc18823323e5/en/003958	en	1	Think Valerie Jarrett (monster Muslim), Bilderberg.
textdetox@01907546324b0330d2d8b7669648cc18823323e5/en/003959	en	1	We suck and blow if we let Congress drag this garbage out even one more day!
textdetox@01907546324b0330d2d8b7669648cc18823323e5/en/003960	en	1	Now we have this senile old rotting bag of bones who attacks our own American people and mocks freedom.
textdetox@01907546324b0330d2d8b7669648cc18823323e5/en/003961	en	1	Trump's Cult Of Suckers & Losers
textdetox@01907546324b0330d2d8b7669648cc18823323e5/en/003962	en	1	#RepublicansAreTheProblem #TraitorTrump #TRE45ON #RightWingCult #NotMyPresident #Illegitimate #Treason #Trump #GOP #TeaParty #Republicans #BLM #Covid19 #GeorgeFloyd #BlackLivesMatter #Biden2020 #BidenHarris2020 #Truth #JacobBlake #FlimFlamFool
textdetox@01907546324b0330d2d8b7669648cc18823323e5/en/003963	en	1	That's already happening because of Biden you dum shits
textdetox@01907546324b0330d2d8b7669648cc18823323e5/en/003964	en	1	Your scary sh…🤬You need to move to China!
textdetox@01907546324b0330d2d8b7669648cc18823323e5/en/003965	en	1	Liberalism is not a cult you twat.
textdetox@01907546324b0330d2d8b7669648cc18823323e5/en/003966	en	1	100% on you Joe and the mindless libtards that voted your senile ass into office.
textdetox@01907546324b0330d2d8b7669648cc18823323e5/en/003967	en	1	Christians and their agenda are killing the Republican Party.
textdetox@01907546324b0330d2d8b7669648cc18823323e5/en/003968	en	1	I take solice in the knowledge that your kind will be dead soon enough, and hopefully the country won't have turned into a socialist latino cess pool by then.
textdetox@01907546324b0330d2d8b7669648cc18823323e5/en/003969	en	1	Only then can true patriots, that care about their country and not mythology, correct the damage done by the ignorant and lazy masses.
textdetox@01907546324b0330d2d8b7669648cc18823323e5/en/003970	en	1	May he rot in hell for all the elderly he shoved in Death homes.
textdetox@01907546324b0330d2d8b7669648cc18823323e5/en/003971	en	1	FAUCI IS WORSE THAN THE NAZIS and you people Trust him.
textdetox@01907546324b0330d2d8b7669648cc18823323e5/en/003972	en	1	I'm not quite done telling them what fucking gullible brainwashed idiots they obviously are yet.
textdetox@01907546324b0330d2d8b7669648cc18823323e5/en/003973	en	1	You sir should be exiled out of America and all your sitting democrats!
textdetox@01907546324b0330d2d8b7669648cc18823323e5/en/003974	en	1	Don’t no body care that lizzo fat she look disgusting and ion care what nobody say
textdetox@01907546324b0330d2d8b7669648cc18823323e5/en/003975	en	1	Only in the moronic cult of trumptards.
textdetox@01907546324b0330d2d8b7669648cc18823323e5/en/003976	en	1	The unscrupulous T-idiot won't give a f*ck about his followers, yet they adore him.
textdetox@01907546324b0330d2d8b7669648cc18823323e5/en/003977	en	1	WHAT THE FUCK HOW STUPID CAN YOU BE?
textdetox@01907546324b0330d2d8b7669648cc18823323e5/en/003978	en	1	Pussy ass hoes could never *Woahh Vicky voice* since she’s in the spotlight today
textdetox@01907546324b0330d2d8b7669648cc18823323e5/en/003979	en	1	these wannabe fascists really are just fucking insane aren't they lol
textdetox@01907546324b0330d2d8b7669648cc18823323e5/en/003980	en	1	"I call ""it"" SHITHEAD....does not deserve ""him"" lowlifescumbag!!!"
textdetox@01907546324b0330d2d8b7669648cc18823323e5/en/003981	en	1	Cuomo is an incompetent Governor and lacks the ability to run a state like NY!
textdetox@01907546324b0330d2d8b7669648cc18823323e5/en/003982	en	1	if imbecile biden gets in it will not take long for the country to enter phase one of shitholehood
textdetox@01907546324b0330d2d8b7669648cc18823323e5/en/003983	en	1	You are a traitor $loppy jOe!!!!
textdetox@01907546324b0330d2d8b7669648cc18823323e5/en/003984	en	1	Your ugly face is the face of sleaze and tyranny!
textdetox@01907546324b0330d2d8b7669648cc18823323e5/en/003985	en	1	You are going down you worthless parasite SOB!!!!!!!!!!!
textdetox@01907546324b0330d2d8b7669648cc18823323e5/en/003986	en	1	If ur a piece of shit to ppl I will lure u in and fuck u up and yes I’m good at it.
textdetox@01907546324b0330d2d8b7669648cc18823323e5/en/003987	en	1	We're not that stupid Lying Joe!
textdetox@01907546324b0330d2d8b7669648cc18823323e5/en/003988	en	1	Next, those crazy Q-Trumptards will tell you it’s ok to eat horse food.
textdetox@01907546324b0330d2d8b7669648cc18823323e5/en/003989	en	1	You stupid fucking trumpsters done winning yet
textdetox@01907546324b0330d2d8b7669648cc18823323e5/en/003990	en	1	WHO GIVES A FUCK....THESE SHITHEADS NEED TO BE TORTURED!
textdetox@01907546324b0330d2d8b7669648cc18823323e5/en/003991	en	1	"WE WILL ""GET THE ATTENTION"" OF YOUR FELLOW LIBFUK DEMOCRAPS WHEN WE TAKE YOU OUT SCHIFF, YOU BUG-EYED PEDOPHILE!"
textdetox@01907546324b0330d2d8b7669648cc18823323e5/en/003992	en	1	That's is why u aren't president any more Dumb as rocks.SDSTFU
textdetox@01907546324b0330d2d8b7669648cc18823323e5/en/003993	en	1	Say what u will envious hateful small dicked fuckwads
textdetox@01907546324b0330d2d8b7669648cc18823323e5/en/003994	en	1	White tribalist barbarism is what trumpty dumpty represents
textdetox@01907546324b0330d2d8b7669648cc18823323e5/en/003995	en	1	"SHOVE THAT ""META-VERSE"" UP YOUR ASS, YOU TRANSHUMANIST PIECE OF SHIT!"
textdetox@01907546324b0330d2d8b7669648cc18823323e5/en/003996	en	1	"ZUCKERBURG'S PLAN TO REPLACE HIS PENCILDICK WITH A ""VIRTUAL"" DICK EXPOSED!"
textdetox@01907546324b0330d2d8b7669648cc18823323e5/en/003997	en	1	Tell this to closeted straight boys who bend over for u then affirm their love for pussy.
textdetox@01907546324b0330d2d8b7669648cc18823323e5/en/003998	en	1	I hope lil nas x dies faggot.
textdetox@01907546324b0330d2d8b7669648cc18823323e5/en/003999	en	1	☭ WHY DO #LIBERALS HATE #AMERICA?
textdetox@01907546324b0330d2d8b7669648cc18823323e5/en/004000	en	1	☭ #LIBERALISM is a Severe Disease and Mental Illness – Find a Cure - #Democrats #LiberalLogic #Leftists #LibTard #LiberalHypocrisy #JoeBiden - q-7391
textdetox@01907546324b0330d2d8b7669648cc18823323e5/en/004001	en	1	Lies u fuck with people heads get the fuck out of he bitch
textdetox@01907546324b0330d2d8b7669648cc18823323e5/en/004002	en	1	Shut the absolute fuck up you stupid ass goddamn moron
textdetox@01907546324b0330d2d8b7669648cc18823323e5/en/004003	en	1	Lmao This title fits perfectly with this fucken pedophile.
textdetox@01907546324b0330d2d8b7669648cc18823323e5/en/004004	en	1	Cant wait till the truth comes out about this sick fuck.
textdetox@01907546324b0330d2d8b7669648cc18823323e5/en/004005	en	1	Gays: fucking without spirituality is as hollow as an ass without dick.
textdetox@01907546324b0330d2d8b7669648cc18823323e5/en/004006	en	1	Great picture Joe, are you going to sexual abuse someone from that room?
textdetox@01907546324b0330d2d8b7669648cc18823323e5/en/004007	en	1	lock him up and castorate him
textdetox@01907546324b0330d2d8b7669648cc18823323e5/en/004008	en	1	sometimes, lib commie democrats cannot help themselves, they allways seem to want to prove just how stupid they really are!
textdetox@01907546324b0330d2d8b7669648cc18823323e5/en/004009	en	1	Die already so we can get the nation moving!
textdetox@01907546324b0330d2d8b7669648cc18823323e5/en/004010	en	1	I hate his mom for having him.
textdetox@01907546324b0330d2d8b7669648cc18823323e5/en/004011	en	1	But he's also demented, also no doubt.
textdetox@01907546324b0330d2d8b7669648cc18823323e5/en/004012	en	1	Why you ain't sign your fuckin' name, cupcake?!
textdetox@01907546324b0330d2d8b7669648cc18823323e5/en/004013	en	1	and fuck you if u don’t like this
textdetox@01907546324b0330d2d8b7669648cc18823323e5/en/004014	en	1	He is like Trump the scum of humanity!
textdetox@01907546324b0330d2d8b7669648cc18823323e5/en/004015	en	1	Your an absolute idiot that has done nothing in almost a year.
textdetox@01907546324b0330d2d8b7669648cc18823323e5/en/004016	en	1	Liberals are nothing but hypocrites and wolves in sheep's clothing!
textdetox@01907546324b0330d2d8b7669648cc18823323e5/en/004017	en	1	They claim to be open-minded and accepting of others, but go ape-shit crazy when you politely disagree with them!
textdetox@01907546324b0330d2d8b7669648cc18823323e5/en/004018	en	1	#fuckliberals #fuckcancelculture #trump #trump2020 #maga #maga2020
textdetox@01907546324b0330d2d8b7669648cc18823323e5/en/004019	en	1	Woke self-righteous leftists are simply ugly humans to the core.
textdetox@01907546324b0330d2d8b7669648cc18823323e5/en/004020	en	1	History with show tDump is by far the most useless individual to walk the earth.
textdetox@01907546324b0330d2d8b7669648cc18823323e5/en/004021	en	1	I am thoroughly sickened by the racism, brutality and horrid attitude.
textdetox@01907546324b0330d2d8b7669648cc18823323e5/en/004022	en	1	You all sound like school yard bullies.
textdetox@01907546324b0330d2d8b7669648cc18823323e5/en/004023	en	1	Do you think it’s possible for this lady to sound more stupid?
textdetox@01907546324b0330d2d8b7669648cc18823323e5/en/004024	en	1	She's the fat guys in the videos my guy
textdetox@01907546324b0330d2d8b7669648cc18823323e5/en/004025	en	1	I’m with you on the ridiculousness that Chris brings to the show.
textdetox@01907546324b0330d2d8b7669648cc18823323e5/en/004026	en	1	He’s a clown and we’re just gonna go ahead and name him “BOO BOO THE F’N FOOL”.
textdetox@01907546324b0330d2d8b7669648cc18823323e5/en/004027	en	1	With all the terrible shit he's done in his life, I would be afraid to die too
textdetox@01907546324b0330d2d8b7669648cc18823323e5/en/004028	en	1	This is disgusting so tired of listening and hearing of the bowl crap.
textdetox@01907546324b0330d2d8b7669648cc18823323e5/en/004029	en	1	He is mental, but his supporters are just plain sick!
textdetox@01907546324b0330d2d8b7669648cc18823323e5/en/004030	en	1	Back to your caves ignorant morons , take JESUS WITH YOU.
textdetox@01907546324b0330d2d8b7669648cc18823323e5/en/004031	en	1	Bunch of rotten nitwit$
textdetox@01907546324b0330d2d8b7669648cc18823323e5/en/004032	en	1	She's not nuts, it's the ppl that voted her in that are nuts!
textdetox@01907546324b0330d2d8b7669648cc18823323e5/en/004033	en	1	The meth head lady with the black hoodie needs to STFU
textdetox@01907546324b0330d2d8b7669648cc18823323e5/en/004034	en	1	If you try to come illegally you would be shot by me.
textdetox@01907546324b0330d2d8b7669648cc18823323e5/en/004035	en	1	honestly go fuck yourself piece of shit
textdetox@01907546324b0330d2d8b7669648cc18823323e5/en/004036	en	1	propaganda fuck you france 24 english
textdetox@01907546324b0330d2d8b7669648cc18823323e5/en/004037	en	1	I wish the rioters would burn the clinic down
textdetox@01907546324b0330d2d8b7669648cc18823323e5/en/004038	en	1	His presidency isn't dead, his brain is.
textdetox@01907546324b0330d2d8b7669648cc18823323e5/en/004039	en	1	Personally, I believe he was severely sexually abused by the crud he called mommy and daddy.
textdetox@01907546324b0330d2d8b7669648cc18823323e5/en/004040	en	1	Finally a real first lady, not a transvestite with stolen kids.
textdetox@01907546324b0330d2d8b7669648cc18823323e5/en/004041	en	1	200,000,000 American Patriots with 400,000,000 guns are ready to kill ALL non-constitutional persons in U.S. and come after WEF.
textdetox@01907546324b0330d2d8b7669648cc18823323e5/en/004042	en	1	Harris, OBiden administration is a disgrace and are TRAITORS to America for their own gain.
textdetox@01907546324b0330d2d8b7669648cc18823323e5/en/004043	en	1	CLINTON: THE BIGGEST LYING, DECEITFUL CRIMINAL WITCH THAT HAS BOUGHT THE DEMOCRATS & DESTROYS ANYONE WHO DARES TO GET IN FRONT OF HER.
textdetox@01907546324b0330d2d8b7669648cc18823323e5/en/004044	en	1	NOT HUMAN; A DEADLY ROBOT IN FLESH & BLOOD WHO EXTERMINATES ANYONE WHO GETS IN HER WAY.
textdetox@01907546324b0330d2d8b7669648cc18823323e5/en/004045	en	1	Y’all are dumb as fuck this shit was fake
textdetox@01907546324b0330d2d8b7669648cc18823323e5/en/004046	en	1	That toothless old white woman is a thief!
textdetox@01907546324b0330d2d8b7669648cc18823323e5/en/004047	en	1	And the damn dog should have been microchipped already!
textdetox@01907546324b0330d2d8b7669648cc18823323e5/en/004048	en	1	Freak parents trying to turn their poor children into freaks like them.
textdetox@01907546324b0330d2d8b7669648cc18823323e5/en/004049	en	1	He's already brain dead; pull the plug.
textdetox@01907546324b0330d2d8b7669648cc18823323e5/en/004050	en	1	"(aka, ""F@!# JOE BIDEN!"")"
textdetox@01907546324b0330d2d8b7669648cc18823323e5/en/004051	en	1	The more pigs who quit or die from covid, the safer we'll all be
textdetox@01907546324b0330d2d8b7669648cc18823323e5/en/004052	en	1	I don’t give a fuck about Ethan.
textdetox@01907546324b0330d2d8b7669648cc18823323e5/en/004053	en	1	I do know crowder talks a big game but turns into a little bitch the second things don’t go his way.
textdetox@01907546324b0330d2d8b7669648cc18823323e5/en/004054	en	1	Or some of you shit heads could go get a job.....
textdetox@01907546324b0330d2d8b7669648cc18823323e5/en/004055	en	1	This woman has screwed her way to the top , but doesn't have a clue how to do her job .
textdetox@01907546324b0330d2d8b7669648cc18823323e5/en/004056	en	1	That's because Kamala Harris knows how to suck a good tube steak to get ahead.
textdetox@01907546324b0330d2d8b7669648cc18823323e5/en/004057	en	1	Let’s Go Cho Xiden.. straight to the trash
textdetox@01907546324b0330d2d8b7669648cc18823323e5/en/004058	en	1	dident get what so bad about this video.... i think u just jealous logan paul.... fuck humens
textdetox@01907546324b0330d2d8b7669648cc18823323e5/en/004059	en	1	“Bitch, you ain’t takin SHIT, but’choo can DAMN sure take it up with me right here and now”.
textdetox@01907546324b0330d2d8b7669648cc18823323e5/en/004060	en	1	"I'm a full on rapist... It’s people like you that make the hoax real for the rest of the morons absolutely appalling and disgusting shows the true pedophilia within Netflix and in big tech in general you people are evil and you will burn in hell. Biden’s such a p u s s y. I miss Trump. Look at theses pedophiles so happy these type of people are the devil Soros you antichrist demon you will have a special place in the lake of fire She is dangerous with her lies. But fox take in all loosers because even fox owner lied too much in England so they send the fool back to USA and he cant never come to England. Liberalism is truly a mental disorder He's a disgusting, repulsive old man. They're pro life pedophiles that need a constant fresh supply of children. She’s a hypocritical awful horrible disgusting excuse of a human being who slept her way to the “top” You sound like a representative of Satan. She is a Dead Beat Stoner Moron Cackling Idiot. The only time Joe Biden isn't the dumbest person in the room..... when Kamala is present. it’s not gonna do shit. WHATS FUN ABOUT GOING INTO A PLACE WHERE PEOPLE FUCKING TOOK THERE OWN LIVES. Lol fucking true  Get fucked Keem enjoy your faze money and hopefully you finally stfu. Plosi is a wrinkled puke corporate liar and the only transformative bill is for the Dems corporate money bribes Her parents are dumb for not aborting I love seeing American citizens so divided, your politics are truly a shitshow I have names for them too, Gold digging Bitch and Daddy's Squeeze. Hillary is a loser just like her husband and they need to be in jail where they both belong along with Obama, Biden and the rest of the democratic party. Stupid racist bish.Fck all of you racists, you are not deserved to be even called people""."
textdetox@01907546324b0330d2d8b7669648cc18823323e5/en/004061	en	1	How about you fk off with your stupid spider.
textdetox@01907546324b0330d2d8b7669648cc18823323e5/en/004062	en	1	And btw we don t have them where I live and I will never follow for that shit
textdetox@01907546324b0330d2d8b7669648cc18823323e5/en/004063	en	1	Look at the lying media giving libtardism the advantage when reality shows the left is incompetent and pathetic
textdetox@01907546324b0330d2d8b7669648cc18823323e5/en/004064	en	1	The man is so weak, his father must be ashamed.
textdetox@01907546324b0330d2d8b7669648cc18823323e5/en/004065	en	1	Soros is nothing less than PURE EVIL.
textdetox@01907546324b0330d2d8b7669648cc18823323e5/en/004066	en	1	"He needs to be ""cancelled"" from this planet"
textdetox@01907546324b0330d2d8b7669648cc18823323e5/en/004067	en	1	Blacks are more racist than whites!
textdetox@01907546324b0330d2d8b7669648cc18823323e5/en/004068	en	1	To say you can’t be racist is the dumbest statement EVER!
textdetox@01907546324b0330d2d8b7669648cc18823323e5/en/004069	en	1	holy shit, its actually ironically funny now that this shit is fun to gawk at these dumbasses
textdetox@01907546324b0330d2d8b7669648cc18823323e5/en/004070	en	1	Why can't we have intelligent black people on TV?
textdetox@01907546324b0330d2d8b7669648cc18823323e5/en/004071	en	1	Joe Biden and his staff are liars and murderers and it's a time that the American people did something about this administration serious
textdetox@01907546324b0330d2d8b7669648cc18823323e5/en/004072	en	1	BOYCOTT CORRUPT RACIST CRIMINALLY INSANE FASCIST ELITIST DEMOCRATS!!!!!
textdetox@01907546324b0330d2d8b7669648cc18823323e5/en/004073	en	1	CNN is all bout TRANSSEXUALISM of CHILDREN and Murdering BABIES.
textdetox@01907546324b0330d2d8b7669648cc18823323e5/en/004074	en	1	Way to lick rich ass Joe!
textdetox@01907546324b0330d2d8b7669648cc18823323e5/en/004075	en	1	Two assholes holding the whole Democratic Party hostage.
textdetox@01907546324b0330d2d8b7669648cc18823323e5/en/004076	en	1	the only ones who can't see it are deliberate or unfortunate fools like yourself.
textdetox@01907546324b0330d2d8b7669648cc18823323e5/en/004077	en	1	you only destroy and kill and the world will always be shit as long as you have any control over it.
textdetox@01907546324b0330d2d8b7669648cc18823323e5/en/004078	en	1	When some jerk asserts that Diaper Don, the Tangerine Terdbucket won just ask them if 74 is a larger number than 81.
textdetox@01907546324b0330d2d8b7669648cc18823323e5/en/004079	en	1	I think it's important that Sinema is showing us even a bisexual woman in a colorful wig can be a money grubbing piece of garbage.
textdetox@01907546324b0330d2d8b7669648cc18823323e5/en/004080	en	1	The first black prez isn't phoney, he's a genuine hater.
textdetox@01907546324b0330d2d8b7669648cc18823323e5/en/004081	en	1	Fuck off with youre climate change bollocks
textdetox@01907546324b0330d2d8b7669648cc18823323e5/en/004082	en	1	These monsters will not stop at anything just like drug dealers.
textdetox@01907546324b0330d2d8b7669648cc18823323e5/en/004083	en	1	and you believe your stupid little conspiracy cult?
textdetox@01907546324b0330d2d8b7669648cc18823323e5/en/004084	en	1	Kamala Harris should shut the f---- up.
textdetox@01907546324b0330d2d8b7669648cc18823323e5/en/004085	en	1	Biden is an absolute piece of shlt.
textdetox@01907546324b0330d2d8b7669648cc18823323e5/en/004086	en	1	Fuck you Dr Fauci for this vaccine bull shit
textdetox@01907546324b0330d2d8b7669648cc18823323e5/en/004087	en	1	What a fu#cking airhead this is!
textdetox@01907546324b0330d2d8b7669648cc18823323e5/en/004088	en	1	The Abrahamic religions and their filthy false god are a curse on humanity.
textdetox@01907546324b0330d2d8b7669648cc18823323e5/en/004089	en	1	She’s a poor asshole dressed in Gucci
textdetox@01907546324b0330d2d8b7669648cc18823323e5/en/004090	en	1	I hope it sucks all of the people out of their homes and drops them in the ocean.
textdetox@01907546324b0330d2d8b7669648cc18823323e5/en/004091	en	1	TOO BAD YOU CAN'T FIX STUPID THAT WAY TOO !
textdetox@01907546324b0330d2d8b7669648cc18823323e5/en/004092	en	1	Just take it from the b*tch
textdetox@01907546324b0330d2d8b7669648cc18823323e5/en/004093	en	1	Bit of a whining bitch if you ask me.
textdetox@01907546324b0330d2d8b7669648cc18823323e5/en/004094	en	1	It's NOT shocking.... we have a traitorous buffoon in the WH.
textdetox@01907546324b0330d2d8b7669648cc18823323e5/en/004095	en	1	He is a walking disaster and so is everything he's involved in.
textdetox@01907546324b0330d2d8b7669648cc18823323e5/en/004096	en	1	He needs diapers on his mouth and ass.
textdetox@01907546324b0330d2d8b7669648cc18823323e5/en/004097	en	1	Imagine being such a pos, when you die, literally near the whole world will cheer!
textdetox@01907546324b0330d2d8b7669648cc18823323e5/en/004098	en	1	PUT ON YOUR NEW MASK AND HANG YOURSELVES.
textdetox@01907546324b0330d2d8b7669648cc18823323e5/en/004099	en	1	Beat them bitches up cause guess what ?
textdetox@01907546324b0330d2d8b7669648cc18823323e5/en/004100	en	1	The fucking police won’t do shit unless your a black guy with your hands up !
textdetox@01907546324b0330d2d8b7669648cc18823323e5/en/004101	en	1	That means: impeach, arrest, trial, execute.
textdetox@01907546324b0330d2d8b7669648cc18823323e5/en/004102	en	1	Biden the biggest douch bag in presidential history!
textdetox@01907546324b0330d2d8b7669648cc18823323e5/en/004103	en	1	Ahahaha i can't believe they had the creepy porn lawyer on Maher.
textdetox@01907546324b0330d2d8b7669648cc18823323e5/en/004104	en	1	Wait... actually I can because Maher is an idiot.
textdetox@01907546324b0330d2d8b7669648cc18823323e5/en/004105	en	1	I'd love to see these Republicans slowly flayed alive and see how much is removed before they take back their lies.
textdetox@01907546324b0330d2d8b7669648cc18823323e5/en/004106	en	1	In Wales, we’d just fuck them up.
textdetox@01907546324b0330d2d8b7669648cc18823323e5/en/004107	en	1	Joe Is An INTENTIONAL IDIOT, SURROUNDED BY MORE INCOMPETENT PEOPLE!!!
textdetox@01907546324b0330d2d8b7669648cc18823323e5/en/004108	en	1	Look at all of the retards in the comments shitting on Meta and Zuckerburg.
textdetox@01907546324b0330d2d8b7669648cc18823323e5/en/004109	en	1	It's ALL free, says fuck JOE BIDEN
textdetox@01907546324b0330d2d8b7669648cc18823323e5/en/004110	en	1	Where Islam is, there is murder and terrorism.
textdetox@01907546324b0330d2d8b7669648cc18823323e5/en/004111	en	1	This Religion, which Amarica supports in her damn plans, should be banned all over the world.
textdetox@01907546324b0330d2d8b7669648cc18823323e5/en/004112	en	1	He went to a suicide fucking forest, what did he expect.
textdetox@01907546324b0330d2d8b7669648cc18823323e5/en/004113	en	1	This fucking arsehole comes to our country, disrespects culture, breaks more laws than I can count and makes monetised content out of a dead body, I fucking hate tourists
textdetox@01907546324b0330d2d8b7669648cc18823323e5/en/004114	en	1	god what self entitled piece of shit, I hate people like that.
textdetox@01907546324b0330d2d8b7669648cc18823323e5/en/004115	en	1	You two are so rude and so stupid!
textdetox@01907546324b0330d2d8b7669648cc18823323e5/en/004116	en	1	Surprising the Half Baked Marxist Communist and Mentally Sexually confused didn't have VP Knee Pads play acting with actor children or doing a FAKE cooking show.
textdetox@01907546324b0330d2d8b7669648cc18823323e5/en/004117	en	1	every Republican is traitor scum, and our country will never be safe again until we EXTERMINATE all these terrorists.
textdetox@01907546324b0330d2d8b7669648cc18823323e5/en/004118	en	1	Fuck that gun control you aint takn my gun AMS most of the places that are not safe are liberal cities with ninjas
textdetox@01907546324b0330d2d8b7669648cc18823323e5/en/004119	en	1	Abuse, child trafficking and corruption will be exposed, and the perpetrators shit their pants.
textdetox@01907546324b0330d2d8b7669648cc18823323e5/en/004120	en	1	Look at all these dumb degenerates actually believing the Pope is a sheep lol.
textdetox@01907546324b0330d2d8b7669648cc18823323e5/en/004121	en	1	Those two bitches deserve each other.
textdetox@01907546324b0330d2d8b7669648cc18823323e5/en/004122	en	1	These far left lunatics are miserable, angry failures at basic human interaction, so they seek to drag the entirety of society down with them, making even laughter off limits.
textdetox@01907546324b0330d2d8b7669648cc18823323e5/en/004123	en	1	It’s sad to see you being bully turned you into a dismissive arguer
textdetox@01907546324b0330d2d8b7669648cc18823323e5/en/004124	en	1	This woman is not a president, she is a fake-governor.
textdetox@01907546324b0330d2d8b7669648cc18823323e5/en/004125	en	1	She is a fake person with stupid voters.
textdetox@01907546324b0330d2d8b7669648cc18823323e5/en/004126	en	1	The people see through these phony, corrupt, lying, scheming democrats.
textdetox@01907546324b0330d2d8b7669648cc18823323e5/en/004127	en	1	He’s a lying racist pig.
textdetox@01907546324b0330d2d8b7669648cc18823323e5/en/004128	en	1	OH HELL NO BRING ON THE NUREMBERG TRIALS arrest all these mass serial murderers !
textdetox@01907546324b0330d2d8b7669648cc18823323e5/en/004129	en	1	Maybe the person’s soul rest in peace and honestly, fuck logan paul.
textdetox@01907546324b0330d2d8b7669648cc18823323e5/en/004130	en	1	You’re so full of shit…..and food.
textdetox@01907546324b0330d2d8b7669648cc18823323e5/en/004131	en	1	You made a whole movie for pedophiles.. Good job Netflix.. you sick fckrs
textdetox@01907546324b0330d2d8b7669648cc18823323e5/en/004132	en	1	Jeeze, she’s got some double pink eye going on…she needs to lay off the sh*t play.
textdetox@01907546324b0330d2d8b7669648cc18823323e5/en/004133	en	1	I am asking you in a very educated manner bitch get out of the fucking car
textdetox@01907546324b0330d2d8b7669648cc18823323e5/en/004134	en	1	I f*@king knew that he'd be back.
textdetox@01907546324b0330d2d8b7669648cc18823323e5/en/004135	en	1	Both of these a**hats have been f*@king with us for a long time.
textdetox@01907546324b0330d2d8b7669648cc18823323e5/en/004136	en	1	And yes, probably demented like creepy Joe.
textdetox@01907546324b0330d2d8b7669648cc18823323e5/en/004137	en	1	Bitch looks like prince Zuko from Avatar the last airbender.
textdetox@01907546324b0330d2d8b7669648cc18823323e5/en/004138	en	1	Whenever Ted Cruz talks I just think he must be the devil.
textdetox@01907546324b0330d2d8b7669648cc18823323e5/en/004139	en	1	He is such a low class piece of 💩
textdetox@01907546324b0330d2d8b7669648cc18823323e5/en/004140	en	1	He’s pathetic and he can’t answer questions.
textdetox@01907546324b0330d2d8b7669648cc18823323e5/en/004141	en	1	I didn't vote for this clown he's not my president let's go Brandon!
textdetox@01907546324b0330d2d8b7669648cc18823323e5/en/004142	en	1	Wtf is Joe Biden still president he needs impeached he is worthless and he committed treason
textdetox@01907546324b0330d2d8b7669648cc18823323e5/en/004143	en	1	Michelle Obama has to be trans
textdetox@01907546324b0330d2d8b7669648cc18823323e5/en/004144	en	1	Throw the miserable S.O.B in prison for a few years.
textdetox@01907546324b0330d2d8b7669648cc18823323e5/en/004145	en	1	Total scum....may you all pay with your lives
textdetox@01907546324b0330d2d8b7669648cc18823323e5/en/004146	en	1	Never get too attached, yeah, they all sluts
textdetox@01907546324b0330d2d8b7669648cc18823323e5/en/004147	en	1	You will all lose your heads.
textdetox@01907546324b0330d2d8b7669648cc18823323e5/en/004148	en	1	Kamala is trash like the rest of democrat politicians that are trying to destroy our country.
textdetox@01907546324b0330d2d8b7669648cc18823323e5/en/004149	en	1	Alec shut the F up
textdetox@01907546324b0330d2d8b7669648cc18823323e5/en/004150	en	1	I want to see Karen’s getting the sh t kicked out of them
textdetox@01907546324b0330d2d8b7669648cc18823323e5/en/004151	en	1	GET YOUR FILTHY DISGUSTING DEMOCRAT PAWS OFF MY WALLET!
textdetox@01907546324b0330d2d8b7669648cc18823323e5/en/004152	en	1	"you forgot ""illogical lying"" heartless monster."
textdetox@01907546324b0330d2d8b7669648cc18823323e5/en/004153	en	1	The people that clapped for her should be shot
textdetox@01907546324b0330d2d8b7669648cc18823323e5/en/004154	en	1	Everyone in this comment section dumb af lol including the ones defending the vaccine
textdetox@01907546324b0330d2d8b7669648cc18823323e5/en/004155	en	1	BUT DOSENT RUN WHEN HE SHITS HIS PANTS WITH THE POPE.
textdetox@01907546324b0330d2d8b7669648cc18823323e5/en/004156	en	1	Zed, why is it illegal to punch these freaks?
textdetox@01907546324b0330d2d8b7669648cc18823323e5/en/004157	en	1	Can we please try and pass a law where beating these fools is an acceptable part of my Monday’s.
textdetox@01907546324b0330d2d8b7669648cc18823323e5/en/004158	en	1	We need religion tho...to control the dumbfucks and the poors.
textdetox@01907546324b0330d2d8b7669648cc18823323e5/en/004159	en	1	What the fuck is wrong with people and why is America turning into a stockpot of shitheads?
textdetox@01907546324b0330d2d8b7669648cc18823323e5/en/004160	en	1	Execute them all at 3:00 am , just like Joe Biden left Afghanistan and no one would know they are gone!!!
textdetox@01907546324b0330d2d8b7669648cc18823323e5/en/004161	en	1	Attack only Chinese not other Asians
textdetox@01907546324b0330d2d8b7669648cc18823323e5/en/004162	en	1	ILLEGALS ARE COMING FROM THE NORTH DUMBASS DO YOUR FUCKIN HOME WORK TRUMP LIARS
textdetox@01907546324b0330d2d8b7669648cc18823323e5/en/004163	en	1	I’m going to call bullshit on that thing being raped 1 time - let alone 4.
textdetox@01907546324b0330d2d8b7669648cc18823323e5/en/004164	en	1	guess what this bitch said after choked on my dick.
textdetox@01907546324b0330d2d8b7669648cc18823323e5/en/004165	en	1	They're trouble makers with a warped paranoid fear of a non existent white superiority.
textdetox@01907546324b0330d2d8b7669648cc18823323e5/en/004166	en	1	#FUCK KEBAB #DEUS VULT THEM ALL TO HELL
textdetox@01907546324b0330d2d8b7669648cc18823323e5/en/004167	en	1	That's because your current statemtn looks like a statement from a misogynistic racist
textdetox@01907546324b0330d2d8b7669648cc18823323e5/en/004168	en	1	Stupid fucking cunt, you're a waste of good flesh and I hope you get cancer.
textdetox@01907546324b0330d2d8b7669648cc18823323e5/en/004169	en	1	Shut up bitch cuck penis vagina nigger cracker butt anus liwuid!
textdetox@01907546324b0330d2d8b7669648cc18823323e5/en/004170	en	1	You have a shithole country, we have a Constitution!
textdetox@01907546324b0330d2d8b7669648cc18823323e5/en/004171	en	1	Is the average Pakistani this much of a retard?
textdetox@01907546324b0330d2d8b7669648cc18823323e5/en/004172	en	1	Hahaha I love trash bag nazi Americans.
textdetox@01907546324b0330d2d8b7669648cc18823323e5/en/004173	en	1	Boy, do I miss the 90s and early 2000s when you could call someone a fuckin faggot.
textdetox@01907546324b0330d2d8b7669648cc18823323e5/en/004174	en	1	All we see is someone being an insecure piece of shit.
textdetox@01907546324b0330d2d8b7669648cc18823323e5/en/004175	en	1	Send them all back to Syria or whatever hellhole they come from
textdetox@01907546324b0330d2d8b7669648cc18823323e5/en/004176	en	1	Can you stop being a dumb nigga you crackbaby ?
textdetox@01907546324b0330d2d8b7669648cc18823323e5/en/004177	en	1	shove the buttplug down your throat and stfu.
textdetox@01907546324b0330d2d8b7669648cc18823323e5/en/004178	en	1	They turn area's into shitholes then moan that they are dangerous URL
textdetox@01907546324b0330d2d8b7669648cc18823323e5/en/004179	en	1	Deport Omar to Somalia they can use the cunt there more than in America.
textdetox@01907546324b0330d2d8b7669648cc18823323e5/en/004180	en	1	I'll Beat The Fuck Outta All My Homeboys Baby Mama's
textdetox@01907546324b0330d2d8b7669648cc18823323e5/en/004181	en	1	hate a nigga that be in female mess.
textdetox@01907546324b0330d2d8b7669648cc18823323e5/en/004182	en	1	Go find a random dick to put in that cunt
textdetox@01907546324b0330d2d8b7669648cc18823323e5/en/004183	en	1	I will be happy to go to jail, than have some twit telling me what to do.
textdetox@01907546324b0330d2d8b7669648cc18823323e5/en/004184	en	1	Sick little girl throwing around that Pedo word at him in hope someone will hear it and attack him for her.
textdetox@01907546324b0330d2d8b7669648cc18823323e5/en/004185	en	1	I just hope Europe honours its citizens by kicking the ass of the USA, and never have any business with it.
textdetox@01907546324b0330d2d8b7669648cc18823323e5/en/004186	en	1	Just what the fuck do people want when the fuckin USA is riddled with guns, you are a stupid race of fuckin idiots
textdetox@01907546324b0330d2d8b7669648cc18823323e5/en/004187	en	1	Once done they tossed and kicked their heads away like so much garbage
textdetox@01907546324b0330d2d8b7669648cc18823323e5/en/004188	en	1	If your bitch does not know how to turn of the grill she a hoe
textdetox@01907546324b0330d2d8b7669648cc18823323e5/en/004189	en	1	I'll bite your neck to mark you as mine, and fill your cunt with cum over and over.
textdetox@01907546324b0330d2d8b7669648cc18823323e5/en/004190	en	1	wanna make everything gay bc of these crybaby ass faggots we can't have shit URL
textdetox@01907546324b0330d2d8b7669648cc18823323e5/en/004191	en	1	Bottom bitches should get locked up in a cock cage!
textdetox@01907546324b0330d2d8b7669648cc18823323e5/en/004192	en	1	Two white male trump-supporting white supremacists kill 30 people, and you talk about immigration.
textdetox@01907546324b0330d2d8b7669648cc18823323e5/en/004193	en	1	Please Yahweh n Jesus may these Jewish pedo scums Bitch n Trump soul burn in Hell
textdetox@01907546324b0330d2d8b7669648cc18823323e5/en/004194	en	1	No nerves were hit, I just can't stand imbecile cunt bags like you.
textdetox@01907546324b0330d2d8b7669648cc18823323e5/en/004195	en	1	lol that was mad funny dude made lol out loud exsqueeze me as i put my 7 inch eggroll in your slutty moms salmon coochie
textdetox@01907546324b0330d2d8b7669648cc18823323e5/en/004196	en	1	Break your heart and dick, and then burn your house down with your pet inside.
textdetox@01907546324b0330d2d8b7669648cc18823323e5/en/004197	en	1	Fuck these pricks have no power.
textdetox@01907546324b0330d2d8b7669648cc18823323e5/en/004198	en	1	niggas be tryna make you mad with the ugliest bitches, boy fuck you and ur pet rat
textdetox@01907546324b0330d2d8b7669648cc18823323e5/en/004199	en	1	The Palestinians terrorist state needs to be wiped from the face of the earth.
textdetox@01907546324b0330d2d8b7669648cc18823323e5/en/004200	en	1	I think it's time the US and the UK should start bombing them.
textdetox@01907546324b0330d2d8b7669648cc18823323e5/en/004201	en	1	They have always been the white devils enslaving, killing, raping, and stealing native lands!!
textdetox@01907546324b0330d2d8b7669648cc18823323e5/en/004202	en	1	Start facefucking you as I prep to repeat the process until your nothing but a cum-soaked pile of goo
textdetox@01907546324b0330d2d8b7669648cc18823323e5/en/004203	en	1	This shit not funny or cool if a nigga ever spit on my face or in my mouth ima kill him.
textdetox@01907546324b0330d2d8b7669648cc18823323e5/en/004204	en	1	"Tips to prevent rape = ""Rape other women instead"""
textdetox@01907546324b0330d2d8b7669648cc18823323e5/en/004205	en	1	"Please throw these 3 illegal alien terrorists big mouth ""women"" (and I use the term loosely) OUT OF OUR UNITED STATES OF AMERICA!"
textdetox@01907546324b0330d2d8b7669648cc18823323e5/en/004206	en	1	You mean the children who were raped by your people?
textdetox@01907546324b0330d2d8b7669648cc18823323e5/en/004207	en	1	DTs message this a.m. was like watching a captured POW forced to make a FAKE confession, the body language said it all, The man is a white supremist, Nazi.
textdetox@01907546324b0330d2d8b7669648cc18823323e5/en/004208	en	1	Better get used to getting raped slutboy, not much else you could do, you were born to serve so moan all you want cause this is your life now.
textdetox@01907546324b0330d2d8b7669648cc18823323e5/en/004209	en	1	"Always going back to ""your mom"" or ""you suck at secks"" in reply to criticism."
textdetox@01907546324b0330d2d8b7669648cc18823323e5/en/004210	en	1	And clean up them Catholic orphanages they rape and murder little girls they kill babies.
textdetox@01907546324b0330d2d8b7669648cc18823323e5/en/004211	en	1	Hear that inferior fag bitch scream and whimper while it gets fully loaded with alpha babies.
textdetox@01907546324b0330d2d8b7669648cc18823323e5/en/004212	en	1	Fuck I'd dismantle a psychologist like that in an hour.
textdetox@01907546324b0330d2d8b7669648cc18823323e5/en/004213	en	1	Vic Berger wants the western world flooded with human garbage.
textdetox@01907546324b0330d2d8b7669648cc18823323e5/en/004214	en	1	I can see mexico officials just arresting people and killing them secretly.
textdetox@01907546324b0330d2d8b7669648cc18823323e5/en/004215	en	1	i dont pay attention to all that stuff but i do know niggers suck
textdetox@01907546324b0330d2d8b7669648cc18823323e5/en/004216	en	1	Help a cum dump whore to meet group fuckers.
textdetox@01907546324b0330d2d8b7669648cc18823323e5/en/004217	en	1	You might want to pick up some tylenol and a pair of knee pads before I use your face like a pocket pussy.
textdetox@01907546324b0330d2d8b7669648cc18823323e5/en/004218	en	1	Bitches really is stupid dumb ass bitch
textdetox@01907546324b0330d2d8b7669648cc18823323e5/en/004219	en	1	bitch u gettin left if u aint actin right
textdetox@01907546324b0330d2d8b7669648cc18823323e5/en/004220	en	1	Jews should be banned from making movies
textdetox@01907546324b0330d2d8b7669648cc18823323e5/en/004221	en	1	Tell His Ass Gon Somewea Lil Crackhead Like Joseline Do
textdetox@01907546324b0330d2d8b7669648cc18823323e5/en/004222	en	1	This is for the filthy faggots drink my douche water fag #RT #alpha #domination #worship #fetish URL
textdetox@01907546324b0330d2d8b7669648cc18823323e5/en/004223	en	1	Say that to my face and, bitch, Imma stick my dick in a bag of doritos and make you suck the dust off the tip
textdetox@01907546324b0330d2d8b7669648cc18823323e5/en/004224	en	1	The only cunt bigger than you is your mother's.
textdetox@01907546324b0330d2d8b7669648cc18823323e5/en/004225	en	1	i eat child specifically gay child because i hate gay people
textdetox@01907546324b0330d2d8b7669648cc18823323e5/en/004226	en	1	Kids nowadays are fucking rude, please kill them before they breed URL
textdetox@01907546324b0330d2d8b7669648cc18823323e5/en/004227	en	1	Send the Muslim bitches home to dirt country
textdetox@01907546324b0330d2d8b7669648cc18823323e5/en/004228	en	1	satan would reject you to hell, and say its too harsh for the other people.
textdetox@01907546324b0330d2d8b7669648cc18823323e5/en/004229	en	1	But I'm def above fucking a bitch who was skinny when I tried to smash and got fat.
textdetox@01907546324b0330d2d8b7669648cc18823323e5/en/004230	en	1	But of course white people love to be victimized snowflakes so lets let you be the victim instead of the murdered people.
textdetox@01907546324b0330d2d8b7669648cc18823323e5/en/004231	en	1	> ridding Nice word, faggot WHY DONT YOU FUCKEN FIGHT ME
textdetox@01907546324b0330d2d8b7669648cc18823323e5/en/004232	en	1	I also bitch about white knights like you, simps, manginas, cucks >you deserve to be a sexless gremlin Thank you.
textdetox@01907546324b0330d2d8b7669648cc18823323e5/en/004233	en	1	GO BACK SUCKING YOUR MOTHERS DICK YOU FUCKING CUNT FUCK YOU MORE
textdetox@01907546324b0330d2d8b7669648cc18823323e5/en/004234	en	1	Wouldn't get tired of kicking that bint with the purple hairs head in.
textdetox@01907546324b0330d2d8b7669648cc18823323e5/en/004235	en	1	I'll make these dudes cut parts of their dicks off, but telling them to stop slavery would be unreasonable!
textdetox@01907546324b0330d2d8b7669648cc18823323e5/en/004236	en	1	put his brown ass in jail for life for just supplying white folks who love to put drugs up their nose in their veins and probably up there ass.
textdetox@01907546324b0330d2d8b7669648cc18823323e5/en/004237	en	1	She would look great filled with white cocks.
textdetox@01907546324b0330d2d8b7669648cc18823323e5/en/004238	en	1	Incorrect, slaves are blacks and blacks are apes.
textdetox@01907546324b0330d2d8b7669648cc18823323e5/en/004239	en	1	Can't we just slowly start to kill white people at birth?
textdetox@01907546324b0330d2d8b7669648cc18823323e5/en/004240	en	1	Go eat a pussy and shut your pie URL's the women who are eroding society these days !
textdetox@01907546324b0330d2d8b7669648cc18823323e5/en/004241	en	1	And they're raping cows dogs and goats as well these devil people.
textdetox@01907546324b0330d2d8b7669648cc18823323e5/en/004242	en	1	Thats porkistan you turd flinging monkey .
textdetox@01907546324b0330d2d8b7669648cc18823323e5/en/004243	en	1	These zoophiles are more brainless than some of the animals they wanna fuck
textdetox@01907546324b0330d2d8b7669648cc18823323e5/en/004244	en	1	Your a stupid little whore whose only purpose is to be a worthless hole to take cum inside your hopeless body.
textdetox@01907546324b0330d2d8b7669648cc18823323e5/en/004245	en	1	A dipshit if ur telling the truth and a pussy ass nigga who gets no pussy who needs attention if ur lying.
textdetox@01907546324b0330d2d8b7669648cc18823323e5/en/004246	en	1	"They don't know that ""homey"" been out since the 80s and men don't call other men, ""Boo,"" like this fool."
textdetox@01907546324b0330d2d8b7669648cc18823323e5/en/004247	en	1	I don't give a fuck about my life, I give a fuck about the other blacl people who you stupid fucks always try and hold down.
textdetox@01907546324b0330d2d8b7669648cc18823323e5/en/004248	en	1	If you're so keen to die then go kill yourself already you piece of shit.
textdetox@01907546324b0330d2d8b7669648cc18823323e5/en/004249	en	1	Nahhhh, I am just going to rub and press and slap your ass, asshole, and pussy with my cock teasingly until I hear you beg for it
textdetox@01907546324b0330d2d8b7669648cc18823323e5/en/004250	en	1	instantly b) women: punch him in their balls and then break their noses.
textdetox@01907546324b0330d2d8b7669648cc18823323e5/en/004251	en	1	y'all qaeda should be dumped in guantanamo if that's what your govt does to brown peeps
textdetox@01907546324b0330d2d8b7669648cc18823323e5/en/004252	en	1	"KD prolly btfu matter fact i know he called them "" bum ass niggaz """
textdetox@01907546324b0330d2d8b7669648cc18823323e5/en/004253	en	1	Lmfao cancers males are very annoying they childish an pathological liars
textdetox@01907546324b0330d2d8b7669648cc18823323e5/en/004254	en	1	jesus christ why do niggers always have to show up and ruin my day.
textdetox@01907546324b0330d2d8b7669648cc18823323e5/en/004255	en	1	Nigga u dumber then dummer that beat hard nahh bitch
textdetox@01907546324b0330d2d8b7669648cc18823323e5/en/004256	en	1	Insha Allah The only punishment for them should be hanged till death# Molvies FASAAD fhisabilillah
textdetox@01907546324b0330d2d8b7669648cc18823323e5/en/004257	en	1	hope it was worth selling your souls by wearing that gay flag.
textdetox@01907546324b0330d2d8b7669648cc18823323e5/en/004258	en	1	Fuck hit that nigga trash and irrelevant
textdetox@01907546324b0330d2d8b7669648cc18823323e5/en/004259	en	1	This nigga jaden really a goat
textdetox@01907546324b0330d2d8b7669648cc18823323e5/en/004260	en	1	Display that nigger cunt, so I can judge if you worth some white cock!
textdetox@01907546324b0330d2d8b7669648cc18823323e5/en/004261	en	1	Irans allow LIEING in a criminak trial ands they EXECUTED little mentally retarded buy from a forced torture confessions.
textdetox@01907546324b0330d2d8b7669648cc18823323e5/en/004262	en	1	Fuck outta here with this gay shit
textdetox@01907546324b0330d2d8b7669648cc18823323e5/en/004263	en	1	She looks like one of those dumb whores.
textdetox@01907546324b0330d2d8b7669648cc18823323e5/en/004264	en	1	This is how I will treat your faggot ass in public.
textdetox@01907546324b0330d2d8b7669648cc18823323e5/en/004265	en	1	Honestly I'm so tired of these ugly white men killing innocent people just because they're unhappy in their own pasty ugly white skin.
textdetox@01907546324b0330d2d8b7669648cc18823323e5/en/004266	en	1	I know how to beat a bitch until they shit themselves and leave no marks.
textdetox@01907546324b0330d2d8b7669648cc18823323e5/en/004267	en	1	Shut the fuck up retarded ass faggot redditor
textdetox@01907546324b0330d2d8b7669648cc18823323e5/en/004268	en	1	They couldn't give a shit about the math.
textdetox@01907546324b0330d2d8b7669648cc18823323e5/en/004269	en	1	It was spliced and compiled from a forty four minute video to show how much a fucking idiot your speaker is.
textdetox@01907546324b0330d2d8b7669648cc18823323e5/en/004270	en	1	Fucking white trash bitch ass dweeb.
textdetox@01907546324b0330d2d8b7669648cc18823323e5/en/004271	en	1	I dont see here terminator.I only see some fucking feminist with mexican retard and ugly effects.
textdetox@01907546324b0330d2d8b7669648cc18823323e5/en/004272	en	1	You little shits want to take out 'boo hoo, women won't fuck me cause I'm a hateful piece of garbage' on the real world.
textdetox@01907546324b0330d2d8b7669648cc18823323e5/en/004273	en	1	Every gook in #LosAngeles should be deported or killed.
textdetox@01907546324b0330d2d8b7669648cc18823323e5/en/004274	en	1	Wtf is wrong with people these days And you fucking stupid people support this transgender fuck?
textdetox@01907546324b0330d2d8b7669648cc18823323e5/en/004275	en	1	You DemTards would be raising hell in the streets.
textdetox@01907546324b0330d2d8b7669648cc18823323e5/en/004276	en	1	Says the annoying little shit who calls me bitter and needs to get laid more because I dared to suggest that a person's body count actually matters.
textdetox@01907546324b0330d2d8b7669648cc18823323e5/en/004277	en	1	Germany was invaded by niggers and arabs but you make a show to old boomers on river.
textdetox@01907546324b0330d2d8b7669648cc18823323e5/en/004278	en	1	God bless the army and may he help them get rid of this filth that is these extremists
textdetox@01907546324b0330d2d8b7669648cc18823323e5/en/004279	en	1	Bunch of faggots need you to go awaaaaaay; still going bad on em anyway
textdetox@01907546324b0330d2d8b7669648cc18823323e5/en/004280	en	1	Shut your fucking whore mouth with your passive aggressive bull shit.
textdetox@01907546324b0330d2d8b7669648cc18823323e5/en/004281	en	1	If this dumb bitch is so hot, maybe don't wear long sleeves and a beanie in California in the summertime.
textdetox@01907546324b0330d2d8b7669648cc18823323e5/en/004282	en	1	This woman supported you for YEARS looked after your dumb drugged up ass like ur a kid only for him to insult her publicly every few months.
textdetox@01907546324b0330d2d8b7669648cc18823323e5/en/004283	en	1	School girl gets a quick fuck URL
textdetox@01907546324b0330d2d8b7669648cc18823323e5/en/004284	en	1	Why even make this post u dumb fucking faggot.
textdetox@01907546324b0330d2d8b7669648cc18823323e5/en/004285	en	1	Thankyou for your work trump you are doin the right thing deporting all these dirty animals back to there countries!
textdetox@01907546324b0330d2d8b7669648cc18823323e5/en/004286	en	1	I just want to be a bitch with some tits
textdetox@01907546324b0330d2d8b7669648cc18823323e5/en/004287	en	1	I'd pull your hair while I fucked you up the ass — You probably have a micro-penis, it wouldn't even fit lol URL
textdetox@01907546324b0330d2d8b7669648cc18823323e5/en/004288	en	1	Totally would have her in the alley afterwards with my cock up her tight ass.
textdetox@01907546324b0330d2d8b7669648cc18823323e5/en/004289	en	1	Join my onlyfans to see how I play with my pussy
textdetox@01907546324b0330d2d8b7669648cc18823323e5/en/004290	en	1	We should kill all the white people once and for all.
textdetox@01907546324b0330d2d8b7669648cc18823323e5/en/004291	en	1	Go fuck yourself hillbilly cracker fuckshit.
textdetox@01907546324b0330d2d8b7669648cc18823323e5/en/004292	en	1	"That these arrogant, hate-filled, morally bankrupt lesbian ""women?"""
textdetox@01907546324b0330d2d8b7669648cc18823323e5/en/004293	en	1	Slaves are there to be used, now stay still while I fuck you
textdetox@01907546324b0330d2d8b7669648cc18823323e5/en/004294	en	1	Yeah we don't pander to that fairy tale bullshit when it comes to the security of our country.
textdetox@01907546324b0330d2d8b7669648cc18823323e5/en/004295	en	1	Putin - Good boy, now get down on your hands and knees and suck me off pussy.
textdetox@01907546324b0330d2d8b7669648cc18823323e5/en/004296	en	1	DRob schooling these Mormons, or should I say morons
textdetox@01907546324b0330d2d8b7669648cc18823323e5/en/004297	en	1	Build a wall and keep all of these fucking parasites out of the United States.
textdetox@01907546324b0330d2d8b7669648cc18823323e5/en/004298	en	1	Fuck I swear to god these muzzies are a dumb lot
textdetox@01907546324b0330d2d8b7669648cc18823323e5/en/004299	en	1	This girl keeps playing games done with her shit snip snip hoe
textdetox@01907546324b0330d2d8b7669648cc18823323e5/en/004300	en	1	We live in a world where mangle a fat fucking disgusting slob and Nick king 13 a fucking Homo sexual deviant ate welders.
textdetox@01907546324b0330d2d8b7669648cc18823323e5/en/004301	en	1	This make me mad as hell, I hope someone stop this bitches throat in
textdetox@01907546324b0330d2d8b7669648cc18823323e5/en/004302	en	1	You people means the parasite class thats a perpetual victim that finds offense in everything.
textdetox@01907546324b0330d2d8b7669648cc18823323e5/en/004303	en	1	Disgusting zero benefit to society cunts
textdetox@01907546324b0330d2d8b7669648cc18823323e5/en/004304	en	1	He will make sure each and every jihadi bastard in your country will die a painful death, and your rogue state Naapak Pakistan will be finished forever URL
textdetox@01907546324b0330d2d8b7669648cc18823323e5/en/004305	en	1	You degenerate shitbags will hopefully be culled slowly and then burnt in pits.
textdetox@01907546324b0330d2d8b7669648cc18823323e5/en/004306	en	1	Faggots live to hear these words.
textdetox@01907546324b0330d2d8b7669648cc18823323e5/en/004307	en	1	Neurotic narcissistic nerds are the inbred paki jihadi's of the white world.
textdetox@01907546324b0330d2d8b7669648cc18823323e5/en/004308	en	1	HE'S A FUCKING PSYCHOTIC INCEL WHO DESERVES TO FUCKING PERISH
textdetox@01907546324b0330d2d8b7669648cc18823323e5/en/004309	en	1	"Trump: ""These brown and black women need to go back to their home countries!"""
textdetox@01907546324b0330d2d8b7669648cc18823323e5/en/004310	en	1	And BET aka bullshit entertainment trash supports trash artists while sh****ing on real talent.
textdetox@01907546324b0330d2d8b7669648cc18823323e5/en/004311	en	1	I really wanna punch u in the neck u inconsiderate bitch.
textdetox@01907546324b0330d2d8b7669648cc18823323e5/en/004312	en	1	These are animals from an absurd theology created by an immoral Bedouin, is like a rotting corpse which poisons our lives!
textdetox@01907546324b0330d2d8b7669648cc18823323e5/en/004313	en	1	We don't pay taxes so you can waste them on lighting up dried shit left here by invaders!
textdetox@01907546324b0330d2d8b7669648cc18823323e5/en/004314	en	1	And let that fucking psycho bitch raise her kids!
textdetox@01907546324b0330d2d8b7669648cc18823323e5/en/004315	en	1	Send Melania back to the shit hole country she's from.
textdetox@01907546324b0330d2d8b7669648cc18823323e5/en/004316	en	1	You say you don't succ dicc Bitch You Childish… imma side nigga WTF is a title…You a nasty nigga type to fucc her on period
textdetox@01907546324b0330d2d8b7669648cc18823323e5/en/004317	en	1	A bitch will wake up and eat hot cheetos every morning but got the nerve to judge a bitch for suckin a cucumber
textdetox@01907546324b0330d2d8b7669648cc18823323e5/en/004318	en	1	So be a good girl lay there and cry while you get gangraped
textdetox@01907546324b0330d2d8b7669648cc18823323e5/en/004319	en	1	FUCK YOU YOU RAGING IGNORANT CHAFED CHODE OF UNINFORMITY HE IS THREATENING TO TWIST YR SPINE TO PROVE HOW WEAK IT IS YOU BABYBACKED CAPSLOCK KEYLESS CUCKOLD FUCK YOU
textdetox@01907546324b0330d2d8b7669648cc18823323e5/en/004320	en	1	"And na them they rape ""marry"" small pikin in the name of the same religion fucking idiot"
textdetox@01907546324b0330d2d8b7669648cc18823323e5/en/004321	en	1	From our previous murrsuit party, fucks 's assthen They fuck my assthen They fuck my pussy and cum!
textdetox@01907546324b0330d2d8b7669648cc18823323e5/en/004322	en	1	Bitches find an illiterate man with anger issues & a gun & call him a hood nigga lmao URL
textdetox@01907546324b0330d2d8b7669648cc18823323e5/en/004323	en	1	Of course our stupid Roosevelts[Roosenfelds] didn't help US at all.
textdetox@01907546324b0330d2d8b7669648cc18823323e5/en/004324	en	1	Suck that fuckin' black dick bitch!
textdetox@01907546324b0330d2d8b7669648cc18823323e5/en/004325	en	1	Robo is a nigger, Your the filthy wetback Suck his asshole.
textdetox@01907546324b0330d2d8b7669648cc18823323e5/en/004326	en	1	a lot of you hoes out here really trash i wouldnt even waste my time with you whores
textdetox@01907546324b0330d2d8b7669648cc18823323e5/en/004327	en	1	The Jews biggest weapon is money take there shit and they will go back to hell where they belong
textdetox@01907546324b0330d2d8b7669648cc18823323e5/en/004328	en	1	Equal pay, here we go with this bull crap again.
textdetox@01907546324b0330d2d8b7669648cc18823323e5/en/004329	en	1	I should get myself a little group of slaves to cater to the frequent needs of my dick.
textdetox@01907546324b0330d2d8b7669648cc18823323e5/en/004330	en	1	u bitches are digusting and shouldnt be allowed to have childrenand u niggas need to stop nuttin in everything URL
textdetox@01907546324b0330d2d8b7669648cc18823323e5/en/004331	en	1	Send Melania the Slut Cunt back home!
textdetox@01907546324b0330d2d8b7669648cc18823323e5/en/004332	en	1	Bill Christian You mean the little dipshits that can't read, write, or spell?
textdetox@01907546324b0330d2d8b7669648cc18823323e5/en/004333	en	1	Ill leave bruises on your throat ass tits and pussy you dirty slut
textdetox@01907546324b0330d2d8b7669648cc18823323e5/en/004334	en	1	That slutty ass hole is begging for a second cock
textdetox@01907546324b0330d2d8b7669648cc18823323e5/en/004335	en	1	What a fucking loser, weak boned, piece of trash.
textdetox@01907546324b0330d2d8b7669648cc18823323e5/en/004336	en	1	I think all balochistan girls need raping anally
textdetox@01907546324b0330d2d8b7669648cc18823323e5/en/004337	en	1	Why would anyone want a sour faced negative white person hating old bag like you on stage with them?
textdetox@01907546324b0330d2d8b7669648cc18823323e5/en/004338	en	1	I'm going to hunt, fuck and kill your mommy.
textdetox@01907546324b0330d2d8b7669648cc18823323e5/en/004339	en	1	About half a century ago when Black People were running around naked, they probably didn't care about privacy or intruders.
textdetox@01907546324b0330d2d8b7669648cc18823323e5/en/004340	en	1	Eh treat that filthy slut like the nasty beater bitch she is
textdetox@01907546324b0330d2d8b7669648cc18823323e5/en/004341	en	1	Americans are fucking stupid, arrogant cunts every event one eu team (g2 or empire) does well, and the other team has their asses handed to them, like lestream did here
textdetox@01907546324b0330d2d8b7669648cc18823323e5/en/004342	en	1	"Take your dumb sign saying ""ovaries before broveries"" and throw it in a big garbage fire of hell"
textdetox@01907546324b0330d2d8b7669648cc18823323e5/en/004343	en	1	Dude wtf, dump that cum bucket of a whore.
textdetox@01907546324b0330d2d8b7669648cc18823323e5/en/004344	en	1	I would fuck you at least three times a day, never letting you take them off.
textdetox@01907546324b0330d2d8b7669648cc18823323e5/en/004345	en	1	You're what's wrong with this world and Its disgusting Stan don't want no racist I must leave now but reply whenever :) URL
textdetox@01907546324b0330d2d8b7669648cc18823323e5/en/004346	en	1	kill them all and start with those ugly babies.
textdetox@01907546324b0330d2d8b7669648cc18823323e5/en/004347	en	1	The killer should have come with someone else to kill more people.
textdetox@01907546324b0330d2d8b7669648cc18823323e5/en/004348	en	1	Probably because you were a bitter Betty and you sucked.
textdetox@01907546324b0330d2d8b7669648cc18823323e5/en/004349	en	1	Always shooting to kill first, instead of not knowing how to fucking communicate like a human being.
textdetox@01907546324b0330d2d8b7669648cc18823323e5/en/004350	en	1	I dont give a fuck what you think I fucking hate muslims i would send every one of them home
textdetox@01907546324b0330d2d8b7669648cc18823323e5/en/004351	en	1	I wouldn't listen to either of the bought and paid for dirty Globalist pigs
textdetox@01907546324b0330d2d8b7669648cc18823323e5/en/004352	en	1	No more innocence or sweetness, just a white slut to be used
textdetox@01907546324b0330d2d8b7669648cc18823323e5/en/004353	en	1	The tape gag will muffle your cries when you cum!
textdetox@01907546324b0330d2d8b7669648cc18823323e5/en/004354	en	1	Rooster Blues Go get raped and slaughtered by ISIS like the pigs you people are.
textdetox@01907546324b0330d2d8b7669648cc18823323e5/en/004355	en	1	Be careful your own bitch will fuck her neighbor while your at her house waiting for her, fuck you talmbout
textdetox@01907546324b0330d2d8b7669648cc18823323e5/en/004356	en	1	Europe is trash and full of disgusting people
textdetox@01907546324b0330d2d8b7669648cc18823323e5/en/004357	en	1	Full of neon haired lefty sodomites.
textdetox@01907546324b0330d2d8b7669648cc18823323e5/en/004358	en	1	She nothin' but a no good fat pussy bitch man leave her be
textdetox@01907546324b0330d2d8b7669648cc18823323e5/en/004359	en	1	Israel has no soul, they are cursed and anybody with them too.
textdetox@01907546324b0330d2d8b7669648cc18823323e5/en/004360	en	1	I'm waiting mother fucker, because I LOVE crushing Cowboy fags
textdetox@01907546324b0330d2d8b7669648cc18823323e5/en/004361	en	1	They should be put in cages fucking white devils.
textdetox@01907546324b0330d2d8b7669648cc18823323e5/en/004362	en	1	close our border and get rid of all traitors to We The People and our country!
textdetox@01907546324b0330d2d8b7669648cc18823323e5/en/004363	en	1	Your piece of shit ass bitch and I hope someone spits on your face like you did to your dog dumb ass fucking hoe.
textdetox@01907546324b0330d2d8b7669648cc18823323e5/en/004364	en	1	Lol those stupid cops are from the UK such a pussy country, they have no guns go ahead and beta their ass what are they gonna do?
textdetox@01907546324b0330d2d8b7669648cc18823323e5/en/004365	en	1	Incels are the shame of the world, they have everything still become the worst right wing depraved shits in the world
textdetox@01907546324b0330d2d8b7669648cc18823323e5/en/004366	en	1	you don't see christians out murdering people for their cause.
textdetox@01907546324b0330d2d8b7669648cc18823323e5/en/004367	en	1	And go through the trouble of dealing with your disgusting fat dead ass?
textdetox@01907546324b0330d2d8b7669648cc18823323e5/en/004368	en	1	If your relationship is anything like your post history, you just stop being a bitch.
textdetox@01907546324b0330d2d8b7669648cc18823323e5/en/004369	en	1	Uneducated white beta males make the best Trumpanzees.
textdetox@01907546324b0330d2d8b7669648cc18823323e5/en/004370	en	1	As a matter of fact, I wish hell and fire on you.
textdetox@01907546324b0330d2d8b7669648cc18823323e5/en/004371	en	1	And you are a racist, so keep playing the race card.
textdetox@01907546324b0330d2d8b7669648cc18823323e5/en/004372	en	1	Keep her bent over, rip the shorts off and pull her hair while I gape her asshole
textdetox@01907546324b0330d2d8b7669648cc18823323e5/en/004373	en	1	remember always: only faggots defend other faggots.
textdetox@01907546324b0330d2d8b7669648cc18823323e5/en/004374	en	1	Cause he's white and privileged so fuck him in particular even though he's raped one person and has been deemed unlikely to be a repeat offender.
textdetox@01907546324b0330d2d8b7669648cc18823323e5/en/004375	en	1	What a fucking loser why don't you just cheat on your wife like the rest of us
textdetox@01907546324b0330d2d8b7669648cc18823323e5/en/004376	en	1	And any 40 year old man that fucks 16 year old girls deserves to be euthanized
textdetox@01907546324b0330d2d8b7669648cc18823323e5/en/004377	en	1	cant fuck w no nigga who easy to give his dick to the next bitch thats ghetto and dirty.
textdetox@01907546324b0330d2d8b7669648cc18823323e5/en/004378	en	1	The us woman's team is a fucking disgrace to footballs everywhere!!
textdetox@01907546324b0330d2d8b7669648cc18823323e5/en/004379	en	1	One day we will murder farmers for the genocide they've committed of animals.
textdetox@01907546324b0330d2d8b7669648cc18823323e5/en/004380	en	1	She needs to be fucked as hard and often as possible, it'd be a waste not to.
textdetox@01907546324b0330d2d8b7669648cc18823323e5/en/004381	en	1	"the only way you wouldn't ""survive"" is if you were a fucking thin-skinned pussy"
textdetox@01907546324b0330d2d8b7669648cc18823323e5/en/004382	en	1	Fuck nigga I might spit in yo face
textdetox@01907546324b0330d2d8b7669648cc18823323e5/en/004383	en	1	Downvote me pls bunch of thirsty virgins lmfao.
textdetox@01907546324b0330d2d8b7669648cc18823323e5/en/004384	en	1	Fuck her tits in that tiny tank top.
textdetox@01907546324b0330d2d8b7669648cc18823323e5/en/004385	en	1	"Hiss at all women and yell ""BEGONE THOT"""
textdetox@01907546324b0330d2d8b7669648cc18823323e5/en/004386	en	1	Going out there looking like a perverted AGP hon is going to scare away the HSTS children who are actually women on the inside.
textdetox@01907546324b0330d2d8b7669648cc18823323e5/en/004387	en	1	Santiago choke on a dick faggot
textdetox@01907546324b0330d2d8b7669648cc18823323e5/en/004388	en	1	Make 'em build that fucking wall by hand!
textdetox@01907546324b0330d2d8b7669648cc18823323e5/en/004389	en	1	Commit suicide yourself, you cock sucking faggot ass bot.
textdetox@01907546324b0330d2d8b7669648cc18823323e5/en/004390	en	1	nigga YOU shut the fuck up, ol slippery spine ass nigga eat several dicks
textdetox@01907546324b0330d2d8b7669648cc18823323e5/en/004391	en	1	President DONNA JANE TRUMP IS THE ANTICHRIST of Revelation and a TRANNY and you fools that think she's MALE are deceived by HOLLYWOOD and Washington
textdetox@01907546324b0330d2d8b7669648cc18823323e5/en/004392	en	1	The only violence this faggot ass generation will have to endure is when they will be throwing their fucking smart phones at each others face !
textdetox@01907546324b0330d2d8b7669648cc18823323e5/en/004393	en	1	"Mine is ""your gay asf bitch, and you should just go kill ur self"""
textdetox@01907546324b0330d2d8b7669648cc18823323e5/en/004394	en	1	For starters bend over the one in pink and kick that ass and pussy to get a taste until she's begging for a dick inside her.
textdetox@01907546324b0330d2d8b7669648cc18823323e5/en/004395	en	1	Watch his big cock stretch my cunt while your worthless little dick gets hard as a rock.
textdetox@01907546324b0330d2d8b7669648cc18823323e5/en/004396	en	1	Go back to your third world shithole bitch
textdetox@01907546324b0330d2d8b7669648cc18823323e5/en/004397	en	1	Yet America has and (unfortunately) will continue to provide military cover for all of Europe while you flood your own countries with third-world, incompatible trash people.
textdetox@01907546324b0330d2d8b7669648cc18823323e5/en/004398	en	1	These sophomoric pseudo-intellectuals (and not so thinly veiled wannabe dictators) are nothing more than arsonists in a field of straw men!
textdetox@01907546324b0330d2d8b7669648cc18823323e5/en/004399	en	1	No one cares about that, except for backward Muslim nations, who want to murder all gays.
textdetox@01907546324b0330d2d8b7669648cc18823323e5/en/004400	en	1	You are a filthy slut who dresses up to get attention and make mens' cocks hard.
textdetox@01907546324b0330d2d8b7669648cc18823323e5/en/004401	en	1	Oh please 13% of the American population tops the charts in homicide, theft, drug crimes, gang violence and just in general have shit attitude.
textdetox@01907546324b0330d2d8b7669648cc18823323e5/en/004402	en	1	Think of all the hateful shit that has gone on in the last 2000 years because this made up bullshit has people repressing themselves for fear of eternal damnation.
textdetox@01907546324b0330d2d8b7669648cc18823323e5/en/004403	en	1	Watch it or I'll enslave you and your mother and make her suck my balls while you watch.
textdetox@01907546324b0330d2d8b7669648cc18823323e5/en/004404	en	1	Dear Anupam Kher, you are a Moron and a gutter person.
textdetox@01907546324b0330d2d8b7669648cc18823323e5/en/004405	en	1	we gonna suck bite slap her big tits thn fuck them n jizz all on them shes such a fit slut
textdetox@01907546324b0330d2d8b7669648cc18823323e5/en/004406	en	1	Lol, fag has pretty much lost its gusto as a slur
textdetox@01907546324b0330d2d8b7669648cc18823323e5/en/004407	en	1	I'd ask how her ass tastes, but I'd assume it's probably pretty fuckin' good, so I won't
textdetox@01907546324b0330d2d8b7669648cc18823323e5/en/004408	en	1	Pussy so fat the bitch gave me STDs: Sexually Transmitted Diabetes
textdetox@01907546324b0330d2d8b7669648cc18823323e5/en/004409	en	1	I thought it was white/Hispanic that falsely accuse black men of rape?
textdetox@01907546324b0330d2d8b7669648cc18823323e5/en/004410	en	1	These fucking Indians are getting out of hands.
textdetox@01907546324b0330d2d8b7669648cc18823323e5/en/004411	en	1	Like every disgusting resluglican you love death, abuse and rape, preferably as it applies to youth.
textdetox@01907546324b0330d2d8b7669648cc18823323e5/en/004412	en	1	Send the Trash back to there own country
textdetox@01907546324b0330d2d8b7669648cc18823323e5/en/004413	en	1	WHEN THEY ARE BURNING IN HELL IT WILL SUCK FOR THEM DEVIL WORSHIPPING PIGS
textdetox@01907546324b0330d2d8b7669648cc18823323e5/en/004414	en	1	Cumias = lying, stealing, cheating, child molesting, and dress up faggots!
textdetox@01907546324b0330d2d8b7669648cc18823323e5/en/004415	en	1	Imran Khan should go all Mao on this retard.
textdetox@01907546324b0330d2d8b7669648cc18823323e5/en/004416	en	1	Why is it these Asian people are so stupid to overload their trucks and just invite tragedy ffs, dumb cunts you are.
textdetox@01907546324b0330d2d8b7669648cc18823323e5/en/004417	en	1	Theres a certain type of hell for cunts like her
textdetox@01907546324b0330d2d8b7669648cc18823323e5/en/004418	en	1	Y'all can't get these men to take y'all on $200 dates but y'all sucking dick while y'all on your period.
textdetox@01907546324b0330d2d8b7669648cc18823323e5/en/004419	en	1	Finger it out and feed it to your pathetic, black cock worshipping cuck of a husband URL
textdetox@01907546324b0330d2d8b7669648cc18823323e5/en/004420	en	1	Anyway I fucking hate you and everything you stand for.
textdetox@01907546324b0330d2d8b7669648cc18823323e5/en/004421	en	1	Boy from Pakistan lives in American't land and quickly becomes a pervert involved in debauchery making shows about jerking off men.
textdetox@01907546324b0330d2d8b7669648cc18823323e5/en/004422	en	1	This fuck girl, she said she doesn't know if her mom is considered pretty.
textdetox@01907546324b0330d2d8b7669648cc18823323e5/en/004423	en	1	Just hang that Jew from a tree branch and divide his assets among the victims.
textdetox@01907546324b0330d2d8b7669648cc18823323e5/en/004424	en	1	I don't hate gay people I just kinda wanna murder them all brutally cause how dare they
textdetox@01907546324b0330d2d8b7669648cc18823323e5/en/004425	en	1	Squeezing her tits for me to suck while I feed my cock into that nice big wet cunt.
textdetox@01907546324b0330d2d8b7669648cc18823323e5/en/004426	en	1	You're fucking gay and no one cares about little gay faggots like you.
textdetox@01907546324b0330d2d8b7669648cc18823323e5/en/004427	en	1	Just simply , greedy , lowlife , white ,anglo saxon parasites.
textdetox@01907546324b0330d2d8b7669648cc18823323e5/en/004428	en	1	Who gives a fuckyou sound like a queer.
textdetox@01907546324b0330d2d8b7669648cc18823323e5/en/004429	en	1	U right, probably some old nigga named Clyde
textdetox@01907546324b0330d2d8b7669648cc18823323e5/en/004430	en	1	this sluts lips need to be wrapped around a cock URL
textdetox@01907546324b0330d2d8b7669648cc18823323e5/en/004431	en	1	He should go to Saudi Arabia and shout that he loves bussy and he wants to have a gangbang with 30 Saudi princes while he mocks Allah and Quran.
textdetox@01907546324b0330d2d8b7669648cc18823323e5/en/004432	en	1	then I'm grab my hands around your neck while I dry fuck your ass, and laugh at you.
textdetox@01907546324b0330d2d8b7669648cc18823323e5/en/004433	en	1	no this is: nigger hitler school shooting 9/11
textdetox@01907546324b0330d2d8b7669648cc18823323e5/en/004434	en	1	Americans have finally had enough of the endless amounts of crime, disease and expenses we've endured directly because of your shit hole country.
textdetox@01907546324b0330d2d8b7669648cc18823323e5/en/004435	en	1	Y'all the type to rape just cause women wear skirts
textdetox@01907546324b0330d2d8b7669648cc18823323e5/en/004436	en	1	I said it before and I will say it again, 1000 years ago africa is poor and stupid, now africa is the same, poor and stupid
textdetox@01907546324b0330d2d8b7669648cc18823323e5/en/004437	en	1	I wanna see your bitch cry, Let's fuck each others brains out.
textdetox@01907546324b0330d2d8b7669648cc18823323e5/en/004438	en	1	Cortez you are the biggest liar, and your little baby talk you do just shows just how stupid you are.
textdetox@01907546324b0330d2d8b7669648cc18823323e5/en/004439	en	1	My personal favorite is she's for gun control but loves to drug and rob men after they fuck her.
textdetox@01907546324b0330d2d8b7669648cc18823323e5/en/004440	en	1	You need to shut your fucking mouth you fucking nazi loving ass sniffer.
textdetox@01907546324b0330d2d8b7669648cc18823323e5/en/004441	en	1	Man these stupid thots never learn
textdetox@01907546324b0330d2d8b7669648cc18823323e5/en/004442	en	1	Go get your young fertile pussy fucked and filled
textdetox@01907546324b0330d2d8b7669648cc18823323e5/en/004443	en	1	Should be pinned down and raped by real men you slutty girl
textdetox@01907546324b0330d2d8b7669648cc18823323e5/en/004444	en	1	This will simply gassing the Jews
textdetox@01907546324b0330d2d8b7669648cc18823323e5/en/004445	en	1	THEY ARE 100 PERCENT EVIL LIARS AND musat be replace by a western governemtn or else become EXTINCE complimens fo fullkty armed B52as!!!
textdetox@01907546324b0330d2d8b7669648cc18823323e5/en/004446	en	1	Calvin is one of the weakest bitch ass faggots on earth
textdetox@01907546324b0330d2d8b7669648cc18823323e5/en/004447	en	1	You are without a doubt the most vile pathetic disgusting disgusting racist radical.
textdetox@01907546324b0330d2d8b7669648cc18823323e5/en/004448	en	1	Another white skank trying to capitalize on makeup.
textdetox@01907546324b0330d2d8b7669648cc18823323e5/en/004449	en	1	Jump on top of and dump your warm thick load inside her #tranny #tgirl #gay #sex #sissy #slut #slag #skank URL
textdetox@01907546324b0330d2d8b7669648cc18823323e5/en/004450	en	1	Mohammed deep throats like a back alley whore
textdetox@01907546324b0330d2d8b7669648cc18823323e5/en/004451	en	1	Yeah, if she did I wouldn't have fucked your mother and you wouldn't have been born.
textdetox@01907546324b0330d2d8b7669648cc18823323e5/en/004452	en	1	Welcome to the Dumbfuckistan, a police state where nothing is more important than making sure Dear Leader isn't yelled at or ridiculed for being a racist piece of shit.
textdetox@01907546324b0330d2d8b7669648cc18823323e5/en/004453	en	1	What a bunch of repellent men in blue I hope these cops lose their jobs!
textdetox@01907546324b0330d2d8b7669648cc18823323e5/en/004454	en	1	Get rid of the freakin camel and whatever hobbies from the middle east inbred fxxktard
textdetox@01907546324b0330d2d8b7669648cc18823323e5/en/004455	en	1	People who use finna instead of gonna or going to are a festering infection on the asshole of humanity and should be wiped out at the earliest.
textdetox@01907546324b0330d2d8b7669648cc18823323e5/en/004456	en	1	I cant help that im a pathetic pussy.
textdetox@01907546324b0330d2d8b7669648cc18823323e5/en/004457	en	1	Maybe if we bomb Mexico they will pay their crimes then.
textdetox@01907546324b0330d2d8b7669648cc18823323e5/en/004458	en	1	Stop killing American people with your lies!
textdetox@01907546324b0330d2d8b7669648cc18823323e5/en/004459	en	1	Besides least my country isn't full of dirty fucking pigfuckers worshipping a pedophile, go pray to allah and suck off muhammad more you black cunt
textdetox@01907546324b0330d2d8b7669648cc18823323e5/en/004460	en	1	your absolutely fucking dog shit go get some pussy lil nigga
textdetox@01907546324b0330d2d8b7669648cc18823323e5/en/004461	en	1	Well I hope the cops push her around and spit in that cunts face
textdetox@01907546324b0330d2d8b7669648cc18823323e5/en/004462	en	1	Fuck the illegal go back to your own shithole country
textdetox@01907546324b0330d2d8b7669648cc18823323e5/en/004463	en	1	Fear my ass, whites trash is the true history of your Europeans, you better fear with prisons
textdetox@01907546324b0330d2d8b7669648cc18823323e5/en/004464	en	1	Simple solution, she's a thot so you must eradicate her
textdetox@01907546324b0330d2d8b7669648cc18823323e5/en/004465	en	1	Send white trash americans back to england
textdetox@01907546324b0330d2d8b7669648cc18823323e5/en/004466	en	1	I'll beat the shit out of you and send you back to the fields, boy.
textdetox@01907546324b0330d2d8b7669648cc18823323e5/en/004467	en	1	You'll be cursed with this fat insatiable cock!
textdetox@01907546324b0330d2d8b7669648cc18823323e5/en/004468	en	1	Maybe that's why you have to fuck so many guys because none of them would want to have a long term relationship with you.
textdetox@01907546324b0330d2d8b7669648cc18823323e5/en/004469	en	1	Black people - savages, borderline non-human apes.
textdetox@01907546324b0330d2d8b7669648cc18823323e5/en/004470	en	1	These ugly sorry ass mamas let anybody around their kids bc they heads be stuck so far in these niggas asses and they can't get it out!
textdetox@01907546324b0330d2d8b7669648cc18823323e5/en/004471	en	1	I want to see her exhausted, as your cum draining from her tight holes.
textdetox@01907546324b0330d2d8b7669648cc18823323e5/en/004472	en	1	ass head Indians are immigrants who did nothing to make America great dominguez
textdetox@01907546324b0330d2d8b7669648cc18823323e5/en/004473	en	1	sick of these niggas, hire some help get rid of these niggas
textdetox@01907546324b0330d2d8b7669648cc18823323e5/en/004474	en	1	I will hit you and take your life, money and family.
textdetox@01907546324b0330d2d8b7669648cc18823323e5/en/004475	en	1	If DNA accounted for all of intelligence the dumb sluts would've won out a millennia ago.
textdetox@01907546324b0330d2d8b7669648cc18823323e5/en/004476	en	1	Illegal immigrants have no rights lol deport them please get them outta here there criminals
textdetox@01907546324b0330d2d8b7669648cc18823323e5/en/004477	en	1	This makes me want to gay bash myself.
textdetox@01907546324b0330d2d8b7669648cc18823323e5/en/004478	en	1	YOU FUCKING N****R I FUCKED YOUR MOM YOU GAY LITTLE BITCH Sincearly- A raging 9 year old on Xbox 360 after I verified his mincraft house in 2014
textdetox@01907546324b0330d2d8b7669648cc18823323e5/en/004479	en	1	Lil bitch can't handle a real girl anyways tiny dick bitch!
textdetox@01907546324b0330d2d8b7669648cc18823323e5/en/004480	en	1	Lame ass niggas cant run 1on1's cuz they pussy
textdetox@01907546324b0330d2d8b7669648cc18823323e5/en/004481	en	1	I'm sick of these fine ass niggas being fucking fetuses
textdetox@01907546324b0330d2d8b7669648cc18823323e5/en/004482	en	1	You sound so fucking stupid they should put you down cunt
textdetox@01907546324b0330d2d8b7669648cc18823323e5/en/004483	en	1	youre a fat faggot lol you got banned from the madlib board bitch nigger
textdetox@01907546324b0330d2d8b7669648cc18823323e5/en/004484	en	1	They're just angry tradcuck virgins mad that white women don't wanna fuck them.
textdetox@01907546324b0330d2d8b7669648cc18823323e5/en/004485	en	1	Morons like you are why there are warning labels on plastic bags.
textdetox@01907546324b0330d2d8b7669648cc18823323e5/en/004486	en	1	I'd bust so many nuts in your holes you'll never stop leaking cum.
textdetox@01907546324b0330d2d8b7669648cc18823323e5/en/004487	en	1	fuck these crazy ass white supremacist who occupy not only our society, but our government too.
textdetox@01907546324b0330d2d8b7669648cc18823323e5/en/004488	en	1	The countries are shitholes and that not based on race it's based on corruption of the leaders.
textdetox@01907546324b0330d2d8b7669648cc18823323e5/en/004489	en	1	Having no problems with disgracefully fucking her, for as long, as she wants.
textdetox@01907546324b0330d2d8b7669648cc18823323e5/en/004490	en	1	Hope he gets torture till he die a very slow and painful death
textdetox@01907546324b0330d2d8b7669648cc18823323e5/en/004491	en	1	Shut that cunt's mouth before I come fuck-start her head!
textdetox@01907546324b0330d2d8b7669648cc18823323e5/en/004492	en	1	I don't condone it and I treat everybody like a piece of shit no matter who they are.
textdetox@01907546324b0330d2d8b7669648cc18823323e5/en/004493	en	1	Enjoy your beta cuck existence championing for the rights of homicidal pieces of shit, darling.
textdetox@01907546324b0330d2d8b7669648cc18823323e5/en/004494	en	1	Your Allah is none other than the devil himself!
textdetox@01907546324b0330d2d8b7669648cc18823323e5/en/004495	en	1	why are u here dirty ass rat ass hoe ass slut ass crusty ass dusty ass dumpster juice ass bottom of the barrel trash bag ass bitch
textdetox@01907546324b0330d2d8b7669648cc18823323e5/en/004496	en	1	It's very easy to kill the innocent victim, it's open season on black peoplethey know they won't be getting any time in jail for their crimes.
textdetox@01907546324b0330d2d8b7669648cc18823323e5/en/004497	en	1	Rape that bitch and her children she knows nigga
textdetox@01907546324b0330d2d8b7669648cc18823323e5/en/004498	en	1	I'd go find Adam and Evekill Adam and fuck the shit outta Eve while wearing a condom so that bitch don't get pregnant
textdetox@01907546324b0330d2d8b7669648cc18823323e5/en/004499	en	1	Did you attain your position the same way your whore mother attained you?
textdetox@01907546324b0330d2d8b7669648cc18823323e5/en/004500	en	1	Stfu dumbass your probably 12 faggot
textdetox@01907546324b0330d2d8b7669648cc18823323e5/en/004501	en	1	Get ready for 4-8 days if these TRAITORS give free healthcare to all their illegals.
textdetox@01907546324b0330d2d8b7669648cc18823323e5/en/004502	en	1	She seems to be a spoiled little un-parented piece of crap.
textdetox@01907546324b0330d2d8b7669648cc18823323e5/en/004503	en	1	- a retard who probably also loves crime and owns an illegal firearm.
textdetox@01907546324b0330d2d8b7669648cc18823323e5/en/004504	en	1	ima rape your moms and stomp out her skull
textdetox@01907546324b0330d2d8b7669648cc18823323e5/en/004505	en	1	Law enforcement is a safe haven for racism and sadism much like the priesthood is a sanctuary for pedophiles.
textdetox@01907546324b0330d2d8b7669648cc18823323e5/en/004506	en	1	FUCK INCELS WE SHOULD SEND THEM TO CONCENTRATION CAMPS AND NUKE THE FUCK OUT OF THEM!
textdetox@01907546324b0330d2d8b7669648cc18823323e5/en/004507	en	1	all she do is run her mouth tell that hoe to suck a dick
textdetox@01907546324b0330d2d8b7669648cc18823323e5/en/004508	en	1	Jesus Christ get a fuckin real job you slut.
textdetox@01907546324b0330d2d8b7669648cc18823323e5/en/004509	en	1	A round about way of saying she literally can't fit enough dicks in her pussy at once to feel full.
textdetox@01907546324b0330d2d8b7669648cc18823323e5/en/004510	en	1	Dumb stupid hoe, the fucking CHEEK, I beg I don't even CHAT to her, omg please I will drag a bitch
textdetox@01907546324b0330d2d8b7669648cc18823323e5/en/004511	en	1	You have officially ruined my Saturday by being a worthless piece of trash.
textdetox@01907546324b0330d2d8b7669648cc18823323e5/en/004512	en	1	MoorsAreIsraelites you fools can't even crush garlic your completely retarded.
textdetox@01907546324b0330d2d8b7669648cc18823323e5/en/004513	en	1	white peoples should be the last people clowning another race for looking the same like how do all of y'all consecutively age like melted candle wax???
textdetox@01907546324b0330d2d8b7669648cc18823323e5/en/004514	en	1	You are the epitome of a fucking moron, please don't ever procreate.
textdetox@01907546324b0330d2d8b7669648cc18823323e5/en/004515	en	1	Keep the fucking Mexican scum rapists and murderers out of the country and the fucking Arab Islamic terrorists out of the U.S.
textdetox@01907546324b0330d2d8b7669648cc18823323e5/en/004516	en	1	You could skull-fuck a rabbit and it would have better ideas than you.
textdetox@01907546324b0330d2d8b7669648cc18823323e5/en/004517	en	1	#noshame I'll put my dick right in your mouth.
textdetox@01907546324b0330d2d8b7669648cc18823323e5/en/004518	en	1	I wanna play with her tiny little toes and lick them all over as I fingerbang her virgin child pussy as roughly as I can.
textdetox@01907546324b0330d2d8b7669648cc18823323e5/en/004519	en	1	Bunch of fucking cuck faggots in here.
textdetox@01907546324b0330d2d8b7669648cc18823323e5/en/004520	en	1	allah created white whores as temptation and you degenerates fail everyday hope you enjoy hellfire
textdetox@01907546324b0330d2d8b7669648cc18823323e5/en/004521	en	1	And then after we get the pussy y'all all type of fat bitches
textdetox@01907546324b0330d2d8b7669648cc18823323e5/en/004522	en	1	Slide this middle finger in her shit and I will bang you and your mother.
textdetox@01907546324b0330d2d8b7669648cc18823323e5/en/004523	en	1	These faggots cant wait their turn smh
textdetox@01907546324b0330d2d8b7669648cc18823323e5/en/004524	en	1	Stand up UK citizens and take your fucking country back!
textdetox@01907546324b0330d2d8b7669648cc18823323e5/en/004525	en	1	You are one stupid bitch guessing it's that whole inbreeding thing that or one of your parents is a goat
textdetox@01907546324b0330d2d8b7669648cc18823323e5/en/004526	en	1	Yeh because now we live in the generation of delicate men who can't take a real woman pussy
textdetox@01907546324b0330d2d8b7669648cc18823323e5/en/004527	en	1	That's because soccer players are cock sucking pussies
textdetox@01907546324b0330d2d8b7669648cc18823323e5/en/004528	en	1	They should sink the island, seems to be full of corruption.
textdetox@01907546324b0330d2d8b7669648cc18823323e5/en/004529	en	1	#tittytuesday #aspenromanoff cum for me daddy, and fuck your dumb bitch.
textdetox@01907546324b0330d2d8b7669648cc18823323e5/en/004530	en	1	stupid ass hoe built like a piece of cabbage
textdetox@01907546324b0330d2d8b7669648cc18823323e5/en/004531	en	1	Ya ya we will do tyaag, Sikhs will kill themselves so that jihadis like you flourish !
textdetox@01907546324b0330d2d8b7669648cc18823323e5/en/004532	en	1	niggas don't do shit but feed me lies and I act like a believe em
textdetox@01907546324b0330d2d8b7669648cc18823323e5/en/004533	en	1	Your the little fucking bitch too pussy to say anything to anyone in person instead you fucking tweet it on twitter like a little fucking kid would.
textdetox@01907546324b0330d2d8b7669648cc18823323e5/en/004534	en	1	I'm sure it will feel amazing for the cock hungry sextoy.
textdetox@01907546324b0330d2d8b7669648cc18823323e5/en/004535	en	1	You patriarchy princesses can't even justify your own humanity without mentioning the feminism you hate.
textdetox@01907546324b0330d2d8b7669648cc18823323e5/en/004536	en	1	Bend over and take this dick like the slut that you are
textdetox@01907546324b0330d2d8b7669648cc18823323e5/en/004537	en	1	Some real nasty women over here, the nastiest.
textdetox@01907546324b0330d2d8b7669648cc18823323e5/en/004538	en	1	I swear they are the most ignorant disgusting people I've ever came across
textdetox@01907546324b0330d2d8b7669648cc18823323e5/en/004539	en	1	Her massive, veiny, bitch-destroying cock kept ravaging and reshaping that tight butt-hole of her's.
textdetox@01907546324b0330d2d8b7669648cc18823323e5/en/004540	en	1	Little whore with a cock-hungry cunt
textdetox@01907546324b0330d2d8b7669648cc18823323e5/en/004541	en	1	FUCK YOU AND YOUR KIKE POEM IT DOESNT REPRESENT AMERICA OR AMERICAN VALUES YOU WORM
textdetox@01907546324b0330d2d8b7669648cc18823323e5/en/004542	en	1	Where the fuck are your balls fuck the bankers and there ilk, we are the people and theres more of us then them
textdetox@01907546324b0330d2d8b7669648cc18823323e5/en/004543	en	1	Completely manufactured horseshit for libturds who are too fucking stupid to think for themselves.
textdetox@01907546324b0330d2d8b7669648cc18823323e5/en/004544	en	1	Grow the fuck up, get a fucking heart, you fucking miserable POS
textdetox@01907546324b0330d2d8b7669648cc18823323e5/en/004545	en	1	god i rlly do fucking hate some kfans.
textdetox@01907546324b0330d2d8b7669648cc18823323e5/en/004546	en	1	Bet he biggest pussy ever wit no gun in hand.
textdetox@01907546324b0330d2d8b7669648cc18823323e5/en/004547	en	1	However then we're no better than these dirty animal migrants.
textdetox@01907546324b0330d2d8b7669648cc18823323e5/en/004548	en	1	The 3 hundred thousand Hindus (actually much more) are being attempted to be resettled from where they were driven out by liberal friendly muslim bigots.
textdetox@01907546324b0330d2d8b7669648cc18823323e5/en/004549	en	1	Go say sorry to your mom for being such an obnoxious little whiny pussy.
textdetox@01907546324b0330d2d8b7669648cc18823323e5/en/004550	en	1	Trump Cheeto ass just needs to be assassinated already.
textdetox@01907546324b0330d2d8b7669648cc18823323e5/en/004551	en	1	Time to kill the paki terrorist pig #HafizSaeed .
textdetox@01907546324b0330d2d8b7669648cc18823323e5/en/004552	en	1	Nothing like deep throating a boot to prove you aren't gay.
textdetox@01907546324b0330d2d8b7669648cc18823323e5/en/004553	en	1	I'm just ready for the downvotes and angry people who live in shit holes that wish they could be in America lmao.
textdetox@01907546324b0330d2d8b7669648cc18823323e5/en/004554	en	1	It's just a little enslavement so I can have a shit ton of gold.
textdetox@01907546324b0330d2d8b7669648cc18823323e5/en/004555	en	1	M0xyy is some weird autist kid in a grown baby body with poop stuck to his diaper.
textdetox@01907546324b0330d2d8b7669648cc18823323e5/en/004556	en	1	Maybe you stop being a white knight and joining in arguments aye you piece of shit?
textdetox@01907546324b0330d2d8b7669648cc18823323e5/en/004557	en	1	it's because after the initial interest women realise you're full of shit The man doesn't match the impression they get.
textdetox@01907546324b0330d2d8b7669648cc18823323e5/en/004558	en	1	Import people from a shithole, become a shithole.
textdetox@01907546324b0330d2d8b7669648cc18823323e5/en/004559	en	1	Please do yourself a favor log off, and floss until you're fucking dead because shit like this does not work here nor are you welcome here.
textdetox@01907546324b0330d2d8b7669648cc18823323e5/en/004560	en	1	gay people are subhumans anyways, that's why we used to not give them rights and kill them because they like their own sex
textdetox@01907546324b0330d2d8b7669648cc18823323e5/en/004561	en	1	Ain't nobody ask yall to post them burnt ass pics.
textdetox@01907546324b0330d2d8b7669648cc18823323e5/en/004562	en	1	Imagine wanting to live in a world with only 1 race and culture, what a bunch of mentally disturbed boring vapid empty soulless cretin dumb cunts.
textdetox@01907546324b0330d2d8b7669648cc18823323e5/en/004563	en	1	he sent the bitch home and y'all fags still crying.
textdetox@01907546324b0330d2d8b7669648cc18823323e5/en/004564	en	1	He may be a cunt but you're a fucking retard and I'd rather be a cunt than retarded
textdetox@01907546324b0330d2d8b7669648cc18823323e5/en/004565	en	1	Someone needs to smack that bitch repeatedly upside the head!
textdetox@01907546324b0330d2d8b7669648cc18823323e5/en/004566	en	1	White supremist this can always find colored negros to lay down cover fire for their madness.
textdetox@01907546324b0330d2d8b7669648cc18823323e5/en/004567	en	1	because you're being sexist you fucking dunce
textdetox@01907546324b0330d2d8b7669648cc18823323e5/en/004568	en	1	coz whore like you is only worth her holes here
textdetox@01907546324b0330d2d8b7669648cc18823323e5/en/004569	en	1	I read a headline last week, a woman stole sperm from a blowjob, got herself pregnant and sued the guy for child support.
textdetox@01907546324b0330d2d8b7669648cc18823323e5/en/004570	en	1	Fuck you fuck you you stupid cheating bitch go lick a dick and die ur a stupid nigger bitch
textdetox@01907546324b0330d2d8b7669648cc18823323e5/en/004571	en	1	Holy fucking shit, ILLEGAL IMMIGRANTS HAVE NO BUSINESS TRYING TO BREAK INTO OTHER PEOPLE'S HOMES.
textdetox@01907546324b0330d2d8b7669648cc18823323e5/en/004572	en	1	Muslims think they're going to take over the world !
textdetox@01907546324b0330d2d8b7669648cc18823323e5/en/004573	en	1	All the salty little bitches in these comments make me laugh.
textdetox@01907546324b0330d2d8b7669648cc18823323e5/en/004574	en	1	3rd world savages are imported to kill & rape in the crime wave sweeping the nation.
textdetox@01907546324b0330d2d8b7669648cc18823323e5/en/004575	en	1	Next nigga make me mad I'm beating they ass omm.
textdetox@01907546324b0330d2d8b7669648cc18823323e5/en/004576	en	1	If yall faggots waste votes on this clownery im taking your rights back URL
textdetox@01907546324b0330d2d8b7669648cc18823323e5/en/004577	en	1	"You look like the type of kid who calls his teacher a ""faggot cunt"""
textdetox@01907546324b0330d2d8b7669648cc18823323e5/en/004578	en	1	We need to nuke the Middle East off the map so the white race can prosper once again.
textdetox@01907546324b0330d2d8b7669648cc18823323e5/en/004579	en	1	Your mom probably fucking prostitutes for food stamps you goddamn slut.
textdetox@01907546324b0330d2d8b7669648cc18823323e5/en/004580	en	1	y'all could never get to my level fat bitches.
textdetox@01907546324b0330d2d8b7669648cc18823323e5/en/004581	en	1	I would rather protect the nations that whites created from being flooded by 3rd worlders being corrupted by jews.
textdetox@01907546324b0330d2d8b7669648cc18823323e5/en/004582	en	1	I'd pound that ass balls deep till I empty my load in you
textdetox@01907546324b0330d2d8b7669648cc18823323e5/en/004583	en	1	Look at all the racist whites responding I bet half of yall are either KKK's or not registered to VOTE!
textdetox@01907546324b0330d2d8b7669648cc18823323e5/en/004584	en	1	I want to kill Muslims with bullets dip in pig's blood
textdetox@01907546324b0330d2d8b7669648cc18823323e5/en/004585	en	1	Fuck Israel and fuck religion in politics.
textdetox@01907546324b0330d2d8b7669648cc18823323e5/en/004586	en	1	Send now faggots #footmaster #footworship #paypig #humanATM #jockfeet #findom #cashfag #cashslave URL
textdetox@01907546324b0330d2d8b7669648cc18823323e5/en/004587	en	1	LOL these pathetic bullshit online keyboard jihadis are the stupides humans alive.
textdetox@01907546324b0330d2d8b7669648cc18823323e5/en/004588	en	1	I will retweet all this on my other account you stupid fucks.
textdetox@01907546324b0330d2d8b7669648cc18823323e5/en/004589	en	1	Stop promoting that other sub they're nothing but fucking incel losers.
textdetox@01907546324b0330d2d8b7669648cc18823323e5/en/004590	en	1	Have these iranian fucks failed to remember 1991?
textdetox@01907546324b0330d2d8b7669648cc18823323e5/en/004591	en	1	yeah by little dicked honky assholes shooting up walmarts and other public places.
textdetox@01907546324b0330d2d8b7669648cc18823323e5/en/004592	en	1	Blame India since they shit in the streets lol degenerates
textdetox@01907546324b0330d2d8b7669648cc18823323e5/en/004593	en	1	"She should be exterminated along with half the ""people"" in this video."
textdetox@01907546324b0330d2d8b7669648cc18823323e5/en/004594	en	1	Yet very few fighting and killing the terrorists apparently very easy for them to kill people in the name of islam and get away with it.
textdetox@01907546324b0330d2d8b7669648cc18823323e5/en/004595	en	1	CNN is absolutely right family's need to stay together so they need to get the fuck out and take your bastard welfare kids right with you
textdetox@01907546324b0330d2d8b7669648cc18823323e5/en/004596	en	1	Same way how they make all that nasty porn and Hollywood always depicting faggots, lesbians and interracial shit.
textdetox@01907546324b0330d2d8b7669648cc18823323e5/en/004597	en	1	Pride pin shit gay people are honestly degenerate retards
textdetox@01907546324b0330d2d8b7669648cc18823323e5/en/004598	en	1	Esau's the damn devil the bible speaks ofthat's why God rejected esau and all you other nations that had the real JEWS in captivity!!
textdetox@01907546324b0330d2d8b7669648cc18823323e5/en/004599	en	1	Don't worry bro us Iranians have enough bombs for all these Arabs lol
textdetox@01907546324b0330d2d8b7669648cc18823323e5/en/004600	en	1	Which is the restroom for women with penises?
textdetox@01907546324b0330d2d8b7669648cc18823323e5/en/004601	en	1	What a fucking hypocrite and unpleasant person you are.
textdetox@01907546324b0330d2d8b7669648cc18823323e5/en/004602	en	1	Have you tried telling the button to stop being a faggot and come out?
textdetox@01907546324b0330d2d8b7669648cc18823323e5/en/004603	en	1	She sucks your dick for 3 min ,i suck it till you cum dnt compare me to her
textdetox@01907546324b0330d2d8b7669648cc18823323e5/en/004604	en	1	Stay out of the World American murder scum!
textdetox@01907546324b0330d2d8b7669648cc18823323e5/en/004605	en	1	Just need to finish off my cock with cum all over your slut face.
textdetox@01907546324b0330d2d8b7669648cc18823323e5/en/004606	en	1	They love keeping their blacks in line, so failing schools, murders, garbage, and rats are just an illusion.
textdetox@01907546324b0330d2d8b7669648cc18823323e5/en/004607	en	1	Bitches have 20 abortions and want they pussy ateBitch who finna eat a cemetery URL
textdetox@01907546324b0330d2d8b7669648cc18823323e5/en/004608	en	1	I took a big shit inside her mouth and then I fucked it.
textdetox@01907546324b0330d2d8b7669648cc18823323e5/en/004609	en	1	Saudi should attack Iran and see what happens to these barbaric cowards!
textdetox@01907546324b0330d2d8b7669648cc18823323e5/en/004610	en	1	Mfs still gone fuck a bitch knowing she got a STD?
textdetox@01907546324b0330d2d8b7669648cc18823323e5/en/004611	en	1	and if demographics continue the way they are, they'll fuck you and replace in 2 generations.
textdetox@01907546324b0330d2d8b7669648cc18823323e5/en/004612	en	1	Just block me already, female subhuman.
textdetox@01907546324b0330d2d8b7669648cc18823323e5/en/004613	en	1	I may have wound up shot because I think I'd go nuts on this group of white trash
textdetox@01907546324b0330d2d8b7669648cc18823323e5/en/004614	en	1	You're a fucking faggot and you're essentially a waste of oxygen.
textdetox@01907546324b0330d2d8b7669648cc18823323e5/en/004615	en	1	Go back to your shithole you stupid muzzie cunts.
textdetox@01907546324b0330d2d8b7669648cc18823323e5/en/004616	en	1	Fuck them, they are nor wanted in our country!
textdetox@01907546324b0330d2d8b7669648cc18823323e5/en/004617	en	1	Beta Cucks taking themselves out of the gene pool, one dipshit at a time
textdetox@01907546324b0330d2d8b7669648cc18823323e5/en/004618	en	1	i guess i'm going to have to keep making you cum until you're begging me to stop, how does that sound?
textdetox@01907546324b0330d2d8b7669648cc18823323e5/en/004619	en	1	You just salty cause mgtow dont kiss yo ass and enable you.
textdetox@01907546324b0330d2d8b7669648cc18823323e5/en/004620	en	1	Stupid fucking Italians maybe try building your forts on land next time
textdetox@01907546324b0330d2d8b7669648cc18823323e5/en/004621	en	1	Home pussy but ur sending niggers to da clinic sha
textdetox@01907546324b0330d2d8b7669648cc18823323e5/en/004622	en	1	I genuinely wish that I had a dollar for every woman , Jew and Gay that has been beaten , killed and oppressed by your beloved and sacred Sharia Law.
textdetox@01907546324b0330d2d8b7669648cc18823323e5/en/004623	en	1	I wanna choke your wife with my cock whilst you watch #efdp #findom #transexual #paypig #cuck
textdetox@01907546324b0330d2d8b7669648cc18823323e5/en/004624	en	1	Your homeland is the land of cowards and cucks.
textdetox@01907546324b0330d2d8b7669648cc18823323e5/en/004625	en	1	Fuck of you sexist swine, aint nobody want to eat you out if you smell like shit
textdetox@01907546324b0330d2d8b7669648cc18823323e5/en/004626	en	1	TBH found it disgusting, your typical average feminist is vile/repulsive.
textdetox@01907546324b0330d2d8b7669648cc18823323e5/en/004627	en	1	"I heard they are ""nigger go back to Africa ""racist in Omaha"
textdetox@01907546324b0330d2d8b7669648cc18823323e5/en/004628	en	1	What a pathetic waste of human flesh you are.
textdetox@01907546324b0330d2d8b7669648cc18823323e5/en/004629	en	1	You have ugly fucking tits, but im sure that a slut like you makes up for it with her mouth.
textdetox@01907546324b0330d2d8b7669648cc18823323e5/en/004630	en	1	I bet a ear like you raped almost every girl he layed his hands on even 12weeks old.
textdetox@01907546324b0330d2d8b7669648cc18823323e5/en/004631	en	1	What a bunch of weak, sensitive fags.
textdetox@01907546324b0330d2d8b7669648cc18823323e5/en/004632	en	1	what sort of retard faggot goes through life caring about mean words?
textdetox@01907546324b0330d2d8b7669648cc18823323e5/en/004633	en	1	what the fuck is pretty ugly?
textdetox@01907546324b0330d2d8b7669648cc18823323e5/en/004634	en	1	Good wipe those dumb hick Christians out
textdetox@01907546324b0330d2d8b7669648cc18823323e5/en/004635	en	1	Muslims are sick animals, sick cult and dickhead URL
textdetox@01907546324b0330d2d8b7669648cc18823323e5/en/004636	en	1	Fuck you faggot, you wouldn't kill a fucking 10 year old.
textdetox@01907546324b0330d2d8b7669648cc18823323e5/en/004637	en	1	The amount of trannies thatd kill themselves would be glorious
textdetox@01907546324b0330d2d8b7669648cc18823323e5/en/004638	en	1	Ask allah and ur pedophile prophet.
textdetox@01907546324b0330d2d8b7669648cc18823323e5/en/004639	en	1	Yo this nigga then put me in some fucked some situations fr fuck this nigga fr
textdetox@01907546324b0330d2d8b7669648cc18823323e5/en/004640	en	1	He's deadass got giant red lips you slackjawed mook
textdetox@01907546324b0330d2d8b7669648cc18823323e5/en/004641	en	1	This asshole needs to be deported.
textdetox@01907546324b0330d2d8b7669648cc18823323e5/en/004642	en	1	If his Jew lawyers don't set this beast free againhopefully he'll get to rot in prison.
textdetox@01907546324b0330d2d8b7669648cc18823323e5/en/004643	en	1	50 years ago we'd have you upside down with a fucking fork up your ass!
textdetox@01907546324b0330d2d8b7669648cc18823323e5/en/004644	en	1	They're catholic and they shit out litters regularly.
textdetox@01907546324b0330d2d8b7669648cc18823323e5/en/004645	en	1	I would normally not hit a woman but Nazi barbie needs to gets a fat slap on the mouth.
textdetox@01907546324b0330d2d8b7669648cc18823323e5/en/004646	en	1	girl if they dont shut the fuck up URL
textdetox@01907546324b0330d2d8b7669648cc18823323e5/en/004647	en	1	Religion litterly wants to murder the world and everyone in it so Jesus/ God will make them his special creations
textdetox@01907546324b0330d2d8b7669648cc18823323e5/en/004648	en	1	Jesus fucking Christ, this country has the dumbest motherfuckers.
textdetox@01907546324b0330d2d8b7669648cc18823323e5/en/004649	en	1	David is a dumb, ignorant, isolated redneck, He's not a grand wizard in the KKK or a neo Nazi crusader like Richard Spencer.
textdetox@01907546324b0330d2d8b7669648cc18823323e5/en/004650	en	1	EAT SHIT tRUMP supporters and fucking die ASSHOLES
textdetox@01907546324b0330d2d8b7669648cc18823323e5/en/004651	en	1	kinda sucks that we didn't burn that shithole to the ground and populate it with progressive northerners.
textdetox@01907546324b0330d2d8b7669648cc18823323e5/en/004652	en	1	In order to bring about their version of paradise, you must be eradicated.
textdetox@01907546324b0330d2d8b7669648cc18823323e5/en/004653	en	1	Stupid ghetto bitches got what they deserved.
textdetox@01907546324b0330d2d8b7669648cc18823323e5/en/004654	en	1	You're going to your God's hell for allowing your priests to molest children.
textdetox@01907546324b0330d2d8b7669648cc18823323e5/en/004655	en	1	100% this guy is an incel who, deep down, feels his only way to reproduce would be to rape someone.
textdetox@01907546324b0330d2d8b7669648cc18823323e5/en/004656	en	1	Go Korryn Gaines yourself, you anchor babying bluegum bitch.
textdetox@01907546324b0330d2d8b7669648cc18823323e5/en/004657	en	1	Karma's a bitch keep making fun and karma will get your stupid pussies ass and I'll tell that to your pussy ass face!
textdetox@01907546324b0330d2d8b7669648cc18823323e5/en/004658	en	1	You ignorant uneducated know nothings are going to be reduced to rubble come 2020!
textdetox@01907546324b0330d2d8b7669648cc18823323e5/en/004659	en	1	Even if I did think someone was a whore, that's my business.
textdetox@01907546324b0330d2d8b7669648cc18823323e5/en/004660	en	1	he sucks huge hollywood dicks just to be that goody too shoes lil fuckin chink.
textdetox@01907546324b0330d2d8b7669648cc18823323e5/en/004661	en	1	Yeah faggots keep your big juicy pink cock and cute ball sack away from me u horny faggot
textdetox@01907546324b0330d2d8b7669648cc18823323e5/en/004662	en	1	Mind your business fucking niggers URL
textdetox@01907546324b0330d2d8b7669648cc18823323e5/en/004663	en	1	Do you primarily fuck her ass and save her cunt for special occasions?
textdetox@01907546324b0330d2d8b7669648cc18823323e5/en/004664	en	1	i shove my mental illness down guys throats.
textdetox@01907546324b0330d2d8b7669648cc18823323e5/en/004665	en	1	Oh those nasty arrogant womenthey should stay in the kitchen and know there placeswtf EVER
textdetox@01907546324b0330d2d8b7669648cc18823323e5/en/004666	en	1	God damn idiot Christians with their god damn Victorian morals.
textdetox@01907546324b0330d2d8b7669648cc18823323e5/en/004667	en	1	Men like this need to be eradicated from the earth
textdetox@01907546324b0330d2d8b7669648cc18823323e5/en/004668	en	1	Can someone just kick the s*** out of Iran already and get the s*** over with, so sick and tired of their stupid bullshit.
textdetox@01907546324b0330d2d8b7669648cc18823323e5/en/004669	en	1	pussy ass hoe always talking that tough shit, hoe put ah date on it.
textdetox@01907546324b0330d2d8b7669648cc18823323e5/en/004670	en	1	Holy shit Joe Rogan you shoulda seen this, fuckin' savages all over HAHAHAHHAH AHAHAHAH.
textdetox@01907546324b0330d2d8b7669648cc18823323e5/en/004671	en	1	I wouldn't fuck her with Michele Obama's dick.
textdetox@01907546324b0330d2d8b7669648cc18823323e5/en/004672	en	1	And jews for that matter, fuck them.
textdetox@01907546324b0330d2d8b7669648cc18823323e5/en/004673	en	1	tRump: *I need info on just how many brown jihadi leper rapists are crossing the border*.
textdetox@01907546324b0330d2d8b7669648cc18823323e5/en/004674	en	1	Damn white dogs with their hegemonic systemic patriarchal Homo-erectus microaggressive unsafe-spaces.
textdetox@01907546324b0330d2d8b7669648cc18823323e5/en/004675	en	1	Looking innocent makes it worst you trashy whore.
textdetox@01907546324b0330d2d8b7669648cc18823323e5/en/004676	en	1	I told that bitch this hoe look like a big punk he busted out laughing !
textdetox@01907546324b0330d2d8b7669648cc18823323e5/en/004677	en	1	Should have whooped those racist mayos
textdetox@01907546324b0330d2d8b7669648cc18823323e5/en/004678	en	1	Unlike you, I don't want more bullshit in my life.
textdetox@01907546324b0330d2d8b7669648cc18823323e5/en/004679	en	1	I'll tribute your gook slit eyed yellow whore
textdetox@01907546324b0330d2d8b7669648cc18823323e5/en/004680	en	1	tengtx bitch I'll beat yo mama ass for the dumb ass comment
textdetox@01907546324b0330d2d8b7669648cc18823323e5/en/004681	en	1	Actually China is sort of the world's bitch.
textdetox@01907546324b0330d2d8b7669648cc18823323e5/en/004682	en	1	They are Freaking sluts and baby murdering slut fuckers
textdetox@01907546324b0330d2d8b7669648cc18823323e5/en/004683	en	1	These ugly skanks believe there own lies
textdetox@01907546324b0330d2d8b7669648cc18823323e5/en/004684	en	1	May Allah destroy all the blasphemer around the world!
textdetox@01907546324b0330d2d8b7669648cc18823323e5/en/004685	en	1	Dealt with racist shits like you since birth.
textdetox@01907546324b0330d2d8b7669648cc18823323e5/en/004686	en	1	I can smell a bitch nigga from a mile away.
textdetox@01907546324b0330d2d8b7669648cc18823323e5/en/004687	en	1	Humiliate and rinse - it there any better way to abuse a sissy cuck!
textdetox@01907546324b0330d2d8b7669648cc18823323e5/en/004688	en	1	Bunch of low IQ shit skins who Americans worship to death.
textdetox@01907546324b0330d2d8b7669648cc18823323e5/en/004689	en	1	Why the FUCK should you get to murder a human life because you're too stupid to not get pregnant in the first place?
textdetox@01907546324b0330d2d8b7669648cc18823323e5/en/004690	en	1	Fuck you go die you fucking bitch ugly ass bitch
textdetox@01907546324b0330d2d8b7669648cc18823323e5/en/004691	en	1	Bitch get the fuck off the internet runningbyour mouth bitch and grow up
textdetox@01907546324b0330d2d8b7669648cc18823323e5/en/004692	en	1	I can't fucking wait to watch you getting ruined cock after cock like a dirty little cum whore URL
textdetox@01907546324b0330d2d8b7669648cc18823323e5/en/004693	en	1	I mean if their shit opinion is true, shouldn't there be women all over the place who are willing to have sex with them?
textdetox@01907546324b0330d2d8b7669648cc18823323e5/en/004694	en	1	you will drown in the blood you poured, islamic enemy us bastards
textdetox@01907546324b0330d2d8b7669648cc18823323e5/en/004695	en	1	Saudi is a Zionist puppets and no Muslim.the take Iran just on day destroys Saudi.
textdetox@01907546324b0330d2d8b7669648cc18823323e5/en/004696	en	1	Members ,they are scared of them, these women need to be spanked!
textdetox@01907546324b0330d2d8b7669648cc18823323e5/en/004697	en	1	This stupid twit talks too much.
textdetox@01907546324b0330d2d8b7669648cc18823323e5/en/004698	en	1	Now all that's LEFT for you is: welcome to the right wing motherfucker!
textdetox@01907546324b0330d2d8b7669648cc18823323e5/en/004699	en	1	Mane you niggas are sick now these days trying to kill all the damn blacks
textdetox@01907546324b0330d2d8b7669648cc18823323e5/en/004700	en	1	US was bitch slapped by undearaged peasants in Vietnam and is about to be kicked out of Afghanistan by illiterates armed with AK47s.
textdetox@01907546324b0330d2d8b7669648cc18823323e5/en/004701	en	1	We should burn them all like witches or keep them in Church ghetto style area & go ahead with technology human enhancement for everyone else.
textdetox@01907546324b0330d2d8b7669648cc18823323e5/en/004702	en	1	Y'all Washing that lil pussy out with Irish spring 3 times a day but wanna blame a nigga for your off ph balance .
textdetox@01907546324b0330d2d8b7669648cc18823323e5/en/004703	en	1	I hardly even care how deep the country fucks itself.
textdetox@01907546324b0330d2d8b7669648cc18823323e5/en/004704	en	1	Gimps to me are basically complete fucking idiots, though to clarify I don't mean this about those who have the fetish.
textdetox@01907546324b0330d2d8b7669648cc18823323e5/en/004705	en	1	These racists hyena beasts learned these behaviors from family and friends and unfortunately will continue on with their progeny.
textdetox@01907546324b0330d2d8b7669648cc18823323e5/en/004706	en	1	Sometimes you gotta have a baby on a nigga to show him you not playing
textdetox@01907546324b0330d2d8b7669648cc18823323e5/en/004707	en	1	Put estrogen in his food in prison then put him with the biggest blackest gayest hung hogged lifer you can find
textdetox@01907546324b0330d2d8b7669648cc18823323e5/en/004708	en	1	In hs I was dark as fuck but look at me now bitch sis is glo dafuq up URL
textdetox@01907546324b0330d2d8b7669648cc18823323e5/en/004709	en	1	A B im black but molly is a stupid annoying feminazi who has no business on the show.
textdetox@01907546324b0330d2d8b7669648cc18823323e5/en/004710	en	1	Goddamn the dick stankoh Jesus I think I blacked out from the dick stank again.
textdetox@01907546324b0330d2d8b7669648cc18823323e5/en/004711	en	1	Scumo = fat useless christian cunt who only cares about his rich criminal mates
textdetox@01907546324b0330d2d8b7669648cc18823323e5/en/004712	en	1	A country full of fat fucking dumb child abusing losers.
textdetox@01907546324b0330d2d8b7669648cc18823323e5/en/004713	en	1	the biggest dumbasses are white Hispanics they be working for ICE and becoming Republicans fuck them
textdetox@01907546324b0330d2d8b7669648cc18823323e5/en/004714	en	1	Rub your catholic dick over my swear words, I'm tired of you reddit faggots.
textdetox@01907546324b0330d2d8b7669648cc18823323e5/en/004715	en	1	Go put your mask back on you pussy ass bitch.
textdetox@01907546324b0330d2d8b7669648cc18823323e5/en/004716	en	1	You look like a trashy ghetto whore
textdetox@01907546324b0330d2d8b7669648cc18823323e5/en/004717	en	1	For round 2, I fuck Their ass with a large unflared Chance from and they cum a 2nd time 14 minute video here: URL URL
textdetox@01907546324b0330d2d8b7669648cc18823323e5/en/004718	en	1	America has turned into pussy grabber nazi land.
textdetox@01907546324b0330d2d8b7669648cc18823323e5/en/004719	en	1	This is why you'll never get laid- you're a disgusting asshole
textdetox@01907546324b0330d2d8b7669648cc18823323e5/en/004720	en	1	This bitch is just a complete bimbo probably gets gangbanged by elites backstage
textdetox@01907546324b0330d2d8b7669648cc18823323e5/en/004721	en	1	Mike P*nce is a spineless dickweed with nothing better to serve than his hatred of colored people, homosexuals, or anybody that isn't white.
textdetox@01907546324b0330d2d8b7669648cc18823323e5/en/004722	en	1	You can fight with the Muslims, you are the coward peoples of world's.
textdetox@01907546324b0330d2d8b7669648cc18823323e5/en/004723	en	1	Just have some good pussy waiting, and fuck whoever hating.
textdetox@01907546324b0330d2d8b7669648cc18823323e5/en/004724	en	1	YOUR GAY AS FUCK ITALKFORTNITE RATTED YOU OUT LITTLE BITVH HAHA FUCK YOU
textdetox@01907546324b0330d2d8b7669648cc18823323e5/en/004725	en	1	first they shamelessly sucked ussr cock, now its usa's cock [pathetic]
textdetox@01907546324b0330d2d8b7669648cc18823323e5/en/004726	en	1	hopefully they will abort ALL the anchor babies illegally born here by the foreign female aliens !
textdetox@01907546324b0330d2d8b7669648cc18823323e5/en/004727	en	1	These women need to be replaced,there incompetents is foolish and dangerouswe need new officials elected to congress
textdetox@01907546324b0330d2d8b7669648cc18823323e5/en/004728	en	1	Then make you taste your pussy on my dick.
textdetox@01907546324b0330d2d8b7669648cc18823323e5/en/004729	en	1	Make sure the hotter stripper tells your entitled bitch wife how hard the the hotter bitch makes you.
textdetox@01907546324b0330d2d8b7669648cc18823323e5/en/004730	en	1	When is Kommandant Merkel going to understand these Islamist bastards will NEVER ASSIMILATE?
textdetox@01907546324b0330d2d8b7669648cc18823323e5/en/004731	en	1	Shut your fucking lard hole when someone's talking to you, you fat white cunt
textdetox@01907546324b0330d2d8b7669648cc18823323e5/en/004732	en	1	Good luck with no fap you fucking degenerate loser fuck.
textdetox@01907546324b0330d2d8b7669648cc18823323e5/en/004733	en	1	Imma get my rape buds to hold your black slutty ass down so I can ass fuck you and breed you.
textdetox@01907546324b0330d2d8b7669648cc18823323e5/en/004734	en	1	Have fun in your shitty country, with all your fucking school shootings.
textdetox@01907546324b0330d2d8b7669648cc18823323e5/en/004735	en	1	Ruin her clothes, makeup and hair with cum!
textdetox@01907546324b0330d2d8b7669648cc18823323e5/en/004736	en	1	Hoes are scum just like pornstars.
textdetox@01907546324b0330d2d8b7669648cc18823323e5/en/004737	en	1	Funny how you're name is fire and brimstone cuz that's where you'll be going when you die you degenerate slime of the earth.
textdetox@01907546324b0330d2d8b7669648cc18823323e5/en/004738	en	1	You go back to the table and leak cum onto the booth as you wonder if the bruising on your neck and fat tits will show up before dessert does
textdetox@01907546324b0330d2d8b7669648cc18823323e5/en/004739	en	1	Wish I could fit my cock in your tight ass!
textdetox@01907546324b0330d2d8b7669648cc18823323e5/en/004740	en	1	Their country of origin is America you dumb opioid baby, and they are questioning the politics of their country of originand you inbred euro filth are crying about it.
textdetox@01907546324b0330d2d8b7669648cc18823323e5/en/004741	en	1	Kicked her so hard in the tits they stayed sowllen
textdetox@01907546324b0330d2d8b7669648cc18823323e5/en/004742	en	1	I can't wait for China to fucking colonize France.
textdetox@01907546324b0330d2d8b7669648cc18823323e5/en/004743	en	1	The problem is that Americans are a bunch of soyboys.
textdetox@01907546324b0330d2d8b7669648cc18823323e5/en/004744	en	1	You seem like an absolute faggot, maybe get back off reddit
textdetox@01907546324b0330d2d8b7669648cc18823323e5/en/004745	en	1	Its always the the indian urgh not only they shit in public street, they also go scamming gullible people
textdetox@01907546324b0330d2d8b7669648cc18823323e5/en/004746	en	1	Ugly ass bitch go back to the hole you came out of
textdetox@01907546324b0330d2d8b7669648cc18823323e5/en/004747	en	1	Bro She never fucking loved you in the first place.
textdetox@01907546324b0330d2d8b7669648cc18823323e5/en/004748	en	1	MCWDD you haven't missed much Just a pack of hyenas cackling about how every white Aussie is wacist
textdetox@01907546324b0330d2d8b7669648cc18823323e5/en/004749	en	1	Attack Iran and Israel will be nuked into stone age.
textdetox@01907546324b0330d2d8b7669648cc18823323e5/en/004750	en	1	I would bend u over shove my cock into ur ass and piss in u.
textdetox@01907546324b0330d2d8b7669648cc18823323e5/en/004751	en	1	When are stupid bitches like this gone start going to jail?!
textdetox@01907546324b0330d2d8b7669648cc18823323e5/en/004752	en	1	Sweaty feminists wiping under their pendulous breasts with old Ariana Grande T-shirts.
textdetox@01907546324b0330d2d8b7669648cc18823323e5/en/004753	en	1	Bitch shut the fuck up before a mall cop picks up your scent and blows your brains out
textdetox@01907546324b0330d2d8b7669648cc18823323e5/en/004754	en	1	People like this need to literally be castrated.
textdetox@01907546324b0330d2d8b7669648cc18823323e5/en/004755	en	1	All the hoes are fighting for the right to murder babies after they take the dick and cum.
textdetox@01907546324b0330d2d8b7669648cc18823323e5/en/004756	en	1	When I fuck your wife, she'll cum faster than a fat kid to a cake buffet #findom #cuck #paypig #paypet URL
textdetox@01907546324b0330d2d8b7669648cc18823323e5/en/004757	en	1	Like the filthy little cum dumpster whore you are.
textdetox@01907546324b0330d2d8b7669648cc18823323e5/en/004758	en	1	>kill me cow Right now you're only killing English lmao Kill two cows mate and pray to Allah may he give you variety or content in your comments lol
textdetox@01907546324b0330d2d8b7669648cc18823323e5/en/004759	en	1	Fuck Him Like You Fuck'n Own Him and Get His Fuck'n Cunt Hurt'n Fuck'n Good and Fuck'n Beggin' for the Filthy Fuck'n Good Balls Deep Fuck'n Unload (Part 1) URL
textdetox@01907546324b0330d2d8b7669648cc18823323e5/en/004760	en	1	Shut the fuck up, stop being a pansy, and go get you're fucking banana bread.
textdetox@01907546324b0330d2d8b7669648cc18823323e5/en/004761	en	1	Maybe thats why you got Trump's dick down your throat, he grabs em by the pussy just like you wanna do I bet.
textdetox@01907546324b0330d2d8b7669648cc18823323e5/en/004762	en	1	I can smell her filthy stink through the fucking phone and I'm offended that she keeps wasting oxygen that would be better used on someone else.
textdetox@01907546324b0330d2d8b7669648cc18823323e5/en/004763	en	1	dumb goes bum hoes fuck i can't stand em'
textdetox@01907546324b0330d2d8b7669648cc18823323e5/en/004764	en	1	Cuz u so fucking weak like bra your government name should've been apology.
textdetox@01907546324b0330d2d8b7669648cc18823323e5/en/004765	en	1	Personally I want to fuck your dead mom.
textdetox@01907546324b0330d2d8b7669648cc18823323e5/en/004766	en	1	These degenerate cunts do not represent half of the population.
textdetox@01907546324b0330d2d8b7669648cc18823323e5/en/004767	en	1	Shitstain christianity - Control Tool of the World Elite (White Terrorist Colonizer )
textdetox@01907546324b0330d2d8b7669648cc18823323e5/en/004768	en	1	First you need to be spanked until you're admit you're nothing but a whore and begs to be fucked.
textdetox@01907546324b0330d2d8b7669648cc18823323e5/en/004769	en	1	fucking CUNT dumb WHORE stupid IDIOT
textdetox@01907546324b0330d2d8b7669648cc18823323e5/en/004770	en	1	Because you have a small dick and cant satisfy her
textdetox@01907546324b0330d2d8b7669648cc18823323e5/en/004771	en	1	LOL you want to suck Trump's dick and tickle his ball sack faget queer
textdetox@01907546324b0330d2d8b7669648cc18823323e5/en/004772	en	1	KILL THEM ALL PUT THEM HOES TO REST WALK IN BULLETPROOF VEST
textdetox@01907546324b0330d2d8b7669648cc18823323e5/en/004773	en	1	That's a good little fucking whore!
textdetox@01907546324b0330d2d8b7669648cc18823323e5/en/004774	en	1	At least I have fewer chromosomes than you, bitch
textdetox@01907546324b0330d2d8b7669648cc18823323e5/en/004775	en	1	too bad you stuck w a bitch rubber dicks can't make babies
textdetox@01907546324b0330d2d8b7669648cc18823323e5/en/004776	en	1	fags must definitely live in chastity!
textdetox@01907546324b0330d2d8b7669648cc18823323e5/en/004777	en	1	#ERROR!
textdetox@01907546324b0330d2d8b7669648cc18823323e5/en/004778	en	1	Suck my dick you braindead pozzed pussy, research shows
textdetox@01907546324b0330d2d8b7669648cc18823323e5/en/004779	en	1	Man iont give a fuck bout no hoe fuck you bitch fuck a hoe
textdetox@01907546324b0330d2d8b7669648cc18823323e5/en/004780	en	1	Imma shove my long ass balls down your throat nigga
textdetox@01907546324b0330d2d8b7669648cc18823323e5/en/004781	en	1	Weebs of any gender are surprisingly welcoming of penises
textdetox@01907546324b0330d2d8b7669648cc18823323e5/en/004782	en	1	I would have 2 in my ass 2 in my mouth and 1 on each hand, just begging for more
textdetox@01907546324b0330d2d8b7669648cc18823323e5/en/004783	en	1	Fuck yazidis , they desverers what Isis did on them , hope mother Russia gape u arse and Turkey deep throat
textdetox@01907546324b0330d2d8b7669648cc18823323e5/en/004784	en	1	GET YOUR HEAD CHECKED LMAOOO YOU SOUND FUCKING RETARDED SAYING THE SAME SHIT FOR AN HOUR SCREAMING LMAOKK
textdetox@01907546324b0330d2d8b7669648cc18823323e5/en/004785	en	1	Hey if blacks are so great go live in a majority black neighborhood.
textdetox@01907546324b0330d2d8b7669648cc18823323e5/en/004786	en	1	sam dont ever go on that fucking faggots shit again, makes u look like a bitch.
textdetox@01907546324b0330d2d8b7669648cc18823323e5/en/004787	en	1	They were all fucked in the head and a very small minority
textdetox@01907546324b0330d2d8b7669648cc18823323e5/en/004788	en	1	We must destroy rape and murder Iran!
textdetox@01907546324b0330d2d8b7669648cc18823323e5/en/004789	en	1	That ass would be bruised purple for the next few weeks.
textdetox@01907546324b0330d2d8b7669648cc18823323e5/en/004790	en	1	Aftwr that i will take off my pants and fuck here pussy just the way she will like it slowly or hard?
textdetox@01907546324b0330d2d8b7669648cc18823323e5/en/004791	en	1	A alternative funnier response: all women are sluts
textdetox@01907546324b0330d2d8b7669648cc18823323e5/en/004792	en	1	Stop trying to turn our nation into the shithole country you come fromgo the fuck back and help those Muslim cunts.
textdetox@01907546324b0330d2d8b7669648cc18823323e5/en/004793	en	1	Gay is beautiful my man, but this, this is disgusting perverse and God is going to punish you.
textdetox@01907546324b0330d2d8b7669648cc18823323e5/en/004794	en	1	Go back to sucking a cock, you fucking bitch.
textdetox@01907546324b0330d2d8b7669648cc18823323e5/en/004795	en	1	Why are bitches going to grocery stores in they bra and panties terrorizing the customers?
textdetox@01907546324b0330d2d8b7669648cc18823323e5/en/004796	en	1	If I knew you in real life I would kick your goddamn teeth in I don't have a single fucking.thing to lose.
textdetox@01907546324b0330d2d8b7669648cc18823323e5/en/004797	en	1	America is going to hell, because it has chosen the talmudic Satanists.
textdetox@01907546324b0330d2d8b7669648cc18823323e5/en/004798	en	1	Here on this sub, women are holes, girls are sluts, and your questions are stupid.
textdetox@01907546324b0330d2d8b7669648cc18823323e5/en/004799	en	1	Change the name black entertainment to BULLSHIT
textdetox@01907546324b0330d2d8b7669648cc18823323e5/en/004800	en	1	California would be a better place without all the dirty mexicans
textdetox@01907546324b0330d2d8b7669648cc18823323e5/en/004801	en	1	All of your family are stupid fat white redneck trash.
textdetox@01907546324b0330d2d8b7669648cc18823323e5/en/004802	en	1	Watch this sh*t. M*slims infiltrate, then have a long-term plan to destroy America.
textdetox@01907546324b0330d2d8b7669648cc18823323e5/en/004803	en	1	Allah told me to tell you to go out and get yaself a strong muscley man to retain semen for on ramadan while eating top ramen fam
textdetox@01907546324b0330d2d8b7669648cc18823323e5/en/004804	en	1	Then go back to India bitch where the brownies shit in a gutter and get sold into marriage by their dads to the highest bidder.
textdetox@01907546324b0330d2d8b7669648cc18823323e5/en/004805	en	1	When black folks don't get their lynch mob justice.
textdetox@01907546324b0330d2d8b7669648cc18823323e5/en/004806	en	1	Is Chris really a Christie, one of those ugly lesbians in a suit.
textdetox@01907546324b0330d2d8b7669648cc18823323e5/en/004807	en	1	Child molesting Jew fuck needs to be hung in public
textdetox@01907546324b0330d2d8b7669648cc18823323e5/en/004808	en	1	That is ok we can bring the bastards here put them in jails and when they finish the sentence DEPORT THEM GREAT!
textdetox@01907546324b0330d2d8b7669648cc18823323e5/en/004809	en	1	Shut the fuck up Merkel you piece of shit cunt Nazi.
textdetox@01907546324b0330d2d8b7669648cc18823323e5/en/004810	en	1	Good'o Amalekites, those fucks killed and slaughtered our people too, that tribe were some nasty people
textdetox@01907546324b0330d2d8b7669648cc18823323e5/en/004811	en	1	FUCK ISREAL, FUCK THE US MILITARY, FUCK ANYONE ASSOCIATED WITH EITHER.
textdetox@01907546324b0330d2d8b7669648cc18823323e5/en/004812	en	1	Time for sissy bitch caitlin to send, I can see you, you little cum gargling slut!
textdetox@01907546324b0330d2d8b7669648cc18823323e5/en/004813	en	1	imagine sucking my dick and feeling my cum shoot down your throat you piece of garbage
textdetox@01907546324b0330d2d8b7669648cc18823323e5/en/004814	en	1	You're a retard too so what's one retard replaced with another
textdetox@01907546324b0330d2d8b7669648cc18823323e5/en/004815	en	1	Get a load of this guy, What a fucking nigger
textdetox@01907546324b0330d2d8b7669648cc18823323e5/en/004816	en	1	It's a homophobic, woman hating religion that advocates infanticide.
textdetox@01907546324b0330d2d8b7669648cc18823323e5/en/004817	en	1	Your mother should have been raped to death while in labor.
textdetox@01907546324b0330d2d8b7669648cc18823323e5/en/004818	en	1	Gaz Ed that is so screwed up to wish death on another person.
textdetox@01907546324b0330d2d8b7669648cc18823323e5/en/004819	en	1	true (i still want them to nuke india so all the robocallers and scammers die)
textdetox@01907546324b0330d2d8b7669648cc18823323e5/en/004820	en	1	Just a whole bunch of suckin and fucking from a cum dumpster behind a trash dumpster.
textdetox@01907546324b0330d2d8b7669648cc18823323e5/en/004821	en	1	Hopefully the next school shooter shoots up the faggot inventor of these instead.
textdetox@01907546324b0330d2d8b7669648cc18823323e5/en/004822	en	1	I want to watch you stretch out her pussy while she is sucking My cock.
textdetox@01907546324b0330d2d8b7669648cc18823323e5/en/004823	en	1	I'd aggressively facefuck this little cumwhore until I have no jizz left for the time being!
textdetox@01907546324b0330d2d8b7669648cc18823323e5/en/004824	en	1	Only difference is that he is fatter & whiter & inciting white supremacist terrorists.
textdetox@01907546324b0330d2d8b7669648cc18823323e5/en/004825	en	1	They get guys to do all their shit and then have a sap that pays the bills.
textdetox@01907546324b0330d2d8b7669648cc18823323e5/en/004826	en	1	Dead ass, that Ordes Speaks nigga and his WHOLE frat needs to be in jail.
textdetox@01907546324b0330d2d8b7669648cc18823323e5/en/004827	en	1	See your a little dirty ass mother fucker pathetic white trash
textdetox@01907546324b0330d2d8b7669648cc18823323e5/en/004828	en	1	Zenigundam oh shit the beta male is here
textdetox@01907546324b0330d2d8b7669648cc18823323e5/en/004829	en	1	Let that bitch called Jesus get killed over and over again!
textdetox@01907546324b0330d2d8b7669648cc18823323e5/en/004830	en	1	You look like a dude and France is a country of cheese eating surrender monkeys and violent Muslim rapists.
textdetox@01907546324b0330d2d8b7669648cc18823323e5/en/004831	en	1	niggers need a bullet between the eyebrows
textdetox@01907546324b0330d2d8b7669648cc18823323e5/en/004832	en	1	Just like the dumb little object you are cunt.
textdetox@01907546324b0330d2d8b7669648cc18823323e5/en/004833	en	1	Either be ugly or ignorant not both, pick a struggle you dumb fuck.
textdetox@01907546324b0330d2d8b7669648cc18823323e5/en/004834	en	1	His last brain cells will split if he ever shaved the piece of shit off his forehead.
textdetox@01907546324b0330d2d8b7669648cc18823323e5/en/004835	en	1	I CAN'T STAND THESE WHITE SHRIMPDICKS ANYMORE!
textdetox@01907546324b0330d2d8b7669648cc18823323e5/en/004836	en	1	Goddamn o zone falling apart and this damn global warming.
textdetox@01907546324b0330d2d8b7669648cc18823323e5/en/004837	en	1	Go cry about it at the pride parade I'm sure there will be hundreds of STD ridden men to fuck your sorrows away
textdetox@01907546324b0330d2d8b7669648cc18823323e5/en/004838	en	1	I'm gonna shit all over this person and then be surprised that it upset them.
textdetox@01907546324b0330d2d8b7669648cc18823323e5/en/004839	en	1	Unload the clip in that clown ass nigga
textdetox@01907546324b0330d2d8b7669648cc18823323e5/en/004840	en	1	My eyes that work you fucking retarded nigger.
textdetox@01907546324b0330d2d8b7669648cc18823323e5/en/004841	en	1	Maybe you Jihadist fools should wake the hell up.
textdetox@01907546324b0330d2d8b7669648cc18823323e5/en/004842	en	1	I hear there is an island somewhere near the Caribbean why don't you all move there and Rule as a satanic NWO and just eliminate yourselves!
textdetox@01907546324b0330d2d8b7669648cc18823323e5/en/004843	en	1	Go back Omar you piece of garbage From Vietnamese proud American .
textdetox@01907546324b0330d2d8b7669648cc18823323e5/en/004844	en	1	She shit on these bitches that speak on her name URL
textdetox@01907546324b0330d2d8b7669648cc18823323e5/en/004845	en	1	These porkie bastards can kill their own by any means just to put blame on India.
textdetox@01907546324b0330d2d8b7669648cc18823323e5/en/004846	en	1	I would gladly go to India and torture these fuckers to death myself.
textdetox@01907546324b0330d2d8b7669648cc18823323e5/en/004847	en	1	all these hoes lame as shit, I'd air they shit out.
textdetox@01907546324b0330d2d8b7669648cc18823323e5/en/004848	en	1	There is nothing you can do, black people suck.
textdetox@01907546324b0330d2d8b7669648cc18823323e5/en/004849	en	1	It's against women's rights,it promotes,beating women,it condones child rape and child slavery.
textdetox@01907546324b0330d2d8b7669648cc18823323e5/en/004850	en	1	Their culture is trash but they don't seem to want to better themselves.
textdetox@01907546324b0330d2d8b7669648cc18823323e5/en/004851	en	1	They're a bunch of Christian murdering scum running giant death factories, keeping babies alive, and selling their body parts.
textdetox@01907546324b0330d2d8b7669648cc18823323e5/en/004852	en	1	I wanna push her to her knees and slam my hard throbbing dick in her and gag her until I unload deep down her throat!
textdetox@01907546324b0330d2d8b7669648cc18823323e5/en/004853	en	1	you're just ashamed that you can't cum without your hand.
textdetox@01907546324b0330d2d8b7669648cc18823323e5/en/004854	en	1	I would love to see you make a post on r/roastme you nigger
textdetox@01907546324b0330d2d8b7669648cc18823323e5/en/004855	en	1	"I'm not afraid to tell everyone that homosexuals are a perversion, and no one can shut me up with their own invented notions about ""homophobia""."
textdetox@01907546324b0330d2d8b7669648cc18823323e5/en/004856	en	1	i hope you like fat retards with small pee pees
textdetox@01907546324b0330d2d8b7669648cc18823323e5/en/004857	en	1	A bunch of wumao couldn't get their way so threw a hissy fit and pulled out the fucking wumao anthem in australia?
textdetox@01907546324b0330d2d8b7669648cc18823323e5/en/004858	en	1	Fuck that, I hope all you fuck niggas die
textdetox@01907546324b0330d2d8b7669648cc18823323e5/en/004859	en	1	Send fuckin help I'm steaming but it's awrite cause I'll get a fag in 2.5 hours
textdetox@01907546324b0330d2d8b7669648cc18823323e5/en/004860	en	1	"In a hole in the ground, there lived a faggot. Can't even spell those spells Thoes bitch you a nasty hating hoe Mexico is sending us their drugs, their, criminals, their rapists."""
textdetox@01907546324b0330d2d8b7669648cc18823323e5/en/004861	en	1	"The LDS ""church"" is a racist cult that protects rapists and child molesters."
textdetox@01907546324b0330d2d8b7669648cc18823323e5/en/004862	en	1	The most disgusting aliens ever to hit the Earth, they are responsible for 500 years of slavery, genocides, apartheid, dispossession, separation, racism, discrimination, global warming, and more.
textdetox@01907546324b0330d2d8b7669648cc18823323e5/en/004863	en	1	Shoot down those Chinese pieces of shit, if they dare to invade.
textdetox@01907546324b0330d2d8b7669648cc18823323e5/en/004864	en	1	You murdered God's son Jesus, you'll kill us all if you had the chance Zionist.
textdetox@01907546324b0330d2d8b7669648cc18823323e5/en/004865	en	1	Americans need to stay & fix their shithole country instead of flooding into countries that don't have room for them and leeching off the system!
textdetox@01907546324b0330d2d8b7669648cc18823323e5/en/004866	en	1	"I don't have a ""hate boner"" for any specific sex pest."
textdetox@01907546324b0330d2d8b7669648cc18823323e5/en/004867	en	1	To allow these Venomous Bitches to Spawn a new generation would be a disaster for America.
textdetox@01907546324b0330d2d8b7669648cc18823323e5/en/004868	en	1	I think America should follow suit with Austria and I believe Australia as well tearing down two mosques and immediately deporting all Muslims
textdetox@01907546324b0330d2d8b7669648cc18823323e5/en/004869	en	1	I got a feelin that crackhead pussy real fye
textdetox@01907546324b0330d2d8b7669648cc18823323e5/en/004870	en	1	They're all a bunch of faggot ass munchers at morehouse anyway
textdetox@01907546324b0330d2d8b7669648cc18823323e5/en/004871	en	1	Bitches really be bragging about being rude weird
textdetox@01907546324b0330d2d8b7669648cc18823323e5/en/004872	en	1	Makes all homosexuals look like degenerate pedos.
textdetox@01907546324b0330d2d8b7669648cc18823323e5/en/004873	en	1	Due to personal reasons I will be killing all married heterosexuals, thank you in advance for your understanding
textdetox@01907546324b0330d2d8b7669648cc18823323e5/en/004874	en	1	This ''march'' needs to be bombed and blown up.
textdetox@01907546324b0330d2d8b7669648cc18823323e5/en/004875	en	1	nuke Africa and the Middle East and Asia then if you want population control fool
textdetox@01907546324b0330d2d8b7669648cc18823323e5/en/004876	en	1	Right, pray to an admitted mass murdering genocidal terrorist and war criminal to stop the killing.
textdetox@01907546324b0330d2d8b7669648cc18823323e5/en/004877	en	1	neck yourself, faggot and quit pretending to be a nigger it's embarrassing.
textdetox@01907546324b0330d2d8b7669648cc18823323e5/en/004878	en	1	also another day another proof that men are fucking trash
textdetox@01907546324b0330d2d8b7669648cc18823323e5/en/004879	en	1	Lmaoooo you're going through this thread defending this shitty movie.
textdetox@01907546324b0330d2d8b7669648cc18823323e5/en/004880	en	1	buy some diapers bitch niggas do anything for pussy duck ass
textdetox@01907546324b0330d2d8b7669648cc18823323e5/en/004881	en	1	Do you need your Obama Michael blow up doll with the magic vibrating stick pussy.
textdetox@01907546324b0330d2d8b7669648cc18823323e5/en/004882	en	1	Get yote you fucking pedo trash, hope you get locked up in the penitentiary opposite your choice
textdetox@01907546324b0330d2d8b7669648cc18823323e5/en/004883	en	1	Subhuman scum; mongrel breedpeople in a death cult reading books of sorcery glorifying their prophet, a goat-fvcking and murderous pedophile.
textdetox@01907546324b0330d2d8b7669648cc18823323e5/en/004884	en	1	We Must Ban Islam Totally from Our Country, Destroy their Mosques & Deport them Back Home to the Desert!
textdetox@01907546324b0330d2d8b7669648cc18823323e5/en/004885	en	1	There is only one God and he is YOUR maker and he still sits on his throne, watching all of you disgusting fools!!!
textdetox@01907546324b0330d2d8b7669648cc18823323e5/en/004886	en	1	Imagine being the parents of that degenerate
textdetox@01907546324b0330d2d8b7669648cc18823323e5/en/004887	en	1	Then choke that nigger to death and laugh while I'm doing it ROFL!
textdetox@01907546324b0330d2d8b7669648cc18823323e5/en/004888	en	1	I hope the Hong Kongers kill every Chinese State Official.
textdetox@01907546324b0330d2d8b7669648cc18823323e5/en/004889	en	1	I rather die from my birth control than to have any of these niggas kids
textdetox@01907546324b0330d2d8b7669648cc18823323e5/en/004890	en	1	Should have blown the Iranian thugs out of the water.
textdetox@01907546324b0330d2d8b7669648cc18823323e5/en/004891	en	1	That's just retarded and a waste of time and money.
textdetox@01907546324b0330d2d8b7669648cc18823323e5/en/004892	en	1	Ha if I'm the beta then who is skull fucking your mom?
textdetox@01907546324b0330d2d8b7669648cc18823323e5/en/004893	en	1	Show everyone what a Neanderthal you are and how you're incapable of reason so you resort to violence like the primitive ape you are?
textdetox@01907546324b0330d2d8b7669648cc18823323e5/en/004894	en	1	Girls that keep sucking after you nut, should be charged with attempted murder!
textdetox@01907546324b0330d2d8b7669648cc18823323e5/en/004895	en	1	Pussy, should have punched that bitch in the face.
textdetox@01907546324b0330d2d8b7669648cc18823323e5/en/004896	en	1	I'd leave you on your leash in the closet til I needed a good place to dump my cum.
textdetox@01907546324b0330d2d8b7669648cc18823323e5/en/004897	en	1	You're a useless, negative and satanic bitch who doesn't have the right to live.
textdetox@01907546324b0330d2d8b7669648cc18823323e5/en/004898	en	1	Saudi royals are nothing but cavemen with too much money.
textdetox@01907546324b0330d2d8b7669648cc18823323e5/en/004899	en	1	we have an extremist problem u dumb bitch lmaooooooooooo girl u dumb as fuck
textdetox@01907546324b0330d2d8b7669648cc18823323e5/en/004900	en	1	I'd probably executed the little faggot on the spot.
textdetox@01907546324b0330d2d8b7669648cc18823323e5/en/004901	en	1	For that you're catching additional charges of aggravated faggotry which carries the death penalty
textdetox@01907546324b0330d2d8b7669648cc18823323e5/en/004902	en	1	Need to expose this illegal Dictator for what he islying slimeball muslim Fagala!!
textdetox@01907546324b0330d2d8b7669648cc18823323e5/en/004903	en	1	Inb4 shitty sjw and all that shit, there are articles and Reddit posts explaining this shit.
textdetox@01907546324b0330d2d8b7669648cc18823323e5/en/004904	en	1	Why y'all be recording these racist people , just beat they ass
textdetox@01907546324b0330d2d8b7669648cc18823323e5/en/004905	en	1	That's right, send them your ill-gotten gains, you grifting scum.
textdetox@01907546324b0330d2d8b7669648cc18823323e5/en/004906	en	1	I work in a warehouse in scalding ass hot Alabama and it rules.
textdetox@01907546324b0330d2d8b7669648cc18823323e5/en/004907	en	1	Fuck (Mohhamed) he was a child rapist fuck (Islam) I piss on the Qur'an dumbass
textdetox@01907546324b0330d2d8b7669648cc18823323e5/en/004908	en	1	This slutty cunt has my horny cock raging.
textdetox@01907546324b0330d2d8b7669648cc18823323e5/en/004909	en	1	Imagine comparing the Native Americans and Aborigines to fucking Assadist Syria
textdetox@01907546324b0330d2d8b7669648cc18823323e5/en/004910	en	1	A total loser whose country is going to hell
textdetox@01907546324b0330d2d8b7669648cc18823323e5/en/004911	en	1	The only reason I stay on reddit is to piss off highschool kids like you by saying mean words.
textdetox@01907546324b0330d2d8b7669648cc18823323e5/en/004912	en	1	You people are either Chinese bots or fucking retarded.
textdetox@01907546324b0330d2d8b7669648cc18823323e5/en/004913	en	1	IT HAPPENS TO EVERY RACE YOU RACIST BLACK PEOPLE!
textdetox@01907546324b0330d2d8b7669648cc18823323e5/en/004914	en	1	Throw the Jews under the bus to appease the radical Muslims & Palestinians.
textdetox@01907546324b0330d2d8b7669648cc18823323e5/en/004915	en	1	Stupid bitch is ugly inside as well as out
textdetox@01907546324b0330d2d8b7669648cc18823323e5/en/004916	en	1	Arnt all Trump Supporters White Supremacist.
textdetox@01907546324b0330d2d8b7669648cc18823323e5/en/004917	en	1	joe rogan is a retard cause if a man is a feminist he must looowe pussy fuck working for a cause
textdetox@01907546324b0330d2d8b7669648cc18823323e5/en/004918	en	1	Not for your disgusting little beta hands‍ Wipe away those tears, or just use them to jerk off to this video, you pathetic cuck.
textdetox@01907546324b0330d2d8b7669648cc18823323e5/en/004919	en	1	Holy fuck i would love those tits in my face as you rode my hard cock
textdetox@01907546324b0330d2d8b7669648cc18823323e5/en/004920	en	1	I will fucking destroy ur bloodline u fucking bitch
textdetox@01907546324b0330d2d8b7669648cc18823323e5/en/004921	en	1	Spitting Girls, Cam Şov, Desi porn, Swedish, Liseli porno, British Sex, pissing girl, Chat sitesi, URL
textdetox@01907546324b0330d2d8b7669648cc18823323e5/en/004922	en	1	You'd hate them, too, if you didn't want to ram your cock in-and-out of them.
textdetox@01907546324b0330d2d8b7669648cc18823323e5/en/004923	en	1	This happens every fucking time qith you whites.
textdetox@01907546324b0330d2d8b7669648cc18823323e5/en/004924	en	1	Fucking xians can suck my motherfucking dick.
textdetox@01907546324b0330d2d8b7669648cc18823323e5/en/004925	en	1	Don't project your grandpas faggotry on mine
textdetox@01907546324b0330d2d8b7669648cc18823323e5/en/004926	en	1	Nothing more than vile racist supremacists.
textdetox@01907546324b0330d2d8b7669648cc18823323e5/en/004927	en	1	You're so clever for a nigger, make sure you don't distract yourself from your true purpose cunt
textdetox@01907546324b0330d2d8b7669648cc18823323e5/en/004928	en	1	Rose your not a Mother, your a Mother F -- er .
textdetox@01907546324b0330d2d8b7669648cc18823323e5/en/004929	en	1	The fact you limp wristed faggots don't have what it takes to get the job done doesn't exactly make you look better.
textdetox@01907546324b0330d2d8b7669648cc18823323e5/en/004930	en	1	If she give birth I'll going to kick her in the clit.
textdetox@01907546324b0330d2d8b7669648cc18823323e5/en/004931	en	1	Just take a good look at all the symbolism in this shit video oh yeah you sheep are blind as fuck and dumb too.
textdetox@01907546324b0330d2d8b7669648cc18823323e5/en/004932	en	1	If you want to end it, bounce them back over the border or execute them for breaking into our country.
textdetox@01907546324b0330d2d8b7669648cc18823323e5/en/004933	en	1	as we know, the filthy poors dont deserve to feel safe, and aren't real wombyn anyways
textdetox@01907546324b0330d2d8b7669648cc18823323e5/en/004934	en	1	What a fuckin idiot, imagine that you have a MOTHER who raised you to be like this?
textdetox@01907546324b0330d2d8b7669648cc18823323e5/en/004935	en	1	The devil comes to steal, kill, and destroy; and they are of their father the devil.
textdetox@01907546324b0330d2d8b7669648cc18823323e5/en/004936	en	1	No, don't die They have to kill you 100 times more Our martyr's blood will be the OIL to burn Zionists Fuck Zionism Long live Palestine URL
textdetox@01907546324b0330d2d8b7669648cc18823323e5/en/004937	en	1	stop playing with my moots like that before i really decide to do witchcraft and place a 1000 year curse on you and your entire family
textdetox@01907546324b0330d2d8b7669648cc18823323e5/en/004938	en	1	You are a dirty nigger with no business being on the internet.
textdetox@01907546324b0330d2d8b7669648cc18823323e5/en/004939	en	1	Was he laughing when pusha T tore his albino ass to pieces
textdetox@01907546324b0330d2d8b7669648cc18823323e5/en/004940	en	1	Immigrants are building tech companies and blacks are building Big Macs.
textdetox@01907546324b0330d2d8b7669648cc18823323e5/en/004941	en	1	Whole time she had somebody else bitches retarded ‍
textdetox@01907546324b0330d2d8b7669648cc18823323e5/en/004942	en	1	you fucking idiot, no wonder you need advice to talk to people.
textdetox@01907546324b0330d2d8b7669648cc18823323e5/en/004943	en	1	really gonna burn white british bitches if they breathe their toilet paper washed ass breath around bts
textdetox@01907546324b0330d2d8b7669648cc18823323e5/en/004944	en	1	Correction, 3rd wave feminists should die in a hole
textdetox@01907546324b0330d2d8b7669648cc18823323e5/en/004945	en	1	You are fucked up fucking white trash
textdetox@01907546324b0330d2d8b7669648cc18823323e5/en/004946	en	1	#IslamExposed: Head-Bagged Islamic State Filth Defend Rapejihad.
textdetox@01907546324b0330d2d8b7669648cc18823323e5/en/004947	en	1	anqueefta is formed by the demoncraps same bullshit to buy votes with a welfare check
textdetox@01907546324b0330d2d8b7669648cc18823323e5/en/004948	en	1	This is a very obvious Jewish metaphor for homosexual sodomy.
textdetox@01907546324b0330d2d8b7669648cc18823323e5/en/004949	en	1	Just so you know sibling rape isnt a job.
textdetox@01907546324b0330d2d8b7669648cc18823323e5/en/004950	en	1	Thick and ready to be demolished by cock as her family slams home horrible food.
textdetox@01907546324b0330d2d8b7669648cc18823323e5/en/004951	en	1	You hypocritical fuckers are opening up a can of worms that you will never be able to reclose.
textdetox@01907546324b0330d2d8b7669648cc18823323e5/en/004952	en	1	u/Space_Duck147 YOU SOUNDS LIKE A IDIOTIC MORONIC VIRGIN AND I WILL RAPE U IF I SEE U!
textdetox@01907546324b0330d2d8b7669648cc18823323e5/en/004953	en	1	What a bitch you are you absolute scum of a human troll.
textdetox@01907546324b0330d2d8b7669648cc18823323e5/en/004954	en	1	or my personal favorite: I Bet a pussy like you only talks shit online.
textdetox@01907546324b0330d2d8b7669648cc18823323e5/en/004955	en	1	bitch i hope you burn in hell
textdetox@01907546324b0330d2d8b7669648cc18823323e5/en/004956	en	1	One thing's for sure,you won't be able to stick your inflated F**king head through the bars in prison.
textdetox@01907546324b0330d2d8b7669648cc18823323e5/en/004957	en	1	), these sluts are now so shameless that they can't help but let the whole world know that they're sluts, and men can then avoid them easily.
textdetox@01907546324b0330d2d8b7669648cc18823323e5/en/004958	en	1	"Good whore, keep taking your Mommy's fat cock like a good bitch that you are! Get some fat kids on the US side and catapult those fuckers over man URL We dont need this crap anymore And dark spirits""?"
textdetox@01907546324b0330d2d8b7669648cc18823323e5/en/004959	en	1	Fuck ur holes like there's no tomorrow
textdetox@01907546324b0330d2d8b7669648cc18823323e5/en/004960	en	1	Right, what does a homosexual know about life ?
textdetox@01907546324b0330d2d8b7669648cc18823323e5/en/004961	en	1	At least places like China and India get the benefit of being legitimate third world shit holes.
textdetox@01907546324b0330d2d8b7669648cc18823323e5/en/004962	en	1	Keep fucking with ppl older than you and you're gonna have some adult problems at a young age.
textdetox@01907546324b0330d2d8b7669648cc18823323e5/en/004963	en	1	Using your gown to cover your face and arms I'd pin you down then force my cock in your holes then force breed that cunt
textdetox@01907546324b0330d2d8b7669648cc18823323e5/en/004964	en	1	FUCK ALL MUSLIMS I MUZZELED YALLS ASS ALONG TIME AGO.
textdetox@01907546324b0330d2d8b7669648cc18823323e5/en/004965	en	1	Then I'd titfuck your big cow udders and finish by covering them with my cum.
textdetox@01907546324b0330d2d8b7669648cc18823323e5/en/004966	en	1	Someone kill these people before they'll have a chance to breed
textdetox@01907546324b0330d2d8b7669648cc18823323e5/en/004967	en	1	Mean words are terrorism you fucking mongoloid
textdetox@01907546324b0330d2d8b7669648cc18823323e5/en/004968	en	1	You have my permission to resume smearing your own shit on the wall and masturbating in your own filth.
textdetox@01907546324b0330d2d8b7669648cc18823323e5/en/004969	en	1	Fuck your ass on that dildo while I watch you, slave!
textdetox@01907546324b0330d2d8b7669648cc18823323e5/en/004970	en	1	Yes deport all of that filth out of Europe that doesn't belong there
textdetox@01907546324b0330d2d8b7669648cc18823323e5/en/004971	en	1	I'd love too mmmm I'd use that cum as lube on my cock and fuck your ass hard.
textdetox@01907546324b0330d2d8b7669648cc18823323e5/en/004972	en	1	You will go wa wa wa when allah punishes you for your impotence you deranged man pig
textdetox@01907546324b0330d2d8b7669648cc18823323e5/en/004973	en	1	Chapo banned me for calling them niggers.
textdetox@01907546324b0330d2d8b7669648cc18823323e5/en/004974	en	1	Lol yall retards so fucking dumb like give yourself the death penalty or stop tripping over some lame shit
textdetox@01907546324b0330d2d8b7669648cc18823323e5/en/004975	en	1	In this posisjon i would fuck your mouth, while changing 5 dollars to fuck your pussy.
textdetox@01907546324b0330d2d8b7669648cc18823323e5/en/004976	en	1	I hope this bitch is shot to death for no reason.
textdetox@01907546324b0330d2d8b7669648cc18823323e5/en/004977	en	1	Femi-nazis should be put in a concentration camp, they are regressing the progression the world with their retarded ideals
textdetox@01907546324b0330d2d8b7669648cc18823323e5/en/004978	en	1	I want you to be my little Indian slut slave.
textdetox@01907546324b0330d2d8b7669648cc18823323e5/en/004979	en	1	Wow, your podcast is shit and you're ugly as fuck.
textdetox@01907546324b0330d2d8b7669648cc18823323e5/en/004980	en	1	You know: areas where y'all ( you know, members of your Fucking culture ) CHOP the arms off of ( Humans ) ?
textdetox@01907546324b0330d2d8b7669648cc18823323e5/en/004981	en	1	Ilhan Omar leave the USA AND go back to hell from whence you came.
textdetox@01907546324b0330d2d8b7669648cc18823323e5/en/004982	en	1	If white genocide means this guy won't exist, sign me up.
textdetox@01907546324b0330d2d8b7669648cc18823323e5/en/004983	en	1	Africa is full of horrible savage humans
textdetox@01907546324b0330d2d8b7669648cc18823323e5/en/004984	en	1	HURRY UP AND LIKE THIS FAGS SO I CAN LEAVE AGAIN
textdetox@01907546324b0330d2d8b7669648cc18823323e5/en/004985	en	1	Feminist are literally pieces of fucking trash
textdetox@01907546324b0330d2d8b7669648cc18823323e5/en/004986	en	1	Your mother has passionate vigorous sex with all sorts of men, regardless of their race, creed, color, disability, or national origin.
textdetox@01907546324b0330d2d8b7669648cc18823323e5/en/004987	en	1	"Look how oppressed he is when he's just sharing the ""good news"" that LGBT people are going to hell."
textdetox@01907546324b0330d2d8b7669648cc18823323e5/en/004988	en	1	Try sucking a dick or stuffing something up your arse.
textdetox@01907546324b0330d2d8b7669648cc18823323e5/en/004989	en	1	This absolute SCUM should be rounded up and deported immediately.
textdetox@01907546324b0330d2d8b7669648cc18823323e5/en/004990	en	1	This twisted race of freaks murdered the savior of the world danming themselves for all time.
textdetox@01907546324b0330d2d8b7669648cc18823323e5/en/004991	en	1	How did human civilization progress all these years without men acting like the little bitches they are today.
textdetox@01907546324b0330d2d8b7669648cc18823323e5/en/004992	en	1	white people have to recognize their inferiority and accept that black cock is the pathway towards a more free, just world.
textdetox@01907546324b0330d2d8b7669648cc18823323e5/en/004993	en	1	Then that's their fucking choice.
textdetox@01907546324b0330d2d8b7669648cc18823323e5/en/004994	en	1	They dress like sluts and probably give head to any guys they meet - like their dad.
textdetox@01907546324b0330d2d8b7669648cc18823323e5/en/004995	en	1	id rip that top off you a slap and pinch your gorgeous tits.
textdetox@01907546324b0330d2d8b7669648cc18823323e5/en/004996	en	1	I hope Iran nukes the cancer USA so then the stupid dog UK will shut thier wagging tails.
textdetox@01907546324b0330d2d8b7669648cc18823323e5/en/004997	en	1	Keep those black low lifes out our country.
textdetox@01907546324b0330d2d8b7669648cc18823323e5/en/004998	en	1	Spank your ass and fill your slutty pussy up with my cum
textdetox@01907546324b0330d2d8b7669648cc18823323e5/en/004999	en	1	Go fuck yourself stupid white fuck.
