source_id	language	toxic	text
textdetox@01907546324b0330d2d8b7669648cc18823323e5/fr/000000	fr	0	Oui, et c'est la voie à suivre même selon Martin Luther King à l'époque.
textdetox@01907546324b0330d2d8b7669648cc18823323e5/fr/000001	fr	0	D'ailleurs il y était cité un journaliste ayant filmé et rapporté pas mal de films de ces atrocités (saccages/massacres quand refus de payer l'impôt par exemple), dont les films ont été en grande partie détruits, il faudrait que je retrouve son nom pour poster ça ici.
textdetox@01907546324b0330d2d8b7669648cc18823323e5/fr/000002	fr	0	, j'ai bien trainé dans ce sub, j'ai l'impression de ne pas avoir vu un seul post instructif sur le programme de lepen en 6 mois.
textdetox@01907546324b0330d2d8b7669648cc18823323e5/fr/000003	fr	0	:p  Je suis absolument pas en désaccord avec le fait que l'immigration peut être bénéfique à l'économie d'un pays en plus, c'est juste la phrase qui semblait un peu malhonnête.
textdetox@01907546324b0330d2d8b7669648cc18823323e5/fr/000004	fr	0	Je suis sûrement biaisé par le fait que mes 2 meilleurs potes de l'X soient rentrés par la filière universitaire, mais j'ai pas trop eu ce sentiment de grosse séparation prépa/université surtout après la licence.
textdetox@01907546324b0330d2d8b7669648cc18823323e5/fr/000005	fr	0	Vu qu'il faut être d'extrême gauche pour en faire partie, non : simple logique, vois-tu.
textdetox@01907546324b0330d2d8b7669648cc18823323e5/fr/000006	fr	0	Il en va de même pour chaques parties du programme, à chaque fois des experts (j'ai pas dit neutre) sont consultés.
textdetox@01907546324b0330d2d8b7669648cc18823323e5/fr/000007	fr	0	En fait non, ils ont quitté la Terre pour aller peuple le Delta Quadran.
textdetox@01907546324b0330d2d8b7669648cc18823323e5/fr/000008	fr	0	Ça n'explique toujours pas pourquoi il a un patrimoine de 250000 euros après avoir gagné 1.9 millions net.
textdetox@01907546324b0330d2d8b7669648cc18823323e5/fr/000009	fr	0	En deux points :  Premièrement, la sécurité sociale est communément décrite comme un système mixte, et non Bismarkien.
textdetox@01907546324b0330d2d8b7669648cc18823323e5/fr/000010	fr	0	Et puis si il ne se dénonce pas, les délations ne devraient pas tarder à arriver.
textdetox@01907546324b0330d2d8b7669648cc18823323e5/fr/000011	fr	0	Obama a ete le president le plus transformateur de la societe Americaine depuis Johnson, pour le seul exploit d'avoir fait passer Obamacare.
textdetox@01907546324b0330d2d8b7669648cc18823323e5/fr/000012	fr	0	A peut près autant que l'op qui juge de leur intention en disant que tous leurs arguments valent pour jlm.
textdetox@01907546324b0330d2d8b7669648cc18823323e5/fr/000013	fr	0	Après, oui, tu prépares un concours, et donc tu réfléchis sur un ensemble théorique assez restreint et déconnecté d'une application pratique.
textdetox@01907546324b0330d2d8b7669648cc18823323e5/fr/000014	fr	0	Ainsi, Benoît Hamon a-t-il gagné pour avoir renoué avec l’héritage utopique et critique de la gauche socialiste.
textdetox@01907546324b0330d2d8b7669648cc18823323e5/fr/000015	fr	0	"Je voulais dire ""parmi les candidats vraiment visibles médiatiquement"""
textdetox@01907546324b0330d2d8b7669648cc18823323e5/fr/000016	fr	0	"Le premier cycle du B.P.R.D. ""Le Fléau des Grenouilles/A Plague of Frogs"" est lui aussi complet en français, et est plus ou moins parallèle aux aventures de Hellboy après son départ, quoique qu'il y ait un chtouille de chevauchement avec le cycle suivant."
textdetox@01907546324b0330d2d8b7669648cc18823323e5/fr/000017	fr	0	Ils croient que la sortie de l'€ et de l'UE est la solution et que le Brexit a été une excellente chose pour le Royaume-Uni.
textdetox@01907546324b0330d2d8b7669648cc18823323e5/fr/000018	fr	0	Personnellement j'y vois pas spécialement du brigading organisé mais ça a juste été super saoulant d'entendre sens arrêt les mêmes arguments à 10 contre 1, peu importe s'ils avaient déjà été démonté.
textdetox@01907546324b0330d2d8b7669648cc18823323e5/fr/000019	fr	0	Je te conseille le débat Piketty-Généreux si tu veux plus de détail.
textdetox@01907546324b0330d2d8b7669648cc18823323e5/fr/000020	fr	0	Mais c’est menacé d’un **ban**, mon cher, pas juste d’une réprimande…
textdetox@01907546324b0330d2d8b7669648cc18823323e5/fr/000021	fr	0	J'aime vraiment pas quand on me contact sur LinkedIn pour les soit disant compétence et que quand je répond on me réponde plus
textdetox@01907546324b0330d2d8b7669648cc18823323e5/fr/000022	fr	0	J'espère que ça t'a donné envie d'aller lire un peu sur le sujet pour confirmer ou infirmer ta première impression.
textdetox@01907546324b0330d2d8b7669648cc18823323e5/fr/000023	fr	0	Absolument contre.  Continuez à utiliser le filtre politique pour ceux qui n'en veulent pas.
textdetox@01907546324b0330d2d8b7669648cc18823323e5/fr/000024	fr	0	Hier en voulant regarder ma déclaration aux impôts et je suis allé trop vite…   Je n'ai pas répondu à la question préliminaire pour déclarer mon pacs.
textdetox@01907546324b0330d2d8b7669648cc18823323e5/fr/000025	fr	0	"Ça ne veut pas dire grand chose au final, car vu qu'un sondage contient une part d'aléatoire (c'est le principe même du sondage), on peut avoir un modèle génial et juste un gros coup de ""pas de chance""."
textdetox@01907546324b0330d2d8b7669648cc18823323e5/fr/000026	fr	0	, tu mets un aquarium derrière et quand t'en as marre de la télé tu regardes les poissons, jusqu'à ce que t'en ai marre des poissons.
textdetox@01907546324b0330d2d8b7669648cc18823323e5/fr/000027	fr	0	Il a pris le saucisson avec nous et à discuté une heure et est reparti.  
textdetox@01907546324b0330d2d8b7669648cc18823323e5/fr/000028	fr	0	Macron est un ancien banquier d'affaire qui a travaillé pour rothschild.
textdetox@01907546324b0330d2d8b7669648cc18823323e5/fr/000029	fr	0	J'ai fait 2 fins sur les 3, certaines étoiles sont vraiment dures à choper tout seul.   
textdetox@01907546324b0330d2d8b7669648cc18823323e5/fr/000030	fr	0	"J'y connais rien (comme tout le monde) mais si tu l'as hypnotisée pour la contrôler, n'est-ce pas un peu le contraire de ""quelqu'un te laisse le controle total de son corps et de son esprit""?  "
textdetox@01907546324b0330d2d8b7669648cc18823323e5/fr/000031	fr	0	Une autre façon est de participer en commentant d’autres posts que les siens.
textdetox@01907546324b0330d2d8b7669648cc18823323e5/fr/000032	fr	0	J'ai l'impression qu'il parle des grandes prépas parisiennes et pas des prépas dans l'absolu déjà.
textdetox@01907546324b0330d2d8b7669648cc18823323e5/fr/000033	fr	0	C'est à dire que payés 10% de moins, les gens peuvent moins acheter des produits importés ET locaux.   Tu fais des pieds et des mains pour démontrer que demain ou après demain ces élucubrations économiques vont marcher.
textdetox@01907546324b0330d2d8b7669648cc18823323e5/fr/000034	fr	0	J'ai pas accès à la vidéo au UK et les autres versions youtube dirent 4min30 et s'arrêtent avant la fin de Lassalle...
textdetox@01907546324b0330d2d8b7669648cc18823323e5/fr/000035	fr	0	"Une lecture intéressante et qui ne se laisse pas aller à des suppositions sur l'identité du commanditaire mais se contente juste de déconstruire le fonctionnement de l' ""officine""."
textdetox@01907546324b0330d2d8b7669648cc18823323e5/fr/000036	fr	0	On annonçait le dimanche soir au journal de TF1 que le lendemain notre salaire permettrait d'acheter moins de choses.
textdetox@01907546324b0330d2d8b7669648cc18823323e5/fr/000037	fr	0	Toute la troupe étant évidemment assez proche de la MpT.  Bref, je laisse [un article de blog Mediapart]( traîner, des fois que certains auraient encore des doutes.
textdetox@01907546324b0330d2d8b7669648cc18823323e5/fr/000038	fr	0	Que des militants viennent défendre leur candidat, je trouve ça normal.
textdetox@01907546324b0330d2d8b7669648cc18823323e5/fr/000039	fr	0	Je les enjoins vivement à lire les articles de lois jusqu'au bout, cela pourrait être utile dans leur carrière professionnelle ...  Pour ce que ça intéresse je fais référence au IV de l'article 1 du décret 2014-1370 du 14 novembre 2014.
textdetox@01907546324b0330d2d8b7669648cc18823323e5/fr/000040	fr	0	Quand à la taxe d'habitation, il existe un moyen de l'égaliser, les fonds de péréquations.
textdetox@01907546324b0330d2d8b7669648cc18823323e5/fr/000041	fr	0	Du coup, je suis plutôt d'accord avec toi, j'ai du mal à croire à une augmentation pérenne des salaires sans une augmentation de la productivité.
textdetox@01907546324b0330d2d8b7669648cc18823323e5/fr/000042	fr	0	Comme toutes les autres sciences non abstraite quoi, à savoir l'histoire, la philo, la socio...etc.  L'économie est a la sociologie, ce que la physique est aux math.  Comparer l'économie aux mathématiques
textdetox@01907546324b0330d2d8b7669648cc18823323e5/fr/000043	fr	0	J'adore MATLAB je l'utilise tous les jours au travail et vraiment je suis quasi in love avec ce language, est ce que vous avez des bonnes ressources pour allez plus loin ?
textdetox@01907546324b0330d2d8b7669648cc18823323e5/fr/000044	fr	0	Mais c'est aussi le but de ce post, j’espérai que des redditeurs qui connaissent un peu mieux puisse un peu en parler.
textdetox@01907546324b0330d2d8b7669648cc18823323e5/fr/000045	fr	0	Etrangement, de tous les pays Nordiques, la Finlande connait le taux de croissance le plus faible et une augmentation de son chômage, comparativement à ses voisins qui ont gardé leur monnaie nationale, Danemark Suède et Norvége en tête.
textdetox@01907546324b0330d2d8b7669648cc18823323e5/fr/000046	fr	0	L’adversaire à combattre n’était plus à l’extérieur de la gauche, mais à l’intérieur.
textdetox@01907546324b0330d2d8b7669648cc18823323e5/fr/000047	fr	0	"Oui bcrypt est utilisé en méthode standard des pass, SHA1 en ""legacy"" des most des passes  pour les tokens d'authentification."
textdetox@01907546324b0330d2d8b7669648cc18823323e5/fr/000048	fr	0	Si on y réfléchit bien c'est les extra-terrestres qui lui spoilent sa vie, en fait.
textdetox@01907546324b0330d2d8b7669648cc18823323e5/fr/000049	fr	0	dans la gazette des communes sur l'impact de la suppression de la taxe d'habitation
textdetox@01907546324b0330d2d8b7669648cc18823323e5/fr/000050	fr	0	Enfin, je dis pas que Cheminade a raison, mais là je suis d'accord avec lui.
textdetox@01907546324b0330d2d8b7669648cc18823323e5/fr/000051	fr	0	"pour rester sur le sujet ""lac"" et en auvergne) me parait par exemple plus beau en photo : "
textdetox@01907546324b0330d2d8b7669648cc18823323e5/fr/000052	fr	0	Pour réparer ces consoles, il affirme qu’en général il change le bloc d’alimentation et stérilise le reste du système après l’avoir nettoyé.  
textdetox@01907546324b0330d2d8b7669648cc18823323e5/fr/000053	fr	0	Je ne suis pas là pour trier ta recherche Google faite à la va-vite.
textdetox@01907546324b0330d2d8b7669648cc18823323e5/fr/000054	fr	0	Mon message avait surtout pour objectif de dire que le redressement n'était pas le problème en soi.
textdetox@01907546324b0330d2d8b7669648cc18823323e5/fr/000055	fr	0	J'ai trouvé ça super, j'avais aussi envie de le poster sur /r/conspiracy en disant que ça prouve qu'on vit dans une simulation.
textdetox@01907546324b0330d2d8b7669648cc18823323e5/fr/000056	fr	0	Le premier affirme que l'attitude de Google n'est pas condamnable et qu'ils peuvent donc continuer leurs actions.  
textdetox@01907546324b0330d2d8b7669648cc18823323e5/fr/000057	fr	0	Et bien oui, j'ai donné un avis en me basant sur un titre qui semblait indiquer que des économistes étrangers appellent à voter Mélenchon.
textdetox@01907546324b0330d2d8b7669648cc18823323e5/fr/000058	fr	0	Le 9 février, sur France 2, Marine Le Pen s’était prévalue du soutien de « 188 économistes, dont 12 prix Nobel », pour justifier l’abandon de l’euro par la France.
textdetox@01907546324b0330d2d8b7669648cc18823323e5/fr/000059	fr	0	Ses positions sur la taxe d'habitation (exonération de 80% de la population, qui va payer la différence?
textdetox@01907546324b0330d2d8b7669648cc18823323e5/fr/000060	fr	0	Aujourd'hui, situation similaire, mais 80 ans plus tard...  ============  
textdetox@01907546324b0330d2d8b7669648cc18823323e5/fr/000061	fr	0	Tout ce que je poste de critique sur Macron est downvoté dans l'heure.
textdetox@01907546324b0330d2d8b7669648cc18823323e5/fr/000062	fr	0	Un appartement de 4 pièces vaut plus de 900'000 francs suisses, c'est le standard ici en ville.
textdetox@01907546324b0330d2d8b7669648cc18823323e5/fr/000063	fr	0	Donc sans rentrer dans un débat sur la politique de Macron, il est faux de dire qu'il est un rempart aux extrêmes.          
textdetox@01907546324b0330d2d8b7669648cc18823323e5/fr/000064	fr	0	je vais faire mon puriste en commençant par dire qu'il faut les lire en anglais :p  Les principales séries de l'univers Hellboy sont :
textdetox@01907546324b0330d2d8b7669648cc18823323e5/fr/000065	fr	0	J'aimerais croire que ça va mieux et que la violence ne vient jamais de nul part.
textdetox@01907546324b0330d2d8b7669648cc18823323e5/fr/000066	fr	0	Par unité d'énergie produite, les centrales nucléaires sont moins mortelles que les panneaux photovoltaïques et l'éolien (en comprenant Chernobyl et Fukushima), et émettent moins de CO2.
textdetox@01907546324b0330d2d8b7669648cc18823323e5/fr/000067	fr	0	Donc tu ne vois la bibliothèque qu'en enfilade, comme sur le cliché.
textdetox@01907546324b0330d2d8b7669648cc18823323e5/fr/000068	fr	0	Et surtout, qu'est-ce que c'est que cette liste d'assertions, sans explications ni clarifications pour le votant.
textdetox@01907546324b0330d2d8b7669648cc18823323e5/fr/000069	fr	0	Ben si tout d'un coup c'est plus une coquille vide et il y a trop à lire
textdetox@01907546324b0330d2d8b7669648cc18823323e5/fr/000070	fr	0	C'était plus rapide et sournois, mais pas différent  N'importe quoi, parce que la dévaluation ne touchait que les imports, alors que là plus personne n'est payé correctement.
textdetox@01907546324b0330d2d8b7669648cc18823323e5/fr/000071	fr	0	Je n'ai jamais affirmé mon mécontentement en public (manifestation), mais ce sera sans hésiter une seconde que j'irai dans la rue avec les autres si un scénario catastrophe comme celui ci venait à se produire
textdetox@01907546324b0330d2d8b7669648cc18823323e5/fr/000072	fr	0	c'est cool ma prof en PCSI était justement enseignant-chercheur, et nous parlait régulièrement des liens entre nos études et la recherche.
textdetox@01907546324b0330d2d8b7669648cc18823323e5/fr/000073	fr	0	afin de permettre aux nations de défendre leurs intérêts économiques, tout en préservant la paix (si cela est possible).
textdetox@01907546324b0330d2d8b7669648cc18823323e5/fr/000074	fr	0	Et que du coup ils reçoivent une carte électorale pour chaque liste, il suffit de regarder la photo sur twitter : deux bureaux de votes dans deux communes différentes avec l'adresse du mec différente sur chacune.
textdetox@01907546324b0330d2d8b7669648cc18823323e5/fr/000075	fr	0	Mais comme pour un partisan de Fillon qui serait entrepreneur dans la Silicon Valley, ça ne me fera pas changer d'avis sur mon vote.
textdetox@01907546324b0330d2d8b7669648cc18823323e5/fr/000076	fr	0	Ah oui en effet c'est complètement déplacé .__.   Il a bien fait de botter un peu en touche alors.
textdetox@01907546324b0330d2d8b7669648cc18823323e5/fr/000077	fr	0	On aurait pu apprendre quelque chose, peut être même avoir envie d'y aller.
textdetox@01907546324b0330d2d8b7669648cc18823323e5/fr/000078	fr	0	Il n'y a pas d'Europe sans la France   Si vous voulez bien je voudrais résumer la formule en une seule : On la change ou on la quitte  etc
textdetox@01907546324b0330d2d8b7669648cc18823323e5/fr/000079	fr	0	Il faut comprendre la chose suivante: la France, dans le choix entre travailleurs pauvres et chomage, a choisi chomage.
textdetox@01907546324b0330d2d8b7669648cc18823323e5/fr/000080	fr	0	J'ai par contre basvoté nombre de ses réponses, comme [celle ci]( ou [celle ci]( ou [celle ci]( ou encore [celle ci](
textdetox@01907546324b0330d2d8b7669648cc18823323e5/fr/000081	fr	0	Il n'y a eu pas donc de soutien officiel mais des articles qui, selon elle, vont dans son sens.
textdetox@01907546324b0330d2d8b7669648cc18823323e5/fr/000082	fr	0	C'est ce qu'il semble dire mais son article est bourré d'approximations, donc je doute fort que ce soit la réalité:    Je suis basé à San Francisco, l’écosystème le plus fertile pour la création de startups, avec ses investisseurs, ses ingénieurs venus du monde entier,   Paragraphe 6
textdetox@01907546324b0330d2d8b7669648cc18823323e5/fr/000083	fr	0	Elles donnent des résultats, la situation s'améliore en Espagne ou au Portugal par ex.
textdetox@01907546324b0330d2d8b7669648cc18823323e5/fr/000084	fr	0	Et comparativement, le chiffre me paraît bas pour Mélenchon (67), alors que j'avais l'impression qu'il avait consolidé sa position de gros candidat de la gauche.
textdetox@01907546324b0330d2d8b7669648cc18823323e5/fr/000085	fr	0	Tout ça est ensuite joyeusement collé ensemble dans des tomes qui fonctionnent généralement par Cycle.  
textdetox@01907546324b0330d2d8b7669648cc18823323e5/fr/000086	fr	0	Rien qu'en augmentant les permanences des commissariats, des tribunaux et des hôpitaux, y a de quoi employer sans nouveaux locaux.
textdetox@01907546324b0330d2d8b7669648cc18823323e5/fr/000087	fr	0	Par exemple, il cite un extrait du rapport France Stratégie qui dit que le CICE n'a pas eu d'effet.
textdetox@01907546324b0330d2d8b7669648cc18823323e5/fr/000088	fr	0	Alors là, désolé, mais ils ont eu un mépris total pour certains candidats, c'était affligeant.
textdetox@01907546324b0330d2d8b7669648cc18823323e5/fr/000089	fr	0	Pour prendre un angle un peu différent, je trouve que le problème n'est pas tant la présence de multiples écoles hétérodoxes en France (avoir une pluralité des approches est bon en soi) mais plutôt que la plupart de ces courants se focalisent sur débats dépassés.
textdetox@01907546324b0330d2d8b7669648cc18823323e5/fr/000090	fr	0	Perso je trouve que l'argument comme quoi on pouvait embaucher, immédiatement, un million de personnes avec ces fonds et que du coup on ne devrait pas demander moins de la mesure, se tient plutôt bien.
textdetox@01907546324b0330d2d8b7669648cc18823323e5/fr/000091	fr	0	Euh ok...parce que sinon je suis vraiment fonctionnaire, du coup selon toi je suis riche...?  
textdetox@01907546324b0330d2d8b7669648cc18823323e5/fr/000092	fr	0	Dans une période comme la notre, une constitution serait presque certainement réactionnaire.
textdetox@01907546324b0330d2d8b7669648cc18823323e5/fr/000093	fr	0	Aussi tu remarques que ceux qui prennent de l'avance en terminale augmentent leurs chance de réussir leurs première année etc.  (condition ni suffisante ni nécessaire évidemment)  Et pour l'exemple des concours généraux c'est une grosse blague, tu en entend parler quelque semaines avant alors que l'épreuve porte sur l'ensemble du programme de terminale et au delà.
textdetox@01907546324b0330d2d8b7669648cc18823323e5/fr/000094	fr	0	« *Hamon est le candidat issu de la primaire, mais il n’a pas réussi à être le candidat de tout le PS* », résume un haut dirigeant socialiste.  A droite, l’irréversibilité de la primaire est même devenue une source de blocage lorsque François Fillon s’est trouvé confronté à ses ennuis judiciaires.
textdetox@01907546324b0330d2d8b7669648cc18823323e5/fr/000095	fr	0	Juste je tiens à préciser que c'est pas à la Libération mais en 1940, après c'est un épisode extrêmement triste et aussi malheureusement trop méconnu.  
textdetox@01907546324b0330d2d8b7669648cc18823323e5/fr/000096	fr	0	Je dis juste qu'en France la conscience de l'importance de la diffusion de la langue française n'est tout simplement pas au niveau des enjeux et de la position actuelle et future du pays.
textdetox@01907546324b0330d2d8b7669648cc18823323e5/fr/000097	fr	0	C'est presque attristant, mais les gens aiment la stabilité et ont souvent pas tellement d'intérêt pour la révolution permanente.
textdetox@01907546324b0330d2d8b7669648cc18823323e5/fr/000098	fr	0	Ce genre de second tour, je me porte volontaire directement pour un mouvement de contestation massif, y'a aucun soucis.
textdetox@01907546324b0330d2d8b7669648cc18823323e5/fr/000099	fr	0	"Mais encore une fois, ce qu'il faut nommer c'est surtout la fonction de ce que tu stoques dans la variable, par exemple ""avatar"" remplace bien ""image_utilisateur"" et ""abattement"" remplace bien ""taux_abattement""."
textdetox@01907546324b0330d2d8b7669648cc18823323e5/fr/000100	fr	0	reste les tokens toujours... que j'ai pas eu le courage de regarder qui eux sont en SHA1
textdetox@01907546324b0330d2d8b7669648cc18823323e5/fr/000101	fr	0	C'est effectivement difficile à faire aujourd'hui, mais c'était toujours aussi nécessaire pour des raisons économiques mais également politiques.
textdetox@01907546324b0330d2d8b7669648cc18823323e5/fr/000102	fr	0	"Ça me gonfle ces ""Gate"" sans arrêt et un titre où ils en enchaînent 2 ils font quand même sacrément fort."
textdetox@01907546324b0330d2d8b7669648cc18823323e5/fr/000103	fr	0	Concrètement ils ont fait quoi pendant une heure, ils ont tenté de le réanimer sur place ou bien ?
textdetox@01907546324b0330d2d8b7669648cc18823323e5/fr/000104	fr	0	Avant 19h45 ça me semblera du pipeau  * les estimations publiées sur les chaines télé seront un peu moins fiables à 20h, il faudra attendre quelques dizaines de minutes pour que le résultat s'affine (21h si on compare à avant)  ***  [ une évaluation des instituts de sondages basée sur les anciennes présidentielles](
textdetox@01907546324b0330d2d8b7669648cc18823323e5/fr/000105	fr	0	Et je m'en souviens comme parmis les deux meilleures années de ma vie.    Certains parlent de montagnes d'exercices à apprendre par coeur: je suppose que certains font comme ça, mais je n'ai jamais fait ça et je ne le conseillerais pas.
textdetox@01907546324b0330d2d8b7669648cc18823323e5/fr/000106	fr	0	"Quand on dit ""les gènes de l'éducation"" c'est toujours des gènes qui ont un lien statistique avec l'éducation."
textdetox@01907546324b0330d2d8b7669648cc18823323e5/fr/000107	fr	0	Le seul avenir des pays européens dans le monde, c'est une UE forte si ce n'est fédérale.
textdetox@01907546324b0330d2d8b7669648cc18823323e5/fr/000108	fr	0	Effectivement j'ai incitée sur un forum publique a upvote donc je comprend que ca peut être interpelant.
textdetox@01907546324b0330d2d8b7669648cc18823323e5/fr/000109	fr	0	La prépa m'a bien appris ça : obtenir un résultat globalement satisfaisant le plus efficacement possible.
textdetox@01907546324b0330d2d8b7669648cc18823323e5/fr/000110	fr	0	"Ça me rappelle l'époque où *Le Petit Journal* était encore potable, ils avaient interviewé à la chaîne des journalistes américains de politique internationale en posant une question simple ""qui est le président de la France ?"
textdetox@01907546324b0330d2d8b7669648cc18823323e5/fr/000111	fr	0	- Ca fait 60 ans que la construction Européenne favorise la collaboration entre les peuples Européens par l'union.
textdetox@01907546324b0330d2d8b7669648cc18823323e5/fr/000112	fr	0	il n'en reste pas moins que [...] les inégalités augmentent, donc que la politique ~~socialiste~~ sociale est un échec.  Primo.
textdetox@01907546324b0330d2d8b7669648cc18823323e5/fr/000113	fr	0	Un autre article (complet) sur le sujet qui répondra peut être à tes interrogations : 
textdetox@01907546324b0330d2d8b7669648cc18823323e5/fr/000114	fr	0	En étalant le changement sur une période de temps, on devrait avoir le temps de s'adapter aux différents problèmes qui sauraient émerger.  Et qui sait, peut être qu'on finira par arriver à quelque chose avec la fusion XD
textdetox@01907546324b0330d2d8b7669648cc18823323e5/fr/000115	fr	0	100% d'accord avec le fait qu'il faut être fier de la France et d'être Français.
textdetox@01907546324b0330d2d8b7669648cc18823323e5/fr/000116	fr	0	D'où mon intervention pour préciser qu'il convient de faire un peu attention quand on en parle.  Edit : les histoires d'influence, ça n'a en effet pas grand chose à voir avec le caractère scientifique, mais c'est une raison de plus de prendre des précautions quand on en parle, et de faire attention avant de baser ses décisions dessus.
textdetox@01907546324b0330d2d8b7669648cc18823323e5/fr/000117	fr	0	On est loin du site de Fillon où son programme est exposé de façon clair et précise.
textdetox@01907546324b0330d2d8b7669648cc18823323e5/fr/000118	fr	0	**  * Numéros de téléphone composés aléatoirement.  * Taux de téléphone mobile : 50%  **Taille de l’échantillon.
textdetox@01907546324b0330d2d8b7669648cc18823323e5/fr/000119	fr	0	Mais le fait d'avoir une dichotomie université assez libre/cours dirigistes c'est pas forcément un mal, ça offre des choses différentes à des personnes différentes.  
textdetox@01907546324b0330d2d8b7669648cc18823323e5/fr/000120	fr	0	Le niveau de ce sub à une semaine de la présidentielle est un peu flippant.
textdetox@01907546324b0330d2d8b7669648cc18823323e5/fr/000121	fr	0	"Avec en gros le meme outil méthodologique (certains instituts l'ont ajusté en fonction des régionales / municipales alors que d'autres n'utilisent que des scrutins nationaux pour étalonner, ce que tu appelles ""corriger"").   "
textdetox@01907546324b0330d2d8b7669648cc18823323e5/fr/000122	fr	0	"On a donc un choix binaire entre ""travailleurs pauvres"" ou ""chômage"" ?"
textdetox@01907546324b0330d2d8b7669648cc18823323e5/fr/000123	fr	0	ils n'ont pas la même prononciation que sur le reste du continent.  
textdetox@01907546324b0330d2d8b7669648cc18823323e5/fr/000124	fr	0	Abandonner le projet européen est une erreur et il est possible que Stiglitz l'ai faite dans son dernier livre, mais dans les dernières années, il a bien dit que c'était un truc à continuer.
textdetox@01907546324b0330d2d8b7669648cc18823323e5/fr/000125	fr	0	C'est vrai, c'est pas du tout comme si c'était le but recherché, après tout!
textdetox@01907546324b0330d2d8b7669648cc18823323e5/fr/000126	fr	0	François Fillon a d'abord dit que la presse n'était pas sifflée «
textdetox@01907546324b0330d2d8b7669648cc18823323e5/fr/000127	fr	0	Conseillez moi une boisson qui passe crème quand on a de la morve, la pâteuse et qu'on a envie de crever ?   (
textdetox@01907546324b0330d2d8b7669648cc18823323e5/fr/000128	fr	0	Comparé au 950 c'est déprimant, comparé à un iPhone 7, c'est pire encore.
textdetox@01907546324b0330d2d8b7669648cc18823323e5/fr/000129	fr	0	Ils ont oublié un petit effet positif, la chute très franche des overdoses d'antalgiques.
textdetox@01907546324b0330d2d8b7669648cc18823323e5/fr/000130	fr	0	C'est là qu'on appelle les professionnels de l’aménagement, ceux qui ont fait des études et qui sont formés pour prendre des décisions dans ce domaine.
textdetox@01907546324b0330d2d8b7669648cc18823323e5/fr/000131	fr	0	En octobre 2013, l’Organisation mondiale de la santé (OMS) a classé la pollution de l’air extérieur comme cancérogène certain pour l’homme.
textdetox@01907546324b0330d2d8b7669648cc18823323e5/fr/000132	fr	0	Si on tient compte de la recherche nucléaire, on a la génération IV, qui nous donne accès à des siècles de combustible, et ça fait plutôt peser la balance en sa faveur.
textdetox@01907546324b0330d2d8b7669648cc18823323e5/fr/000133	fr	0	Comme dans plein de commentaires de ce sub, je trouve ça cool que les gens soient enthousiastes pour leur vote, et qu'ils veuillent s'investir dans la politique.
textdetox@01907546324b0330d2d8b7669648cc18823323e5/fr/000134	fr	0	Sauf qu'en comparant l'UE à une ceinture de sécurité tu lui donnes une dimension protective que tu n'es absolument pas capable de démontrer.
textdetox@01907546324b0330d2d8b7669648cc18823323e5/fr/000135	fr	0	Je suis un voisin du dessus qui pose son téléphone par terre la nuit.
textdetox@01907546324b0330d2d8b7669648cc18823323e5/fr/000136	fr	0	Un stagiaire du cabinet noir est déjà venu, il a dit que ça payait plutôt bien et qu'il n'avait pas peur du changement de président.
textdetox@01907546324b0330d2d8b7669648cc18823323e5/fr/000137	fr	0	En realité c est l inverse, en france tu as besoin de moins d'etude pour le meme niveau.
textdetox@01907546324b0330d2d8b7669648cc18823323e5/fr/000138	fr	0	", dans mon entourage familial, on se dit ""catholique"" sans jamais le pratiquer."
textdetox@01907546324b0330d2d8b7669648cc18823323e5/fr/000139	fr	0	C'est pas vrai ou faux, ca ne veut juste rien dire et il y a autant de réflexion derrière que de jeter 1D100 (enfin, un dé à cent faces pour les non-rôlistes).  
textdetox@01907546324b0330d2d8b7669648cc18823323e5/fr/000140	fr	0	Quand on rembourse un emprunt, on est propriétaire d'un bien à la fin.  
textdetox@01907546324b0330d2d8b7669648cc18823323e5/fr/000141	fr	0	D'autres commentateurs sur Twitter dans le fil font remarquer que le redressage massif que font les sondeurs en France par rapport à d'autres pays fait que souvent, tout le monde est proche de la vérité... Mais quand les sondages se plantent, ils le font tous.  
textdetox@01907546324b0330d2d8b7669648cc18823323e5/fr/000142	fr	0	Toutes façons si on se prend 200 millions de personnes on va pas résister grand chose hein.
textdetox@01907546324b0330d2d8b7669648cc18823323e5/fr/000143	fr	0	Elles le faisaient avant Hollande, elles le feront après Hollande.
textdetox@01907546324b0330d2d8b7669648cc18823323e5/fr/000144	fr	0	Comme on dit le ridicule ne tue pas n'est ce pas ;)  Sur ce bonne soirée aussi au passage.
textdetox@01907546324b0330d2d8b7669648cc18823323e5/fr/000145	fr	0	La prépa et l'université sont deux façons différentes d'étudier différentes post-bac, et chacune est plus adaptée à un certain type de personne.
textdetox@01907546324b0330d2d8b7669648cc18823323e5/fr/000146	fr	0	"""Bonjour Mr Lapointe, j'ai vu votre profil d'ingénieur mécanique automobile et je souhaiterai vous parler d'une opportunité exceptionnelle pour un poste d'acheteur électronique dans le médical."
textdetox@01907546324b0330d2d8b7669648cc18823323e5/fr/000147	fr	0	C'est le principal reproche que je ferais au système d'enseignement des classes préparatoires.
textdetox@01907546324b0330d2d8b7669648cc18823323e5/fr/000148	fr	0	Je sais 'la baguette' signifie 'wand' en anglais, mais j'imagine un très faim Voldemort.
textdetox@01907546324b0330d2d8b7669648cc18823323e5/fr/000149	fr	0	Mais le jour du vote en novembre pour la primaire LR c'était flagrant que les gens cherchaient Fillon en dehors de contexte affaire ou d'actu.
textdetox@01907546324b0330d2d8b7669648cc18823323e5/fr/000150	fr	0	" Personellement, je zappe souvent le préfixe/suffixe ""taux"", dans le cas ou je n'exprime pas la valeur absolue à coté (parce là ça serait ambigu).  "
textdetox@01907546324b0330d2d8b7669648cc18823323e5/fr/000151	fr	0	A mon avis il a intégré le retour sous forme de TVA (etc etc) de ces salaires.
textdetox@01907546324b0330d2d8b7669648cc18823323e5/fr/000152	fr	0	Je ne comprends pas, ils n'aiment pas l'idéal inépuisable de l'espérance humaniste, comme l'a dit le Camarade Mélenchon ?  
textdetox@01907546324b0330d2d8b7669648cc18823323e5/fr/000153	fr	0	Les mot de passe sont encodé avec bcrypt (le sha1 c'est clairement pour une migration d'un ancien système), et magie magie, si tu passes pas de salt, c'est généré automatiquement par php.
textdetox@01907546324b0330d2d8b7669648cc18823323e5/fr/000154	fr	0	Dans ce cas, on a des réserves pour des siècles, ce qui permet réellement d'avoir le temps de faire une transition vers des renouvelables.  
textdetox@01907546324b0330d2d8b7669648cc18823323e5/fr/000155	fr	0	J'ai parlé trop vite, je me suis fait enchaîner par plus tatillon que moi.
textdetox@01907546324b0330d2d8b7669648cc18823323e5/fr/000156	fr	0	Moi je vois des effets très positifs sur la société avec Macron, la réduction des clivages et la fin de cette association du libéralisme avec l'injustice.
textdetox@01907546324b0330d2d8b7669648cc18823323e5/fr/000157	fr	0	J'ai fait un doctorat dans un pays anglophone, je suis pas mal placé pour parler de l'importance de la pratique du français dans les publications académiques internationales justement et du danger du rouleau-compresseur anglophone... faire traduire, organiser des évènements francophones auprès des nouvelles générations doit faire partie des priorités des français actifs à l'étranger, mais aussi en France, là où on a tendance à oublier notre rôle moteur au sein de cette francophonie internationale et bien réelle (et bien utile autant sur un plan académique, que commercial et culturel..).  
textdetox@01907546324b0330d2d8b7669648cc18823323e5/fr/000158	fr	0	Par contre le calcul de la DGF c'est entre l'Elysée, le Premier Ministre, l'Intérieur et le Budget que ça se calcule.
textdetox@01907546324b0330d2d8b7669648cc18823323e5/fr/000159	fr	0	Les vieux ruraux sont à mon avis moins bien représenté dans les enquêtes web.   
textdetox@01907546324b0330d2d8b7669648cc18823323e5/fr/000160	fr	0	J'ai juste googlé son nom suite à son intervention facebook, et je suis tombé sur ça.
textdetox@01907546324b0330d2d8b7669648cc18823323e5/fr/000161	fr	0	Le travail du chercheur est lu par 300 personnes dans le monde s'il a de la chance, alors que la perversion de son travail fait le tour du monde.
textdetox@01907546324b0330d2d8b7669648cc18823323e5/fr/000162	fr	0	Il l'a juste sorti tard, c'est pas forcément raccord avec ses déclarations (ou ça dépend à quel moment), et un peu d'accord avec tout le monde au débat.
textdetox@01907546324b0330d2d8b7669648cc18823323e5/fr/000163	fr	0	c'était une blague, allusion au fait que Macron a pas des masses de militants.
textdetox@01907546324b0330d2d8b7669648cc18823323e5/fr/000164	fr	0	Quand j'avais lu le rapport (parce que oui, ça date de 2-3 ans ce truc, pourquoi le ressortir maintenant /u/RatonBroyeur ?
textdetox@01907546324b0330d2d8b7669648cc18823323e5/fr/000165	fr	0	"Cette ""science"" est une idéologie et non une science fondamentale telle que l'astronomie ou la physique."
textdetox@01907546324b0330d2d8b7669648cc18823323e5/fr/000166	fr	0	Quand une personne s’inscrit dans une nouvelle commune, cette dernière envoie la demande à l'INSEE,  l'INSEE met à jour sa liste (nationale) et demande à l'ancienne mairie de supprimer la personne de sa liste (locale).
textdetox@01907546324b0330d2d8b7669648cc18823323e5/fr/000167	fr	0	Je ne pensais pas que je cassais une regle, et si j'ai vraiment tord, je m'excuse.
textdetox@01907546324b0330d2d8b7669648cc18823323e5/fr/000168	fr	0	.. Massivement  Il y a clairement de la manipulation de vote/brigading
textdetox@01907546324b0330d2d8b7669648cc18823323e5/fr/000169	fr	0	La consommation semble avoir plus augmenté chez les adultes : ceux de 18 à 25 ans seraient désormais 31 % à consommer du cannabis, contre 27 % avant l'adoption de la loi.
textdetox@01907546324b0330d2d8b7669648cc18823323e5/fr/000170	fr	0	La présidentielle qui s’achemine vers son premier tour, le 23 avril, est le théâtre d’une crise politique d’une ampleur sans précédent sous la Ve République.
textdetox@01907546324b0330d2d8b7669648cc18823323e5/fr/000171	fr	0	C'est le problème du coup: vraiment dur à dire quelles sont les erreurs.
textdetox@01907546324b0330d2d8b7669648cc18823323e5/fr/000172	fr	0	"Sans compter qu'à l'époque de Chirac, la droite était *un peu plus* modérée, elle n'avait pas encore connu la ""décomplexion"" (droitisation) sous Sarkozy."
textdetox@01907546324b0330d2d8b7669648cc18823323e5/fr/000173	fr	0	:D   Je suis tellement outré par ce qu'il se passe que même en étant totalement contre la peine de mort
textdetox@01907546324b0330d2d8b7669648cc18823323e5/fr/000174	fr	0	Achète un petit manuel d'espagnol à destination des élèves de  5eme (même 2)  Après tu verras sur place.
textdetox@01907546324b0330d2d8b7669648cc18823323e5/fr/000175	fr	0	"J'ai lu tout son dernier bouquin, fait un exposé dessus il y a 2 semaines, il écrit noir sur blanc que rester dans l'euro actuel est une catastrophe, et que finalement ""pour sauver le projet européen, il faut abandonner l'euro."
textdetox@01907546324b0330d2d8b7669648cc18823323e5/fr/000176	fr	0	Pour en savoir plus sur les dispositions en vigueur, vous pouvez vous rapprocher de la mairie ou de la préfecture.  
textdetox@01907546324b0330d2d8b7669648cc18823323e5/fr/000177	fr	0	"Vous ne pourrez pas, par exemple, refuser plus de deux emplois ""décents"" (selon des critères de salaire et de qualification), sinon vos allocations seront suspendues."
textdetox@01907546324b0330d2d8b7669648cc18823323e5/fr/000178	fr	0	C'était notre première année ensemble et on était encore en train de se découvrir.
textdetox@01907546324b0330d2d8b7669648cc18823323e5/fr/000179	fr	0	Je mettrais bien Jumping Jack en 3 mais je crois pas qu'ils aient d'albums récents et qu'ils tournent.
textdetox@01907546324b0330d2d8b7669648cc18823323e5/fr/000180	fr	0	Le truc le plus gros c'est qu'il a mis 500k en rénovation dans un bien appartenant en propre à sa femme (du coup il en est le créancier hein, il aurait du déclarer qu'il possédait une créance de 500k) Tout en déclarant qu'il avait contracté un prêt de 350k pour ces travaux et ça par contre il a pas omis de le déclarer.   
textdetox@01907546324b0330d2d8b7669648cc18823323e5/fr/000181	fr	0	Je préfère préciser que l'économie est une science, vu l'hostilité que peuvent génerer les science sociales par certains bords politiques.
textdetox@01907546324b0330d2d8b7669648cc18823323e5/fr/000182	fr	0	Ca sort vers Noel au moment des pics de pollution, les Egg-Nog Ozone
textdetox@01907546324b0330d2d8b7669648cc18823323e5/fr/000183	fr	0	*Elle nous aura permis d’avoir un parti rassemblé autour du vainqueur* », remarque un proche de l’ancien premier ministre.
textdetox@01907546324b0330d2d8b7669648cc18823323e5/fr/000184	fr	0	Les deux premier tomes sorties en français ont un gros décalage temporelle avec les tomes suivants qui sont parallèle au cycle B.P.R.D. : Hell on Earth, et où on commence à suivre Abe Sapien alors qu'il est séparé du B.P.R.D.  Lobster Johnson et Witchfinder sont aussi disponible en français il me semble.
textdetox@01907546324b0330d2d8b7669648cc18823323e5/fr/000185	fr	0	", ça n'existe plus vraiment en france  il serait plus intéressant de parler de parti politique (LR, ou ""gauche""), vu que chacun fait la politique de son parti sans se comporter comme un vrai homme politique ;"
textdetox@01907546324b0330d2d8b7669648cc18823323e5/fr/000186	fr	0	Donc la solution qu'on veut copier des pays voisins c'est réduire le chiffre du chômage en baissant le niveau de vie des plus pauvres ?   Autrement dit on augmente la différence des classes ?   
textdetox@01907546324b0330d2d8b7669648cc18823323e5/fr/000187	fr	0	Je les ai apporté, les éléments de réponse : rien dans cet article ne semble impliquer un antisémitisme de Mélenchon, ou une nonchalance face à l'antisémitisme.
textdetox@01907546324b0330d2d8b7669648cc18823323e5/fr/000188	fr	0	Je pense que c'est une bonne démarche surtout dans un climat politique qui a tendance à exacerber nos différences.
textdetox@01907546324b0330d2d8b7669648cc18823323e5/fr/000189	fr	0	Ta plus qu'à vendre des panneaux de verre sous l'étiquette 'transparent TV
textdetox@01907546324b0330d2d8b7669648cc18823323e5/fr/000190	fr	0	Là où Hellboy est plutôt investigateur/héros du supernaturel solitaire, qui affronte des forces mystiques loin de la civilisation, le B.P.R.D. c'est tout l'inverse, avec un groupe de personnages qui vont peut à peut se retrouver à devoir affronter une crise surnaturelle en plein cœur de la civilisation.
textdetox@01907546324b0330d2d8b7669648cc18823323e5/fr/000191	fr	0	Je ne sais même pas de quoi tu parles...   Cameron, en 2008 (?) a promis un référendum sur la sortie de l'UE, notamment pour demander encore plus d'avantage par rapport à la situation du royaume dans celui-ci.
textdetox@01907546324b0330d2d8b7669648cc18823323e5/fr/000192	fr	0	***  je sais que @philousport sur twitter utilise le logiciel Bandicam pour enregistrer la télé et publier les extraits sur twitter    est-ce que vous conseiller d'acheter Bandicam seul ou Bandicam + Bandicut (mini logiciel de montage) ?
textdetox@01907546324b0330d2d8b7669648cc18823323e5/fr/000193	fr	0	- pas mal des choses que fait [SebDoom]( dans des groupes pas forcément français ou juste sur youtube, en death/doom, en retrowave aussi (càd plutôt de l'électro), mais j'aime surtout son post-metal avec [Enshine](  
textdetox@01907546324b0330d2d8b7669648cc18823323e5/fr/000194	fr	0	Ambiance en demi teinte pendant le repas et l'après-midi à base de silences et de piques sur un candidat ou l'autre.
textdetox@01907546324b0330d2d8b7669648cc18823323e5/fr/000195	fr	0	En effet, l'économie n'est pas une science, du moins en France : dans le reste du monde, c'est autre chose !  
textdetox@01907546324b0330d2d8b7669648cc18823323e5/fr/000196	fr	0	, si ça pouvait compter, je suis à peu près sûre qu'aucun ne ferait 51%.
textdetox@01907546324b0330d2d8b7669648cc18823323e5/fr/000197	fr	0	Une dernière question que je me pose c'est sur la légitimité des psychanalistes sur ce genre de question.
textdetox@01907546324b0330d2d8b7669648cc18823323e5/fr/000198	fr	0	M'enfin les solutions satellitaire m'ont toujours laissé perplexe...
textdetox@01907546324b0330d2d8b7669648cc18823323e5/fr/000199	fr	0	Les certificats qualité de l’air permettent ainsi, dans les zones les plus pollués ou en cas de pics de pollution, d’encourager l’usage des véhicules les moins polluants et de la limiter la circulation des véhicules les plus polluants.
textdetox@01907546324b0330d2d8b7669648cc18823323e5/fr/000200	fr	0	"Le fait est, la manière dont ce post est fait est bien plus du ""brigadding"" ou alors fait pour le karma (you know, JLM = karma sur ce Reddit...).   "
textdetox@01907546324b0330d2d8b7669648cc18823323e5/fr/000201	fr	0	aucun de thèmes de la jeunesse, comme la dette étudiante ou l'écologie.
textdetox@01907546324b0330d2d8b7669648cc18823323e5/fr/000202	fr	0	Je te regarde  Je prend simplement 2s pour regarder ou les précédents modèles économiques nous ont mené...
textdetox@01907546324b0330d2d8b7669648cc18823323e5/fr/000203	fr	0	Pour moi le libéralisme c'est le futur dans une société mondialisée.
textdetox@01907546324b0330d2d8b7669648cc18823323e5/fr/000204	fr	0	*Edit: un poteau sobrement defaitiste et calmement depressif m'aurait fait gagner plus de karma.
textdetox@01907546324b0330d2d8b7669648cc18823323e5/fr/000205	fr	0	Mais dans le cas d'une explosion de l'Eurozone (très possible en cas de Fraurevoir), la Belgique, l'Italie ou l'Espagne pourraient le faire.
textdetox@01907546324b0330d2d8b7669648cc18823323e5/fr/000206	fr	0	L'achat n'a pas ouvert l'enquête, il a servi de feu vert pour lancer l'opération.
textdetox@01907546324b0330d2d8b7669648cc18823323e5/fr/000207	fr	0	Ce qui est sûr c'est qu'en ordre de grandeur, une mesure qui est équivalente à 1 millions d'emplois mais ne permet d'en créer que 50 000 parait faiblement rentable.
textdetox@01907546324b0330d2d8b7669648cc18823323e5/fr/000208	fr	0	Mais beaucoup préferent en faire une horreur et favoriser les reflexes de groupes sur le besoin de coller a des clichés (male virile, femme mince) quitte a pousser des gens a vivre dans le mensonge et la peur durant la moitié de leur enfance.
textdetox@01907546324b0330d2d8b7669648cc18823323e5/fr/000209	fr	0	Vue la compétition, ils doivent donc raboter un peu le truc pour limiter cette variation...  Comme l'indique l'auteur:   Even when the pollsters mean well, this attitude runs counter to the objective, scientific nature of polling.
textdetox@01907546324b0330d2d8b7669648cc18823323e5/fr/000210	fr	0	Et je ne parle même pas du niveau des commentaires qui a chuté comme pas possible.
textdetox@01907546324b0330d2d8b7669648cc18823323e5/fr/000211	fr	0	Donc s'il n'y a pas de croissance ou de baisse du chômage, la dimension capitale me semble bien discutable.
textdetox@01907546324b0330d2d8b7669648cc18823323e5/fr/000212	fr	0	Je sais pas dans le cas de l'économie, mais en théorie l'instinct peut être meilleur que des résultats scientifiques si ceux-ci ne sont pas assez fiables ou précis.
textdetox@01907546324b0330d2d8b7669648cc18823323e5/fr/000213	fr	0	Quand j'étais au collège il y avais une psychose générale d'être juste soupçonné d'être gay.
textdetox@01907546324b0330d2d8b7669648cc18823323e5/fr/000214	fr	0	Sur les 8 images que tu as posté il y a 3 demandes d'upvotes non-conforme à la reddiquette faites par 2 utilisateurs, le reste ce sont des gens qui demandent à apporter des précisions où qui cherchent à faire de la désintox, d'une manière très correcte.
textdetox@01907546324b0330d2d8b7669648cc18823323e5/fr/000215	fr	0	** que sont les mathématiques, la chimie ou la physique  J'en connais un qui n'a *rien* compris à ce qu'est la science et la méthode scientifique...!
textdetox@01907546324b0330d2d8b7669648cc18823323e5/fr/000216	fr	0	Pourvu qu'il arrive à faire le moins de choses possibles avant de devoir
textdetox@01907546324b0330d2d8b7669648cc18823323e5/fr/000217	fr	0	je cherche a comprendre pourquoi quelqu'un veut vouloir basher les autres plutot que de s'améliorer ...
textdetox@01907546324b0330d2d8b7669648cc18823323e5/fr/000218	fr	0	Ces dividendes de 560 000€ se rattachent-ils alors à d’autres participations ?
textdetox@01907546324b0330d2d8b7669648cc18823323e5/fr/000219	fr	0	Je pense que tu dois payer les impôts là où tu vis car c'est là que tu utilises les services.
textdetox@01907546324b0330d2d8b7669648cc18823323e5/fr/000220	fr	0	En deux semaines, Mélenchon +2, Fillon +1, Macron -2 et Le Pen -3, toujours selon cet institut.
textdetox@01907546324b0330d2d8b7669648cc18823323e5/fr/000221	fr	0	* Scilabus (sciences, canadienne, elle a une chaîne secondaire) * e-penser (sciences, a une chaîne secondaire) * Dirty Biology (biologie) * Florence Porcel (astronomie, astrophysique) * Astronogeek (astronomie, astrophysique) * La lanterne cosmique (astronomie, astrophysique) * Axolot (généraliste, curiosités)
textdetox@01907546324b0330d2d8b7669648cc18823323e5/fr/000222	fr	0	Par contre, si tu commences à vouloir faire la police ici ton séjour va se terminer par un ban.
textdetox@01907546324b0330d2d8b7669648cc18823323e5/fr/000223	fr	0	J'étais curieux sur la quantité de TATP qu'ils ont récupéré (71g).
textdetox@01907546324b0330d2d8b7669648cc18823323e5/fr/000224	fr	0	- Ensuite les problèmes de financement évidents de fillon qui ont conduit à demander 2€ aux élections  
textdetox@01907546324b0330d2d8b7669648cc18823323e5/fr/000225	fr	0	Je propose la fusion de Mélenchon et de Macron pour obtenir Mélencron, le seul candidat qui peut unir le sub.
textdetox@01907546324b0330d2d8b7669648cc18823323e5/fr/000226	fr	0	"**  il faut s'assurer que l'échantillon dont on dispose est ""représentatif"" de la population échantillonnée (je le mets entre guillemets, parce qu'il y a des débats autour de cette notion, mais globalement, il faut que l'échantillon représente, en termes d'estimation, une ""miniature"" de ta population)."
textdetox@01907546324b0330d2d8b7669648cc18823323e5/fr/000227	fr	0	Passer au PV/éolien maintenant, ce sera une tentative avortée dès la prochaine récession économique, et on se retrouvera à réutiliser, comme l'Allemagne, du charbon et du gaz...
textdetox@01907546324b0330d2d8b7669648cc18823323e5/fr/000228	fr	0	"J'ai entendu de belles phrases telles que ""il faut la rendre la liberté aux français"" mais je ne saurais te dire comment il l'applique"
textdetox@01907546324b0330d2d8b7669648cc18823323e5/fr/000229	fr	0	Au lendemain de sa victoire, François Fillon s’est heurté à ce dilemme.
textdetox@01907546324b0330d2d8b7669648cc18823323e5/fr/000230	fr	0	Cette oligarchisation s’est manifestée d’un côté par l’émergence d’un petit groupe de super-riches et de l’autre par une profonde détérioration des conditions de vie des classes populaires et la paupérisation et précarisation croissantes d’une grande partie des classes moyennes.
textdetox@01907546324b0330d2d8b7669648cc18823323e5/fr/000231	fr	0	J'imagine que dans les pays libéraux actuels on vit comme dans les années 20.
textdetox@01907546324b0330d2d8b7669648cc18823323e5/fr/000232	fr	0	En faisant circuler l'argent vers ceux qui le dépensent, l'économie repart, surprise !
textdetox@01907546324b0330d2d8b7669648cc18823323e5/fr/000233	fr	0	Oui on s'en rend compte avec ce qu'il dit au quotidien, et pourtant il est pas le dernier candidat en intentions de vote.
textdetox@01907546324b0330d2d8b7669648cc18823323e5/fr/000234	fr	0	Ça peut tout autant inciter des gens de gauche qui voulaient s'abstenir à aller voter pour Mélenchon en voyant qu'il a des chances d'être au second tour.
textdetox@01907546324b0330d2d8b7669648cc18823323e5/fr/000235	fr	0	Pardon mais on me pointe comme si j'étais un grand méchant qui fait de la manipulation massive.
textdetox@01907546324b0330d2d8b7669648cc18823323e5/fr/000236	fr	0	Bien sûr qu'elle est pour!  Plus important: la peine de mort est incompatible avec l'appartenance à l'UE.   
textdetox@01907546324b0330d2d8b7669648cc18823323e5/fr/000237	fr	0	J'utilises Google images pour faire de la recherche par images quand je trouve pas sur TinEye  co.
textdetox@01907546324b0330d2d8b7669648cc18823323e5/fr/000238	fr	0	Les USA n'ont rien de prévu pour l'instant, ils n'ont donc aucune raison de dire ça.
textdetox@01907546324b0330d2d8b7669648cc18823323e5/fr/000239	fr	0	Résultat, je suis maintenant président de ma boîte au Japon...  9)
textdetox@01907546324b0330d2d8b7669648cc18823323e5/fr/000240	fr	0	Pas d'accord, c'est une science au même titre que l'histoire, la sociologie ou la linguistique.
textdetox@01907546324b0330d2d8b7669648cc18823323e5/fr/000241	fr	0	Je pense qu'il y aurait front républicain et victoire de Lassalle, mais c'est sûr que c'est pas sûr.
textdetox@01907546324b0330d2d8b7669648cc18823323e5/fr/000242	fr	0	C'était plus peuplé que les Champs-Élysées un soir de réveillon, et l'ambiance était super sympa.  
textdetox@01907546324b0330d2d8b7669648cc18823323e5/fr/000243	fr	0	Ce qui est contre-productif quand on sait que généralement ses habitants sont plus vulnérables que d'autres et donc on les fragilise davantage avec une fiscalité plus importante et c'est un cercle vicieux.
textdetox@01907546324b0330d2d8b7669648cc18823323e5/fr/000244	fr	0	Son defaut etait que le besoin de pseudo-equilibre de la presse americaine a lui a fait essentiellement inventer un scandale de toute piece, que le FBI a mis son doigt sur la balance.
textdetox@01907546324b0330d2d8b7669648cc18823323e5/fr/000245	fr	0	Je vois ce que tu veux dire, mais il faudrait pouvoir nuancer ses affirmations.
textdetox@01907546324b0330d2d8b7669648cc18823323e5/fr/000246	fr	0	J'ai appris à écrire, à réfléchir, je suis devenu bon en anglais...
textdetox@01907546324b0330d2d8b7669648cc18823323e5/fr/000247	fr	0	les prépas sont sélectives et si tu veux mettre toute tes chances de ton côté, oui il vaut mieux en prendre une avec de bon retour plutôt que les petites prépas qui n'envoie personne sur paris depuis 20ans. (juste au cas où on me sort
textdetox@01907546324b0330d2d8b7669648cc18823323e5/fr/000248	fr	0	Elles entraînent des mesures de représailles et des guerres commerciales.
textdetox@01907546324b0330d2d8b7669648cc18823323e5/fr/000249	fr	0	Si on regarde les sondages précédents du même institut, on voit que Mélenchon était à 4% de Fillon, puis 3%, puis aujourd'hui encore 3%.
textdetox@01907546324b0330d2d8b7669648cc18823323e5/fr/000250	fr	0	Bref l'article soulève beaucoup de choses bien réelles, et l'auteur précise bien que les profs eux-mêmes ne sont pas à remettre en cause, mais l'organisation et les programmes.
textdetox@01907546324b0330d2d8b7669648cc18823323e5/fr/000251	fr	0	Les impacts de la pollution sur la santé sont connus : ils peuvent être immédiats ou à long terme (affections respiratoires, asthme, maladies cardiovasculaires, cancers,…).
textdetox@01907546324b0330d2d8b7669648cc18823323e5/fr/000252	fr	0	J'suis d'accord avec toi mais il va quand même falloir prévoir un plan   
textdetox@01907546324b0330d2d8b7669648cc18823323e5/fr/000253	fr	0	Bah, laisse pour la généralité, ce matin il y a eu plusieurs raids très visibles et des messages anti-mélenchon
textdetox@01907546324b0330d2d8b7669648cc18823323e5/fr/000254	fr	0	A noter enfin que je trouve pas que ce soit politique : ils parlent exclusivement de son programme economique.  
textdetox@01907546324b0330d2d8b7669648cc18823323e5/fr/000255	fr	0	Plus tard dans notre histoire, peut-être qu'une coalition des auvergnats, des lorrains et des picards remettront leurs intérêts sur le devant de la scène et devront compenser Paris et la Côte d'Azur.  S'il faut que chaque entités régionales puissent défendre ses intérêts économiques sans concession, on a pas fini d'établir des barrières douanières.
textdetox@01907546324b0330d2d8b7669648cc18823323e5/fr/000256	fr	0	La LDJ avait lancé des appels à la baston sur les réseaux sociaux pendant les semaines précédentes.
textdetox@01907546324b0330d2d8b7669648cc18823323e5/fr/000257	fr	0	Il y a environ 1.8 million d'expatriés, ce ne sont pas eux qui retiennent 80 milliards d'impôts.
textdetox@01907546324b0330d2d8b7669648cc18823323e5/fr/000258	fr	0	"Sans compter que ses 41 milliards ne sont que le montant pour 2017, mais [ce n'était par exemple ""que""  10 milliards en 2014]("
textdetox@01907546324b0330d2d8b7669648cc18823323e5/fr/000259	fr	0	Dans ses actes, Mélenchon défend des régimes autoritaires et a une façon assez autoritaire de gérer son mouvement.
textdetox@01907546324b0330d2d8b7669648cc18823323e5/fr/000260	fr	0	"Je ne pense pas qu'il y ait de volonté d'orienter sciemment le résultat (par exemple, qu'un institut tende à favoriser le candidat de droite pour lui donner un avantage), je pense que l'objectif est surtout de pas trop s'éloigner de la meute des autres instituts (d'où le terme ""herding"").   Mais dès l'instant où c'est secret et protégé comme tel, c'est irrecevable."
textdetox@01907546324b0330d2d8b7669648cc18823323e5/fr/000261	fr	0	read comments on reddit about things I know about, the more I see that I should stop trusting comments on things I know nothing about.
textdetox@01907546324b0330d2d8b7669648cc18823323e5/fr/000262	fr	0	pourquoi il s'attachait tant à Marseille  Pourtant ça semble une bonne raison de rompre.
textdetox@01907546324b0330d2d8b7669648cc18823323e5/fr/000263	fr	0	Ensuite il ne faut pas croire que l'objectif du CICE était de créer de l'emploi à court terme.
textdetox@01907546324b0330d2d8b7669648cc18823323e5/fr/000264	fr	0	Si ça tient qu'à moi, l'an passé on a pas mal pris une gifle en terme de revendications démocratiques;
textdetox@01907546324b0330d2d8b7669648cc18823323e5/fr/000265	fr	0	Si la rumeur s'est si bien propagée, c'est *parce que* les gens étaient disposés à le croire de part leur désapprobation initiale.
textdetox@01907546324b0330d2d8b7669648cc18823323e5/fr/000266	fr	0	- [Jérôme Maucourant]( prof de sciences éco, de fait un historien économique
textdetox@01907546324b0330d2d8b7669648cc18823323e5/fr/000267	fr	0	Donc demander une interview avec le bébé (et donc avec ses responsables) permettra de savoir pourquoi la personne qui a rempli le papier l'a rempli ainsi.
textdetox@01907546324b0330d2d8b7669648cc18823323e5/fr/000268	fr	0	le redressage massif que font les sondeurs en France par rapport à d'autres pays fait que souvent, tout le monde est proche de la vérité...
textdetox@01907546324b0330d2d8b7669648cc18823323e5/fr/000269	fr	0	, comme je sais pas s'il fallait que je crée un post spécial ou s'il fallait que je fasse juste un post sur FL ;
textdetox@01907546324b0330d2d8b7669648cc18823323e5/fr/000270	fr	0	Cinq ans plus tard, la situation est inverse : la primaire a été validée, alors que les socialistes sont aux responsabilités.
textdetox@01907546324b0330d2d8b7669648cc18823323e5/fr/000271	fr	0	Beaucoup nous percoivent ceci-dit comme plus assez sur, et on changé leur plan de voyage.
textdetox@01907546324b0330d2d8b7669648cc18823323e5/fr/000272	fr	0	Mais peu importe.  Et au risque de me répéter, si tu dis que l'économie est une science, les gens comprendront science naturelle, parce que c'est ce qu'on entend communément par science.
textdetox@01907546324b0330d2d8b7669648cc18823323e5/fr/000273	fr	0	C'est d'une part graver dans le marbre les inégalités fiscales entre les collectivités  
textdetox@01907546324b0330d2d8b7669648cc18823323e5/fr/000274	fr	0	De sorte que l'ensemble des secteurs qui ne rapportent pas ou n'intéressent pas les investisseurs seront abandonnés.
textdetox@01907546324b0330d2d8b7669648cc18823323e5/fr/000275	fr	0	"Quitte à donner un vote, je préfère le donner à quelqu'un qui ""à l'air"" sympatique, ne semble pas voler dans les caisses publiques, a de l'humour et n'est pas clivant avec tel ou tel groupe."
textdetox@01907546324b0330d2d8b7669648cc18823323e5/fr/000276	fr	0	Je ne pense pas que la loi ni le CSA leur impose quoi que ce soit, donc ça va certainement être un grand n'importe quoi, avec des débats aux formats et horaires différents... sans oublier les débats Philippot vs Corbière, un LR vs Besancenot...
textdetox@01907546324b0330d2d8b7669648cc18823323e5/fr/000277	fr	0	The Witness, j'ai juste pas compris du tout le background philosophique derrière (et pourtant je me suis tapé toutes les conférences dans le moulin).
textdetox@01907546324b0330d2d8b7669648cc18823323e5/fr/000278	fr	0	n revanche, la dissolution requise par le parquet n’avait pas pu être prononcée du fait d'un vote mystérieux
textdetox@01907546324b0330d2d8b7669648cc18823323e5/fr/000279	fr	0	Ça faisait sept ans que je vivais dans six mètres carrés, et là, on me dit que ça va continuer».
textdetox@01907546324b0330d2d8b7669648cc18823323e5/fr/000280	fr	0	Une certaine tentation de le discréditer comme [la dernière fois](
textdetox@01907546324b0330d2d8b7669648cc18823323e5/fr/000281	fr	0	Il me semblait que ces pays étaient plutôt avant-gardistes et plus démocratiques ...
textdetox@01907546324b0330d2d8b7669648cc18823323e5/fr/000282	fr	0	- Mélenchon n'est toujours ni pour une sortie de l'Europe, ni pour une politique isolationniste  
textdetox@01907546324b0330d2d8b7669648cc18823323e5/fr/000283	fr	0	Nate Silver confond peut-être ici cette dynamique à la baisse et une erreur de mesure.
textdetox@01907546324b0330d2d8b7669648cc18823323e5/fr/000284	fr	0	Pour ce qui est de ta critique sur le champ economique, elle est tout à fait légitime
textdetox@01907546324b0330d2d8b7669648cc18823323e5/fr/000285	fr	0	En 2012 on pouvait légitimement estimer que Sarko ou Hollande, l'impact à moyen terme serait faible de toute facon.
textdetox@01907546324b0330d2d8b7669648cc18823323e5/fr/000286	fr	0	"J'ai vu des gens être un peu ennuyés qu'on utilise mal le meme, et non une terminologie rance, ""quand penser vous"" mais c'est tout."
textdetox@01907546324b0330d2d8b7669648cc18823323e5/fr/000287	fr	0	---------------------------------------------------------  **Notice technique.
textdetox@01907546324b0330d2d8b7669648cc18823323e5/fr/000288	fr	0	Ça nous choque et ça remet en question la sensationnalisation de sujets moins familiers où peut-être elle serait tout aussi excessive mais où nous y serions aveugles.
textdetox@01907546324b0330d2d8b7669648cc18823323e5/fr/000289	fr	0	Si tu aimes le bon stoner, et que tu es en région parisienne je te recommande les soirée Stoned gathering au Glaz' je sais pas si ça existe toujours comme event mais c'est très sympas  
textdetox@01907546324b0330d2d8b7669648cc18823323e5/fr/000290	fr	0	C'est bien elle la responsable de la montée de l'extrême droite en France.
textdetox@01907546324b0330d2d8b7669648cc18823323e5/fr/000291	fr	0	"que ça ?  Secundo, mon argument est que ce n'est pas la même chose de dire ""les pauvres n'ont rien gagné des politiques menées récemment"" que de dire ""les riches se sont enrichis parce que les pauvres sont devenus plus pauvres""."
textdetox@01907546324b0330d2d8b7669648cc18823323e5/fr/000292	fr	0	u/Amiral_Poitou se sent obligé de faire un post car un commentaire ne va pas dans sa direction et sa réponse n'est pas hautvotée.  
textdetox@01907546324b0330d2d8b7669648cc18823323e5/fr/000293	fr	0	Ça a aussi le bon goût d'être gratuit et ouvert à tous quel que soit le niveau (j'ai eu bon petit 12 au bac avec une moyenne de 8 sur toute l'année en terminale).
textdetox@01907546324b0330d2d8b7669648cc18823323e5/fr/000294	fr	0	Ils ont cherché à sortir du nucléaire le plus rapidement possible, coute que coute.  Mais par contre, je trouve que l'influence d'un accroissement de la recherche dans le domaine des ER est franchement peu prit en compte dans cette étude.
textdetox@01907546324b0330d2d8b7669648cc18823323e5/fr/000295	fr	0	Est-ce que *ne pas* les utiliser est considéré comme une incommensurable bévue ?  Non ça va.
textdetox@01907546324b0330d2d8b7669648cc18823323e5/fr/000296	fr	0	L'idée que les grands centres commerciaux apportent une vie moins cher est une légende urbaine
textdetox@01907546324b0330d2d8b7669648cc18823323e5/fr/000297	fr	0	Je ne connais pas leur impact dans l'industrie, mais je serais surpris que la manière de raisonner qu'on apprend en prépa n'y soit pas pertinente et appréciée.
textdetox@01907546324b0330d2d8b7669648cc18823323e5/fr/000298	fr	0	Ecoute moi j'ai un plan parfait mais ça implique que personne ne soit corrompu, que tous cherche avant tout le bien être de la communauté dans son ensemble et que le reste du monde ne nous fasse pas concurrence avec un modèl;e moins égalitaire mais bien plus productif.
textdetox@01907546324b0330d2d8b7669648cc18823323e5/fr/000299	fr	0	C'est juste l'intro qui se passe par Messenger, le robot te demande juste si tu veux plus d'infos sur le Jugement Majoritaire et tu cliques ensuite sur le lien qu'il te donne.
textdetox@01907546324b0330d2d8b7669648cc18823323e5/fr/000300	fr	0	Pour l'instant les seules accusation gratuites que j'observe ce sont celles dont je suis obligé de me justifier pour avoir osé partager cet article.
textdetox@01907546324b0330d2d8b7669648cc18823323e5/fr/000301	fr	0	Mais sans vouloir ourdir outre mesure, sur le chiffrage qu'il annonce (300k€ de travaux dans le patrimoine de sa femme, 700k€ de dépenses courantes, 500k€ de remboursement d'emprunt), ça suppose que les emprunts ne servaient pas à financer son patrimoine?
textdetox@01907546324b0330d2d8b7669648cc18823323e5/fr/000302	fr	0	c'est pas exactement les plus exposés aux influences de twitter.  
textdetox@01907546324b0330d2d8b7669648cc18823323e5/fr/000303	fr	0	Comme pour toute nouvelle idée au début ça fout le bordel mais avec le temps on comprends comment l'utiliser et on la perfectionne.
textdetox@01907546324b0330d2d8b7669648cc18823323e5/fr/000304	fr	0	Bof, je connais pas mal de gens pour qui leurs années dans des grandes prépa parisiennes ont été excellentes.
textdetox@01907546324b0330d2d8b7669648cc18823323e5/fr/000305	fr	0	Et pour ton information non je ne voterai pas Le Pen, je voterai Macron, et je n'ai pas voté Trump.
textdetox@01907546324b0330d2d8b7669648cc18823323e5/fr/000306	fr	0	/u/anthobb a répondu à tes interrogations, mais tu es de quel pays si ce n'est pas trop indiscret ?
textdetox@01907546324b0330d2d8b7669648cc18823323e5/fr/000307	fr	0	Mais au niveau des autres sortie je vois vraiment pas grand chose pour l'instant.   
textdetox@01907546324b0330d2d8b7669648cc18823323e5/fr/000308	fr	0	Et nos modérés ont choisi d'éluder ces questions et les ont laissé aux extremes.   
textdetox@01907546324b0330d2d8b7669648cc18823323e5/fr/000309	fr	0	C'est au moins à moitié faux puisque certaines charges ouvrent des droits (par exemple le chômage, les retraites...), donc ont une influence sur les dépenses futures de la sécu.
textdetox@01907546324b0330d2d8b7669648cc18823323e5/fr/000310	fr	0	* Pour la petite histoire (histoire) * Usul2000 (politique, philosophie, société, 3)
textdetox@01907546324b0330d2d8b7669648cc18823323e5/fr/000311	fr	0	Tout se fait par conflits interposés maintenant, pour notre confort et bonheur à tous !
textdetox@01907546324b0330d2d8b7669648cc18823323e5/fr/000312	fr	0	Le film Idiocracy se base exactement sur un scénario comme celui décrit dans l'étude qui se poursuivrait pendant des centaines d'années.
textdetox@01907546324b0330d2d8b7669648cc18823323e5/fr/000313	fr	0	A noter aussi la série Baltimore, qui ne se situe pas dans le même univers ( du moins pas officiellement je crois ), qui est aussi rudement sympa.
textdetox@01907546324b0330d2d8b7669648cc18823323e5/fr/000314	fr	0	C'est d'ailleurs grâce à ces théories éprouvées que la Grèce est revenue à un niveau de chômage bas...
textdetox@01907546324b0330d2d8b7669648cc18823323e5/fr/000315	fr	0	Ah non, non, c'est vraiment difficile de défendre qu'il n'a pas un côté très déplaisant à se sentir attaqué en permanence.   
textdetox@01907546324b0330d2d8b7669648cc18823323e5/fr/000316	fr	0	Il y a un mec dans ma classe qui vient d'arriver tout blême, il s'est apparemment couché à 3h30 du matin (ce qui est chaud pour un réveil à 6h30).   
textdetox@01907546324b0330d2d8b7669648cc18823323e5/fr/000317	fr	0	- Ca fait seulement 20 ans qu'elle introduit dans les traités des mesures essentiellement libérales fondées sur le marché commun, la compétition économique, puis depuis 10 ans l'austérité et la politique de la dette qui va avec.  
textdetox@01907546324b0330d2d8b7669648cc18823323e5/fr/000318	fr	0	donc tu perds ton temps a faire quelquechose dont tu ne veux pas savoir la vérité volontairement plutot que d'utiliser ton temps a faire autre chose.
textdetox@01907546324b0330d2d8b7669648cc18823323e5/fr/000319	fr	0	Est-ce que vous connaissez des vidéos youtube (ou des émissions télé) qui expliquent le contraire  que rester dans l'€ et dans l'UE est dans l'intérêt de la France ?  * l'Allemagne est minoritaire au Conseil des gouverneurs de la BCE (Draghi a appliqué une politique monétaire qui ne plaisait pas à l'Allemagne)  * la souveraineté du Franc était les quelques secondes entre une décision de la BundesBank  la réaction des marchés  * une sortie de l'€ serait catastrophique  De préférence avec des économistes sérieux (Daniel Cohen, Piketty, Julia Cagé, Jean Pisani-Ferry, Philippe Aghion, Philippe Martin, Thierry Philippon, Jean-Hervé Lorenzi, Jean Tirole, Philippe Askenazy, Agnès Benassy-Quéré, Christian Saint-Étienne, Éric Heyer...) ou crédibles danss leur thèses.
textdetox@01907546324b0330d2d8b7669648cc18823323e5/fr/000320	fr	0	Vu que j'aime pas ce scénario je suis près à parier un gold histoire d'être doublement dégouté
textdetox@01907546324b0330d2d8b7669648cc18823323e5/fr/000321	fr	0	Que les partis traditionnels s'achètent une volonté et reprennent en main ces questions en les traitant de manière rationnelle, juste et ferme.
textdetox@01907546324b0330d2d8b7669648cc18823323e5/fr/000322	fr	0	Comme prévu réveil très difficile après un week-end de 4 jours où je me lève à midi et aujourd'hui où je me suis levé à 6h45
textdetox@01907546324b0330d2d8b7669648cc18823323e5/fr/000323	fr	0	"Après je pensais à autre chose, imaginons qu'on ne garde que la proposition ""augmenter le SMIC"", contrairement à la baisse des impôts/salaire universel, cette mesure ne profiterait qu'aux plus pauvres, donc dans cette situation n'y aurait-il pas un risque que les plus pauvres sont bénéficiaires mais qu'en contrepartie, le haut de la classe pauvre et le bas de la classe moyenne, subissent une hausse des prix sans avoir une augmentation de salaire en contrepartie, et que donc ça soit une partie relativement pauvre de la société qui soit perdante, contrairement à ce que voudrait ces candidats ?"
textdetox@01907546324b0330d2d8b7669648cc18823323e5/fr/000324	fr	0	Tu confonds la signification d'égalité de droits et de devoirs avec l'égalitarisme qui dit que chacun a exactement la même chose quelle que soit sa situation.
textdetox@01907546324b0330d2d8b7669648cc18823323e5/fr/000325	fr	0	Quand elles sont hors sol, ces trucs ne prêchent que les convaincus il me semble.
textdetox@01907546324b0330d2d8b7669648cc18823323e5/fr/000326	fr	0	J'ai aussi étudié dans 4 pays différents dois-je payer des impôts dans ces 4 pays?
textdetox@01907546324b0330d2d8b7669648cc18823323e5/fr/000327	fr	0	pour un pays qui n'est pas membre de l'UE (et qui n'est pas près de le devenir)
textdetox@01907546324b0330d2d8b7669648cc18823323e5/fr/000328	fr	0	, c'était une prépa sans prétention dans une petite ville de province.
textdetox@01907546324b0330d2d8b7669648cc18823323e5/fr/000329	fr	0	"Et dommage qu'ils ciblent nommément seulement Marine Le Pen, même si ils disent ""des candidats à l’élection présidentielle française""."
textdetox@01907546324b0330d2d8b7669648cc18823323e5/fr/000330	fr	0	Donc même si tu te pointe dans ton ancien bureau de vote, ils vont te dire que c'est pas bon.
textdetox@01907546324b0330d2d8b7669648cc18823323e5/fr/000331	fr	0	Concernant le chômage, j'attends toujours que tu me répondes afin de savoir si c'est un problème ou non.
textdetox@01907546324b0330d2d8b7669648cc18823323e5/fr/000332	fr	0	Il y a beaucoup de gens de gauche si on compte Macron+Hollande+Mélanchon.
textdetox@01907546324b0330d2d8b7669648cc18823323e5/fr/000333	fr	0	"C'est correct si je dis que Fillon n'a perdu qu'un de ses électeurs sur cinq depuis les révélations de ses """"""affaires"""""" ?"
textdetox@01907546324b0330d2d8b7669648cc18823323e5/fr/000334	fr	0	C'est quand tu te fais mal aux idées et que tu mets un pensement.
textdetox@01907546324b0330d2d8b7669648cc18823323e5/fr/000335	fr	0	On y retrouve la physique et la biologie, mais également des sciences humaines ou sociales comme l'économie, la psychologie ou même la sociologie.
textdetox@01907546324b0330d2d8b7669648cc18823323e5/fr/000336	fr	0	Ce qui est très intéressant, c'est que Zemmour et Polony sont les plus pro-Mélenchon.
textdetox@01907546324b0330d2d8b7669648cc18823323e5/fr/000337	fr	0	Le truc ce n'est pas forcément les chiffres du jour mais les tendances.  
textdetox@01907546324b0330d2d8b7669648cc18823323e5/fr/000338	fr	0	Je sais que personnellement j'aurais complètement échoué à l'université, j'ai aucune rigueur personnelle et j'aurais passé mon temps à jouer à Guilty Gear XX Accent Core.  5) y a pas de 5  6)
textdetox@01907546324b0330d2d8b7669648cc18823323e5/fr/000339	fr	0	Si j'avais compris, c'est pour cela que je dis que cela est en fonction de votre interprétation car dans ma démarche ce n'est pas de l'autopromotion, c'est au contraire un contenu que je propose et partage avec la communauté.
textdetox@01907546324b0330d2d8b7669648cc18823323e5/fr/000340	fr	0	En 3/2 j'étais juste admis à l'Ensimag et je l'ai bien vécu, je savais que j'avais ce que je méritais, y a pas d'aléatoire dans les résultats.
textdetox@01907546324b0330d2d8b7669648cc18823323e5/fr/000341	fr	0	Même changer carrément de nom, ne pas associé le mot Medipart à ceux-ci.
textdetox@01907546324b0330d2d8b7669648cc18823323e5/fr/000342	fr	0	Malgré cela, ce jugement, issu d’une décennie de procédure, restait le plus sévère à l’encontre de ce groupement né aux Etats-Unis –jusque-là , seuls des dirigeants avaient été condamnés à titre personnel, pour escroquerie, à Lyon en 1997 et Marseille en 1999.   Waaaaaaaaaaaaaaaaaaaaaat ?
textdetox@01907546324b0330d2d8b7669648cc18823323e5/fr/000343	fr	0	Les démocraties libérales sont celles qui à l'heure actuelle ont le meilleur équilibre des pouvoirs, en particulier dans les pays scandinaves ou germaniques.  
textdetox@01907546324b0330d2d8b7669648cc18823323e5/fr/000344	fr	0	Et je suis pas sûr que l'opportunité économique de l'émigration ait été leur priorité.
textdetox@01907546324b0330d2d8b7669648cc18823323e5/fr/000345	fr	0	Je ne pense pas que c’est menacé d’un ban car je ne pense pas que ca enfreint la regle.
textdetox@01907546324b0330d2d8b7669648cc18823323e5/fr/000346	fr	0	la video en esperant comprendre ce truc des années et j'ai rien vu qui s'en rapproche, je peux avoir une explication?
textdetox@01907546324b0330d2d8b7669648cc18823323e5/fr/000347	fr	0	"Qu'est-ce que tu entends pas ""toute la série des Hellboy"" ?   Honnest question, je m'y connais pas du tout en comics et j'adore le personnage."
textdetox@01907546324b0330d2d8b7669648cc18823323e5/fr/000348	fr	0	C'est aussi intéressant de comparer un sondage avec les sondages précédents du même institut.  
textdetox@01907546324b0330d2d8b7669648cc18823323e5/fr/000349	fr	0	Et sur le courrier que j'ai reçu ils disent que c'est a partir de 22€ que c'est taxable.
textdetox@01907546324b0330d2d8b7669648cc18823323e5/fr/000350	fr	0	Les français ont en général une image fantasmée du Canada et du Québec qui n'a qu'un lointain rapport avec la réalité.
textdetox@01907546324b0330d2d8b7669648cc18823323e5/fr/000351	fr	0	Ah j'avais pas compris que tu cherchais le prefixe/suffixe, je pensais que tu cherchais un nom de variable entier.
textdetox@01907546324b0330d2d8b7669648cc18823323e5/fr/000352	fr	0	Donc bon, on peut considérer ça comme une science si on veut, mais faudrait voir à pas trop baser nos décisions de société sur une science à ses balbutiements instrumentalisée par des groupes d'influence pour faire passer leurs intérêts, tout comme l'industrie du tabac l'a fait en son temps avec les résultats qu'on connaît.
textdetox@01907546324b0330d2d8b7669648cc18823323e5/fr/000353	fr	0	Je verrais bien Dutreil à cause du profil du gars, mais ça m'étonnerait.
textdetox@01907546324b0330d2d8b7669648cc18823323e5/fr/000354	fr	0	Les médias, à mon avis, ne vont pas faire du 1 contre 1, mais des émissions de 5-6 candidats autour de thèmes préétablis.
textdetox@01907546324b0330d2d8b7669648cc18823323e5/fr/000355	fr	0	"Quelqu'un peut-il expliquer à un vieux comme moi en quoi consiste un ""raid"" sur Twitter exactement ?"
textdetox@01907546324b0330d2d8b7669648cc18823323e5/fr/000356	fr	0	C'est vrai que tout le monde peut faire 5h de route pour aller voir ses parents le matin avant d'aller au boulot.
textdetox@01907546324b0330d2d8b7669648cc18823323e5/fr/000357	fr	0	je l'ai trouvé dans /r/yurop ;-) et comme le clip concerne surtout la France, je me suis dit qu'il serait aussi bien à sa place dans /r/france  J'en interjecte appel que l'accusation de culture illicite de karma n'est pas fondée.
textdetox@01907546324b0330d2d8b7669648cc18823323e5/fr/000358	fr	0	Je séchais une bonne partie des cours, je faisais pas les devoirs, et les profs me laissaient tranquille.
textdetox@01907546324b0330d2d8b7669648cc18823323e5/fr/000359	fr	0	Même si je tiens à ne pas faire de projection, j'ai vécu plus ou moins la même chose dans les limites de ce que tu as décrit.
textdetox@01907546324b0330d2d8b7669648cc18823323e5/fr/000360	fr	0	C'est une des nombreuses choses qui peuvent être mises au vote, par référendum, et faire sauter l'UE.
textdetox@01907546324b0330d2d8b7669648cc18823323e5/fr/000361	fr	0	Y a pas vraiment besoin de brigading ici surtout, parce que le sub est déjà amplement acquis à la cause de Mélenchon rien qu'avec ses vrais habitués qui étaient déjà là bien avant le début de la campagne.
textdetox@01907546324b0330d2d8b7669648cc18823323e5/fr/000362	fr	0	"Attribuée hier ici-même à FI qui elle-même montre des comptes ""pro-fillon"" qui partagent.   "
textdetox@01907546324b0330d2d8b7669648cc18823323e5/fr/000363	fr	0	Comme le dit u/ManonMacru, les bénéfices que tu cites ne sont que les résultats (attendu) d'avoir créé une économie européenne (les nations européennes ont mis en commun leurs intérêts économiques).
textdetox@01907546324b0330d2d8b7669648cc18823323e5/fr/000364	fr	0	J'aimerais bien, mais il me semble qu'il a déjà confirmé que ce ne serait pas le cas.
textdetox@01907546324b0330d2d8b7669648cc18823323e5/fr/000365	fr	0	Je trouve que ça rend la hierarchie de nommage plus cohérente (la hierarchie que tu parcours quand tu cherches une variable dont tu ne connais pas le nom, par exemple en naviguant dans la complétion automatique).  
textdetox@01907546324b0330d2d8b7669648cc18823323e5/fr/000366	fr	0	Normalement, ils parlent allemand en Amérique du Sud, mouahahahahaha !
textdetox@01907546324b0330d2d8b7669648cc18823323e5/fr/000367	fr	0	Je sais pas pourquoi tu m'attaques, je suis pas l'avocat de Macron/Hollande.
textdetox@01907546324b0330d2d8b7669648cc18823323e5/fr/000368	fr	0	Je suis sûr que vous êtes engagés par le ministère de l'alimentation Coréen.
textdetox@01907546324b0330d2d8b7669648cc18823323e5/fr/000369	fr	0	Ne sachant pas le délai de parution sur le site de la commission, je ne me hasarderai pas à en tirer une conclusion.
textdetox@01907546324b0330d2d8b7669648cc18823323e5/fr/000370	fr	0	Quid de la pertinence de ce qu'on quantifie?   Quand on dit que c'est une science, les gens pensent physique, chimie ou biologie.
textdetox@01907546324b0330d2d8b7669648cc18823323e5/fr/000371	fr	0	Déjà avec un calcul d'apothicaire on est à 55 milliards, et sans prendre en compte aucune charges.  
textdetox@01907546324b0330d2d8b7669648cc18823323e5/fr/000372	fr	0	Aujourd'hui beaucoup remettent en cause les avantages de cette centralisation de l'économie, justement parce que les disparités d'un pays à l'autre les mettent en concurrences, ils ont donc des intérêts économiques distincts.  
textdetox@01907546324b0330d2d8b7669648cc18823323e5/fr/000373	fr	0	Je voterai mille fois pour elle plutôt qu'une fois pour Trump si je devais en faire le choix.
textdetox@01907546324b0330d2d8b7669648cc18823323e5/fr/000374	fr	0	C'est un idéal vers lequel tendre et on s'en éloigne en divisant la population par genre, couleur de peau etc... et en comptant sans arrêt combien il y a de noirs à la télé, combien il y a de femmes dans tel secteur d'activité, et combien il y a de juifs dans les banques.  Effectivement, ce genre de pratique ne me semble pas être un progrès.   
textdetox@01907546324b0330d2d8b7669648cc18823323e5/fr/000375	fr	0	Oui enfin le problème c'est que c'est pas super applicable partout comme méthode.
textdetox@01907546324b0330d2d8b7669648cc18823323e5/fr/000376	fr	0	personnellement, après avoir acheté tous le premier cycle de Hellboy et du BPRD,  je suis maintenant tout ce petit monde via les, hum, gentilles cascades de l'internet, qui sont souvent super bien empaquetées, étiquetées, organisées et rangées pour une lecture chronologique ou par séries.
textdetox@01907546324b0330d2d8b7669648cc18823323e5/fr/000377	fr	0	Alors je t’invite à aller pointer aux modérateurs les comptes fautifs.
textdetox@01907546324b0330d2d8b7669648cc18823323e5/fr/000378	fr	0	On aura l'air très malin avec nos belles usines et nos beaux produits high tech quand la planète ne pourra plus nous supporter  Quel est le rapport avec la tribune de ces économistes ?
textdetox@01907546324b0330d2d8b7669648cc18823323e5/fr/000379	fr	0	Il est assez ironique qu’un tel projet soit souvent accusé d’être antipluraliste par ses détracteurs, comme si ce n’étaient pas eux qui, en niant la possibilité d’une alternative au néolibéralisme, refusent d’accepter le pluralisme.
textdetox@01907546324b0330d2d8b7669648cc18823323e5/fr/000380	fr	0	Si c'est juste la dalle à changer, ça prend 10-15 mn à tout casser par quelqu'un qui s'y connait
textdetox@01907546324b0330d2d8b7669648cc18823323e5/fr/000381	fr	0	Je vais passer quelques minutes sur ce site pendant ma pause, il y a de quoi se marrer.
textdetox@01907546324b0330d2d8b7669648cc18823323e5/fr/000382	fr	0	"Tu en conclus avant même de sourcer cette histoire que c'est pour protéger des ""puissants""."
textdetox@01907546324b0330d2d8b7669648cc18823323e5/fr/000383	fr	0	Baal  Et en bonus, quand même : le Gojira d'il y a déjà longtemps.
textdetox@01907546324b0330d2d8b7669648cc18823323e5/fr/000384	fr	0	Si cette petite flèche vers le bas à côté de Hamon voulait vraiment dire quelque chose... Hamon à moins de 5%...
textdetox@01907546324b0330d2d8b7669648cc18823323e5/fr/000385	fr	0	C'est lui imposer des contraintes, le responsabiliser dans son action.
textdetox@01907546324b0330d2d8b7669648cc18823323e5/fr/000386	fr	0	L'auteur de l'article au contraire s'intéresse à ce qui se pratique ailleurs (il cite l'Allemagne) et propose des pistes pour améliorer et assainir le système français.
textdetox@01907546324b0330d2d8b7669648cc18823323e5/fr/000387	fr	0	C'est le moment ou l'ordolibéralisme allemand a pris forme, donc il a en parti raison.
textdetox@01907546324b0330d2d8b7669648cc18823323e5/fr/000388	fr	0	Un seul pays au monde avait osé sauter le pas jusqu'alors : l'Uruguay.
textdetox@01907546324b0330d2d8b7669648cc18823323e5/fr/000389	fr	0	"Dans un entretien à La Voix du Nord à paraître mardi, le candidat LR a ainsi estimé que ses ""36 ans au service du pays"" lui donnaient ""plus d'autorité morale"" pour gouverner le pays que les ""trois ans passés à la banque Rothschild"" d'Emmanuel Macron."
textdetox@01907546324b0330d2d8b7669648cc18823323e5/fr/000390	fr	0	Sauf que maintenant c'est trop tard, le territoire est métastasé de partout par ces zones commerciales.
textdetox@01907546324b0330d2d8b7669648cc18823323e5/fr/000391	fr	0	Mais non, il faut que les actionnaires fassent 15% alors il faut prendre l'argent où il en reste : sur les salaires.
textdetox@01907546324b0330d2d8b7669648cc18823323e5/fr/000392	fr	0	Son programme d'ESR c'est un retour en arrière de 20 ans avec une grosse perturbation du système universitaire.
textdetox@01907546324b0330d2d8b7669648cc18823323e5/fr/000393	fr	0	 Macron peut se maintenir mais je pense qu'il pourrait se retirer une fois le candidat PS désigné et surtout si Bayrou décide d'y aller.
textdetox@01907546324b0330d2d8b7669648cc18823323e5/fr/000394	fr	0	Nouvelle Calédonie, il me semble que c'est un territoire français.
textdetox@01907546324b0330d2d8b7669648cc18823323e5/fr/000395	fr	0	**De l'absence d'erreur de mesure**  Après, tu as les soucis évoqués par u/Tintinabulle concernant les mauvaises réponses, qui ne sont plus des biais d'échantillonnage, mais des erreurs de mesure.
textdetox@01907546324b0330d2d8b7669648cc18823323e5/fr/000396	fr	0	Il est très difficile de reconstruire cet équilibre s'il est détruit.
textdetox@01907546324b0330d2d8b7669648cc18823323e5/fr/000397	fr	0	- On aura l'air très malin avec nos belles usines et nos beaux produits high tech quand la planète ne pourra plus nous supporter
textdetox@01907546324b0330d2d8b7669648cc18823323e5/fr/000398	fr	0	"Witchfinder est beaucoup moins ""pulp"" et suit les aventures d'un anglais pendant la période victorienne qui traque les créatures surnaturelles au nom de la Reine et du pays, et qui affronte notamment certains organisations dont on retrouve les descendants dans le BPRD."
textdetox@01907546324b0330d2d8b7669648cc18823323e5/fr/000399	fr	0	Une entreprise qui embauche des gens doit pouvoir les loger dans des bureaux pour travailler, doit avoir des fonctions RH pour gérer les relations humaines, doit leur fournir des ordinateurs, un chef, etc.Ben pour l'état c'est pareil : si tu embauche des infirmières et des profs, ça suffit pas en soi, encore faut-il les hopitaux, le matériel médical, le nombre de chambres d'hopital, assez de collèges/lycées, assez de salles de classes pour mettre tout le monde, assez de proviseurs et secrétaire pour gérer ça.
textdetox@01907546324b0330d2d8b7669648cc18823323e5/fr/000400	fr	0	Plusieurs entreprises basées en France recherchent des business angels US leurs initiateurs passent beaucoup de temps là-bas pour le networking et les levées de fonds.
textdetox@01907546324b0330d2d8b7669648cc18823323e5/fr/000401	fr	0	Et là, le mode de réponse aura des effets différents (web = + de trolls, téléphone = moins honnête, etc.).
textdetox@01907546324b0330d2d8b7669648cc18823323e5/fr/000402	fr	0	Que ceux qui downvotent expliquent au moins quelle partie de la thèse de Stiglitz je n'ai pas compris.
textdetox@01907546324b0330d2d8b7669648cc18823323e5/fr/000403	fr	0	, je suis pas très au fait de ces choses là donc je saurais pas te dire.
textdetox@01907546324b0330d2d8b7669648cc18823323e5/fr/000404	fr	0	En 2012, Sarkozy avait annoncé très tard sa candidature officielle, genre 2 mois avant.
textdetox@01907546324b0330d2d8b7669648cc18823323e5/fr/000405	fr	0	C'est bizarre quoi que l'on cherche on retrouve sa compagnie basée en France dans le 91 à Orsay.   
textdetox@01907546324b0330d2d8b7669648cc18823323e5/fr/000406	fr	0	J'aurais aimé jamais regardé le code source du site si je m'étais pas fais spamé.
textdetox@01907546324b0330d2d8b7669648cc18823323e5/fr/000407	fr	0	Et puis je pense que pas mal de redditeurs français passent la majeure partie de leur temps sur la sphère reddit anglophone, r/france n'est pas le point focal des utilisateurs français.
textdetox@01907546324b0330d2d8b7669648cc18823323e5/fr/000408	fr	0	Il fut un temps oui, mais je touche pas d'aides non plus, donc je peux donner un avis objectif sur la situation : quand bien même quelqu'un trouve un emploi, un autre se retrouvera sans.  
textdetox@01907546324b0330d2d8b7669648cc18823323e5/fr/000409	fr	0	"une amie me dit qu'elle a déjà vu cette image mais avec ""France Insoumise"" marqué dessus."
textdetox@01907546324b0330d2d8b7669648cc18823323e5/fr/000410	fr	0	Et je peux vous garantir que voir s'écharper ceux qui sont censés êtres les experts ne me donne aucune confiance en leur discipline.  
textdetox@01907546324b0330d2d8b7669648cc18823323e5/fr/000411	fr	0	"Les deux accusations se basent sur des photos de profil de pseudo compte ""pro-fi"" ou ""pro-fillon""   Bizarrement il y a un camp qui n'a pas l'air d'y être mêlé qui pourtant est très présent sur twitter et qui est le principal concurrent de macron."
textdetox@01907546324b0330d2d8b7669648cc18823323e5/fr/000412	fr	0	"Web qui répondent n'importe quoi pour finir les sondages au + vite comme le montrait ""Envoyé Spécial"" jeudi dernier ?"
textdetox@01907546324b0330d2d8b7669648cc18823323e5/fr/000413	fr	0	"Il essaie vraiment de jouer la carte ""soulever les foules"" en meeting, mais c'est pas son point fort du coup ça tombe un peu à plat."
textdetox@01907546324b0330d2d8b7669648cc18823323e5/fr/000414	fr	0	"Et tout le monde de dire ""Oh, ils auraient pu se douter que le bébé de trois mois ne va pas commettre un attentat !""."
textdetox@01907546324b0330d2d8b7669648cc18823323e5/fr/000415	fr	0	Je sais que les egg and sausage pies sont assez classiques pour Pâques en Angleterre mais j'ignorais que ça existait aussi en France.
textdetox@01907546324b0330d2d8b7669648cc18823323e5/fr/000416	fr	0	Le résultat là-bas, c’est des discussions politique qui ne sont pas à sens unique comme c'est le cas ici...
textdetox@01907546324b0330d2d8b7669648cc18823323e5/fr/000417	fr	0	Cette analyse du marché comme institution non naturelle suscite désormais un véritable regain d'intérêt dans un monde globalisé où le néolibéralisme est à son tour entré dans une crise dont on attend qu'il en résulte une nouvelle «grande transformation».  
textdetox@01907546324b0330d2d8b7669648cc18823323e5/fr/000418	fr	0	Le socialisme actuel s'inspire de la lutte des classiques, c'est donc la même politique qu'à l'époque de Marx ?
textdetox@01907546324b0330d2d8b7669648cc18823323e5/fr/000419	fr	0	Oui, je pense qu'une variation des intentions de vote a un effet multiplicateur sur les sondages (à cause des médias entre autres).
textdetox@01907546324b0330d2d8b7669648cc18823323e5/fr/000420	fr	0	Mais comme je disais la vignette n'est pas pour réduire les émissions de CO2, elle touche qu'un nombre réduit de voitures (celles circulant en centre ville), mais uniquement pour libérer l'air du smog (particules) dans les centre villes.
textdetox@01907546324b0330d2d8b7669648cc18823323e5/fr/000421	fr	0	La «Grande Transformation», Polanyi le montre, c'est ce qui est arrivé au monde à travers la grande crise économique et politique des années 1930-1945 : la mort du libéralisme économique.
textdetox@01907546324b0330d2d8b7669648cc18823323e5/fr/000422	fr	0	C'est pas parce que les voix des autres candidats ne vont probablement pas majoritairement se reporter sur son adversaire qu'elles vont se reporter sur lui.
textdetox@01907546324b0330d2d8b7669648cc18823323e5/fr/000423	fr	0	, ils expliquent qu'il faut éviter de flood depuis le Discord, alors je m'interroge ... ?
textdetox@01907546324b0330d2d8b7669648cc18823323e5/fr/000424	fr	0	Je me suis demandée si Pulvar aurait eu la même attitude si Montebourg avait été le candidat socialiste.
textdetox@01907546324b0330d2d8b7669648cc18823323e5/fr/000425	fr	0	Comme d'habitude, l'ADEME se montre extrêmement clémente vis-à-vis des énergies renouvelables (PV et éolien).
textdetox@01907546324b0330d2d8b7669648cc18823323e5/fr/000426	fr	0	Avoir des chômeurs qualifiés (outsider) qui mettent une pression sur les travailleurs (insiders) qui ne pourront négocier leur salaire à la hausse et ainsi éviter l'inflation.
textdetox@01907546324b0330d2d8b7669648cc18823323e5/fr/000427	fr	0	Les experts sont eux-mêmes politisés, les théories elles-mêmes sont teintées d'idéologie, de Keynes à Friedman en passant par Hayek.  
textdetox@01907546324b0330d2d8b7669648cc18823323e5/fr/000428	fr	0	J'ai l'impression que c'est le statut le plus avantageux lorsqu'il est bien utilisé.
textdetox@01907546324b0330d2d8b7669648cc18823323e5/fr/000429	fr	0	Je visualise pourtant très bien et j'espère que Baron Noir s'inspirera peut-être de personnages de ce type.
textdetox@01907546324b0330d2d8b7669648cc18823323e5/fr/000430	fr	0	L'acte d'ôter une vie innocente n'est courageux dans aucun milieu.
textdetox@01907546324b0330d2d8b7669648cc18823323e5/fr/000431	fr	0	En tout cas, il y a certainement une bombe sous cette élection.   EDIT:
textdetox@01907546324b0330d2d8b7669648cc18823323e5/fr/000432	fr	0	Or, ni François Hollande ni Nicolas Sarkozy n’ont reçu cette onction.
textdetox@01907546324b0330d2d8b7669648cc18823323e5/fr/000433	fr	0	Je te conseille le débat Piketty-Généreux si tu veux plus de détail.
textdetox@01907546324b0330d2d8b7669648cc18823323e5/fr/000434	fr	0	Je sais beaucoup de choses mais certaines ne peuvent pas être dites, hélas, sinon on sait que ça vient de lui.
textdetox@01907546324b0330d2d8b7669648cc18823323e5/fr/000435	fr	0	Non Trump a été élu grâce aux radicaux de sanders qui n'ont pas été voter Hilary   Heureusement qu'il y a deux tours ici.
textdetox@01907546324b0330d2d8b7669648cc18823323e5/fr/000436	fr	0	C'est déjà le cas en finance de marché, j'ai vu des quants pondre un programme d'algo pour du fixed income et deux jours plus tard trois desk fixed income se sont fait virer...  Les métiers les moins à risque sont celles qui demandent de la créativité et ceux qui ont besoin d'une analyse plus qualitative que quantitative.
textdetox@01907546324b0330d2d8b7669648cc18823323e5/fr/000437	fr	0	Iam c'est vraiment mon groupe de rap favori, et il y a beaucoup d'univers et d'époques différents.
textdetox@01907546324b0330d2d8b7669648cc18823323e5/fr/000438	fr	0	J'ai vérifié que personne ne l'avait dit dans ce thread avant juste pour être sûr.   
textdetox@01907546324b0330d2d8b7669648cc18823323e5/fr/000439	fr	0	Là comme ça on dirait plutôt une campagne de prévention contre la coke au verre pilé...
textdetox@01907546324b0330d2d8b7669648cc18823323e5/fr/000440	fr	0	Il va un peu loin je trouve, mais je suis d'accord qu'il y a un problème sur entrepreneuriat en France.
textdetox@01907546324b0330d2d8b7669648cc18823323e5/fr/000441	fr	0	Montre surtout que les intentions vont à ceux qui sont vraiment crédibles pour une investiture, Mélenchon, Fillion et Marine.
textdetox@01907546324b0330d2d8b7669648cc18823323e5/fr/000442	fr	0	Clairement, je serais jamais aller dans une prépas parisienne perso.
textdetox@01907546324b0330d2d8b7669648cc18823323e5/fr/000443	fr	0	c'est remettre en service les dizaines de centrales qui arrivent au bout de leur vie.
textdetox@01907546324b0330d2d8b7669648cc18823323e5/fr/000444	fr	0	En vrai, ça ressemble à quoi son programme, dans les grandes lignes ?
textdetox@01907546324b0330d2d8b7669648cc18823323e5/fr/000445	fr	0	En plus il est grand, son physique est d'autant plus impressionnant pour son âge.
textdetox@01907546324b0330d2d8b7669648cc18823323e5/fr/000446	fr	0	Moi je me demande si Mélenchon va changer les choses, et dans quel sens.
textdetox@01907546324b0330d2d8b7669648cc18823323e5/fr/000447	fr	0	Oui mais justement il existe un quart d'élèves qui savent ce qu'ils veulent faire.
textdetox@01907546324b0330d2d8b7669648cc18823323e5/fr/000448	fr	0	Mais il triche puisque :  * comme je le disais, les fameux 41 milliards ne sont effectifs qu'à partir de...2017 !  
textdetox@01907546324b0330d2d8b7669648cc18823323e5/fr/000449	fr	0	Si la décision permet de mettre fin à un problème, alors cette dernière est légitimée à posteriori.  
textdetox@01907546324b0330d2d8b7669648cc18823323e5/fr/000450	fr	0	Commence par l'action légale et ensuite au tajine à renversement.
textdetox@01907546324b0330d2d8b7669648cc18823323e5/fr/000451	fr	0	Peut-être parce que c'est celui qui est le plus honnête et qui déclare le plus?   
textdetox@01907546324b0330d2d8b7669648cc18823323e5/fr/000452	fr	0	Seulement j'ai des énormes trous dans mon cv et aucune qualification professionnelle la bataille s'annonce surement compliquée.
textdetox@01907546324b0330d2d8b7669648cc18823323e5/fr/000453	fr	0	Si ca vous plait, j'essayerai de refaire quelque chose sur la grande époque du rap français à l'occasion (avec encore plus de Iam, évidemment).
textdetox@01907546324b0330d2d8b7669648cc18823323e5/fr/000454	fr	0	Peut-être que cela a changé dans son dernier bouquin, j'ai suivi son travail mais pas son dernier ouvrage (j'ai encore un bouquin sur l'économie de l'innovation pas encore entamé...).   
textdetox@01907546324b0330d2d8b7669648cc18823323e5/fr/000455	fr	0	À moins qu'il y ait eu un mouvement des plaques tectoniques et que la Silicon Valley se soit déplacée dans le 91, je ne vois pas comment il peut se prétendre entrepreneur de la SV.
textdetox@01907546324b0330d2d8b7669648cc18823323e5/fr/000456	fr	0	Ca peut prendre plein de formes, de tres sociale, a tres deregulee.
textdetox@01907546324b0330d2d8b7669648cc18823323e5/fr/000457	fr	0	La tendance pour cet institut est la même qu'ailleurs par contre, croissante pour Mélenchon et Fillon, décroissante pour Macron et Le Pen.
textdetox@01907546324b0330d2d8b7669648cc18823323e5/fr/000458	fr	0	j'aurais préferé qu'elle arrivent deux minutes plus tôt avant que je finisse dans le buisson).
textdetox@01907546324b0330d2d8b7669648cc18823323e5/fr/000459	fr	0	, faut pas déconner non plus, surtout vu la proximité des autres premiers candidats.
textdetox@01907546324b0330d2d8b7669648cc18823323e5/fr/000460	fr	0	Donc on ne cotiser plus par le travail, on paye par l'impôt, ça à pour intérêt d'augmenter le salaire des actifs et faire partager le coût de la protection sociale au retraité.
textdetox@01907546324b0330d2d8b7669648cc18823323e5/fr/000461	fr	0	Toute maxime n'a pas valeur d'argument, on ne le répètera jamais assez.
textdetox@01907546324b0330d2d8b7669648cc18823323e5/fr/000462	fr	0	Pourtant, lorsque tu vas sur la page de présentation du site, BHL est nommé en tant que directeur.
textdetox@01907546324b0330d2d8b7669648cc18823323e5/fr/000463	fr	0	Euh je dis pas que c'est moche mais... c'est pas non plus particulièrement beau.
textdetox@01907546324b0330d2d8b7669648cc18823323e5/fr/000464	fr	0	"C'est le côté carré de ""on la change ou on la quitte"" qui te fait réagir ?"
textdetox@01907546324b0330d2d8b7669648cc18823323e5/fr/000465	fr	0	Mais bon, je pense pas que ce genre de trucs très controversés soient le genre de trucs qu'il faudrait mettre dans une constitution qui devra être approuvée par réferendum de toute façon.
textdetox@01907546324b0330d2d8b7669648cc18823323e5/fr/000466	fr	0	Ce n'est pas parce que les sciences humaines et sociales ne sont pas exactes, qu'elles ne sont pas des sciences.  
textdetox@01907546324b0330d2d8b7669648cc18823323e5/fr/000467	fr	0	Les gentils policier vont nouer des liens avec les habitants.    
textdetox@01907546324b0330d2d8b7669648cc18823323e5/fr/000468	fr	0	Alors ok, elle l'a empêchée d'être à nouveau candidat, mais elle lui a aussi permis de l'être en 2012.
textdetox@01907546324b0330d2d8b7669648cc18823323e5/fr/000469	fr	0	Je rentre mon CA dans une case et ils me prélèvent autour de 25%.Peut-etre que le CFE est compris ?
textdetox@01907546324b0330d2d8b7669648cc18823323e5/fr/000470	fr	0	25% en janvier, chute jusqu'à 18% puis remontée autour de 19%/20%.   
textdetox@01907546324b0330d2d8b7669648cc18823323e5/fr/000471	fr	0	Mais avec ou sans hâte, les renouvelables en question présentent des désavantages intrinsèques, qui font qu'on les paiera plus cher.
textdetox@01907546324b0330d2d8b7669648cc18823323e5/fr/000472	fr	0	Cela dit, les emballages cartons / verres ont une empreinte écologique pas négligeable non plus due à leur poids ( et un cout netttement supérieur pour CocaCola)
textdetox@01907546324b0330d2d8b7669648cc18823323e5/fr/000473	fr	0	Cette absence d’effet est conforme à ce que laissaient attendre les délais d’action usuels des mesures d’offre.
textdetox@01907546324b0330d2d8b7669648cc18823323e5/fr/000474	fr	0	Maintenant, j'aime pas manipuler ces accusations, mais ca ressemble fortement à de la haute trahison.
textdetox@01907546324b0330d2d8b7669648cc18823323e5/fr/000475	fr	0	Et puis selon la localisation le bien ne vaut rien parce que c'est un trou perdu.
textdetox@01907546324b0330d2d8b7669648cc18823323e5/fr/000476	fr	0	"Dans ""esprit public"" sur France Culture dimanche,  l'un des invités affirmait que les instituts français étaient meilleurs que leurs homologues étrangers."
textdetox@01907546324b0330d2d8b7669648cc18823323e5/fr/000477	fr	0	Le code du travail ça tombe dans la protection sociale ou économique ?
textdetox@01907546324b0330d2d8b7669648cc18823323e5/fr/000478	fr	0	Ca restera plus cher que des fils mais ça devrait être jouable si c'est une priorité pour toi.
textdetox@01907546324b0330d2d8b7669648cc18823323e5/fr/000479	fr	0	"Et à chaque campagne il y a un défilé ""d'économistes"" pour/contre tel ou tel programme"
textdetox@01907546324b0330d2d8b7669648cc18823323e5/fr/000480	fr	0	Je suis le seul qui l'aime bien et qui voterai pour lui sans troller ?
textdetox@01907546324b0330d2d8b7669648cc18823323e5/fr/000481	fr	0	Mais j'aurais été là, j'aurai viré ton message ainsi que sa réponse en demandant à tout le monde de se calmer.   
textdetox@01907546324b0330d2d8b7669648cc18823323e5/fr/000482	fr	0	De quel droit l'Union Européenne se permet-elle de réclamer une enquête?  
textdetox@01907546324b0330d2d8b7669648cc18823323e5/fr/000483	fr	0	c'est qu'ils ont qu'une seule et unique revendication, le départ de la présidente.
textdetox@01907546324b0330d2d8b7669648cc18823323e5/fr/000484	fr	0	Et lui même refait des apparitions dans les différents cycle Hellboy.  
textdetox@01907546324b0330d2d8b7669648cc18823323e5/fr/000485	fr	0	Pour avoir été animateur en colonie de vacances la différence entre un enfant bien élevé et un autre mal élevé est tout à fait visible.
textdetox@01907546324b0330d2d8b7669648cc18823323e5/fr/000486	fr	0	Les preuves ont été selon ses dires remises aux enquêteurs on verra bien si c'est suffisant.
textdetox@01907546324b0330d2d8b7669648cc18823323e5/fr/000487	fr	0	"""Tu parles... "" Ne me fait pas dire ce que je n'ai pas dit stp..."
textdetox@01907546324b0330d2d8b7669648cc18823323e5/fr/000488	fr	0	GM, avec l'URSS à nos portes contre laquelle il fallait rester unis, au moins jusqu'au début des années 90;
textdetox@01907546324b0330d2d8b7669648cc18823323e5/fr/000489	fr	0	Je trouve assez crédible que de nombreux électeurs de droite préfèrent voter pour lui quand même, bien tranquilles dans leur isoloir.
textdetox@01907546324b0330d2d8b7669648cc18823323e5/fr/000490	fr	0	Aucun des thèmes de l'electorat populaire n'a été abordé, donc ils sont allé voté Trump, qui au moins parlait de réindustrialisation.
textdetox@01907546324b0330d2d8b7669648cc18823323e5/fr/000491	fr	0	C'était pas la peine de se fatiguer pour élaborer un programme franchement, il y avait juste à dire ça.
textdetox@01907546324b0330d2d8b7669648cc18823323e5/fr/000492	fr	0	Le 'renouveau' de Macron est aussi crédible que 'le changement c'est maintenant' de François Hollande.
textdetox@01907546324b0330d2d8b7669648cc18823323e5/fr/000493	fr	0	Mais parce que tu as pas l'air de comprendre : ma position, c'est justement qu'on peut être philosémite ou juif et opposé à la politique d'Israël.
textdetox@01907546324b0330d2d8b7669648cc18823323e5/fr/000494	fr	0	"""Je vous explique, tout devient clair""  **Carlos Branlos** *prix nobel d'ékonaumi sur youtube*"
textdetox@01907546324b0330d2d8b7669648cc18823323e5/fr/000495	fr	0	puisqu'ils veulent abroger le conseil constitutionnel et qu'ils considèrent la liberté d'entreprise comme le mal absolu.
textdetox@01907546324b0330d2d8b7669648cc18823323e5/fr/000496	fr	0	Je m’arrêterai à la première affirmation douteuse que je ne pourrai pas vérifier.
textdetox@01907546324b0330d2d8b7669648cc18823323e5/fr/000497	fr	0	Des voitures plutôt propres seront bannis alors que des récentes bien plus polluantes pourront circuler.
textdetox@01907546324b0330d2d8b7669648cc18823323e5/fr/000498	fr	0	Je comprends mieux pourquoi je ne trouve pas de candidat, personne pour incarner une époque de Jojo Bizarre Adventure !
textdetox@01907546324b0330d2d8b7669648cc18823323e5/fr/000499	fr	0	(le chinois par exemple, qui n'est pas très diffus dans le monde... et pourtant c'est une langue plus utilisée depuis 2010 en publications scientifiques que le français)
textdetox@01907546324b0330d2d8b7669648cc18823323e5/fr/000500	fr	0	Se vautrer sur la dernière ligne droite c'est vraiment pas un bon plan Emmanuel.
textdetox@01907546324b0330d2d8b7669648cc18823323e5/fr/000501	fr	0	différence entre un enfant bien élevé et un autre mal élevé est tout à fait visible.
textdetox@01907546324b0330d2d8b7669648cc18823323e5/fr/000502	fr	0	Je n'ai pas lu l'article, j'ai juste cliqué parce que la photo n'est selon moi pas raccord avec le titre.
textdetox@01907546324b0330d2d8b7669648cc18823323e5/fr/000503	fr	0	C'est quand même sympa quand on explore une nouvelle ville en essayant de mémoriser les noms des rues, en identifiant les endroits où on aura envie de revenir, en regardant les affiches de tous ces événements culturels où on pourra aller (ou pas)...
textdetox@01907546324b0330d2d8b7669648cc18823323e5/fr/000504	fr	0	vue la compétition entre instituts de sondages, si l'un d'entre eux sortait une estimation très différente des résultats des autres, il aurait intérêt à être sûr de son estimation.
textdetox@01907546324b0330d2d8b7669648cc18823323e5/fr/000505	fr	0	Il est bien possible qu'en France on puisse baisser les deux, mais c'est pas sur.  
textdetox@01907546324b0330d2d8b7669648cc18823323e5/fr/000506	fr	0	Est ce que quelqu'un  peut m'éclairer  sur l'utilité  d'une classe   prépa  pour un étudiant possédant un IB,  bac international  ?     
textdetox@01907546324b0330d2d8b7669648cc18823323e5/fr/000507	fr	0	un évènement ponctuel de l'économie, comme une crise) alors que ça ne marchera pas sur un problème structurel.
textdetox@01907546324b0330d2d8b7669648cc18823323e5/fr/000508	fr	0	Ca parait être une évolution logique d'étendre la valeur légale du SMS vu que le numéro de téléphone permet d'identifier un émetteur unique.
textdetox@01907546324b0330d2d8b7669648cc18823323e5/fr/000509	fr	0	Des gens venant de pays à tendance autoritaire et anti-democratique sont souvent egalement à tendance autoritaire et anti-democratique.
textdetox@01907546324b0330d2d8b7669648cc18823323e5/fr/000510	fr	0	C'est pas pour leur faire de la pub, mais quand on habite à l'autre bout de la France  (ou du monde) ça me paraît une bonne idée d'envoyer  le facteur boire une tasse de thé avec mémé une fois par semaine...   EDIT : j'imagine que la tournée du facteur serai du coup aménagée pour incorporer le temps passé chez mamie.
textdetox@01907546324b0330d2d8b7669648cc18823323e5/fr/000511	fr	0	Tu as pas besoin de beaucoup de gens pour brigader sur un sub aussi petit.
textdetox@01907546324b0330d2d8b7669648cc18823323e5/fr/000512	fr	0	"D'ailleurs Krugman a écrit un article dans le NYT la semaine derniere pour rappeller qu'il est une critique de l'euro, mais qu'il considere que le quitter serait une grave erreur (  et cette tribune d'economistes confirme le ""on est critique, mais ca pas dire qu'il faut se barrer""."
textdetox@01907546324b0330d2d8b7669648cc18823323e5/fr/000513	fr	0	D'autant que les interviewés mettent l'emphase sur un côté pratique plus que sur un aspect théorique de la vérité, et que s'ils sont scientistes, ça transparait quand même assez peu.
textdetox@01907546324b0330d2d8b7669648cc18823323e5/fr/000514	fr	0	Je double-confirme la nette infériorité du P10, le truc c'est que le 950 était excellent mais personne ne benchmarke les Windows phones...
textdetox@01907546324b0330d2d8b7669648cc18823323e5/fr/000515	fr	0	Je ne suis pas totalement nouveau mais jusqu'à présent je me contentais d'ourdir dans les officines de l'ombre.
textdetox@01907546324b0330d2d8b7669648cc18823323e5/fr/000516	fr	0	12% de ceux qui auront voté Mélenchon, voteraient Le Pen en cas de second tour Macron/Le Pen.  
textdetox@01907546324b0330d2d8b7669648cc18823323e5/fr/000517	fr	0	Et toute personne qui a voyagé un peu hors d'Europe s'est rendue compte que ce continent a maintenant une identité nette et assez homogène, même avec un dégradé de couleurs.   
textdetox@01907546324b0330d2d8b7669648cc18823323e5/fr/000518	fr	0	Alors oui, les élèves ont le choix mais c'est difficile de faire un choix éclairé et le résultat est ce qu'il est aujourd'hui.
textdetox@01907546324b0330d2d8b7669648cc18823323e5/fr/000519	fr	0	Vote manipulation is against the Reddit rules, whether it is manual, programmatic, or otherwise.
textdetox@01907546324b0330d2d8b7669648cc18823323e5/fr/000520	fr	0	"En même temps quand je regarde les échantillons dans les sondages, je suis pas un expert mais 2000/3000 personnes c'est peu pour représenter l'ensemble aussi.  Après un autre truc qui me chiffonne c'est comment chaque classe est représentée mais aussi le manque d'information sur celles ci, par exemple quand on prend la catégorie ""étudiant"" on sait rien de plus, ça pourrait être que des étudiants à science po par exemple ou que des étudiants du Mirail à Toulouse, dans les deux cas on aurait que des étudiants et pourtant des résultats complètement différents.  Après je peux complètement me tromper je suis pas un pro de la statistique non plus"
textdetox@01907546324b0330d2d8b7669648cc18823323e5/fr/000521	fr	0	Ça fait depuis ce moment la qu'elle me dit que non tout va bien et qu'elle fera gaffes aux points que je nomme mais j'ai jamais vu d'amélioration donc j'ai dis qu'une pause s'impose dimanche ...
textdetox@01907546324b0330d2d8b7669648cc18823323e5/fr/000522	fr	0	a 18 ans, une année dans un pays qui n'est pas un voisin direct ni un pays trop loin.
textdetox@01907546324b0330d2d8b7669648cc18823323e5/fr/000523	fr	0	La tradition gaulliste, celle de « la rencontre d’un homme avec un peuple », qui suppose de s’émanciper des partis, ne pouvait qu’être mise à mal par une telle présélection.
textdetox@01907546324b0330d2d8b7669648cc18823323e5/fr/000524	fr	0	mon français est mauvais. (mais mon commentaire traduit avec google, français à anglais, bien.
textdetox@01907546324b0330d2d8b7669648cc18823323e5/fr/000525	fr	0	C'était assez relax comme ambiance, et les gens étaient sympas (dans les 3 prépas), on bossait ensemble quand il y a des choses qu'on ne comprenait pas...  2) Mouais...
textdetox@01907546324b0330d2d8b7669648cc18823323e5/fr/000526	fr	0	J'ai pas scruté dans le détail mais pour s'inscrire il faut un scan de la CI et une photo au moins.
textdetox@01907546324b0330d2d8b7669648cc18823323e5/fr/000527	fr	0	"Reddit, où un commentaire qui attaque 25 scientifiques experts dans leur domaine sur un point de détail technique insignifiant sur la manière dont la nouvelle est rapportée est upvoté...  Pour info, le ""prix Nobel d'économie"", plus précisément le ""prix de la Banque de Suède en sciences économiques en mémoire d'Alfred Nobel"", a été créé en accord avec la fondation Nobel."
textdetox@01907546324b0330d2d8b7669648cc18823323e5/fr/000528	fr	0	Il ne faisait pas de l'information non plus, mais au moins, il avait toujours des angles malins et originaux.
textdetox@01907546324b0330d2d8b7669648cc18823323e5/fr/000529	fr	0	Un de mes meilleurs amis était dans le stage de Mélenchon en 2012, très très proche...
textdetox@01907546324b0330d2d8b7669648cc18823323e5/fr/000530	fr	0	Des chercheurs de l’université d’Oxford (Royaume-Uni) prônent dans un article la mise en place d’une autorité chargée d’auditer ces algorithmes, et d’enquêter quand un citoyen s’estime victime de discrimination de la part de l’algorithme.
textdetox@01907546324b0330d2d8b7669648cc18823323e5/fr/000531	fr	0	Après ça bouge surement, mais niveau transparence et diffusion de l'information à ce sujet on est pas très bon   
textdetox@01907546324b0330d2d8b7669648cc18823323e5/fr/000532	fr	0	Maintenant il faut que je change le phare, le vent froid gèle la batterie de mon phare actuel ce qui lui fait une super mauvaise autonomie.
textdetox@01907546324b0330d2d8b7669648cc18823323e5/fr/000533	fr	0	On peut continuer comme ca... Impossible de savoir quoi que ce soit.
textdetox@01907546324b0330d2d8b7669648cc18823323e5/fr/000534	fr	0	C’est cette nouvelle forme de polarisation qui explique le succès en Europe de mouvements qui construisent la frontière politique nous/eux à la manière populiste : ceux d’en bas contre ceux d’en haut, le « peuple » contre les « élites ».  
textdetox@01907546324b0330d2d8b7669648cc18823323e5/fr/000535	fr	0	Si les deux suites convergent à la même vitesse, le résultat peut être n'importe quel nombre, selon les suites choisies.
textdetox@01907546324b0330d2d8b7669648cc18823323e5/fr/000536	fr	0	Et comparativement, le chiffre me paraît bas pour Mélenchon (67), alors que j'avais l'impression qu'il avait consolidé sa position de gros candidat de la gauche.
textdetox@01907546324b0330d2d8b7669648cc18823323e5/fr/000537	fr	0	C'est une dévaluation sociale, tu sacrifies ta population pour t'aligner ou proposer mieux que la concurrence.
textdetox@01907546324b0330d2d8b7669648cc18823323e5/fr/000538	fr	0	Je ne sais pas bien pourquoi tu te fais bas-voter juste au-dessus.
textdetox@01907546324b0330d2d8b7669648cc18823323e5/fr/000539	fr	0	Rien qu'aujourd'hui on a les USA qui s'inquiètent, les prix Nobel, les économistes, les ONG...
textdetox@01907546324b0330d2d8b7669648cc18823323e5/fr/000540	fr	0	J'étais en train de me dire que je faisais des références de vieux que personne ne comprenait :o  Je me sentais tout seul, tout seul ,tout seul...
textdetox@01907546324b0330d2d8b7669648cc18823323e5/fr/000541	fr	0	je comprend les gens qui votent Macron parce qu'ils ont la même idéologie politique, mais parce qu'il est jeune et n'a pas fait toute sa vie en politique c'est juste du marketing c'est complètement voulu qu'il ait cette image qui plait aux gens qui n'approfondissent pas le sujet.
textdetox@01907546324b0330d2d8b7669648cc18823323e5/fr/000542	fr	0	À la fin de la lecture de ton post, j'ai posé mon téléphone portable et j'ai applaudi pendant une minute complète.
textdetox@01907546324b0330d2d8b7669648cc18823323e5/fr/000543	fr	0	Il faut aussi augmenter le nombre d'étudiants dans ces filières, ce qui coûte de l'argent...
textdetox@01907546324b0330d2d8b7669648cc18823323e5/fr/000544	fr	0	Chirac était encore président quand je l'ai vue pour la première fois.
textdetox@01907546324b0330d2d8b7669648cc18823323e5/fr/000545	fr	0	Le meetup de Bordeaux s'est très bien passé, malgré les personnes attendues si ne sont pas venues.
textdetox@01907546324b0330d2d8b7669648cc18823323e5/fr/000546	fr	0	j'avais le Microsoft Lumia 950, je suis passé au Huawei P10 parce que j'en avais marre des trucs qui marchent pas... sur ce point, c'est bien, c'est gagné, tout marche.  
textdetox@01907546324b0330d2d8b7669648cc18823323e5/fr/000547	fr	0	Héhé, bon je l'ai crû sur parole mais c'est vrai qu'il est au-delà de 30M réels, ce n'est peut-être pas toujours le cas (?), à voir donc.
textdetox@01907546324b0330d2d8b7669648cc18823323e5/fr/000548	fr	0	"Ces estimations se basent sur des bureaux de vote ""typiques"" dont la somme (pas les parties) est représentative du résultat réel.  "
textdetox@01907546324b0330d2d8b7669648cc18823323e5/fr/000549	fr	0	Ensuite un programme d'allégement de charges sociales touche tous les acteurs économiques, on ne peut pas discriminer les entreprises qui font du profit ou les obliger à créer des emplois.
textdetox@01907546324b0330d2d8b7669648cc18823323e5/fr/000550	fr	0	Je trouve que les gens qui critiquent les prépa oublient souvent un truc c'est que les bons élèves de province n'ont souvent pas accès aux bonnes facs qui sont à Paris et sont très demandées et du fait de la préférence géographique il relève du hasard d'y accéder.
textdetox@01907546324b0330d2d8b7669648cc18823323e5/fr/000551	fr	0	C'est un autre mythe, d'ailleurs que la dette c'est mal, et un quatrieme que ce serait une bonne idee de la rembourser, la dette.
textdetox@01907546324b0330d2d8b7669648cc18823323e5/fr/000552	fr	0	"Non, 41 milliards de baisse de coût du travail n'est pas égal à 41 milliards donnés au patronat.  ""On va vous montrer ce qu'on pourrait faire avec 41 milliards d'euros""  La on touche le fond."
textdetox@01907546324b0330d2d8b7669648cc18823323e5/fr/000553	fr	0	Je fais mon CV en mode candidature spontanée pour un stage chez Ubisoft, vous savez si c'est Utile se stipuler le Cyclisme dans les centres d’intérêt ?
textdetox@01907546324b0330d2d8b7669648cc18823323e5/fr/000554	fr	0	L'économie n'est pas une science, mais la science tente de la comprendre.  
textdetox@01907546324b0330d2d8b7669648cc18823323e5/fr/000555	fr	0	Pour beaucoup, c'est du souverainisme qui les anime, mais ça peut aussi être des idéaux anarchistes, communistes, ou un désir d'autoritarisme.  
textdetox@01907546324b0330d2d8b7669648cc18823323e5/fr/000556	fr	0	, je ne parlais pas de la photo elle-même (à part que la lumière est très plate et que la photo est un poil sous-exposée) mais plutôt du lieu.
textdetox@01907546324b0330d2d8b7669648cc18823323e5/fr/000557	fr	0	D'ailleurs ça va peut-être t'étonner mais je suis convaincu que le libéralisme, ça marche, et qu'on peut même l'améliorer pour minimiser les crises économiques successives.
textdetox@01907546324b0330d2d8b7669648cc18823323e5/fr/000558	fr	0	* Game Next Door (Jeux vidéo) * Heu?reka (Economie) * StupidEconomics (Economie)
textdetox@01907546324b0330d2d8b7669648cc18823323e5/fr/000559	fr	0	J'hésite à filtrer la politique jusqu'à la fin du premier tour...
textdetox@01907546324b0330d2d8b7669648cc18823323e5/fr/000560	fr	0	Et c'était excellent d'être enfin juste tous les deux, en pleine nature, juste le bruit des cascades et... euh... voilà, j'ai fini l'histoire, c'est bon.     
textdetox@01907546324b0330d2d8b7669648cc18823323e5/fr/000561	fr	0	"Ils ont des solutions à nous proposer ces génies au lieu de juste nous dire ""on peut et l'on doit"" ?"
textdetox@01907546324b0330d2d8b7669648cc18823323e5/fr/000562	fr	0	Comment tu sais qu'il y a un rapport avec une condamnation d'un mec random d'hollywood il y a 6 ans ?
textdetox@01907546324b0330d2d8b7669648cc18823323e5/fr/000563	fr	0	Ils iraient ramper devant JLM car il serait impensable pour eux d'appeler à voter MLP.
textdetox@01907546324b0330d2d8b7669648cc18823323e5/fr/000564	fr	0	", ""l'économie n'est pas une science"" ça me rappelle beaucoup des gens qui dénigrent la psychologie ou la sociologie parce qu'ils ne sont idéologiquement pas d'accord avec certaines conclusion que l'ont peut en tirer."
textdetox@01907546324b0330d2d8b7669648cc18823323e5/fr/000565	fr	0	Honnêtement on peut rien sans que les mods mettent les pieds dans le plat et balancent des bans.
textdetox@01907546324b0330d2d8b7669648cc18823323e5/fr/000566	fr	0	A part zelda et des mini-jeux casuals?  J'hésite presque à revendre ma vita pour prendre une switch, mais un je-ne-sais-quoi me retient...
textdetox@01907546324b0330d2d8b7669648cc18823323e5/fr/000567	fr	0	ça veut dire pouvoir au peuple, pas pouvoir aux experts, c'est un peu technocrate ce que tu dis.  
textdetox@01907546324b0330d2d8b7669648cc18823323e5/fr/000568	fr	0	C'est le peuple comme arbitre des décisions et sélecteur de ses représentants.  
textdetox@01907546324b0330d2d8b7669648cc18823323e5/fr/000569	fr	0	Courageusement  C'est de la lâcheté de le faire dans le confort d'un studio de télévision
textdetox@01907546324b0330d2d8b7669648cc18823323e5/fr/000570	fr	0	642 c'est pas assez, et 68% des gens sont sûrs d'aller voter, 14% quasi sûr mais eux ne sont pas inclus dans le sondage.
textdetox@01907546324b0330d2d8b7669648cc18823323e5/fr/000571	fr	0	J'imagine que la prochaine publicité de Lafarge [contiendra cette musique](
textdetox@01907546324b0330d2d8b7669648cc18823323e5/fr/000572	fr	0	Si je veux donner pour les bonnes oeuvres, je le fais moi-même et à ma convenance.
textdetox@01907546324b0330d2d8b7669648cc18823323e5/fr/000573	fr	0	On avait fait plein d'exos sur des substitutions, éliminations, etc... avec comme exemple, c'était toujours LDA avec des bromes.   
textdetox@01907546324b0330d2d8b7669648cc18823323e5/fr/000574	fr	0	L'arrivée d'un radar routier (connecté) à indirectement permis à son hameau d'avoir un très bon niveau de connexion !
textdetox@01907546324b0330d2d8b7669648cc18823323e5/fr/000575	fr	0	"et ça s'appellerait ""écriture créative"" ou bien ils préfèrent continuer à angliciser un peu plus nos universités ?"
textdetox@01907546324b0330d2d8b7669648cc18823323e5/fr/000576	fr	0	Le gros point noir du programme de Macron pour les chômeurs, c'est de partir du principe que Pôle Emploi sont compétents…
textdetox@01907546324b0330d2d8b7669648cc18823323e5/fr/000577	fr	0	Certains corrigent clairement en pariant sur une réserve cachée de Fillon, d'autres sur un multiplicateur de la montée de JLM.  
textdetox@01907546324b0330d2d8b7669648cc18823323e5/fr/000578	fr	0	Pastis / fromage de chèvre à la place de Lagavulin / côte de boeuf
textdetox@01907546324b0330d2d8b7669648cc18823323e5/fr/000579	fr	0	Les histoires de groupes d'influence qui orienteraient les résultats ou les paroles d'experts c'est pas vraiment une critique de la science en elle-même mais plus du contexte autour.   
textdetox@01907546324b0330d2d8b7669648cc18823323e5/fr/000580	fr	0	Tout ça pour tenter de justifier  vaille que vaille que le libéralisme est des années 20 :D  edit: oops mauvaise manip en supprimant mon message précédent
textdetox@01907546324b0330d2d8b7669648cc18823323e5/fr/000581	fr	0	Je vous invite à regarder le Capital qui est passé en mars dernier sur M6  
textdetox@01907546324b0330d2d8b7669648cc18823323e5/fr/000582	fr	0	Ça ne dérange pas les modérateurs qu’on poste son propre contenu ;
textdetox@01907546324b0330d2d8b7669648cc18823323e5/fr/000583	fr	0	C'est sûr, je disais qu'il n'a pas beaucoup de chances d'arriver à 25% le premier tour.
textdetox@01907546324b0330d2d8b7669648cc18823323e5/fr/000584	fr	0	Mais son expertise en matière de sondage politique est reconnue par tous.
textdetox@01907546324b0330d2d8b7669648cc18823323e5/fr/000585	fr	0	La physique n'est pas teintée de positions idéologiques, contrairement à l'économie.
textdetox@01907546324b0330d2d8b7669648cc18823323e5/fr/000586	fr	0	) il y aura 2 conséquences :  * les estimations fiables données par #radioLondres sur twitter (souvent des fuites dans les QG de campagne ou des estimations faites par des médias suisses ou belges) seront plus tardives que les scrutins précédents (~19h45 au lieu de ~18h45 chez Kantar TNS Sofres).
textdetox@01907546324b0330d2d8b7669648cc18823323e5/fr/000587	fr	0	Le but principal à l'origine de l'UE était de mettre fin aux guerres sur le continent, je vois pas sous quel point ça a pas marché.   Avec la Russie à la limite, mais ils ne font pas franchement partie de l'UE ...
textdetox@01907546324b0330d2d8b7669648cc18823323e5/fr/000588	fr	0	Si il y a un conflit le jour du vote, cela passe un juge qui contacte l'INSEE pour vérifier sur la liste nationale.
textdetox@01907546324b0330d2d8b7669648cc18823323e5/fr/000589	fr	0	Pour l'instant, j'ai taggué DEUX gars qui macronistes, même si je sais qu'ils sont plus nombreux.
textdetox@01907546324b0330d2d8b7669648cc18823323e5/fr/000590	fr	0	Il constate effectivement que sans union politique l'union monétaire n'est pas faisable, mais il constate aussi plus loin que l'union politique est *impossible* à mettre en place à l'heure actuelle, donc il considère que ça ne sert à rien de continuer de forcer.
textdetox@01907546324b0330d2d8b7669648cc18823323e5/fr/000591	fr	0	Notamment si l'on s'intéresse aux sources de ce différentiel (je n'ai pas encore trop creusé la question, mais l'asymétrie de l'évolution de la productivité entre les travailleurs à haut revenus, ceux à bas revenus, et celle du capital semble être un bon candidat).
textdetox@01907546324b0330d2d8b7669648cc18823323e5/fr/000592	fr	0	70 c'est un peu petit pour le crime contre l'humanité, mais c'est clairement un crime de guerre au moins.
textdetox@01907546324b0330d2d8b7669648cc18823323e5/fr/000593	fr	0	Tu veux que je te dirige une 4e fois vers l'explication des notions d'extrême gauche/droite ?
textdetox@01907546324b0330d2d8b7669648cc18823323e5/fr/000594	fr	0	J'ai reconnue que si si je me faisais ban de /r/France c'était comprehensible.
textdetox@01907546324b0330d2d8b7669648cc18823323e5/fr/000595	fr	0	Je voulais faire un gâteau macaron mais j'ai pas eu le temps et j'ai de al crème et des framboises à utiliser !
textdetox@01907546324b0330d2d8b7669648cc18823323e5/fr/000596	fr	0	Parce qu'il n'y a pas d'autre candidat à droite et que celle ci n'a pas disparue et reste un courant politique et de pensée très fort en France.
textdetox@01907546324b0330d2d8b7669648cc18823323e5/fr/000597	fr	0	C'est étonnant que la certitude de vote pour Hamon soit encore si (relativement) haute, à 63%.
textdetox@01907546324b0330d2d8b7669648cc18823323e5/fr/000598	fr	0	Grosso modo, les communes riches contribuent et les plus pauvres reçoivent (c'est très schématique).
textdetox@01907546324b0330d2d8b7669648cc18823323e5/fr/000599	fr	0	- quand il manœuvrait pour essayer d'obtenir ce qu'il voulait auprès d'Hollande et Ayrault
textdetox@01907546324b0330d2d8b7669648cc18823323e5/fr/000600	fr	0	J'ai quelques trucs de chez eux, j'aime bien, surtout la collection Héritage.
textdetox@01907546324b0330d2d8b7669648cc18823323e5/fr/000601	fr	0	Note qu'on peut mitiger le probleme du travailleur pauvre avec un SMIC assez eleve -- dans certaines limites.
textdetox@01907546324b0330d2d8b7669648cc18823323e5/fr/000602	fr	0	C'est d'ailleurs grâce à ces théories éprouvées que la [Grèce est revenue à un niveau de chômage bas](
textdetox@01907546324b0330d2d8b7669648cc18823323e5/fr/000603	fr	0	mais  la vérité qu'ils veulent entendre vu qu'ils sont déjà convaincus de son innocence et de l'existence du complot
textdetox@01907546324b0330d2d8b7669648cc18823323e5/fr/000604	fr	0	Lui il est content d'avoir un Zara à 15min de voiture au lieu de 25.
textdetox@01907546324b0330d2d8b7669648cc18823323e5/fr/000605	fr	0	Bizarre que le concept ait presque totalement disparu en France (pour les particuliers
textdetox@01907546324b0330d2d8b7669648cc18823323e5/fr/000606	fr	0	utilisent une batterie déportée, c'est à dire que la batterie est relié à l'appareil par un long fil, ce qui permet de garder la batterie sous ses vêtements, au chaud
textdetox@01907546324b0330d2d8b7669648cc18823323e5/fr/000607	fr	0	J'avais 4H d'interro que je pouvais pas esquiver et c'est à peu prêt vers le milieu que je m'en suis rendu compte, ça puait dans toute la classe
textdetox@01907546324b0330d2d8b7669648cc18823323e5/fr/000608	fr	0	Je savais que j'allais trouver ce commentaire de toi avant de cliquer sur le lien ;)
textdetox@01907546324b0330d2d8b7669648cc18823323e5/fr/000609	fr	0	Car tout ceux qui l'avait pas, multitude accablante.      En hurlant au vote utile, me sont tombé dessus.
textdetox@01907546324b0330d2d8b7669648cc18823323e5/fr/000610	fr	0	Maintenant on sélectionne les migrants selon quels critères exactement?
textdetox@01907546324b0330d2d8b7669648cc18823323e5/fr/000611	fr	0	"Alors que son but est de mettre fin à ce qu'il appelle ""l'oligarchie"", de faire une 6ème république pour que le peuple ait plus de pouvoir d'intervention ?  La 6ème république c'est un concept qui n'existe que sur papier."
textdetox@01907546324b0330d2d8b7669648cc18823323e5/fr/000612	fr	0	35 morts ont été annoncés à l'époque mais il semble que ce chiffre était sous-estimé :  Le 30 novembre 2014, à Thiaroye, le président François Hollande évoque non plus « 35 morts » mais au moins « 70 morts », et déclare vouloir « réparer une injustice et saluer la mémoire d'hommes qui portaient l'uniforme français et sur lesquels les Français avaient retourné leur fusil »  C'est visiblement un épisode de la guerre relativement connu, notamment au Sénégal, mais j'en avais personnellement jamais entendu parler avant de regarder [ce docu d'arte]( d'où ce post.
textdetox@01907546324b0330d2d8b7669648cc18823323e5/fr/000613	fr	0	Ceci dit je vais aussi tenter acupuncture et de refaire un saut chez l'ostéopathe.
textdetox@01907546324b0330d2d8b7669648cc18823323e5/fr/000614	fr	0	L'AE est exempt la première année, mais doit ensuite s'en acquitter.
textdetox@01907546324b0330d2d8b7669648cc18823323e5/fr/000615	fr	0	**  Son autre arnaque principale pour moi est de citer sans arrêt l'augmentation du chômage sur **5ans** alors qu'on sait très bien que [le CICE a été créé plutôt en 2013 et que l'argent est réellement arrivé sur les comptes des entreprises plutôt e 2015](
textdetox@01907546324b0330d2d8b7669648cc18823323e5/fr/000616	fr	0	Là aussi en français, le cycle est complet, en une douzaine de tomes.
textdetox@01907546324b0330d2d8b7669648cc18823323e5/fr/000617	fr	0	Le deuxième suppose que tu ne veux / souhaites pas voir la réalité et qu'il est plus confortable de se laisser guider par autrui.
textdetox@01907546324b0330d2d8b7669648cc18823323e5/fr/000618	fr	0	Donc comme Macron et Mélenchon elle conduit bien sa campagne mais elle profite d'un contexte favorable.
textdetox@01907546324b0330d2d8b7669648cc18823323e5/fr/000619	fr	0	Tu as raison sur le fait qu'on est pas condamne a cet etat de fait, mais ca suppose que l'education soit tres elevee, que demarrer des entreprises soit tres facile (et ca, ca veut dire que virer des gens est aussi facile), et que le chomage soit genereux et long -- en fait fonctionne comme une sorte de tremplin pour des gens qui veulent se lancer.
textdetox@01907546324b0330d2d8b7669648cc18823323e5/fr/000620	fr	0	que j'ai pas/moins retrouvé chez ceux qui avaient été seulement à l'Université (en France comme en Allemagne).  
textdetox@01907546324b0330d2d8b7669648cc18823323e5/fr/000621	fr	0	Les touristes utilisent les infrastructures françaises, les routes, les transports en commun parfois même les hôpitaux, comptes
textdetox@01907546324b0330d2d8b7669648cc18823323e5/fr/000622	fr	0	C'est marrant parce que ta phrase n'est pas si loin de la réalité que ça aux USA.
textdetox@01907546324b0330d2d8b7669648cc18823323e5/fr/000623	fr	0	J'aurais même tendance à considérer qu'en tant que membre du gouvernement, je céderais les actions susceptible de présenter un conflit d'intérêt ...  Donc en plus de ses 3 millions, il a reçu le produit de la vente de ses actions ? (qui lui rapportaient 600 000 euros, donc ça doit faire une sacré somme).
textdetox@01907546324b0330d2d8b7669648cc18823323e5/fr/000624	fr	0	C'est sa **première vraie élection** (en 2012 r/france c'était extrêmement calme) je suis pas déçu de l'activité qu'il y a perso.
textdetox@01907546324b0330d2d8b7669648cc18823323e5/fr/000625	fr	0	Deuxièmement, tu ne réponds pas a ma question initiale qui était de savoir comment on peut prétendre faire augmenter les salaires en supprimant les cotisations chomage/santé, alors qu'en fait tu les reportes juste sur la CSG. (hausse de la CSG qui est aussi censée absorber les milliards d'€ de taxe d'habitation supprimés en passant).
textdetox@01907546324b0330d2d8b7669648cc18823323e5/fr/000626	fr	0	Le régime vénézuelien si souvent acclamé par leur leader suprême ne semble pas être si fantastique que ça?
textdetox@01907546324b0330d2d8b7669648cc18823323e5/fr/000627	fr	0	bah 700000 ça équivaut à 420 smics (bruts, 39h/semaine, 1666 euros par mois) alors que 1M3 ça fait 780 smics bruts mensuels, soit 65 ans de smic brut annuels contre seulement 35 ans de smic brut annuels.
textdetox@01907546324b0330d2d8b7669648cc18823323e5/fr/000628	fr	0	S'il y a une trappe secrète derrière ton tableau, c'est peut-être parce qu'on t'espionne.
textdetox@01907546324b0330d2d8b7669648cc18823323e5/fr/000629	fr	0	je te remets [le lien]( du post où sont expliqués pour les plus lents d'entre nous les notions d'extrême gauche/droite.
textdetox@01907546324b0330d2d8b7669648cc18823323e5/fr/000630	fr	0	Et of course, si tu aimes le bonhomme, il faut écouter aussi les albums auquel il a participé comme par exemple les chefs d'oeuvre Kind of Blue de Miles ou The Blues and the Abstract Truth de Oliver Nelson.
textdetox@01907546324b0330d2d8b7669648cc18823323e5/fr/000631	fr	0	* Les guerres sont devenus trop destructrices depuis la 2nd guerre mondiale pour qu'elles puissent servir l'intérêt du capital, sauf si elles sont asymétriques et ont lieu dans des pays reculés.
textdetox@01907546324b0330d2d8b7669648cc18823323e5/fr/000632	fr	0	-là que nous retrouvons 25 personalités d'un même courant de pensée disant la même chose.
textdetox@01907546324b0330d2d8b7669648cc18823323e5/fr/000633	fr	0	Donc en plus tu nous parles de l'Union des Photonistes de la République ?
textdetox@01907546324b0330d2d8b7669648cc18823323e5/fr/000634	fr	0	Tout ça pour dire que quand le mainstream media fait tout pour te mettre dans la tête de ne pas voter pour quelqu'un ça donne envie de voter pour cette personne.
textdetox@01907546324b0330d2d8b7669648cc18823323e5/fr/000635	fr	0	Si c'était vrai et si ça marchait comme cela, alors tout le monde parlerait exactement la même langue depuis bien longtemps.
textdetox@01907546324b0330d2d8b7669648cc18823323e5/fr/000636	fr	0	On pourrait croire que laisser uau commune la liberté de fixer un niveau d'imposition permet en effet d'augmenter son budget, mais cela se fait au détriment des contribuables.
textdetox@01907546324b0330d2d8b7669648cc18823323e5/fr/000637	fr	0	"j'ai comparé la météo à Paris  à Grenoble  ça m'a surpris de voire qu'il faisait ou allait faire assez froid cette semaine à Paris d'après le 2e résultat Google pour ""météo Paris"" sur mobile (j'ai oublié le site, ce n'était pas"
textdetox@01907546324b0330d2d8b7669648cc18823323e5/fr/000638	fr	0	Toujours plein de peuple et de vie a La Daurade en mon temps, ca fait bizarre de voir l'endroit vide...  
textdetox@01907546324b0330d2d8b7669648cc18823323e5/fr/000639	fr	0	, j'ai traduits une page wiki et y'avait que deux fautes de syntaxe
textdetox@01907546324b0330d2d8b7669648cc18823323e5/fr/000640	fr	0	Parti comme c'est parti on va avoir des partis avec 20-30% du parlement et je doute qu'aucun puisse obtenir une majorité lors de votes dans l'hémicycle
textdetox@01907546324b0330d2d8b7669648cc18823323e5/fr/000641	fr	0	Le mode d’enseignement des classes prépas est un conservatoire de traditions rances, dans un espace scolaire clos.
textdetox@01907546324b0330d2d8b7669648cc18823323e5/fr/000642	fr	0	Tout ce que j'ai pu trouver c'est 150g= blessures mortelles dans un rayon de 7mètres.
textdetox@01907546324b0330d2d8b7669648cc18823323e5/fr/000643	fr	0	"... C'est tout le contraire de ce que prônait la droite traditionnelle ""gaullienne"" quand même (oui la sécu a été crée sous de gaulle, n'en déplaise).  "
textdetox@01907546324b0330d2d8b7669648cc18823323e5/fr/000644	fr	0	(à 0,x emploi/ha mais c'est pas grave)   Évidemment on oublie qu'on saccage la biodiversité locale, qu'on supprime des terres agricoles productives, qu'on assouvit encore plus le règne tout-puissant du véhicule automobile, qu'on formate davantage la population aux grandes enseignes, celles-là même qui renient sur tous les coûts (humains, environnementaux, sociaux) pour fournir aux consommateurs en manque leurs doses au prix les plus bas.
textdetox@01907546324b0330d2d8b7669648cc18823323e5/fr/000645	fr	0	Si on a fait des travaux récemment, c'est peut-être qu'il y a une trappe secrète derrière le tableau.
textdetox@01907546324b0330d2d8b7669648cc18823323e5/fr/000646	fr	0	J'sais pas, quand même, vu la sociologie de l'électorat, c'est pas exactement les plus exposés aux influences de twitter.
textdetox@01907546324b0330d2d8b7669648cc18823323e5/fr/000647	fr	0	En revanche la marque oscille entre public de vieux et public plus jeune.
textdetox@01907546324b0330d2d8b7669648cc18823323e5/fr/000648	fr	0	J'étais bien content quand ils construit [ceci]( dans la ville de 5000 habitants proche de chez moi, en remplacement d'un classique cube dégueulasse (qui n'a malheureusement toujours pas été détruit).
textdetox@01907546324b0330d2d8b7669648cc18823323e5/fr/000649	fr	0	C'est ce qu'ont déjà fait huit d'entre eux : le Colorado, l'Etat de Washington, l'Oregon, la Californie, le Nevada, le Massachusetts, le Maine, l'Alaska, auxquels s'ajoute la capitale du pays, Washington D. C. À lire aussi      Le Canada va devenir le deuxième pays au monde à légaliser le cannabis  Dans le Colorado -  le premier Etat à avoir ouvert la voie  -, les retours d'expérience sont loin des scénarios alarmistes que faisaient circuler les détracteurs de la loi à l'époque de son adoption, en 2012.
textdetox@01907546324b0330d2d8b7669648cc18823323e5/fr/000650	fr	0	!   Sinon, je me projette trèèès loin, mais au fait: quid des débats télés?  
textdetox@01907546324b0330d2d8b7669648cc18823323e5/fr/000651	fr	0	Me voilà rassuré donc, désormais je vais aussi devoir passer par lui pour trouver un boulot
textdetox@01907546324b0330d2d8b7669648cc18823323e5/fr/000652	fr	0	Par contre, j'ai encore raté l'étape de pliage, il y a toujours des trous qui se forment avec le beurre qui jaillit façon dentifrice.
textdetox@01907546324b0330d2d8b7669648cc18823323e5/fr/000653	fr	0	Certaines écoles pratiquent l'admission post-bac et ont une prépa intégrée.
textdetox@01907546324b0330d2d8b7669648cc18823323e5/fr/000654	fr	0	«* La primaire donne les clés à une seule personne qui a le droit, l’argent et la légitimité.
textdetox@01907546324b0330d2d8b7669648cc18823323e5/fr/000655	fr	0	"Pour quoi ce serait toujours la faute de ""l'establishment"" si les extrêmes montent"
textdetox@01907546324b0330d2d8b7669648cc18823323e5/fr/000656	fr	0	A la limite Macron est centre droit et à Bayrou de rattaché, mais les gens s'obstinnent à l'associer à la gauche parce que Hollande = PS = gauche, sans être capable de piger que le PS à eu le même soucis d'étalement exagéré que l'UMP et que oui le PS 2012-2017 ça contenait aussi des centre droit.
textdetox@01907546324b0330d2d8b7669648cc18823323e5/fr/000657	fr	0	dire la question sur la participation a la primaire a eu lieu juste avant cet échange.
textdetox@01907546324b0330d2d8b7669648cc18823323e5/fr/000658	fr	0	Dans cette recette, il y a 3 pliages, et dès le deuxième, j'avais du sucre qui s'échappait.  
textdetox@01907546324b0330d2d8b7669648cc18823323e5/fr/000659	fr	0	Il y a un excellent *Meilleur Commentaire* reddit qui résume bien la chose:  [
textdetox@01907546324b0330d2d8b7669648cc18823323e5/fr/000660	fr	0	Elles n'ont pas été impulsées par les nouveaux membres (ni évidemment par ceux qui n'y sont pas) mais par les quelques pays fondateurs de la CEE, donc la France et quelques autres.
textdetox@01907546324b0330d2d8b7669648cc18823323e5/fr/000661	fr	0	le burden of proof très facilement sur les autres.  Etrangement, de tous les pays Nordiques, la Finlande connait le taux de croissance le plus faible et une augmentation de son chômage, comparativement à ses voisins qui ont gardé leur monnaie nationale, Danemark Suède et Norvége en tête.
textdetox@01907546324b0330d2d8b7669648cc18823323e5/fr/000662	fr	0	J'accorde plus d'importance à un de ses discours les plus importants, où il a dû peser chaque mot, plutôt qu'à des discours revanchards qu'il a peut-être prononcé pour rallier des troupes.
textdetox@01907546324b0330d2d8b7669648cc18823323e5/fr/000663	fr	0	Il est par exemple très probable que l'un des candidats soient en fait largement au dessus du reste, ou en dessous, et que cela n'apparaisse jamais parce que personne ne veut montrer de résultats qui semblent incohérents avec tout les autres.
textdetox@01907546324b0330d2d8b7669648cc18823323e5/fr/000664	fr	0	François Kraus chez JJ Bourdin... quand on a fait le tour des sujets politiques mainstream, on va dans l'inédit puis dans le bizarre.
textdetox@01907546324b0330d2d8b7669648cc18823323e5/fr/000665	fr	0	Je viens de regarder de près les derniers posts, /u/sphks mais pourquoi ne t'ai-je pas connu avant, tes posts chaque mois pour dire quoi faire sont top - concis mais complets (à mes yeux de noob) 3
textdetox@01907546324b0330d2d8b7669648cc18823323e5/fr/000666	fr	0	J'ai l'impression que la plupart d'entre nous avons la même attitude.
textdetox@01907546324b0330d2d8b7669648cc18823323e5/fr/000667	fr	0	"Je ne disais pas que la langue anglaise est intrinsèquement supérieure pour la transmission des idées mais que le globish utilisé par l'intégralité des chercheurs est, de fait, la meilleure façon de voir ses idées lues, assimilées et transmises.  Et d'autre part, je te ferais remarque que ce n'est pas vrai que la solution optimale gagne ""naturellement"" contre toutes les autres : on peut très bien avoir des optimums locaux qui sont très stables."
textdetox@01907546324b0330d2d8b7669648cc18823323e5/fr/000668	fr	0	Le certificat qualité de l'air indique le niveau de pollution du véhicule.
textdetox@01907546324b0330d2d8b7669648cc18823323e5/fr/000669	fr	0	Il y aura probablement plus de surprises dans les scores de Le Pen, Mélenchon et Fillon.
textdetox@01907546324b0330d2d8b7669648cc18823323e5/fr/000670	fr	0	La requête du CHP sera déposée ce mardi après-midi devant le Haut-Conseil électoral (YSK).
textdetox@01907546324b0330d2d8b7669648cc18823323e5/fr/000671	fr	0	Ce que le M. explique c'est que justement, 3 points d'écart c'est queue dalle et que ça couvre à peine l'erreur inévitable liée au biais d’échantillonnage et qu'on devrait voir des résultats beaucoup plus variable vu la quantité de sondages qui sont produits : on devrait avoir des sondages où Macron sort à 12% et Le Pen à 35%.
textdetox@01907546324b0330d2d8b7669648cc18823323e5/fr/000672	fr	0	De plus le français est quand même une des 5 langues les plus parlées.. donc question
textdetox@01907546324b0330d2d8b7669648cc18823323e5/fr/000673	fr	0	Les seuls à y croire seront ceux qui ont déjà leur biais de sélection qui va dans ce sens-là.  Et tant que c'est pas repris dans la presse traditionnel, ça n'a pas vraiment d'existence.       
textdetox@01907546324b0330d2d8b7669648cc18823323e5/fr/000674	fr	0	Là, tu crées juste un malentendu puisque science est communément compris comme science naturelle.
textdetox@01907546324b0330d2d8b7669648cc18823323e5/fr/000675	fr	0	En 2012, il n'y a que Harris qui avait vu le faible score de Mélenchon alors que les autres étaient 3 ou 4 points au dessus.
textdetox@01907546324b0330d2d8b7669648cc18823323e5/fr/000676	fr	0	"Si on veut faire la distinction avec les sciences naturelles, on peut utiliser les termes qui conviennent, ""sciences naturelles"", ""sciences sociales"".   "
textdetox@01907546324b0330d2d8b7669648cc18823323e5/fr/000677	fr	0	Je connaissais pas, mais interessant en tout cas, c'est dommage que les deux parti se détestent mutuellement alors qu'au final ils ont plus de points commun entre eux qu'avec les autres et on l'a vu lors des debats, Mélenchon était tres souvent d'accord avec le pen sur la question sociale et vis versa.
textdetox@01907546324b0330d2d8b7669648cc18823323e5/fr/000678	fr	0	si c'est juste ça, vu que lemonde.fr diffuse sur facebook les articles de blogs de Filiu et consorts j'ai pas du me rendre compte.  
textdetox@01907546324b0330d2d8b7669648cc18823323e5/fr/000679	fr	0	Mais sur les sujets choisis, notamment l'environnement, force est de constater que l'un des programmes les plus argumentés est celui-ci de JLM.
textdetox@01907546324b0330d2d8b7669648cc18823323e5/fr/000680	fr	0	Ce qui sera le signe que chaque sondage sera plus ou moins copié des sondages précédents, ne montrant alors pas la réalité.
textdetox@01907546324b0330d2d8b7669648cc18823323e5/fr/000681	fr	0	Pour ça, tu vas définir des quotas dans des catégories (tant de % d'hommes, de femme, d'ouvriers, de CSP+, de citadins, etc.), en supposant que ton modèle de population structure totalement ton opinion (c'est une hypothèse).   Et juste pour la culture générale : ce modèle de redressement s'appuyant sur un modèle vaut pour les sondages d'opinions (politique ou marketing.
textdetox@01907546324b0330d2d8b7669648cc18823323e5/fr/000682	fr	0	On a parfois des mecs qui sont à 80k en posts et 12 pauvres points en comment qui viennent poster en anglais ici.
textdetox@01907546324b0330d2d8b7669648cc18823323e5/fr/000683	fr	0	Un peu plus tôt dans sa chronique il dit que cette info lui a été transmise par un ami journaliste donc je suppose que ça devrait sortir dans quelques jours ?
textdetox@01907546324b0330d2d8b7669648cc18823323e5/fr/000684	fr	0	La culture du cannabis a eu d'autres conséquences inattendues : les habitants de la petite ville d'Hugo ont ainsi dû cesser de consommer l'eau du robinet, qui présentait une concentration importante de THC
textdetox@01907546324b0330d2d8b7669648cc18823323e5/fr/000685	fr	0	Au final, les gosses qui n'ont pas un milieu familial favorisé intellectuellement, ils n'ont plus aucune chance.
textdetox@01907546324b0330d2d8b7669648cc18823323e5/fr/000686	fr	0	Or il nous annonce qu'il n'a pas de patrimoine parce qu'il a remboursé un crédit : ça ne veut rien dire.
textdetox@01907546324b0330d2d8b7669648cc18823323e5/fr/000687	fr	0	J'aime cette façon de ne surtout pas nous dire quelle est le nom de la pièce, ni même le thème, ni rien.
textdetox@01907546324b0330d2d8b7669648cc18823323e5/fr/000688	fr	0	Beaucoup de choix collectifs similaires : en terme de refus d'écarts de richesse, de rapport à l'environnement, de relations entre les personnes, de rapports hommes/femmes.
textdetox@01907546324b0330d2d8b7669648cc18823323e5/fr/000689	fr	0	J'ai aussi fait de la panna cotta ce week end : c'est ridiculement facile à faire pour un truc qui est servi en restau, le ratio *wow*/(effort+temps) est super élevé je trouve.  
textdetox@01907546324b0330d2d8b7669648cc18823323e5/fr/000690	fr	0	*Il faut vraiment s’interroger sur la primaire car ce n’est pas dans notre logiciel* », estime avec le recul l’entourage de Nicolas Sarkozy.
textdetox@01907546324b0330d2d8b7669648cc18823323e5/fr/000691	fr	0	Revaloriser les salaires si le mode de calcul de la retraite change?
textdetox@01907546324b0330d2d8b7669648cc18823323e5/fr/000692	fr	0	Je dis juste que sa vidéo est plus que partiale, elle laisse sous silence plusieurs éléments d'importance (cf mon premier post) et ne fait rien d'autre que de l'idéologie
textdetox@01907546324b0330d2d8b7669648cc18823323e5/fr/000693	fr	0	Tout ce qu'entends le ventre mou comme moi, susceptible de changer d'avis sur les questions économiques, c'est qu'il y a un nombre considérable d'économistes, qui, contrairement aux mathématiciens, ne sont pas d'accord entre eux.
textdetox@01907546324b0330d2d8b7669648cc18823323e5/fr/000694	fr	0	Si je me fais ban de ce subreddit je comprend mais si je me fais ban de reddit je trouverais ca injuste.
textdetox@01907546324b0330d2d8b7669648cc18823323e5/fr/000695	fr	0	"Mon problème avec le commentaire auquel je réponds vient plutôt de :  ""C'est partout pareil en Europe."
textdetox@01907546324b0330d2d8b7669648cc18823323e5/fr/000696	fr	0	On n'était jamais seuls et au bout d'un moment on n'en pouvait plus.  
textdetox@01907546324b0330d2d8b7669648cc18823323e5/fr/000697	fr	0	Le truc est édité par une boite londonienne, et le numéro sur Macron avait été annoncé quand certains journalistes se sont intéressés au numéro sur Fillon paru en mars.
textdetox@01907546324b0330d2d8b7669648cc18823323e5/fr/000698	fr	0	parce que mettre JLM à 19% ça semblait ridicule à ce moment-là, puis les sondages plus traditionnels qui ont suivi lui ont plutôt donné raison donc... qui sait.
textdetox@01907546324b0330d2d8b7669648cc18823323e5/fr/000699	fr	0	Les récompenses ne sont évaluées que lors de la dissolution du régime matrimonial, donc lors du divorce, du décès d'un des époux ou du changement de régime matrimonial.
textdetox@01907546324b0330d2d8b7669648cc18823323e5/fr/000700	fr	0	Samedi soir, on regarde un film tous ensemble avec la belle famille, avec le père, le frère et la soeur de ma copine en fait.
textdetox@01907546324b0330d2d8b7669648cc18823323e5/fr/000701	fr	0	ce ne sont pas des prix nobels : les seules existants sont la chimie, la physique, la paix, la médecine et la littérature.
textdetox@01907546324b0330d2d8b7669648cc18823323e5/fr/000702	fr	0	Autrement, oui, il y aurait concurrence directe et une course vers le bas.
textdetox@01907546324b0330d2d8b7669648cc18823323e5/fr/000703	fr	0	C'est aussi cette politique d'austérité qui fait monter la fronde dans pleins d'autres pays de l'Union.
textdetox@01907546324b0330d2d8b7669648cc18823323e5/fr/000704	fr	0	Ce que je conteste c'est l'idéologie qui est derrière, l'impact social et aussi, à un certain niveau, démocratique.
textdetox@01907546324b0330d2d8b7669648cc18823323e5/fr/000705	fr	0	En fait, ils ont repris les codes de com du FN et les ont poussé plus loin à leur avantage.
textdetox@01907546324b0330d2d8b7669648cc18823323e5/fr/000706	fr	0	Ou alors la valeur de ces actions est comptée dans les 3 millions ?
textdetox@01907546324b0330d2d8b7669648cc18823323e5/fr/000707	fr	0	Du coup, certains se lancent dans le reverse engineering, à essayer de comprendre les ingrédients de la tambouille à partir de son goût.
textdetox@01907546324b0330d2d8b7669648cc18823323e5/fr/000708	fr	0	Un mec me dit qu'il se fait un repas avec des pastilles vichy et 2l d'Orangina, je pense pas qu'il fasse ça pour séduire.
textdetox@01907546324b0330d2d8b7669648cc18823323e5/fr/000709	fr	0	C'est ça que tu ne piges pas : une dévaluation c'est payer les gens avec une monnaie qui a moins de valeur, et les imports il y en as dans toutes les dépenses.
textdetox@01907546324b0330d2d8b7669648cc18823323e5/fr/000710	fr	0	Je souligne l'ironie du fait que *OUI* Stiglitz est anti-Euro, il vient même de sortir un pavé très intéressant sur le sujet, et c'est assez clair que si il est signataire ici, c'est uniquement parce qu'il refuse de voir sa recherche utilisée dans des campagnes.
textdetox@01907546324b0330d2d8b7669648cc18823323e5/fr/000711	fr	0	Et puis pour la sieste, on peut lui pardonner, en cette période de campagne, ils n'ont que très peu de temps pour se reposer.
textdetox@01907546324b0330d2d8b7669648cc18823323e5/fr/000712	fr	0	J'ai samedi soir eu la pâteuse et la gerbe du siècle avec pastilles Vichy et Orangina.
textdetox@01907546324b0330d2d8b7669648cc18823323e5/fr/000713	fr	0	Elle est improbable (comme toute technique de dissuasion) mais réelle.
textdetox@01907546324b0330d2d8b7669648cc18823323e5/fr/000714	fr	0	Et puis il y a un paquet de recettes qui ne sont pas franchement dur à faire, parfois un peu longue, alors pourquoi ne pas essayer ?
textdetox@01907546324b0330d2d8b7669648cc18823323e5/fr/000715	fr	0	De mon temps c'était déjà un peu comme ça, mais là ça devient grave.
textdetox@01907546324b0330d2d8b7669648cc18823323e5/fr/000716	fr	0	Je comprends qu'on soit pas d'accord et je comprends aussi qu'il est pas le seul responsable de toutes les réformes qui sont passées pendant qu'il était au gouvernement.
textdetox@01907546324b0330d2d8b7669648cc18823323e5/fr/000717	fr	0	Ensuite, le principe de cumuler des points à titre personnel va justement à l'encontre du système assurantiel : celui qui paye un impôt le fait pour l'ensemble de la communauté.
textdetox@01907546324b0330d2d8b7669648cc18823323e5/fr/000718	fr	0	Si vous vous sentez proche de Mélenchon, vous avez l'opportunité de tenter de changer l'orientation libérale de l'Europe et d'inverser la tendance des profits aux plus riches en cours depuis 30 ans.
textdetox@01907546324b0330d2d8b7669648cc18823323e5/fr/000719	fr	0	C'est pas comme si le status quo ne remettait pas déjà en cause la coopération entre les pays européens.
textdetox@01907546324b0330d2d8b7669648cc18823323e5/fr/000720	fr	0	Le _contenu_ des affirmations n'a pas d'importance, ce qui compte c'est les preuves, les sources.
textdetox@01907546324b0330d2d8b7669648cc18823323e5/fr/000721	fr	0	T'estimes a quel pourcentage le nombre de Français qui feraient la meme chose pour leur gouvernement ?  pour Marine Le Pen :
textdetox@01907546324b0330d2d8b7669648cc18823323e5/fr/000722	fr	0	Je vais juste mettre tous les chantiers que j'ai fait à la place des trous dans le cv ça fera déjà plus cohérent.
textdetox@01907546324b0330d2d8b7669648cc18823323e5/fr/000723	fr	0	parceque j'aime bien ça, mais on peut pas non plus dire que je sois un designer d'exception :D   200$ avec les key  Yup, c'est l'avantage de WASD, je trouve.
textdetox@01907546324b0330d2d8b7669648cc18823323e5/fr/000724	fr	0	mais je serais toujours eternelement reconnaissant envers la france pour m avoir apporté une education de qualitée, gratuite et laique et si le resultat de cette education sert aux generations futurs a travers mes revenus ce serait pour moi une grande fierté.
textdetox@01907546324b0330d2d8b7669648cc18823323e5/fr/000725	fr	0	C'est la première fois que je fais une cuisson aussi longue (3 heures), mais il n'y a pas à surveiller ou quoi que ce soit.   
textdetox@01907546324b0330d2d8b7669648cc18823323e5/fr/000726	fr	0	Tous les posts qui critiquent un peu Mélenchon sont très rapidement downvotés, ce qui leur permet d'être filtrés et de ne pas être vus sur la frontpage de r/france, ça n'arrive bien sûr pas à tous les posts.  
textdetox@01907546324b0330d2d8b7669648cc18823323e5/fr/000727	fr	0	As a general principle, you should not change the methodology in the middle of an experiment.
textdetox@01907546324b0330d2d8b7669648cc18823323e5/fr/000728	fr	0	Tu gères une base de données, qui a une représentation géographique.
textdetox@01907546324b0330d2d8b7669648cc18823323e5/fr/000729	fr	0	Le pire c'est qu'à droite je dis ça, mais on est pas sûr que ce soit totalement terminé.  
textdetox@01907546324b0330d2d8b7669648cc18823323e5/fr/000730	fr	0	Je ne serais d'ailleurs absolument pas surpris que bien que signé par des professeurs de droit et avocats, ce texte contienne des erreurs juridiques. (puisque sauf à être un fiscaliste peu de juristes y connaissent vraiment quoi que ce soit, sans compter qu'il faut être calé en droit fiscal des particuliers et non des entreprises...)
textdetox@01907546324b0330d2d8b7669648cc18823323e5/fr/000731	fr	0	En institutionnalisant le sexisme et la discrimination, on augmente le nombre de pratiques discriminatoires, et on aggrave le problème.  
textdetox@01907546324b0330d2d8b7669648cc18823323e5/fr/000732	fr	0	Hier, on a fêté Pâques en famille avec une partie de la famille étant pro-Macron et l'autre pro-Mélenchon, à une semaine du premier tour, ce qui devait arriver arriva.
textdetox@01907546324b0330d2d8b7669648cc18823323e5/fr/000733	fr	0	Ce qui est clairement la position de la plupart des économistes qui ont les mains sur notre économie.
textdetox@01907546324b0330d2d8b7669648cc18823323e5/fr/000734	fr	0	C'est ses consommateurs qui sont incapables de jeter leur bouteille plastique à l'endroit idoine.
textdetox@01907546324b0330d2d8b7669648cc18823323e5/fr/000735	fr	0	"Merci de me recontacter pour que je vous présente notre société de conseil à taille humaine""."
textdetox@01907546324b0330d2d8b7669648cc18823323e5/fr/000736	fr	0	Du coup à titre personnel je tiens à la prépa et aux systèmes des grandes écoles.
textdetox@01907546324b0330d2d8b7669648cc18823323e5/fr/000737	fr	0	"J'ai oublier le mot pas  et je pense que ca se voit si vous lisiez la phrase entiere:   Non, je **pas** ""reconnais donc avoir demandé à des gens d’aller upvote"
textdetox@01907546324b0330d2d8b7669648cc18823323e5/fr/000738	fr	0	C'est pas mal classe dit comme ça mais c'est une recette particulièrement simple (voir [ici]( parmi tant d'autres recettes de rillettes.
textdetox@01907546324b0330d2d8b7669648cc18823323e5/fr/000739	fr	0	Les Insa sont pourtant les meilleures écoles d'ingénieur françaises.
textdetox@01907546324b0330d2d8b7669648cc18823323e5/fr/000740	fr	0	Et il serait en danger...   je sais pas si c'est vrai, mais si c'est le cas...
textdetox@01907546324b0330d2d8b7669648cc18823323e5/fr/000741	fr	0	Mais comme c'est des boulots dont on peut quand meme se passer, si le risque d'employer les gens et/ou le salaire que tu dois payer est trop haut, ben tu les emploies pas.
textdetox@01907546324b0330d2d8b7669648cc18823323e5/fr/000742	fr	0	Chaque fois que je souhaite m'intéresser à un personnage de comics je vois 30 séries différentes, avec des timeline différentes, etc.
textdetox@01907546324b0330d2d8b7669648cc18823323e5/fr/000743	fr	0	– La construction européenne est capitale (...) pour le progrès économique des Etats membres (...).
textdetox@01907546324b0330d2d8b7669648cc18823323e5/fr/000744	fr	0	"Pour ce cas précis, à l'oral on dit ""François premier"" (""François I^er ""), mais par exemple, ""Louis deux"" (""Louis II""), ""Henri quatre"" (""Henri IV""), plutôt que ""Louis (le) second"" ou ""Henri (le) quatrième"".  "
textdetox@01907546324b0330d2d8b7669648cc18823323e5/fr/000745	fr	0	Il y a également des consignes de vote pour ne pas se faire afficher.     
textdetox@01907546324b0330d2d8b7669648cc18823323e5/fr/000746	fr	0	ITT des gens qui pensent que le capitalisme est un système efficace de répartition des ressources
textdetox@01907546324b0330d2d8b7669648cc18823323e5/fr/000747	fr	0	Le Secours Populaire, les activités musicales, ce genre de chose.    
textdetox@01907546324b0330d2d8b7669648cc18823323e5/fr/000748	fr	0	Ils étaient sûrement occupés à boire de la bavard 8.6 devant monoprix
textdetox@01907546324b0330d2d8b7669648cc18823323e5/fr/000749	fr	0	Ce week-end, y avait une manif, comme tout les samedis depuis quelques semaines, à Séoul.
textdetox@01907546324b0330d2d8b7669648cc18823323e5/fr/000750	fr	0	, c'est qu'ils sont inscrits sur deux listes, dans deux communes différentes en fait, parce qu'ils ont déménagés.
textdetox@01907546324b0330d2d8b7669648cc18823323e5/fr/000751	fr	0	En vrai j'ai le statut du contrat d'insertion et je suis à Nancy donc une ville assez importante pour y trouver du travail j'imagine.
textdetox@01907546324b0330d2d8b7669648cc18823323e5/fr/000752	fr	0	Mais oui je pense qu'on peut tout à fait avoir les deux en centre
textdetox@01907546324b0330d2d8b7669648cc18823323e5/fr/000753	fr	0	C'est un passage, pas obligé mais presque, si tu veux étudier dans une grande école française.
textdetox@01907546324b0330d2d8b7669648cc18823323e5/fr/000754	fr	0	** * 1135 personnes inscrites sur les listes électorales.   * Dont 853 certaines d’aller voter.  * Dont 642 certaines d’aller voter et ayant exprimé une intention de vote.  **Méthodologie.
textdetox@01907546324b0330d2d8b7669648cc18823323e5/fr/000755	fr	0	Pour moi, si une personne tient à toi, cela se voit/se traduit par des gestes/attentions/réactions spontanées.
textdetox@01907546324b0330d2d8b7669648cc18823323e5/fr/000756	fr	0	Cinq projets d'attentats ont été déjoués depuis le début de l'année 2017, après 17 en 2016, a affirmé le 21 mars le Premier ministre Bernard Cazeneuve.  Quoiqu'on dise de la présidence Hollande, il faut au moins leur reconnaître ça.
textdetox@01907546324b0330d2d8b7669648cc18823323e5/fr/000757	fr	0	C'est pratique un ingénieur qui travaille longtemps et qui mémorise bien ?
textdetox@01907546324b0330d2d8b7669648cc18823323e5/fr/000758	fr	0	Mais que le problème vient, comme tu le dis, quand c'est redressé de façon obscure.
textdetox@01907546324b0330d2d8b7669648cc18823323e5/fr/000759	fr	0	Par contre tu réponds pas aux citations que j'ai sorti sur MLK qui parle explicitement de discrimination positive.    
textdetox@01907546324b0330d2d8b7669648cc18823323e5/fr/000760	fr	0	"Pour passer les test unitaires afin de maximiser le ""code coverage"", lol.  "
textdetox@01907546324b0330d2d8b7669648cc18823323e5/fr/000761	fr	0	Les personnes passées par Pole Emploi et leurs offres d'emploi ne peuvent pas et ne veulent pas voter pour
textdetox@01907546324b0330d2d8b7669648cc18823323e5/fr/000762	fr	0	"j'ai juste vu vite fait qu'il parlait du bio a la cantine, du local et des petites exploitations, et me suis souvenu que j'ai commencé a le mépriser après qu'il ait déclaré pendant une conférence de presse a l’époque des manifs des agriculteurs, que le problème de la France était ""qu'il restait encore trop de petites exploitations"" et qu'il faudrait fusionner tout ça.    "
textdetox@01907546324b0330d2d8b7669648cc18823323e5/fr/000763	fr	0	L'orga était top, les enfants vachement chouette et puis voir mes petits loulous du centre courir dans mes bras quand ils me repéraient... 3333  Et puis c'était sympa de discuter avec les parents hors contexte pro.   Vivement le prochain week end de Pâques!!!
textdetox@01907546324b0330d2d8b7669648cc18823323e5/fr/000764	fr	0	J'ai l'impression qu'ils ont cherché à titiller les melenchonistes et que ça a super bien marché.
textdetox@01907546324b0330d2d8b7669648cc18823323e5/fr/000765	fr	0	Un rapide calcul d'ordre de grandeur montre vite qu'il est bien plus économique de reconstruire des centrales nucléaires, plutôt que de refondre l'intégralité du réseau pour y inclure une grande part d'éolien et de photovoltaïque (l'Allemagne à eu le bon goût de garder une trace des centaines de milliard dépensés pour remplacer les centrales nucléaires par l'éolien et le gaz).
textdetox@01907546324b0330d2d8b7669648cc18823323e5/fr/000766	fr	0	Je vais m'arrêter là parce que personne va lire déjà, donc si vous avez des questions balancez.
textdetox@01907546324b0330d2d8b7669648cc18823323e5/fr/000767	fr	0	Je n'aime pas du tout la forme de son propos mais je partage certaines de ses conclusions.
textdetox@01907546324b0330d2d8b7669648cc18823323e5/fr/000768	fr	0	C'est bien aussi pour ceux qui se rêvent en Mark Zuckerberg grâce aux dérégulations.     En l'occurence, une simple recherhe Google donne [cet article de 2014](
textdetox@01907546324b0330d2d8b7669648cc18823323e5/fr/000769	fr	0	"-ci il a la position classique de gauche: ""Il faut une Europe sociale, qui ne soit pas purement économique""."
textdetox@01907546324b0330d2d8b7669648cc18823323e5/fr/000770	fr	0	Bien sûr mais j'adressais ceci à ceux qui justement ne se considèrent pas satisfaits de cette economie commune.   Et pour rappel le système de décision européen est en partie influencé par les grandes entreprises européennes, et assez peu par le peuple, donc d'un point de vue économique je peux comprendre que certains ne soient pas satisfaits.
textdetox@01907546324b0330d2d8b7669648cc18823323e5/fr/000771	fr	0	Je vais postuler à une offre de veilleur de nuit pour le weekend dans un hôtel.
textdetox@01907546324b0330d2d8b7669648cc18823323e5/fr/000772	fr	0	En même temps, la présence mélenchoniste est une réalité sur ce sub.
textdetox@01907546324b0330d2d8b7669648cc18823323e5/fr/000773	fr	0	je serais curieux de savoir quelle proportions des français peuvent citer des points forts de son programme.
textdetox@01907546324b0330d2d8b7669648cc18823323e5/fr/000774	fr	0	Il ne faut pas appeler à manipuler les votes (donc « hautvotez », « basvotez », « likez », tout ça c'est à proscrire).
textdetox@01907546324b0330d2d8b7669648cc18823323e5/fr/000775	fr	0	Rien qu'hier je me suis fait voler mon accordéon pendant que j'essayais d'attraper un escargot bien juteux que j'avais repéré entre deux crottes de chien.
textdetox@01907546324b0330d2d8b7669648cc18823323e5/fr/000776	fr	0	En revanche, pour des sondages type Insee/Ined ou dans l'industrie (sur la qualité d'un produit en sortie de chaine, on utilise aussi des sondages), c'est un peu différent : ils ont des bases de sondage exhaustives (modulo les erreurs) comme par exemple le répertoire Sirene qui regroupe toutes les entreprises.
textdetox@01907546324b0330d2d8b7669648cc18823323e5/fr/000777	fr	0	Entre les etapes vous avez fait du camping/bivouac sauvage ou vous etes alle dans des refuges.
textdetox@01907546324b0330d2d8b7669648cc18823323e5/fr/000778	fr	0	Mais comme le dit MudPizza il faut privilégier l'anglais, sauf si tu programme en windev ou en logo.
textdetox@01907546324b0330d2d8b7669648cc18823323e5/fr/000779	fr	0	roquette-deux-versions-sopposent-88564) qui présente le problème dans sa complexité
textdetox@01907546324b0330d2d8b7669648cc18823323e5/fr/000780	fr	0	En particuliers, beaucoup trop d'élèves font un bac S parce que c'est ce qu'il faut pour réussir, font prépa pour les mêmes raisons, classent les écoles plus ou moins selon l'ordre habituel et ont ensuite 3 ans d'école d'ingé pour se découvrir une vocation.
textdetox@01907546324b0330d2d8b7669648cc18823323e5/fr/000781	fr	0	Parce que si le progrès économique c'est la croissance ou la baisse du chômage ce n'est pas le cas.
textdetox@01907546324b0330d2d8b7669648cc18823323e5/fr/000782	fr	0	En revanche les connaissances des gamins qui sortent du lycée comportent de grosses lacunes, et il y a des choses hyper basiques qu'ils ne comprennent pas.
textdetox@01907546324b0330d2d8b7669648cc18823323e5/fr/000783	fr	0	Apprends à toucher aux réglages parce que L'apn est mieux que celui de mon htc 10 et qui rivalise avec le s7 edge.
textdetox@01907546324b0330d2d8b7669648cc18823323e5/fr/000784	fr	0	"De toute façon il ne sera jamais élu donc ce n'est pas un vote ""dangereux"""
textdetox@01907546324b0330d2d8b7669648cc18823323e5/fr/000785	fr	0	Ce qui signifie que dans le futur on aura une économie naturellement plus facilement créatrice d'emplois.
textdetox@01907546324b0330d2d8b7669648cc18823323e5/fr/000786	fr	0	:) Bon visiblement les pancartes catégoriques sont plus un moyen d'attirer l'attention du grand public pour lutter contre les fake news.
textdetox@01907546324b0330d2d8b7669648cc18823323e5/fr/000787	fr	0	Mais le coup de l'informaticien qui joue tout le temps avec son stylo, et le fait que 007 reçoive un stylo explosif par coïncidence, et qu'en plus il a arrive à compter le nombre de clics pendant le stand-off, c'était un peu tiré par les cheveux.
textdetox@01907546324b0330d2d8b7669648cc18823323e5/fr/000788	fr	0	La première fois comme une tragédie, la seconde fois comme une farce
textdetox@01907546324b0330d2d8b7669648cc18823323e5/fr/000789	fr	0	Tadaaaa, ma voix compte double (bon, en pratique non, car tout le monde fera pareil et aucun député du mouvement ne sera élu.
textdetox@01907546324b0330d2d8b7669648cc18823323e5/fr/000790	fr	0	Selon le ministère de la Santé, le montant des cotisations des contrats individuels les plus fréquemment souscrits oscille entre 35 et 54 € par mois peu importe tes revenus un peu comme ton loyer....   C'est également faux pour les artisans ou les auto entrepreneurs.
textdetox@01907546324b0330d2d8b7669648cc18823323e5/fr/000791	fr	0	:/ On a passé l'époque où l'anglais était une belle idée de langue universelle utile à tous...
textdetox@01907546324b0330d2d8b7669648cc18823323e5/fr/000792	fr	0	Au début je voulais virer les pseudos mais ç'aurait rendu caduque mon post.
textdetox@01907546324b0330d2d8b7669648cc18823323e5/fr/000793	fr	0	Il faut y lire la revendication pour une véritable participation aux décisions politiques.
textdetox@01907546324b0330d2d8b7669648cc18823323e5/fr/000794	fr	0	Bof, ça serait pas l'extrême gauche si ça s'attaquait pas à ceux de gauche qui ont vraiment une chance (si mince soit-elle) de passer.
textdetox@01907546324b0330d2d8b7669648cc18823323e5/fr/000795	fr	0	Et tant que ses critiques répondent à un argumentaire erroné ou à des liens d'évidence étranges c'est 100% justifié.
textdetox@01907546324b0330d2d8b7669648cc18823323e5/fr/000796	fr	0	Que des personnes vivent en couple principalement par intérêt financier est vrai par contre, mais ça date depuis la nuit des temps
textdetox@01907546324b0330d2d8b7669648cc18823323e5/fr/000797	fr	0	Malheureusement ce n'est pas encore le meilleur pays du monde, à nous de faire en sorte que ça le soit dans un futur proche, même très proche.
textdetox@01907546324b0330d2d8b7669648cc18823323e5/fr/000798	fr	0	J'ai réessayé de faire un Kouign Amann en me basant sur la recette que m'avait donné /u/Amiral_Poitou :   Et ben, mieux réussit, il est délicieux.
textdetox@01907546324b0330d2d8b7669648cc18823323e5/fr/000799	fr	0	"En plus, si on passe à la génération IV de réacteurs, il est possible de faire une ""double fission"", qui permet d'extraire plus d'énergie."
textdetox@01907546324b0330d2d8b7669648cc18823323e5/fr/000800	fr	0	En général la population islandaise se prête particulièrement bien à ces observations.  
textdetox@01907546324b0330d2d8b7669648cc18823323e5/fr/000801	fr	0	", ça n'existe plus vraiment en france  il serait plus intéressant de parler de parti politique (LR, ou ""gauche""), vu que chacun fait la politique de son parti sans se comporter comme un vrai homme politique ;"
textdetox@01907546324b0330d2d8b7669648cc18823323e5/fr/000802	fr	0	*Il ne voulait surtout pas que l’on pense qu’il avait changé de programme par rapport à la primaire, car il craignait de perdre ses électeurs* », témoigne un de ses proches.  Pour le candidat de LR, comme pour Benoît Hamon, leur « légitimité » acquise par la participation aux primaires de plusieurs millions d’électeurs – 4,4 millions pour celle de la droite, la moitié pour celle de la gauche – n’a pas non plus incité à faire des gestes d’ouverture sur leurs propositions comme sur la composition de leurs équipes de campagne.
textdetox@01907546324b0330d2d8b7669648cc18823323e5/fr/000803	fr	0	Il devait venir à 16h30, il a repoussé à 17h30, il est arrivé à 18h15.   ll fait des sacrées siestes Lasalle !
textdetox@01907546324b0330d2d8b7669648cc18823323e5/fr/000804	fr	0	Il en parle, il vient de parler des lois de moralisation, de sa réforme des institutions (moins de parlementaires, dose de proportionnelle), il a même donné une échéance à ses réformes.
textdetox@01907546324b0330d2d8b7669648cc18823323e5/fr/000805	fr	0	Bizarrement, il y a beaucoup plus d'économistes français dans cette liste que dans la liste anti-sortie de l'euro postée dans un autre topic.
textdetox@01907546324b0330d2d8b7669648cc18823323e5/fr/000806	fr	0	Le résultat est là, nous nous dirigeons vers un extreme gauche contre un extreme droite.   
textdetox@01907546324b0330d2d8b7669648cc18823323e5/fr/000807	fr	0	-veut-simplifier-les-api/145558) pour ce monsieur, qui précise bien qu'il souhaite se développer entre autre à San Francisco.
textdetox@01907546324b0330d2d8b7669648cc18823323e5/fr/000808	fr	0	Perso pour ça j'utilise captvty, tu peux voir/enregistrer le direct et/ou télécharger des émissions par après.
textdetox@01907546324b0330d2d8b7669648cc18823323e5/fr/000809	fr	0	Qui va payer les retraites, le chômage ou la maladie si les cotisations sont baissées?
textdetox@01907546324b0330d2d8b7669648cc18823323e5/fr/000810	fr	0	 Pour le député européen, « *sans doute faudra-t-il s’interroger sur un système qui aboutit à ce que les deux candidats issus de primaires soient aujourd’hui, dans les intentions de vote, éliminés* *du deuxième tour de la présidentielle et que les deux candidats qui arrivent aujourd’hui en tête (Marine Le Pen et Emmanuel Macron) se soient dispensés de toute primaire* ».
textdetox@01907546324b0330d2d8b7669648cc18823323e5/fr/000811	fr	0	L'économie ne marche pas comme cela, enfin sauf une économie planifiée ou il n'y a pas de propriété privée.
textdetox@01907546324b0330d2d8b7669648cc18823323e5/fr/000812	fr	0	"Concernant le nombre, ça laisse intrinsèquement des marges de plusieurs %, mais vue les nécessités de ""redressage"", l'obscurité de celui ci, et parfois, comme on l'a vu précédemment, ses échecs, le risque de variation pour d'autres causes est assez grand et est-ce que ça serait intéressant d'avoir beaucoup plus de monde (sondage plus couteux, probablement plus long, etc...) dans l'échantillon ?"
textdetox@01907546324b0330d2d8b7669648cc18823323e5/fr/000813	fr	0	"Le début de l'article est très caricatural ""Elle est cependant une énième preuve après le cas de la fausse rumeur du financement par l’Arabie Saoudite qu’Emmanuel Macron est la cible de certaines officines qui cherchent à le nuire."
textdetox@01907546324b0330d2d8b7669648cc18823323e5/fr/000814	fr	0	très intéressant même si je suis réservé sur l'intention maligne de manipulation (les redressements ont par exemple lieu sur l'écart entre sondages et votes réels sur d'anciennes élections non ?
textdetox@01907546324b0330d2d8b7669648cc18823323e5/fr/000815	fr	0	Qu'il prenne La Première plutôt que la business class pour aller dans les îles les plus chères du monde, ça fait toujours pas grosse différence pour moi.
textdetox@01907546324b0330d2d8b7669648cc18823323e5/fr/000816	fr	0	D'un point de vue écologique, c'est vachement prometteur, et on se prive de ça...
textdetox@01907546324b0330d2d8b7669648cc18823323e5/fr/000817	fr	0	Pour les autres, soit je connais pas, soit j'écoute pas...  En vrac des trucs que j'ai écouté et assez apprécié sans que ce soit au niveau de Gojira ou même Alcest :  
textdetox@01907546324b0330d2d8b7669648cc18823323e5/fr/000818	fr	0	C'est AsimovWasright qui m'a fait connaitre le lien.  les instituts
textdetox@01907546324b0330d2d8b7669648cc18823323e5/fr/000819	fr	0	Bien au contraire, elle a sauvé et sauvera (je l'espère) un nombre immense d'âmes.
textdetox@01907546324b0330d2d8b7669648cc18823323e5/fr/000820	fr	0	J'ai mis un peu plus de gélatine mais ma panna cotta a pris plus de 2 heures pour bien se solidifier, je conseille de faire ça un jour avant de servir pour être sûr.    Servi avec un [coulis de framboise](
textdetox@01907546324b0330d2d8b7669648cc18823323e5/fr/000821	fr	0	Pffff, quand je vois la quantité de sel que je produis à chaque fois que je perd une élection, j'sais pas si j'aurais envie de connaître cette sensation un dimanche sur deux.
textdetox@01907546324b0330d2d8b7669648cc18823323e5/fr/000822	fr	0	Enfin je ne vois pas le mal que tout ca peut faire, je me fais discipliner et remis a l'ordre, c'est très bien.  
textdetox@01907546324b0330d2d8b7669648cc18823323e5/fr/000823	fr	0	Ça serait au bénéfice de tout le monde de voir ce que les candidats veulent nous dire, plutôt que ce que la rédaction de France 2 veut leur faire dire.
textdetox@01907546324b0330d2d8b7669648cc18823323e5/fr/000824	fr	0	Si on ne le connait pas et qu'il a des résultat différents des autres et qu'il n'est repris que sur les réseaux sociaux, il faut se poser des questions.
textdetox@01907546324b0330d2d8b7669648cc18823323e5/fr/000825	fr	0	Il suffit de pas grand chose pour donner un peu d'élan à sa candidature, juste qu'il soit un peu plus gentil.
textdetox@01907546324b0330d2d8b7669648cc18823323e5/fr/000826	fr	0	-populaires s’y étaient formés afin d’inclure les classes populaires dans les institutions représentatives.
textdetox@01907546324b0330d2d8b7669648cc18823323e5/fr/000827	fr	0	La combinaison d'un hypermarché et de quelques petits commerces (cordonnier, pharmacie, lunettes) + services (banque, coiffeur).  Sans sarcasme, c'est ce que j'ai près de chez moi (banlieue parisienne, partie non-ancienne de la ville ou il y avait la place) et c'est absolument parfait.
textdetox@01907546324b0330d2d8b7669648cc18823323e5/fr/000828	fr	0	Et en ce qui concerne les zones commerciales plus petites mais tout aussi moches qu'on trouve en zone plus rurale, il y a aussi moyen d'améliorer les choses.
textdetox@01907546324b0330d2d8b7669648cc18823323e5/fr/000829	fr	0	mais du coup le DUT ne sera plus «complet» : si on déplace des cours, on en ajoute mais on en enlève aussi ;
textdetox@01907546324b0330d2d8b7669648cc18823323e5/fr/000830	fr	0	Ce sont des cultures qui n'ont maintenant presque plus rien en commun.
textdetox@01907546324b0330d2d8b7669648cc18823323e5/fr/000831	fr	0	Mais OP n'a que 2 messages à son actif et pose une question assez orientée, dans un contexte qui ne la rend pas anodine.  
textdetox@01907546324b0330d2d8b7669648cc18823323e5/fr/000832	fr	0	un (et certains sont probablement faux), à qui j'envoie les réponses?
textdetox@01907546324b0330d2d8b7669648cc18823323e5/fr/000833	fr	0	Le même dont le site annonçait clairement le 4 novembre que Trump n'était qu'à une [maigre marge d'erreur]( derrière Clinton.
textdetox@01907546324b0330d2d8b7669648cc18823323e5/fr/000834	fr	0	Tu as Fillon et Mélenchon aussi qui arrive au même niveau maintenant, pourquoi pas eux ?
textdetox@01907546324b0330d2d8b7669648cc18823323e5/fr/000835	fr	0	pas mieux...  Pour avoir des amis youtubeurs (high-tech) j'espère qu'ils seront pas impactés par la baisse des revenus des annonceurs suite à l'article du Wall Street Journal oui
textdetox@01907546324b0330d2d8b7669648cc18823323e5/fr/000836	fr	0	Non, les récessions déflationnistes ne finissent pas, c'est un puit sans fond.
textdetox@01907546324b0330d2d8b7669648cc18823323e5/fr/000837	fr	0	En gros, le néo libéralisme est naturalisé, et on concède du progressisme sur les questions sociétales, certes importantes, mais qui restent mineures face aux pressions économiques qui pèsent sur les minorités et les personnes en difficultés.
textdetox@01907546324b0330d2d8b7669648cc18823323e5/fr/000838	fr	0	C'est contre-productif selon moi que chaque nation défendent son intérêt économique.  
textdetox@01907546324b0330d2d8b7669648cc18823323e5/fr/000839	fr	0	les prépas sont sélectives et si tu veux mettre toute tes chances de ton côté, oui il vaut mieux en prendre une avec de bon retour plutôt que les petites prépas qui n'envoie personne sur paris depuis 20ans. (juste au cas où on me sort que toute les prépas sont équivalentes donc ça sert à rien de les classer)  A ça tu rajoutes un bon gros fossé entre le niveau de terminale et le niveau en prépa, et tu te rends comptes qu'il y a peut-être intérêt à avoir des bases solides, s'y prendre plus tôt.
textdetox@01907546324b0330d2d8b7669648cc18823323e5/fr/000840	fr	0	On the surface, this appears reasonable, but it is not realistic.
textdetox@01907546324b0330d2d8b7669648cc18823323e5/fr/000841	fr	0	Et cela ne change d'ailleurs rien à la gravité de l'acte par rapport à la personne avortée, à la personne qui avorte, à la loi naturelle et à Dieu.
textdetox@01907546324b0330d2d8b7669648cc18823323e5/fr/000842	fr	0	Je serai curieux de voir si quelqu'un serait capable de trouver des plagiats de Mélenchon sur Daladier, juste avant que ce dernier abandonne les tchèques pour maintenir la paix en Europe.
textdetox@01907546324b0330d2d8b7669648cc18823323e5/fr/000843	fr	0	Au final, ce qui lui est beaucoup reproché c'est qu'on a du mal à décerner son projet.
textdetox@01907546324b0330d2d8b7669648cc18823323e5/fr/000844	fr	0	N'importe quoi, parce que la dévaluation ne touchait que les imports  
textdetox@01907546324b0330d2d8b7669648cc18823323e5/fr/000845	fr	0	Moi si je devais choisir j'appellerais ça les *sciences économiques*, mais on m'a rien demandé alors je sais pas comment ils ont fait
textdetox@01907546324b0330d2d8b7669648cc18823323e5/fr/000846	fr	0	Alors il y a clairement du briggading qui est fait, j'en ai d'autres exemples, mais il n'est pas si important.
textdetox@01907546324b0330d2d8b7669648cc18823323e5/fr/000847	fr	0	Ils se sont tous barrés au fur et à mesure, à part ma copine et moi, parce que le film était bizarre.
textdetox@01907546324b0330d2d8b7669648cc18823323e5/fr/000848	fr	0	Je suis le seul à voir le nawak venir sur ce point la ?  deux thèmes déterminés par la rédaction seront abordés
textdetox@01907546324b0330d2d8b7669648cc18823323e5/fr/000849	fr	0	Par contre pour l'accent si, on trouve le même à Cali, en Colombie, et en Uruguay bien sûr.
textdetox@01907546324b0330d2d8b7669648cc18823323e5/fr/000850	fr	0	un, il y a de grandes chances que la France ait son plus jeune président de l'histoire.
textdetox@01907546324b0330d2d8b7669648cc18823323e5/fr/000851	fr	0	Il est admis par simplification que si elle était calculable, elle serait proche du calcul de la marge d’erreur lorsque l’échantillon est constitué  aléatoirement (échantillon non probabiliste).
textdetox@01907546324b0330d2d8b7669648cc18823323e5/fr/000852	fr	0	En tout cas ça change rien à mon vote même si il était coupable de tout, il a le seul programme qui me convient.   
textdetox@01907546324b0330d2d8b7669648cc18823323e5/fr/000853	fr	0	En supprimant entre 10 et 20Mds de recettes pour les collectivités locales, leurs gestionnaires ont peur de ne plus pouvoir subvenir aux besoins de leurs habitants. (logement, crèches, écoles, déchets).  
textdetox@01907546324b0330d2d8b7669648cc18823323e5/fr/000854	fr	0	Mais j'imagine que l'euro c'est également une formidable ceinture de sécurité du coup?
textdetox@01907546324b0330d2d8b7669648cc18823323e5/fr/000855	fr	0	"Du coup, c'est bien ça nous donne un sujet de discussion, en postant mon ""propre contenu"" JE ""participe à la communauté"", c'est ma façon de voir les choses ici et non la votre apparemment."
textdetox@01907546324b0330d2d8b7669648cc18823323e5/fr/000856	fr	0	J'ai actuellement 329€ qui partent par mois et ce pendant encore 2 ans.
textdetox@01907546324b0330d2d8b7669648cc18823323e5/fr/000857	fr	0	En quoi c'est discutable, sinon quand on a un agenda idéologique ?   
textdetox@01907546324b0330d2d8b7669648cc18823323e5/fr/000858	fr	0	- que toute forte croissance, toute prospérité économique (il doit y avoir 15 définitions, peut-être une permet-elle de rendre ce que je dis faux) est en partie liée au travail de migrants.  
textdetox@01907546324b0330d2d8b7669648cc18823323e5/fr/000859	fr	0	Je pense pas forcément que c'est l'idéologie dominante des services, mais ceux qui sont de ce bord ont et ont eu quelques faits d'armes notables.
textdetox@01907546324b0330d2d8b7669648cc18823323e5/fr/000860	fr	0	D'habitude c'est plus genre 5, 7 ça commence à m'embêter un peu.  
textdetox@01907546324b0330d2d8b7669648cc18823323e5/fr/000861	fr	0	Faut dire qu'il y a un tel rouleau compresseur de propagande en face que le decodex du Monde c'est un peu la goutte d'eau.
textdetox@01907546324b0330d2d8b7669648cc18823323e5/fr/000862	fr	0	je t'ai fais une liste de pays que tu devrais apprécier, aux prochaines vacances:  Corée du Nord, Philippines, Turquie, Libye, Zimbabwe.
textdetox@01907546324b0330d2d8b7669648cc18823323e5/fr/000863	fr	0	Mais c'est le choix des Francais, et il faudra que ca casse un jour.
textdetox@01907546324b0330d2d8b7669648cc18823323e5/fr/000864	fr	0	Je ne comprends pas que l'on puisse ne pas prendre part à un tel choix.
textdetox@01907546324b0330d2d8b7669648cc18823323e5/fr/000865	fr	0	J'avais envie de refaire du pain récemment mais mes dernières expériences avaient pris tellement de temps que j'ai pas trouvé le courage, je vais tester ça ce week-end tiens !
textdetox@01907546324b0330d2d8b7669648cc18823323e5/fr/000866	fr	0	Manquerait plus qu'on aie des biologistes lyssenkistes pour boucler la boucle (heureusement que ce n'est pas le cas).
textdetox@01907546324b0330d2d8b7669648cc18823323e5/fr/000867	fr	0	Vomit viennent de sortir un single avec un album à venir dans le cours du mois : donc actuel !
textdetox@01907546324b0330d2d8b7669648cc18823323e5/fr/000868	fr	0	On devrait pas changer nos habitudes, je ne pense pas qu'il y aura plus de post que cette dernière semaine.
textdetox@01907546324b0330d2d8b7669648cc18823323e5/fr/000869	fr	0	Après il y a la série Abe Sapien, qui est, cela va de soit, centré sur le pote amphibie du bonhomme rouge, et qui du coup suit là aussi un schéma un peu plus semblable à la série Hellboy.
textdetox@01907546324b0330d2d8b7669648cc18823323e5/fr/000870	fr	0	Si 48% des gens sont contre la peine de mort, c'est mal barré pour gagner un referendum.
textdetox@01907546324b0330d2d8b7669648cc18823323e5/fr/000871	fr	0	"Ca m'étonnerait que ta mairie vérifie ""à la main"" auprès de l'INSEE avant chaque élection, c'est possible, mais je vois pas le gens qui s'occupe de ça à l'INSEE perdre du temps sur *une* commune pour faire ça."
textdetox@01907546324b0330d2d8b7669648cc18823323e5/fr/000872	fr	0	Au final, je fais plus confiance à personne et faut croire qu'il faudrait qu'on en fasse tous autant.
textdetox@01907546324b0330d2d8b7669648cc18823323e5/fr/000873	fr	0	"La moral du Brexit et de Trump est simple: ""Tout ce qu'on a faire c'est aller voter""."
textdetox@01907546324b0330d2d8b7669648cc18823323e5/fr/000874	fr	0	Et puis je me paye les Omnibus et les Library Edition quand elles sortent.  
textdetox@01907546324b0330d2d8b7669648cc18823323e5/fr/000875	fr	0	Et je suis caricatural parce que je réclame que des équilibres soient modifiés pour plus d'équité ?
textdetox@01907546324b0330d2d8b7669648cc18823323e5/fr/000876	fr	0	"Dans l'historique des présidentielles, il l'a sorti dans les moments ""normaux"", si l'on peut dire."
textdetox@01907546324b0330d2d8b7669648cc18823323e5/fr/000877	fr	0	Elle se targue du soutien des économistes mais elle parle en fait des articles (de Stiglitz et Krugman notament) qui critiquent la zone euro sur son fonctionemment.
textdetox@01907546324b0330d2d8b7669648cc18823323e5/fr/000878	fr	0	Par exemple j'aurais pu mettre Lofofora dans mon top 10 parce que je les adore, qu'ils sortent encore des trucs, même si ça fait 20 ans que je le écoute !
textdetox@01907546324b0330d2d8b7669648cc18823323e5/fr/000879	fr	0	si les consommateurs n'ont pas confiance, ils ne vont pas dépenser tout leur pognon, ils vont le garder.
textdetox@01907546324b0330d2d8b7669648cc18823323e5/fr/000880	fr	0	Je comprend pas bien ce que le monsieur dit dans ce [Tweet](  I continue to worry about the lack of variation in French election polls.
textdetox@01907546324b0330d2d8b7669648cc18823323e5/fr/000881	fr	0	La salle était blindée, y avait une queue immense dehors et y avait de l'ambiance.
textdetox@01907546324b0330d2d8b7669648cc18823323e5/fr/000882	fr	0	"Parce qu'à la lecture de l'article, tout ce que je retiens, c'est : ""comment ce mec a-t-il pu trouver 500 personnes pour lui donner leur parrainage ?"
textdetox@01907546324b0330d2d8b7669648cc18823323e5/fr/000883	fr	0	Merci, j'ai changé d'avis je vais voter Macron dimanche prochain parce qu'il apporte de réeles solutions !
textdetox@01907546324b0330d2d8b7669648cc18823323e5/fr/000884	fr	0	Ta vidéo sur Macron a déjà été postée ce qui explique sans doute les downvotes.
textdetox@01907546324b0330d2d8b7669648cc18823323e5/fr/000885	fr	0	~~Ton gâteau de Pâques italien à l'anis ressemble vachement à une tarte aux pommes !
textdetox@01907546324b0330d2d8b7669648cc18823323e5/fr/000886	fr	0	Tu as vu une proposition pour profodement changer le syndicalisme?
textdetox@01907546324b0330d2d8b7669648cc18823323e5/fr/000887	fr	0	Je vois régulièrement des posts du style carte postale sur r/france et les sujets photographiés sont souvent... plus photogéniques (La maison sur la droite, les collines pelées au second plan...).  
textdetox@01907546324b0330d2d8b7669648cc18823323e5/fr/000888	fr	0	Il faudrait simplement faire un contrôle fiscal approfondi et obligatoire pour tous les candidats à la présidence, pas juste croire les déclarations
textdetox@01907546324b0330d2d8b7669648cc18823323e5/fr/000889	fr	0	Au final, elles se révéleront préjudiciables à la France ainsi qu’à ses partenaires commerciaux.
textdetox@01907546324b0330d2d8b7669648cc18823323e5/fr/000890	fr	0	Mélenchon est aux portes du deuxième tour à une semaine du premier donc la chasse est ouverte.
textdetox@01907546324b0330d2d8b7669648cc18823323e5/fr/000891	fr	0	* Dans ton flux (humour) * Data Gueule (journalistique, très bons reportages)
textdetox@01907546324b0330d2d8b7669648cc18823323e5/fr/000892	fr	0	Parfait pour chiller quand tu rentres de Vannes avec ton bronzage orange.
textdetox@01907546324b0330d2d8b7669648cc18823323e5/fr/000893	fr	0	"C'est un peu hors sujet mais:  Quelqu'un peut-il confirmer que l'expression ""c'est comme [nom] qui + verbe conditionnel"" est grammaticalement correcte?"
textdetox@01907546324b0330d2d8b7669648cc18823323e5/fr/000894	fr	0	Les idéaux de souveraineté populaire et d’une plus grande égalité ont disparu et les élections n’offrent plus aux citoyens la possibilité de choisir entre des projets politiques différents.  Comme le proclamait un des slogans du mouvement des « indignés » en Espagne : « Nous avons un vote, mais nous n’avons pas de voix. »
textdetox@01907546324b0330d2d8b7669648cc18823323e5/fr/000895	fr	0	c'est qui ces types qui votent un candidat au premier tour pour ensuite voter pour quelqu'un d'autre si le dit candidat arrive au second tour ?
textdetox@01907546324b0330d2d8b7669648cc18823323e5/fr/000896	fr	0	Ça donne vraisemblablement une marge d'erreur de 2-3%, plutôt 3%.
textdetox@01907546324b0330d2d8b7669648cc18823323e5/fr/000897	fr	0	Spécifiquement du renoncement de Hollande sur le sujet face à Merkel.    
textdetox@01907546324b0330d2d8b7669648cc18823323e5/fr/000898	fr	0	Quand ils sont bien intégrés au marché du travail, les migrants peuvent être une opportunité économique pour le pays d’accueil.
textdetox@01907546324b0330d2d8b7669648cc18823323e5/fr/000899	fr	0	Mes parents qui m'ont élevée et qui ont assumé la responsabilité que j'étais pour eux, ont payé et paient toujours des impôts en France, ils ont largement remboursé ce que j'ai pu coûté quand j'étais leur responsabilité.
textdetox@01907546324b0330d2d8b7669648cc18823323e5/fr/000900	fr	0	Une heure de retard au boulot parce que le train devant le mien a heurté un animal.
textdetox@01907546324b0330d2d8b7669648cc18823323e5/fr/000901	fr	0	Encore une fois tu répètes ton truc des 30k par mois, j'attends toujours les sources.
textdetox@01907546324b0330d2d8b7669648cc18823323e5/fr/000902	fr	0	Quand je suis pressé, ou pas trop courageux, j'aime bien cette recette, avec une seule levée et donc, assez rapide.
textdetox@01907546324b0330d2d8b7669648cc18823323e5/fr/000903	fr	0	Par exemple si j'étais allé à la fac je serai allé dans une fac médiocre puis j'aurai du changer de fac en master pour avoir un truc minimum reconnu au niveau national et international.   
textdetox@01907546324b0330d2d8b7669648cc18823323e5/fr/000904	fr	0	Il ne faut pas remettre en question le candidat jeune et dynamique de l'oligarchie des médias et des banques je crois
textdetox@01907546324b0330d2d8b7669648cc18823323e5/fr/000905	fr	0	Alors on commence à réfléchir, et si on avait commis une erreur quelque part ?   
textdetox@01907546324b0330d2d8b7669648cc18823323e5/fr/000906	fr	0	Google font ce qu'ils veulent de ce que je leur donne, comme tu fais ce que tu veux de ce que je te donne.
textdetox@01907546324b0330d2d8b7669648cc18823323e5/fr/000907	fr	0	Non seulement ça, mais quand on fait pour X K€ de travaux dans une baraque, ça veut pas dire qu'elle prend X K€ net en valeur.
textdetox@01907546324b0330d2d8b7669648cc18823323e5/fr/000908	fr	0	Non, si la France n'avait pas fait le CICE elle n'aurait pas pu embaucher 2,5 millions de personnes à €1850 par mois.
textdetox@01907546324b0330d2d8b7669648cc18823323e5/fr/000909	fr	0	Et quand je dis actuel, c'est plus des groupes qui tournent / sortent encore des albums, que des groupes qui viennent de se former.
textdetox@01907546324b0330d2d8b7669648cc18823323e5/fr/000910	fr	0	Celle de dord et valls et celles avec melenchon sont vraiment trop énorme aussi.
textdetox@01907546324b0330d2d8b7669648cc18823323e5/fr/000911	fr	0	";)  (je ne connais pas tes calculs, mais j'ai déjà vu ce genre d'erreur pendant mes études ""Et là, je calcule l'évolution de la position en fonction du temps"" ""Euh... la vitesse ?"
textdetox@01907546324b0330d2d8b7669648cc18823323e5/fr/000912	fr	0	Au vu des réactions et menaces persos reçues en mp, ainsi que du conseil d'un ancien FI qui le connaît bien, j'ai retiré mon post.
textdetox@01907546324b0330d2d8b7669648cc18823323e5/fr/000913	fr	0	Les types ont malgré tout trouvé 20 ONG dont certaines très connues qui, il faut quand même l'avouer, mettent en avant leurs appréciations positives du programme de JLM.
textdetox@01907546324b0330d2d8b7669648cc18823323e5/fr/000914	fr	0	Après il parle de faire des annales, c'est cool, j'en ai pas fait une seule fois avant les concours.
textdetox@01907546324b0330d2d8b7669648cc18823323e5/fr/000915	fr	0	Comme les normes se sont considérablement durcies avec le temps, nos vielles centrales sont aujourd'hui plus sûres qu'a leur mise en service.
textdetox@01907546324b0330d2d8b7669648cc18823323e5/fr/000916	fr	0	Mais je suis d'accord sur le fond, en dehors des milieux politisés, ben les gens sont pas si révolutionnaires que ça.
textdetox@01907546324b0330d2d8b7669648cc18823323e5/fr/000917	fr	0	"""Pour dénoncer les biais des médias on va systématiquement prendre le biais inverse""."
textdetox@01907546324b0330d2d8b7669648cc18823323e5/fr/000918	fr	0	C'est le quatrième de couverture de *La Grande Transformation*, de Karl Polanyi, je te le recommande !
textdetox@01907546324b0330d2d8b7669648cc18823323e5/fr/000919	fr	0	Qui sait, c'est peut-être les mecs armés dans les lieux publics a cause de l’état urgence ?  
textdetox@01907546324b0330d2d8b7669648cc18823323e5/fr/000920	fr	0	Si c'est entre zéro et un, tu peux parler d'une vitesse normalisée.  Puisque 0.5 signifie la même chose qu'on parle d'une luge ou d'un vaisseau spatial.
textdetox@01907546324b0330d2d8b7669648cc18823323e5/fr/000921	fr	0	Pour ton second exemple, pas moi non plus, mais je pense que j'aurai validé pareil parceque ça m'a pas l'air d'être une conversation sérieuse (c'est nimp, je comprends pas bien).   Après, si tu trouves, sur le coup, qu'on réagit pas d'une façon qui te paraisse normal, n’hésites pas à envoyer un modmail.
textdetox@01907546324b0330d2d8b7669648cc18823323e5/fr/000922	fr	0	Justement rien n'est joué car aujourd'hui 4 candidats peuvent prétendre passer au second tour.
textdetox@01907546324b0330d2d8b7669648cc18823323e5/fr/000923	fr	0	Et sinon tu as un liens ou une analyse sur les proposition/déclarations de JLM concernant les électeurs juifs de France qui s'inquiètent de la montée de l'antisémitisme en France ?
textdetox@01907546324b0330d2d8b7669648cc18823323e5/fr/000924	fr	0	Qu'ils viennent à 50 000 juste dans le but de perturber le sub, non.
textdetox@01907546324b0330d2d8b7669648cc18823323e5/fr/000925	fr	0	Ce qui s’exprime à travers le « moment populiste » qui caractérise la conjoncture actuelle, c’est le rejet de la post-démocratie.
textdetox@01907546324b0330d2d8b7669648cc18823323e5/fr/000926	fr	0	Conclusion: les estimations statistiques ne sont pas effectuées proprement.  
textdetox@01907546324b0330d2d8b7669648cc18823323e5/fr/000927	fr	0	Maintenant chaque fois que je me lave les mains, je pense à u/canteloupy au moment où je coupe l'eau pour me savonner.
textdetox@01907546324b0330d2d8b7669648cc18823323e5/fr/000928	fr	0	Par exemple pour Fillon, des gens cherchent sûrement un résumé des affaires.
textdetox@01907546324b0330d2d8b7669648cc18823323e5/fr/000929	fr	0	mais comme je suis tombé sur la solution par hasard ça compte pas comme de la triche.  
textdetox@01907546324b0330d2d8b7669648cc18823323e5/fr/000930	fr	0	Ça se fait pifométriquement, c'est inévitable, mais on ne peut pas y faire grand chose.
textdetox@01907546324b0330d2d8b7669648cc18823323e5/fr/000931	fr	0	Mais si tu voulais dire que ça fait parti de la France, alors oui, tu as raison.
textdetox@01907546324b0330d2d8b7669648cc18823323e5/fr/000932	fr	0	Au passage, les tweets qui réagissent au tweet en OP sont plutôt intéressants.
textdetox@01907546324b0330d2d8b7669648cc18823323e5/fr/000933	fr	0	Je pense qu'on pourrait sticky un post avec en lien tous les programmes des candidats au minimum pour permettre aux gens d'accéder facilement à l'indo
textdetox@01907546324b0330d2d8b7669648cc18823323e5/fr/000934	fr	0	"Donc si quelqu'un meurt dans un accident de voiture, c'est que la dimension capitale de la ceinture de sécurité est ""bien discutable"", compris !"
textdetox@01907546324b0330d2d8b7669648cc18823323e5/fr/000935	fr	0	Heu... Désolé, je sens qu'il y a une blague, mais j'arrive pas à percuter.
textdetox@01907546324b0330d2d8b7669648cc18823323e5/fr/000936	fr	0	Sauf que la vignette ne sera valable que pour les grandes villes et touchera donc qu'un nombre très limité de véhicules et ne changera donc rien en matière d'émission de CO2, l'idée de ces vignettes en Allemagne est vraiment uniquement pour la respirabilité de l'air dans les villes, où les dioxydes d'azotes et particules fines polluent l'air (smog), venant des diesels (très récents aussi et nouveaux moteurs essence à injection directe).  Réduire l'émission de CO2 ça se fait avec des mésures concernant tout le monde, pas uniquement les voitures circulant en centre ville.  
textdetox@01907546324b0330d2d8b7669648cc18823323e5/fr/000937	fr	0	Et oui je suis à fond dans le doom mais tendance stoner (moins le doom black) :
textdetox@01907546324b0330d2d8b7669648cc18823323e5/fr/000938	fr	0	Master ou dilpome d ingenieur (+2ans) = graduate Master of scsience (+1-2 ans ) Doctorat (3 ans) = phd (2-7 ans)
textdetox@01907546324b0330d2d8b7669648cc18823323e5/fr/000939	fr	0	"Histoire que ""l'exemple de la nation"" soit exemplaire pour de vrai ?"
textdetox@01907546324b0330d2d8b7669648cc18823323e5/fr/000940	fr	0	Ne pas aller voter revient à voter blanc et s'il était reconnu il y aurait beaucoup moins d'abstention.
textdetox@01907546324b0330d2d8b7669648cc18823323e5/fr/000941	fr	0	"Histoire que ""l'exemple de la nation"" soit exemplaire pour de vrai ?"
textdetox@01907546324b0330d2d8b7669648cc18823323e5/fr/000942	fr	0	La science ça s'arrête pas à tous les trucs moins sûrs que la biologie, hein.
textdetox@01907546324b0330d2d8b7669648cc18823323e5/fr/000943	fr	0	Les courbes sont disponibles [pour chaque semaine et chaque candidat](
textdetox@01907546324b0330d2d8b7669648cc18823323e5/fr/000944	fr	0	J'ai presque envie de dire, tant qu'on est dans le vague et qu'on parle de tendances historiques, qu'un pays, une nation, ce n'est qu'un réservoir alimenté par des arrivées extérieures dont une partie est miscible avec le contenu initial.   D'autre part, ta définition de la prospérité m'intéresse !
textdetox@01907546324b0330d2d8b7669648cc18823323e5/fr/000945	fr	0	Ce matin, je suis venu au bureau 30 minutes plus tôt pour mettre des chocolats de pâques sur les bureaux de quelques collègues.  
textdetox@01907546324b0330d2d8b7669648cc18823323e5/fr/000946	fr	0	"vis-à-vis du client: dans les faits, ils vendent un genre de synthèse de leur sondage avec tous les autres sondages précédents, en présentant ça comme un ""nouveau"" sondage."
textdetox@01907546324b0330d2d8b7669648cc18823323e5/fr/000947	fr	0	Mais bon, d'un autre côté, ça reste une émission de comédie, pas d'information.
textdetox@01907546324b0330d2d8b7669648cc18823323e5/fr/000948	fr	0	Bof, y'a déjà ce qu'on les utilise pour apprécier (pinard, fromage, PMU et Ricard).
textdetox@01907546324b0330d2d8b7669648cc18823323e5/fr/000949	fr	0	C'est bidon de comparer des politiques d'austérité avec une politique de l'offre.
textdetox@01907546324b0330d2d8b7669648cc18823323e5/fr/000950	fr	0	C’est la raison pour laquelle le populisme est aujourd’hui ici aussi à l’ordre du jour.
textdetox@01907546324b0330d2d8b7669648cc18823323e5/fr/000951	fr	0	Ça a été deux années très stimulantes et desquelles je retire un excellent souvenir, et sans lesquelles je ne serais pas là où je suis maintenant (ne serais-ce que parce qu'à cette époque, sans challenge, glander m'allait très bien).
textdetox@01907546324b0330d2d8b7669648cc18823323e5/fr/000952	fr	0	Le chat a été désactivé pour cette diffusion en direct.  Pourquoi ?
textdetox@01907546324b0330d2d8b7669648cc18823323e5/fr/000953	fr	0	... quand la lutte pour les droits humains et sociaux est perçue comme un dictat... on a du souci à se faire les gens.   (edit: je parle bien sûr de la peur de certains de voir Jean-Luc Mélenchon élu...)
textdetox@01907546324b0330d2d8b7669648cc18823323e5/fr/000954	fr	0	De la même manière que le DEUG a été supprimé (ce qui n'a pas dû aider le taux de réussite en fac :-( ).
textdetox@01907546324b0330d2d8b7669648cc18823323e5/fr/000955	fr	0	On a regardé *Her* de Spike Jonze avec Joachim Phoenix, Scarlett Johansson, ...
textdetox@01907546324b0330d2d8b7669648cc18823323e5/fr/000956	fr	0	- un terrain acquis  - un petit espace qui vaut pas la peine  Donc je te dis ça de la façon la plus sincère, je ne pense pas qu'il y ait beaucoup de gens venant du discord FI sur le sub, et encore moins de consignes visant à cibler des posts.
textdetox@01907546324b0330d2d8b7669648cc18823323e5/fr/000957	fr	0	Tu auras remarqué qu'il y a plusieurs salons de veille (FB, Twitter, Youtube...) mais pas Reddit, pour la simple raison que la très grande majorité du Discord n'en a rien à faire, sincèrement.
textdetox@01907546324b0330d2d8b7669648cc18823323e5/fr/000958	fr	0	Je comprends parfaitement qu'on puisse voter pour des tas de raisons, seulement, de mon point de vue, jamais rien ne sera aussi que les luttes sociales de fond, qui sont un autre moyen d'exprimer son avis.
textdetox@01907546324b0330d2d8b7669648cc18823323e5/fr/000959	fr	0	Non, il n'y a pas que des Américains, même s'ils sont tous passés par les écoles américaines à un moment ou à un autre.
textdetox@01907546324b0330d2d8b7669648cc18823323e5/fr/000960	fr	0	Il serait syndicaliste dans une petite structure, il aurait sans doute du travail à faire mais dans une multinationale comme Ford, j'ai tendance à croire que ce qui s'appliquait aux pères de mes amies, s'applique à lui.
textdetox@01907546324b0330d2d8b7669648cc18823323e5/fr/000961	fr	0	"""Nous avons réalisé un sondage sur un échantillon de 500 personnes tirées au hasard sur /r/France."
textdetox@01907546324b0330d2d8b7669648cc18823323e5/fr/000962	fr	0	Sauf qu'une VIème république demandé directement par le peuple, ça a une autre tronche dans les livres d'histoire, et une portée dans les esprits bien plus grande.
textdetox@01907546324b0330d2d8b7669648cc18823323e5/fr/000963	fr	0	C'est bien pour ça qu'ils mettent le nom de Stiglitz en exergue !
textdetox@01907546324b0330d2d8b7669648cc18823323e5/fr/000964	fr	0	pour : - circuler et stationner dans les zones à circulation restreinte décidées par les collectivités, comme à Paris intra-périphérique,  
textdetox@01907546324b0330d2d8b7669648cc18823323e5/fr/000965	fr	0	Même si mon message est effectivement un peu caricatural puisque certains de ces économistes ne sont pas toujours dans le dogme classique.
textdetox@01907546324b0330d2d8b7669648cc18823323e5/fr/000966	fr	0	J'ai l'impression que /u/bussiere c'est l'homme à tout faire du sub
textdetox@01907546324b0330d2d8b7669648cc18823323e5/fr/000967	fr	0	"ça s'appelle vulgairement ""savoir où on crèche""... sans même parler de termes et phrases qui seraient plus précis ou plus faciles à décrire en français pour ces chercheurs francophones.   "
textdetox@01907546324b0330d2d8b7669648cc18823323e5/fr/000968	fr	0	De même les avocat s'étonne de l'absence de valeur mobilière sur la déclaration, alors qu'il déclare presque 600 000€ de revenu de capitaux mobilier.
textdetox@01907546324b0330d2d8b7669648cc18823323e5/fr/000969	fr	0	Ils sont persuadés qu'on est que deux-cent pécores et de toute manière comme le montre les sondages du sub on est très, très majoritaires à gauche (chez les utilisateurs actifs au moins).  
textdetox@01907546324b0330d2d8b7669648cc18823323e5/fr/000970	fr	0	J'aime bien le côté technicien de Macron, mais je suis plus proche de Hamon idéologiquement ...  (Je sens arriver les commentaires à 12 000 bornes, restez courtois svp (-: )
textdetox@01907546324b0330d2d8b7669648cc18823323e5/fr/000971	fr	0	, c'est pas d'etre cher, c'est de financer les services fournis par l'etat.  D'ailleurs le but des services fournis par l'etat
textdetox@01907546324b0330d2d8b7669648cc18823323e5/fr/000972	fr	0	La France, l'Italie, l'Espagne, la Grèce connaissent ce progrès depuis l'UE?
textdetox@01907546324b0330d2d8b7669648cc18823323e5/fr/000973	fr	0	Je dois pas être suffisament métaleux pour un top10 avec que des Français,  mais (si tu considères le Doom/Drone comme du Métal)
textdetox@01907546324b0330d2d8b7669648cc18823323e5/fr/000974	fr	0	Moi je parle des promesses des candidats qui disent qu'ils vont faire changer les choses en notre faveur au niveau Européen.
textdetox@01907546324b0330d2d8b7669648cc18823323e5/fr/000975	fr	0	Puis, bref, il faut admettre que vu la technicité en pompage de brouillard du site (paraître obscur pour sembler profond) il est facile de lâcher l'affaire.  
textdetox@01907546324b0330d2d8b7669648cc18823323e5/fr/000976	fr	0	En outre, *Avoir une mutuelle*, ça ne veut pas dire grand chose, ma mère (retraitée) cotise à une mutuelle minimale qui ne rembourse pas grand chose, mais elle est officiellement  *couverte par une complémentaire*.
textdetox@01907546324b0330d2d8b7669648cc18823323e5/fr/000977	fr	0	C'est tout le problème que j'essaie d'exposer en fait, en pointant que le vote est devenu au fil de la dépolitisation des citoyens, le seul moyen qu'elle se donne d'exprimer son avis.  
textdetox@01907546324b0330d2d8b7669648cc18823323e5/fr/000978	fr	0	mais c'est laaaaaaaaaaaaarge, coupe sur des trucs à droite à gauche, et voilà
textdetox@01907546324b0330d2d8b7669648cc18823323e5/fr/000979	fr	0	"Certes c'est un pourcentage ou un taux (RATE en anglais) mais la question est ""A quoi sert cette variable ?"
textdetox@01907546324b0330d2d8b7669648cc18823323e5/fr/000980	fr	0	"Tu dis pas ""hold my beer"" si tu racontes juste ce que tu as fait la veille.   "
textdetox@01907546324b0330d2d8b7669648cc18823323e5/fr/000981	fr	0	Ce serait dire que toute science, tant qu'elle n'arrive pas à prédire 100% des phénomènes, n'est pas une science.
textdetox@01907546324b0330d2d8b7669648cc18823323e5/fr/000982	fr	0	C'est marrant, moi j'ai entendu plusieurs fois JLM s'exprimer la dessus (notamment sur la baisse des charges pour les TPE et PME).   
textdetox@01907546324b0330d2d8b7669648cc18823323e5/fr/000983	fr	0	"Ha ok, donc selon Macron pour parvenir à appliquer ""Notre projet"" il faudra présider sérieusement, gouverner autrement, et représenter vraiment."
textdetox@01907546324b0330d2d8b7669648cc18823323e5/fr/000984	fr	0	Quelqu'un nous mets deux petites barres verticales pour les deux débats ?
textdetox@01907546324b0330d2d8b7669648cc18823323e5/fr/000985	fr	0	Finalement ça semble plutôt intéressant et respectueux de la diversité philosophique.
textdetox@01907546324b0330d2d8b7669648cc18823323e5/fr/000986	fr	0	"une ""Library Edition"", en angliche, 6 tomes, grand format, qui rassemblent ce premier cycle ( et que je recommande ).  "
textdetox@01907546324b0330d2d8b7669648cc18823323e5/fr/000987	fr	0	ça, le nivellement par le bas, c'est le fond de commerce de l'EN depuis déja quelques décennies.
textdetox@01907546324b0330d2d8b7669648cc18823323e5/fr/000988	fr	0	Les pays nordiques n'ont-ils pas conscience de l'enjeu et des risques d'une société moins libre, et aussi anti-démocratique, associés au fichage ?  
textdetox@01907546324b0330d2d8b7669648cc18823323e5/fr/000989	fr	0	C'est un révolutionnaire communiste, c'est juste une version allégée pour le marketing comme le FN essai de faire croire que c'est devenu une version light.
textdetox@01907546324b0330d2d8b7669648cc18823323e5/fr/000990	fr	0	C'est pour ca qu'on a besoin de quelqu'un pour tenir notre vin pendant qu'on agis.
textdetox@01907546324b0330d2d8b7669648cc18823323e5/fr/000991	fr	0	Il en existe déjà plusieurs et il me semble que la taxe d'habitation et ses revenus sont déjà introduits dans le mode de calcul de plusieurs d'entre eux (mais je ne suis pas sur).
textdetox@01907546324b0330d2d8b7669648cc18823323e5/fr/000992	fr	0	D'ailleurs j'ai décidé de voter Macron au 1er tour juste pour éviter le second tour Fillon-Le Pen.
textdetox@01907546324b0330d2d8b7669648cc18823323e5/fr/000993	fr	0	Parce que ce sont les plus vieilles écoles, ceux qui fantasment la France du 19e et debut
textdetox@01907546324b0330d2d8b7669648cc18823323e5/fr/000994	fr	0	"Ça donne une impression de ""Je ferais ma tambouille, faites moi confiance""."
textdetox@01907546324b0330d2d8b7669648cc18823323e5/fr/000995	fr	0	La seule chose que j'aime dans cette période électorale c'est la production accrue de memes.
textdetox@01907546324b0330d2d8b7669648cc18823323e5/fr/000996	fr	0	Je suis aussi expatrié et, j'en fais pas non plus une vitrine pour expliquer pourquoi j'ai mon opinion.
textdetox@01907546324b0330d2d8b7669648cc18823323e5/fr/000997	fr	0	Et je suis prêt à vénérer Kek et à chanter Shadilay, pour ça, s'il le faut.
textdetox@01907546324b0330d2d8b7669648cc18823323e5/fr/000998	fr	0	Si c'était vrai, il n'y aurait pas besoin de lancer de fausses rumeurs sur lui.
textdetox@01907546324b0330d2d8b7669648cc18823323e5/fr/000999	fr	0	Pour les données 2015, je ne les ait pas trouvées sur le site, donc je me garderait bien d'en faire une analyse sans avoir les données finies.
textdetox@01907546324b0330d2d8b7669648cc18823323e5/fr/001000	fr	0	Le matin, quand tu as de la peine à te réveiller, aie cette pensée présente à l’esprit [
textdetox@01907546324b0330d2d8b7669648cc18823323e5/fr/001001	fr	0	J'invite le lecteur à regarder le champ précis du sondage : les personnes inscrites sur une liste électorale et toute à fait certaines d'aller voter.
textdetox@01907546324b0330d2d8b7669648cc18823323e5/fr/001002	fr	0	Ecoute je suis pessimiste pour Mélenchon mais pour moi le combat du Siècle est celui que l'on doit mener face au cynisme, donc j'assumerai et j'avancerai quand même !
textdetox@01907546324b0330d2d8b7669648cc18823323e5/fr/001003	fr	0	Sans parler des millions dépensés en greenwashing plutôt que dans le traitement.
textdetox@01907546324b0330d2d8b7669648cc18823323e5/fr/001004	fr	0	Nous ne pouvons pas non plus prédire l'effet d'une action, encore moins d'une multitude.  
textdetox@01907546324b0330d2d8b7669648cc18823323e5/fr/001005	fr	0	* »  Droite et gauche traditionnelles sont menacées d’implosion sous l’effet de leurs divisions internes, accentuées par les concurrences d’une extrême droite nourrie par la crise économique et démocratique, d’un « macronisme » transpartisan et d’une gauche à l’ancienne portée par « l’insoumis » Mélenchon et plongée dans un bain de jouvence politique.
textdetox@01907546324b0330d2d8b7669648cc18823323e5/fr/001006	fr	0	Clark a surtout pas mis un pied sur reddit, ce jour là en tt cas, le brigading supposé a eu lieu ce week-end pas avant.
textdetox@01907546324b0330d2d8b7669648cc18823323e5/fr/001007	fr	0	Ce n'est pas le caractère protecteur qui est intéressant ici, c'est comment tu créés un lien de causalité sur à peu près rien.
textdetox@01907546324b0330d2d8b7669648cc18823323e5/fr/001008	fr	0	Historiquement la russie tentait de manipuler les partis communistes.
textdetox@01907546324b0330d2d8b7669648cc18823323e5/fr/001009	fr	0	Un des avantages du nommage français est qu'il place les descripteur les plus spécifique naturellement sur la gauche.   TauxVitesse   SpeedRate
textdetox@01907546324b0330d2d8b7669648cc18823323e5/fr/001010	fr	0	Beaucoup de locaux appellent encore la ville Saigon de ce que j'ai vu.
textdetox@01907546324b0330d2d8b7669648cc18823323e5/fr/001011	fr	0	Le report devra se faire sur la taxe foncière comme ça se fait dans les pays sans taxe d'habitation.
textdetox@01907546324b0330d2d8b7669648cc18823323e5/fr/001012	fr	0	Je suis en partie d'accord avec toi.    Mais la politique d'austérité, laquelle est d'ailleurs critiquée par le FMI depuis quelques années après l'avoir passionnément défendue, vient bel et bien des injonctions européennes.
textdetox@01907546324b0330d2d8b7669648cc18823323e5/fr/001013	fr	0	- et en fait il s'était rendu compte tard que ce bon Manu tenait un discours différent selon son interlocuteur
textdetox@01907546324b0330d2d8b7669648cc18823323e5/fr/001014	fr	0	Et un autre te réponds: Je confirme, et il est aussi difficile de proposer quelque chose de satisfaisant.
textdetox@01907546324b0330d2d8b7669648cc18823323e5/fr/001015	fr	0	la Libération~~ En juin 1940*, les tirailleurs sénégalais se sont sacrifiés pour essayer de sauver Lyon de la contre-attaque allemande.
textdetox@01907546324b0330d2d8b7669648cc18823323e5/fr/001016	fr	0	Notons que Pompidou aussi a bossé pour Rotschild, et à l'époque c'était considéré comme un atout quand il a été élu.
textdetox@01907546324b0330d2d8b7669648cc18823323e5/fr/001017	fr	0	C'étaient deux années très dures au niveau de la charge de travail, mais y'avait une super ambiance.
textdetox@01907546324b0330d2d8b7669648cc18823323e5/fr/001018	fr	0	Le gouvernement local en a tiré 200 millions de recettes fiscales, allouées depuis à plusieurs causes d'intérêt général (éducation, santé, etc...).  
textdetox@01907546324b0330d2d8b7669648cc18823323e5/fr/001019	fr	0	Finalement, Roosevelt a mis la grosse pile à Landon: les sondages avaient été fait par téléphone en se basant sur la liste des enregistrement de voitures, à une époque où les pauvres n'avaient ni voiture (donc pas dans la base de sondage), ni téléphone (donc n'auraient pas pu répondre de toutes façons).
textdetox@01907546324b0330d2d8b7669648cc18823323e5/fr/001020	fr	0	Ca peut arriver avec des services fournis par l'etat de haute ou basse qualite.
textdetox@01907546324b0330d2d8b7669648cc18823323e5/fr/001021	fr	0	Alors oui, il a un programme mais si on fait un micro-trottoir, je serais curieux de savoir quelle proportions des français peuvent citer des points forts de son programme.
textdetox@01907546324b0330d2d8b7669648cc18823323e5/fr/001022	fr	0	D'une part, ce n'est possible que pour les produits que l'on peut construire en France (ton smartphone, que tu lui mettes 0% ou 120% de taxes douanières, il sera fabriqué en Asie du sud-est, point).
textdetox@01907546324b0330d2d8b7669648cc18823323e5/fr/001023	fr	0	le plus grand facteur de paix en europe, c'est paradoxalement plus le développement technologique de l’armement et de la balistique longue distance.
textdetox@01907546324b0330d2d8b7669648cc18823323e5/fr/001024	fr	0	– Les politiques isolationnistes et protectionnistes et les dévaluations compétitives, toutes menées au détriment des autres pays, sont de dangereux moyens d’essayer de générer de la croissance.
textdetox@01907546324b0330d2d8b7669648cc18823323e5/fr/001025	fr	0	On a récemment un politique qui s'est amusé à sortir cette carte, dans la même optique que Mélenchon.
textdetox@01907546324b0330d2d8b7669648cc18823323e5/fr/001026	fr	0	Je n'ai aucune idée de ce qui se passe en dessous, mais en 1 an, personne ne s'est plaint.
textdetox@01907546324b0330d2d8b7669648cc18823323e5/fr/001027	fr	0	En réponse à u/loulan sur la question :    *Je me demande si à l'époque les gens trouvaient ces rébus.
textdetox@01907546324b0330d2d8b7669648cc18823323e5/fr/001028	fr	0	Et puis les candidats en marche aux législatives si tu regardes un peu mieux ils sont pas tous banquiers ou ni même tous du secteur privé.
textdetox@01907546324b0330d2d8b7669648cc18823323e5/fr/001029	fr	0	c'était un message bisounours qui essayait de te dire de ne pas t'arrêter à ta très mauvaise expérience.
textdetox@01907546324b0330d2d8b7669648cc18823323e5/fr/001030	fr	0	Les prépas c'est cher justement parce que c'est bien, c'est des petits effectifs (on étais moins de 20 à Arras) avec beaucoup de profs.
textdetox@01907546324b0330d2d8b7669648cc18823323e5/fr/001031	fr	0	Mais contre absolument tout le monde, et de manière plus ou moins outrancière, plus ou moins fine tout de même.    
textdetox@01907546324b0330d2d8b7669648cc18823323e5/fr/001032	fr	0	Au final, elles se révéleront préjudiciables à la France ainsi qu’à ses partenaires commerciaux.   
textdetox@01907546324b0330d2d8b7669648cc18823323e5/fr/001033	fr	0	Je pense pas que ce soit particulièrement honnête de placer l'économie au même niveau que celles-là.
textdetox@01907546324b0330d2d8b7669648cc18823323e5/fr/001034	fr	0	Aussi c'est assez simpliste de citer les points négatifs du rapport du Comité de suivi sans en citer les points positifs.
textdetox@01907546324b0330d2d8b7669648cc18823323e5/fr/001035	fr	0	La rue du Manège, aussi, quand tu vas au Jet 7 (ça existe toujours ?) et que tu t'es cru malin en garant ta bagnole à la Fonderie, sans penser à ce que tu devrais traverser le No Man's Land à 3 heures du mat et avec deux potes bourrés pour y retourner ...
textdetox@01907546324b0330d2d8b7669648cc18823323e5/fr/001036	fr	0	"On va comme d'habitude avoir des émissions en prime time avec Fillon, Le Pen, le gagnant de la primaire PS, Mélenchon, Macron, Bayrou s'il se présente... pour les autres je crains fort qu'ils doivent se partager l'affiche et qu'on se retrouve avec Dupont-Aignan vs Poutou ou encore Jadot vs Arhaud... Et après probablement des débats avec les ""gros"", choisis au pif: Le Pen vs Fillon, Le Pen vs PS, Le Pen vs Macron, Macron vs Mélenchon, etc au pifomètre selon le calendrier..."
textdetox@01907546324b0330d2d8b7669648cc18823323e5/fr/001037	fr	0	"Je n'ai que des billets de blog et un article intitulé ""Pourquoi Mediapart fait l'objet d'un redressement fiscal... et le conteste""."
textdetox@01907546324b0330d2d8b7669648cc18823323e5/fr/001038	fr	0	Un poil moins  connu mais super tu as Explorations ou Everybody Digs Bill Evans.
textdetox@01907546324b0330d2d8b7669648cc18823323e5/fr/001039	fr	0	» : il y rappelle que la loi américaine interdit les élus d'embaucher leurs proches, ce qui n'est pas le cas en France.   
textdetox@01907546324b0330d2d8b7669648cc18823323e5/fr/001040	fr	0	La séduction des candidats, la précipitation en fin de mandat.   
textdetox@01907546324b0330d2d8b7669648cc18823323e5/fr/001041	fr	0	La conséquence c'est qu'en général on fuit la fiscalité française, on perd des milliards à cause de ça et après on vient de dire que nous et nos enfants et surement leurs enfants vont devoir payer la dette  Je vote pas contre l'UE mais pour modifier les règles de celle-ci, et l'évidence sur ce sub voudrait que JLM n'y arrivera jamais, bah on ne respectera pas ou on sortira
textdetox@01907546324b0330d2d8b7669648cc18823323e5/fr/001042	fr	0	J'ai vraiment obtenu une liberté d'organisation et une liberté d'esprit qui me sert encore aujourd'hui (justement, ça m'a appris qu'il ne fallait PAS écouter les profs la plupart du temps...).
textdetox@01907546324b0330d2d8b7669648cc18823323e5/fr/001043	fr	0	Le mardi cuisine est une bonne source pour se donner des idées, des challenges.
textdetox@01907546324b0330d2d8b7669648cc18823323e5/fr/001044	fr	0	Alors qu'il y en a : il suffit de regarder certains de nos voisins, mais on ne veut pas appliquer les recettes.
textdetox@01907546324b0330d2d8b7669648cc18823323e5/fr/001045	fr	0	Je sens que je vais faire un article sur cet épisode Reddit et venir faire ma promotion ici après haha...
textdetox@01907546324b0330d2d8b7669648cc18823323e5/fr/001046	fr	0	"Si ""on"" savait, ""on"" ne porterait pas autant d'importance aux sondages."
textdetox@01907546324b0330d2d8b7669648cc18823323e5/fr/001047	fr	0	Le challenge à venir sera de réformer l'UE (ou reformer une nouvelle UE)
textdetox@01907546324b0330d2d8b7669648cc18823323e5/fr/001048	fr	0	Si tu veux lire plus sur le sujet, le bouquin de Tirole est pas mal, toute la premiere partie parle du metier d'economiste et repond a la problematique que tu poses.  
textdetox@01907546324b0330d2d8b7669648cc18823323e5/fr/001049	fr	0	Bof de toute façon il a assumé avoir dilapidé 700k€ pendant ces années, alors franchement que ce soit 700k€ ou 1.3m€ ça change pas grand chose pour le commun des mortels hein.
textdetox@01907546324b0330d2d8b7669648cc18823323e5/fr/001050	fr	0	C'est le problème des petits partis qui manquent de gens expérimentés et de petites mains...
textdetox@01907546324b0330d2d8b7669648cc18823323e5/fr/001051	fr	0	Le magazine « Foreign Policy » titre lui aussi : «Pourquoi la France est-elle si corrompue?
textdetox@01907546324b0330d2d8b7669648cc18823323e5/fr/001052	fr	0	A la fin des annees 90, on sentait une tension assez lourde qui pesait dans notre communaute de Montreuil.
textdetox@01907546324b0330d2d8b7669648cc18823323e5/fr/001053	fr	0	Leurs meetings sont devenus exactement ce qu'ils dénonçaient au début de leur campagne.
textdetox@01907546324b0330d2d8b7669648cc18823323e5/fr/001054	fr	0	Je pense que beaucoup d'électeurs de Mélenchon, donc je fais partie, partagent cette vision, ce qui fait que sortir de l'UE semble très improbable quoi qu'il arrive.
textdetox@01907546324b0330d2d8b7669648cc18823323e5/fr/001055	fr	0	C’est elle qui a conduit à la situation « post-démocratique » qui règne dans la plupart des pays occidentaux.
textdetox@01907546324b0330d2d8b7669648cc18823323e5/fr/001056	fr	0	En plus je sais pas ce qui se passe, pendant un temps on avait quelques mecs bien à droite et même quelques gens du FN pour porter la contradiction, mais on les voit plus trop ces temps-ci.
textdetox@01907546324b0330d2d8b7669648cc18823323e5/fr/001057	fr	0	Ca n'est pas une question de richesse, de culture ou de milieu social.
textdetox@01907546324b0330d2d8b7669648cc18823323e5/fr/001058	fr	0	Je confirme, j'y suis passé cet hiver et il y avait des trous mais pas de pêcheurs à ce moment.
textdetox@01907546324b0330d2d8b7669648cc18823323e5/fr/001059	fr	0	Dans un tel système, une bouteille de verre peut être réutilisée 50 fois avant d’être recyclée, 15 fois pour une bouteille de plastique.  
textdetox@01907546324b0330d2d8b7669648cc18823323e5/fr/001060	fr	0	La dernière fois que j'ai demandé la même chose que toi on m'a dit que google était mon ami.
textdetox@01907546324b0330d2d8b7669648cc18823323e5/fr/001061	fr	0	Probablement faire un carton parmi le public, et faire peur aux votants à la veille du premier tour.
textdetox@01907546324b0330d2d8b7669648cc18823323e5/fr/001062	fr	0	- [The Old Dead Tree]( gothic/death/doom que j'écoute moins maintenant.
textdetox@01907546324b0330d2d8b7669648cc18823323e5/fr/001063	fr	0	La physique prévoit des évènements à venir et explique des évènements passés, ce qu'est incapable de faire l'économie.
textdetox@01907546324b0330d2d8b7669648cc18823323e5/fr/001064	fr	0	"en gros ""ça sera trés dur, mais en gardant à l'esprit machin ça sera plus facile"" (sous la forme ""mais gardez à l'esprit machin"" et le ""plus facile"" implicite)"
textdetox@01907546324b0330d2d8b7669648cc18823323e5/fr/001065	fr	0	On y apprend quand même à travailler avec une vitesse et une intensité que je trouve bien utile ensuite et que j'ai pas/moins retrouvé chez ceux qui avaient été seulement à l'Université (en France comme en Allemagne).  
textdetox@01907546324b0330d2d8b7669648cc18823323e5/fr/001066	fr	0	Pas étonnant que celà forment des financiers, des consultants et compagnie plutôt que des ingénieurs qui aiment leur spécialité.
textdetox@01907546324b0330d2d8b7669648cc18823323e5/fr/001067	fr	0	Ah cool, je trouvais que Google n'avait pas encore totalement le contrôle de nos vies.
textdetox@01907546324b0330d2d8b7669648cc18823323e5/fr/001068	fr	0	Pour une même taille tu peux avoir des coupes totalement différentes.
textdetox@01907546324b0330d2d8b7669648cc18823323e5/fr/001069	fr	0	"Je suis tenté de faire quelques GR cet ete mais je connais mal le contexte ""legal"" en France sur le camping sauvage/bivouac."
textdetox@01907546324b0330d2d8b7669648cc18823323e5/fr/001070	fr	0	Le manque d'attention porté aux gens est la raison du passage du FN de 0,5% a 24%.  
textdetox@01907546324b0330d2d8b7669648cc18823323e5/fr/001071	fr	0	Après, effectivement c'est plus lent de se remettre d'une crise comme celle de 2008 avec une monnaie commune, c'est certain.  
textdetox@01907546324b0330d2d8b7669648cc18823323e5/fr/001072	fr	0	Comme le dit l'une des réponses au tweet: quand les sondages Francais se trompent, ils se trompent TOUS.
textdetox@01907546324b0330d2d8b7669648cc18823323e5/fr/001073	fr	0	Le temps est par contre bof (froid (plutôt de la pluie) et très très étouffant en été !)  Après le duché ne se résume pas à Clermont, et il doit y avoir d'autre coin sympa ! (voir mieux).
textdetox@01907546324b0330d2d8b7669648cc18823323e5/fr/001074	fr	0	Je vois pas trop ou est l'introspection dans les mardi introspection ou ça parle de boules, au contraire, on sort des trucs intimes et on les expose.
textdetox@01907546324b0330d2d8b7669648cc18823323e5/fr/001075	fr	0	Rappelle qu'il a 18-20% d'intention de vote ,et que la mère Marine en a 22-24%.
textdetox@01907546324b0330d2d8b7669648cc18823323e5/fr/001076	fr	0	Si c'est ce fait qui te déplaît, c'est ton opinion, mais c'est un fait sourcé.
textdetox@01907546324b0330d2d8b7669648cc18823323e5/fr/001077	fr	0	Après l'année de travaux des voisins de droite, l'appart du haut est retapé pour accueillir deux studios.
textdetox@01907546324b0330d2d8b7669648cc18823323e5/fr/001078	fr	0	La situation est différente en Europe où, grâce à la social-démocratie, cette inclusion avait été faite en partie.
textdetox@01907546324b0330d2d8b7669648cc18823323e5/fr/001079	fr	0	"Ne pas l'inclure dans la constitution, ça satisfait les opposants (forcément) et les partisans, parce qu'ils ont toujours le moyen de rétablir la peine de mort mais par voie démocratique ""normale"", tout comme Marine Le Pen essaie de le faire aujourd'hui (si je me souviens bien elle est pour, non ?)  "
textdetox@01907546324b0330d2d8b7669648cc18823323e5/fr/001080	fr	0	Ce phénomène des électeurs « stratèges » s’est vérifié aussi lors de la primaire de la gauche, avec des sympathisants écologistes et communistes qui se sont déplacés pour favoriser Benoît Hamon contre Manuel Valls.  L’avenir de la primaire à droite dépend largement du résultat de la présidentielle.
textdetox@01907546324b0330d2d8b7669648cc18823323e5/fr/001081	fr	0	Macron représente le centre-gauche pour beaucoup de gens à droite.
textdetox@01907546324b0330d2d8b7669648cc18823323e5/fr/001082	fr	0	J'ai donc fait des recherches, d'apres charlotte girard : il y aura un vote, entre tirage au sort et election.
textdetox@01907546324b0330d2d8b7669648cc18823323e5/fr/001083	fr	0	Je suis en voyage en Espagne, je rencontre un groupe de trois Indiennes qui avaient pour projet d'aller ensuite à Paris.
textdetox@01907546324b0330d2d8b7669648cc18823323e5/fr/001084	fr	0	On annonçait le dimanche soir au journal de TF1 que le lendemain notre salaire permettrait d'acheter moins de choses.
textdetox@01907546324b0330d2d8b7669648cc18823323e5/fr/001085	fr	0	Merci de lire [les lignes directrices de reddit sur l’autopromotion] (
textdetox@01907546324b0330d2d8b7669648cc18823323e5/fr/001086	fr	0	C'est donc pour ça qu'il faut la fin de la monarchie présidentielle avec la VIeme république
textdetox@01907546324b0330d2d8b7669648cc18823323e5/fr/001087	fr	0	La suisse, la Norvège et l’Islande sont plus stables que la plupart des pays de l’UE et sont de meilleures démocraties.
textdetox@01907546324b0330d2d8b7669648cc18823323e5/fr/001088	fr	0	"Un niveau d'abstraction beaucoup plus ""bas"", plus limités, et donc plus biaisé."
textdetox@01907546324b0330d2d8b7669648cc18823323e5/fr/001089	fr	0	On apprend plus tard que telle ou telle personne dans sa classe était homo.
textdetox@01907546324b0330d2d8b7669648cc18823323e5/fr/001090	fr	0	"C'est un peu comme dire ""elle m'a laissé faire"" après avoir balancé une bonne dose de GHB dans son verre.   et elle ne m'a jamais contacté apres ...  "
textdetox@01907546324b0330d2d8b7669648cc18823323e5/fr/001091	fr	0	Pas trop connue, la petite ville, mais la règle implicite était de ne pas tricher ....     C'est du Rébus
textdetox@01907546324b0330d2d8b7669648cc18823323e5/fr/001092	fr	0	* Les revues du monde (curiosités, archéologie) * MrAntoineDaniel (humour, 3, a une secondaire)
textdetox@01907546324b0330d2d8b7669648cc18823323e5/fr/001093	fr	0	Pas même forcément pour créer l'info, mais pour concentrer l'attention sur une en particulier, ou divertir d'une autre.
textdetox@01907546324b0330d2d8b7669648cc18823323e5/fr/001094	fr	0	mais j'ai jamais dit que j'étais un expert en économie et 80% de l'électorat actif l'est surement moins que moi, y'a juste le constat qui est le suivant, on est dans un système qui bouge pas et les médias mainstream vont nous dire qu'on est endettés, qu'on a pas de boulot etc, pendant que les plus riches prospèrent et s'enrichissent, t'as pas besoin d'avoir un master en économie pour constater qu'il y a un problème quelque part, que le système se fait exploiter par des gens.
textdetox@01907546324b0330d2d8b7669648cc18823323e5/fr/001095	fr	0	J'ai marché les tranches de Tréport à Dieppe et Fécamp à Étretat.
textdetox@01907546324b0330d2d8b7669648cc18823323e5/fr/001096	fr	0	Je ne suis pas sure que les pays ayant des citoyens (bi-nationaux) qui seraient touchés par cette loi, acceptent facilement cette nouvelle loi, je me demande même si avec les règles européennes ce n'est pas interdit.
textdetox@01907546324b0330d2d8b7669648cc18823323e5/fr/001097	fr	0	Cela signifie concrètement que la moitié des gains appartiennent à l'autre conjoint.
textdetox@01907546324b0330d2d8b7669648cc18823323e5/fr/001098	fr	0	Le timing est intéressant, c'était il y a quelques jours le procès d'Eolas contre l'IPJ
textdetox@01907546324b0330d2d8b7669648cc18823323e5/fr/001099	fr	0	"De toute façon quel post politique il y aura à part "" abstention de XX% à 12h ""."
textdetox@01907546324b0330d2d8b7669648cc18823323e5/fr/001100	fr	0	A cause des temps de paroles ils peuvent plus retransmettre les meeting à ce que j'ai compris
textdetox@01907546324b0330d2d8b7669648cc18823323e5/fr/001101	fr	0	heu c'est un peu moins du double quoi, tu peux effectivement le convertir comme tu veux, ça reste le même ordre de grandeur, l'ordre du million en seulement quelques années.    
textdetox@01907546324b0330d2d8b7669648cc18823323e5/fr/001102	fr	0	, c'est des institutions intègres, mais aussi intégrées à la vie du pays.
textdetox@01907546324b0330d2d8b7669648cc18823323e5/fr/001103	fr	0	parcequ'il est impopulaire du fait qu'il ne respecte pas le programme pour lequel il a été élu  OK pour le reste, mais ça ça me parait dangereux.
textdetox@01907546324b0330d2d8b7669648cc18823323e5/fr/001104	fr	0	La majorité silencieuse que vous allez voir quand elle va se lever dans les urnes.
textdetox@01907546324b0330d2d8b7669648cc18823323e5/fr/001105	fr	0	"D'ailleurs quand il a dit ça dimanche, ma première réaction était : ""et 2002, c'est du poulet ?"
textdetox@01907546324b0330d2d8b7669648cc18823323e5/fr/001106	fr	0	La prévalence de l'anglais en UE sera aussi une question à remettre sérieusement sur la table après 2019.
textdetox@01907546324b0330d2d8b7669648cc18823323e5/fr/001107	fr	0	Le mirage des pays européens complètement indépendants est un leurre.
textdetox@01907546324b0330d2d8b7669648cc18823323e5/fr/001108	fr	0	Ou alors ça montre les dégâts des promesses sur un fanboy.   Quoi qu'on pense du programme de JLM, la pire façon de le vendre est de laisser penser qu'en moins de 12 mois, la France aura 100% de circuits courts
textdetox@01907546324b0330d2d8b7669648cc18823323e5/fr/001109	fr	0	Y'a aussi deux lettres de mise en demeure puisque j'étais pas en mesure de recevoir ce courrier pendant plusieurs semaines.  
textdetox@01907546324b0330d2d8b7669648cc18823323e5/fr/001110	fr	0	, la voiture est plus pratique si tu veux aller dans le sud ou ailleurs.   
textdetox@01907546324b0330d2d8b7669648cc18823323e5/fr/001111	fr	0	De là on peut tirer différentes conclusions et même si je ne partage pas celle d'OP, j'en salue la cohérence.
textdetox@01907546324b0330d2d8b7669648cc18823323e5/fr/001112	fr	0	Le Nouvel Ordre Mondial nous laisse utiliser leur système de téléprésence holographique.
textdetox@01907546324b0330d2d8b7669648cc18823323e5/fr/001113	fr	0	J'ai pu étudier en dernière année dans une université à l'étranger, avec des étudiants de pleins de pays.   
textdetox@01907546324b0330d2d8b7669648cc18823323e5/fr/001114	fr	0	C'est d'une part graver dans le marbre les inégalités fiscales entre les collectivités en interdisant toute possibilité d'amélioration et c'est, d'autre part, empêcher à toute commune de faire évoluer ses ressources fiscales alors que de plus en plus d'efforts budgétaires leurs sont demandés (il ne s'agit pas ici de discuter la légitimité de ces efforts, qui sont compréhensible).  PS : c'est sympa de voir qu'il y a d'autres lecteurs de la gazette sur le sub.
textdetox@01907546324b0330d2d8b7669648cc18823323e5/fr/001115	fr	0	Parce qu'au contraire, l'interet du marche commun est de faire des regulation communes pour empecher cette concurrence.
textdetox@01907546324b0330d2d8b7669648cc18823323e5/fr/001116	fr	0	Par exemple, est-ce que selon toi on vit mieux en Allemagne avec le plein emploi et des gens forcés de travailler avec des contrats qu'on accepterait jamais en France ?
textdetox@01907546324b0330d2d8b7669648cc18823323e5/fr/001117	fr	0	Donc la question, c'est : pourquoi les économistes ne sont-ils pas d'accord entre eux ?
textdetox@01907546324b0330d2d8b7669648cc18823323e5/fr/001118	fr	0	Edit : après essai fructueux, il est possible de démouler la panna cotta en plongeant le moule (ici un mug) dans de l'eau bouillante, [
textdetox@01907546324b0330d2d8b7669648cc18823323e5/fr/001119	fr	0	L'égalité du temps de parole ne doit être stricte que cette semaine, si je ne m'abuse.
textdetox@01907546324b0330d2d8b7669648cc18823323e5/fr/001120	fr	0	Je trouve moi même qu'il y a des zones d'ombre en ce qui concerne son patrimoine, mais contrairement aux autres je ne crois pas du tout que cela ait une quelconque conséquence fiscale ou une volonté de dissimulation, mais que cela montre un certain rapport de Macron à l'argent.
textdetox@01907546324b0330d2d8b7669648cc18823323e5/fr/001121	fr	0	Les candidats doivent sortir leurs derniers arguments et François Fillon l'a bien compris.
textdetox@01907546324b0330d2d8b7669648cc18823323e5/fr/001122	fr	0	Et il n'est pas antisémite (oui j'ai déjà entendu quelqu'un dire ça)  
textdetox@01907546324b0330d2d8b7669648cc18823323e5/fr/001123	fr	0	Si c'était Rock en général je rajouterais Totorro, Man is not a bird et Phoenix.
textdetox@01907546324b0330d2d8b7669648cc18823323e5/fr/001124	fr	0	Ça ok mais c'est ton deuxième post que j'ai pas compris, le titre n'est pas forcément mensonger
textdetox@01907546324b0330d2d8b7669648cc18823323e5/fr/001125	fr	0	C'est une déclaration indépendante qui vient en fin d'année (courant novembre, généralement).   
textdetox@01907546324b0330d2d8b7669648cc18823323e5/fr/001126	fr	0	"Parce qu'on a beau chercher, on ne sait pas trop ce qu'est ""une croix juive""  Je veux bien admettre que ""croix juive"" n'est pas du tout le terme approprié, mais on a tous parfaitement compris de quoi il s'agit."
textdetox@01907546324b0330d2d8b7669648cc18823323e5/fr/001127	fr	0	Je suis venu pour ça, je suis un homme simple, prend mon hautvote.
textdetox@01907546324b0330d2d8b7669648cc18823323e5/fr/001128	fr	0	Sondage encore moins crédible que les autres (échantillon de 500 personnes seulement alors que le standart pour  être crédible est plus de 1000).
textdetox@01907546324b0330d2d8b7669648cc18823323e5/fr/001129	fr	0	Tu es au courant que les salaires et le coût de la vie ne sont pas les mêmes partout sur terre ?
textdetox@01907546324b0330d2d8b7669648cc18823323e5/fr/001130	fr	0	Tarte aux pommes]( , j'ai été étonné de l'aisance que j'ai eu a manipuler la pâte sablée.
textdetox@01907546324b0330d2d8b7669648cc18823323e5/fr/001131	fr	0	c'est l'inverse en fait, ils ont demandé à des économistes de rediger leur programmes.
textdetox@01907546324b0330d2d8b7669648cc18823323e5/fr/001132	fr	0	En gros, ce que je veux dire, c'est qu'effectivement, l'Histoire montre que les pays les plus prospères (youplaboum) du monde ont généralement puisé dans des ressources humaines étrangères pour se développer et que la plupart a mis en place
textdetox@01907546324b0330d2d8b7669648cc18823323e5/fr/001133	fr	0	Une majorité des voix qui s'élèvent pour critiquer l'Union Européenne et qui sont taxées sur ce sub d'anti-UE font en vérité la critique de cette seconde phase qui a été enclenchée ces 20 dernières années.
textdetox@01907546324b0330d2d8b7669648cc18823323e5/fr/001134	fr	0	Je suis pas en train de dire que ça va se passer, mais je pense que /r/france surestime le nombre de gens qui iraient voter blanc ou ne voteraient pas plutôt que de se prononcer pour lui.
textdetox@01907546324b0330d2d8b7669648cc18823323e5/fr/001135	fr	0	j'aime beaucoup sont émission le monde de Jamy (même s'il y a un peu de contenu sponsorisé)
textdetox@01907546324b0330d2d8b7669648cc18823323e5/fr/001136	fr	0	 Environ 95 % des Français bénéficient d'une couverture complémentaire, ceux qui n en ont pas sont des independants qui ont fait ce choix en gros un acte libre...  Mais pour en revenir au debut :
textdetox@01907546324b0330d2d8b7669648cc18823323e5/fr/001137	fr	0	Pas de fedora, ya même des gens qui sont pas dans l'informatique c'est pour dire.  
textdetox@01907546324b0330d2d8b7669648cc18823323e5/fr/001138	fr	0	D’une primaire taillée sur mesure pour lui, calendrier et organisation compris, le chef de l’Etat a saisi – mais trop tard – que ce vote était surtout un moyen pour les déçus de 2012 de le tailler, lui, en pièces.  
textdetox@01907546324b0330d2d8b7669648cc18823323e5/fr/001139	fr	0	C'est un peu ça, en 2007 et 2012 personne ne s'en est plein  lorsqu'un candidat correspondant à la ligne majoritaire du parti en est sortit  
textdetox@01907546324b0330d2d8b7669648cc18823323e5/fr/001140	fr	0	Je me demande: est ce que ces rapports prennent en compte les potentiels avancées technologiques qui peuvent être faites entre temps ?
textdetox@01907546324b0330d2d8b7669648cc18823323e5/fr/001141	fr	0	L'étude a l'air également très fantaisiste et tire des conclusions sans aucune démonstration.  
textdetox@01907546324b0330d2d8b7669648cc18823323e5/fr/001142	fr	0	Mais admettons 630€*12 = 7560€ Là dessus le conseil municipal fixe un taux qui peut atteindre 20% dans certaines communes.  à 890€ ça fait plus de 10%, élevé mais pas rare du tout.
textdetox@01907546324b0330d2d8b7669648cc18823323e5/fr/001143	fr	0	Les entrepreneurs vont se retrouver avec une population de plus en plus appauvrie, les carnets de commandes resteront vides, et rien ne fonctionnera.
textdetox@01907546324b0330d2d8b7669648cc18823323e5/fr/001144	fr	0	est inaudible en ce moment et pas besoin d'institut de sondage pour savoir qu'il arrivera pas au second tour \^^
textdetox@01907546324b0330d2d8b7669648cc18823323e5/fr/001145	fr	0	Là le car est en retrait mais l'embouteillage persistait car les voitures ralentissaient pour prendre le car en photo
textdetox@01907546324b0330d2d8b7669648cc18823323e5/fr/001146	fr	0	Après, tenir compte de la recherche, c'est pas vraiment du jeu (et c'est un pari incertain).
textdetox@01907546324b0330d2d8b7669648cc18823323e5/fr/001147	fr	0	Il y a deux candidats entre macron et JLM, pourquoi la team ambiance devait s'en occuper ?  
textdetox@01907546324b0330d2d8b7669648cc18823323e5/fr/001148	fr	0	Une fois élu t'aurais plus de version light et ça serait une toute autre histoire.
textdetox@01907546324b0330d2d8b7669648cc18823323e5/fr/001149	fr	0	Il s'agit bien là d'affaires ourdies par un cabinet noir à l'Élysée, destiné à forcer l'entrée de sa marque maîtresse sur le grand échiquier du produit lacté :
textdetox@01907546324b0330d2d8b7669648cc18823323e5/fr/001150	fr	0	Et pour Juppé, à 48 puis 66% pour Fillon, je pense clairement que ça ne peut pas être imputé aux rumeurs pendant la campagne (elles sortent quand vis-à-vis du premier tour ?).
textdetox@01907546324b0330d2d8b7669648cc18823323e5/fr/001151	fr	0	"Je ne pense pas qu'ils ramperaient devant JLM au vu de ce qu'ils ont fait à Hamon qu'ils considéraient ""trop à gauche""."
textdetox@01907546324b0330d2d8b7669648cc18823323e5/fr/001152	fr	0	Il se faisait probablement souvent le week end des bonnes soirées super chères, ajoutées à plein d'autres choses, mais bon franchement que ses soirées lui reviennent à 2000€ ou 4000€, pour moi ça fait pas grande différence.
textdetox@01907546324b0330d2d8b7669648cc18823323e5/fr/001153	fr	0	J'imagine que le message est un appel à tolérer les opinions d'extrême droite ?
textdetox@01907546324b0330d2d8b7669648cc18823323e5/fr/001154	fr	0	Pourtant, c'est foutrement important quand même, et il est grave que des avocats d'affaire n'en tienne pas compte, alors qu'on nous apprend en droit que c'est la première chose à considérer ...  Deuxièmement je rappelle que si le remboursement d'un emprunt ne diminue pas le patrimoine, le payements des intérêts oui.
textdetox@01907546324b0330d2d8b7669648cc18823323e5/fr/001155	fr	0	que toute les prépas sont équivalentes donc ça sert à rien de les classer)  Ouais, enfin après le mental joue pas mal dans les concours donc partir dans une prépa juste pour son classement comporte des risques.
textdetox@01907546324b0330d2d8b7669648cc18823323e5/fr/001156	fr	0	Après si quelqu'un veut corriger un des points je suis tout ouïe.
textdetox@01907546324b0330d2d8b7669648cc18823323e5/fr/001157	fr	0	Moi en tant qu'ancien LCR passé FI pour cette élection, ça me fait juste glousser tant l'ironie est patentée.
textdetox@01907546324b0330d2d8b7669648cc18823323e5/fr/001158	fr	0	Apres, je suppose que tout le monde est d'accord pour dire que l'economie est une science humaine et qu'en faire un dogme, c'est une arnaque absolue.
textdetox@01907546324b0330d2d8b7669648cc18823323e5/fr/001159	fr	0	Les allemands avec lesquels je bosse sont généralement plus méthodiques et précis que les français.
textdetox@01907546324b0330d2d8b7669648cc18823323e5/fr/001160	fr	0	Les valeurs par défaut des champs du formulaire d'inscription à Trello sont parfois drôles.  
textdetox@01907546324b0330d2d8b7669648cc18823323e5/fr/001161	fr	0	La question n'est pas de savoir quelle partie de la population est la meilleur.
textdetox@01907546324b0330d2d8b7669648cc18823323e5/fr/001162	fr	0	Parce que si le progrès économique c'est la croissance ou la baisse du chômage ce n'est pas le cas.  
textdetox@01907546324b0330d2d8b7669648cc18823323e5/fr/001163	fr	0	Je crois que c'est le president de l'association des maires de France
textdetox@01907546324b0330d2d8b7669648cc18823323e5/fr/001164	fr	0	Perso, je connais pas le bonhomme, mais si j'en crois [Andrew Gelman]( (un ponte dans le domaine des statistiques), il semblerait que ce soit effectivement quelqu'un de crédible...
textdetox@01907546324b0330d2d8b7669648cc18823323e5/fr/001165	fr	0	Et pour le même Fillon qui réclamait une enquête rapide pour mettre fin à ces rumeurs le plus rapidement possible
textdetox@01907546324b0330d2d8b7669648cc18823323e5/fr/001166	fr	0	Je ne critique pas les chomeurs, mais ceux qui pensent qu'il n'y a pas de solutions.
textdetox@01907546324b0330d2d8b7669648cc18823323e5/fr/001167	fr	0	Mais c est tellement l'état français je mets des obligations aux entreprises alors que je suis incapable de les remplir pour mes salariés...   Après : Environ 95 % des Français bénéficient d'une couverture complémentaire.
textdetox@01907546324b0330d2d8b7669648cc18823323e5/fr/001168	fr	0	Selon le résultat de la présidentielle, beaucoup s’attendent à une recomposition à gauche, entre un pôle social-libéral autour d’Emmanuel Macron, un pôle radical mené par Jean-Luc Mélenchon, et un pôle socialiste qui tentera de rebâtir sur les ruines de Solférino.    A droite, rares sont ceux qui défendent la poursuite du processus.
textdetox@01907546324b0330d2d8b7669648cc18823323e5/fr/001169	fr	0	Moi aussi je veux une Europe sociale, mais on n'y arrivera pas par les menaces.
textdetox@01907546324b0330d2d8b7669648cc18823323e5/fr/001170	fr	0	"- Acculé, il a finalement fini par lâcher : ""Il y a une différence entre la transparence et le voyeurisme""."
textdetox@01907546324b0330d2d8b7669648cc18823323e5/fr/001171	fr	0	Payer des stars pour te dire pour qui voter c'est contre productif aussi.
textdetox@01907546324b0330d2d8b7669648cc18823323e5/fr/001172	fr	0	A noter cette année que le scrutin se finissant à 19h dans beaucoup de département (tous ?
textdetox@01907546324b0330d2d8b7669648cc18823323e5/fr/001173	fr	0	Est-ce qu'il ne serait pas plus intéressant de s'intéresser à la position des pédopsychologues ?
textdetox@01907546324b0330d2d8b7669648cc18823323e5/fr/001174	fr	0	"Nate Silver est très bon et 538 fait du bon boulot, mais ici la crainte du herding est probablement due à une méconnaissance du ""marché"" français."
textdetox@01907546324b0330d2d8b7669648cc18823323e5/fr/001175	fr	0	Le bas coté c'est d'ne jamais savoir si c'est le matelas ou la femme qui fuit...
textdetox@01907546324b0330d2d8b7669648cc18823323e5/fr/001176	fr	0	Du coup j'ai arrêté à ce moment là pour par qu'il y en ait pas partout mais c'est vrai que j'aurai pu retenté un pliage directement dans le moule.
textdetox@01907546324b0330d2d8b7669648cc18823323e5/fr/001177	fr	0	À un moment donné on s'est retrouvés à moitié dans la forêt et il n'y avait plus personne autour.
textdetox@01907546324b0330d2d8b7669648cc18823323e5/fr/001178	fr	0	 Polony connaît super bien son sujet, elle maîtrise les programmes.
textdetox@01907546324b0330d2d8b7669648cc18823323e5/fr/001179	fr	0	Que celui qui n'a jamais évalué un thread sur son titre me jette la première pierre.
textdetox@01907546324b0330d2d8b7669648cc18823323e5/fr/001180	fr	0	La notice technique a été déposée à la commission des sondages le 17 avril 2017.  
textdetox@01907546324b0330d2d8b7669648cc18823323e5/fr/001181	fr	0	Bien sûr ça reste superficiel et ça rentre beaucoup dans les clichés, mais c'est une émission satirique !   
textdetox@01907546324b0330d2d8b7669648cc18823323e5/fr/001182	fr	0	C'est le seul qui peut me décevoir: je n'attends rien des autres!
textdetox@01907546324b0330d2d8b7669648cc18823323e5/fr/001183	fr	0	Selon le ministère de la Santé, le montant des cotisations des contrats individuels les plus fréquemment souscrits oscille entre 35 et 54 € par mois peu importe tes revenus un peu comme ton loyer....  
textdetox@01907546324b0330d2d8b7669648cc18823323e5/fr/001184	fr	0	Environ 3 mois plus tard après sa réception, il se trouve que j'ai reçu plusieurs lettres de fedex m'exigeant de payer des frais de douanes s'élevant à 30€ (non négligeable par rapport au prix du truc), sachant qu'on ne m'a jamais rien communiqué à ce propos et que je n'ai jamais accepté de tels frais supplémentaires.
textdetox@01907546324b0330d2d8b7669648cc18823323e5/fr/001185	fr	0	C'est presque attristant, mais les gens aiment la stabilité et ont souvent pas tellement d'intérêt pour la révolution permanente.
textdetox@01907546324b0330d2d8b7669648cc18823323e5/fr/001186	fr	0	Et il y en a encore quelques plus petites comme Frankenstein Underground , The Visitor, Hellboy  the BPRD , BPRD 1946
textdetox@01907546324b0330d2d8b7669648cc18823323e5/fr/001187	fr	0	Tu ne postes qu'un seul site, ce n'est pas participer à une communauté reddit mais uniquement faire la promotion de ce site.
textdetox@01907546324b0330d2d8b7669648cc18823323e5/fr/001188	fr	0	"- [Stéphanie Treillet]( maitre de conf, qui semble surtout avoir toujours fait que du militantisme pour ATTAC - [Gennaro Zezza]( ""specializing in applied heterodox macroeconometric models"""
textdetox@01907546324b0330d2d8b7669648cc18823323e5/fr/001189	fr	0	", la victoire d'un mec très consensuel aurait quand même une saveur particulière : celle du ""on a évité le pire""."
textdetox@01907546324b0330d2d8b7669648cc18823323e5/fr/001190	fr	0	C'est marrant il m'a fait penser a ça ce matin, avec son discours sur l'écologie.
textdetox@01907546324b0330d2d8b7669648cc18823323e5/fr/001191	fr	0	Je ne sais pas si c'était *la* meilleure, mais voici l'expérience qui me vient à l'esprit en premier.  
textdetox@01907546324b0330d2d8b7669648cc18823323e5/fr/001192	fr	0	"Mention spéciale à celui qui s'est barré en disant ""Merci de m'avoir embarrassé comme ça !"
textdetox@01907546324b0330d2d8b7669648cc18823323e5/fr/001193	fr	0	Je ne supporte pas les gens qui partent du principe que rien ne doit changer, que l'anglais ou l'Amérique c'est le mal etc... Rester attaché au passé n'apporte rien, si les gens veulent parler franglais, si il est plus pratique de parler anglais dans certains domaines, si les langues évoluent, ça ne fait rien.
textdetox@01907546324b0330d2d8b7669648cc18823323e5/fr/001194	fr	0	Je penche pour un très attendu Macron/MLP, second choix potentiel Macron/Mélenchon.
textdetox@01907546324b0330d2d8b7669648cc18823323e5/fr/001195	fr	0	Heureusement j'ai retrouvé l'usage de mon cou, mais mon angulaire n'a pas apprécié.
textdetox@01907546324b0330d2d8b7669648cc18823323e5/fr/001196	fr	0	La photo a été prise avant même que le meeting commence, quand la salle commençait à se remplir.
textdetox@01907546324b0330d2d8b7669648cc18823323e5/fr/001197	fr	0	Je regarderai Google trends le jour du 1er tour (Google poste cette info sur son compte twitter @googletrends)
textdetox@01907546324b0330d2d8b7669648cc18823323e5/fr/001198	fr	0	juste que je suis intrigué par le travail d'un cartographe de nos jours, en quelques lignes mêmes ou quelques taches.
textdetox@01907546324b0330d2d8b7669648cc18823323e5/fr/001199	fr	0	du fait de la variabilité d'échantillonnage, on devrait voir plus de variabilité dans des estimations statistiques effectuées proprement.
textdetox@01907546324b0330d2d8b7669648cc18823323e5/fr/001200	fr	0	Si tu as moins de 25 ans et que tu as reçu l'ACCRE, alors tu bénéficies d'un taux amoindri.
textdetox@01907546324b0330d2d8b7669648cc18823323e5/fr/001201	fr	0	Il y a une façon de choisir et de résumer les articles cités un peu légères et clairement orientée.
textdetox@01907546324b0330d2d8b7669648cc18823323e5/fr/001202	fr	0	Après tous, il suffit de moyenner plusieurs sondages s'ils sont indépendants (sauf que là le débat c'est justement de savoir s'ils le sont vraiment, et l'impact si ils le sont pas
textdetox@01907546324b0330d2d8b7669648cc18823323e5/fr/001203	fr	0	C'est pas attristant, c'est la meilleure façon d'augmenter sa qualité de vie.
textdetox@01907546324b0330d2d8b7669648cc18823323e5/fr/001204	fr	0	démographiquement, naturellement pro-Mélenchon  La démographie du sub n'est pas particulièrement naturellement pro-Mélenchon  
textdetox@01907546324b0330d2d8b7669648cc18823323e5/fr/001205	fr	0	, ils veulent que chacun ait en fonction de ses moyens et contribue à hauteur de ses moyens.
textdetox@01907546324b0330d2d8b7669648cc18823323e5/fr/001206	fr	0	"Si tu fais dans l'anglicisme assumé, il faut écrire ""addresser"" !"
textdetox@01907546324b0330d2d8b7669648cc18823323e5/fr/001207	fr	0	Ça s'applique aussi à au moins un autre parti de droite, et même éventuellement un autre parti de gauche.
textdetox@01907546324b0330d2d8b7669648cc18823323e5/fr/001208	fr	0	"il faut s'assurer que l'échantillon dont on dispose est ""représentatif"" de la population échantillonnée (je le mets entre guillemets, parce qu'il y a des débats autour de cette notion, mais globalement, il faut que l'échantillon représente, en termes d'estimation, une ""miniature"" de ta population)."
textdetox@01907546324b0330d2d8b7669648cc18823323e5/fr/001209	fr	0	Je ne peux pas rester sans travailler, le chômage je ne connais pas, quitte à faire du travail précaire en attendant mes convoitises.
textdetox@01907546324b0330d2d8b7669648cc18823323e5/fr/001210	fr	0	D'un autre coté on peut opposer la difficulté de l'épreuve avec la necessité de rester motivé pour surmonter cette difficulté.  Pour moi ça marche sans trop de problème.
textdetox@01907546324b0330d2d8b7669648cc18823323e5/fr/001211	fr	0	Je dis juste que tu n'as aucune source, et c'est tout ce qui importe pour décodex.
textdetox@01907546324b0330d2d8b7669648cc18823323e5/fr/001212	fr	0	Hausse du pouvoir d'achat via plus de travail et des meilleurs salaires sans pour autant augmenter les prélèvements obligatoire(l’idéal étant une baisse) = baisse des centre commercial qui sont devenus nécessaire pour beaucoup de français.
textdetox@01907546324b0330d2d8b7669648cc18823323e5/fr/001213	fr	0	"Depuis elle parle de ""inclusive growth"" : la croissance equitable plutot que la ""growth"" tout court, qui ces derniers temps a favorisé les plus riches."
textdetox@01907546324b0330d2d8b7669648cc18823323e5/fr/001214	fr	0	Il y a évidemment une différence entre l'analyse sur des temps plus courts et les tendances longues, entre un pays ou un autre.
textdetox@01907546324b0330d2d8b7669648cc18823323e5/fr/001215	fr	0	Par contre, ce que j'ai vu : « on a posté une critique du programme économique, j'aimerais faire une réponse solide, quelqu'un peut m'aider ? », ça pour moi c'est complètement ok.
textdetox@01907546324b0330d2d8b7669648cc18823323e5/fr/001216	fr	0	Si François Fillon finit malgré tout par l’emporter, la primaire aura rempli sa mission.
textdetox@01907546324b0330d2d8b7669648cc18823323e5/fr/001217	fr	0	J'aime, de la à croire j'ai deux ou trois ex qui peuvent te dire que c'est un long chemin.
textdetox@01907546324b0330d2d8b7669648cc18823323e5/fr/001218	fr	0	Les châteaux c'est pas à leur valeur qu'on doit les juger c'est les frais d'entretien qui coûtent cher.
textdetox@01907546324b0330d2d8b7669648cc18823323e5/fr/001219	fr	0	La Suisse, toujours un exemple de démocratie pour l'Europe entière.
textdetox@01907546324b0330d2d8b7669648cc18823323e5/fr/001220	fr	0	"que de dire ""qui n'a jamais vu les Alpes n'a jamais vu la France""."
textdetox@01907546324b0330d2d8b7669648cc18823323e5/fr/001221	fr	0	En d'autres termes on peut être positif au test longtemps après que l'influence de la drogue soit dissipé.
textdetox@01907546324b0330d2d8b7669648cc18823323e5/fr/001222	fr	0	Mais le banquier d’affaires roulait en fait pour un des groupes qui voulait racheter le journal…  
textdetox@01907546324b0330d2d8b7669648cc18823323e5/fr/001223	fr	0	Premièrement je rappelle que Macron est marié sous le régime légal de la communauté réduite aux acquêts.
textdetox@01907546324b0330d2d8b7669648cc18823323e5/fr/001224	fr	0	Dans les faits, les crèches, les routes, les associations devront être financées par de l'argent privé (même si Macron a déclaré que l'État reverserait quelque chose quand les maires ont pris la mouche).
textdetox@01907546324b0330d2d8b7669648cc18823323e5/fr/001225	fr	0	Il a tout autant que toi le droit de dénoncer des trucs louches.   
textdetox@01907546324b0330d2d8b7669648cc18823323e5/fr/001226	fr	0	* Cyrus North (Philosophie, politique, divers)  Et en bonus : ShittyFlute, du génie
textdetox@01907546324b0330d2d8b7669648cc18823323e5/fr/001227	fr	0	Si tu me sors un chiffre sans me le justifier, il ne vaut rien.   
textdetox@01907546324b0330d2d8b7669648cc18823323e5/fr/001228	fr	0	Je n'ai encore jamais vu personne enfiler de vêtements dédiés aux membres du clergé sans en faire partie.
textdetox@01907546324b0330d2d8b7669648cc18823323e5/fr/001229	fr	0	Gagner plus de 400k €/an concerne une toute petite minorité, dont l'existence n'a rien à voir avec la faim où l'existence de sans domiciles.
textdetox@01907546324b0330d2d8b7669648cc18823323e5/fr/001230	fr	0	Honnêtement autant j'ai une idée relativement précise du parcours de Mélenchon ces 25 dernières années, autant le passif de Corbière avant le départ de Mélenchon du PS reste un mystère.
textdetox@01907546324b0330d2d8b7669648cc18823323e5/fr/001231	fr	0	Le rapport de force dans une économie où la demande d'emploi et plus grande que l'offre d'emploi penche naturellement en la faveur des entreprises privées.
textdetox@01907546324b0330d2d8b7669648cc18823323e5/fr/001232	fr	0	"Je pense que le parti de Poutou et celui de Mélenchon ne se considèrent absolument pas dans la même branche politique (la ""gauche"")."
textdetox@01907546324b0330d2d8b7669648cc18823323e5/fr/001233	fr	0	Quant à comparer la situation sécuritaire de l'Irak ou la Turquie avec celle de la France, c'est sans intérêt.
textdetox@01907546324b0330d2d8b7669648cc18823323e5/fr/001234	fr	0	Ce sont des journalistes, ce ne sont pas des journalistes, simplement des gens qui filment, quelle importance ?  
textdetox@01907546324b0330d2d8b7669648cc18823323e5/fr/001235	fr	0	Sauf que la phrase entière est: Le comité tient pour robuste les résultats des équipes de recherche qui concluent à l’absence d’impact de court terme du CICE sur l’investissement, la recherche-développement et les exportations.
textdetox@01907546324b0330d2d8b7669648cc18823323e5/fr/001236	fr	0	quelques uns  pour un président LR : très peu  pour un président de gauche : quelques uns  pour JLM : un peu +
textdetox@01907546324b0330d2d8b7669648cc18823323e5/fr/001237	fr	0	), je dirais que de toute façon, oui, il y la campagne de destabilisation.
textdetox@01907546324b0330d2d8b7669648cc18823323e5/fr/001238	fr	0	Le taux est déterminé par la municipalité dans laquelle tu résides (comme les impôts locaux), et est généralement précisé par une fourchette de revenus assez vague (0-1 000 €, 1 001-10 000 €, etc.).   
textdetox@01907546324b0330d2d8b7669648cc18823323e5/fr/001239	fr	0	Moi, ça me fait rire et si ça se trouve, dans 20 ans on pourra l'écrire sans rougir.
textdetox@01907546324b0330d2d8b7669648cc18823323e5/fr/001240	fr	0	Macron a quand même laissé échappé dans l'émission là que ce serait quelqu'un avec une expérience parlementaire, ça donne une lichette de piste.
textdetox@01907546324b0330d2d8b7669648cc18823323e5/fr/001241	fr	0	Tu as vu des propositions qui visent a valoriser le travail des femmes -- et pas sur la question des salaires, mais bien faire reconnaitre que ces nouveaux emplois sont aussi valables que les anciens ?
textdetox@01907546324b0330d2d8b7669648cc18823323e5/fr/001242	fr	0	Les deux partis qui en constituent les forces politiques principales risquent de voir leurs candidats être éliminés dès le premier tour.
textdetox@01907546324b0330d2d8b7669648cc18823323e5/fr/001243	fr	0	 Pas mal de gents sont au courant que les mec comme l'IPJ sont pour une augmentation générale des peines, et font la différence.
textdetox@01907546324b0330d2d8b7669648cc18823323e5/fr/001244	fr	0	Je vous assure que des chats en ligne modéré ça existe, ce n'est pas une utopie.
textdetox@01907546324b0330d2d8b7669648cc18823323e5/fr/001245	fr	0	Et puis la bouffe, le pinard, le charme francais et une langue qui fait mouiller plein de minettes a travers le monde.
textdetox@01907546324b0330d2d8b7669648cc18823323e5/fr/001246	fr	0	Le tableau donné dans le bloc sur ce point précis ne donne pas les chiffres exacts, effectivement.
textdetox@01907546324b0330d2d8b7669648cc18823323e5/fr/001247	fr	0	C'est probablement une différence de culture parce que quand j'entends science je pense aussi aux sciences sociales et pas que aux sciences naturelles.
textdetox@01907546324b0330d2d8b7669648cc18823323e5/fr/001248	fr	0	Mais leurs vagues de downvote/upvote sont quand même plus naturelles dans leur amplitude et leur déroulé (probablement le fait d'individus qui se trouvent tirer dans le même sens mais qui ne sont pas concertés : effet de meute plutôt que *brigading*) que quand c'est la *team ambiance* de Macron qui passe à l'attaque.  
textdetox@01907546324b0330d2d8b7669648cc18823323e5/fr/001249	fr	0	En gros tu gère une Bdd (avec SQL surtout), mais qui a une représentation graphique :)
textdetox@01907546324b0330d2d8b7669648cc18823323e5/fr/001250	fr	0	Pour ceux qui ne sont pas convaincus, repassez vous le film !
textdetox@01907546324b0330d2d8b7669648cc18823323e5/fr/001251	fr	0	- n en parle absolument pas.
textdetox@01907546324b0330d2d8b7669648cc18823323e5/fr/001252	fr	0	quel rapport entre le fait qu il soit homosexuel et ses meurtres crapuleux
textdetox@01907546324b0330d2d8b7669648cc18823323e5/fr/001253	fr	0	Si vous estimez ce blocage injustifié, ajoutez le texte suivi de vos arguments sur cette page.
textdetox@01907546324b0330d2d8b7669648cc18823323e5/fr/001254	fr	0	Je ne m oppose pas à l évolution des articles, bien au contraire.
textdetox@01907546324b0330d2d8b7669648cc18823323e5/fr/001255	fr	0	Là-bas, cela va de soi.
textdetox@01907546324b0330d2d8b7669648cc18823323e5/fr/001256	fr	0	Il y en a vraiment qui sont sans gènes.
textdetox@01907546324b0330d2d8b7669648cc18823323e5/fr/001257	fr	0	Le tableau n est pas exacte.
textdetox@01907546324b0330d2d8b7669648cc18823323e5/fr/001258	fr	0	Touchez-vous une participation pour citer cet éditeur en particulier et pas les autres !
textdetox@01907546324b0330d2d8b7669648cc18823323e5/fr/001259	fr	0	toutefois, la transformer en encart publicitaire ou tribune politique ne sera pas toléré.
textdetox@01907546324b0330d2d8b7669648cc18823323e5/fr/001260	fr	0	Dans tous les cas pensez aux sources et références.
textdetox@01907546324b0330d2d8b7669648cc18823323e5/fr/001261	fr	0	Votre identité ne vous donne aucun droit particulier sur le contenu de l article.
textdetox@01907546324b0330d2d8b7669648cc18823323e5/fr/001262	fr	0	22 174449 06-23 174432
textdetox@01907546324b0330d2d8b7669648cc18823323e5/fr/001263	fr	0	Bonjour, Merci de faire preuve de la plus grande vigilance quant à l integrité de cette page.
textdetox@01907546324b0330d2d8b7669648cc18823323e5/fr/001264	fr	0	Ça devient une grave monomanie.
textdetox@01907546324b0330d2d8b7669648cc18823323e5/fr/001265	fr	0	Ou sont les deux ans de prisons avec sursis ?
textdetox@01907546324b0330d2d8b7669648cc18823323e5/fr/001266	fr	0	Powermonger(   kongossa   )
textdetox@01907546324b0330d2d8b7669648cc18823323e5/fr/001267	fr	0	N ai je pas le droit de te signaler que ton opinion sur la science économique suscite mon désintérêt ?
textdetox@01907546324b0330d2d8b7669648cc18823323e5/fr/001268	fr	0	Dis donc, tu es plutôt têtu toi dans ton genre…
textdetox@01907546324b0330d2d8b7669648cc18823323e5/fr/001269	fr	0	Alors comme ça Docteur, t es le plus cérébré hein ?
textdetox@01907546324b0330d2d8b7669648cc18823323e5/fr/001270	fr	0	En quoi avez-vous fait avancer l article?
textdetox@01907546324b0330d2d8b7669648cc18823323e5/fr/001271	fr	0	Si vous tentez de la recréer, elle sera automatiquement blanchie par Salebot.   
textdetox@01907546324b0330d2d8b7669648cc18823323e5/fr/001272	fr	0	J en reviens pas que quelqu un d aussi ignorant se permette de faire un commentaire annonyme aussi ridicule!
textdetox@01907546324b0330d2d8b7669648cc18823323e5/fr/001273	fr	0	si vous avez 5 min, pourriez vous lire Centrale nucléaire de Golfech.
textdetox@01907546324b0330d2d8b7669648cc18823323e5/fr/001274	fr	0	Et juin se termine !
textdetox@01907546324b0330d2d8b7669648cc18823323e5/fr/001275	fr	0	a stupeflip tu racontes nimporte quoi sur la page meme Ju a ri en voyant ca laisse faire les principaux interressé stp merci
textdetox@01907546324b0330d2d8b7669648cc18823323e5/fr/001276	fr	0	Ca serait vraiment dommage.
textdetox@01907546324b0330d2d8b7669648cc18823323e5/fr/001277	fr	0	Une question concernant le fonctionnement de Wikipédia ?
textdetox@01907546324b0330d2d8b7669648cc18823323e5/fr/001278	fr	0	Bonjour, Pendant plusieurs vérifications automatiques, et dans le cadre du projet    correction des liens externes    un lien était indisponible.
textdetox@01907546324b0330d2d8b7669648cc18823323e5/fr/001279	fr	0	En effet, sur Wikipédia, les messages doivent être signés pour maintenir les conversations compréhensibles et reconnaître chaque interlocuteur.
textdetox@01907546324b0330d2d8b7669648cc18823323e5/fr/001280	fr	0	Ne sachant le corriger je le signale afin de laisser la tache a quelqu un d autre.
textdetox@01907546324b0330d2d8b7669648cc18823323e5/fr/001281	fr	0	En dehors de cette erreur grotesque rien ne vous choque ?
textdetox@01907546324b0330d2d8b7669648cc18823323e5/fr/001282	fr	0	ASO       Rigoletto   , son bouffon, baryton bof...    Kaminski       
textdetox@01907546324b0330d2d8b7669648cc18823323e5/fr/001283	fr	0	Malheureusement, l article Feed the patrick, que vous avez créé, est supprimé ou proposé à la suppression.
textdetox@01907546324b0330d2d8b7669648cc18823323e5/fr/001284	fr	0	Merci cependant de faire des contributions constructives et d’.
textdetox@01907546324b0330d2d8b7669648cc18823323e5/fr/001285	fr	0	Il est préférable d ignorer ce type douteux et de revenir au langage civilizé.
textdetox@01907546324b0330d2d8b7669648cc18823323e5/fr/001286	fr	0	»   Mais je ne prétends pas que cette version soit parfaite non plus.
textdetox@01907546324b0330d2d8b7669648cc18823323e5/fr/001287	fr	0	Un film porno aux States en 1958, alors qu elle était mineure ?
textdetox@01907546324b0330d2d8b7669648cc18823323e5/fr/001288	fr	0	franchement, la proposition de suppression est vraiment pour faire chier le monde... et faire perdre le temps au contributeur sourçant les articles GdGourou
textdetox@01907546324b0330d2d8b7669648cc18823323e5/fr/001289	fr	0	Vous continuez sur le registre de la grossièreté ...
textdetox@01907546324b0330d2d8b7669648cc18823323e5/fr/001290	fr	0	Venez pas dire des conneries.
textdetox@01907546324b0330d2d8b7669648cc18823323e5/fr/001291	fr	0	C est calme cette pdd ...
textdetox@01907546324b0330d2d8b7669648cc18823323e5/fr/001292	fr	0	Il réclame à Hitler la construction de camps d extermination pour juifs dans les pays arabes et l envoi de troupes allemandes.
textdetox@01907546324b0330d2d8b7669648cc18823323e5/fr/001293	fr	0	ton popain te l  a demandé.
textdetox@01907546324b0330d2d8b7669648cc18823323e5/fr/001294	fr	0	110% c accords mais encore une fois quels sont vos conclutions ??
textdetox@01907546324b0330d2d8b7669648cc18823323e5/fr/001295	fr	0	Des millions de gens trouvent Hitler infame...doit-on le faire disparaitre de toute connaissance humaine pour autant ?
textdetox@01907546324b0330d2d8b7669648cc18823323e5/fr/001296	fr	0	Bonjour, Je t invite à prendre connaissance de cette RA concernant tes reverts.
textdetox@01907546324b0330d2d8b7669648cc18823323e5/fr/001297	fr	0	Vous êtes épatante et je voues envie.
textdetox@01907546324b0330d2d8b7669648cc18823323e5/fr/001298	fr	0	À vue de nez, l organisation de l article me parait bien.
textdetox@01907546324b0330d2d8b7669648cc18823323e5/fr/001299	fr	0	En cas de récidive, un administrateur bloquera votre accès en écriture.
textdetox@01907546324b0330d2d8b7669648cc18823323e5/fr/001300	fr	0	En plus des médias bédéphiles, il y a quelques centaines d articles sur ses travaux dans la presse WP:NECR.
textdetox@01907546324b0330d2d8b7669648cc18823323e5/fr/001301	fr	0	88.162.93.5 (d)  Merci pour la leçon que je n ai pas à recevoir de personne aussi impolies que vous.
textdetox@01907546324b0330d2d8b7669648cc18823323e5/fr/001302	fr	0	si cette consommation d énergie est supérieure aux prétendues économies, en réalité tu gaspilles de l énergie !
textdetox@01907546324b0330d2d8b7669648cc18823323e5/fr/001303	fr	0	P.S. Pour situer un peu mieux le débat
textdetox@01907546324b0330d2d8b7669648cc18823323e5/fr/001304	fr	0	accord, mais disons:
textdetox@01907546324b0330d2d8b7669648cc18823323e5/fr/001305	fr	0	Je vous souhaite de prendre plaisir à lire ou à contribuer à Wikipédia.
textdetox@01907546324b0330d2d8b7669648cc18823323e5/fr/001306	fr	0	Voici mes propositions de neutralisation, vu que le sujet ne semble pas déchaîner de débat...
textdetox@01907546324b0330d2d8b7669648cc18823323e5/fr/001307	fr	0	Si vous souhaitez contribuer aux articles qui vous intéressent, il vous faut respecter les    principes fondateurs    de Wikipédia.
textdetox@01907546324b0330d2d8b7669648cc18823323e5/fr/001308	fr	0	Bonjour,       , Vous avez découvert combien il est facile de modifier et compléter l’encyclopédie Wikipédia.
textdetox@01907546324b0330d2d8b7669648cc18823323e5/fr/001309	fr	0	Me dire  pas selon le Bled , faut être gonflé.
textdetox@01907546324b0330d2d8b7669648cc18823323e5/fr/001310	fr	0	À bon entendeur… Pymouss |Parlons
textdetox@01907546324b0330d2d8b7669648cc18823323e5/fr/001311	fr	0	Si vous ne pouvez trouver de telles sources, c’est que l’article n’est probablement pas admissible.
textdetox@01907546324b0330d2d8b7669648cc18823323e5/fr/001312	fr	0	n est pas vérifiable par une source merci d en ajouter une.
textdetox@01907546324b0330d2d8b7669648cc18823323e5/fr/001313	fr	0	En attendant cette photo à son intérêt vus que l aventure ce déroule sous l eau.
textdetox@01907546324b0330d2d8b7669648cc18823323e5/fr/001314	fr	0	Je vois que tu t en es généreusement chargé, merci.
textdetox@01907546324b0330d2d8b7669648cc18823323e5/fr/001315	fr	0	-> je pense notamment Afghanistan/Irak.
textdetox@01907546324b0330d2d8b7669648cc18823323e5/fr/001316	fr	0	Après améliorations, la problématique est demeurée entière.
textdetox@01907546324b0330d2d8b7669648cc18823323e5/fr/001317	fr	0	Si ça ce n est pas un comportement putchiste, dites-moi ce que c est.
textdetox@01907546324b0330d2d8b7669648cc18823323e5/fr/001318	fr	0	Bonjour, ValdemarDemir, et bienvenue sur Wikipédia, l’encyclopédie libre et gratuite.
textdetox@01907546324b0330d2d8b7669648cc18823323e5/fr/001319	fr	0	Cordialement, Lgd (d)
textdetox@01907546324b0330d2d8b7669648cc18823323e5/fr/001320	fr	0	Utilisateur:Anthena|miaou?]]]★Ⓐ♀, Planète Terre,
textdetox@01907546324b0330d2d8b7669648cc18823323e5/fr/001321	fr	0	Le style est lourd il faut encore un peu y travailler.
textdetox@01907546324b0330d2d8b7669648cc18823323e5/fr/001322	fr	0	, n oublie pas de tourner sept fois ta langue dans ta bouche, avant de PàS. Cordialement.
textdetox@01907546324b0330d2d8b7669648cc18823323e5/fr/001323	fr	0	A mon avis, ton vandalisme est sans doute élégant mais c est quand même du vandalisme.
textdetox@01907546324b0330d2d8b7669648cc18823323e5/fr/001324	fr	0	Pour plus de précisions, je vous invite à lire    cette page d explication   .
textdetox@01907546324b0330d2d8b7669648cc18823323e5/fr/001325	fr	0	Si vous tentez de la recréer, elle sera automatiquement blanchie par Salebot. (bot de maintenance)
textdetox@01907546324b0330d2d8b7669648cc18823323e5/fr/001326	fr	0	34 super héros (discuter)
textdetox@01907546324b0330d2d8b7669648cc18823323e5/fr/001327	fr	0	-soit les assassins droguaient les enfant pour leur faire croire au paradis et leur demander de comettre des crimes en leur promettant le paradis.
textdetox@01907546324b0330d2d8b7669648cc18823323e5/fr/001328	fr	0	d où vient une telle affirmation ?
textdetox@01907546324b0330d2d8b7669648cc18823323e5/fr/001329	fr	0	De plus, si elle édite, elle est forcément plus connue du milieu.
textdetox@01907546324b0330d2d8b7669648cc18823323e5/fr/001330	fr	0	Michel Barbetorte (d)
textdetox@01907546324b0330d2d8b7669648cc18823323e5/fr/001331	fr	0	.\m/ (Lie 2 Me ...)
textdetox@01907546324b0330d2d8b7669648cc18823323e5/fr/001332	fr	0	On ne peut pas etre plus d origine et de pratique hassidique qu eux!! (Leparc (d) )
textdetox@01907546324b0330d2d8b7669648cc18823323e5/fr/001333	fr	0	le texte suivant mis en place par ~~~ (justification)    Article(s) concerné(s) Institut d études politiques de Grenoble   
textdetox@01907546324b0330d2d8b7669648cc18823323e5/fr/001334	fr	0	Wikipédia est une formidable aventure collective, toujours en construction.
textdetox@01907546324b0330d2d8b7669648cc18823323e5/fr/001335	fr	0	Amicalement,★    R   achimbour  g   (  ✎ Doléances  )
textdetox@01907546324b0330d2d8b7669648cc18823323e5/fr/001336	fr	0	@ 2A02:29E0:2:6:216:3EFF:FE68:C00C
textdetox@01907546324b0330d2d8b7669648cc18823323e5/fr/001337	fr	0	parce qu en réalité, la montagne a deux noms qui sont tous les deux importants.2.
textdetox@01907546324b0330d2d8b7669648cc18823323e5/fr/001338	fr	0	Si vous tentez de la recréer, elle sera automatiquement blanchie par Salebot.   
textdetox@01907546324b0330d2d8b7669648cc18823323e5/fr/001339	fr	0	Je trouve juste que ses erreurs rendent manifeste ce qu il est réellement.fl0 fl0
textdetox@01907546324b0330d2d8b7669648cc18823323e5/fr/001340	fr	0	J ai vu que tu lui avais mis un bandeau d avertissement.
textdetox@01907546324b0330d2d8b7669648cc18823323e5/fr/001341	fr	0	toutefois, la transformer en encart publicitaire ou tribune politique ne sera pas toléré.
textdetox@01907546324b0330d2d8b7669648cc18823323e5/fr/001342	fr	0	c est comme la samaritaine wikipédia y a tous les jours quelque chose de nouveau !
textdetox@01907546324b0330d2d8b7669648cc18823323e5/fr/001343	fr	0	Éric Messel (discuter)
textdetox@01907546324b0330d2d8b7669648cc18823323e5/fr/001344	fr	0	Discussion Utilisateur:Jean de Parthenay|de Parthenay]]
textdetox@01907546324b0330d2d8b7669648cc18823323e5/fr/001345	fr	0	Et maintenant, foutez le camp de cette page, qui est absolument inutile.
textdetox@01907546324b0330d2d8b7669648cc18823323e5/fr/001346	fr	0	Merci de ta gentilesse.
textdetox@01907546324b0330d2d8b7669648cc18823323e5/fr/001347	fr	0	128px|Obligation de transparence en matière de contributions rémunéréesBonjour et merci pour votre intérêt et vos apports à la Wikipédia francophone.
textdetox@01907546324b0330d2d8b7669648cc18823323e5/fr/001348	fr	0	Pouvez-vous prouver qu il a sa carte à un quelconque parti politique ?
textdetox@01907546324b0330d2d8b7669648cc18823323e5/fr/001349	fr	0	Si vous tentez de la recréer, elle sera automatiquement blanchie par Salebot.   
textdetox@01907546324b0330d2d8b7669648cc18823323e5/fr/001350	fr	0	Huster, je te croyais présent depuis assez longtemps pour savoir qu on ne déplace jamais un article par copié/collé.
textdetox@01907546324b0330d2d8b7669648cc18823323e5/fr/001351	fr	0	Je suis justement tombé dessus entre-temps
textdetox@01907546324b0330d2d8b7669648cc18823323e5/fr/001352	fr	0	J aimerais savoir ce que je dois faire afin que ma page sur Christophe Dutarte demeure sur le site.
textdetox@01907546324b0330d2d8b7669648cc18823323e5/fr/001353	fr	0	Mes liens sont toujours pertinents, et souvent là, parce mes pages sont des sources utilisées et non citées.
textdetox@01907546324b0330d2d8b7669648cc18823323e5/fr/001354	fr	0	-> 2Pac mais il est pas très complet surtout sur ses tubes et le détail de son meurtre.
textdetox@01907546324b0330d2d8b7669648cc18823323e5/fr/001355	fr	0	Si vous tentez de la recréer, elle sera automatiquement blanchie par Salebot. (bot de maintenance)
textdetox@01907546324b0330d2d8b7669648cc18823323e5/fr/001356	fr	0	Discussion utilisateur:Frakir Frakir
textdetox@01907546324b0330d2d8b7669648cc18823323e5/fr/001357	fr	0	, qu ai-je fait?)
textdetox@01907546324b0330d2d8b7669648cc18823323e5/fr/001358	fr	0	file:poutou.gif tu es un amour !
textdetox@01907546324b0330d2d8b7669648cc18823323e5/fr/001359	fr	0	Bonjour       , Vous avez découvert combien il est facile de modifier Wikipédia.
textdetox@01907546324b0330d2d8b7669648cc18823323e5/fr/001360	fr	0	toutefois, la transformer en encart publicitaire ou tribune politique ne sera pas toléré.
textdetox@01907546324b0330d2d8b7669648cc18823323e5/fr/001361	fr	0	Certes, cependant IMDB est plus indiqué pour ce genre de recherches, que WP...
textdetox@01907546324b0330d2d8b7669648cc18823323e5/fr/001362	fr	0	Je rectifie une erreur grossière, suivant en cela, de surcroit, les conventions wikipédiennes.
textdetox@01907546324b0330d2d8b7669648cc18823323e5/fr/001363	fr	0	je prévois de compléter cette page dans les jours qui viennent.
textdetox@01907546324b0330d2d8b7669648cc18823323e5/fr/001364	fr	0	Clements Markham, Groupe de la mer de Ross et Voyage du James Caird exploration polaire (issus du dernier wikiconcours) ;
textdetox@01907546324b0330d2d8b7669648cc18823323e5/fr/001365	fr	0	Rentre dans les critères projet:snooker.
textdetox@01907546324b0330d2d8b7669648cc18823323e5/fr/001366	fr	0	qu est-ce qu on peut faire ?
textdetox@01907546324b0330d2d8b7669648cc18823323e5/fr/001367	fr	0	POUR VOUS FAUT-IL PRÉVENIR
textdetox@01907546324b0330d2d8b7669648cc18823323e5/fr/001368	fr	0	Peut-être faudrait-il créer une autre entrée, ou compléter cet article.
textdetox@01907546324b0330d2d8b7669648cc18823323e5/fr/001369	fr	0	Ce ne sont donc pas des variantes attestées et un tel amateurisme ne plaide pas en faveur de leur maintient dans les articles.
textdetox@01907546324b0330d2d8b7669648cc18823323e5/fr/001370	fr	0	Ça n a aucun sens.
textdetox@01907546324b0330d2d8b7669648cc18823323e5/fr/001371	fr	0	conscient qu il n est pas désiré en Croatie ;
textdetox@01907546324b0330d2d8b7669648cc18823323e5/fr/001372	fr	0	Libre à vous de ne considérer cela que comme un choix   arbitraire  ;
textdetox@01907546324b0330d2d8b7669648cc18823323e5/fr/001373	fr	0	Pour plus d’informations, vous pouvez vous référer à l aide concernant les pages utilisateurs.
textdetox@01907546324b0330d2d8b7669648cc18823323e5/fr/001374	fr	0	PAS D OU IL SORT CE PETIT GARS.LA
textdetox@01907546324b0330d2d8b7669648cc18823323e5/fr/001375	fr	0	Mais qu est-ce donc ce genre de personnes que vous êtes à vous croire tant au dessus des autres ?
textdetox@01907546324b0330d2d8b7669648cc18823323e5/fr/001376	fr	0	tu vois bien que tu ne peux que t exécuter c est le jour ou jamais ! pitibizou !
textdetox@01907546324b0330d2d8b7669648cc18823323e5/fr/001377	fr	0	Représentatif de ce qu est trop souvent le wiki français.
textdetox@01907546324b0330d2d8b7669648cc18823323e5/fr/001378	fr	0	Une question concernant le fonctionnement de Wikipédia ?
textdetox@01907546324b0330d2d8b7669648cc18823323e5/fr/001379	fr	0	Aurons-nous droit à un scénario digne des Caves du Vatican ?
textdetox@01907546324b0330d2d8b7669648cc18823323e5/fr/001380	fr	0	vu le nombre de domaine que l AGEPoly traite
textdetox@01907546324b0330d2d8b7669648cc18823323e5/fr/001381	fr	0	Assurément de qualité et complet compte tenu des connaissances actuelles,
textdetox@01907546324b0330d2d8b7669648cc18823323e5/fr/001382	fr	0	Une réponse vous sera apportée avec plaisir !
textdetox@01907546324b0330d2d8b7669648cc18823323e5/fr/001383	fr	0	Discussion Utilisateur:Azurfrog|नीले मेंढक के
textdetox@01907546324b0330d2d8b7669648cc18823323e5/fr/001384	fr	0	Lorsqu on présente un avis, il faut préciser dans le corps de l article QUI tient cet avis.
textdetox@01907546324b0330d2d8b7669648cc18823323e5/fr/001385	fr	0	Vous pouvez créer votre compte avec le pseudonyme de votre choix si vous désirez donner une touche plus personnelle à vos contributions.
textdetox@01907546324b0330d2d8b7669648cc18823323e5/fr/001386	fr	0	Moi, je constate une et une seule chose, ce site est complètement mité par la fraction dure de l église catholique.
textdetox@01907546324b0330d2d8b7669648cc18823323e5/fr/001387	fr	0	Il passa son entiere carriere sur le banc .
textdetox@01907546324b0330d2d8b7669648cc18823323e5/fr/001388	fr	0	On sacrifie son énergie et à la fin vous détruisez tout de manière arbitraire.
textdetox@01907546324b0330d2d8b7669648cc18823323e5/fr/001389	fr	0	& so on!!
textdetox@01907546324b0330d2d8b7669648cc18823323e5/fr/001390	fr	0	Quand on évoque le nazisme, il est tout à fait normal de parler de la Shoah,
textdetox@01907546324b0330d2d8b7669648cc18823323e5/fr/001391	fr	0	, Je trouve ton rameutage plus que lamentable.
textdetox@01907546324b0330d2d8b7669648cc18823323e5/fr/001392	fr	0	fr quand on le compare au wikipédia en, largement plus mature.
textdetox@01907546324b0330d2d8b7669648cc18823323e5/fr/001393	fr	0	Sachez toutefois que la durée de blocage est    évolutive   ...   
textdetox@01907546324b0330d2d8b7669648cc18823323e5/fr/001394	fr	0	, bien sûr que ta remarque était erronée, tu n as jamais appris qu Hitler voulait la mort du    peuple juif    ;
textdetox@01907546324b0330d2d8b7669648cc18823323e5/fr/001395	fr	0	En outre, on ne considère plus que la couleur de la peau soit un critère pertinent de caractérisation d une population.
textdetox@01907546324b0330d2d8b7669648cc18823323e5/fr/001396	fr	0	Tu viens quand sur Fribourg picoler et te baffrer festoyer gaiement ?
textdetox@01907546324b0330d2d8b7669648cc18823323e5/fr/001397	fr	0	Bonjour, 83.114.212.71, et bienvenue sur Wikipédia, l’encyclopédie libre et gratuite.
textdetox@01907546324b0330d2d8b7669648cc18823323e5/fr/001398	fr	0	Fichier:Pyj.png     Suffis que j appelle la police néerlandaise, et la free c est fini.
textdetox@01907546324b0330d2d8b7669648cc18823323e5/fr/001399	fr	0	Bon courage pour la suite, je reviens dans 2 semaines.
textdetox@01907546324b0330d2d8b7669648cc18823323e5/fr/001400	fr	0	Si vous ne souhaitez plus recevoir mes messages, vous pouvez ajouter « * Utilisateur:Nosmaisons » en bas de cette page.
textdetox@01907546324b0330d2d8b7669648cc18823323e5/fr/001401	fr	0	On trouve pas mal de mentions dans les ouvrages et travaux universitaires ;
textdetox@01907546324b0330d2d8b7669648cc18823323e5/fr/001402	fr	0	La séparation utilisateur/utilisatrice n a rien de pertinent, c était juste très rigolo comme idée.    Ickx6    
textdetox@01907546324b0330d2d8b7669648cc18823323e5/fr/001403	fr	0	Vous aviez eu la sagesse et le bon réflexe initialement de blanchir cette page après la première requête.
textdetox@01907546324b0330d2d8b7669648cc18823323e5/fr/001404	fr	0	C est pour proposer la halle d Aix-en-Othe comme valued image Quoi qu est-ce qu ils ont mes poissons ?
textdetox@01907546324b0330d2d8b7669648cc18823323e5/fr/001405	fr	0	Contributions/Fandalexis|F   ».
textdetox@01907546324b0330d2d8b7669648cc18823323e5/fr/001406	fr	0	Quelle santé GLec (pour le moment)... un ami, à la prochaine et à plus, GLec (discuter)
textdetox@01907546324b0330d2d8b7669648cc18823323e5/fr/001407	fr	0	Tu t la joue un peu hostile, ce soir ...
textdetox@01907546324b0330d2d8b7669648cc18823323e5/fr/001408	fr	0	Pourquoi devrais je être le seul auteur de *cet* article ?
textdetox@01907546324b0330d2d8b7669648cc18823323e5/fr/001409	fr	0	t allucine dans ta tête
textdetox@01907546324b0330d2d8b7669648cc18823323e5/fr/001410	fr	0	Tout aussi absurde que ce qualificatif-ci.
textdetox@01907546324b0330d2d8b7669648cc18823323e5/fr/001411	fr	0	Cordialement et bonne continuation sur Wikipédia, Toto
textdetox@01907546324b0330d2d8b7669648cc18823323e5/fr/001412	fr	0	ça suffit, allez jouer ailleurs.
textdetox@01907546324b0330d2d8b7669648cc18823323e5/fr/001413	fr	0	Discussion utilisateur:Romanc19s (d)
textdetox@01907546324b0330d2d8b7669648cc18823323e5/fr/001414	fr	0	Comme d habitude face à ton harcèlement consciencieux, je passerai néanmoins mon chemin pour cette fois.
textdetox@01907546324b0330d2d8b7669648cc18823323e5/fr/001415	fr	0	L espagne fasciste de guernica et Franco est neutre et propre.
textdetox@01907546324b0330d2d8b7669648cc18823323e5/fr/001416	fr	0	C est absolument monstrueux.
textdetox@01907546324b0330d2d8b7669648cc18823323e5/fr/001417	fr	0	Alors viens pas m agacer suir mes pages, OK ?
textdetox@01907546324b0330d2d8b7669648cc18823323e5/fr/001418	fr	0	Proposé par Michel BUZE (d)    
textdetox@01907546324b0330d2d8b7669648cc18823323e5/fr/001419	fr	0	démocratie mondiale) ou de procéder à quelques pirouettes, certes très drôles, comme dans dégradation des termes de l échange ?
textdetox@01907546324b0330d2d8b7669648cc18823323e5/fr/001420	fr	0	Il vaut mieux rester anonyme...tout comme certains pinailleurs négationistes tes...dans ce forum...mario SCOLAS
textdetox@01907546324b0330d2d8b7669648cc18823323e5/fr/001421	fr	0	Visitez la page d’aide afin d’en apprendre plus ou le bac à sable afin de faire des tests.
textdetox@01907546324b0330d2d8b7669648cc18823323e5/fr/001422	fr	0	Bonjour       ,    Dernier avertissement !
textdetox@01907546324b0330d2d8b7669648cc18823323e5/fr/001423	fr	0	Cela montre mon etat d esprit effectivement
textdetox@01907546324b0330d2d8b7669648cc18823323e5/fr/001424	fr	0	Merci bien, f**king sh*t
textdetox@01907546324b0330d2d8b7669648cc18823323e5/fr/001425	fr	0	Cela me confirmera juste dans l idée que WP est un beau projet dénaturé par des petits chefs !
textdetox@01907546324b0330d2d8b7669648cc18823323e5/fr/001426	fr	0	Faites les malins pour l instant, votre dossier s alourdit de jour en jour.
textdetox@01907546324b0330d2d8b7669648cc18823323e5/fr/001427	fr	0	Visiblement, le français est une langue que tu maîtrises bien mais pas à la perfection.
textdetox@01907546324b0330d2d8b7669648cc18823323e5/fr/001428	fr	0	, j ai vu que tu as rajouté un nom à la liste d anciens joueurs du LHC.
textdetox@01907546324b0330d2d8b7669648cc18823323e5/fr/001429	fr	0	La vraie gauche n est pas à gauche !
textdetox@01907546324b0330d2d8b7669648cc18823323e5/fr/001430	fr	0	Mais Maurice Béjart est-il d accord pour figurer dans cette liste ?
textdetox@01907546324b0330d2d8b7669648cc18823323e5/fr/001431	fr	0	Enfin, le bac à sable est à votre disposition pour tester la syntaxe de Wikipédia.
textdetox@01907546324b0330d2d8b7669648cc18823323e5/fr/001432	fr	0	Au plaisir de se revoir où tu sais ou ailleurs.
textdetox@01907546324b0330d2d8b7669648cc18823323e5/fr/001433	fr	0	comment on peut se branler autant sur un sujet aussi marginal alors qu’il y a autant de sujets non traités au niveau national ?
textdetox@01907546324b0330d2d8b7669648cc18823323e5/fr/001434	fr	0	Lire simplement les références bibliographiques francophones (rares) et les nombreux liens externes anglo-américains.
textdetox@01907546324b0330d2d8b7669648cc18823323e5/fr/001435	fr	0	Un    article en impasse    est un article qui ne contient aucun lien interne.
textdetox@01907546324b0330d2d8b7669648cc18823323e5/fr/001436	fr	0	Bonjour, 217.113.90.77, et bienvenue sur Wikipédia, l’encyclopédie libre et gratuite.
textdetox@01907546324b0330d2d8b7669648cc18823323e5/fr/001437	fr	0	L un des meilleurs articles de sport
textdetox@01907546324b0330d2d8b7669648cc18823323e5/fr/001438	fr	0	Aucun concept, aucune démonstration originale ne sont sortis de sa plume.
textdetox@01907546324b0330d2d8b7669648cc18823323e5/fr/001439	fr	0	Je suis une nouvelle contributrice de Wikipédia.
textdetox@01907546324b0330d2d8b7669648cc18823323e5/fr/001440	fr	0	Si vous estimez ce blocage injustifié, ajoutez le texte suivi de vos arguments sur cette page.
textdetox@01907546324b0330d2d8b7669648cc18823323e5/fr/001441	fr	0	Les petits prodcuteurs on meme plis droit aux credits qui leur sont dus.
textdetox@01907546324b0330d2d8b7669648cc18823323e5/fr/001442	fr	0	Arapaima (d)  Merci grandement !
textdetox@01907546324b0330d2d8b7669648cc18823323e5/fr/001443	fr	0	Et cela veut dire quoi ?
textdetox@01907546324b0330d2d8b7669648cc18823323e5/fr/001444	fr	0	Pourquoi diable considérer un message comme une variable aléatoire ?
textdetox@01907546324b0330d2d8b7669648cc18823323e5/fr/001445	fr	0	Au prochain acte de    vandalisme   , un administrateur vous    empêchera d écrire    sur l’ensemble de Wikipédia.
textdetox@01907546324b0330d2d8b7669648cc18823323e5/fr/001446	fr	0	Là encore je te remercie d être intervenu derrière moi pour corriger des mises en forme, mais pitié !
textdetox@01907546324b0330d2d8b7669648cc18823323e5/fr/001447	fr	0	il s agit là de vandalisme!!
textdetox@01907546324b0330d2d8b7669648cc18823323e5/fr/001448	fr	0	créés il y a moins d une semaine, en gros.
textdetox@01907546324b0330d2d8b7669648cc18823323e5/fr/001449	fr	0	Combien de petits français  ordinaires  ont eu cette chance ?
textdetox@01907546324b0330d2d8b7669648cc18823323e5/fr/001450	fr	0	Qui est ce curieux personnage ?
textdetox@01907546324b0330d2d8b7669648cc18823323e5/fr/001451	fr	0	stp de modérer ton propos
textdetox@01907546324b0330d2d8b7669648cc18823323e5/fr/001452	fr	0	12px|alt=|link= → (écrire)
textdetox@01907546324b0330d2d8b7669648cc18823323e5/fr/001453	fr	0	Et toi à côté, tu es quoi ?
textdetox@01907546324b0330d2d8b7669648cc18823323e5/fr/001454	fr	0	et éviter que vos prochaines contributions ne soient annulées.
textdetox@01907546324b0330d2d8b7669648cc18823323e5/fr/001455	fr	0	J espère qu après ça vous vous serez en effet plaint de tout ce qui est imaginable.
textdetox@01907546324b0330d2d8b7669648cc18823323e5/fr/001456	fr	0	Il est évident que votre position n a rien de  neutre  ni de  serein .
textdetox@01907546324b0330d2d8b7669648cc18823323e5/fr/001457	fr	0	Il n est de pire imbécile que celui qui se croit intelligent et cultivé
textdetox@01907546324b0330d2d8b7669648cc18823323e5/fr/001458	fr	0	Ou bien c est moi qui ai le Wikilove mal placé ?
textdetox@01907546324b0330d2d8b7669648cc18823323e5/fr/001459	fr	0	Merci par avance, Cordialement, Cryo nik (discuter)
textdetox@01907546324b0330d2d8b7669648cc18823323e5/fr/001460	fr	0	-tu une idée ou est-ce que je demande à faire supprimer cette image ?
textdetox@01907546324b0330d2d8b7669648cc18823323e5/fr/001461	fr	0	un énième commentaire infâme signé .
textdetox@01907546324b0330d2d8b7669648cc18823323e5/fr/001462	fr	0	Two Wings (jraf)
textdetox@01907546324b0330d2d8b7669648cc18823323e5/fr/001463	fr	0	N’oubliez pas que les principes fondateurs de Wikipédia ne garantissent aucun droit à avoir un article sur Wikipédia.
textdetox@01907546324b0330d2d8b7669648cc18823323e5/fr/001464	fr	0	En 1976, il fonde le parti syrth et a comme principal but de syrther tout le monde.
textdetox@01907546324b0330d2d8b7669648cc18823323e5/fr/001465	fr	0	Wikipédia est une formidable aventure collective, toujours en construction.
textdetox@01907546324b0330d2d8b7669648cc18823323e5/fr/001466	fr	0	vous permet de vérifier que vos modifications ne contiennent pas d erreur.
textdetox@01907546324b0330d2d8b7669648cc18823323e5/fr/001467	fr	0	On peut faire la même chose pour les sectes.
textdetox@01907546324b0330d2d8b7669648cc18823323e5/fr/001468	fr	0	Page en doublon avec la page Barzoï.
textdetox@01907546324b0330d2d8b7669648cc18823323e5/fr/001469	fr	0	Lendemain de réveillon difficile ?
textdetox@01907546324b0330d2d8b7669648cc18823323e5/fr/001470	fr	0	Quels éléments apportez vous pour étayer vos propos ?
textdetox@01907546324b0330d2d8b7669648cc18823323e5/fr/001471	fr	0	Votre modification a été    annulée    en raison de son caractère non constructif.
textdetox@01907546324b0330d2d8b7669648cc18823323e5/fr/001472	fr	0	En cas de récidive, un administrateur bloquera votre accès en écriture.
textdetox@01907546324b0330d2d8b7669648cc18823323e5/fr/001473	fr	0	À moins que ce soit sur Irc, mais on s en fout et c est honteux de prendre en compte leurs protestations.
textdetox@01907546324b0330d2d8b7669648cc18823323e5/fr/001474	fr	0	n a rien à voir avec TibetInfoNet (www.tibetinfonet.net).
textdetox@01907546324b0330d2d8b7669648cc18823323e5/fr/001475	fr	0	Ces liens doivent être réservés à des sites de référence   reconnus  , qui apportent un complément d information encyclopédique à l article.
textdetox@01907546324b0330d2d8b7669648cc18823323e5/fr/001476	fr	0	Vu tes merveilles apporter au projet:Var, pourrais tu voir à améliorer les choses du coté des Alpes de Haute Provence ?
textdetox@01907546324b0330d2d8b7669648cc18823323e5/fr/001477	fr	0	dring, c est ici !)
textdetox@01907546324b0330d2d8b7669648cc18823323e5/fr/001478	fr	0	[[[Discussion Utilisateur:LPLT|discu]]
textdetox@01907546324b0330d2d8b7669648cc18823323e5/fr/001479	fr	0	Il y a en effet un déséquilibre et je le dis depuis le début.
textdetox@01907546324b0330d2d8b7669648cc18823323e5/fr/001480	fr	0	-    達克斯   百科 (discuter)
textdetox@01907546324b0330d2d8b7669648cc18823323e5/fr/001481	fr	0	Voilà, je tenais à le dire ;)    K!   roman | ☺‼   ↑   ♫
textdetox@01907546324b0330d2d8b7669648cc18823323e5/fr/001482	fr	0	Garder les dates de naissance/décès dans le titre me parait alors utile pour pouvoir faire la distinction.
textdetox@01907546324b0330d2d8b7669648cc18823323e5/fr/001483	fr	0	Merci de votre compréhension.
textdetox@01907546324b0330d2d8b7669648cc18823323e5/fr/001484	fr	0	Parcequ elle était en soi  populaire , et que son maître l était aussi (assez).
textdetox@01907546324b0330d2d8b7669648cc18823323e5/fr/001485	fr	0	trois pour les sous-parties).
textdetox@01907546324b0330d2d8b7669648cc18823323e5/fr/001486	fr	0	Luttons pour mettre hors d état de nuire ces violeurs d enfants pédophiles ne rêvant qu à la destruction de la grande classe prolétarienne.
textdetox@01907546324b0330d2d8b7669648cc18823323e5/fr/001487	fr	0	D autre part, il n y a de ma part nul mépris.
textdetox@01907546324b0330d2d8b7669648cc18823323e5/fr/001488	fr	0	Vous pourrez aussi sans doute obtenir des informations sur le style prévu par cette communauté pour la chapelle de Saint-Hubert.
textdetox@01907546324b0330d2d8b7669648cc18823323e5/fr/001489	fr	0	Tout simplement parce que je possède des dons de voyance extraordinaires voyons !
textdetox@01907546324b0330d2d8b7669648cc18823323e5/fr/001490	fr	0	ah bah bravo........!!!
textdetox@01907546324b0330d2d8b7669648cc18823323e5/fr/001491	fr	0	- , j ouvre un nouveau CAR.
textdetox@01907546324b0330d2d8b7669648cc18823323e5/fr/001492	fr	0	Peut-être D une faux au manche jaune d or et à la lame argentée sur fond noir ?
textdetox@01907546324b0330d2d8b7669648cc18823323e5/fr/001493	fr	0	Si c est exact, il devrait avoir honte et il n est plus crédible.
textdetox@01907546324b0330d2d8b7669648cc18823323e5/fr/001494	fr	0	je n aurais pas dit mieuxPhilippe317
textdetox@01907546324b0330d2d8b7669648cc18823323e5/fr/001495	fr	0	Cordialement, Hexasoft (discuter)
textdetox@01907546324b0330d2d8b7669648cc18823323e5/fr/001496	fr	0	Amicalement, Po Lityk (discuter)  Courriel envoyé.
textdetox@01907546324b0330d2d8b7669648cc18823323e5/fr/001497	fr	0	Wikipédia est une formidable aventure collective, toujours en construction.
textdetox@01907546324b0330d2d8b7669648cc18823323e5/fr/001498	fr	0	au 1 rang desquels MM. Chirac et Raffarin !
textdetox@01907546324b0330d2d8b7669648cc18823323e5/fr/001499	fr	0	Bonjour, Je m apprétais à introduire les données sur la démographie d Assat depuis 1794...
textdetox@01907546324b0330d2d8b7669648cc18823323e5/fr/001500	fr	0	Bonjour et bienvenue sur Wikipédia !    
textdetox@01907546324b0330d2d8b7669648cc18823323e5/fr/001501	fr	0	n hesitez pas a utiliser le bouton Prévisualiser ceci afin de cumuler vos modifications dans un meme article.
textdetox@01907546324b0330d2d8b7669648cc18823323e5/fr/001502	fr	0	avoir tord vous ferait-il peur??
textdetox@01907546324b0330d2d8b7669648cc18823323e5/fr/001503	fr	0	   Ne recréez pas cette page vous-même.
textdetox@01907546324b0330d2d8b7669648cc18823323e5/fr/001504	fr	0	Je n y comprends plus rien avec ces tableaux c est trop compliqué pour moi.
textdetox@01907546324b0330d2d8b7669648cc18823323e5/fr/001505	fr	0	ça l est moins, quand il n y a aucun doute sur la prononciation des syllabes.
textdetox@01907546324b0330d2d8b7669648cc18823323e5/fr/001506	fr	0	surement pertinent à ta sauce de la   pertinence  .
textdetox@01907546324b0330d2d8b7669648cc18823323e5/fr/001507	fr	0	Si tu ne vois pas d intérêt au travail des autres passe ton chemin et arrête de les emmerder.
textdetox@01907546324b0330d2d8b7669648cc18823323e5/fr/001508	fr	0	On ne vous a pas appris à construire vos raisonnements à l école ?
textdetox@01907546324b0330d2d8b7669648cc18823323e5/fr/001509	fr	0	Je ne sais pas de quoi tu as besoin, mais tu peux me poser toutes les questions que tu veux.
textdetox@01907546324b0330d2d8b7669648cc18823323e5/fr/001510	fr	0	On peut encore l améliorer mais il me semble valoir mieux qu un bon début.
textdetox@01907546324b0330d2d8b7669648cc18823323e5/fr/001511	fr	0	Si c est le cas, consultez cette page d aide pour comprendre comment bien agir après la suppression de votre page.
textdetox@01907546324b0330d2d8b7669648cc18823323e5/fr/001512	fr	0	Maintenant vous m accusez d etre un rigolo !!
textdetox@01907546324b0330d2d8b7669648cc18823323e5/fr/001513	fr	0	Certains ici veulent occuper tout un aspect de sa bio, c est leur droit, mais ce n est pas neutre.
textdetox@01907546324b0330d2d8b7669648cc18823323e5/fr/001514	fr	0	A t a r a x i
textdetox@01907546324b0330d2d8b7669648cc18823323e5/fr/001515	fr	0	La version francophone comporte aujourd hui articles, rédigés et maintenus par des bénévoles comme vous et moi.
textdetox@01907546324b0330d2d8b7669648cc18823323e5/fr/001516	fr	0	Ces deux sous-sections étant les sous-sections de l avant dernière section de chaque article, section notée «
textdetox@01907546324b0330d2d8b7669648cc18823323e5/fr/001517	fr	0	Bonjour, 83.156.141.17, et merci de votre participation à Wikipédia .
textdetox@01907546324b0330d2d8b7669648cc18823323e5/fr/001518	fr	0	   Ne recréez pas cette page vous-même.
textdetox@01907546324b0330d2d8b7669648cc18823323e5/fr/001519	fr	0	Je ne comprend toujours pas la subtilité sémantique.
textdetox@01907546324b0330d2d8b7669648cc18823323e5/fr/001520	fr	0	Quant à Mensa, je crains que cela soit un sujet dont tu ne saches rien pour réagir ainsi.
textdetox@01907546324b0330d2d8b7669648cc18823323e5/fr/001521	fr	0	S il fallait mettre la prononciation en API à chaque article biographique, on ne serait pas couché !
textdetox@01907546324b0330d2d8b7669648cc18823323e5/fr/001522	fr	0	Je me demande d ailleurs dans quelle mesure un admin ne devrait pas retirer votre déferlement verbal nauséabond de cette page de discussion...
textdetox@01907546324b0330d2d8b7669648cc18823323e5/fr/001523	fr	0	la possibilité de participer aux prises de décisions et autres débats communautaires ;
textdetox@01907546324b0330d2d8b7669648cc18823323e5/fr/001524	fr	0	J i b i44  Fait une redirection )
textdetox@01907546324b0330d2d8b7669648cc18823323e5/fr/001525	fr	0	Et l on verra qui sera au  ras des paquerettes .
textdetox@01907546324b0330d2d8b7669648cc18823323e5/fr/001526	fr	0	Pourquoi attaquer un Wikipédien comme ça, gratuitement ?
textdetox@01907546324b0330d2d8b7669648cc18823323e5/fr/001527	fr	0	De la même manière, aux États-Unis
textdetox@01907546324b0330d2d8b7669648cc18823323e5/fr/001528	fr	0	Bien content de t avoir croisé, je prendrai soin de tes poissons rouges après l enterrement !
textdetox@01907546324b0330d2d8b7669648cc18823323e5/fr/001529	fr	0	dialogue impossible, les conseils je les prends, les remarques seulement si elles sont justifiées.
textdetox@01907546324b0330d2d8b7669648cc18823323e5/fr/001530	fr	0	Pour moi, vous n avez fait qu une connerie publier le message initial sur le bistro d hier.
textdetox@01907546324b0330d2d8b7669648cc18823323e5/fr/001531	fr	0	Là je suis trop crevé.
textdetox@01907546324b0330d2d8b7669648cc18823323e5/fr/001532	fr	0	j aimerais qu on m aidât sur ce point.
textdetox@01907546324b0330d2d8b7669648cc18823323e5/fr/001533	fr	0	Merci pour votre intervention.
textdetox@01907546324b0330d2d8b7669648cc18823323e5/fr/001534	fr	0	L infobox sur les pertes ne parle pas de 100 000 tués mais présente différents chiffres.
textdetox@01907546324b0330d2d8b7669648cc18823323e5/fr/001535	fr	0	Preuve est faite les sbires de Sosthène sont vigilants et censurent.
textdetox@01907546324b0330d2d8b7669648cc18823323e5/fr/001536	fr	0	Désolé de vous contredire.
textdetox@01907546324b0330d2d8b7669648cc18823323e5/fr/001537	fr	0	Je te demanderais de ne plus essayer de mettre ton lien à l avenir.
textdetox@01907546324b0330d2d8b7669648cc18823323e5/fr/001538	fr	0	Si vous ne pouvez trouver de telles sources, c’est que l’article n’est probablement pas admissible.
textdetox@01907546324b0330d2d8b7669648cc18823323e5/fr/001539	fr	0	Si vous souhaitez contribuer aux articles qui vous intéressent, il vous faut respecter les    principes fondateurs    de Wikipédia.
textdetox@01907546324b0330d2d8b7669648cc18823323e5/fr/001540	fr	0	Non, recherche inutile et attaque inconsidérée de la part de ces Messieurs, ainsi que vous même.
textdetox@01907546324b0330d2d8b7669648cc18823323e5/fr/001541	fr	0	Pas de source secondaire, centrée, de qualité pour ce jeu vidéo.
textdetox@01907546324b0330d2d8b7669648cc18823323e5/fr/001542	fr	0	Bonjour, Merci pour la création de cet article qui manquait en effet à Wikipédia en français.
textdetox@01907546324b0330d2d8b7669648cc18823323e5/fr/001543	fr	0	Je crois qu intégrer mon brouillon à cette page soit en effet plus pertinent qu une nouvelle page.
textdetox@01907546324b0330d2d8b7669648cc18823323e5/fr/001544	fr	0	Pa ce que le sexe est dans le cerveau?
textdetox@01907546324b0330d2d8b7669648cc18823323e5/fr/001545	fr	0	***** mais c était pas de la censure!
textdetox@01907546324b0330d2d8b7669648cc18823323e5/fr/001546	fr	0	C3.A9_algorithmique.22 Jean-Christophe BENOIST (d)
textdetox@01907546324b0330d2d8b7669648cc18823323e5/fr/001547	fr	0	Et la fonte des métaux n est pas le propre du sapiens ????
textdetox@01907546324b0330d2d8b7669648cc18823323e5/fr/001548	fr	0	Discussion Utilisateur:XIIIfromTOKYO|何だよ]
textdetox@01907546324b0330d2d8b7669648cc18823323e5/fr/001549	fr	0	Ne recommencez pas ce genre de menace, vous serez bloqué immédiatement et définitivement Theoliane (discuter)
textdetox@01907546324b0330d2d8b7669648cc18823323e5/fr/001550	fr	0	Et ce n est qu un exemple parmi d autres... Salomon avait l élégance de ne pas le viser nommément.
textdetox@01907546324b0330d2d8b7669648cc18823323e5/fr/001551	fr	0	Si tu reviens, je serai ravie de t aider à nouveau.
textdetox@01907546324b0330d2d8b7669648cc18823323e5/fr/001552	fr	0	Je pense que le second   M   devrait rester en *majuscule*, puisque c est le cas dans le titre original.
textdetox@01907546324b0330d2d8b7669648cc18823323e5/fr/001553	fr	0	Ou faut il réaliser un graphique - avec un tableur, par exemple - et l introduire ensuite comme image ?
textdetox@01907546324b0330d2d8b7669648cc18823323e5/fr/001554	fr	0	Jean de Parthenay (d)
textdetox@01907546324b0330d2d8b7669648cc18823323e5/fr/001555	fr	0	proposition de blasonnement à un faux-qu on par un vrai.
textdetox@01907546324b0330d2d8b7669648cc18823323e5/fr/001556	fr	0	Bonjour       ,    Vous avez copié sur un contenu provenant de tout ou partie .
textdetox@01907546324b0330d2d8b7669648cc18823323e5/fr/001557	fr	0	Un de ces quatre je vérifierai tout les concernant.
textdetox@01907546324b0330d2d8b7669648cc18823323e5/fr/001558	fr	0	On viol aucun principe en mettent les logos!!
textdetox@01907546324b0330d2d8b7669648cc18823323e5/fr/001559	fr	0	vous êtes assez buté pour classer incorrectement un ouvrage que vous n avez pas lu
textdetox@01907546324b0330d2d8b7669648cc18823323e5/fr/001560	fr	0	Ensuite, essayez de continuer à redémarrer ces articles, ce qui inclut tout le monde.
textdetox@01907546324b0330d2d8b7669648cc18823323e5/fr/001561	fr	0	Fichez moi donc la paix.
textdetox@01907546324b0330d2d8b7669648cc18823323e5/fr/001562	fr	0	ps: bien sur que cet article est là pour développer sa pensée !
textdetox@01907546324b0330d2d8b7669648cc18823323e5/fr/001563	fr	0	Bonjour, je suis Akadians, et je vous accueille en tant que wikipédien bénévole.
textdetox@01907546324b0330d2d8b7669648cc18823323e5/fr/001564	fr	0	En Quoi sa vous concerne ?
textdetox@01907546324b0330d2d8b7669648cc18823323e5/fr/001565	fr	0	Les crimes du communisme, une opinion.
textdetox@01907546324b0330d2d8b7669648cc18823323e5/fr/001566	fr	0	J ai modifié le bot pour qu il laisse aussi les biohomonymies tranquilles.
textdetox@01907546324b0330d2d8b7669648cc18823323e5/fr/001567	fr	0	Le bac à sable est disponible pour vos tests.
textdetox@01907546324b0330d2d8b7669648cc18823323e5/fr/001568	fr	0	Fait comme ça t amuse, c est pas bien grave.
textdetox@01907546324b0330d2d8b7669648cc18823323e5/fr/001569	fr	0	Je ne laisserais pas se genre de manipulation politique se produire ici.
textdetox@01907546324b0330d2d8b7669648cc18823323e5/fr/001570	fr	0	Non ils ne font pas «la fête».
textdetox@01907546324b0330d2d8b7669648cc18823323e5/fr/001571	fr	0	J ai vu d autres discussions de ce type sur le net, tant que tu réponds c est sans fin.
textdetox@01907546324b0330d2d8b7669648cc18823323e5/fr/001572	fr	0	Tout ceci n est qu arguties oiseuses.
textdetox@01907546324b0330d2d8b7669648cc18823323e5/fr/001573	fr	0	Au plaisir de te recroiser.      L   e   M   orvandiau   [[[
textdetox@01907546324b0330d2d8b7669648cc18823323e5/fr/001574	fr	0	etc... si tu prend leur intersection, à la fin, tu tombes sur un vide insondable.
textdetox@01907546324b0330d2d8b7669648cc18823323e5/fr/001575	fr	0	Je me doutais qu en rapportant cette anecdote j allais m attirer des foudres.
textdetox@01907546324b0330d2d8b7669648cc18823323e5/fr/001576	fr	0	Malheureusement, ce ne l est pas.
textdetox@01907546324b0330d2d8b7669648cc18823323e5/fr/001577	fr	0	Je vous invite ainsi à découvrir en détail pourquoi votre apport a été supprimé.
textdetox@01907546324b0330d2d8b7669648cc18823323e5/fr/001578	fr	0	Par exemple: he age of Aisha is cited by some critics who denounce Muhammad for having sexual relations with her.
textdetox@01907546324b0330d2d8b7669648cc18823323e5/fr/001579	fr	0	Mais ce qu il y a de plus troublant c est supprimé mais par qui ?
textdetox@01907546324b0330d2d8b7669648cc18823323e5/fr/001580	fr	0	Au sujet de ton intervention sur Fleury
textdetox@01907546324b0330d2d8b7669648cc18823323e5/fr/001581	fr	0	- merci de l explication!
textdetox@01907546324b0330d2d8b7669648cc18823323e5/fr/001582	fr	0	Merci de m associer à travers cette caricature à un ado pré-pubert taggeur et analphabète...
textdetox@01907546324b0330d2d8b7669648cc18823323e5/fr/001583	fr	0	Il faut dire que Louis XIII et Richelieu, ces ignares, ignoraient l’OQLF et la Wikidémie !
textdetox@01907546324b0330d2d8b7669648cc18823323e5/fr/001584	fr	0	Tu m as pris pour qui, exactement???
textdetox@01907546324b0330d2d8b7669648cc18823323e5/fr/001585	fr	0	Je fuis tous contact avec les religieux de tous poils.
textdetox@01907546324b0330d2d8b7669648cc18823323e5/fr/001586	fr	0	ma gaffe aura permis d en corriger une autre bien plus grosse.
textdetox@01907546324b0330d2d8b7669648cc18823323e5/fr/001587	fr	0	Arrête de modifier des mots dans l article, juste pour le plaisir.
textdetox@01907546324b0330d2d8b7669648cc18823323e5/fr/001588	fr	0	Avant d écrire un article, il serait bon de vérifier ses dires.
textdetox@01907546324b0330d2d8b7669648cc18823323e5/fr/001589	fr	0	Pourquoi l ensemble des parties de l ensemble vide serait l ensemble vide lui-même?
textdetox@01907546324b0330d2d8b7669648cc18823323e5/fr/001590	fr	0	Car il s agit de ma page avec une plainte de mes avocats à l appui, c est plus clair ?
textdetox@01907546324b0330d2d8b7669648cc18823323e5/fr/001591	fr	0	Ici, il s agit de nazillons qui font quelques disques en circuit fermé.
textdetox@01907546324b0330d2d8b7669648cc18823323e5/fr/001592	fr	0	Cela veut simplement dire que le dernier chiffre publié par le distributeur est du mois d avril.
textdetox@01907546324b0330d2d8b7669648cc18823323e5/fr/001593	fr	0	une meilleure confidentialité et anonymat que sous IP.
textdetox@01907546324b0330d2d8b7669648cc18823323e5/fr/001594	fr	0	La cinétique de la réaction permet un contrôle par des barres.
textdetox@01907546324b0330d2d8b7669648cc18823323e5/fr/001595	fr	0	OK, mais d un autre côté
textdetox@01907546324b0330d2d8b7669648cc18823323e5/fr/001596	fr	0	Cordialement, Alamandar Conférer ?
textdetox@01907546324b0330d2d8b7669648cc18823323e5/fr/001597	fr	0	Je pense que le nombre de voyageurs est à actualisé avec des chiffres 2015.
textdetox@01907546324b0330d2d8b7669648cc18823323e5/fr/001598	fr	0	Ça me parait pas évident du tout mais je n y attache pas plus d importance que cela.
textdetox@01907546324b0330d2d8b7669648cc18823323e5/fr/001599	fr	0	Bonjour       , Bienvenue sur Wikipédia, l’encyclopédie libre et gratuite.
textdetox@01907546324b0330d2d8b7669648cc18823323e5/fr/001600	fr	0	Bienvenue sur Wikipédia, William, et bon courage pour ton article, que nous attendons tous avec impatience !
textdetox@01907546324b0330d2d8b7669648cc18823323e5/fr/001601	fr	0	Si vous voulez vous cultiver, soyez attentif en cours ou lisez les articles de Wikipédia plutôt que de les massacrer.
textdetox@01907546324b0330d2d8b7669648cc18823323e5/fr/001602	fr	0	cloclob à dit:   C est un article carrément de promotion politique !   
textdetox@01907546324b0330d2d8b7669648cc18823323e5/fr/001603	fr	0	Un seul regret vous auriez du prendre la décision de partir plus tôt.
textdetox@01907546324b0330d2d8b7669648cc18823323e5/fr/001604	fr	0	Pour plus de précision, vous pouvez lire    cette page   .
textdetox@01907546324b0330d2d8b7669648cc18823323e5/fr/001605	fr	0	Je vais peut-être t envoyer un hotmail, je ne sais pas.
textdetox@01907546324b0330d2d8b7669648cc18823323e5/fr/001606	fr	0	Merci beaucoup...       DrFO.Jr.
textdetox@01907546324b0330d2d8b7669648cc18823323e5/fr/001607	fr	0	Bonjour, 86.216.223.214, et merci de votre participation à Wikipédia .
textdetox@01907546324b0330d2d8b7669648cc18823323e5/fr/001608	fr	0	Je me suis permis de la transférer dans la PDD de l article.
textdetox@01907546324b0330d2d8b7669648cc18823323e5/fr/001609	fr	0	Le dessin que j avais fait comporte ces éléments.
textdetox@01907546324b0330d2d8b7669648cc18823323e5/fr/001610	fr	0	La page Wikipédia:Liens externes explique comment choisir de bons liens.
textdetox@01907546324b0330d2d8b7669648cc18823323e5/fr/001611	fr	0	Merci pour ce travail de sourçage .
textdetox@01907546324b0330d2d8b7669648cc18823323e5/fr/001612	fr	0	Si vous voulez vous familiariser avec le projet, veuillez consulter la page d’aide ou utiliser le bac à sable.
textdetox@01907546324b0330d2d8b7669648cc18823323e5/fr/001613	fr	0	Ceci pour éviter de garder trace de folies passagères...
textdetox@01907546324b0330d2d8b7669648cc18823323e5/fr/001614	fr	0	Donc si vous êtes d’accord avec moi, sa suppression me paraît inévitable.
textdetox@01907546324b0330d2d8b7669648cc18823323e5/fr/001615	fr	0	Il serait grand temps que ça s arrête.
textdetox@01907546324b0330d2d8b7669648cc18823323e5/fr/001616	fr	0	Bref, si tu persistes tu risques des blocages de plus en plus longs alors que ce n est pas nécessaire.
textdetox@01907546324b0330d2d8b7669648cc18823323e5/fr/001617	fr	0	Je ne fais pas de préchi-précha, car ce gens de discours s adresseraient à des moutons sans conscience.
textdetox@01907546324b0330d2d8b7669648cc18823323e5/fr/001618	fr	0	Bonjour, 92.138.223.61, et bienvenue sur Wikipédia, l’encyclopédie libre et gratuite.
textdetox@01907546324b0330d2d8b7669648cc18823323e5/fr/001619	fr	0	Et pourquoi donc une note en bas de page alors que les sources montrées mettent ça en avant ?
textdetox@01907546324b0330d2d8b7669648cc18823323e5/fr/001620	fr	0	Jean-Jacques Georges (Sonnez avant d entrer)
textdetox@01907546324b0330d2d8b7669648cc18823323e5/fr/001621	fr	0	Vous voulez me tuer d avantage ?
textdetox@01907546324b0330d2d8b7669648cc18823323e5/fr/001622	fr	0	Cordialement,Françoise Maîtresse (discuter)  ̴̴̴̴
textdetox@01907546324b0330d2d8b7669648cc18823323e5/fr/001623	fr	0	Bonjour, 91.216.43.44, et bienvenue sur Wikipédia, l’encyclopédie libre et gratuite.
textdetox@01907546324b0330d2d8b7669648cc18823323e5/fr/001624	fr	0	Bonjour, Je viens de demander ton blocage en écriture.
textdetox@01907546324b0330d2d8b7669648cc18823323e5/fr/001625	fr	0	Tout comme le gamin, j ai toujours pensé que cette fille est une nazi... tu ne trouves pas ?
textdetox@01907546324b0330d2d8b7669648cc18823323e5/fr/001626	fr	0	Il ne vous reste qu à trouver un consensus pour les maintenir.
textdetox@01907546324b0330d2d8b7669648cc18823323e5/fr/001627	fr	0	Vos tribus arabes sont du domaines du fantasme a la Disney World.
textdetox@01907546324b0330d2d8b7669648cc18823323e5/fr/001628	fr	0	En attendant c est la seul avis retranscrit avec une source précise est celui de Reynié.
textdetox@01907546324b0330d2d8b7669648cc18823323e5/fr/001629	fr	0	Comptez le nombre de fautes !!
textdetox@01907546324b0330d2d8b7669648cc18823323e5/fr/001630	fr	0	Seulement, tu as écourté la preuve et cela me semble une mauvaise idée.
textdetox@01907546324b0330d2d8b7669648cc18823323e5/fr/001631	fr	0	Difficile de faire autrement.
textdetox@01907546324b0330d2d8b7669648cc18823323e5/fr/001632	fr	0	De plus son état mérite que l on s y attarde.
textdetox@01907546324b0330d2d8b7669648cc18823323e5/fr/001633	fr	0	Voire même un islamiste altermondialiste fanatique.
textdetox@01907546324b0330d2d8b7669648cc18823323e5/fr/001634	fr	0	Je lance un dernier avertissement à , si cet article est de nouveau vandalisé avec celui du mbesses.
textdetox@01907546324b0330d2d8b7669648cc18823323e5/fr/001635	fr	0	Ou est la reference du texte qui stipule que les liens vers les blogs sont interdits !!
textdetox@01907546324b0330d2d8b7669648cc18823323e5/fr/001636	fr	0	J ai joué à ce jeu et c est un gros pay to win scandaleux, ce jeu est à bannir !!!
textdetox@01907546324b0330d2d8b7669648cc18823323e5/fr/001637	fr	0	C est une proposition et je voudrais avoir l avis d autres utilisateurs.
textdetox@01907546324b0330d2d8b7669648cc18823323e5/fr/001638	fr	0	Semble admissible (je me suis limité aux archives du   Monde   évoqué au-dessus).
textdetox@01907546324b0330d2d8b7669648cc18823323e5/fr/001639	fr	0	par  Je trouve votre intervention méprisante pour vos collègues qui ont accepté il y a plusieurs mois l article dans sa version totale.
textdetox@01907546324b0330d2d8b7669648cc18823323e5/fr/001640	fr	0	Tant pis pour toi.
textdetox@01907546324b0330d2d8b7669648cc18823323e5/fr/001641	fr	0	Comme Renaldus annonce lui-même qu il compte imposer de force ses idées, je vous félicite de l avoir encouragé.
textdetox@01907546324b0330d2d8b7669648cc18823323e5/fr/001642	fr	0	— Azurfrog [[[
textdetox@01907546324b0330d2d8b7669648cc18823323e5/fr/001643	fr	0	Regnaud de Saint-Jean d Angély(Regnaud de Saint-Jean d Angélyle
textdetox@01907546324b0330d2d8b7669648cc18823323e5/fr/001644	fr	0	Dans l article Mouvement raélien, j ai enlevé le paragraphe sur le mot secte qui aurait plutôt sa place dans secte )
textdetox@01907546324b0330d2d8b7669648cc18823323e5/fr/001645	fr	0	Vous revenez annuler mon effacement malgré tout.
textdetox@01907546324b0330d2d8b7669648cc18823323e5/fr/001646	fr	0	Ne recréez pas cette page vous-même.
textdetox@01907546324b0330d2d8b7669648cc18823323e5/fr/001647	fr	0	Tu confirmes donc ta complète incompréhension de ce qu est le matérialisme historique (dont Benda    ne parle pas    
textdetox@01907546324b0330d2d8b7669648cc18823323e5/fr/001648	fr	0	Ce que tu cherches, c est donc une source attestant simplement de l existence de cet instrument?
textdetox@01907546324b0330d2d8b7669648cc18823323e5/fr/001649	fr	0	Un administrateur un peu trop zélé (:o c est étonnant (et rare)) m a bloqué indéfiniment !
textdetox@01907546324b0330d2d8b7669648cc18823323e5/fr/001650	fr	0	Wikipédia repose sur des    principes fondateurs    respectés par tous Encyclopédisme et vérifiabilité (s appuyer sur des sources reconnues) ;
textdetox@01907546324b0330d2d8b7669648cc18823323e5/fr/001651	fr	0	Lebob tu ne trouves pas parce que la source est passée à la trappe dans la dernière version.
textdetox@01907546324b0330d2d8b7669648cc18823323e5/fr/001652	fr	0	LucienAutiero Lucien (d)
textdetox@01907546324b0330d2d8b7669648cc18823323e5/fr/001653	fr	0	Sans elles, la version consensuelle est celle de .
textdetox@01907546324b0330d2d8b7669648cc18823323e5/fr/001654	fr	0	N oubliez pas d ajouter le lien vers cette page dans la page principale des Pages à supprimer - connardva
textdetox@01907546324b0330d2d8b7669648cc18823323e5/fr/001655	fr	0	Je te remercie pour ton travail.
textdetox@01907546324b0330d2d8b7669648cc18823323e5/fr/001656	fr	0	- et laisser l espagnol aux Espagnols.
textdetox@01907546324b0330d2d8b7669648cc18823323e5/fr/001657	fr	0	Si vous souhaitez continuer à apporter vos connaissances aux articles qui vous intéressent, il vous faut .
textdetox@01907546324b0330d2d8b7669648cc18823323e5/fr/001658	fr	0	Bonjour,       , Vous avez découvert combien il est facile de modifier et compléter l encyclopédie Wikipédia.
textdetox@01907546324b0330d2d8b7669648cc18823323e5/fr/001659	fr	0	Bonjour, Merci pour votre réponse!
textdetox@01907546324b0330d2d8b7669648cc18823323e5/fr/001660	fr	0	Je vous ai dit que les livres récents ne peuvent pas être sur Commons.
textdetox@01907546324b0330d2d8b7669648cc18823323e5/fr/001661	fr	0	vous qui devriez relire l article   Majorité absolue   au lieu de raconter des bêtises... SenseiAC (discuter)
textdetox@01907546324b0330d2d8b7669648cc18823323e5/fr/001662	fr	0	Je ne sais si la torture a donné lieu à des opéras de bel canto », vous demandiez-vous.
textdetox@01907546324b0330d2d8b7669648cc18823323e5/fr/001663	fr	0	Je vous souhaite de bonnes futures contributions sur Wikipédia !
textdetox@01907546324b0330d2d8b7669648cc18823323e5/fr/001664	fr	0	NEUTRALITE, OBJETIVITE, EQUILIBRE
textdetox@01907546324b0330d2d8b7669648cc18823323e5/fr/001665	fr	0	- qui n apparaît effectivement tel quel dans aucune autre source écrite conservée
textdetox@01907546324b0330d2d8b7669648cc18823323e5/fr/001666	fr	0	Cet article peut bien être, comme tu l affirmes, « à portée scientifique » sans être pour autant scientifiquement pertinent.
textdetox@01907546324b0330d2d8b7669648cc18823323e5/fr/001667	fr	0	Vous osez m accusez de  broder  qui plus est !
textdetox@01907546324b0330d2d8b7669648cc18823323e5/fr/001668	fr	0	Passé ce délai, vous pourrez à nouveau écrire régulièrement sur Wikipédia.
textdetox@01907546324b0330d2d8b7669648cc18823323e5/fr/001669	fr	0	L ami GLec (discuter)
textdetox@01907546324b0330d2d8b7669648cc18823323e5/fr/001670	fr	0	☭    Кумкум    ☭ 什么？
textdetox@01907546324b0330d2d8b7669648cc18823323e5/fr/001671	fr	0	Ce sera finalement Six livres.
textdetox@01907546324b0330d2d8b7669648cc18823323e5/fr/001672	fr	0	Quoi qu il en soit on trouvera bien un terrain d entente.
textdetox@01907546324b0330d2d8b7669648cc18823323e5/fr/001673	fr	0	Ils adorent manger des ships, comme des ships au Ketchp ou au bbc.
textdetox@01907546324b0330d2d8b7669648cc18823323e5/fr/001674	fr	0	- Loreleil [[[
textdetox@01907546324b0330d2d8b7669648cc18823323e5/fr/001675	fr	0	S il te prend l envie d échanger des impressions sur des expéditions, mon adresse mail est disponible.
textdetox@01907546324b0330d2d8b7669648cc18823323e5/fr/001676	fr	0	QUE ELLE ARRIVE 00 DANS LES MONTRE DE PILE ET DANS LES MONTRE DE MUR
textdetox@01907546324b0330d2d8b7669648cc18823323e5/fr/001677	fr	0	De toute façon un dictateur se disant démocrate n aurait pas sa place en  catégorie:démocrate , soyons sérieux !
textdetox@01907546324b0330d2d8b7669648cc18823323e5/fr/001678	fr	0	Un exemple, le 100m hommes
textdetox@01907546324b0330d2d8b7669648cc18823323e5/fr/001679	fr	0	Je reste cependant à votre disposition pour détailler davantage ce qui n irait pas.    Pense
textdetox@01907546324b0330d2d8b7669648cc18823323e5/fr/001680	fr	0	et oui: je les méprise + j en ai assez du politiquement correct, yep kernitou dİscuter
textdetox@01907546324b0330d2d8b7669648cc18823323e5/fr/001681	fr	0	, propose ici un bon sourçage, une bonne biblio et une approche qui me semble très honnête.
textdetox@01907546324b0330d2d8b7669648cc18823323e5/fr/001682	fr	0	ici là, garde tes beaux principes pour toi.
textdetox@01907546324b0330d2d8b7669648cc18823323e5/fr/001683	fr	0	Et ça ricane au fond de la classe !
textdetox@01907546324b0330d2d8b7669648cc18823323e5/fr/001684	fr	0	Mais vous ne comprenez donc rien ?
textdetox@01907546324b0330d2d8b7669648cc18823323e5/fr/001685	fr	0	Que ceux qui ont mis, remis et défendu cette source me relisent WP:UNDUE et WP:SQ.
textdetox@01907546324b0330d2d8b7669648cc18823323e5/fr/001686	fr	0	JE FERAIS CONDANER A LA PEINE CAPITALE A CEUX QUI ONT TUER ET JE SERAIS D
textdetox@01907546324b0330d2d8b7669648cc18823323e5/fr/001687	fr	0	Mais je trouve ta modif déplorable venant d un utilisateur expérimenté.
textdetox@01907546324b0330d2d8b7669648cc18823323e5/fr/001688	fr	0	Pour monsieur qui demande l identité des gens qui ne pensent pas comme lui.
textdetox@01907546324b0330d2d8b7669648cc18823323e5/fr/001689	fr	0	Texte de sous-titre   Insérez le texte à mettre en italique à la place de celui- moussorski est un vieux crouton
textdetox@01907546324b0330d2d8b7669648cc18823323e5/fr/001690	fr	0	Faisons les choses dans l ordre définissons clairement les pré-requis et les contraintes, puis rédigeons une charte simple et facile à comprendre.
textdetox@01907546324b0330d2d8b7669648cc18823323e5/fr/001691	fr	0	En outre, ces escrocs profitent de la faiblesse de personnes en situations financière et morale difficiles.
textdetox@01907546324b0330d2d8b7669648cc18823323e5/fr/001692	fr	0	, De rien, mais il reste encore du boulot.
textdetox@01907546324b0330d2d8b7669648cc18823323e5/fr/001693	fr	0	Écoute si tu trouves qu il y a du désordre dans l article va donc leur dire comme tu le fais avec moi.
textdetox@01907546324b0330d2d8b7669648cc18823323e5/fr/001694	fr	0	pourquoi répéter ce qui est déjà dans l article de façon FACTUEL (par exemple les conversions) en le politisant ?
textdetox@01907546324b0330d2d8b7669648cc18823323e5/fr/001695	fr	0	ce serait avec plaisir....
textdetox@01907546324b0330d2d8b7669648cc18823323e5/fr/001696	fr	0	aider plus encore en ajoutant des références étayant contributions .
textdetox@01907546324b0330d2d8b7669648cc18823323e5/fr/001697	fr	0	Et pour saluer l effort de sourçage de Curieux59.
textdetox@01907546324b0330d2d8b7669648cc18823323e5/fr/001698	fr	0	Je vous souhaite de prendre plaisir à lire ou à contribuer à Wikipédia.
textdetox@01907546324b0330d2d8b7669648cc18823323e5/fr/001699	fr	0	WP n est pas une plateforme publicitaire ni un annuaire de liens externes
textdetox@01907546324b0330d2d8b7669648cc18823323e5/fr/001700	fr	0	Bonjour, 84.97.154.226, et bienvenue sur Wikipédia, l’encyclopédie libre et gratuite.
textdetox@01907546324b0330d2d8b7669648cc18823323e5/fr/001701	fr	0	La version francophone comporte aujourd hui articles, rédigés et maintenus par des bénévoles comme vous et moi.
textdetox@01907546324b0330d2d8b7669648cc18823323e5/fr/001702	fr	0	Jean-Jacques Georges (Sonnez avant d entrer)
textdetox@01907546324b0330d2d8b7669648cc18823323e5/fr/001703	fr	0	25px|Icône vandale averti    Dernier avertissement !
textdetox@01907546324b0330d2d8b7669648cc18823323e5/fr/001704	fr	0	Mon village ne s appellerait plus Colombey-les-Deux-Églises, mais Colombey-les-Deux-Mosquées !».
textdetox@01907546324b0330d2d8b7669648cc18823323e5/fr/001705	fr	0	Je crois qu il faut attaquer par Dijon et d autres personnages contemporains.
textdetox@01907546324b0330d2d8b7669648cc18823323e5/fr/001706	fr	0	Merci de votre compréhension.
textdetox@01907546324b0330d2d8b7669648cc18823323e5/fr/001707	fr	0	Pour plus de détails sur les liens internes, vous pouvez consulter cette page.
textdetox@01907546324b0330d2d8b7669648cc18823323e5/fr/001708	fr	0	Visitez la page d’aide afin d’en apprendre plus ou le bac à sable afin de faire des tests.
textdetox@01907546324b0330d2d8b7669648cc18823323e5/fr/001709	fr	0	sur   À prendre   me semble assez importante
textdetox@01907546324b0330d2d8b7669648cc18823323e5/fr/001710	fr	0	BELLAMY EST PROFESSEUR DU SECOND
textdetox@01907546324b0330d2d8b7669648cc18823323e5/fr/001711	fr	0	Si vous tentez de la recréer, elle sera automatiquement blanchie par Salebot. (bot de maintenance)
textdetox@01907546324b0330d2d8b7669648cc18823323e5/fr/001712	fr	0	Visitez la page d’aide afin d’en apprendre plus ou le bac à sable afin de faire des tests.
textdetox@01907546324b0330d2d8b7669648cc18823323e5/fr/001713	fr	0	[[Discussion Utilisateur:Lyon-St-Clair|Allô ?
textdetox@01907546324b0330d2d8b7669648cc18823323e5/fr/001714	fr	0	Revert, menace, insulte.
textdetox@01907546324b0330d2d8b7669648cc18823323e5/fr/001715	fr	0	Toutes les informations ajoutées à Wikipédia doivent être vérifiables grâce à des sources externes de qualité.
textdetox@01907546324b0330d2d8b7669648cc18823323e5/fr/001716	fr	0	Très étonnante comme remarque.
textdetox@01907546324b0330d2d8b7669648cc18823323e5/fr/001717	fr	0	Je vous laisse ci dessous une source La fréquentation des grandes gares franciliennes (Mars 2015)
textdetox@01907546324b0330d2d8b7669648cc18823323e5/fr/001718	fr	0	Si vous estimez que cette suppression est injustifiée, n hésitez pas à .
textdetox@01907546324b0330d2d8b7669648cc18823323e5/fr/001719	fr	0	, l entrée 5,   I
textdetox@01907546324b0330d2d8b7669648cc18823323e5/fr/001720	fr	0	Dommage si d autres ne le voient pas.
textdetox@01907546324b0330d2d8b7669648cc18823323e5/fr/001721	fr	0	Comme d hab (et   je   suis le pédant, je sais).
textdetox@01907546324b0330d2d8b7669648cc18823323e5/fr/001722	fr	0	J attends une réponse.
textdetox@01907546324b0330d2d8b7669648cc18823323e5/fr/001723	fr	0	Je ne sais pas si c est Lamrani en personne
textdetox@01907546324b0330d2d8b7669648cc18823323e5/fr/001724	fr	0	style= background-color:#FFFFFF;
textdetox@01907546324b0330d2d8b7669648cc18823323e5/fr/001725	fr	0	, prends un peu de recul, parce que pour le coup, ça devient pathétique.
textdetox@01907546324b0330d2d8b7669648cc18823323e5/fr/001726	fr	0	Oui, oui, un jeune homme, j ai vu ta PU o)...
textdetox@01907546324b0330d2d8b7669648cc18823323e5/fr/001727	fr	0	Souhaitez vous que je vous fasse une liste de source avec leur adresse?
textdetox@01907546324b0330d2d8b7669648cc18823323e5/fr/001728	fr	0	Roger Godel,   Essais sur l expérience libératrice  , Editions Présence, 1976
textdetox@01907546324b0330d2d8b7669648cc18823323e5/fr/001729	fr	0	Venez donner votre avis.  
textdetox@01907546324b0330d2d8b7669648cc18823323e5/fr/001730	fr	0	Libre à toi de continuer, mais il reste des milliers d articles à compléter.
textdetox@01907546324b0330d2d8b7669648cc18823323e5/fr/001731	fr	0	Je m exprime dans la section « Conserver » ci-dessous.
textdetox@01907546324b0330d2d8b7669648cc18823323e5/fr/001732	fr	0	Ghoster (¬ - ¬)
textdetox@01907546324b0330d2d8b7669648cc18823323e5/fr/001733	fr	0	Un peu plus loin, j ai vu que vous classiez Hitler avec les papes...
textdetox@01907546324b0330d2d8b7669648cc18823323e5/fr/001734	fr	0	Celle-ci était baroque avant l heure et Bruyn peignait en baroque sans le savoir (comme Monsieur Jourdain).
textdetox@01907546324b0330d2d8b7669648cc18823323e5/fr/001735	fr	0	Il ne fait que du travail inédit, sa parole ne vaut rien car Apollofox lui, il sait.
textdetox@01907546324b0330d2d8b7669648cc18823323e5/fr/001736	fr	0	Un livret d aide est à votre disposition ainsi que le sommaire pour vous guider dans l apprentissage de Wikipédia.
textdetox@01907546324b0330d2d8b7669648cc18823323e5/fr/001737	fr	0	[[Discussion utilisateur:Superjuju10|     Contacter la Aubline     ]]],
textdetox@01907546324b0330d2d8b7669648cc18823323e5/fr/001738	fr	0	J ai donc remis « cliente ».
textdetox@01907546324b0330d2d8b7669648cc18823323e5/fr/001739	fr	0	Je propose « fondamentalisme athée (Curiosité)
textdetox@01907546324b0330d2d8b7669648cc18823323e5/fr/001740	fr	0	- bien au-delà de l anachronisme
textdetox@01907546324b0330d2d8b7669648cc18823323e5/fr/001741	fr	0	Utilisez des sources reconnues, par exemple des ouvrages, des articles de presse, des travaux universitaires, etc.
textdetox@01907546324b0330d2d8b7669648cc18823323e5/fr/001742	fr	0	Bonne soirée, Haident (discuter)
textdetox@01907546324b0330d2d8b7669648cc18823323e5/fr/001743	fr	0	A Recipe for Passion and Intimacy  )
textdetox@01907546324b0330d2d8b7669648cc18823323e5/fr/001744	fr	0	Une jeune fille nommée Alix, particulièrement outrée devant votre bassesse d esprit.
textdetox@01907546324b0330d2d8b7669648cc18823323e5/fr/001745	fr	0	Je n ai rien vu sur les possibles hybridations, pas de données?
textdetox@01907546324b0330d2d8b7669648cc18823323e5/fr/001746	fr	0	, tu apprendras déjà à tes dépends que ce genre de choses n ont pas bcp de portée.
textdetox@01907546324b0330d2d8b7669648cc18823323e5/fr/001747	fr	0	Faut-il vous le dire en arménien ?
textdetox@01907546324b0330d2d8b7669648cc18823323e5/fr/001748	fr	0	Bonsoir, Je profites qe tu es derrière l écran pour te demander de corriger, STP.
textdetox@01907546324b0330d2d8b7669648cc18823323e5/fr/001749	fr	0	Bonjour    Greghm   , Votre modification a été    annulée    en raison de son caractère non constructif.
textdetox@01907546324b0330d2d8b7669648cc18823323e5/fr/001750	fr	0	ou    Muzoo   selon son site officiel, voire    Muséum de Zoologie et d Anthropologie de l ULB
textdetox@01907546324b0330d2d8b7669648cc18823323e5/fr/001751	fr	0	Pour en savoir plus, lisez «    
textdetox@01907546324b0330d2d8b7669648cc18823323e5/fr/001752	fr	0	Mmmmouais, distinguer l « abus de langage » de l « évolution du langage devenue langage », c est assez périlleux.
textdetox@01907546324b0330d2d8b7669648cc18823323e5/fr/001753	fr	0	Ces critères se trouvent sur cette page WP:FOOT.
textdetox@01907546324b0330d2d8b7669648cc18823323e5/fr/001754	fr	0	- Gonioul (d)
textdetox@01907546324b0330d2d8b7669648cc18823323e5/fr/001755	fr	0	Je pense qu au vu de ton attitude, il vaut mieux pour moi ne pas trop en dire sur moi.  
textdetox@01907546324b0330d2d8b7669648cc18823323e5/fr/001756	fr	0	A PARLER DE TOI DE TES
textdetox@01907546324b0330d2d8b7669648cc18823323e5/fr/001757	fr	0	Au contraire, il a montré une telle laideur dans sa traque stupide de n importe quoi qu il aurait plutôt fait contre-emploi...
textdetox@01907546324b0330d2d8b7669648cc18823323e5/fr/001758	fr	0	En tout cas, à votre place j aurais vraiment honte.
textdetox@01907546324b0330d2d8b7669648cc18823323e5/fr/001759	fr	0	L Équipe  = ???
textdetox@01907546324b0330d2d8b7669648cc18823323e5/fr/001760	fr	0	Tu a vu que ton ébauche est devenue une m** innommable.
textdetox@01907546324b0330d2d8b7669648cc18823323e5/fr/001761	fr	0	N’oubliez pas de signer en entrant quatre tildes (~~~~).  
textdetox@01907546324b0330d2d8b7669648cc18823323e5/fr/001762	fr	0	peut être parce se tu ne connais rien au foot ?
textdetox@01907546324b0330d2d8b7669648cc18823323e5/fr/001763	fr	0	C est une connerie monumentale en voici la preuve.
textdetox@01907546324b0330d2d8b7669648cc18823323e5/fr/001764	fr	0	La Butte du Mesnil et Verdun sont distants de 50 km.
textdetox@01907546324b0330d2d8b7669648cc18823323e5/fr/001765	fr	0	Cette ville ne fait actuellement partie d aucun pays.
textdetox@01907546324b0330d2d8b7669648cc18823323e5/fr/001766	fr	0	Sachez que tout un chacun est capable de surveiller .
textdetox@01907546324b0330d2d8b7669648cc18823323e5/fr/001767	fr	0	Vous pouvez donner votre avis sur la page /Suppression.
textdetox@01907546324b0330d2d8b7669648cc18823323e5/fr/001768	fr	0	La légende est petite, mais l image peut-être agrandie, servons-nous des immenses ressources de Wikipédia, c est tellement pratique ! .
textdetox@01907546324b0330d2d8b7669648cc18823323e5/fr/001769	fr	0	On connaitra les champions en septembre/octobre qui vient.
textdetox@01907546324b0330d2d8b7669648cc18823323e5/fr/001770	fr	0	Dans la même interview, Le Goff mentionne d autres questions délicates, par exemple l affaire du siège de Montségur.
textdetox@01907546324b0330d2d8b7669648cc18823323e5/fr/001771	fr	0	Le bac à sable est disponible pour vos tests.
textdetox@01907546324b0330d2d8b7669648cc18823323e5/fr/001772	fr	0	à dialoguer avec qui a apposé les autres bandeaux
textdetox@01907546324b0330d2d8b7669648cc18823323e5/fr/001773	fr	0	d une information dans le corps du texte avec une balise référence, citation ou lien.
textdetox@01907546324b0330d2d8b7669648cc18823323e5/fr/001774	fr	0	— Ouais, grave...
textdetox@01907546324b0330d2d8b7669648cc18823323e5/fr/001775	fr	0	Il est hors de question   , je dis bien,    hors de question    de fusionner cet article avec Michael Jackson.
textdetox@01907546324b0330d2d8b7669648cc18823323e5/fr/001776	fr	0	mais pas des Liens externes lorsque la section existe.
textdetox@01907546324b0330d2d8b7669648cc18823323e5/fr/001777	fr	0	Au fait, j’ADORE ton bandeau cracra.
textdetox@01907546324b0330d2d8b7669648cc18823323e5/fr/001778	fr	0	Une   keynote   est un discours d ouverture.
textdetox@01907546324b0330d2d8b7669648cc18823323e5/fr/001779	fr	0	Mon but est aussi l exactitude dans wikipédia.
textdetox@01907546324b0330d2d8b7669648cc18823323e5/fr/001780	fr	0	Riz est effectivement une pseudo-historienne stalinienne, qui tente notamment de relativiser / minimiser / nier les crimes commis par Staline.
textdetox@01907546324b0330d2d8b7669648cc18823323e5/fr/001781	fr	0	Christophe Paturange » et l unique contributeur en était Toto Azéro   ».
textdetox@01907546324b0330d2d8b7669648cc18823323e5/fr/001782	fr	0	A partir de ce moment-là, on doit parler des avocats roumains, non ?
textdetox@01907546324b0330d2d8b7669648cc18823323e5/fr/001783	fr	0	Je suis Badmood, un robot dressé par Phe.
textdetox@01907546324b0330d2d8b7669648cc18823323e5/fr/001784	fr	0	Aoineko 13:01 fév 11, 2003 (CET)
textdetox@01907546324b0330d2d8b7669648cc18823323e5/fr/001785	fr	0	J ai constaté que votre signature était manquante ou mal insérée sur la page Discussion:
textdetox@01907546324b0330d2d8b7669648cc18823323e5/fr/001786	fr	0	Et ça me laisse franchement de marbre.
textdetox@01907546324b0330d2d8b7669648cc18823323e5/fr/001787	fr	0	Merci de ne pas réitérer ce genre de contribution.
textdetox@01907546324b0330d2d8b7669648cc18823323e5/fr/001788	fr	0	Si vous tentez de la recréer, elle sera automatiquement blanchie par Salebot. (bot de maintenance)
textdetox@01907546324b0330d2d8b7669648cc18823323e5/fr/001789	fr	0	Le problème a été résolu ce matin par Thomas Allevard.
textdetox@01907546324b0330d2d8b7669648cc18823323e5/fr/001790	fr	0	Discussion Utilisateur:M.A.D.company|keskisspass?
textdetox@01907546324b0330d2d8b7669648cc18823323e5/fr/001791	fr	0	Votre attitude est déplorable.
textdetox@01907546324b0330d2d8b7669648cc18823323e5/fr/001792	fr	0	Dans tous les cas, on ne révoque pas une clôture comme ça, particulièrement si elle a déjà été actée.
textdetox@01907546324b0330d2d8b7669648cc18823323e5/fr/001793	fr	0	Bonjour, je suis Rome2, et je vous accueille en tant que wikipédien bénévole.
textdetox@01907546324b0330d2d8b7669648cc18823323e5/fr/001794	fr	0	Bonjour       ,    Dernier avertissement !
textdetox@01907546324b0330d2d8b7669648cc18823323e5/fr/001795	fr	0	C est tout juste si cela a de l intérêt pour une PU.
textdetox@01907546324b0330d2d8b7669648cc18823323e5/fr/001796	fr	0	Par contre, liu fermer la bouche....
textdetox@01907546324b0330d2d8b7669648cc18823323e5/fr/001797	fr	0	De toutes façons, le tort tue.
textdetox@01907546324b0330d2d8b7669648cc18823323e5/fr/001798	fr	0	Si vous tentez de la recréer, elle sera automatiquement blanchie par Salebot. (bot de maintenance)
textdetox@01907546324b0330d2d8b7669648cc18823323e5/fr/001799	fr	0	Si oui, en quoi doit-il être amélioré ?
textdetox@01907546324b0330d2d8b7669648cc18823323e5/fr/001800	fr	0	L ANEDEP n est pas pour le moment concurente de l unedesep car trop jeune et pas assez representative pour l instant.
textdetox@01907546324b0330d2d8b7669648cc18823323e5/fr/001801	fr	0	La source en question provient de la Gazzetta.
textdetox@01907546324b0330d2d8b7669648cc18823323e5/fr/001802	fr	0	Beaucoup Kirham [[[
textdetox@01907546324b0330d2d8b7669648cc18823323e5/fr/001803	fr	0	Ton inclusionnisme forcené, nuit trop souvent de mon point de vue au travail des autres.
textdetox@01907546324b0330d2d8b7669648cc18823323e5/fr/001804	fr	0	Il manque une partie Politique de l Allemagne dans l article principal (Allemagne).
textdetox@01907546324b0330d2d8b7669648cc18823323e5/fr/001805	fr	0	Tu peux également changer la licence des photos.
textdetox@01907546324b0330d2d8b7669648cc18823323e5/fr/001806	fr	0	Un    article en impasse    est un article qui ne contient aucun lien interne.
textdetox@01907546324b0330d2d8b7669648cc18823323e5/fr/001807	fr	0	Merci d avoir repris en main cet article
textdetox@01907546324b0330d2d8b7669648cc18823323e5/fr/001808	fr	0	ai par aillleurs assez de travail... Allez, cette fois vous avez le champ libre !
textdetox@01907546324b0330d2d8b7669648cc18823323e5/fr/001809	fr	0	Transformation progressive d une image en une autre par traitement informatique.
textdetox@01907546324b0330d2d8b7669648cc18823323e5/fr/001810	fr	0	Vos contradicteurs sont de dangereux extrémistes.
textdetox@01907546324b0330d2d8b7669648cc18823323e5/fr/001811	fr	0	Proposé par Chris a liege (discuter)  
textdetox@01907546324b0330d2d8b7669648cc18823323e5/fr/001812	fr	0	Votre comportement s apparente à du vandalisme et est inacceptable.
textdetox@01907546324b0330d2d8b7669648cc18823323e5/fr/001813	fr	0	Bonjour, et bienvenue.
textdetox@01907546324b0330d2d8b7669648cc18823323e5/fr/001814	fr	0	Si vous tentez de la recréer, elle sera automatiquement blanchie par Salebot. (bot de maintenance)
textdetox@01907546324b0330d2d8b7669648cc18823323e5/fr/001815	fr	0	Bonjour Gustave, Nous avons lancé des demandes de suppression de page sur la WP anglophone pour Carlos Botelho et Martiniano Ferreira Botelho.
textdetox@01907546324b0330d2d8b7669648cc18823323e5/fr/001816	fr	0	La vérité devrait être publiée, puisque je suis l empereur sous l identité de Xun Ying-Tong.
textdetox@01907546324b0330d2d8b7669648cc18823323e5/fr/001817	fr	0	Selon vous E. Faye est malhonnête ;
textdetox@01907546324b0330d2d8b7669648cc18823323e5/fr/001818	fr	0	- pour parler d un  commissariat d exposition , il m avait pondu un beau  police station  .
textdetox@01907546324b0330d2d8b7669648cc18823323e5/fr/001819	fr	0	Je crois en toi il n y a pas d archivage définitif qui tienne.
textdetox@01907546324b0330d2d8b7669648cc18823323e5/fr/001820	fr	0	, c est de faire passer du wallon pour du picard comme c est le cas sur la page de Basècles ou de Wadelincourt.
textdetox@01907546324b0330d2d8b7669648cc18823323e5/fr/001821	fr	0	j ai accepté de citer vos chiffres WNA en plus de ceux de l IEA, que demandez-vous de plus ?
textdetox@01907546324b0330d2d8b7669648cc18823323e5/fr/001822	fr	0	âge la commune était essentiellement occupé les bois.
textdetox@01907546324b0330d2d8b7669648cc18823323e5/fr/001823	fr	0	Selon ma conception, un savoir est une information qui a été analysée.
textdetox@01907546324b0330d2d8b7669648cc18823323e5/fr/001824	fr	0	Faut arrêter d abuser là — Cordialement, Lppa [[[
textdetox@01907546324b0330d2d8b7669648cc18823323e5/fr/001825	fr	0	Je suis tout-à-fait prêt à en discuter, mais on n élimine pas les articles comme cela, c est la moindre des politesses...
textdetox@01907546324b0330d2d8b7669648cc18823323e5/fr/001826	fr	0	Je vous souhaite de bonnes futures contributions sur Wikipédia !
textdetox@01907546324b0330d2d8b7669648cc18823323e5/fr/001827	fr	0	c est ton point de vue, la réalité est tout autre.
textdetox@01907546324b0330d2d8b7669648cc18823323e5/fr/001828	fr	0	Bonjour       , Vous avez découvert comme il est facile de modifier Wikipédia.
textdetox@01907546324b0330d2d8b7669648cc18823323e5/fr/001829	fr	0	Mais je comprends que ce ne soit pas dans vos cordes.
textdetox@01907546324b0330d2d8b7669648cc18823323e5/fr/001830	fr	0	Neutralité de point de vue (pas de promotion) ;
textdetox@01907546324b0330d2d8b7669648cc18823323e5/fr/001831	fr	0	Si vous avez une question concernant le fonctionnement de Wikipédia, n hésitez pas à contacter le forum des nouveaux !
textdetox@01907546324b0330d2d8b7669648cc18823323e5/fr/001832	fr	0	ce qui laisse à pense qu il s agit d une affirmation personnelle.
textdetox@01907546324b0330d2d8b7669648cc18823323e5/fr/001833	fr	0	Donc tu en sais beaucoup plus que les utilisateurs de WP qui habitent ce département .
textdetox@01907546324b0330d2d8b7669648cc18823323e5/fr/001834	fr	0	On accepte pas que des gens comme toi font n importe quoi sur wikipédia.   A2   supersonique
textdetox@01907546324b0330d2d8b7669648cc18823323e5/fr/001835	fr	0	NON algérie que parles moi OUMOUADENE ABDELKADER FOX
textdetox@01907546324b0330d2d8b7669648cc18823323e5/fr/001836	fr	0	Un article de cette qualité faut en prendre soin
textdetox@01907546324b0330d2d8b7669648cc18823323e5/fr/001837	fr	0	Donc la catégorie ne pose de pb que parce que nombreux sont ceux qui se réclament confusément de la chose.
textdetox@01907546324b0330d2d8b7669648cc18823323e5/fr/001838	fr	0	(déplacé de Wikipédia:Vandalisme en cours)
textdetox@01907546324b0330d2d8b7669648cc18823323e5/fr/001839	fr	0	Votre modification a été annulée soit parce qu’elle est non encyclopédique soit parce qu’elle contrevient à nos règles.
textdetox@01907546324b0330d2d8b7669648cc18823323e5/fr/001840	fr	0	L indiquer ou pas ?
textdetox@01907546324b0330d2d8b7669648cc18823323e5/fr/001841	fr	0	, ton argumentaire devient inconséquent et foncièrement ridicule.
textdetox@01907546324b0330d2d8b7669648cc18823323e5/fr/001842	fr	0	Celadit, encore beaucoup d etoiles, donc bravo!
textdetox@01907546324b0330d2d8b7669648cc18823323e5/fr/001843	fr	0	Si vous tentez de la recréer, elle sera automatiquement blanchie par Salebot. (bot de maintenance)
textdetox@01907546324b0330d2d8b7669648cc18823323e5/fr/001844	fr	0	, je trouve que c est mieux.
textdetox@01907546324b0330d2d8b7669648cc18823323e5/fr/001845	fr	0	Pour les termes francophones de la TA, sans version finale officielle, difficile pour nous d avancer.
textdetox@01907546324b0330d2d8b7669648cc18823323e5/fr/001846	fr	0	Déplacé par rapport au WP:PAP?
textdetox@01907546324b0330d2d8b7669648cc18823323e5/fr/001847	fr	0	Discussion Utilisateur:Salix|Converser]
textdetox@01907546324b0330d2d8b7669648cc18823323e5/fr/001848	fr	0	Le suivant,   Waya Waya   avec Sean Paul en featuring, s est classé en France.
textdetox@01907546324b0330d2d8b7669648cc18823323e5/fr/001849	fr	0	Discussion Utilisateur:lpele|protestations]
textdetox@01907546324b0330d2d8b7669648cc18823323e5/fr/001850	fr	0	Bonjour, il n y a pas eu de triple révocation à ce jour...
textdetox@01907546324b0330d2d8b7669648cc18823323e5/fr/001851	fr	0	La pédophilie à une définition précise, le pédophile à une définition précise, qui n est pas  violeur dangereux .
textdetox@01907546324b0330d2d8b7669648cc18823323e5/fr/001852	fr	0	J ai immédiatement pensé à la conservation.
textdetox@01907546324b0330d2d8b7669648cc18823323e5/fr/001853	fr	0	Décidemment, vous ne savez pas utiliser le dictionnaire ni l encyclopédie.
textdetox@01907546324b0330d2d8b7669648cc18823323e5/fr/001854	fr	0	Rim (film) ».
textdetox@01907546324b0330d2d8b7669648cc18823323e5/fr/001855	fr	0	On ne peut pas la considérer comme faisant partie du droit divin tel qu il était conçu à l époque.
textdetox@01907546324b0330d2d8b7669648cc18823323e5/fr/001856	fr	0	Peine de mort (dont des personnes de moins de 18 ans)
textdetox@01907546324b0330d2d8b7669648cc18823323e5/fr/001857	fr	0	L article mentionne   réapparut récemment,  .
textdetox@01907546324b0330d2d8b7669648cc18823323e5/fr/001858	fr	0	Vos opinions politiques ne nous regardent pas.
textdetox@01907546324b0330d2d8b7669648cc18823323e5/fr/001859	fr	0	Vous cherchez à nuire.
textdetox@01907546324b0330d2d8b7669648cc18823323e5/fr/001860	fr	0	Sachez que tout un chacun est capable de surveiller .
textdetox@01907546324b0330d2d8b7669648cc18823323e5/fr/001861	fr	0	_________________________
textdetox@01907546324b0330d2d8b7669648cc18823323e5/fr/001862	fr	0	Tu peux peut-être attendre qu on en discute avant de saboter un travail de plus de 2 mois!
textdetox@01907546324b0330d2d8b7669648cc18823323e5/fr/001863	fr	0	Personne n a écrit   Sard*u est un gr*s c*n réacti*nnaire qui chante faux  .
textdetox@01907546324b0330d2d8b7669648cc18823323e5/fr/001864	fr	0	s il n a rien fait d autre, je ne pense pas qu il ait sa place sur WP (Google
textdetox@01907546324b0330d2d8b7669648cc18823323e5/fr/001865	fr	0	Je vous souhaite de bonnes futures contributions sur Wikipédia !
textdetox@01907546324b0330d2d8b7669648cc18823323e5/fr/001866	fr	0	— Cordialement, Lppa [[[
textdetox@01907546324b0330d2d8b7669648cc18823323e5/fr/001867	fr	0	Enfin, j espère... BerAnth (discuter)
textdetox@01907546324b0330d2d8b7669648cc18823323e5/fr/001868	fr	0	Ne continuez pas à jouer le mauvais perdant.
textdetox@01907546324b0330d2d8b7669648cc18823323e5/fr/001869	fr	0	Une seconde fois, je m excuse auprès de louve des mers gelées.
textdetox@01907546324b0330d2d8b7669648cc18823323e5/fr/001870	fr	0	DSCH (  pour m écrire  )
textdetox@01907546324b0330d2d8b7669648cc18823323e5/fr/001871	fr	0	Effectivement le travail en équipe porte ses fruits.
textdetox@01907546324b0330d2d8b7669648cc18823323e5/fr/001872	fr	0	L ensemble du passage me semble ambigu et il faudrait le remanier.
textdetox@01907546324b0330d2d8b7669648cc18823323e5/fr/001873	fr	0	La rencontre du Caire et ses conclusions sont bien mentionnées dans l article.
textdetox@01907546324b0330d2d8b7669648cc18823323e5/fr/001874	fr	0	J ajouterai en   private joke   que j espère tu comprendras « Mahdia by night, il est le content le dauphin !
textdetox@01907546324b0330d2d8b7669648cc18823323e5/fr/001875	fr	0	Bonjour       , et bienvenue sur Wikipédia.
textdetox@01907546324b0330d2d8b7669648cc18823323e5/fr/001876	fr	0	Franck Biancheri me semble toujours très largement hors critères.
textdetox@01907546324b0330d2d8b7669648cc18823323e5/fr/001877	fr	0	La procédure de suppression est consultable sur Wikipédia:Pages à supprimer.
textdetox@01907546324b0330d2d8b7669648cc18823323e5/fr/001878	fr	0	Peut-être que certaines pages ne sont pas assez développées et bien chacun peut le faire !
textdetox@01907546324b0330d2d8b7669648cc18823323e5/fr/001879	fr	0	Alors profil bas sVp.
textdetox@01907546324b0330d2d8b7669648cc18823323e5/fr/001880	fr	0	Neutralité de point de vue (pas de promotion) ;
textdetox@01907546324b0330d2d8b7669648cc18823323e5/fr/001881	fr	0	Ça sert à rien de discuter Tartempion.
textdetox@01907546324b0330d2d8b7669648cc18823323e5/fr/001882	fr	0	, je viens de le lire et je l ai sous la main).
textdetox@01907546324b0330d2d8b7669648cc18823323e5/fr/001883	fr	0	La page que vous avez créée vient d être supprimée par l administrateur Binabik avec le commentaire «    Vandalisme    ».
textdetox@01907546324b0330d2d8b7669648cc18823323e5/fr/001884	fr	0	Visiblement, je manque de sommeil.
textdetox@01907546324b0330d2d8b7669648cc18823323e5/fr/001885	fr	0	Elizabeth est une forme française du prénom, peut-être pas la plus courante mais néanmoins usitée.
textdetox@01907546324b0330d2d8b7669648cc18823323e5/fr/001886	fr	0	Si vous n êtes pas là pour contribuer intelligemment, merci de ne pas rester là.
textdetox@01907546324b0330d2d8b7669648cc18823323e5/fr/001887	fr	0	Pour plus d’informations, vous pouvez vous référer à l aide concernant les pages utilisateurs.
textdetox@01907546324b0330d2d8b7669648cc18823323e5/fr/001888	fr	0	http://www.humanite.fr/node/286220 Havang(nl) (d)
textdetox@01907546324b0330d2d8b7669648cc18823323e5/fr/001889	fr	0	L article Hibiscus mérite un lifting car il y a des confusions dans le texte entre le genre et l espèce en question.
textdetox@01907546324b0330d2d8b7669648cc18823323e5/fr/001890	fr	0	Ne sachant comment tourner une telle phrase, j ai préféré la solution la plus simple, autrement dit supprimer la fausse assertion.
textdetox@01907546324b0330d2d8b7669648cc18823323e5/fr/001891	fr	0	J ai expérimenté cette idée, avec des résultats satisfaisants.
textdetox@01907546324b0330d2d8b7669648cc18823323e5/fr/001892	fr	0	N hésitez pas à modifier (l historique conserve tout).
textdetox@01907546324b0330d2d8b7669648cc18823323e5/fr/001893	fr	0	Ce que j ai fait mais je n oublierai pas, le jour venu.
textdetox@01907546324b0330d2d8b7669648cc18823323e5/fr/001894	fr	0	Soit dit en passant.
textdetox@01907546324b0330d2d8b7669648cc18823323e5/fr/001895	fr	0	Merci de ne pas réitérer ce genre de contribution.
textdetox@01907546324b0330d2d8b7669648cc18823323e5/fr/001896	fr	0	Merci de votre compréhension.
textdetox@01907546324b0330d2d8b7669648cc18823323e5/fr/001897	fr	0	Discussion Utilisateur:Supporterhéninois|Vive le sport !
textdetox@01907546324b0330d2d8b7669648cc18823323e5/fr/001898	fr	0	Pour l instant, j ai séparé ce qui était sérieux de ce qui tenait de la rumeur.
textdetox@01907546324b0330d2d8b7669648cc18823323e5/fr/001899	fr	0	Souhaitant uniformiser les différentes palettes de navigation des champions olympiques, je voulais avoir ton avis sur la question.
textdetox@01907546324b0330d2d8b7669648cc18823323e5/fr/001900	fr	0	n est pas suffisament connu pour figurer sur WP.
textdetox@01907546324b0330d2d8b7669648cc18823323e5/fr/001901	fr	0	Chris a liege (discuter)
textdetox@01907546324b0330d2d8b7669648cc18823323e5/fr/001902	fr	0	the stage for the internal
textdetox@01907546324b0330d2d8b7669648cc18823323e5/fr/001903	fr	0	Un livret d aide est à votre disposition ainsi que le sommaire pour vous guider dans l apprentissage de Wikipédia.
textdetox@01907546324b0330d2d8b7669648cc18823323e5/fr/001904	fr	0	Rei Momo (discuter)
textdetox@01907546324b0330d2d8b7669648cc18823323e5/fr/001905	fr	0	Je vous recommande d écrire vos articles dans votre langue natale puis de demander à des francophones de les traduire.
textdetox@01907546324b0330d2d8b7669648cc18823323e5/fr/001906	fr	0	, tu ne trouveras pas d adaptation au cinéma pour ce type de roman, uniquement des téléfilms.   
textdetox@01907546324b0330d2d8b7669648cc18823323e5/fr/001907	fr	0	Si vous préféré bloquer un contributeur sérieux plutôt que des marioles dans le genre d...Ce n est pas un problème.
textdetox@01907546324b0330d2d8b7669648cc18823323e5/fr/001908	fr	0	Je trouve ça bien minable de votre part de crier à la censure là où il n y avait qu une demande de référence.
textdetox@01907546324b0330d2d8b7669648cc18823323e5/fr/001909	fr	0	Si des contributeurs spécialistes en cuisine locale ont des connaissances ...
textdetox@01907546324b0330d2d8b7669648cc18823323e5/fr/001910	fr	0	l article en entier sur une page brouillon et vous écririez quelque-chose d intelligible...
textdetox@01907546324b0330d2d8b7669648cc18823323e5/fr/001911	fr	0	Tu as ajouté le 17 mai que la voie romaine de Beure gagnait le plateau de Peu.
textdetox@01907546324b0330d2d8b7669648cc18823323e5/fr/001912	fr	0	Si ca vous intéresse, je peux décharger Bradipus et vous expliquer pourquoi    sur wikipédia    une personalité wallone n est pas wallone.
textdetox@01907546324b0330d2d8b7669648cc18823323e5/fr/001913	fr	0	Veuillez    cesser immédiatement    toute dégradation de Wikipédia.
textdetox@01907546324b0330d2d8b7669648cc18823323e5/fr/001914	fr	0	De quel droit avez vous effacé et qui êtes vous pour ça, mon ajout sur les liens entre Albertini et worms ?
textdetox@01907546324b0330d2d8b7669648cc18823323e5/fr/001915	fr	0	Que sont des sources de qualité ?
textdetox@01907546324b0330d2d8b7669648cc18823323e5/fr/001916	fr	0	Désolé mais j ai voté Glyptodon
textdetox@01907546324b0330d2d8b7669648cc18823323e5/fr/001917	fr	0	Pouvez-vous m indiquez où vous avez lu qu il y aurait une troisième saison de cette série, s il vous plaît ?
textdetox@01907546324b0330d2d8b7669648cc18823323e5/fr/001918	fr	0	left|75px    Bonjour LPLT !2011
textdetox@01907546324b0330d2d8b7669648cc18823323e5/fr/001919	fr	0	AI EFFACE LES INFOS SUR MA
textdetox@01907546324b0330d2d8b7669648cc18823323e5/fr/001920	fr	0	Si vous ne savez pas comment ajouter une source,    cliquez ici   .
textdetox@01907546324b0330d2d8b7669648cc18823323e5/fr/001921	fr	0	avec et sans tête sont des personnes ayant un déficitte mental et physique légèrement supérieur à la moyenne.
textdetox@01907546324b0330d2d8b7669648cc18823323e5/fr/001922	fr	0	Les mariages mixtes explosent (83% des couples non mariés avec un juif sont mixtes
textdetox@01907546324b0330d2d8b7669648cc18823323e5/fr/001923	fr	0	Fukushima ne leur a pas suffit, ils en remettent une couche.
textdetox@01907546324b0330d2d8b7669648cc18823323e5/fr/001924	fr	0	Donc ok avec la version de Guise.
textdetox@01907546324b0330d2d8b7669648cc18823323e5/fr/001925	fr	0	Les administrateurs ont par ailleurs la capacité de vous empêcher d écrire dans Wikipédia.
textdetox@01907546324b0330d2d8b7669648cc18823323e5/fr/001926	fr	0	Quant à vos leçons de contributions, je m en moque éperdument.
textdetox@01907546324b0330d2d8b7669648cc18823323e5/fr/001927	fr	0	Ce que je conteste, c est les torche
textdetox@01907546324b0330d2d8b7669648cc18823323e5/fr/001928	fr	0	Alexis Damien a fait partie du groupe Carnival in Coal qui reste à ce jour la référence du metal extrême avant-gardiste.
textdetox@01907546324b0330d2d8b7669648cc18823323e5/fr/001929	fr	0	Bonjour est ce normal que cette page parle de triple pénétration, suceuse, et autres insanités s il vous plait ?
textdetox@01907546324b0330d2d8b7669648cc18823323e5/fr/001930	fr	0	et bizarrement en plus !
textdetox@01907546324b0330d2d8b7669648cc18823323e5/fr/001931	fr	0	Profitez bien de votre week-end!
textdetox@01907546324b0330d2d8b7669648cc18823323e5/fr/001932	fr	0	Je vais tâcher de creuser concernant Pichard du Page, aussi.
textdetox@01907546324b0330d2d8b7669648cc18823323e5/fr/001933	fr	0	Je tâcherai d y répondre.
textdetox@01907546324b0330d2d8b7669648cc18823323e5/fr/001934	fr	0	car tu viens d intervenir sur l article Marketing.
textdetox@01907546324b0330d2d8b7669648cc18823323e5/fr/001935	fr	0	Cela laisse entendre que cette race était encore bien présente en Cornouaille au milieu du XIXe siècle.
textdetox@01907546324b0330d2d8b7669648cc18823323e5/fr/001936	fr	0	Annonce de suppression de la page Mecelec
textdetox@01907546324b0330d2d8b7669648cc18823323e5/fr/001937	fr	0	Ça veut dire quoi ?
textdetox@01907546324b0330d2d8b7669648cc18823323e5/fr/001938	fr	0	Et ce, depuis le 24 septembre.
textdetox@01907546324b0330d2d8b7669648cc18823323e5/fr/001939	fr	0	Il reste que cet article ne me paraît pas remplir les critères de pertinence.
textdetox@01907546324b0330d2d8b7669648cc18823323e5/fr/001940	fr	0	Je vous ferais remarquer que ce sont    vos    propos qui n ont rien à faire sur wikipédia.
textdetox@01907546324b0330d2d8b7669648cc18823323e5/fr/001941	fr	0	La version francophone comporte aujourd hui articles, rédigés et maintenus par des bénévoles comme vous et moi.
textdetox@01907546324b0330d2d8b7669648cc18823323e5/fr/001942	fr	0	Tu dis  formulation consensuelle  ce qui est rigoureusement faux et tu le sais très bien.
textdetox@01907546324b0330d2d8b7669648cc18823323e5/fr/001943	fr	0	talkin  to me?
textdetox@01907546324b0330d2d8b7669648cc18823323e5/fr/001944	fr	0	Et le ja-1 qui est sur ma page utilisateur, tu crois que je l’ai mis tout à l’heure ?
textdetox@01907546324b0330d2d8b7669648cc18823323e5/fr/001945	fr	0	Vos attaques personnelles et votre usage du soupçon sont extrêmement désobligeants.
textdetox@01907546324b0330d2d8b7669648cc18823323e5/fr/001946	fr	0	Pour ta gouverne, sache que je n ai pas eu de litiges à régler sur cet article.
textdetox@01907546324b0330d2d8b7669648cc18823323e5/fr/001947	fr	0	Pas de mon blocage à mon prochain mouvement.
textdetox@01907546324b0330d2d8b7669648cc18823323e5/fr/001948	fr	0	& ton bateau va virer vent debout s il est trop ardent.
textdetox@01907546324b0330d2d8b7669648cc18823323e5/fr/001949	fr	0	Cordialement, K õ a nZen
textdetox@01907546324b0330d2d8b7669648cc18823323e5/fr/001950	fr	0	Archive si c est le cas.
textdetox@01907546324b0330d2d8b7669648cc18823323e5/fr/001951	fr	0	Dans ce cas-là, cantonne-toi au compte et arrête de prendre les autres pour des imbéciles.
textdetox@01907546324b0330d2d8b7669648cc18823323e5/fr/001952	fr	0	On n identifie pas le vainqueur d une guerre à coups de statistiques ou en comptant les morts.
textdetox@01907546324b0330d2d8b7669648cc18823323e5/fr/001953	fr	0	Bonjour, Correcteur15000, et bienvenue sur Wikipédia, l’encyclopédie libre et gratuite.
textdetox@01907546324b0330d2d8b7669648cc18823323e5/fr/001954	fr	0	tu qu il serait judicieux de faire une palette comme ceci afin d’alléger la page ?
textdetox@01907546324b0330d2d8b7669648cc18823323e5/fr/001955	fr	0	si vous êtes intéressé pour y participé, un concensus à l horizon peut-être ?
textdetox@01907546324b0330d2d8b7669648cc18823323e5/fr/001956	fr	0	Tu    a    réverté , il y a un s, 2ème personne du singulier .
textdetox@01907546324b0330d2d8b7669648cc18823323e5/fr/001957	fr	0	Markov (discut.)
textdetox@01907546324b0330d2d8b7669648cc18823323e5/fr/001958	fr	0	Merci pour ton message, j’ai encore plus envie de continuer maintenant !
textdetox@01907546324b0330d2d8b7669648cc18823323e5/fr/001959	fr	0	vous trouvez bien que certains articles sont   bon   quand je les trouves non soyurécs de manière séreuses et caricaturaux .
textdetox@01907546324b0330d2d8b7669648cc18823323e5/fr/001960	fr	0	En cas de vandalisme répété, les administrateurs ont la capacité de vous empêcher d écrire dans Wikipédia.   
textdetox@01907546324b0330d2d8b7669648cc18823323e5/fr/001961	fr	0	-h n’est pas trop mal () ;
textdetox@01907546324b0330d2d8b7669648cc18823323e5/fr/001962	fr	0	Vous faites partie de ceux qui ont la détestable habitude de polluer chaque avis qui ne leur convient pas.
textdetox@01907546324b0330d2d8b7669648cc18823323e5/fr/001963	fr	0	Le vote est ouvert ici.
textdetox@01907546324b0330d2d8b7669648cc18823323e5/fr/001964	fr	0	Perfection en ajoutant un raisonnement logique
textdetox@01907546324b0330d2d8b7669648cc18823323e5/fr/001965	fr	0	toutefois, la transformer en encart publicitaire ou tribune politique ne sera pas toléré.
textdetox@01907546324b0330d2d8b7669648cc18823323e5/fr/001966	fr	0	, bel article, bien sourcé.
textdetox@01907546324b0330d2d8b7669648cc18823323e5/fr/001967	fr	0	de problème dis moi sur quels articles tu as contribué, ce matin
textdetox@01907546324b0330d2d8b7669648cc18823323e5/fr/001968	fr	0	Tu es déformé par tes convictions.
textdetox@01907546324b0330d2d8b7669648cc18823323e5/fr/001969	fr	0	- Il n y a donc pas lieu de renommer à l infini cet article sans aucun dialogue
textdetox@01907546324b0330d2d8b7669648cc18823323e5/fr/001970	fr	0	Après, il ne restera plus qu à préparer ceux de l année prochaine...
textdetox@01907546324b0330d2d8b7669648cc18823323e5/fr/001971	fr	0	Bonjour, L’article «        » est proposé à la suppression ( Wikipédia:Pages à supprimer).
textdetox@01907546324b0330d2d8b7669648cc18823323e5/fr/001972	fr	0	Voilà pourquoi j ai coté contre;
textdetox@01907546324b0330d2d8b7669648cc18823323e5/fr/001973	fr	0	Ah, OK, les tailles fixes sont générellement acceptés en en: d où je viens...
textdetox@01907546324b0330d2d8b7669648cc18823323e5/fr/001974	fr	0	tu venir faire encore un petit tour ici stp ?
textdetox@01907546324b0330d2d8b7669648cc18823323e5/fr/001975	fr	0	Que veut dire cette mascarade ?
textdetox@01907546324b0330d2d8b7669648cc18823323e5/fr/001976	fr	0	Bonjour       , Vous avez découvert combien il est facile de modifier et compléter l encyclopédie Wikipédia, libre, universelle et gratuite.
textdetox@01907546324b0330d2d8b7669648cc18823323e5/fr/001977	fr	0	-Bendit, à savoir qu il estime avoir écrit une grosse connerie.
textdetox@01907546324b0330d2d8b7669648cc18823323e5/fr/001978	fr	0	Par ailleurs, le nom en question est espagnol.
textdetox@01907546324b0330d2d8b7669648cc18823323e5/fr/001979	fr	0	Le Cerf aurait aussi bien pu demander à Onfray, cela n aurait pas métamorphosé celui-ci en philosophe.
textdetox@01907546324b0330d2d8b7669648cc18823323e5/fr/001980	fr	0	Pardonnez ma colère, mais vous conviendrez que je n ai pas entièrement tort.
textdetox@01907546324b0330d2d8b7669648cc18823323e5/fr/001981	fr	0	L article  Islam  n est pas un blogue pour un radicalisme politique raciste non plus !
textdetox@01907546324b0330d2d8b7669648cc18823323e5/fr/001982	fr	0	Bien cordialement, — apn discuter
textdetox@01907546324b0330d2d8b7669648cc18823323e5/fr/001983	fr	0	Cette article n est pas neutre.
textdetox@01907546324b0330d2d8b7669648cc18823323e5/fr/001984	fr	0	Il y a à écrire un article neutre et ce qu on découvre fait partie du b.a.ba de la propagande.
textdetox@01907546324b0330d2d8b7669648cc18823323e5/fr/001985	fr	0	Veuillez    cesser immédiatement    toute dégradation de Wikipédia.
textdetox@01907546324b0330d2d8b7669648cc18823323e5/fr/001986	fr	0	J avais antérieurement ajouté aux données présentes l option  name=  dans le modèle et tu as tout éliminé ce pénible travail.
textdetox@01907546324b0330d2d8b7669648cc18823323e5/fr/001987	fr	0	, j ai supprimé la redirection comme tu l as demandé.
textdetox@01907546324b0330d2d8b7669648cc18823323e5/fr/001988	fr	0	Peut etre simplement que peu de nos rédacteur connaissent les tréfonds de la culture birmane.
textdetox@01907546324b0330d2d8b7669648cc18823323e5/fr/001989	fr	0	Pour mieux comprendre la problématique, je vous invite à lire bien attentivement la page sur la    Neutralité du point de vue   .
textdetox@01907546324b0330d2d8b7669648cc18823323e5/fr/001990	fr	0	Heureusement, ça n est qu hypothétique, le but n étant pas d organiser le concours du plus beau logo anti-corrida.
textdetox@01907546324b0330d2d8b7669648cc18823323e5/fr/001991	fr	0	Tiens tiens un peu d animation...
textdetox@01907546324b0330d2d8b7669648cc18823323e5/fr/001992	fr	0	Discussion utilisateur:Rome2|Discuter]
textdetox@01907546324b0330d2d8b7669648cc18823323e5/fr/001993	fr	0	Je note que vous restez très évasif sur les avis entendus dans les autres médias.
textdetox@01907546324b0330d2d8b7669648cc18823323e5/fr/001994	fr	0	Pendant ce temps, je me fais toujours traiter de  sale français  et de  facho  dans la rue...
textdetox@01907546324b0330d2d8b7669648cc18823323e5/fr/001995	fr	0	Le bac à sable est disponible pour vos tests.
textdetox@01907546324b0330d2d8b7669648cc18823323e5/fr/001996	fr	0	et répondu Tant mieux si tu as débusqué ta filleule et qu elle te plait bien
textdetox@01907546324b0330d2d8b7669648cc18823323e5/fr/001997	fr	0	Le fourbe et cruel Raminagrobis  (un petit plutôt bien coiffé, avc un blouson de motard)
textdetox@01907546324b0330d2d8b7669648cc18823323e5/fr/001998	fr	0	Actuellement, vous participez à Wikipédia depuis votre adresse IP ().
textdetox@01907546324b0330d2d8b7669648cc18823323e5/fr/001999	fr	0	Il y en a d autres que toi qui ont essayé de manipuler les infos sur les patriotes, notamment des journalopes.
textdetox@01907546324b0330d2d8b7669648cc18823323e5/fr/002000	fr	0	La page Wikipédia:Liens externes explique comment choisir de bons liens.
textdetox@01907546324b0330d2d8b7669648cc18823323e5/fr/002001	fr	0	A bientôt, le Korrigan   bla   
textdetox@01907546324b0330d2d8b7669648cc18823323e5/fr/002002	fr	0	Piku (d)  J ai effectué la fusion des articles   Jamboree   à   Jamboree scout  .
textdetox@01907546324b0330d2d8b7669648cc18823323e5/fr/002003	fr	0	[[Discussion Utilisateur:VonTasha|discuter]
textdetox@01907546324b0330d2d8b7669648cc18823323e5/fr/002004	fr	0	Vous n avez pas d autres sujets d intérêt que moi ?
textdetox@01907546324b0330d2d8b7669648cc18823323e5/fr/002005	fr	0	Ben merde, si ce n est pas du POV ce truc!!
textdetox@01907546324b0330d2d8b7669648cc18823323e5/fr/002006	fr	0	QUELQUES OEUVRES RECENTES DE JEAN DUNAND  paru en 1932 dans   Art et décoration   et signé  Jean GALLOTTI .
textdetox@01907546324b0330d2d8b7669648cc18823323e5/fr/002007	fr	0	Contactez le forum des nouveaux !
textdetox@01907546324b0330d2d8b7669648cc18823323e5/fr/002008	fr	0	Si vous tentez de la recréer, elle sera automatiquement blanchie par Salebot. (bot de maintenance)
textdetox@01907546324b0330d2d8b7669648cc18823323e5/fr/002009	fr	0	Si dans quelques jours nous n avons rien, il semble qu il y ait accord pour l envoyer à la corbeille.
textdetox@01907546324b0330d2d8b7669648cc18823323e5/fr/002010	fr	0	je me suis inscrit depuis quelques semaines) mais je n hésiterai pas à faire d autres ajouts au portail MAM .
textdetox@01907546324b0330d2d8b7669648cc18823323e5/fr/002011	fr	0	pourquoi une utilisation si compliquée pour un modèle sensé aider?
textdetox@01907546324b0330d2d8b7669648cc18823323e5/fr/002012	fr	0	Sa Sérénité », j ai pas identifié.
textdetox@01907546324b0330d2d8b7669648cc18823323e5/fr/002013	fr	0	Adios Jean-Christophe BENOIST (discuter)
textdetox@01907546324b0330d2d8b7669648cc18823323e5/fr/002014	fr	0	Ton deuxième point n est un pladoyer pro domo sans vraie référence.
textdetox@01907546324b0330d2d8b7669648cc18823323e5/fr/002015	fr	0	Je vous engage à lire attentivement cette page, qui vous expliquera quels sont les critères que toute association doit remplir pour figurer ici.
textdetox@01907546324b0330d2d8b7669648cc18823323e5/fr/002016	fr	0	Votre modification a été annulée, soit parce qu’elle est non encyclopédique, soit parce qu’elle contrevient à nos règles.
textdetox@01907546324b0330d2d8b7669648cc18823323e5/fr/002017	fr	0	Bonjour, je suis Aratal, rédacteur de Wikipédia.
textdetox@01907546324b0330d2d8b7669648cc18823323e5/fr/002018	fr	0	Vous avez encore fait un sacré boulot pour ce Wikiconcours.
textdetox@01907546324b0330d2d8b7669648cc18823323e5/fr/002019	fr	0	À vous de nous le dire ! A+, — Bob Saint Clar (discuter)
textdetox@01907546324b0330d2d8b7669648cc18823323e5/fr/002020	fr	0	», pourrait-on demander de la même façon...
textdetox@01907546324b0330d2d8b7669648cc18823323e5/fr/002021	fr	0	De plus, avoir des faux-nez et qu il en abuserait permet juste de le qualifier de tricheur
textdetox@01907546324b0330d2d8b7669648cc18823323e5/fr/002022	fr	0	blog4ever  point  com  slash  blog  slash  article-431838  point  html  213.55.131.106 (d)
textdetox@01907546324b0330d2d8b7669648cc18823323e5/fr/002023	fr	0	Un petit bonjour si jamais il s agit de toi Marie .
textdetox@01907546324b0330d2d8b7669648cc18823323e5/fr/002024	fr	0	Celui-ci étant mort en 1961, son œuvre est encore protégée par le droit d auteur.
textdetox@01907546324b0330d2d8b7669648cc18823323e5/fr/002025	fr	0	Bien cordialement, Olivier Leroy.
textdetox@01907546324b0330d2d8b7669648cc18823323e5/fr/002026	fr	0	Wikipédia est justement assez démocratique,  Oui et alors?
textdetox@01907546324b0330d2d8b7669648cc18823323e5/fr/002027	fr	0	) cdt, Pueblopassingby (discuter)
textdetox@01907546324b0330d2d8b7669648cc18823323e5/fr/002028	fr	0	Si vous voyez un meilleur endroit, n hésitez pas à m en faire part.
textdetox@01907546324b0330d2d8b7669648cc18823323e5/fr/002029	fr	0	Cordialement, 120 (d)
textdetox@01907546324b0330d2d8b7669648cc18823323e5/fr/002030	fr	0	Commencez par étudier le fond du litige et le droit français !
textdetox@01907546324b0330d2d8b7669648cc18823323e5/fr/002031	fr	0	of the gods (d)
textdetox@01907546324b0330d2d8b7669648cc18823323e5/fr/002032	fr	0	J’essaierai de corriger les deux ou trois problèmes que tu relèves d’ici la fin de la semaine.
textdetox@01907546324b0330d2d8b7669648cc18823323e5/fr/002033	fr	0	Célette, ne commence pas à faire ton martyr.
textdetox@01907546324b0330d2d8b7669648cc18823323e5/fr/002034	fr	0	Quand des informations sont fausses ou infondées, je corrige.
textdetox@01907546324b0330d2d8b7669648cc18823323e5/fr/002035	fr	0	Signalé par Geoffrey06 ...((discussion))
textdetox@01907546324b0330d2d8b7669648cc18823323e5/fr/002036	fr	0	Tu remarqueras donc que j ai observé tes principes, et les ai appliqués du mieux que j ai pu !
textdetox@01907546324b0330d2d8b7669648cc18823323e5/fr/002037	fr	0	Tes compétences linguistiques, comme ton sens de la voilure, m ont laissé pantois d admiration.
textdetox@01907546324b0330d2d8b7669648cc18823323e5/fr/002038	fr	0	Après avoir 20 minutes à sourcer l article, je suis toujours incapable de dire si c est du lard ou du cochon....
textdetox@01907546324b0330d2d8b7669648cc18823323e5/fr/002039	fr	0	c est plutôt ton registre de langage que le mien (mais j essaie de m adapter à mon interlocuteur, par politesse).
textdetox@01907546324b0330d2d8b7669648cc18823323e5/fr/002040	fr	0	Voir à cet effet la note en bas de l article.
textdetox@01907546324b0330d2d8b7669648cc18823323e5/fr/002041	fr	0	L éthique analytique ne se satisfait pas d un discours pousse au crime: IL faut qu on le sache.
textdetox@01907546324b0330d2d8b7669648cc18823323e5/fr/002042	fr	0	Votre modification a été annulée, soit parce qu’elle est non encyclopédique, soit parce qu’elle contrevient à nos règles.
textdetox@01907546324b0330d2d8b7669648cc18823323e5/fr/002043	fr	0	Si mieux que Cosette, enlevons Cosette.
textdetox@01907546324b0330d2d8b7669648cc18823323e5/fr/002044	fr	0	Bonjour, Ça fait deux fois que tu essaies de même un lien internet vers un site sur les motoneiges.
textdetox@01907546324b0330d2d8b7669648cc18823323e5/fr/002045	fr	0	Poser une question   , si vous vous sentez perdu.
textdetox@01907546324b0330d2d8b7669648cc18823323e5/fr/002046	fr	0	C est cela, entre autre chose, qui est totalement inadmissible, et auquel je souhaite mettre un terme.    
textdetox@01907546324b0330d2d8b7669648cc18823323e5/fr/002047	fr	0	Désolé de vous avoir fait cogiter,
textdetox@01907546324b0330d2d8b7669648cc18823323e5/fr/002048	fr	0	Si vous tentez de la recréer, elle sera automatiquement blanchie par Salebot. (bot de maintenance)
textdetox@01907546324b0330d2d8b7669648cc18823323e5/fr/002049	fr	0	αν, and αρχο,    contrary
textdetox@01907546324b0330d2d8b7669648cc18823323e5/fr/002050	fr	0	D autant que certains noms sont douteux ou sans intérêt
textdetox@01907546324b0330d2d8b7669648cc18823323e5/fr/002051	fr	0	En passant (discuter)
textdetox@01907546324b0330d2d8b7669648cc18823323e5/fr/002052	fr	0	Skippy le Grand Gourou (d)
textdetox@01907546324b0330d2d8b7669648cc18823323e5/fr/002053	fr	0	Eh, faudrait peut-être penser à réfléchir avant d écrire!
textdetox@01907546324b0330d2d8b7669648cc18823323e5/fr/002054	fr	0	- cette inscription ne comporte ni les noms de Nérée et Achillée, ni la date de 304.
textdetox@01907546324b0330d2d8b7669648cc18823323e5/fr/002055	fr	0	Bonjour,       , Vous avez découvert combien il est facile de modifier et compléter Wikipédia.
textdetox@01907546324b0330d2d8b7669648cc18823323e5/fr/002056	fr	0	En gros, les perroquets journalistiques se répètent bêtement, et on prend ça pour une source autorisée.
textdetox@01907546324b0330d2d8b7669648cc18823323e5/fr/002057	fr	0	Visitez la page d aide afin d en apprendre plus ou le bac à sable afin de faire des tests.
textdetox@01907546324b0330d2d8b7669648cc18823323e5/fr/002058	fr	0	avertissementBonjour , Merci pour votre tentative d amélioration de l encyclopédie libre Wikipédia.
textdetox@01907546324b0330d2d8b7669648cc18823323e5/fr/002059	fr	0	espère d abord que tu vas bien.
textdetox@01907546324b0330d2d8b7669648cc18823323e5/fr/002060	fr	0	Il y en a qui s amusent là ou d autre s emm...
textdetox@01907546324b0330d2d8b7669648cc18823323e5/fr/002061	fr	0	Une question concernant le fonctionnement de Wikipédia ?
textdetox@01907546324b0330d2d8b7669648cc18823323e5/fr/002062	fr	0	a part un emprunt de pseudonyme cordialement
textdetox@01907546324b0330d2d8b7669648cc18823323e5/fr/002063	fr	0	, merci de ne pas supposer que tes interlocuteurs sont plus stupides qu ils ne le sont.
textdetox@01907546324b0330d2d8b7669648cc18823323e5/fr/002064	fr	0	Quelqu un pourrait-il régler ce problème ?
textdetox@01907546324b0330d2d8b7669648cc18823323e5/fr/002065	fr	0	... Y a -t-il des recommandations à ce sujet ?
textdetox@01907546324b0330d2d8b7669648cc18823323e5/fr/002066	fr	0	Tel un drogué, il me faut ma dose de WP.
textdetox@01907546324b0330d2d8b7669648cc18823323e5/fr/002067	fr	0	C est trop compliqué pour vous ?
textdetox@01907546324b0330d2d8b7669648cc18823323e5/fr/002068	fr	0	Les insinuations pitoyables de Léon66 servent d argumentation ?
textdetox@01907546324b0330d2d8b7669648cc18823323e5/fr/002069	fr	0	Théophile Jeusset peut également être qualifié de nazi puisqu il a intégré volontairement une faction du SD.
textdetox@01907546324b0330d2d8b7669648cc18823323e5/fr/002070	fr	0	C est toi qui va me dire de la fermer?!
textdetox@01907546324b0330d2d8b7669648cc18823323e5/fr/002071	fr	0	La version francophone comporte aujourd hui articles, rédigés et maintenus par des bénévoles comme vous et moi.
textdetox@01907546324b0330d2d8b7669648cc18823323e5/fr/002072	fr	0	C est dont a fortiori le cas pour une religion syncrétique dont la fondation remonte au milieu du 19ème siècle.
textdetox@01907546324b0330d2d8b7669648cc18823323e5/fr/002073	fr	0	Je vous souhaite de bonnes futures contributions sur Wikipédia !   
textdetox@01907546324b0330d2d8b7669648cc18823323e5/fr/002074	fr	0	Merci pour votre compréhension.
textdetox@01907546324b0330d2d8b7669648cc18823323e5/fr/002075	fr	0	Tout comme  le type d amalgames oiseux que vous opérez à fins militantes  à force de révisionnisme historique et de vandalisme.
textdetox@01907546324b0330d2d8b7669648cc18823323e5/fr/002076	fr	0	Signalé par /Badzil papoter    
textdetox@01907546324b0330d2d8b7669648cc18823323e5/fr/002077	fr	0	Tu as fait une connerie, tu as assumé - c est réglo.
textdetox@01907546324b0330d2d8b7669648cc18823323e5/fr/002078	fr	0	Je vais faire court vous racontez n importe quoi.
textdetox@01907546324b0330d2d8b7669648cc18823323e5/fr/002079	fr	0	Au prochain acte de vandalisme, vous serez interdit en écriture sur l’ensemble des pages de Wikipédia.
textdetox@01907546324b0330d2d8b7669648cc18823323e5/fr/002080	fr	0	Je viens d ajouter des tableaux dans l article Jeter du poids + fait quelques petites corrections.
textdetox@01907546324b0330d2d8b7669648cc18823323e5/fr/002081	fr	0	, elle est particulièrement orientée, Wikipédia se déconsidère encore une fois...
textdetox@01907546324b0330d2d8b7669648cc18823323e5/fr/002082	fr	0	ca me choque (cela ne m étonnerais pas que cela soit québécois).
textdetox@01907546324b0330d2d8b7669648cc18823323e5/fr/002083	fr	0	France ta culture et ton intelligence foutent le camp !
textdetox@01907546324b0330d2d8b7669648cc18823323e5/fr/002084	fr	0	Sérieusement, je crois que tu devrais (candidater chez les admin), ça ne te dit pas ?
textdetox@01907546324b0330d2d8b7669648cc18823323e5/fr/002085	fr	0	Vous pouvez aussi demander de l aide sur le    forum des nouveaux   .
textdetox@01907546324b0330d2d8b7669648cc18823323e5/fr/002086	fr	0	Bonjour       , Vous avez découvert comme il est facile de modifier Wikipédia.
textdetox@01907546324b0330d2d8b7669648cc18823323e5/fr/002087	fr	0	Distinguer baroque   historique   et...   thème   baroque (comme l est une vanité ) !
textdetox@01907546324b0330d2d8b7669648cc18823323e5/fr/002088	fr	0	Contactez le forum des nouveaux !
textdetox@01907546324b0330d2d8b7669648cc18823323e5/fr/002089	fr	0	Insulte, menace... Faux nez évident d un contributeur banni depuis des lustres pour ses méfaits encyclopédiques récurrents et permanent.
textdetox@01907546324b0330d2d8b7669648cc18823323e5/fr/002090	fr	0	Comme tu veux chère soeur Leblanc, je suis libre aux deux heures que tu cites ) Amicalement Scorpius59 Discuter
textdetox@01907546324b0330d2d8b7669648cc18823323e5/fr/002091	fr	0	Le bac à sable est disponible pour vos tests.
textdetox@01907546324b0330d2d8b7669648cc18823323e5/fr/002092	fr	0	Très bien, cela se simplifie.
textdetox@01907546324b0330d2d8b7669648cc18823323e5/fr/002093	fr	0	J ai l impression que vous prenez les chiffres qui vous arrangent pour votre démonstration.
textdetox@01907546324b0330d2d8b7669648cc18823323e5/fr/002094	fr	0	Cher ami, quitte à insulter vos contemporains, vous pourriez au moins tâcher de châtier un peu votre orthographe et votre grammaire...
textdetox@01907546324b0330d2d8b7669648cc18823323e5/fr/002095	fr	0	, le problème vient de l éditeur de traduction, qui n a pas intégré les formules.
textdetox@01907546324b0330d2d8b7669648cc18823323e5/fr/002096	fr	0	C est une accusation infondée.
textdetox@01907546324b0330d2d8b7669648cc18823323e5/fr/002097	fr	0	???   Jamais vu un truc comme ça sur WP.
textdetox@01907546324b0330d2d8b7669648cc18823323e5/fr/002098	fr	0	Wikipédia est une formidable aventure collective, toujours en construction.
textdetox@01907546324b0330d2d8b7669648cc18823323e5/fr/002099	fr	0	a pas le monopole du terme enfant indigo, pour moi qui fait partie d une autre secte , ouf!
textdetox@01907546324b0330d2d8b7669648cc18823323e5/fr/002100	fr	0	Cet article ne doit pas éluder les questions pour - soit-disant
textdetox@01907546324b0330d2d8b7669648cc18823323e5/fr/002101	fr	0	Tsaag Valren (✉)
textdetox@01907546324b0330d2d8b7669648cc18823323e5/fr/002102	fr	0	Merci de votre compréhension.
textdetox@01907546324b0330d2d8b7669648cc18823323e5/fr/002103	fr	0	Voir par exemple ce diff
textdetox@01907546324b0330d2d8b7669648cc18823323e5/fr/002104	fr	0	Oiseau des bois    (Cui-cui ?
textdetox@01907546324b0330d2d8b7669648cc18823323e5/fr/002105	fr	0	Bonjour,       , Vous avez découvert combien il est facile de modifier et compléter Wikipédia.
textdetox@01907546324b0330d2d8b7669648cc18823323e5/fr/002106	fr	0	Anyway considère pas ça comme insultant.
textdetox@01907546324b0330d2d8b7669648cc18823323e5/fr/002107	fr	0	Maintenant arrête tout de suite tes réflexions agressives, tu commences sincèrement à être lourd.
textdetox@01907546324b0330d2d8b7669648cc18823323e5/fr/002108	fr	0	D autre part, j ai vu ta photo.
textdetox@01907546324b0330d2d8b7669648cc18823323e5/fr/002109	fr	0	Si bien sûr ton offre tient toujours, je l accepte avec plaisir.
textdetox@01907546324b0330d2d8b7669648cc18823323e5/fr/002110	fr	0	Dr Philippe Degbomont (discuter)
textdetox@01907546324b0330d2d8b7669648cc18823323e5/fr/002111	fr	0	En ce qui concerne   l organisation éditoriale  , la proposition que je vous ai faite est toujours ouverte.
textdetox@01907546324b0330d2d8b7669648cc18823323e5/fr/002112	fr	0	Merci de faire à l avenir des contributions constructives et d’.
textdetox@01907546324b0330d2d8b7669648cc18823323e5/fr/002113	fr	0	Si vous tentez de la recréer, elle sera automatiquement blanchie par Salebot.   
textdetox@01907546324b0330d2d8b7669648cc18823323e5/fr/002114	fr	0	Que diriez-vous d apprendre à lire ?
textdetox@01907546324b0330d2d8b7669648cc18823323e5/fr/002115	fr	0	Je pense toujours que c est un  nid à trolls .
textdetox@01907546324b0330d2d8b7669648cc18823323e5/fr/002116	fr	0	Alchemica a-t-il utilisé ses outils d admin dans cette histoire ?
textdetox@01907546324b0330d2d8b7669648cc18823323e5/fr/002117	fr	0	Cela n empêche que possédant deux feuillets embryonnaires (endoderme et ectoderme) ils font partie du groupe des diploblastiques lui-même paraphylétique.
textdetox@01907546324b0330d2d8b7669648cc18823323e5/fr/002118	fr	0	, c est donc ça l explication de ton agressivité et de ta mauvaise foi !
textdetox@01907546324b0330d2d8b7669648cc18823323e5/fr/002119	fr	0	, ILS M ONT DIT C EST UNE HONTE ET EFFECTIVEMENT !
textdetox@01907546324b0330d2d8b7669648cc18823323e5/fr/002120	fr	0	Aussi pourrais-je savoir a quoi J,ai fait du vandalisme mit appart mes contributions qui sont encore la et personne s empleint!
textdetox@01907546324b0330d2d8b7669648cc18823323e5/fr/002121	fr	0	L article était donc très court.
textdetox@01907546324b0330d2d8b7669648cc18823323e5/fr/002122	fr	0	Le premier ne donnait aucune référence.
textdetox@01907546324b0330d2d8b7669648cc18823323e5/fr/002123	fr	0	Mathis B.Discuter/répondre,
textdetox@01907546324b0330d2d8b7669648cc18823323e5/fr/002124	fr	0	un, de compromis.
textdetox@01907546324b0330d2d8b7669648cc18823323e5/fr/002125	fr	0	Toute publication est référencée viaf et BNF dès qu il y a un isbn ou un issn, ce n est nullement une source.
textdetox@01907546324b0330d2d8b7669648cc18823323e5/fr/002126	fr	0	Si j ai employé l expression « remarquable imbécile », c est que le personnage est une caricature prototypique.
textdetox@01907546324b0330d2d8b7669648cc18823323e5/fr/002127	fr	0	Un grand merci à toi pour tes enrichissements multiples de l article.
textdetox@01907546324b0330d2d8b7669648cc18823323e5/fr/002128	fr	0	-puisque-conservatrices-or-une-
textdetox@01907546324b0330d2d8b7669648cc18823323e5/fr/002129	fr	0	Antécédents  le chapitre  Early life  , car celà me paraissait rappeler aussi bien un dossier pénal qu un dossier médical .
textdetox@01907546324b0330d2d8b7669648cc18823323e5/fr/002130	fr	0	Si j’interprète correctement ses propos, la médecine mongole actuelle est devenue très proche de la médecine tibétaine.
textdetox@01907546324b0330d2d8b7669648cc18823323e5/fr/002131	fr	0	C est sans doute mieux dans ce cas particulier.
textdetox@01907546324b0330d2d8b7669648cc18823323e5/fr/002132	fr	0	->    N ÉTAIENT    
textdetox@01907546324b0330d2d8b7669648cc18823323e5/fr/002133	fr	0	, trilogie de bande dessinée de Richard Marazano et Jean-Michel (2007, 2008),   Le Troisième Chimpanzé
textdetox@01907546324b0330d2d8b7669648cc18823323e5/fr/002134	fr	0	d—n—f (discuter)
textdetox@01907546324b0330d2d8b7669648cc18823323e5/fr/002135	fr	0	En quoi, selon vos dires << la société et ses institutions déshumanisent volontairement des classes entiéres de populations >> ?
textdetox@01907546324b0330d2d8b7669648cc18823323e5/fr/002136	fr	0	Sachez qu il est possible à un administrateur de bloquer votre accès en écriture à Wikipédia.
textdetox@01907546324b0330d2d8b7669648cc18823323e5/fr/002137	fr	0	Nombreuses citations dans des média sérieux et influents, en tant que l une des figure de proue de blog français.
textdetox@01907546324b0330d2d8b7669648cc18823323e5/fr/002138	fr	0	Je ne vois pas en quoi le fait que l homme serait seul dans ce cas indiquerait forcément que le faire serait néfaste.
textdetox@01907546324b0330d2d8b7669648cc18823323e5/fr/002139	fr	0	— Azurfrog [[[
textdetox@01907546324b0330d2d8b7669648cc18823323e5/fr/002140	fr	0	On peut difficilement parler d une source neutre ou institutionnelle.
textdetox@01907546324b0330d2d8b7669648cc18823323e5/fr/002141	fr	0	je me demandais d où lui était venue cette idée hé bé je te félicite pas !
textdetox@01907546324b0330d2d8b7669648cc18823323e5/fr/002142	fr	0	Donc nul et non avenu.
textdetox@01907546324b0330d2d8b7669648cc18823323e5/fr/002143	fr	0	Contactez le forum des nouveaux !
textdetox@01907546324b0330d2d8b7669648cc18823323e5/fr/002144	fr	0	Je vous trouve haineux et baveursJustin Bridou (d)
textdetox@01907546324b0330d2d8b7669648cc18823323e5/fr/002145	fr	0	Milena (  Parle avec moi  )
textdetox@01907546324b0330d2d8b7669648cc18823323e5/fr/002146	fr	0	Pour information (cela concerne le début de la section) l ouvrage de Paul Gaffarel a été réédité en 2004.
textdetox@01907546324b0330d2d8b7669648cc18823323e5/fr/002147	fr	0	La biz munize 86.12.8.185 (discuter)
textdetox@01907546324b0330d2d8b7669648cc18823323e5/fr/002148	fr	0	Merci de vous tenir définitivement à distance.
textdetox@01907546324b0330d2d8b7669648cc18823323e5/fr/002149	fr	0	UN GRAND CADEAU BISOUS A
textdetox@01907546324b0330d2d8b7669648cc18823323e5/fr/002150	fr	0	Pour l instant, l article a plutôt un petit côté   Point de vue   pas inintéressant, mais franchement insuffisant...
textdetox@01907546324b0330d2d8b7669648cc18823323e5/fr/002151	fr	0	Et bien Bravo parce que tu t es bien gourré de client dans ton délire.
textdetox@01907546324b0330d2d8b7669648cc18823323e5/fr/002152	fr	0	Une réponse vous sera apportée avec plaisir !
textdetox@01907546324b0330d2d8b7669648cc18823323e5/fr/002153	fr	0	C est fort dommage !
textdetox@01907546324b0330d2d8b7669648cc18823323e5/fr/002154	fr	0	Si vous tentez de la recréer, elle sera automatiquement blanchie par Salebot. (bot de maintenance)
textdetox@01907546324b0330d2d8b7669648cc18823323e5/fr/002155	fr	0	Respectez les décisions communautaires de neutralité.
textdetox@01907546324b0330d2d8b7669648cc18823323e5/fr/002156	fr	0	Merci d arrêter tes gesticulations et de t en tenir aux faits.
textdetox@01907546324b0330d2d8b7669648cc18823323e5/fr/002157	fr	0	Je sens que je vais finir par me mouiller et me lancer dans un camp, on devine lequel.
textdetox@01907546324b0330d2d8b7669648cc18823323e5/fr/002158	fr	0	Je reprends les tâches de Po Kadzieli.
textdetox@01907546324b0330d2d8b7669648cc18823323e5/fr/002159	fr	0	♪Ertezoute [[[
textdetox@01907546324b0330d2d8b7669648cc18823323e5/fr/002160	fr	0	9 fois champion du monde, c est amplement suffisant =>bonjour !
textdetox@01907546324b0330d2d8b7669648cc18823323e5/fr/002161	fr	0	Merci de ne pas réitérer ce genre de contribution.
textdetox@01907546324b0330d2d8b7669648cc18823323e5/fr/002162	fr	0	Ensuite, je devrai créer de nombreux liens rouges !
textdetox@01907546324b0330d2d8b7669648cc18823323e5/fr/002163	fr	0	C est pas tous les jours que le Président de la République intervient personnellement au sujet d une affaire individuelle.
textdetox@01907546324b0330d2d8b7669648cc18823323e5/fr/002164	fr	0	Et félicitation également pour ton nouveau boulot, Monsieur Le Professeur d Histoire
textdetox@01907546324b0330d2d8b7669648cc18823323e5/fr/002165	fr	0	contributions hors charte (j ai pourtant essayer de faire appel à votre intelligence mais en vain).
textdetox@01907546324b0330d2d8b7669648cc18823323e5/fr/002166	fr	0	, Ça va très bien et toi ?
textdetox@01907546324b0330d2d8b7669648cc18823323e5/fr/002167	fr	0	Il n y pas à faire que tout le monde soit content.
textdetox@01907546324b0330d2d8b7669648cc18823323e5/fr/002168	fr	0	vous avez compris, maintenant ?
textdetox@01907546324b0330d2d8b7669648cc18823323e5/fr/002169	fr	0	J’ai actualisé l’article avec les nouvelles découvertes sur le sujet, et j’ai retiré la phrase «
textdetox@01907546324b0330d2d8b7669648cc18823323e5/fr/002170	fr	0	Arrête de me parler comme une gestapo, stp!
textdetox@01907546324b0330d2d8b7669648cc18823323e5/fr/002171	fr	0	qui a écrit plusieurs fois sur Wikipédia que j « insultais » Celette sur mon billet Médiapart ?
textdetox@01907546324b0330d2d8b7669648cc18823323e5/fr/002172	fr	0	C est de la haine et du ressentiment, rien d autre.
textdetox@01907546324b0330d2d8b7669648cc18823323e5/fr/002173	fr	0	Je vous souhaite de prendre plaisir à lire ou à contribuer à Wikipédia.
textdetox@01907546324b0330d2d8b7669648cc18823323e5/fr/002174	fr	0	Israel est systematiquement designe comme coupable.
textdetox@01907546324b0330d2d8b7669648cc18823323e5/fr/002175	fr	0	70px|Page proposée à la suppression Bonjour, L’article «        » est proposé à la suppression ( Wikipédia:Pages à supprimer).
textdetox@01907546324b0330d2d8b7669648cc18823323e5/fr/002176	fr	0	Faudrait peut être sortir de votre mode de pensée  fasciste  qui considère que vous détenez la Vérité.
textdetox@01907546324b0330d2d8b7669648cc18823323e5/fr/002177	fr	0	Il y a d ailleurs eu une longue discussion à ce sujet sur le bistro.
textdetox@01907546324b0330d2d8b7669648cc18823323e5/fr/002178	fr	0	Si vous ne maîtrisez pas assez le français, merci de ne pas venir donner de leçons aux francophones.
textdetox@01907546324b0330d2d8b7669648cc18823323e5/fr/002179	fr	0	Que faut-il faire pour proposer ce brouillon avant diffusion?
textdetox@01907546324b0330d2d8b7669648cc18823323e5/fr/002180	fr	0	Si vous ne souhaitez plus recevoir mes messages, vous pouvez ajouter « * Utilisateur:Klyts » en bas de cette page.
textdetox@01907546324b0330d2d8b7669648cc18823323e5/fr/002181	fr	0	tailler une bavette-le // à CST
textdetox@01907546324b0330d2d8b7669648cc18823323e5/fr/002182	fr	0	Je te remercie tu es vraiment trop bon.
textdetox@01907546324b0330d2d8b7669648cc18823323e5/fr/002183	fr	0	Je vous souhaite de bonnes futures contributions sur Wikipédia !
textdetox@01907546324b0330d2d8b7669648cc18823323e5/fr/002184	fr	0	A voir s il ne faudrait pas mettre les deux sur ton article...
textdetox@01907546324b0330d2d8b7669648cc18823323e5/fr/002185	fr	0	Ne parlez pas de ce que vous vous obstinez à ignorer vous ne lisez   rien  .
textdetox@01907546324b0330d2d8b7669648cc18823323e5/fr/002186	fr	0	Merci à Salebot pour cette bonne crise de fou-rire !
textdetox@01907546324b0330d2d8b7669648cc18823323e5/fr/002187	fr	0	- Lomita (discuter)
textdetox@01907546324b0330d2d8b7669648cc18823323e5/fr/002188	fr	0	to users regarding voting (   direct translation link   )
textdetox@01907546324b0330d2d8b7669648cc18823323e5/fr/002189	fr	0	Sinon, j ai encore viré une guitare électrique.
textdetox@01907546324b0330d2d8b7669648cc18823323e5/fr/002190	fr	0	Vous n avez qu à agir intelligemment, au lieu de vouloir sucrer les informations pertinentes qui vous déplaisent.
textdetox@01907546324b0330d2d8b7669648cc18823323e5/fr/002191	fr	0	Bravo, bravo, vous continues avec votre harcèlement mais cela suffit.
textdetox@01907546324b0330d2d8b7669648cc18823323e5/fr/002192	fr	0	Salut Paul, Je peux être là pour exprimer mon mécontentement vis-à-vis de ton comportement sur le bistro.
textdetox@01907546324b0330d2d8b7669648cc18823323e5/fr/002193	fr	0	Merci d éviter de donner des leçons  encyclopédiques .
textdetox@01907546324b0330d2d8b7669648cc18823323e5/fr/002194	fr	0	{|class= WSerieH plainlinks  style=
textdetox@01907546324b0330d2d8b7669648cc18823323e5/fr/002195	fr	0	Bref, je vous recommande très vivement d arrêter ce petit jeu.
textdetox@01907546324b0330d2d8b7669648cc18823323e5/fr/002196	fr	0	Votre modification a été annulée, soit parce qu’elle est non encyclopédique, soit parce qu’elle contrevient à nos règles.
textdetox@01907546324b0330d2d8b7669648cc18823323e5/fr/002197	fr	0	Bonjour, je vous remercie pour votre réponse.
textdetox@01907546324b0330d2d8b7669648cc18823323e5/fr/002198	fr	0	Les Gelugpas de Thar deu ling Paris ne veulent pas régler la situation en rendant ses enseignements à Tsonghkapa...
textdetox@01907546324b0330d2d8b7669648cc18823323e5/fr/002199	fr	0	aucun doute là-dessus.
textdetox@01907546324b0330d2d8b7669648cc18823323e5/fr/002200	fr	0	pourquoi il est incapable de montrer une seule photo convaincante.
textdetox@01907546324b0330d2d8b7669648cc18823323e5/fr/002201	fr	0	Passé ce délai, vous pourrez à nouveau écrire régulièrement sur Wikipédia.
textdetox@01907546324b0330d2d8b7669648cc18823323e5/fr/002202	fr	0	Mais tu comprends vraiment rien mon pauvre vieux !
textdetox@01907546324b0330d2d8b7669648cc18823323e5/fr/002203	fr	0	J ai l habitude d écrire sur Wiki anglais, et je vous écris là, la bibliographie.
textdetox@01907546324b0330d2d8b7669648cc18823323e5/fr/002204	fr	0	Donc ça semble correspondre aux critères d admissibilité.
textdetox@01907546324b0330d2d8b7669648cc18823323e5/fr/002205	fr	0	Existe-t-il un modèle de graphique sur WP ?
textdetox@01907546324b0330d2d8b7669648cc18823323e5/fr/002206	fr	0	En 2009, le défenseur des aliments sains et naturels devient la vedette d une campagne d affichage pour l enseigne française
textdetox@01907546324b0330d2d8b7669648cc18823323e5/fr/002207	fr	0	70px|Page proposée à la suppression Bonjour, L’article «        » est proposé à la suppression ( Wikipédia:Pages à supprimer).
textdetox@01907546324b0330d2d8b7669648cc18823323e5/fr/002208	fr	0	union civile» puisque ce ne sont pas des pays francophones.
textdetox@01907546324b0330d2d8b7669648cc18823323e5/fr/002209	fr	0	.\m/ (Lie 2 Me ...)
textdetox@01907546324b0330d2d8b7669648cc18823323e5/fr/002210	fr	0	Si vous tentez de la recréer, elle sera automatiquement blanchie par Salebot.   
textdetox@01907546324b0330d2d8b7669648cc18823323e5/fr/002211	fr	0	En 973, Guillaume I, comte de Provence chasse les Sarrasins qui avaient envahi la région depuis plus d un siècle.
textdetox@01907546324b0330d2d8b7669648cc18823323e5/fr/002212	fr	0	Pour ce qui est de tes demandes, je te dirais qu il s agit plutôt d un problème de traduction.
textdetox@01907546324b0330d2d8b7669648cc18823323e5/fr/002213	fr	0	Puis l article lui-même: des douzaines de sections vides    Cette section est vide, insuffisamment détaillée ou incomplète.
textdetox@01907546324b0330d2d8b7669648cc18823323e5/fr/002214	fr	0	Que puis-je faire d autre hormis annuler les modifications qui semblent injustifiées et publiées dans une volonté de nuire ?
textdetox@01907546324b0330d2d8b7669648cc18823323e5/fr/002215	fr	0	Ce blocage est effectif sur l’ensemble des pages de Wikipédia, excepté votre page de discussion.
textdetox@01907546324b0330d2d8b7669648cc18823323e5/fr/002216	fr	0	Si l auteur en est capable, qu il la fasse sur un site pero, et WP fera le lien vers son site.
textdetox@01907546324b0330d2d8b7669648cc18823323e5/fr/002217	fr	0	Je vous souhaite de bonnes futures contributions sur Wikipédia !
textdetox@01907546324b0330d2d8b7669648cc18823323e5/fr/002218	fr	0	Stéphane Calvet prend des cours d Hébreux.
textdetox@01907546324b0330d2d8b7669648cc18823323e5/fr/002219	fr	0	Au prochain acte de vandalisme, vous serez interdit en écriture sur l ensemble des pages de l encyclopédie.
textdetox@01907546324b0330d2d8b7669648cc18823323e5/fr/002220	fr	0	Vous pleurez beaucoup sur votre égo.
textdetox@01907546324b0330d2d8b7669648cc18823323e5/fr/002221	fr	0	C est cela, continuez à me prendre pour un abruti, cela fait toujours plaisir.
textdetox@01907546324b0330d2d8b7669648cc18823323e5/fr/002222	fr	0	Admissibilité des articles|critères spécifiques]
textdetox@01907546324b0330d2d8b7669648cc18823323e5/fr/002223	fr	0	Si vous tentez de la recréer, elle sera automatiquement blanchie par Salebot.   
textdetox@01907546324b0330d2d8b7669648cc18823323e5/fr/002224	fr	0	Salut Archimëa, qu en est-il de cette discussion ?
textdetox@01907546324b0330d2d8b7669648cc18823323e5/fr/002225	fr	0	Mon petit cousin ne m avait pas montré le Angoisse au motel par contre.
textdetox@01907546324b0330d2d8b7669648cc18823323e5/fr/002226	fr	0	Passé ce délai, vous pourrez à nouveau écrire régulièrement sur Wikipédia.
textdetox@01907546324b0330d2d8b7669648cc18823323e5/fr/002227	fr	0	Et un type comme toi va se retrouver admin?
textdetox@01907546324b0330d2d8b7669648cc18823323e5/fr/002228	fr	0	On surait ou vous répondre.
textdetox@01907546324b0330d2d8b7669648cc18823323e5/fr/002229	fr	0	Je te parle de faire les choses dans    le bon ordre   .
textdetox@01907546324b0330d2d8b7669648cc18823323e5/fr/002230	fr	0	Vous êtes invité à découvrir tout cela plus en détail en consultant les liens    ci-contre    →
textdetox@01907546324b0330d2d8b7669648cc18823323e5/fr/002231	fr	0	Bien à toiButterfly (d)
textdetox@01907546324b0330d2d8b7669648cc18823323e5/fr/002232	fr	0	   Ne recréez pas cette page vous-même.
textdetox@01907546324b0330d2d8b7669648cc18823323e5/fr/002233	fr	0	Faites ce qui vous semble bon et juste, c est le plus important.
textdetox@01907546324b0330d2d8b7669648cc18823323e5/fr/002234	fr	0	Je rappelle qu un article dont le sujet n est pas clair à ce point peut être supprimé à tout moment.
textdetox@01907546324b0330d2d8b7669648cc18823323e5/fr/002235	fr	0	ILS SONT NOURRIS ET LOGES
textdetox@01907546324b0330d2d8b7669648cc18823323e5/fr/002236	fr	0	Ça sera à débattre une autre fois, sans doute.
textdetox@01907546324b0330d2d8b7669648cc18823323e5/fr/002237	fr	0	Ca voudrait dire qu elle s est très bien conservée !
textdetox@01907546324b0330d2d8b7669648cc18823323e5/fr/002238	fr	0	Ils font même des videos que l on peut trouver sur des Kodak et ils parlent de Adam et Êve
textdetox@01907546324b0330d2d8b7669648cc18823323e5/fr/002239	fr	0	En effet, sur Wikipédia, les messages doivent être signés pour maintenir les conversations compréhensibles et reconnaître chaque interlocuteur.
textdetox@01907546324b0330d2d8b7669648cc18823323e5/fr/002240	fr	0	Le... » et l unique contributeur en était 69.70.150.130   ».    Ne recréez pas cette page vous-même.
textdetox@01907546324b0330d2d8b7669648cc18823323e5/fr/002241	fr	0	Remettez vous à fumer et... allez vous faire shampouiner !
textdetox@01907546324b0330d2d8b7669648cc18823323e5/fr/002242	fr	0	Jean-Jacques Georges (d)
textdetox@01907546324b0330d2d8b7669648cc18823323e5/fr/002243	fr	0	ce n est pas mal non plus, un peu plus vieux je l accorde !!
textdetox@01907546324b0330d2d8b7669648cc18823323e5/fr/002244	fr	0	L italique et les parenthèses, c est de moi.
textdetox@01907546324b0330d2d8b7669648cc18823323e5/fr/002245	fr	0	Pourquoi faudrait-il imposer à cet article une pléthore de références et de justifications ?
textdetox@01907546324b0330d2d8b7669648cc18823323e5/fr/002246	fr	0	et de définir une licence appropriée pour cette image.    
textdetox@01907546324b0330d2d8b7669648cc18823323e5/fr/002247	fr	0	je ne pense pas que ça ait été vérifié, mais il ne semble pas y avoir trop de cas problématiques .
textdetox@01907546324b0330d2d8b7669648cc18823323e5/fr/002248	fr	0	Bien vu l aveugle !
textdetox@01907546324b0330d2d8b7669648cc18823323e5/fr/002249	fr	0	Tes dons de voyance me sidèrent.
textdetox@01907546324b0330d2d8b7669648cc18823323e5/fr/002250	fr	0	Ou alors on peut renommer en basse-vision, qui est un synonyme.
textdetox@01907546324b0330d2d8b7669648cc18823323e5/fr/002251	fr	0	Proposition de fusion en cours.
textdetox@01907546324b0330d2d8b7669648cc18823323e5/fr/002252	fr	0	Quant à Natation synchronisée masculine, vu l identité de la personne qui a créé cette ébauche, j ai des doutes...
textdetox@01907546324b0330d2d8b7669648cc18823323e5/fr/002253	fr	0	« Moralité »  C est trop d honneur !
textdetox@01907546324b0330d2d8b7669648cc18823323e5/fr/002254	fr	0	Zigouiller Juan-Carlos et Felipe de cette page est totalement injustifié, alors EXPLIQUE-TOI !
textdetox@01907546324b0330d2d8b7669648cc18823323e5/fr/002255	fr	0	dans quelle encyclopédie avez-vous vu qu on y racontait sa vie.
textdetox@01907546324b0330d2d8b7669648cc18823323e5/fr/002256	fr	0	Tout le reste est du pipi de chat dans ces pays-là.
textdetox@01907546324b0330d2d8b7669648cc18823323e5/fr/002257	fr	0	le Livre des Morts du Nouvel Empire (encre sur papyrus), etc.
textdetox@01907546324b0330d2d8b7669648cc18823323e5/fr/002258	fr	0	n est      pas      une actrice   française   mais      suisse     ...
textdetox@01907546324b0330d2d8b7669648cc18823323e5/fr/002259	fr	0	Si vous êtes adada ... chapeau bas (pour le boutonneux je rajoute le lien il sera moins bête ce soir)
textdetox@01907546324b0330d2d8b7669648cc18823323e5/fr/002260	fr	0	Une vraie salade cévenole...
textdetox@01907546324b0330d2d8b7669648cc18823323e5/fr/002261	fr	0	Le lendemain changer une formulation jugée faible.
textdetox@01907546324b0330d2d8b7669648cc18823323e5/fr/002262	fr	0	Ainsi, on ne peut accéder à votre article depuis un autre article.
textdetox@01907546324b0330d2d8b7669648cc18823323e5/fr/002263	fr	0	Un   gros   tour.
textdetox@01907546324b0330d2d8b7669648cc18823323e5/fr/002264	fr	0	Bonjour, je suis Guillaume70, et je vous accueille en tant que wikipédien bénévole.
textdetox@01907546324b0330d2d8b7669648cc18823323e5/fr/002265	fr	0	Pourquoi tu me disais que je ne savais pas à qui j avais à faire?
textdetox@01907546324b0330d2d8b7669648cc18823323e5/fr/002266	fr	0	Je ne sais pas d où ça vient dans le monobook.
textdetox@01907546324b0330d2d8b7669648cc18823323e5/fr/002267	fr	0	Son positionnement en Ukraine est responsable de la mort de 298 personnes civiles.
textdetox@01907546324b0330d2d8b7669648cc18823323e5/fr/002268	fr	0	Licence libre et respect des droits d auteurs (pas de copie ou plagiat) ;
textdetox@01907546324b0330d2d8b7669648cc18823323e5/fr/002269	fr	0	Bonjour , si vous souhaitez y faire des modifications n hésitez pas.
textdetox@01907546324b0330d2d8b7669648cc18823323e5/fr/002270	fr	0	Bonjour, Je me suis permis de ranger les différents budgets sous forme de tableau.
textdetox@01907546324b0330d2d8b7669648cc18823323e5/fr/002271	fr	0	Si j ai créé une page  massif du Chablais , ce n était ni le fruit du hasard ni une erreur.
textdetox@01907546324b0330d2d8b7669648cc18823323e5/fr/002272	fr	0	, la traite humaine destiné à l industrie du sex ( prostitution et pornographie ) la prostitution étudiantes fléaux oublié
textdetox@01907546324b0330d2d8b7669648cc18823323e5/fr/002273	fr	0	Il suffit d assister à ses cours;
textdetox@01907546324b0330d2d8b7669648cc18823323e5/fr/002274	fr	0	cmment pourriez vous contrer ça?
textdetox@01907546324b0330d2d8b7669648cc18823323e5/fr/002275	fr	0	Vous avez souhaité faire la ponctuation, allez au bout ou alors revertez vous...
textdetox@01907546324b0330d2d8b7669648cc18823323e5/fr/002276	fr	0	D’autres critiques sont ainsi fournies par des écrivains contemporains comme Diego Saavedra Fajardo ou Baltasar Gracián.
textdetox@01907546324b0330d2d8b7669648cc18823323e5/fr/002277	fr	0	Après la Seconde Guerre mondiale
textdetox@01907546324b0330d2d8b7669648cc18823323e5/fr/002278	fr	0	Neutralité de point de vue (pas de promotion) ;
textdetox@01907546324b0330d2d8b7669648cc18823323e5/fr/002279	fr	0	C est un exemple.
textdetox@01907546324b0330d2d8b7669648cc18823323e5/fr/002280	fr	0	J ai essayé de revenir en arrière mais ça ne marchait pas.
textdetox@01907546324b0330d2d8b7669648cc18823323e5/fr/002281	fr	0	WP doit il être un tissu de mensonges ?
textdetox@01907546324b0330d2d8b7669648cc18823323e5/fr/002282	fr	0	. (L argument du proposant de la PàS   <>   ne tient pas et est contredit par les faits;
textdetox@01907546324b0330d2d8b7669648cc18823323e5/fr/002283	fr	0	Proposition de retrait pour le 14 juillet
textdetox@01907546324b0330d2d8b7669648cc18823323e5/fr/002284	fr	0	Il est donc inutile de vous adresser ici.
textdetox@01907546324b0330d2d8b7669648cc18823323e5/fr/002285	fr	0	ailleurs c était pas une, c était un.
textdetox@01907546324b0330d2d8b7669648cc18823323e5/fr/002286	fr	0	Si vous tentez de la recréer, elle sera automatiquement blanchie par Salebot.   
textdetox@01907546324b0330d2d8b7669648cc18823323e5/fr/002287	fr	0	Malheureusement, cette modification a été annulée car elle était considérée comme non neutre. .
textdetox@01907546324b0330d2d8b7669648cc18823323e5/fr/002288	fr	0	Voilà les raison de mes modifications sur la page Rhododendron.
textdetox@01907546324b0330d2d8b7669648cc18823323e5/fr/002289	fr	0	Je vois que depuis le temps quelques photos ont été postées sur Commons dans la Commons:
textdetox@01907546324b0330d2d8b7669648cc18823323e5/fr/002290	fr	0	Discussions:    Alo mon ti pit tas tu deleté mon meessage?
textdetox@01907546324b0330d2d8b7669648cc18823323e5/fr/002291	fr	0	Si vous souhaitez créer un article, ce pas à pas vous indiquera les éléments nécessaires (vous pouvez préparer un article dans ).
textdetox@01907546324b0330d2d8b7669648cc18823323e5/fr/002292	fr	0	Prone la liberté en censurant!
textdetox@01907546324b0330d2d8b7669648cc18823323e5/fr/002293	fr	0	ne te stresse pas trop non plus pour mon avis car ce n est que le miens ...
textdetox@01907546324b0330d2d8b7669648cc18823323e5/fr/002294	fr	0	En plus je vais préparer en même temps un France-Nouvelle-Zélande en rugby à XV .
textdetox@01907546324b0330d2d8b7669648cc18823323e5/fr/002295	fr	0	Régiment de Lowendahl Levé en 1743
textdetox@01907546324b0330d2d8b7669648cc18823323e5/fr/002296	fr	0	Cela n est pas le rôle de Wikipédia.
textdetox@01907546324b0330d2d8b7669648cc18823323e5/fr/002297	fr	0	Syntaxe   , des conventions d écriture à connaître,    Aide:
textdetox@01907546324b0330d2d8b7669648cc18823323e5/fr/002298	fr	0	et éviter que vos prochaines contributions ne soient annulées.
textdetox@01907546324b0330d2d8b7669648cc18823323e5/fr/002299	fr	0	Mais vous ne vous êtes pas géné pour le faire.
textdetox@01907546324b0330d2d8b7669648cc18823323e5/fr/002300	fr	0	J ai peine à imaginer quelles sources secondaires fiables et indépendantes pourraient attester de la qualité de pédé.
textdetox@01907546324b0330d2d8b7669648cc18823323e5/fr/002301	fr	0	À la rigueur la liste pourrait être à part, mais alors un seul article suffirait et il faudrait que l article
textdetox@01907546324b0330d2d8b7669648cc18823323e5/fr/002302	fr	0	, on a reçu une plainte via OTRS concernant le fichier Fichier:Abbaye-de-battle-salle-capitulaire.jpg.
textdetox@01907546324b0330d2d8b7669648cc18823323e5/fr/002303	fr	0	Vous pouvez aussi demander de l aide sur le    forum des nouveaux   .   
textdetox@01907546324b0330d2d8b7669648cc18823323e5/fr/002304	fr	0	Renseignez-vous avant d écrire n importe quoi.
textdetox@01907546324b0330d2d8b7669648cc18823323e5/fr/002305	fr	0	Ça veut dire quoi ?
textdetox@01907546324b0330d2d8b7669648cc18823323e5/fr/002306	fr	0	Alors tu es bien un faux-nez, parce que je m était aussi posé cette question.
textdetox@01907546324b0330d2d8b7669648cc18823323e5/fr/002307	fr	0	Bonjour        et bienvenue sur Wikipédia !
textdetox@01907546324b0330d2d8b7669648cc18823323e5/fr/002308	fr	0	Si vous trouvez que ce bot a fait une annulation abusive, vous pouvez contacter son dresseur.   
textdetox@01907546324b0330d2d8b7669648cc18823323e5/fr/002309	fr	0	Bref, en tout cas, tout article à sa place sur Wikipêdia s il est jugé   encyclopédique  .
textdetox@01907546324b0330d2d8b7669648cc18823323e5/fr/002310	fr	0	Wikipédia repose sur des    principes fondateurs    respectés par tous Encyclopédisme et vérifiabilité (s appuyer sur des sources reconnues) ;
textdetox@01907546324b0330d2d8b7669648cc18823323e5/fr/002311	fr	0	L orthographe erronée  gurû  au lieu de guru, apparaît encore dans les catégories peut-on faire quelque chose?Zhuangzi (d)
textdetox@01907546324b0330d2d8b7669648cc18823323e5/fr/002312	fr	0	Peut-être as-tu une lecture sélective, ou peut-être n as-tu tout simplement pas le même talent que SM...
textdetox@01907546324b0330d2d8b7669648cc18823323e5/fr/002313	fr	0	Je dois aussi t apprendre comment te servir de ton navigateur, ou tu penses pouvoir lâcher l affaire ?
textdetox@01907546324b0330d2d8b7669648cc18823323e5/fr/002314	fr	0	Merci d avoir corrigé la formulation de mes phrases au passage ;-)
textdetox@01907546324b0330d2d8b7669648cc18823323e5/fr/002315	fr	0	une preuve de plus !!
textdetox@01907546324b0330d2d8b7669648cc18823323e5/fr/002316	fr	0	Avant d accuser les autres ?
textdetox@01907546324b0330d2d8b7669648cc18823323e5/fr/002317	fr	0	, il est inutile de chercher à créer un article sur le sujet
textdetox@01907546324b0330d2d8b7669648cc18823323e5/fr/002318	fr	0	Elle était assez hétéroclite, mélangeant des magiciens célèbres décédés, avec des magiciens contemporains.
textdetox@01907546324b0330d2d8b7669648cc18823323e5/fr/002319	fr	0	vous êtes de la merde et on a pas besoin de vous.
textdetox@01907546324b0330d2d8b7669648cc18823323e5/fr/002320	fr	0	Et bah voilà qui est fait !
textdetox@01907546324b0330d2d8b7669648cc18823323e5/fr/002321	fr	0	Mais apparemment, votre sectarisme et votre mépris vous réduit à l aveuglement et à la méchanceté.
textdetox@01907546324b0330d2d8b7669648cc18823323e5/fr/002322	fr	0	que vous ne comprenez pas le français !!
textdetox@01907546324b0330d2d8b7669648cc18823323e5/fr/002323	fr	0	C est vrai que cette discussion est particulièrement drôle!
textdetox@01907546324b0330d2d8b7669648cc18823323e5/fr/002324	fr	0	En voilà un, anticlérical primaire, qui ne mâche pas ses mots...
textdetox@01907546324b0330d2d8b7669648cc18823323e5/fr/002325	fr	0	- Licence de documentation libre GNU
textdetox@01907546324b0330d2d8b7669648cc18823323e5/fr/002326	fr	0	Quand au mécanisme lui-même, il est créé  à partir  de quatre réveils et deux pendules.
textdetox@01907546324b0330d2d8b7669648cc18823323e5/fr/002327	fr	0	Normalement, toutes tes pages et sous-pages auront été renommées.
textdetox@01907546324b0330d2d8b7669648cc18823323e5/fr/002328	fr	0	svp, attendez un peu qu elle prenne davantage forme pour juger ensuite de l éventualité d une suppression ;)
textdetox@01907546324b0330d2d8b7669648cc18823323e5/fr/002329	fr	0	On nage en plein délire là ?
textdetox@01907546324b0330d2d8b7669648cc18823323e5/fr/002330	fr	0	Je vous remercie à l avance et vous souhaite une agréable journée!
textdetox@01907546324b0330d2d8b7669648cc18823323e5/fr/002331	fr	0	Gustave G. (d)
textdetox@01907546324b0330d2d8b7669648cc18823323e5/fr/002332	fr	0	Bonjour, Merci pour vos conseils éclairés concernant la rédaction de mon premier article sur Wikipédia Utilisateur:
textdetox@01907546324b0330d2d8b7669648cc18823323e5/fr/002333	fr	0	, je suis Cedalyon , et je vous accueille en tant que wikipédien bénévole.
textdetox@01907546324b0330d2d8b7669648cc18823323e5/fr/002334	fr	0	Merci pour pour ta réponse
textdetox@01907546324b0330d2d8b7669648cc18823323e5/fr/002335	fr	0	Discussion Utilisateur:Morphypnos|Conversons et rêvons!]]].
textdetox@01907546324b0330d2d8b7669648cc18823323e5/fr/002336	fr	0	abord je m excuse de ne pas t avoir répondu plus tôt.
textdetox@01907546324b0330d2d8b7669648cc18823323e5/fr/002337	fr	0	Et les antibiotiques ne sont pas des molécules issues du vivant!
textdetox@01907546324b0330d2d8b7669648cc18823323e5/fr/002338	fr	0	Mais je n ai pas les compétences WK ni le temps de m y attarder.
textdetox@01907546324b0330d2d8b7669648cc18823323e5/fr/002339	fr	0	Votre modification sur « Perméabilité magnétique » a été annulée Bonjour et merci pour vos apports à l article « Perméabilité magnétique ».
textdetox@01907546324b0330d2d8b7669648cc18823323e5/fr/002340	fr	0	Ne oublions pas que l Albanie pour la première fois de l histoire a eu son indépendence 1912.
textdetox@01907546324b0330d2d8b7669648cc18823323e5/fr/002341	fr	0	Je vous souhaite de bonnes futures contributions sur Wikipédia !
textdetox@01907546324b0330d2d8b7669648cc18823323e5/fr/002342	fr	0	INDIQUE CLAIREMENT QUE VOS CONTRIBUTIONS SUR CETTE PAGE NE RELEVENT QUE D UNE PETITE VENDETTA
textdetox@01907546324b0330d2d8b7669648cc18823323e5/fr/002343	fr	0	les élus locaux incompétents comme il se doit kernitou dİscuter
textdetox@01907546324b0330d2d8b7669648cc18823323e5/fr/002344	fr	0	, Merci de bien vouloir consulter les Critères d admissibilité des articles sur Wikipédia
textdetox@01907546324b0330d2d8b7669648cc18823323e5/fr/002345	fr	0	Discussion Utilisateur:Jean0604|   répondre   ]
textdetox@01907546324b0330d2d8b7669648cc18823323e5/fr/002346	fr	0	Autant pour moi, je voulais dire Houlbec-près-le-Gros-Theil, autre commune de l Eure.
textdetox@01907546324b0330d2d8b7669648cc18823323e5/fr/002347	fr	0	Bonjour, je sais grâce à ton profil que tu as suivi une formation d histoire (tout comme moi).
textdetox@01907546324b0330d2d8b7669648cc18823323e5/fr/002348	fr	0	j ai changé le titre  Destineo: un service qui marche  en  prix obtenus  qui me semble moins  publicitaire .
textdetox@01907546324b0330d2d8b7669648cc18823323e5/fr/002349	fr	0	Je voudrais réfléchir à un truc comme ça pour la crise moderniste
textdetox@01907546324b0330d2d8b7669648cc18823323e5/fr/002350	fr	0	ne sera pas très compliqué je ne suis pas un fanatique forcené de ce logo non plus !
textdetox@01907546324b0330d2d8b7669648cc18823323e5/fr/002351	fr	0	Mais cela est un détail.
textdetox@01907546324b0330d2d8b7669648cc18823323e5/fr/002352	fr	0	Mundilfari~frwiki (discuter)
textdetox@01907546324b0330d2d8b7669648cc18823323e5/fr/002353	fr	0	La Vache et le prisonnier 8 m
textdetox@01907546324b0330d2d8b7669648cc18823323e5/fr/002354	fr	0	Discussion Utilisateur:Kappalambda|Discuter]
textdetox@01907546324b0330d2d8b7669648cc18823323e5/fr/002355	fr	0	Le grand accueil en plus, ça fait chaud au cœur!
textdetox@01907546324b0330d2d8b7669648cc18823323e5/fr/002356	fr	0	Quelques éléments de mon intervention dans la discussion peuvent servir à rédiger la PDD.
textdetox@01907546324b0330d2d8b7669648cc18823323e5/fr/002357	fr	0	Nous ne demandons que des sources.
textdetox@01907546324b0330d2d8b7669648cc18823323e5/fr/002358	fr	0	Dans la mesure du raisonnable, chaque utilisateur peut mettre à peu près ce qu il veut sur sa page personnelle...
textdetox@01907546324b0330d2d8b7669648cc18823323e5/fr/002359	fr	0	Ajout de la figure et du commentaire à partir de l article
textdetox@01907546324b0330d2d8b7669648cc18823323e5/fr/002360	fr	0	A vous, ou à nous de trouver LA solution.
textdetox@01907546324b0330d2d8b7669648cc18823323e5/fr/002361	fr	0	cet universitaire ne remplit aucun des critères exigés pour les universitaires et scientifiques.
textdetox@01907546324b0330d2d8b7669648cc18823323e5/fr/002362	fr	0	L Ulster était un comté de l Irlande (île) divisé entre les deux États.
textdetox@01907546324b0330d2d8b7669648cc18823323e5/fr/002363	fr	0	Va voir là http://commons.wikimedia.org/wiki/Category:Pink_Floyd.
textdetox@01907546324b0330d2d8b7669648cc18823323e5/fr/002364	fr	0	La pertinence de cette catégorie est également remise en cause, c est pour cela que je la propose en PàS...
textdetox@01907546324b0330d2d8b7669648cc18823323e5/fr/002365	fr	0	C est vrai, mais les catégories Personne accusée d antisémitisme et Personne condamnée pour antisémitisme l ont été, nuance.
textdetox@01907546324b0330d2d8b7669648cc18823323e5/fr/002366	fr	0	Bon arrêtez de tchattchez !  
textdetox@01907546324b0330d2d8b7669648cc18823323e5/fr/002367	fr	0	Aurmegil (d) .
textdetox@01907546324b0330d2d8b7669648cc18823323e5/fr/002368	fr	0	si vous répondez encore une fois de manière aussi désagréable, ça fait un tour chez les admins.
textdetox@01907546324b0330d2d8b7669648cc18823323e5/fr/002369	fr	0	Dans Arum titan, le Sat Jan 21 10:38:14 2006, 404 Not Found ▪
textdetox@01907546324b0330d2d8b7669648cc18823323e5/fr/002370	fr	0	Wikipédia est une formidable aventure collective, toujours en construction.
textdetox@01907546324b0330d2d8b7669648cc18823323e5/fr/002371	fr	0	- 4 expressions une formule valable à toute heure, bon matin, bon après-midi et bonsoir ;
textdetox@01907546324b0330d2d8b7669648cc18823323e5/fr/002372	fr	0	, la période dont nous parlons est bien plus ancienne et donc on ne parle pas dans ce cas d histoire de France!
textdetox@01907546324b0330d2d8b7669648cc18823323e5/fr/002373	fr	0	Presque toutes les sources primaires sont citées par lui ;
textdetox@01907546324b0330d2d8b7669648cc18823323e5/fr/002374	fr	0	je viens de rectifier.
textdetox@01907546324b0330d2d8b7669648cc18823323e5/fr/002375	fr	0	En cas de vandalisme répété, les administrateurs ont la capacité de vous empêcher d écrire dans Wikipédia.   
textdetox@01907546324b0330d2d8b7669648cc18823323e5/fr/002376	fr	0	Bref, apparemment le lien  discuter  de ma signature renvoyais à ta pdd.
textdetox@01907546324b0330d2d8b7669648cc18823323e5/fr/002377	fr	0	, mise à jour des chiffres depuis le site officiel, redirect vers l article final depuis les deux autres.
textdetox@01907546324b0330d2d8b7669648cc18823323e5/fr/002378	fr	0	Hum, je suis surpris de ta modération !
textdetox@01907546324b0330d2d8b7669648cc18823323e5/fr/002379	fr	0	Merci de ne plus copier depuis un autre site des informations sur votre P.U. ()EoWinn (Causerie)
textdetox@01907546324b0330d2d8b7669648cc18823323e5/fr/002380	fr	0	Pourquoi cos (26 pi/15) ?
textdetox@01907546324b0330d2d8b7669648cc18823323e5/fr/002381	fr	0	Bonjour, c est moi qui ai modifié la page en élaborant un plan et étayant avec un peu plus d éléments attestés.
textdetox@01907546324b0330d2d8b7669648cc18823323e5/fr/002382	fr	0	Et en plus il ne se cachait pas de les mépriser ?
textdetox@01907546324b0330d2d8b7669648cc18823323e5/fr/002383	fr	0	Je vous remercie et vous souhaite une bonne journée.
textdetox@01907546324b0330d2d8b7669648cc18823323e5/fr/002384	fr	0	—    Ruyblas13    [[[
textdetox@01907546324b0330d2d8b7669648cc18823323e5/fr/002385	fr	0	Ce qui voudrait donc dire que la bowette existe aussi dans les autres bassins miniers que celui du Nord-Pas-de-Calais ?
textdetox@01907546324b0330d2d8b7669648cc18823323e5/fr/002386	fr	0	n étaient pas encore adolescents... .
textdetox@01907546324b0330d2d8b7669648cc18823323e5/fr/002387	fr	0	Allez au moins voir les modifs que j ai faites et dite moi VRAIMENT s il y a eu vandalisme ou pas…
textdetox@01907546324b0330d2d8b7669648cc18823323e5/fr/002388	fr	0	Vous n avez pas compris le travail de recherches historiques.
textdetox@01907546324b0330d2d8b7669648cc18823323e5/fr/002389	fr	0	Il va falloir corriger tout ça.
textdetox@01907546324b0330d2d8b7669648cc18823323e5/fr/002390	fr	0	Vous accusez dans le vague, Chestov.
textdetox@01907546324b0330d2d8b7669648cc18823323e5/fr/002391	fr	0	plus, je suis puriste.
textdetox@01907546324b0330d2d8b7669648cc18823323e5/fr/002392	fr	0	Les responsabilités ne sont effectivement pas développées, mais ça doit être possible de trouver des réponses dans les ouvrages spécialisés.
textdetox@01907546324b0330d2d8b7669648cc18823323e5/fr/002393	fr	0	... Ton projet Zoo fait école.
textdetox@01907546324b0330d2d8b7669648cc18823323e5/fr/002394	fr	0	La  masse grasse ... L expression a été choisie par des nutritionnistes pour faire culpabiliser les gens
textdetox@01907546324b0330d2d8b7669648cc18823323e5/fr/002395	fr	0	Discussion Utilisateur:TomT0m|bla]
textdetox@01907546324b0330d2d8b7669648cc18823323e5/fr/002396	fr	0	Votre modification a été annulée car vous avez ajouté un lien externe inapproprié.
textdetox@01907546324b0330d2d8b7669648cc18823323e5/fr/002397	fr	0	Si vous tentez de la recréer, elle sera automatiquement blanchie par Salebot. (bot de maintenance)
textdetox@01907546324b0330d2d8b7669648cc18823323e5/fr/002398	fr	0	Kyah117, Pourriez-vous me donner quelques explications sur les raisons qui vous ont poussées a supprimer mon article  
textdetox@01907546324b0330d2d8b7669648cc18823323e5/fr/002399	fr	0	Super tes contribs, Grouchy !
textdetox@01907546324b0330d2d8b7669648cc18823323e5/fr/002400	fr	0	A la question posée:  Tu as de la tendresse de ta famille, de temps en temps?
textdetox@01907546324b0330d2d8b7669648cc18823323e5/fr/002401	fr	0	Je sais pas d où tu sors ce qualificatif, tu l as certainement inventé, comme tu inventes des faits mensongers.
textdetox@01907546324b0330d2d8b7669648cc18823323e5/fr/002402	fr	0	Faut savoir… (:Julien:) ✒
textdetox@01907546324b0330d2d8b7669648cc18823323e5/fr/002403	fr	0	Dans le cas contraire, un administrateur pourra vous empêcher d écrire sur l’ensemble de Wikipédia.
textdetox@01907546324b0330d2d8b7669648cc18823323e5/fr/002404	fr	0	L article me semble comporter une lacune: il ne fait pas état des justifications esclavagistes de Grotius fondées sur le droit naturel. (
textdetox@01907546324b0330d2d8b7669648cc18823323e5/fr/002405	fr	0	Pour toi , il faut supprimer un point c est tout !
textdetox@01907546324b0330d2d8b7669648cc18823323e5/fr/002406	fr	0	Dites moi, s il vous plaît si je me trompe, et merci d avance pour votre réponse, Ophi (d)
textdetox@01907546324b0330d2d8b7669648cc18823323e5/fr/002407	fr	0	En cas de vandalisme répété, les administrateurs ont la capacité de vous empêcher d écrire dans Wikipédia.   
textdetox@01907546324b0330d2d8b7669648cc18823323e5/fr/002408	fr	0	La citation de l auteur est plus que fumeuse
textdetox@01907546324b0330d2d8b7669648cc18823323e5/fr/002409	fr	0	Syntaxe   , des conventions d écriture à connaître,    Aide:
textdetox@01907546324b0330d2d8b7669648cc18823323e5/fr/002410	fr	0	Catégorie:Vandale averti Gypsy
textdetox@01907546324b0330d2d8b7669648cc18823323e5/fr/002411	fr	0	Jean-Jacques Georges (d)
textdetox@01907546324b0330d2d8b7669648cc18823323e5/fr/002412	fr	0	que tous les avis ci-dessus
textdetox@01907546324b0330d2d8b7669648cc18823323e5/fr/002413	fr	0	Bonjour, je suis Kyro, wikipédien bénévole.
textdetox@01907546324b0330d2d8b7669648cc18823323e5/fr/002414	fr	0	Alors votre blocage n est que d un jour, c est un avertissement, d une certaine façon.
textdetox@01907546324b0330d2d8b7669648cc18823323e5/fr/002415	fr	0	Sinon, je constate que tu confonds toujours traitement encyclopédique et revue de presse.
textdetox@01907546324b0330d2d8b7669648cc18823323e5/fr/002416	fr	0	Je vous souhaite de bonnes futures contributions sur Wikipédia !
textdetox@01907546324b0330d2d8b7669648cc18823323e5/fr/002417	fr	0	L arabe est une invention tres tardive pour donner une histoire a l islam afin de cacher sa vraie origine.
textdetox@01907546324b0330d2d8b7669648cc18823323e5/fr/002418	fr	0	difficile de juger de sa notoriété, mais il est possiblement dans les critères WP:NSU.
textdetox@01907546324b0330d2d8b7669648cc18823323e5/fr/002419	fr	0	6 % des électeurs ont voté pour une UMP qui détient tous les pouvoirs ». (Source?)
textdetox@01907546324b0330d2d8b7669648cc18823323e5/fr/002420	fr	0	Est-ce qu elle ne concernerait pas que les locomotives?
textdetox@01907546324b0330d2d8b7669648cc18823323e5/fr/002421	fr	0	donc je pense évidemment qu on peut retenir l avis de Macadam1, si ça ne pose pas de problème.
textdetox@01907546324b0330d2d8b7669648cc18823323e5/fr/002422	fr	0	Ce dernier est encore vivant en 2025, âgé de 95 ans.
textdetox@01907546324b0330d2d8b7669648cc18823323e5/fr/002423	fr	0	Les choses évoluent avec le temps.
textdetox@01907546324b0330d2d8b7669648cc18823323e5/fr/002424	fr	0	Je vais en informer les arbitres.
textdetox@01907546324b0330d2d8b7669648cc18823323e5/fr/002425	fr	0	Il suffit d une phrase qui dit que le titre a été repris.
textdetox@01907546324b0330d2d8b7669648cc18823323e5/fr/002426	fr	0	J ai le droit d exprimer mon désaccord à ce sujet sur votre page.
textdetox@01907546324b0330d2d8b7669648cc18823323e5/fr/002427	fr	0	Si vous continuez à l encyclopédie, vous serez    bloqué en écriture    sur l ensemble des articles.
textdetox@01907546324b0330d2d8b7669648cc18823323e5/fr/002428	fr	0	Je ne vous salue pas, monsieur.
textdetox@01907546324b0330d2d8b7669648cc18823323e5/fr/002429	fr	0	Patrick Rogel (d)
textdetox@01907546324b0330d2d8b7669648cc18823323e5/fr/002430	fr	0	... le peu qu il y a à fusionner.
textdetox@01907546324b0330d2d8b7669648cc18823323e5/fr/002431	fr	0	Ce livre est une sombre bouse.
textdetox@01907546324b0330d2d8b7669648cc18823323e5/fr/002432	fr	0	Tu as tout à fait raison, mais je n ai pas pu me révoquer: une autre IP a remis les mêmes infos.
textdetox@01907546324b0330d2d8b7669648cc18823323e5/fr/002433	fr	0	Un peu comme si je demandais à mon chien de ne pas aller renifler le c.. de ses congénères.
textdetox@01907546324b0330d2d8b7669648cc18823323e5/fr/002434	fr	0	Comme vous n avez tout comme moi certainement pas de temps à perdre, merci d éviter à l avenir cette page.
textdetox@01907546324b0330d2d8b7669648cc18823323e5/fr/002435	fr	0	c est vrai qu on pourrait le sanctifier archeos
textdetox@01907546324b0330d2d8b7669648cc18823323e5/fr/002436	fr	0	En cherchant bien dans la généalogie de cet homme de culture, on doit bien pouvoir trouver un ancêtre juif aussi.
textdetox@01907546324b0330d2d8b7669648cc18823323e5/fr/002437	fr	0	La discussion a lieu sur la page Wikipédia:Pages à fusionner#Mise en forme d un matériau et Formage..
textdetox@01907546324b0330d2d8b7669648cc18823323e5/fr/002438	fr	0	Je vous souhaite de prendre plaisir à lire ou à contribuer à Wikipédia.
textdetox@01907546324b0330d2d8b7669648cc18823323e5/fr/002439	fr	0	Discussion Utilisateur:Red Castle|Vous sonnâtes?
textdetox@01907546324b0330d2d8b7669648cc18823323e5/fr/002440	fr	0	Je vais un peu me répéter   docte, cura te ipsum  .
textdetox@01907546324b0330d2d8b7669648cc18823323e5/fr/002441	fr	0	J avais téléchargé ces 3 images depuis Commons et les avais retravaillé avant de les retélécharger depuis mon disque dur.
textdetox@01907546324b0330d2d8b7669648cc18823323e5/fr/002442	fr	0	(J ai aussi déposé une invitation en pdd du projet monde germanique.
textdetox@01907546324b0330d2d8b7669648cc18823323e5/fr/002443	fr	0	Veuillez    cesser immédiatement    toute dégradation de Wikipédia.
textdetox@01907546324b0330d2d8b7669648cc18823323e5/fr/002444	fr	0	Si vous tentez de la recréer, elle sera automatiquement blanchie par Salebot.   
textdetox@01907546324b0330d2d8b7669648cc18823323e5/fr/002445	fr	0	et des lins inutiles comme Tapis
textdetox@01907546324b0330d2d8b7669648cc18823323e5/fr/002446	fr	0	Par ailleurs, j ai du mal à comprendre l acharnement de certains contributeurs à l égard des listes.
textdetox@01907546324b0330d2d8b7669648cc18823323e5/fr/002447	fr	0	   Ne recréez pas cette page vous-même.
textdetox@01907546324b0330d2d8b7669648cc18823323e5/fr/002448	fr	0	en l occurence ici triche/violation de contournement de blocage global de son compte, est-ce un menteur pour autant ?
textdetox@01907546324b0330d2d8b7669648cc18823323e5/fr/002449	fr	0	Il faudrait vous calmer et apprendre à reconnaître les limites à ne pas dépasser.
textdetox@01907546324b0330d2d8b7669648cc18823323e5/fr/002450	fr	0	St Malo (discuter)
textdetox@01907546324b0330d2d8b7669648cc18823323e5/fr/002451	fr	0	Le championnat débute à peine qu on y trouve déjà n importe quoi.
textdetox@01907546324b0330d2d8b7669648cc18823323e5/fr/002452	fr	0	Si votre vie se passe sur wikipédia à dire des mensonges sur les autres, c est votre problème !
textdetox@01907546324b0330d2d8b7669648cc18823323e5/fr/002453	fr	0	Mais en ce qui concerne cette encyclopédie...cette remarque est mal placée...je la laisse dans les annales la page de discussion.
textdetox@01907546324b0330d2d8b7669648cc18823323e5/fr/002454	fr	0	Il a humilié son personnel à part ceux qui s associaient à ses combines dans son ambition démesurée à devenir un premier ministre;
textdetox@01907546324b0330d2d8b7669648cc18823323e5/fr/002455	fr	0	Pourquoi alors le rajoutes-tu sans cesse quand Mogador le mentionne en résumé de modif ?
textdetox@01907546324b0330d2d8b7669648cc18823323e5/fr/002456	fr	0	les liens ne suffisent pas ?
textdetox@01907546324b0330d2d8b7669648cc18823323e5/fr/002457	fr	0	P.S.: Jeejeeboy et Malvina
textdetox@01907546324b0330d2d8b7669648cc18823323e5/fr/002458	fr	0	Pour pouvoir travailler tranquillement sur un projet d article, il vaut mieux commencer au brouillon.
textdetox@01907546324b0330d2d8b7669648cc18823323e5/fr/002459	fr	0	Certes il y a des oeuvres principales et des oeuvres de second plan
textdetox@01907546324b0330d2d8b7669648cc18823323e5/fr/002460	fr	0	À qui ai-je l honneur ?
textdetox@01907546324b0330d2d8b7669648cc18823323e5/fr/002461	fr	0	à ne pas confondre avec   Piliocolobus
textdetox@01907546324b0330d2d8b7669648cc18823323e5/fr/002462	fr	0	Je serais gré que les personnes sachant effectuer des modifications suprime le terme  dans ton cul  de cette ligne.
textdetox@01907546324b0330d2d8b7669648cc18823323e5/fr/002463	fr	0	Ce n est pas moi qui le dis, c est plus haut dans l article (rubrique Carrière professionnelle).
textdetox@01907546324b0330d2d8b7669648cc18823323e5/fr/002464	fr	0	C est une blague ?
textdetox@01907546324b0330d2d8b7669648cc18823323e5/fr/002465	fr	0	Si vous estimez que cette suppression est injustifiée, n hésitez pas à .
textdetox@01907546324b0330d2d8b7669648cc18823323e5/fr/002466	fr	0	J ai divisé la musique en 2 paras pour que ce soit plus clair et vais regarder pour l autre.
textdetox@01907546324b0330d2d8b7669648cc18823323e5/fr/002467	fr	0	Nous utilisons souvent des sigles parfois mystérieux tu pourras trouver leur explication dans Wikipédia:Jargon.
textdetox@01907546324b0330d2d8b7669648cc18823323e5/fr/002468	fr	0	Neutralité de point de vue (pas de promotion) ;
textdetox@01907546324b0330d2d8b7669648cc18823323e5/fr/002469	fr	0	Vous êtes à même de le faire, non ?
textdetox@01907546324b0330d2d8b7669648cc18823323e5/fr/002470	fr	0	a passe tout sa vie a etudie au mali depuis son enfance en 2002
textdetox@01907546324b0330d2d8b7669648cc18823323e5/fr/002471	fr	0	ce que le FLN a fait
textdetox@01907546324b0330d2d8b7669648cc18823323e5/fr/002472	fr	0	En effet, en introduisant un espace là où il ne le faut justement pas, l intitulé du lien devenai incompréhensible.
textdetox@01907546324b0330d2d8b7669648cc18823323e5/fr/002473	fr	0	La restaurer ne peut qu alimenter une polémique sans intérêt pour Wikipédia et ne semble donc pas une bonne idée.
textdetox@01907546324b0330d2d8b7669648cc18823323e5/fr/002474	fr	0	Exemples un bâteau de 1945 dans le maquis de 1944 !
textdetox@01907546324b0330d2d8b7669648cc18823323e5/fr/002475	fr	0	tu n as pas la sciences infuse.
textdetox@01907546324b0330d2d8b7669648cc18823323e5/fr/002476	fr	0	En tant qu’administrateur de Wikipédia, je viens de supprimer l article « » que tu avais créé.
textdetox@01907546324b0330d2d8b7669648cc18823323e5/fr/002477	fr	0	Les administrateurs ont par ailleurs la capacité de vous empêcher d écrire dans Wikipédia.
textdetox@01907546324b0330d2d8b7669648cc18823323e5/fr/002478	fr	0	Il faudrait donc que vous apportiez d autres sources sérieuses à l appui de votre affirmation.
textdetox@01907546324b0330d2d8b7669648cc18823323e5/fr/002479	fr	0	et bonne continuation sur Wikipédia Jean Batiste
textdetox@01907546324b0330d2d8b7669648cc18823323e5/fr/002480	fr	0	Je ne comprends pas pourquoi avoir annulé mes modifications sur l article en question.
textdetox@01907546324b0330d2d8b7669648cc18823323e5/fr/002481	fr	0	Je me demande à quoi vous songez en écrivant de telles inepties.
textdetox@01907546324b0330d2d8b7669648cc18823323e5/fr/002482	fr	0	Ouép, je m en suis rendu compte en voulant la modifier avec mon IP.
textdetox@01907546324b0330d2d8b7669648cc18823323e5/fr/002483	fr	0	C est bien dans cet esprit que j ai compris.
textdetox@01907546324b0330d2d8b7669648cc18823323e5/fr/002484	fr	0	Sachez que tout un chacun est capable de surveiller .
textdetox@01907546324b0330d2d8b7669648cc18823323e5/fr/002485	fr	0	Ces deux icônes sont mentionnées dans Wikipédia:Crédits graphiques pour permettre justement cette utilisation sans lien vers les pages d images.
textdetox@01907546324b0330d2d8b7669648cc18823323e5/fr/002486	fr	0	en pésentant juste les deux fait non reproductabilité malgré les tentatives.
textdetox@01907546324b0330d2d8b7669648cc18823323e5/fr/002487	fr	0	J ai pu recouper un bon nombre d infos contenues dans la bio par des sources indépendantes (hors-Google...).
textdetox@01907546324b0330d2d8b7669648cc18823323e5/fr/002488	fr	0	La page de discussion est, si cela vous intéresse, ici.
textdetox@01907546324b0330d2d8b7669648cc18823323e5/fr/002489	fr	0	Source anonyme, pas de légende ni de contexte.
textdetox@01907546324b0330d2d8b7669648cc18823323e5/fr/002490	fr	0	Appliqué à un article WP, ça veut dire en fin de page.
textdetox@01907546324b0330d2d8b7669648cc18823323e5/fr/002491	fr	0	Continue, c est bien.
textdetox@01907546324b0330d2d8b7669648cc18823323e5/fr/002492	fr	0	Celui qui va savoir te salue ;)   MarcFerrand  P.S. J apprécierai une copie de ta réponse sur ma page de discussion.
textdetox@01907546324b0330d2d8b7669648cc18823323e5/fr/002493	fr	0	Merci, bonne soirée, Celette (discuter)
textdetox@01907546324b0330d2d8b7669648cc18823323e5/fr/002494	fr	0	Quand tu auras le courage de justifier cela, diff à l appui, fais-le.
textdetox@01907546324b0330d2d8b7669648cc18823323e5/fr/002495	fr	0	Violation de R3R tu en es à 4 fois la même modif incohérente, sans commentaire.
textdetox@01907546324b0330d2d8b7669648cc18823323e5/fr/002496	fr	0	Enfin ce n est pas la question de wikipédia!
textdetox@01907546324b0330d2d8b7669648cc18823323e5/fr/002497	fr	0	A moins que vous préfériez voir l une des 4 citation de ce journaliste dans...
textdetox@01907546324b0330d2d8b7669648cc18823323e5/fr/002498	fr	0	Les autres je ne connais pas.
textdetox@01907546324b0330d2d8b7669648cc18823323e5/fr/002499	fr	0	Vive le ramassis de salmigondis que sera par vous, Wikipédia !
textdetox@01907546324b0330d2d8b7669648cc18823323e5/fr/002500	fr	1	En plus d'être une machine en combat sans armes, j'ai accès à la totalité de l'arsenal de la Défense et je vais l'utiliser à son plein potentiel pour te déchirer ta misérable gueule, petite merde.
textdetox@01907546324b0330d2d8b7669648cc18823323e5/fr/002501	fr	1	Qu'ils reconnaissent que Mahomet était une grosse merde pédophile, un chef de guerre barbare et un violeur.
textdetox@01907546324b0330d2d8b7669648cc18823323e5/fr/002502	fr	1	Il reste a dégager les fils de pute de procureurs aux ordres au pouvoir, aussi.
textdetox@01907546324b0330d2d8b7669648cc18823323e5/fr/002503	fr	1	Bordel je hais ces enculés de piétons quand je me déplace en voiture !!
textdetox@01907546324b0330d2d8b7669648cc18823323e5/fr/002504	fr	1	"""Oui je pense que tu es une sous-merde humaine mais j'ai pas le cran de passer à l'acte et de te tuer, donc je laisse faire Allah, ou un mec plus déterminé que moi"".  "
textdetox@01907546324b0330d2d8b7669648cc18823323e5/fr/002505	fr	1	J'vous jure vous les modos, vous me dégoûtez à sucer tous la queue de l'autre bubon suintant qu'est Macron.
textdetox@01907546324b0330d2d8b7669648cc18823323e5/fr/002506	fr	1	, je crois que je le suce un coup vite fait - aucun intérêt mais je suis poli - avant de lui dire de se casser, que oui on se reverra, c'est évident (mais putain dégage).
textdetox@01907546324b0330d2d8b7669648cc18823323e5/fr/002507	fr	1	Tu ne m'en voudras alors pas de te défoncer la gueule et de te balancer à la baille quand je te retrouverai.
textdetox@01907546324b0330d2d8b7669648cc18823323e5/fr/002508	fr	1	t es idiot ou quoi,fait juste des recherches ,avec internet t as même pas besoin de trainer ton cul hors de chez toi...
textdetox@01907546324b0330d2d8b7669648cc18823323e5/fr/002509	fr	1	Ton père est un connard violent que ta mère a épousé pour faire un geste politique et qu'elle a eut tous le temps de regretter.   
textdetox@01907546324b0330d2d8b7669648cc18823323e5/fr/002510	fr	1	J'ai envie de foutre les têtes de ces putains de parasites de riches et rentiers au bout d'une pique, pour oser nous dire ce qu'il faut faire alors qu'ils n'en branlent pas une.
textdetox@01907546324b0330d2d8b7669648cc18823323e5/fr/002511	fr	1	J'espère que sa carrière politique va en souffrir ... Quelle conne !
textdetox@01907546324b0330d2d8b7669648cc18823323e5/fr/002512	fr	1	-toi que, putain, tes acteurs t'ont pas aidé, quelle bande de cons, toujours à se toucher la nouille, et puis les accessoiristes pas foutus de faire un costume correct selon tes besoins.
textdetox@01907546324b0330d2d8b7669648cc18823323e5/fr/002513	fr	1	Entre cette pute et les connards au Costa Rica qui empêchent les tortues de pondre, je sais pas qui gagne la palme de la connerie mais en tout cas c'est une bonne semaine pour les fdps.
textdetox@01907546324b0330d2d8b7669648cc18823323e5/fr/002514	fr	1	Ou alors sa putain de famille de merde fait l'effort d'accepter son choix à elle et la soutient dans sa décision.
textdetox@01907546324b0330d2d8b7669648cc18823323e5/fr/002515	fr	1	J'en prend plein la gueule avec Marine la truie, la chatelaine, la nazie.
textdetox@01907546324b0330d2d8b7669648cc18823323e5/fr/002516	fr	1	Quels fils de pute de petites pédales de mods qui apprécient pas une bonne tirade d'insulte bordel de foutre
textdetox@01907546324b0330d2d8b7669648cc18823323e5/fr/002517	fr	1	Tu penses que je suis une salope parce que j'ai eu un enfant, moi je pense que t'es un pauvre type qui n'a personne dans sa vie à part la veuve poignet et qui tente de justifier sa vie minable en se disant que les autres sont des pourris.
textdetox@01907546324b0330d2d8b7669648cc18823323e5/fr/002518	fr	1	J'ai beaucoup voyagé en Europe et la grande majorité des français étaient de vrais trous du cul... Irrespectueux, impolis, puant et avec des piercings, etc...
textdetox@01907546324b0330d2d8b7669648cc18823323e5/fr/002519	fr	1	Je me suis battu plusieurs fois, notamment avec des arabes de merde lors de soirées ou avec des bourgeois qui ont jamais pris de fessés de leur vie.
textdetox@01907546324b0330d2d8b7669648cc18823323e5/fr/002520	fr	1	qu'il soit communiste et ou neo-capitaliste, un fils de pute est un fils de pute.
textdetox@01907546324b0330d2d8b7669648cc18823323e5/fr/002521	fr	1	Je vais chier de la fureur sur ta tronche et tu vas te noyer dedans.
textdetox@01907546324b0330d2d8b7669648cc18823323e5/fr/002522	fr	1	Je te propose qu'on te coupe les couilles et qu'on te tue à 6 mois pour te manger.
textdetox@01907546324b0330d2d8b7669648cc18823323e5/fr/002523	fr	1	Non seulement t'es une saloperie de social-démocrate, mais en plus t'as des goûts de chiotte en matière de beurre.
textdetox@01907546324b0330d2d8b7669648cc18823323e5/fr/002524	fr	1	Si t'es assez con pour voter Hamon, t'es assez con pour voter Mélenchon.
textdetox@01907546324b0330d2d8b7669648cc18823323e5/fr/002525	fr	1	parce que a mon avis, il se rend bien compte du fait qu'il soit un sale con.
textdetox@01907546324b0330d2d8b7669648cc18823323e5/fr/002526	fr	1	Les têtes d'algériens décapités avec leur pénis coupés insérés dans leurs bouches respectives est un grand classique.
textdetox@01907546324b0330d2d8b7669648cc18823323e5/fr/002527	fr	1	"""  ""Ma bite sur ton front national, ça te fera une peau bien blanche."
textdetox@01907546324b0330d2d8b7669648cc18823323e5/fr/002528	fr	1	c'est le goût de la bite de papa après qu'il soit passé sur ta soeur.
textdetox@01907546324b0330d2d8b7669648cc18823323e5/fr/002529	fr	1	Mais si les flics n'ont plus de bougnoules à violer sur qui vont ils pouvoir se défouler ?
textdetox@01907546324b0330d2d8b7669648cc18823323e5/fr/002530	fr	1	Tant pis je te pète la gueule jusqu'à ce que tu manques de mourir.
textdetox@01907546324b0330d2d8b7669648cc18823323e5/fr/002531	fr	1	"connard qui modère /r/greatape (ou quelque soit le nom du réel du sub) de mettre un disclaimer du genre.   """
textdetox@01907546324b0330d2d8b7669648cc18823323e5/fr/002532	fr	1	Pourquoi est-ce que je pense encore à et rêve encore de cette connasse froide, manipulatrice et désagréable qui m'a fait passer de longs mois douloureux pour finir en  quelques parties de jambes en l'air toutes pourriesthinsp;
textdetox@01907546324b0330d2d8b7669648cc18823323e5/fr/002533	fr	1	Typiquement le genre de connasse maniaque qui se lève à 7h un dimanche pour faire le ménage
textdetox@01907546324b0330d2d8b7669648cc18823323e5/fr/002534	fr	1	Fuck Macron la marionnette des banques, des finances, l'homme de paille du PS Hollandais.
textdetox@01907546324b0330d2d8b7669648cc18823323e5/fr/002535	fr	1	Cyril Hanouna est un énorme con, dont le nez suinte la coke, et ses spectateurs sont ses complices et principaux artisans de la décadence de la télévision Française.
textdetox@01907546324b0330d2d8b7669648cc18823323e5/fr/002536	fr	1	Oui, mais ça n'excuse pas le(s) gros enculé(s) de merde qui en profite(nt)  C'est sûr.
textdetox@01907546324b0330d2d8b7669648cc18823323e5/fr/002537	fr	1	Ce bouffon ne dois pas avoir beaucoup de femmes dans son cercle social, et certainement pas une compagne.  De la grosse merde.
textdetox@01907546324b0330d2d8b7669648cc18823323e5/fr/002538	fr	1	Donald Trump pourrait enculer leur femmes et ils l'applaudiraient les larmes aux yeux.
textdetox@01907546324b0330d2d8b7669648cc18823323e5/fr/002539	fr	1	Ils ont traités les noirs comme des chiens comme des serpillères et aujourd'hui s'esclaffent pour une voiture brûlée remboursée par l'assurance bande de connards crevez tous bouffez le bien votre oseil
textdetox@01907546324b0330d2d8b7669648cc18823323e5/fr/002540	fr	1	C'est une religion de merde rétrograde (pléonasme...) qui favorise les comportements tribaux et promeut la relégation de la femme au rang de 'citoyen' de seconde zone.   
textdetox@01907546324b0330d2d8b7669648cc18823323e5/fr/002541	fr	1	Même les gauchiasses sentimentales sont prêts à subir les pires connasses si y'a une chance de les niquer...
textdetox@01907546324b0330d2d8b7669648cc18823323e5/fr/002542	fr	1	Il a fait des chats cochons avec une adolescente majeure sexuelle, c'est vraiment un vilain, on devrait même au moins le pendre par les couilles, voire plus.
textdetox@01907546324b0330d2d8b7669648cc18823323e5/fr/002543	fr	1	Propagande castratrice fasciste d'un modérateur nazi qui nie l'existence et le droit inaliénable des divers bot et/ou comptes alternatif et/ou hologramme mélenchonistes de s'exprimer et se reproduire librement, sans entrave ou influence sur ce sub!  GUILLOTINE!
textdetox@01907546324b0330d2d8b7669648cc18823323e5/fr/002544	fr	1	Hé, connard, c'est ton job de dire aux jurés quelles questions sont judicieuses ou pas.  
textdetox@01907546324b0330d2d8b7669648cc18823323e5/fr/002545	fr	1	* Fuck les agences qui vendent de la merde déguisée    * Fuck les particuliers qui pensent que leur trous à rats humide est le meilleur appartement du monde.
textdetox@01907546324b0330d2d8b7669648cc18823323e5/fr/002546	fr	1	J'ai jamais vu une bouse de travail journalistique à la con pareille, même venant du figaro qui a l'habitude de sortir des sujets de son trou du cul.
textdetox@01907546324b0330d2d8b7669648cc18823323e5/fr/002547	fr	1	et pour répondre à ta question, les trous du cul , qu'ils soient nazis ou gauchistes, il en sort de la merde.
textdetox@01907546324b0330d2d8b7669648cc18823323e5/fr/002548	fr	1	J'te déteste...  Va sucer des bites en enfer, je vote pas à droite et j'ai jamais pu piffrer Mélenchon, j'ai pas d'autres choix.
textdetox@01907546324b0330d2d8b7669648cc18823323e5/fr/002549	fr	1	Le mec qui a laissé ce bœuf comme ça, je lui démolis la gueule à coups de poings, me démerde pour incruster ses dents sur une batte que je lui enfonce dans le cul.  
textdetox@01907546324b0330d2d8b7669648cc18823323e5/fr/002550	fr	1	Et je parle même pas des roms de merde qui essayent de piquer ma thune au distributeur ou dans le métro.
textdetox@01907546324b0330d2d8b7669648cc18823323e5/fr/002551	fr	1	Tant qu'ils ne font que dire qu'il faut tuer les juifs et les bougnoules, tout va bien.
textdetox@01907546324b0330d2d8b7669648cc18823323e5/fr/002552	fr	1	Enculez un jeune jihadiste pour 10 euros et gagnez un Rubik's cube !
textdetox@01907546324b0330d2d8b7669648cc18823323e5/fr/002553	fr	1	Completement HS mais je me dois de le dire :   T'es un putain de pervers avec ton pseudo qui reprend ce foutu ver d'oreille, fils de pub !   J'en ai pour des heures avec tes conneries, je suis tristitude.   ^^^^^mais ^^^^^bravo
textdetox@01907546324b0330d2d8b7669648cc18823323e5/fr/002554	fr	1	^Je ^te ^ferais ^disparaitre ^de ^cette ^putain ^de ^planète ^avec ^une ^précision ^jamais
textdetox@01907546324b0330d2d8b7669648cc18823323e5/fr/002555	fr	1	Hé la grosse tantouze de /u/A_french_chinese_man, regarde comment il cherche la merde l'autre con
textdetox@01907546324b0330d2d8b7669648cc18823323e5/fr/002556	fr	1	Je te méprise petit votant de merde, t'es aussi vide que le bulletin de vote que tu fous dans l'urne.   
textdetox@01907546324b0330d2d8b7669648cc18823323e5/fr/002557	fr	1	Éponge mes couilles de capitaliste sur ton front, fumeur de pétard !
textdetox@01907546324b0330d2d8b7669648cc18823323e5/fr/002558	fr	1	ça wow, allez retourne chez ta mère espèce de guignol sans argument
textdetox@01907546324b0330d2d8b7669648cc18823323e5/fr/002559	fr	1	Je vais chier de la fureur sur ta tronche et tu vas te noyer dedans.
textdetox@01907546324b0330d2d8b7669648cc18823323e5/fr/002560	fr	1	"Si seulement tu avais su quelle vengeance impie ton petit commentaire ""intelligent"" s'apprêtait à faire descendre sur ta tronche, peut être que tu aurais fermé ta putain de gueule."
textdetox@01907546324b0330d2d8b7669648cc18823323e5/fr/002561	fr	1	Ou les fils de putes inertes qui n'ont rien fait pour m'aider quand j'aurais pu crever ?  Va chercher ...
textdetox@01907546324b0330d2d8b7669648cc18823323e5/fr/002562	fr	1	Arrête ta rhétorique de gauchiasse gerbante et demande plutôt la démission de Taubira au lieu de t'enfoncer la tête dans le sable et d'ignorer la menace de l'ISLAM qui frappe à nos portes.
textdetox@01907546324b0330d2d8b7669648cc18823323e5/fr/002563	fr	1	Non seulement je suis extrêmement entraîné dans le combat à mains nues, mais j'ai accès à tout l'armement de l'Armée de l'Eau et je vais l'utiliser à son maximum pour faire disparaître ta misérable tronche du continent entier, petite merde.
textdetox@01907546324b0330d2d8b7669648cc18823323e5/fr/002564	fr	1	"Sous couvert de jolies phrases et de propos (pas toujours) policés, on fait comprendre que la gauchialo-salope est un traître à la nation qui, sous prétexte d'expier les fautes de nos grand-parents, baisse son froc pour mieux se faire enculer par ""les négros et les barbus"".  "
textdetox@01907546324b0330d2d8b7669648cc18823323e5/fr/002565	fr	1	Oui mais ce petit con a reussit a la salir il doit jubiler ce connard
textdetox@01907546324b0330d2d8b7669648cc18823323e5/fr/002566	fr	1	La France est un pays de merde, dirigé par de bons blancs arrogants, riches et vieillissants, avec à leur service 66 millions de grosses merdes qui sont pas foutues de piger qu'elles se font enculer depuis 200 ans par la bourgeoisie et la folie du pouvoir.
textdetox@01907546324b0330d2d8b7669648cc18823323e5/fr/002567	fr	1	, tous des pourrits ces ricains !   Oh attends, osef de la nationalité ce sont juste des pourrits
textdetox@01907546324b0330d2d8b7669648cc18823323e5/fr/002568	fr	1	commissaire européen chargé  de la Charte des droits fondamentaux...  Probablement un gros connard selon moi, mais plutôt du côté des migrants.   
textdetox@01907546324b0330d2d8b7669648cc18823323e5/fr/002569	fr	1	Question à la con,  sur une video poutou sur youtube j'ai trouvé ce comment    Poutou l'ignoble cosmopolite, le suceur négrophile.﻿  pour vous, le comment vient d'un FN, d'un gauchiste non NPA (Artaudien?) ou d'un troll trumpiste?
textdetox@01907546324b0330d2d8b7669648cc18823323e5/fr/002570	fr	1	T'aurais pu te faire les accents pendant que tu y étais, sale feignasse.   
textdetox@01907546324b0330d2d8b7669648cc18823323e5/fr/002571	fr	1	Tu racontes de la grosse merde relayée par des débiles sur les réseaux sociaux.
textdetox@01907546324b0330d2d8b7669648cc18823323e5/fr/002572	fr	1	C'est pas trou mais le tampax bite, sex il se fétard, à plus l'anus faut que je vous lèche.
textdetox@01907546324b0330d2d8b7669648cc18823323e5/fr/002573	fr	1	Qu'elle aille sucer des queues elle-même pour savoir si c'est libérateur.
textdetox@01907546324b0330d2d8b7669648cc18823323e5/fr/002574	fr	1	La prochaine fois que tu me voles mon vélo, espèce de connard, je m'occupe de ta sœur et de tes enfants.
textdetox@01907546324b0330d2d8b7669648cc18823323e5/fr/002575	fr	1	C'est pour ca que la reponse adaptee c'est d'etre soi aussi un fils de pute.   
textdetox@01907546324b0330d2d8b7669648cc18823323e5/fr/002576	fr	1	Si tu viens m'emmerder sur ma boîte privée, je vais t'envoyer chier.
textdetox@01907546324b0330d2d8b7669648cc18823323e5/fr/002577	fr	1	Bien fait pour elle la salope de communiste qui refuse de se faire aggresser.
textdetox@01907546324b0330d2d8b7669648cc18823323e5/fr/002578	fr	1	- mer à l'aller, et mer - Paris au retour pour les  10 millions de connards de parisiens qui vont pouvoir recommencer à faire la gueule dans leur métro qui pue.
textdetox@01907546324b0330d2d8b7669648cc18823323e5/fr/002579	fr	1	Ils se contentent d'enculer ou de foutre leur queue pleine de smegma dans la bouche d' enfants innocents, les porcs.
textdetox@01907546324b0330d2d8b7669648cc18823323e5/fr/002580	fr	1	Oui, ils font chier ces connards de gamins de pauvres qui veulent pas aller dans leur lycée de merde sectorisé et qui nous piquent nos places pour aller dans NOTRE Ginette (qui est dans le 78).
textdetox@01907546324b0330d2d8b7669648cc18823323e5/fr/002581	fr	1	*Philippot est tellement homophobe qu'il les baise, lui, les homos*
textdetox@01907546324b0330d2d8b7669648cc18823323e5/fr/002582	fr	1	Quel connard ce /u/DaForge, par sa faute c'est toute la France qui paie.
textdetox@01907546324b0330d2d8b7669648cc18823323e5/fr/002583	fr	1	De ces gros consanguins de Lillois à ces gros enculés de Marseillais, en passant par ces gros alcoolos de Bretons et par les Normands Race Maîtresse.
textdetox@01907546324b0330d2d8b7669648cc18823323e5/fr/002584	fr	1	J'en ai ras le cul également de ces fils de pute qui prennent de haut les gens qui ne vivent pas dans le même cadre qu'eux, dans leur grosse ville bétonné de partout.
textdetox@01907546324b0330d2d8b7669648cc18823323e5/fr/002585	fr	1	Et maintenant, gonzesse, que je t’ai foutue à couillons rabattus, comme tu n’es pas foutue d’être foutue jamais de ta garce de vie…
textdetox@01907546324b0330d2d8b7669648cc18823323e5/fr/002586	fr	1	Je vais te les faire bouffer en salade avec ta saloperie de caviar russe, tes couilles atrophiées de banquier suisse!
textdetox@01907546324b0330d2d8b7669648cc18823323e5/fr/002587	fr	1	Tu m'as l'air d'être un sacré connard sur la route en fait, ce qui explique que prennes fait et cause pour tous ceux qui se comportent comme des cons...
textdetox@01907546324b0330d2d8b7669648cc18823323e5/fr/002588	fr	1	Les sociaux-democrates sont des couilles molles qui regardent les communistes et les fachos s'engueuler.
textdetox@01907546324b0330d2d8b7669648cc18823323e5/fr/002589	fr	1	Trump est un connard sexiste car il ne serre pas une main pour une photo  M'okay.
textdetox@01907546324b0330d2d8b7669648cc18823323e5/fr/002590	fr	1	Ulcan est un fils de pute qui fait du mal au mouvement sioniste par ses actions débiles et lâches, mais c'est pas nouveau.
textdetox@01907546324b0330d2d8b7669648cc18823323e5/fr/002591	fr	1	Ba du coup je vais pouvoir te dire que ton père est un proxénète et ta mère est une pute.
textdetox@01907546324b0330d2d8b7669648cc18823323e5/fr/002592	fr	1	Laisse moi prendre mon café et je vais te faire ta fête petit bâtard
textdetox@01907546324b0330d2d8b7669648cc18823323e5/fr/002593	fr	1	ces salopards d'immigrants romains et francs les ont malheureusement remplacé grâce à la grande conspiration hellenistico-maçonnique !
textdetox@01907546324b0330d2d8b7669648cc18823323e5/fr/002594	fr	1	Qu il ferme sa geule et qui l aille rejoindre ces potes au fouquets , et chez son copain lagardere   Et bollorė , putain de politiquare tous des toquars pas un pour remplacer l autre
textdetox@01907546324b0330d2d8b7669648cc18823323e5/fr/002595	fr	1	Un de mes petits  plaisirs dans la vie, c'est de briser bien menu les couilles a ces gens la.
textdetox@01907546324b0330d2d8b7669648cc18823323e5/fr/002596	fr	1	Pourtant en matiere de fils de pute criminels a leur tete, ils se posent la.
textdetox@01907546324b0330d2d8b7669648cc18823323e5/fr/002597	fr	1	C'est à cause de branleurs comme toi que la France est en décadence.
textdetox@01907546324b0330d2d8b7669648cc18823323e5/fr/002598	fr	1	Ces gens là ne font pas leur travail (les commentaires déjà postés expliquent très bien toutes les défaillances dont ces connards stériles font preuve), on imagine facilement que ces laiderons abrutis ne rêvent que de rentrer chez eux au plus vite pour regarder Canal+ et TF1 en enfonçant le gode de leur femme dans le cul de leur chien.
textdetox@01907546324b0330d2d8b7669648cc18823323e5/fr/002599	fr	1	Je vais débouller sur la gueule de ta soeur de 16 ans a coups de matraques.
textdetox@01907546324b0330d2d8b7669648cc18823323e5/fr/002600	fr	1	"""LES PÉDÉS SONT VRAIMENT DES ERREURS DE LA NATURE, QUELLE HORREUR!"
textdetox@01907546324b0330d2d8b7669648cc18823323e5/fr/002601	fr	1	Je ne te demande pas ton avis sale bourgeois (t'as vu ma couille c'est agréable les insultes).
textdetox@01907546324b0330d2d8b7669648cc18823323e5/fr/002602	fr	1	Que des trous du cul intellectualistes gauchiasses de tapettes d'écrivaines.
textdetox@01907546324b0330d2d8b7669648cc18823323e5/fr/002603	fr	1	Madagascar, c'est le trou du cul de l'Afrique déjà, un des pays francophones les plus pauvres et dégueus, la peste noire y est encore endémique...
textdetox@01907546324b0330d2d8b7669648cc18823323e5/fr/002604	fr	1	Je propose donc qu'on arrête de subventionner le FN parce que leur siège est rempli de trous du culs.
textdetox@01907546324b0330d2d8b7669648cc18823323e5/fr/002605	fr	1	Salut les fagots, mon nom est Jean, et je déteste tout célibataire un de vous.
textdetox@01907546324b0330d2d8b7669648cc18823323e5/fr/002606	fr	1	C'est l'avis des petits merdeux communo-anarchistes, qui vivent chez maman et qui pensent qu'ils représentent la France.
textdetox@01907546324b0330d2d8b7669648cc18823323e5/fr/002607	fr	1	Alors je fouille un peu, et je decouvre que cet enfoiré à une copine (qu'elle petite salope allumeuse celui là).
textdetox@01907546324b0330d2d8b7669648cc18823323e5/fr/002608	fr	1	Les mêmes semanciers sont tout autant des fils de pute quand ils vendent pas des OGMs.
textdetox@01907546324b0330d2d8b7669648cc18823323e5/fr/002609	fr	1	Ceux qui portent de la fourrure sont des gros fils de pute.  Bien Cordialement,  *ExtReM_Lapin*
textdetox@01907546324b0330d2d8b7669648cc18823323e5/fr/002610	fr	1	Et encore  Le négrillon clochardisé, réduit en esclave par ses maîtres chrétins habillés en soutane c'est toi et toute ta race de chrétins dégénérés.
textdetox@01907546324b0330d2d8b7669648cc18823323e5/fr/002611	fr	1	T'as oublié de mentionner le public qui n'est que constitué d'attardés qui se traitent d'enculés entre eux et se tapent sur la gueule.
textdetox@01907546324b0330d2d8b7669648cc18823323e5/fr/002612	fr	1	"Ah non c'est un bougnoule et un nègre alors ils rentrent directement dans la catégorie ""racaille"" dans ton esprit.   "
textdetox@01907546324b0330d2d8b7669648cc18823323e5/fr/002613	fr	1	"Ou toi, le mou du gland qui va voter Macron parce qu'il aura l'impression d'être enfin utile, quand tu n'es jamais qu'un cancer de la société, une excroissance négligeable, dont on pourrait se passer, mais vu que t'as pas de vie, t'as l'impression d'exister quand tu allumes ton barbeuk à l'alcool à brûler un dimanche midi pour enfumer tes voisins ""mais je suis dans mon droit"".   Ouais, c'est à toi que je cause, connard."
textdetox@01907546324b0330d2d8b7669648cc18823323e5/fr/002614	fr	1	Donc en gros, moi et ma famille je veux qu'on m'éduque, par contre les sales africains pauvres qu'ils crèvent ça fera moins de bouches à nourrir.
textdetox@01907546324b0330d2d8b7669648cc18823323e5/fr/002615	fr	1	Faut vraiment pas avoir de couilles, être une sous merde, une vieille raclure de bidet, un connard fini à la pisse.
textdetox@01907546324b0330d2d8b7669648cc18823323e5/fr/002616	fr	1	C'est à cause d'abrutis dans ton genre que la science n'évolue pas assez vite.
textdetox@01907546324b0330d2d8b7669648cc18823323e5/fr/002617	fr	1	"Cet enculé de connard a attendue d'être réélu pour démissionner et va pouvoir jouer la victime en mode ""j'ai dû démissionner alors que le peuple m'aime, la preuve il m'avait réélue"" Ce type utilise le foot comme un paillasson et crache à la gueule des milliards de gens qui aiment ce sport."
textdetox@01907546324b0330d2d8b7669648cc18823323e5/fr/002618	fr	1	"""En ce moment je parierais que tu t'imagine deja qu'tu suce ma bite au rythme des coups de fouet de mes couilles sur ta gueule."
textdetox@01907546324b0330d2d8b7669648cc18823323e5/fr/002619	fr	1	Il affrontera personne parce qu'il va se faire enculer au 1er tour comme la pute qu'il est.
textdetox@01907546324b0330d2d8b7669648cc18823323e5/fr/002620	fr	1	Parce que apparement les femmes sont des animales qui ne pensent qu'a niquer leur amis masculins.
textdetox@01907546324b0330d2d8b7669648cc18823323e5/fr/002621	fr	1	'Tain vas-y bâtard ferme ta race j'vais t'démolir la gueule moi !
textdetox@01907546324b0330d2d8b7669648cc18823323e5/fr/002622	fr	1	La réalité est que les black blocs sont un ramassis de petits cons nihilistes qui méritent de se prendre des matraques dans la figure avant d'être envoyés à Cayenne.
textdetox@01907546324b0330d2d8b7669648cc18823323e5/fr/002623	fr	1	Faut être con pour pas comprendre que des connards et des criminels y'en a partout  Il y en a plus chez les étrangers dont une partie vient chez nous et foutent la merde.
textdetox@01907546324b0330d2d8b7669648cc18823323e5/fr/002624	fr	1	--------------------------------------------------  Voila ma vision de vos putains de conneries de fachosphère et d'antifa, allez baiser vos femmes au lieu de vous montez le choux entre vous avec votre soif de haine ( ah nan mdr lol c po possib vou ete po dé nazi ) et de lynchage sur la place publique.    
textdetox@01907546324b0330d2d8b7669648cc18823323e5/fr/002625	fr	1	Encore ces putains d'écolos qui nous font chier jusqu'au bout !   *Ba-dum-tsss*
textdetox@01907546324b0330d2d8b7669648cc18823323e5/fr/002626	fr	1	et si tu veux une autre gifle dans la face ça me fera plaisir de te la mettre.
textdetox@01907546324b0330d2d8b7669648cc18823323e5/fr/002627	fr	1	Je peux casser la gueule de quelqu'un et le tuer à main nue, mais ça serai plus facile avec un couteau, et ça serai encore plus facile avec un flingue.
textdetox@01907546324b0330d2d8b7669648cc18823323e5/fr/002628	fr	1	QU'ON VIENT VOUS CASSER LES COUILLES SUR VOS VIDÉOS ET FORUMS DE MERDE
textdetox@01907546324b0330d2d8b7669648cc18823323e5/fr/002629	fr	1	gros cons d'omnivores  Faut être con pour être omnivore en tout cas.
textdetox@01907546324b0330d2d8b7669648cc18823323e5/fr/002630	fr	1	J'espère que tu vas mourir de mort lente et douloureuse, agonisant dans des souffrances atroces et dans la solitude absolue, pourriture !
textdetox@01907546324b0330d2d8b7669648cc18823323e5/fr/002631	fr	1	Mais tout le monde le sait que les gens c'est des enculés et des salopes!
textdetox@01907546324b0330d2d8b7669648cc18823323e5/fr/002632	fr	1	oui tu est un gros connard génocidaire, je te maudit sur 3 générations,
textdetox@01907546324b0330d2d8b7669648cc18823323e5/fr/002633	fr	1	Quand une bande d'abrutis cathos-fachos bousille le site de Hellfest, ils sont où les évèques et cardinaux pour dénoncer ça? Idem pour les connards qui pensent faire valoir leurs idées de merde dans les cliniques et centres de planning familial à grands renforts d'actes traumatisants.
textdetox@01907546324b0330d2d8b7669648cc18823323e5/fr/002634	fr	1	Rien d'autre alors tes fantasmes à la con sur le nazisme et l'extrême droite tu te les gardes pour ton cerveau malade.
textdetox@01907546324b0330d2d8b7669648cc18823323e5/fr/002635	fr	1	Qu'est-ce que j'aimerais t'enculer quand même ... dsl hein ... j'peux pas m'en empêcher)   Un mec qui à 3 messages uniquement sur ce thread.
textdetox@01907546324b0330d2d8b7669648cc18823323e5/fr/002636	fr	1	Edit : et puis bon, qu'ils se cassent ces putains d'Anglois, ça fait vingt ans qu'ils nous pourrissent notre UE
textdetox@01907546324b0330d2d8b7669648cc18823323e5/fr/002637	fr	1	Sur la question des armes, les américains sont vraiment très très cons.
textdetox@01907546324b0330d2d8b7669648cc18823323e5/fr/002638	fr	1	ta gueule avec ta grosse bouffone qui suce bien fort la bite à Gattaz et à son gros porc de père pendant qu'ils de double fistent tous les deux avec de la graisse de juifs venants de leurs camps d'extermination de merde.
textdetox@01907546324b0330d2d8b7669648cc18823323e5/fr/002639	fr	1	J'aime pas la droite, j'aime pas les cathos, j'aime pas la Hadopi, j'aime pas les gosses de riche, j'aime pas les privilégiés qui tapent sur les pauvres, et par dessus tout, j'aime pas les enculées de filles putes de racistes de l'UMP nostalgiques de Pétain.   
textdetox@01907546324b0330d2d8b7669648cc18823323e5/fr/002640	fr	1	Notre putain de police et notre gouvernement traitent les supporters globalement pacifiques comme des terroristes, font les fanfarons quand il s'agit de tabasser du lycéen et de l'écolo, on a interdit des putains de kermesses d'écoles pour cause d'état d'urgence mais là on a des hordes de vrais fils de putes violents qui viennent mettre une ville à sac et là y'a plus personne.
textdetox@01907546324b0330d2d8b7669648cc18823323e5/fr/002641	fr	1	C'est surtout que la mère de la copine était une tarée complet dont toutes les opinions sont du même calibre de connerie.
textdetox@01907546324b0330d2d8b7669648cc18823323e5/fr/002642	fr	1	Les arabes peuvent crever, tous les dirigeants et imams s'en foutent.
textdetox@01907546324b0330d2d8b7669648cc18823323e5/fr/002643	fr	1	si tu veux monter ta boîte ou même te lancer en auto-entrepreneur t'es juste un putain de connard fasciste voire nazi, t'as pas honte ?
textdetox@01907546324b0330d2d8b7669648cc18823323e5/fr/002644	fr	1	Bien sur, les connards Blair et Bush ont foutu le bordel, et le Moyen-Orient est rempli de trou-de-culs.
textdetox@01907546324b0330d2d8b7669648cc18823323e5/fr/002645	fr	1	Pose tes couilles sur la table et met lui ton poing dans la gueule.
textdetox@01907546324b0330d2d8b7669648cc18823323e5/fr/002646	fr	1	Jean-Paul Ney est une sous-merde, bien content que la justice commence à s'occuper de son cas.
textdetox@01907546324b0330d2d8b7669648cc18823323e5/fr/002647	fr	1	Ah mais, Paris c'est de la merde et les parisiens sont des connards, mais faut pas le dire.
textdetox@01907546324b0330d2d8b7669648cc18823323e5/fr/002648	fr	1	On t'apprends à les enculer puis à leur vendre le paquet de mouchoirs.
textdetox@01907546324b0330d2d8b7669648cc18823323e5/fr/002649	fr	1	:( t'es tellement une salope avec moi, alors que j'ai tout fait pour toi : te donner le sida, te redonner le sida...
textdetox@01907546324b0330d2d8b7669648cc18823323e5/fr/002650	fr	1	Comme avec ces salauds d'Algériens qui nous ont colonisé à l'époque !
textdetox@01907546324b0330d2d8b7669648cc18823323e5/fr/002651	fr	1	L'une est morte et l'autre est une grosse conne qui ne mérite meme pas un coup de fil (j'ai meme pas son num tiens).
textdetox@01907546324b0330d2d8b7669648cc18823323e5/fr/002652	fr	1	Et le modo qui vient sucer la bite du mec qui comprend rien ça fait rever.
textdetox@01907546324b0330d2d8b7669648cc18823323e5/fr/002653	fr	1	C'est vrai que les parisiennes ont les têtes des chiennes et aussi vrai que les parigots ont les têtes de veau...
textdetox@01907546324b0330d2d8b7669648cc18823323e5/fr/002654	fr	1	C'est honteux, et c'est une vieille conne qui mérite le mépris et l'opprobre.
textdetox@01907546324b0330d2d8b7669648cc18823323e5/fr/002655	fr	1	C'est juste oublier que l'enculé est esclave de la bite puisqu'une fois qu'il en a pris l'habitude, il ne peut plus s'en passer !
textdetox@01907546324b0330d2d8b7669648cc18823323e5/fr/002656	fr	1	c'est un trou du cul qui veut pas froisser ses cons d'amis chômeurs ou intermitents alors il fait genre il est de gauche mais en fait il est dentiste et sa femme est notaire et leur petite dernière s'appelle Imogène.
textdetox@01907546324b0330d2d8b7669648cc18823323e5/fr/002657	fr	1	Sérieusement, on devrait mettre une balle dans la nuque à ceux qui envoient des SMS/regardent leurs mails sur l'autoroute.
textdetox@01907546324b0330d2d8b7669648cc18823323e5/fr/002658	fr	1	Si je leur reconnaissais pas une certaine choupinetterie, en plus de respecter et de comprendre l'affection que leur donnent mes camarades hominidés, je les tuerais tous, ces petits bâtards ~~irrespectueux~~ ingrats.
textdetox@01907546324b0330d2d8b7669648cc18823323e5/fr/002659	fr	1	Je vais chier de la fureur sur ta tronche et tu vas te noyer dedans.
textdetox@01907546324b0330d2d8b7669648cc18823323e5/fr/002660	fr	1	Ce député est sans doute un petit con de troll, mais le président de séance est une menteuse et un tartuffe.
textdetox@01907546324b0330d2d8b7669648cc18823323e5/fr/002661	fr	1	Ce sont des salauds d'islamo gauchiste fonctionnaire qui travaillent pour la SNCF et en profitent pour vendre de la drogue et agresser nos fils et nos compagnes.   
textdetox@01907546324b0330d2d8b7669648cc18823323e5/fr/002662	fr	1	La plupart des mods de reddit sont des frustrés avec des petites bites, qui deviennent des enculés parce qu'ils ont un poil de pouvoir sur un site web.
textdetox@01907546324b0330d2d8b7669648cc18823323e5/fr/002663	fr	1	Putain quel tarlouze tu fais, tes couilles sont remontés quand elle est tombé dans les pommes?
textdetox@01907546324b0330d2d8b7669648cc18823323e5/fr/002664	fr	1	La putasse parisienne se suffit très bien à elle-même, en compagnie de ses copines elles-aussi putasses.
textdetox@01907546324b0330d2d8b7669648cc18823323e5/fr/002665	fr	1	"Sauf que moi j'ai pas dit une connerie :) et celui qui chiale c'est toi parce que je refuse ""d'argumenter"" avec ta merde."
textdetox@01907546324b0330d2d8b7669648cc18823323e5/fr/002666	fr	1	TheBestOpinion est un gros connard arrogant  C'est toi qui le dit, arrogant surement.
textdetox@01907546324b0330d2d8b7669648cc18823323e5/fr/002667	fr	1	ça me casse les couilles, t'es soit clairement de mauvaise foi, soit un abruti.
textdetox@01907546324b0330d2d8b7669648cc18823323e5/fr/002668	fr	1	Le fait qu'elles viennent d'un pays de merde avec une culture de merde c'est un bonus.
textdetox@01907546324b0330d2d8b7669648cc18823323e5/fr/002669	fr	1	Je suis handicapé et on ne fait rien pour m’aider”      Quel connard.
textdetox@01907546324b0330d2d8b7669648cc18823323e5/fr/002670	fr	1	t'es littéralement un nazi mangeur de bébé qui veut détruire la planète, et t'es probablement psychopate, seul, moche et tu pues de la gueule.    
textdetox@01907546324b0330d2d8b7669648cc18823323e5/fr/002671	fr	1	Ton cul doit être jaloux de ta bouche vu toute la merde qui en sort.
textdetox@01907546324b0330d2d8b7669648cc18823323e5/fr/002672	fr	1	Sale branleur, amène tes fesses j'ai besoin d'esclaves à durée déterminée
textdetox@01907546324b0330d2d8b7669648cc18823323e5/fr/002673	fr	1	Vu comment tu passes ton temps à aller fouiner chez les autres comme le tocard sans vie que tu es.  Des comme toi on en butera par centaines à la libération.
textdetox@01907546324b0330d2d8b7669648cc18823323e5/fr/002674	fr	1	C'est de la merde Bordeaux, ville de coincés du cul, viens à Toulouse!
textdetox@01907546324b0330d2d8b7669648cc18823323e5/fr/002675	fr	1	Je vais te putain d'effacer avec une précision telle qu'elle n'a jamais été vue sur terre auparavant, note bien cela.
textdetox@01907546324b0330d2d8b7669648cc18823323e5/fr/002676	fr	1	Ce débat m'a aussi rappelé que putain le FN c'est vraiment de la grosse merde.
textdetox@01907546324b0330d2d8b7669648cc18823323e5/fr/002677	fr	1	EDIT parce que mon droit de réponse était bien trop poli dans le cadre de ce thread : va te faire foutre sale hipster edgy incapable de mater un film s'il est projeté dans une salle de plus de 50 places et qui paie son ticket avec l'argent de son salaire de caissier Macdo.
textdetox@01907546324b0330d2d8b7669648cc18823323e5/fr/002678	fr	1	Les juifs sont des lézards humanoïdes qui nous manipulent mentalement pour dominer le monde, tout le monde sait ça pourtant.  ( /s)
textdetox@01907546324b0330d2d8b7669648cc18823323e5/fr/002679	fr	1	Putain de gauchistes, vous êtes suffisamment stupides pour dynamiter la démocratie.
textdetox@01907546324b0330d2d8b7669648cc18823323e5/fr/002680	fr	1	fuck les autochtones, ça serait quand même un sacré emmerdement d'être sympa dans la vie de tous les jours hein.
textdetox@01907546324b0330d2d8b7669648cc18823323e5/fr/002681	fr	1	"Généralement, je mets un tag ""fils de pute"" à tous ceux qui disent grosso modo ""ouais moi je suis français et je confirme : les Parisiens sont tous des connards et adorent nous cracher dessus quand on demande un renseignement"".  "
textdetox@01907546324b0330d2d8b7669648cc18823323e5/fr/002682	fr	1	je le tiens le salopard, c'est l'AFP qui a merdé comme une grosse merde.  
textdetox@01907546324b0330d2d8b7669648cc18823323e5/fr/002683	fr	1	C'est beau de voir qu'il existe encore des connards comme toi aujourd'hui ... (et là c'est une insulte ;) )
textdetox@01907546324b0330d2d8b7669648cc18823323e5/fr/002684	fr	1	Il a l'air d'un con le type  mais il pisse à la raie de tout le monde et il file sur sa trottinette.
textdetox@01907546324b0330d2d8b7669648cc18823323e5/fr/002685	fr	1	Okay je vais rétablir le score : Je lui pisse à la raie à cette immondice.  
textdetox@01907546324b0330d2d8b7669648cc18823323e5/fr/002686	fr	1	Ce gros con veut juste faire croire que la Shoah c'est la faute des musulmans de Jérusalem.  
textdetox@01907546324b0330d2d8b7669648cc18823323e5/fr/002687	fr	1	pendant que tout les connard de reddit qui on fait de la merde avec leurs alliances
textdetox@01907546324b0330d2d8b7669648cc18823323e5/fr/002688	fr	1	Les poches de méthane je les réserve à ces ignorants de macronnistes, ces traitres de fillonistes, et leurs putains de cousins du FN !
textdetox@01907546324b0330d2d8b7669648cc18823323e5/fr/002689	fr	1	Y a un connard qui pue à côté de moi, j'ai envie de **LE** crever  Parce que sinon c'est chiant !
textdetox@01907546324b0330d2d8b7669648cc18823323e5/fr/002690	fr	1	En tant que sale bougnoule je penserai à bien me lubrifier l'anus a chaque fois que je sors de chez moi en cas de contrôle d'identité.
textdetox@01907546324b0330d2d8b7669648cc18823323e5/fr/002691	fr	1	Buzzfeed est une bande de petits merdeux à doxxer un simple shitposter.
textdetox@01907546324b0330d2d8b7669648cc18823323e5/fr/002692	fr	1	Moi je le trouve tellement ridicule que j'ai envie de lui foutre des baffes.
textdetox@01907546324b0330d2d8b7669648cc18823323e5/fr/002693	fr	1	"T'es qu'un gros connard, Porochenko, j'te dis merde, t'entends, je t'emmerde !"""
textdetox@01907546324b0330d2d8b7669648cc18823323e5/fr/002694	fr	1	La Suède cest un pays de fiottes gouverné par des féministes gauchiasses qui se fait envahir par les bronzés en même temps.   
textdetox@01907546324b0330d2d8b7669648cc18823323e5/fr/002695	fr	1	"""Ces fils de pute d'officines qui ourdissent la race à sa mère je vous dis !"
textdetox@01907546324b0330d2d8b7669648cc18823323e5/fr/002696	fr	1	A la fois mendiant, voleur et sale, le rom est un investissement sûr.
textdetox@01907546324b0330d2d8b7669648cc18823323e5/fr/002697	fr	1	Et vas-y que Madelin éjacule sur mon dos, et allez Robert Hue qui essuie le bout de sa queue encore chaude sur le seul emplacement de barbe encore sec de mon visage...
textdetox@01907546324b0330d2d8b7669648cc18823323e5/fr/002698	fr	1	Les grecs sont des blaireaux incompétents, GS des rapaces, jusqu'à preuve du contraire rien d'illégal.
textdetox@01907546324b0330d2d8b7669648cc18823323e5/fr/002699	fr	1	Par contre, l'avocat est un bel enculé qui abuse de gens en situation de faiblesse.
textdetox@01907546324b0330d2d8b7669648cc18823323e5/fr/002700	fr	1	Bravo, tu es bien l'abruti complètement débile de base qui compose le socle *Antifa*.
textdetox@01907546324b0330d2d8b7669648cc18823323e5/fr/002701	fr	1	et je confirme : les Parisiens sont tous des connards et adorent nous cracher dessus quand on demande un renseignement  
textdetox@01907546324b0330d2d8b7669648cc18823323e5/fr/002702	fr	1	"""J'ai pas de biais :  je pense juste que Mélenchon et toute son équipe sont de gros cons."
textdetox@01907546324b0330d2d8b7669648cc18823323e5/fr/002703	fr	1	Non seulement je suis entraîné de façon extensive au combat sans armes, mais j'ai en plus accès a un arsenal entier provenant du corps d'armée de la marine française et je vais l'utiliser en entier pour effacer ton cul misérable de la face de ce continent, espèce de petite merde.
textdetox@01907546324b0330d2d8b7669648cc18823323e5/fr/002704	fr	1	Meme si on sait tres bien que les fils de pute d'en face vont se comporter comme les ordures qu'ils sont (Cope qui defile avec les cathos integristes ...
textdetox@01907546324b0330d2d8b7669648cc18823323e5/fr/002705	fr	1	Je vais t'exterminer ta race avec une précision telle qui n'aura jamais été observée sur Terre, retiens bien ça.
textdetox@01907546324b0330d2d8b7669648cc18823323e5/fr/002706	fr	1	Celles où ces salauds d'Ukrainiens mouraient de faim comme ils le méritent.
textdetox@01907546324b0330d2d8b7669648cc18823323e5/fr/002707	fr	1	du empêcher ton cerveau de s'oxygéner pour dire des conneries pareilles
textdetox@01907546324b0330d2d8b7669648cc18823323e5/fr/002708	fr	1	"Les gens qui votent Fillon niquez bien vos mère, y'a rien à ajouter sur vos races, les ""gars de la Marine"" vous êtes juste des grosses victimes, des inadaptés sans envergures qui ont la bêtise de croire qu'en politique il existe des solutions faciles."
textdetox@01907546324b0330d2d8b7669648cc18823323e5/fr/002709	fr	1	d'être en négatif tellement j'ai été une merde sur ce coup   DOWNVOTEZ-MOI ENCORE  edit: rah quel est l'enfant de putain qui m'a upvoté
textdetox@01907546324b0330d2d8b7669648cc18823323e5/fr/002710	fr	1	T'es vraiment une ordure ou c'est naturel chez toi?  Enfin, mon taf de merde me permet de me payer un trip au Brésil pour sucer les gros chloubis des travelos cariocas, donc je vais pas me plaindre!
textdetox@01907546324b0330d2d8b7669648cc18823323e5/fr/002711	fr	1	Vidéo NSFL    C'est juste horrible putain, j'encule tout les bien pensants qui viendront essayer de minimiser ça.  
textdetox@01907546324b0330d2d8b7669648cc18823323e5/fr/002712	fr	1	Parlé comme un enculé qui a une vie tellement à chier qu'il en est venu à détester les chiens et les enfants.
textdetox@01907546324b0330d2d8b7669648cc18823323e5/fr/002713	fr	1	Je te ferais disparaitre de cette putain de planète avec une précision jamais-vue auparavant, souviens-toi de mes putains de paroles.
textdetox@01907546324b0330d2d8b7669648cc18823323e5/fr/002714	fr	1	Les routiers baisent tous des putes sur les autoroutes, les dentistes sont tous des escrocs, toutes les banlieues sont habitées que par des chomeurs criminels dealers.. etc etc
textdetox@01907546324b0330d2d8b7669648cc18823323e5/fr/002715	fr	1	Mère nature est une salope qui se soucie fort peu de ses enfants.  
textdetox@01907546324b0330d2d8b7669648cc18823323e5/fr/002716	fr	1	A 3000 balles t'es un salaud de ploutocrate qu'il faut saigner parce que parce que.
textdetox@01907546324b0330d2d8b7669648cc18823323e5/fr/002717	fr	1	ça le place où ?   ça n'en fait pas un connard particulièrement part dans le milieu politique américain  Ah bon ça va alors, c'est un fils de pute, mais comme c'est tous des fils de pute...
textdetox@01907546324b0330d2d8b7669648cc18823323e5/fr/002718	fr	1	le petit perroquet qui répète tout ce qu'on lui dit comme la pute du gouvernment néo-zioniste
textdetox@01907546324b0330d2d8b7669648cc18823323e5/fr/002719	fr	1	L'avis des mecs comme toi, je chie dessus et je te l'étale sur la gueule.
textdetox@01907546324b0330d2d8b7669648cc18823323e5/fr/002720	fr	1	Toi, scullion de Babylone, charretier de Macédoine, brasseur de bière de Jérusalem, fouetteur de chèvre d'Alexandrie, porcher de Haute et de Basse Égypte, truie d'Arménie, giton tartare, bourreau de Kamenetz, être infâme de Podolie, petit-fils du Diable lui-même, Toi, le plus grand imbécile malotru du monde et des enfers et devant notre Dieu, crétin, groin de porc, cul d'une jument, sabot de boucher, front pas baptisé !
textdetox@01907546324b0330d2d8b7669648cc18823323e5/fr/002721	fr	1	Le jour où un libéral comme ce mec créera de la valeur je me coupe la bite.
textdetox@01907546324b0330d2d8b7669648cc18823323e5/fr/002722	fr	1	De toute façon иди нахуй сука блять comme on dit sur le serveur europe ouest.
textdetox@01907546324b0330d2d8b7669648cc18823323e5/fr/002723	fr	1	J'ajouterai que si One Piece c'est de la merde, toi tu es de la merde aussi et tout est de la merde.
textdetox@01907546324b0330d2d8b7669648cc18823323e5/fr/002724	fr	1	Sort de ton trou, couteau entre les dents, fier comme un gorille, regarde ces enculés de fachos dans les yeux et arrache leurs jugulaires.
textdetox@01907546324b0330d2d8b7669648cc18823323e5/fr/002725	fr	1	ces connes de dindes françaises font la gueule depuis qu'on leur a appris ce qu'on faisait à Noël.. mieux vaut des dindes non éduquées.
textdetox@01907546324b0330d2d8b7669648cc18823323e5/fr/002726	fr	1	Connards de fonctionnaires de l'état civil (c'en est, pour le coup, coïncidence).
textdetox@01907546324b0330d2d8b7669648cc18823323e5/fr/002727	fr	1	Il n'y a pas assez de belle femme parce que la plupart sont des salopes.
textdetox@01907546324b0330d2d8b7669648cc18823323e5/fr/002728	fr	1	peau de couille, je sais faire des grep avec des regexp sur au moins 7 plate-formes et mon uptime est de 622 jours ouvrés, alors les conseils de petits branleurs dans ton genre je m'en balance, j'ai fait des traceroutes sur des sites de comptabilité qui étaient plus palpitants que ta life, alors stp noraj.
textdetox@01907546324b0330d2d8b7669648cc18823323e5/fr/002729	fr	1	Maintenant des enfants vont mourir à cause de ta conscience de bobo de merde.
textdetox@01907546324b0330d2d8b7669648cc18823323e5/fr/002730	fr	1	Ta fille suce comme un dyson, et je souhaiterais dorénavant lui démonter le derrière dans un cadre approuvé par le gouvernement et/ou l'église.
textdetox@01907546324b0330d2d8b7669648cc18823323e5/fr/002731	fr	1	Il aura mis du temps a crever cet enculé.  Avec le triomphe de Farage, de Trump et la mort de Castro, on aura eu une bonne année :)
textdetox@01907546324b0330d2d8b7669648cc18823323e5/fr/002732	fr	1	"Et ""nique les gays, les fonctionnaires, les chomeurs et les étrangers"""
textdetox@01907546324b0330d2d8b7669648cc18823323e5/fr/002733	fr	1	C'est pas moins con que toi qui chie sur tous les religions comme un ado rebelle de 15 ans.
textdetox@01907546324b0330d2d8b7669648cc18823323e5/fr/002734	fr	1	Mais... Tu vas parler rançais de gré ou de force, pourriture d'intelligence artificielle à la solde des médias de masse, t'arrives pas à la cheville d'Alain Soral et pis t'façons je t'enc[rage enflammée]
textdetox@01907546324b0330d2d8b7669648cc18823323e5/fr/002735	fr	1	On a qu'à dire que les mecs qui trompent leurs copines sont des putains, et les filles sont des putines, raccourcissable en putes.
textdetox@01907546324b0330d2d8b7669648cc18823323e5/fr/002736	fr	1	Je pisse sur notre branleur de ministre du redressement productif qui ne saurait même pas redresser sa bite pour en faire quelque chose de productif.
textdetox@01907546324b0330d2d8b7669648cc18823323e5/fr/002737	fr	1	Les saoudiens sont des crevures abjectes, qui mériteraient d'être tapissés de bombes incendiaires.  La seule raison pour laquelle leur territoire a pas été transformé en champ de ruines, c'est leur pétrodollars, et la peur (légitime) que les fanatiques religieux qu'ils nourrissent ne soient libérés.
textdetox@01907546324b0330d2d8b7669648cc18823323e5/fr/002738	fr	1	Non, ce genre de remarque perfide, ça s'appelle juste être un fils de pute.
textdetox@01907546324b0330d2d8b7669648cc18823323e5/fr/002739	fr	1	T'as le tube digestif monté à l'envers, la merde va directement dans ton cerveau pour dire des conneries pareilles?  
textdetox@01907546324b0330d2d8b7669648cc18823323e5/fr/002740	fr	1	Ouais quel gros connard, son selfie a clairement fait chié la planète entière.
textdetox@01907546324b0330d2d8b7669648cc18823323e5/fr/002741	fr	1	Elle balances des horreurs alors oui ya plutot interet a sourcer...  Elle est pute, elle sait de quoi elle parle quand elle parle des putes.
textdetox@01907546324b0330d2d8b7669648cc18823323e5/fr/002742	fr	1	Faut dire que toutes les meufs sur reddit c'est des grosses salopes
textdetox@01907546324b0330d2d8b7669648cc18823323e5/fr/002743	fr	1	OP est un sale nazi qui se masturbe devant les posters d'Hitler en regrettant les zeureslesplussombres, tout en tuant des oursons et violant des féministes.
textdetox@01907546324b0330d2d8b7669648cc18823323e5/fr/002744	fr	1	S'ils me font chier je leur dirai de bien aller manger leurs mère à ces fils de putes vierges.
textdetox@01907546324b0330d2d8b7669648cc18823323e5/fr/002745	fr	1	Putain d'enculé de chinois qui sait pas faire la différence entre un FAP et un joint de culasse !
textdetox@01907546324b0330d2d8b7669648cc18823323e5/fr/002746	fr	1	Allez vous faire enculer si c'est pour justifier vos vies de merde par des idéaux racistes.
textdetox@01907546324b0330d2d8b7669648cc18823323e5/fr/002747	fr	1	Si ces 50 personnes sont assez connes pour le prendre comme une agression qu'elles aillent crever.
textdetox@01907546324b0330d2d8b7669648cc18823323e5/fr/002748	fr	1	Tu vas te faire carotter toute ta thune donc écoutes pas les gauchiasses sentimentales ici qui ont enterré leurs  couilles ya longtemps sous l'égide féministe.   
textdetox@01907546324b0330d2d8b7669648cc18823323e5/fr/002749	fr	1	Ok donc des beaux gros fils de putes qui préfèrent avoir une belle voiture mais faire vivre leurs gamins dans des bidonvilles...
textdetox@01907546324b0330d2d8b7669648cc18823323e5/fr/002750	fr	1	C'est vraiment des putains de lâches les gens putain  Mais omg, c'est le gars qui a voté FN qui va défendre les roumains contre une connasse qui va les insulter gratuitement.   
textdetox@01907546324b0330d2d8b7669648cc18823323e5/fr/002751	fr	1	Un FDP comme on en voit rarement, putain ce site me saoule tellement dès que la France est mentionnée de près ou de loin.
textdetox@01907546324b0330d2d8b7669648cc18823323e5/fr/002752	fr	1	Je persiste et signe: les électeurs républicains sont des débiles qui ont élu leur roi des cons.   
textdetox@01907546324b0330d2d8b7669648cc18823323e5/fr/002753	fr	1	Mortecouille, je suis plus qu'aguerri à couper les jarrets des marauds comme toi, et j'ai de surcroît tous les canons du royaume de France à ma disposition, et j'en ferai bon usage pour pulvériser ta carcasse de renégat et en débarrasser la couronne de France, nom d'un chien.
textdetox@01907546324b0330d2d8b7669648cc18823323e5/fr/002754	fr	1	Si vous faites partie de ceux qui ont klaxonné et hurlé dans la rue toute la nuit : allez bien niquer vos mères.
textdetox@01907546324b0330d2d8b7669648cc18823323e5/fr/002755	fr	1	Franchement j'ai hâte que les putains de racailles déferlent sur vos gueules de bourgeois pour que vous vous mettiez à chialer quand ils vont cramer votre salon Ikea !
textdetox@01907546324b0330d2d8b7669648cc18823323e5/fr/002756	fr	1	Maintenant tu peux te foutre ta pancarte je suis un mouton dans ton cul en voyant ce que vous avez gagné dans cette histoire.
textdetox@01907546324b0330d2d8b7669648cc18823323e5/fr/002757	fr	1	Le prendre en flagrant délit et lui défoncer sa gueule de flic de merde.
textdetox@01907546324b0330d2d8b7669648cc18823323e5/fr/002758	fr	1	La frange de connards, mous du bulbe fonde l'échec prétendu de toute une population.
textdetox@01907546324b0330d2d8b7669648cc18823323e5/fr/002759	fr	1	C'est toi le mauvais gout, je disais pas du tout ca comme, t'es une grosse merde de me preter ces propos
textdetox@01907546324b0330d2d8b7669648cc18823323e5/fr/002760	fr	1	Ton cul doit être jaloux de ta bouche vu toute la merde qui en sort.  
textdetox@01907546324b0330d2d8b7669648cc18823323e5/fr/002761	fr	1	Je sais.  [#JoinTheHerdAndYouWillSee](  Alors non je veux pas faire partie de ton gangbang quasi-zoophile de cosplayeurs merdique et je ne cliquerais toujours pas.  T'aura tout le temps te de passer de l'acide sulfurique sur les rétines en prison  Ça va je pense que j'aurais besoin de /r/eyebleach que si je vois ta face de geek obèse bouteneux qui pense qu'une queue de cheval bien grasse c'est sexy.
textdetox@01907546324b0330d2d8b7669648cc18823323e5/fr/002762	fr	1	Qu'est ce que tu viens de putain de dire à propos de moi, petite salope?
textdetox@01907546324b0330d2d8b7669648cc18823323e5/fr/002763	fr	1	au moins si je lui demande l'autorisation de baiser ta mère, il sera forcement d'accord
textdetox@01907546324b0330d2d8b7669648cc18823323e5/fr/002764	fr	1	Je pense que c'est un bon début, mais qu'on fera enfin de vrais progrès quand on caillassera aussi les femmes enceintes, les vieux, les handicapés, et tant qu'on y est ce fils de pute frontiste d'abbé Pierre même s'il est mort.
textdetox@01907546324b0330d2d8b7669648cc18823323e5/fr/002765	fr	1	"Putain mais espèce de fils de pute, tu regardes tellement toutes ces émissions de merde que la première chose qui te vient à l'esprit quand tu entends un nom qui a traversé les âges et marqué notre monde comme le mien, c'est un taré cocaïnomane qui présente des émissions télé de merde que les connards dans ton genre prétendent regarder au second degré ""parce que c'est marrant"" alors que tout le monde sait que c'est le seul genre de programme que vous comprenez ?"
textdetox@01907546324b0330d2d8b7669648cc18823323e5/fr/002766	fr	1	Je ne suis pas content de la disposition des open-spaces au boulot, je peux venir foutre le feu à ton logement et violer ton chien ?  
textdetox@01907546324b0330d2d8b7669648cc18823323e5/fr/002767	fr	1	Les connards de zadistes et djihadistes verts cassez vous, votre présence est inutile.
textdetox@01907546324b0330d2d8b7669648cc18823323e5/fr/002768	fr	1	"Je viens de googler Black M et Sexion d'asaut (que je ne connaissait pas) et vu leurs propos sur les gays    je crois qu’il est grand temps que les pédés périssent/Coupe-leur le pénis, laisse-les morts, retrouvés sur le périphérique  on devrait egalement les ranger dans la ""fachosphere""."
textdetox@01907546324b0330d2d8b7669648cc18823323e5/fr/002769	fr	1	Mais putain de bordel de merde sa mère la chienne de sa race qui suce des bites de gorilles,
textdetox@01907546324b0330d2d8b7669648cc18823323e5/fr/002770	fr	1	Je suis également pour l'avortement des immigrées africaines et des pauvres, moches et cons.
textdetox@01907546324b0330d2d8b7669648cc18823323e5/fr/002771	fr	1	Ça doit vraiment être un gros mange-merde pour pacifier avec de pareils ordures sans aucun état d'âme.  
textdetox@01907546324b0330d2d8b7669648cc18823323e5/fr/002772	fr	1	tout ce que tu veux, mais on déconne pas avec ce genre de connards.
textdetox@01907546324b0330d2d8b7669648cc18823323e5/fr/002773	fr	1	 sont des gros porcs  tous chier leur sal chiens  envi de leur etaler sur le visage  des putains de parasites ces gens la  etre un gogol pour avoir un chien en ville  **j'serais sarkozy**  Vous upvotez ça sérieusement ?
textdetox@01907546324b0330d2d8b7669648cc18823323e5/fr/002774	fr	1	Essaye encore de projeter des opinions de merde, tu vas peut-être y arriver un jour !  paye ton indicateur d'intellect merdique  haha oh wow  Je persiste.
textdetox@01907546324b0330d2d8b7669648cc18823323e5/fr/002775	fr	1	Je veux bien discriminer les noirs et les arabes mais pas les pds.
textdetox@01907546324b0330d2d8b7669648cc18823323e5/fr/002776	fr	1	"""Les féministes c'est des connes"" et ""les parisiens c'est des enculés""."
textdetox@01907546324b0330d2d8b7669648cc18823323e5/fr/002777	fr	1	Mais ils sont cons ces africains a marcher des kilomètres pour chopper un peu de flotte.
textdetox@01907546324b0330d2d8b7669648cc18823323e5/fr/002778	fr	1	Putain de film de beauf de merde, y a que les vieux croutons qui votent à droite pour aimer ce film.
textdetox@01907546324b0330d2d8b7669648cc18823323e5/fr/002779	fr	1	Tin, si j'pouvais vous tarter la gueule bien sec pour vous faire reprendre vos esprits et que vous lâchiez vos petites habitudes de consommateurs de merde.
textdetox@01907546324b0330d2d8b7669648cc18823323e5/fr/002780	fr	1	Oui je suis d'accord Orban a l'air d'être un bon gros connard (bon cela dit, toujours pour filer la comparaison avec Israël, Bibi aussi est un sacré connard).
textdetox@01907546324b0330d2d8b7669648cc18823323e5/fr/002781	fr	1	Mais ces connasses/connards de ~~féminazi~~ féministes intégristes sont complètement déconnecté(e)s du réel.
textdetox@01907546324b0330d2d8b7669648cc18823323e5/fr/002782	fr	1	Tous de vous êtes gras, attardé, non-vies qui dépensent toute seconde de leur journée regardant à stupides cul images.
textdetox@01907546324b0330d2d8b7669648cc18823323e5/fr/002783	fr	1	Bourdin c'est le pire des connards: il cumule toutes casquettes: démago, approximatif, manipulateur, voix pourrie, idées pourries, gueule pourrie...
textdetox@01907546324b0330d2d8b7669648cc18823323e5/fr/002784	fr	1	Enfin, j'imagine qu'avec ta mentalité de con, t'as forcément du faire chier quelqu'un, mais dans le contexte de mon message la sur le coup, pas directement.  En fait en posant cette question, tu montre bien que tu comprends rien de ce qu'on essaie de te faire comprendre.  Tu commences à être ridicule.  
textdetox@01907546324b0330d2d8b7669648cc18823323e5/fr/002785	fr	1	Si ça ne tenait qu'à moi, je mettrai la guillotine direct à tous ceux qui font grève et/ou font arriver leur métro/RER en retard ...  Et peine de mort aussi pour ces putains de mecs qui se suicident sur ma ligne !
textdetox@01907546324b0330d2d8b7669648cc18823323e5/fr/002786	fr	1	Porte tes couilles et va poser ton étron dans les toilettes de droite.
textdetox@01907546324b0330d2d8b7669648cc18823323e5/fr/002787	fr	1	t'es vraiment, vraiment con, toi de parler comme ca...    ...c'etait bien clair que la France ne gagnerais pas- Elle soucait la grosse bite d'un cheval cette annee.   
textdetox@01907546324b0330d2d8b7669648cc18823323e5/fr/002788	fr	1	"Trois petits tours dans ta chatte et puis s'en vont dans ton cul  Edit 2 :   *"""
textdetox@01907546324b0330d2d8b7669648cc18823323e5/fr/002789	fr	1	Les gens qui postent des gifs d'hitler en ce qui me concerne je pense que ce sont des gros fachos de merde à qui je foutrais bien des mandales.
textdetox@01907546324b0330d2d8b7669648cc18823323e5/fr/002790	fr	1	On parle ici que de ces abrutis de révolutionnaires de merde, qui croient encore en leur putain de « GRAND SOIR » comme les putains de bigots croient en leur putain de divinité !
textdetox@01907546324b0330d2d8b7669648cc18823323e5/fr/002791	fr	1	il m'est impossible de bander sur du porn U.S avec ses petites putes complètement épilées qui doivent écouter Major Lazer en attendant le prochain iPhone.   
textdetox@01907546324b0330d2d8b7669648cc18823323e5/fr/002792	fr	1	Vous êtes pauvres moches et cons par choix, maintenant vos gueules et au turbin, ou à la rue en fait on s'en fout, juste arrêtez de nous pomper.
textdetox@01907546324b0330d2d8b7669648cc18823323e5/fr/002793	fr	1	Ça veux dire que vous êtes pas prêts de plus m'entendre ouvrir ma grande gueule de dégénéré gauchiasse staliniste avant un bon moment.
textdetox@01907546324b0330d2d8b7669648cc18823323e5/fr/002794	fr	1	Comme par exemple, être un gros branleur d'assisté profitant du système, on a bien compris que c'est ton idéal.
textdetox@01907546324b0330d2d8b7669648cc18823323e5/fr/002795	fr	1	Je suis non binaire donc si vous me downvotez c'est que vous êtes des sales blancs hétéros cis genre qui méritent la mort, arrêtez de me me persécuter !
textdetox@01907546324b0330d2d8b7669648cc18823323e5/fr/002796	fr	1	Qu'est ce que tu viens de putain de dire à propos de moi, petite salope?
textdetox@01907546324b0330d2d8b7669648cc18823323e5/fr/002797	fr	1	Vu sa gueule d'utopiste à cette connasse elle a dû voter Hamon, c'est de sa faute à cette petite pute si Mélenchon il est pas passé.
textdetox@01907546324b0330d2d8b7669648cc18823323e5/fr/002798	fr	1	D'un cote je te comprend: lire cette conne pleurer durant des dizaines de ligne donne des envies de donner des baffes.
textdetox@01907546324b0330d2d8b7669648cc18823323e5/fr/002799	fr	1	Une insulte typique d'un musulmophile près à sacrifier les valeurs de la république à la masse délinquante, le cancer de notre nation qui suce jusqu'à l'exténuer la mamelle du trop généreux assistanat!
textdetox@01907546324b0330d2d8b7669648cc18823323e5/fr/002800	fr	1	C'est toi le connard qui ne stop pas à la priorité à droite parce qu'il a pas de panneau ?
textdetox@01907546324b0330d2d8b7669648cc18823323e5/fr/002801	fr	1	Les immigrés, ces rats, soit ils nous volent en suçant les allocs des FRANÇAIS sans rien foutre, soit ils nous volent not'travail.
textdetox@01907546324b0330d2d8b7669648cc18823323e5/fr/002802	fr	1	Si la connasse est considérée comme une diplomate, ses gorilles ne sont probablement pas considérés comme du personal de sécurité privé.  L'enculette, jusqu'au bout avec ces gens là.  
textdetox@01907546324b0330d2d8b7669648cc18823323e5/fr/002803	fr	1	J'sais pas si vous avez remarqué, mais c'est toujours les mêmes gauchiasses socialopes qu'on voit dans les merdias nous dire qu'on est chez les bisounours.
textdetox@01907546324b0330d2d8b7669648cc18823323e5/fr/002804	fr	1	Et allez crever sales putes pour critiquer les fonctionnaires tout en rechignant à payer des impôts.
textdetox@01907546324b0330d2d8b7669648cc18823323e5/fr/002805	fr	1	les noirs sont les vrais racistes, les femmes étouffent les hommes
textdetox@01907546324b0330d2d8b7669648cc18823323e5/fr/002806	fr	1	Je te conchie et j'espère que tu mourra sans jamais connaitre le bonheur.
textdetox@01907546324b0330d2d8b7669648cc18823323e5/fr/002807	fr	1	Je vais te putain d'effacer avec une précision telle qu'elle n'a jamais été vue sur terre auparavant, note bien cela.
textdetox@01907546324b0330d2d8b7669648cc18823323e5/fr/002808	fr	1	Ton joli minois me donne envie de te bouffer le fion   De repenser à toi me donne la fièvre   Je veux glisser ma bite entre toutes tes lèvres  
textdetox@01907546324b0330d2d8b7669648cc18823323e5/fr/002809	fr	1	Avoir le choix entre Trump, connard populiste ouvertement raciste et démago;
textdetox@01907546324b0330d2d8b7669648cc18823323e5/fr/002810	fr	1	Tu es d'humeur bien négative aujourd'hui      va te faire enculer  
textdetox@01907546324b0330d2d8b7669648cc18823323e5/fr/002811	fr	1	Je vais finir par croire que t'es complètement con, mais vraiment complètement !  EDIT:
textdetox@01907546324b0330d2d8b7669648cc18823323e5/fr/002812	fr	1	Tout ça avec le soutien de ces salopes de gauchistes des beaux quartiers ?  Mais juste allez vous faire foutre.
textdetox@01907546324b0330d2d8b7669648cc18823323e5/fr/002813	fr	1	Fait un procès à tes parents au lieu de disrepecter le plat de base de la populace connard.
textdetox@01907546324b0330d2d8b7669648cc18823323e5/fr/002814	fr	1	medfan   Alors ma première action sera de tous vous brûler vifs pour avoir mon putain de scénario post-apocalyptique.
textdetox@01907546324b0330d2d8b7669648cc18823323e5/fr/002815	fr	1	A quelqu'un qui défend la prostitution comme un métier, j'ai toujours envie de répondre : pour combien tu me suces la bite ?  
textdetox@01907546324b0330d2d8b7669648cc18823323e5/fr/002816	fr	1	Je suis ravie qu'il soit mort  Des pauvres connes et cons dans ton genre je dois les supporter 5 jours par semaine au boulot sans trop pouvoir ouvrir ma gueule parce que voilà, c'est la vie.
textdetox@01907546324b0330d2d8b7669648cc18823323e5/fr/002817	fr	1	Ta culture on te la mets dans le cul, respecte l'institution, ta philosophie humaniste on se branlera dessus quand on sera bourré.   
textdetox@01907546324b0330d2d8b7669648cc18823323e5/fr/002818	fr	1	Qu'est ce que tu viens de putain de dire à propos de moi, petite salope?
textdetox@01907546324b0330d2d8b7669648cc18823323e5/fr/002819	fr	1	on comprend que ta vie sexuelle est tellement merdique que tu te fais des films sur des daronnes de redditeurs.
textdetox@01907546324b0330d2d8b7669648cc18823323e5/fr/002820	fr	1	Je te conchie et j'espère que tu mourra sans jamais connaitre le bonheur.
textdetox@01907546324b0330d2d8b7669648cc18823323e5/fr/002821	fr	1	Eddy-la-tarlouze qu'on l'appelle, haha rien que d'y penser j'en rigole tiens, qu'est-ce qu'il peut être con celui là.
textdetox@01907546324b0330d2d8b7669648cc18823323e5/fr/002822	fr	1	J'ai voté Juppé parce que tant qu'à se faire enculer autant que ce soit plus en douceur.
textdetox@01907546324b0330d2d8b7669648cc18823323e5/fr/002823	fr	1	- RU : Bon, je vais devoir te péter la gueule avec tous mes copains et ENSUITE te piquer ton jouet.
textdetox@01907546324b0330d2d8b7669648cc18823323e5/fr/002824	fr	1	Ou t'es juste trop con (identitaire, action française j'imagine ?
textdetox@01907546324b0330d2d8b7669648cc18823323e5/fr/002825	fr	1	C'est parce que t'as une tête de connard du marais qui chante dans un groupe de pop folk
textdetox@01907546324b0330d2d8b7669648cc18823323e5/fr/002826	fr	1	J'espère que les participants seront chassés du pays, de préférence avec une fourche dans le cul.
textdetox@01907546324b0330d2d8b7669648cc18823323e5/fr/002827	fr	1	Va te branler  On dirait qu'elle t'excite, cette petite nationaliste pure et dure.
textdetox@01907546324b0330d2d8b7669648cc18823323e5/fr/002828	fr	1	Mais ce gros con raciste n'est à mes yeux pas plus con que celui d'en face.    /france ne doit pas être une chambre d'écho du politiquement correct qui ravage notre société.
textdetox@01907546324b0330d2d8b7669648cc18823323e5/fr/002829	fr	1	Non seulement je suis une formation poussée en français , mais j'ai accès à tout l'arsenal de l'Académie française de France et je vais l'utiliser à sa pleine mesure à essuyer ton cul misérable de la surface du continent , petite merde .
textdetox@01907546324b0330d2d8b7669648cc18823323e5/fr/002830	fr	1	"Si seulement tu avais su quelle vengeance impie ton petit commentaire ""intelligent"" s'apprêtait à faire descendre sur ta tronche, peut être que tu aurais fermé ta putain de gueule."
textdetox@01907546324b0330d2d8b7669648cc18823323e5/fr/002831	fr	1	Putain, ces connards de rédacteurs de la Déclaration des Droits de l'Homme et du Citoyen
textdetox@01907546324b0330d2d8b7669648cc18823323e5/fr/002832	fr	1	que les 3/4 des fils de putes que je croise tous les jours sur la route
textdetox@01907546324b0330d2d8b7669648cc18823323e5/fr/002833	fr	1	Les cartomanciennes c'est des connasses, faut pas leur filer de blé.
textdetox@01907546324b0330d2d8b7669648cc18823323e5/fr/002834	fr	1	Je vais te démonter ta mère avec une précision jamais vue auparavant, et je pèse mes mots.
textdetox@01907546324b0330d2d8b7669648cc18823323e5/fr/002835	fr	1	Mon pauvre, tu n'as plus de logique, reste butthurt, soulage ton anus.
textdetox@01907546324b0330d2d8b7669648cc18823323e5/fr/002836	fr	1	Donne moi le nom de la misérable enflure assez mesquine pour chipoter sur de telles conneries, j'y casse sa gueule direct !
textdetox@01907546324b0330d2d8b7669648cc18823323e5/fr/002837	fr	1	Et c'est cet interventionnisme qui a foutu le bordel dans les 3/4 du globe et qu'on se tape maintenant en occident une religion de merde qui fout le bordel partout où elle passe.
textdetox@01907546324b0330d2d8b7669648cc18823323e5/fr/002838	fr	1	Fils de pute d'ancien nazi de bourreau d'enfants, ton père il t'a fini à la pisse après il t'a bercé contre un mur !
textdetox@01907546324b0330d2d8b7669648cc18823323e5/fr/002839	fr	1	Je vote pas car je suis expatrié et je vous souhaite a tous de crever la bouche ouverte pendant que je bronze mon cul toute l'année.
textdetox@01907546324b0330d2d8b7669648cc18823323e5/fr/002840	fr	1	"Quand y'a ""Edifiant!"" dans le titre, c'est garanti d'être de la grosse merde partagée sur facebook par ta tante raciste."
textdetox@01907546324b0330d2d8b7669648cc18823323e5/fr/002841	fr	1	si tu veux monter ta boîte ou même te lancer en auto-entrepreneur t'es juste un putain de connard fasciste voire nazi, t'as pas honte ?
textdetox@01907546324b0330d2d8b7669648cc18823323e5/fr/002842	fr	1	Hanouna est un con tout le monde le sait, pas besoin de lever les bras au ciel à chacune de ses sorties
textdetox@01907546324b0330d2d8b7669648cc18823323e5/fr/002843	fr	1	C'est quand même plus la faute de ces fils de putes si on en est là que là que le la faute du FN qui aurait dû rester dans l'ombre de crasse depuis toujours.
textdetox@01907546324b0330d2d8b7669648cc18823323e5/fr/002844	fr	1	exact, loi stupide pour faire plaisir aux mal-baisées du P.S. ( faut bien quand même qu'elles aient un peu de plaisir ), nos putes, elles, ont simplement émigré dans les pays limitrophes,...
textdetox@01907546324b0330d2d8b7669648cc18823323e5/fr/002845	fr	1	Ces salauds d'étrangers qui viennent jusqu'à voler nos habits alors que tant de Français n'en ont pas...
textdetox@01907546324b0330d2d8b7669648cc18823323e5/fr/002846	fr	1	oui tu est un gros connard génocidaire, je te maudit sur 3 générations,
textdetox@01907546324b0330d2d8b7669648cc18823323e5/fr/002847	fr	1	Enfait nan, si tu fais attention, tout le post est adressé à vous, consommateurs aux cerveaux amorphes emplis de merde capitaliste.
textdetox@01907546324b0330d2d8b7669648cc18823323e5/fr/002848	fr	1	Les barbus de merde des années 2010.  (Et en plus celui-ci est aussi barbu des bras.
textdetox@01907546324b0330d2d8b7669648cc18823323e5/fr/002849	fr	1	mais envoyer sa gueule de connard islamophobe sur le terrain serait une bonne idée tiens
textdetox@01907546324b0330d2d8b7669648cc18823323e5/fr/002850	fr	1	T'es qu'un pompon pour moi, je vais t'écraser la face avec mon fer à repasser, je noue les cravates avec une précision jamais vue sur cette putain de planète, crois moi.
textdetox@01907546324b0330d2d8b7669648cc18823323e5/fr/002851	fr	1	Pareil pour les petits roms de merde qui ont déjà essayé de me prendre mes sous au distributeur.
textdetox@01907546324b0330d2d8b7669648cc18823323e5/fr/002852	fr	1	Ce fils de pute ose dire que le RSA part dans l'alcool et la prostitution, et derrière il cale 8000€/mois à sa morue pour qu'elle s'achète ~~des belles chaussures~~ le dernier Battlefield.
textdetox@01907546324b0330d2d8b7669648cc18823323e5/fr/002853	fr	1	pour oublier que je vis dans une ville de merde rempli de vieux-cons d'immigré et d'Hipster.
textdetox@01907546324b0330d2d8b7669648cc18823323e5/fr/002854	fr	1	prépare ton anus, vermine, l'éclair qui va détruire cette chose insignifiante que tu appelles ton existence.
textdetox@01907546324b0330d2d8b7669648cc18823323e5/fr/002855	fr	1	un merdeux encarté au PS  Ca s'appelle une socialope si j'ai bien compris :)
textdetox@01907546324b0330d2d8b7669648cc18823323e5/fr/002856	fr	1	Ca s'voit que c'est un sac à merde ce type... J'y collerai bien des baffes...   ...
textdetox@01907546324b0330d2d8b7669648cc18823323e5/fr/002857	fr	1	Non seulement je suis extrêmement entraîné dans le combat à mains nues, mais j'ai accès à tout l'armement de l'Armée de l'Eau et je vais l'utiliser à son maximum pour faire disparaître ta misérable tronche du continent entier, petite merde.
textdetox@01907546324b0330d2d8b7669648cc18823323e5/fr/002858	fr	1	Faisons chier les musulmans pour tout et n'importe quoi, mais acceptons tout pour les cathos parce que c'est notre connerie à nous.
textdetox@01907546324b0330d2d8b7669648cc18823323e5/fr/002859	fr	1	Pour moi, elle dégage un air de connasse cynique, même si je ne la considère pas du tout comme telle.
textdetox@01907546324b0330d2d8b7669648cc18823323e5/fr/002860	fr	1	Il faut vraiment être un gros connard pour sortir des trucs comme ça.
textdetox@01907546324b0330d2d8b7669648cc18823323e5/fr/002861	fr	1	branlette c'est quand tu peux branler un bourgeois avec tes mains sales de prolo sans te les laver avant.
textdetox@01907546324b0330d2d8b7669648cc18823323e5/fr/002862	fr	1	Exemple :  *C'est quand même une sacré traînée ta gonzesse, elle a voulu aller se faire tringler par des arabes, mais son instinct de connasse féminazi l'a fait changer d'avis à la dernière minute, une fois à poil sur le canapé.
textdetox@01907546324b0330d2d8b7669648cc18823323e5/fr/002863	fr	1	Mais c'est bien sur, elle lui a donné son numéro et ensuite elle passe pour une victime cette salope.
textdetox@01907546324b0330d2d8b7669648cc18823323e5/fr/002864	fr	1	"je vous emmerde , la guerre je vais la faire avec obama mais dans ma planque en pétant le champagne comme deux connard tapette gay""      """
textdetox@01907546324b0330d2d8b7669648cc18823323e5/fr/002865	fr	1	Ma collègue est une homophobe de merde et le cpe du lycée un raciste.
textdetox@01907546324b0330d2d8b7669648cc18823323e5/fr/002866	fr	1	Putain file ton adresse que je te retapisse la gueule avec des clics droits
textdetox@01907546324b0330d2d8b7669648cc18823323e5/fr/002867	fr	1	"Au début j'me suis dit ""ne nous emballons pas, c'est certes un connard fini mais c'est peut être pute à clique""   Puis finalement je n'ai plus qu'une chose à dire, ou plutôt à crier : GUILLOTINE !"
textdetox@01907546324b0330d2d8b7669648cc18823323e5/fr/002868	fr	1	T'arrose ces salopes d'un filet d'huile d'olive, et bim, t'enfournes!!
textdetox@01907546324b0330d2d8b7669648cc18823323e5/fr/002869	fr	1	Tu laisses des gens se noyer parce qu'ils sont pas de la bonne nationalité, t'es pas d'extrême droit c'est vrai, t'es juste un enculé.  Edit : r/france en août, ça pique un peu.
textdetox@01907546324b0330d2d8b7669648cc18823323e5/fr/002870	fr	1	Mais tu ne l'a pas fait, non tu ne l'a pas fait, et maintenant tu en paye le prix, putain d'abruti.
textdetox@01907546324b0330d2d8b7669648cc18823323e5/fr/002871	fr	1	J'avoue quel pays de merde avec son peuple de merde et sa mentalité de merde.
textdetox@01907546324b0330d2d8b7669648cc18823323e5/fr/002872	fr	1	Tout ces gros cons que le système français à financé, nourris et protéger (ceux de l'article) et qui maintenant disent à tout crin que le pays c'est de la merde.
textdetox@01907546324b0330d2d8b7669648cc18823323e5/fr/002873	fr	1	Je sais être raisonnable mais quand ton job sera menacé à cause de ces enculés de la CGT et de leur grêve à la con.. tu penseras différement.
textdetox@01907546324b0330d2d8b7669648cc18823323e5/fr/002874	fr	1	J'vais juste te faire chier cordialement jusqu'au point où tu feras des putains d'efforts plutôt que de faire chier tout le monde.
textdetox@01907546324b0330d2d8b7669648cc18823323e5/fr/002875	fr	1	L'autre connard a rien branlé au parlement européen, et après il parle de monacat.
textdetox@01907546324b0330d2d8b7669648cc18823323e5/fr/002876	fr	1	Non surtout pas, devenir comme cette sale race de modérateur, impossible.
textdetox@01907546324b0330d2d8b7669648cc18823323e5/fr/002877	fr	1	À Toulouse, c'est plein de cons de parisiens.  À Bordeaux, c'est seulement à moitié plein de cons de parisiens pour le moment.
textdetox@01907546324b0330d2d8b7669648cc18823323e5/fr/002878	fr	1	Franchement je m'en bat les couilles de ce sombre con, on peut passer à autre chose ?
textdetox@01907546324b0330d2d8b7669648cc18823323e5/fr/002879	fr	1	"Les ados ""fils-de"", c'est pas étonnant, la plupart sont des sales petits cons mal élevés."
textdetox@01907546324b0330d2d8b7669648cc18823323e5/fr/002880	fr	1	Sauf que voilà, cette pute on va pas l'interviewer pour montrer à quel point cette loi est bonne ou mauvaise.
textdetox@01907546324b0330d2d8b7669648cc18823323e5/fr/002881	fr	1	"et considère les racistes de merde LR ""meilleurs"" que les racistes de merde du FN."
textdetox@01907546324b0330d2d8b7669648cc18823323e5/fr/002882	fr	1	Toi t'es le genre de mec qui compte la branlette si on te demande si t'as baisé récemment...
textdetox@01907546324b0330d2d8b7669648cc18823323e5/fr/002883	fr	1	MDR    Mon gars fuck l'islam comme toute les religions, c'est un poison insidieux qui s'infiltre partout où il peut.
textdetox@01907546324b0330d2d8b7669648cc18823323e5/fr/002884	fr	1	Désolé, mais j'baise ta maman tellement fort et tant de fois par jour que y a des choses qui me passent à côté.
textdetox@01907546324b0330d2d8b7669648cc18823323e5/fr/002885	fr	1	Cadre agnostique/déiste pour ma part : la religion c'est de la merde et les religions abrahamiques sont de la merde à tendance dangereuse.
textdetox@01907546324b0330d2d8b7669648cc18823323e5/fr/002886	fr	1	les doutes, les suspicions, les petits sourires entendus...  Rien que pour ça j'ai envie de les baiser tous (et toutes) et n'en retoucherait pas une.  Fuck'em all !
textdetox@01907546324b0330d2d8b7669648cc18823323e5/fr/002887	fr	1	Les ricains, ces descendants de putes,de bagnards et débiles mentaux,tout comme les australiens sont des dégénérés paranoiaques,incultes, obèses,superficiels et hyperagressifs .Quant aux rosbifs ils passent leur temps à nous cracher dessus mais se précipitent en vacance chez nous pour y faire cuire sous le soleil ,les bourrelets de leurs mégères boursouflée comme du popcorn,voire même s'y installent .Peut-être se rappellent-ils que c'est Guillaume le Conquérant qui a fait de leur langue et de leur pays ce qu'il est.
textdetox@01907546324b0330d2d8b7669648cc18823323e5/fr/002888	fr	1	oui...me faire enculer par des vieux pervers qui se défoulent sur moi parce que bobonne leur laisse pas faire à la maison j'adorerai tellement ça !
textdetox@01907546324b0330d2d8b7669648cc18823323e5/fr/002889	fr	1	 Arrête cette passion de merde bordel jsuis sur que tu met soigneusement tes putain de timbres dans des livres classés par pays que tu prend plaisir à contempler comme un putain d'autiste au lieu d'apprendre des vrais trucs comme savoir te défendre ou te faire des amis.
textdetox@01907546324b0330d2d8b7669648cc18823323e5/fr/002890	fr	1	La France était le pays des Celtes, qu'est-ce que ces connards de Gaullois viennent y foutre ?
textdetox@01907546324b0330d2d8b7669648cc18823323e5/fr/002891	fr	1	Pff mais quelle chochotte, les nègres boches eux ils ont la PESTE, on en crève DEUX
textdetox@01907546324b0330d2d8b7669648cc18823323e5/fr/002892	fr	1	Haaaa,  Begbie,  cette petite pute,  ce fouteur de merde en puissance
textdetox@01907546324b0330d2d8b7669648cc18823323e5/fr/002893	fr	1	Tu m'affubles de nombreux noms et tu affirmes, dans un implicite très clair, que je suis comme la majorité des votants à tes yeux : un gros con qui ne réfléchit pas.  
textdetox@01907546324b0330d2d8b7669648cc18823323e5/fr/002894	fr	1	pour résumer la situation de façon imagée: hollande suce la tétine des américains et pendant ce temps là, toute la France se fait enculer
textdetox@01907546324b0330d2d8b7669648cc18823323e5/fr/002895	fr	1	"Le vrai problème c'est ces putains de ""parisiens"" qui pètent plus haut que leur cul et qui supportent pas les accents, les fringues ni grises ni noires, ou tout simplement les gens qui ont un peu une personnalité..."
textdetox@01907546324b0330d2d8b7669648cc18823323e5/fr/002896	fr	1	Non seulement je suis entraîné de façon extensive au combat sans armes, mais j'ai en plus accès a un arsenal entier provenant du corps d'armée de la marine française et je vais l'utiliser en entier pour effacer ton cul misérable de la face de ce continent, espèce de petite merde.
textdetox@01907546324b0330d2d8b7669648cc18823323e5/fr/002897	fr	1	tu vas pas me casser les couilles, connard, tu crois que j'ai que ça à foutre, putain ?
textdetox@01907546324b0330d2d8b7669648cc18823323e5/fr/002898	fr	1	Ok désolé, je vais le sucer avec mon cul pour me faire pardonner  
textdetox@01907546324b0330d2d8b7669648cc18823323e5/fr/002899	fr	1	saloperie chiotte connard connasse enculé connasse connard chiotte saloperie enfoirée chier putain merde
textdetox@01907546324b0330d2d8b7669648cc18823323e5/fr/002900	fr	1	Si mettre une femme et un pédé permet de virer les arabes et les gauchistes, ils hésitent pas.
textdetox@01907546324b0330d2d8b7669648cc18823323e5/fr/002901	fr	1	Connards de voisins de merde, ça fait même 3 mois qu'ils sont là et ils cassent déjà les couilles.      Contexte:   
textdetox@01907546324b0330d2d8b7669648cc18823323e5/fr/002902	fr	1	Je doute que la ministre soit réellement une pute à PD, mais :   L’homosexualité n’est pas une norme, C’EST UNE DEVIANCE.  
textdetox@01907546324b0330d2d8b7669648cc18823323e5/fr/002903	fr	1	c'est une putain de tantouze, un pédé, si c'était vraiment un homme il nous trahirait pas ainsi.
textdetox@01907546324b0330d2d8b7669648cc18823323e5/fr/002904	fr	1	vous êtes des batar et ceux qui s'intéressent à l'apnee c'est des gros pd
textdetox@01907546324b0330d2d8b7669648cc18823323e5/fr/002905	fr	1	Tu es un Dieu, laisse moi sucer ton chibre pour avaler ta puissante jouvence
textdetox@01907546324b0330d2d8b7669648cc18823323e5/fr/002906	fr	1	Le mec qui tente de nous vendre son caca benzo je lui défèque dans la bouche parce que pour vouloir rendre accro (Oui accro, et il en faut peu)  des gens à cette merde faut vraiment être pire qu'un nazi.    
textdetox@01907546324b0330d2d8b7669648cc18823323e5/fr/002907	fr	1	Le problème de ce genre de fils de putes, c'est que c'est pas eux qui crèvent sur la route.
textdetox@01907546324b0330d2d8b7669648cc18823323e5/fr/002908	fr	1	Oui ce mec est une tapette intégrale, probablement un apologète du safer-sex stakhanoviste gay.
textdetox@01907546324b0330d2d8b7669648cc18823323e5/fr/002909	fr	1	Sauf s'ils sont blancs, là de toute évidence ce sont des sales cons racistes ! :
textdetox@01907546324b0330d2d8b7669648cc18823323e5/fr/002910	fr	1	Qu'est ce que tu viens de putain de dire à propos de moi, petite salope?
textdetox@01907546324b0330d2d8b7669648cc18823323e5/fr/002911	fr	1	""", "" Écoute bien grosse merde ici il y a des français de souches est qui sont morts depuis 3 où 5ooans pour avoir le respect de leurs terres toi tu ramène ta salle gueule sur la terre de France tu ses pas où tu mes les pieds un jour si dieux le veux nous lutter ont encore pour que nôtre terre chrétiens redevient français est les merdes de ton espèces prendrons le large les pieds devant si ils parte pas vous croyez que la France est à vous mes se qui vous attend sais la penne capitale pour les traîtres à la nation français bandes de merdes""... (au passage on notera encore une fois que tous ces patriotes respectent visiblement la langue française autant que Black M les homos)"
textdetox@01907546324b0330d2d8b7669648cc18823323e5/fr/002912	fr	1	Si vous pensez que le vaisseau Apollo 11 ne s'est pas posé sur la Lune, vous êtes littéralement cons et vous devriez vous acheter un nouveau cerveau.
textdetox@01907546324b0330d2d8b7669648cc18823323e5/fr/002913	fr	1	Putain, tu pues la merde, y en a marre de toi, y en a marre de vous tous, c'est d'la merde tout ça, toute cette merde.  
textdetox@01907546324b0330d2d8b7669648cc18823323e5/fr/002914	fr	1	C'est pas à moi de me faire chier à ta place pour te faire réfléchir alors que t'en a rien à foutre.     
textdetox@01907546324b0330d2d8b7669648cc18823323e5/fr/002915	fr	1	Vox day en plus d'un connard néo-réac, est super mégalo et se prend pour un leader révolutionnaire.
textdetox@01907546324b0330d2d8b7669648cc18823323e5/fr/002916	fr	1	Il n'y a que le Figaro pour dire que Trump est intelligent ...  C'est juste un connard qui s'est servi du fric dont il a hérité pour exploiter les autres et qui par chance n'a pas fait suffisamment de conneries pour se couler.
textdetox@01907546324b0330d2d8b7669648cc18823323e5/fr/002917	fr	1	On va foutre un black en Afrique et on va donner le sida à sa mère !  
textdetox@01907546324b0330d2d8b7669648cc18823323e5/fr/002918	fr	1	putain assumez votre xenophobie/fascisme les gars, ou alors sortez vous les doigts du cul et rendez vous compte que vous être en train de vous faire enculer à coup de savant cocktails communicationnels bien accrocheurs du même accabi que ceux des grands groupes médias.
textdetox@01907546324b0330d2d8b7669648cc18823323e5/fr/002919	fr	1	Oui les conneries de Fabius et les saloperies de DSK servent à justifier l'antisémitisme de quelques connards.
textdetox@01907546324b0330d2d8b7669648cc18823323e5/fr/002920	fr	1	, c'est en ça que t'es aussi con, c'est les même asso catho qui planquaient des collabos hein,
textdetox@01907546324b0330d2d8b7669648cc18823323e5/fr/002921	fr	1	Les taxis sont, pour la plupart que j'ai croisé et pour ceux des manifs, des gros connards.
textdetox@01907546324b0330d2d8b7669648cc18823323e5/fr/002922	fr	1	Oéjavoo, qu'ils aillent se faire mettre tous ces maghrébins kaïras de mes couilles avec leur coran et leur AK47 dans la poche, ces juifs du marais et leurs kippas de merde avec tout le blé qu'ils se font en dirigeant des grands médias, tous ces cathos qui vont à l'église le dimanche pour y violer des enfants...    Hé l'ami, moi aussi je bosse avec des qataris, j'y suis allé quand j'étais jeune, et ma tante y vit.
textdetox@01907546324b0330d2d8b7669648cc18823323e5/fr/002923	fr	1	Lui c'est une tête de con, bien fait pour sa gueule s'il se fait chourer sa CB ?
textdetox@01907546324b0330d2d8b7669648cc18823323e5/fr/002924	fr	1	Suffit de l'identifier, de la coincer dans un coin et de lui faire bouffer son caca.
textdetox@01907546324b0330d2d8b7669648cc18823323e5/fr/002925	fr	1	Je veux bien avoir des pubs pas trop chiantes dans le client skype, mais des pubs avec du sons, va te faire enculer.
textdetox@01907546324b0330d2d8b7669648cc18823323e5/fr/002926	fr	1	Ces mecs sont des trous du culs nihilistes et sanguinaires, point.
textdetox@01907546324b0330d2d8b7669648cc18823323e5/fr/002927	fr	1	je peux confirmer que c'est le cas  Source : je suis français, connard
textdetox@01907546324b0330d2d8b7669648cc18823323e5/fr/002928	fr	1	était vraiment une année de merde: avec pour toile de fond les attentats de janvier et de novembre mais aussi la crise des migrants ou les scores du FN    Connasse.
textdetox@01907546324b0330d2d8b7669648cc18823323e5/fr/002929	fr	1	à me répondre espesse de mariole   T'es qu'une baltringue, un putain de gro narvallo
textdetox@01907546324b0330d2d8b7669648cc18823323e5/fr/002930	fr	1	j'ai pas d'empathie pour des sous-merdes qui n'ont rien de mieux à faire que m'insulter parce que je circule dans l'espace public avec un vagin.  
textdetox@01907546324b0330d2d8b7669648cc18823323e5/fr/002931	fr	1	"Ce que je traduirai par : ""C'est un enculé, 15 ans que je joue et je n'ai jamais vu un arbitre dans ce pays de merde""."
textdetox@01907546324b0330d2d8b7669648cc18823323e5/fr/002932	fr	1	Noel arrive, et sonne le retour de tous les connards manifestant pour sauver les canards ,  mais pas foutu de filer une piece au clodo roumains qui se gèle les couilles a -10° en bas de chez eux .   
textdetox@01907546324b0330d2d8b7669648cc18823323e5/fr/002933	fr	1	Ben non, vas y sale redditeur de merde, c'est plus simple que d'aller à SF.
textdetox@01907546324b0330d2d8b7669648cc18823323e5/fr/002934	fr	1	""" S'il vous plait ne montrez pas aux gens des documents essentiels pour leur avenir, ils pourraient ne pas être content ""   Putain de connard, encore heureux que la CGT fuite les documents."
textdetox@01907546324b0330d2d8b7669648cc18823323e5/fr/002935	fr	1	MLP trop conne qui veut que les laboratoires français trouvent TOUS les médicaments du monde et qu'on arrête d'importer des méchants médicaments immigrés.
textdetox@01907546324b0330d2d8b7669648cc18823323e5/fr/002936	fr	1	La musique nègre continuera à infester notre pays :'(   Reviens Henry, et délivre-nous des congoïdes !  (Est-ce que le mec aurait eu même 1% des votes, sérieux ?
textdetox@01907546324b0330d2d8b7669648cc18823323e5/fr/002937	fr	1	Manque de pot, ses parents ont tout entendu car ils regardent aussi l'émission (ils méritent la corde) et la foutent à la rue cette salope.
textdetox@01907546324b0330d2d8b7669648cc18823323e5/fr/002938	fr	1	Ce connard (particulièrement) incompétent et absentéiste ?  ...  
textdetox@01907546324b0330d2d8b7669648cc18823323e5/fr/002939	fr	1	. Quel fils de pute chez apple s'est dit que c'était une bonne idée de retirer le bitonio en mousse/latex qui isole le conduit auditif ?
textdetox@01907546324b0330d2d8b7669648cc18823323e5/fr/002940	fr	1	"Si seulement tu avais su quelle vengeance impie ton petit commentaire ""intelligent"" s'apprêtait à faire descendre sur ta tronche, peut être que tu aurais fermé ta putain de gueule."
textdetox@01907546324b0330d2d8b7669648cc18823323e5/fr/002941	fr	1	à sucer des bites couvertes de smegma  Tu as des fantasmes très bizarres, mais chacun ses vices après tout.
textdetox@01907546324b0330d2d8b7669648cc18823323e5/fr/002942	fr	1	Ce gars est un cul-de-jatte semi-manchot, ce sont des connards pour lui rajouter une couche de merde à sa vie déjà pourrie.  
textdetox@01907546324b0330d2d8b7669648cc18823323e5/fr/002943	fr	1	Sale raciste, retourne dans ton pays de racistes (t'es de Montargis c'est ça ?).
textdetox@01907546324b0330d2d8b7669648cc18823323e5/fr/002944	fr	1	Je vais te démonter ta mère avec une précision jamais vue auparavant, et je pèse mes mots.
textdetox@01907546324b0330d2d8b7669648cc18823323e5/fr/002945	fr	1	Ton putain de pays a en tout et pour 2 frontières : les métèques mexicains au Sud qui t'envahissent avec leurs immigrés, et les USA-light au nord avec la police à cheval qui s'excuse tout le temps
textdetox@01907546324b0330d2d8b7669648cc18823323e5/fr/002946	fr	1	Elle à baisé une bande d'adulesents débile qui joue à la guéguerre sur leurs pcs et qui racontent le tout sur un site oueb de soumis.
textdetox@01907546324b0330d2d8b7669648cc18823323e5/fr/002947	fr	1	C'est parce que vous êtes des pédales fragiles sans couilles au cul.
textdetox@01907546324b0330d2d8b7669648cc18823323e5/fr/002948	fr	1	Apple n'a qu'à les enculer jusqu'à la garde, le contraire serait de la confiture pour les cochons.
textdetox@01907546324b0330d2d8b7669648cc18823323e5/fr/002949	fr	1	^^^part ^^^vous ^^^connards ^^^du ^^^nord ^^^qui ^^^le ^^^disent ^^^comme ^^^ca ^^^je ^^^te'le ^^^dis ^^^conno!
textdetox@01907546324b0330d2d8b7669648cc18823323e5/fr/002950	fr	1	Donc en gros, ces fils de pute ils disent à l'auteur « Nan, y a que nous qu'on a le droit de distribuer ton jeu, toi t'as pas le droit.
textdetox@01907546324b0330d2d8b7669648cc18823323e5/fr/002951	fr	1	Oui putain l'absence de bonne bouffe c'était dur à force, les hongrois mangent comme des porcs !
textdetox@01907546324b0330d2d8b7669648cc18823323e5/fr/002952	fr	1	J'ai foutu une gerbille dans votre cul et ces cons veulent me remettre une médaille !
textdetox@01907546324b0330d2d8b7669648cc18823323e5/fr/002953	fr	1	Je te ferais disparaitre de cette putain de planète avec une précision jamais-vue auparavant, souviens-toi de mes putains de paroles.
textdetox@01907546324b0330d2d8b7669648cc18823323e5/fr/002954	fr	1	Oui c'est un débat de merde avec un animateur de merde et deux invités de merde.
textdetox@01907546324b0330d2d8b7669648cc18823323e5/fr/002955	fr	1	Les migrants, des lâches qui dépensent des fortunes pour venir faire les crevards ici,  en abandonnant, soeurs, mère, enfants eux qui vivent dans des conditions épouvantable mais ça vous  en avez rien a foutre.
textdetox@01907546324b0330d2d8b7669648cc18823323e5/fr/002956	fr	1	Le problème, c’est pas que la gôche suce la bite des bougnoules, mais plutôt qu’elle suce la bite des religieux, ces gens manipulateurs donc malhonnêtes.   on parle de SDF.  
textdetox@01907546324b0330d2d8b7669648cc18823323e5/fr/002957	fr	1	Et s'il est d'extrême-droite, c'est un merdia gauchiasse tenu par des journalopes socialopes, et d'ailleurs ça s'appelle Merdiapart.
textdetox@01907546324b0330d2d8b7669648cc18823323e5/fr/002958	fr	1	Soral est une petite bite enragée qui aime beaucoup trop la popularité due à ses messages haineux et conspi.
textdetox@01907546324b0330d2d8b7669648cc18823323e5/fr/002959	fr	1	Et puis a la reflexion, elles n'ont peut-etre pas tort les poufiasses des magazines feminins, tant qu'a se faire enculer, autant que ce soit par quelqu'
textdetox@01907546324b0330d2d8b7669648cc18823323e5/fr/002960	fr	1	aucun souci à observer un énième enculé de nanti gérer ses 60 millions de neurasthéniques alzheimeriens.
textdetox@01907546324b0330d2d8b7669648cc18823323e5/fr/002961	fr	1	"C'est petit ça, surement comme ta bite pour que tu aies fini dans le ""journalisme"" pour boutonneux."
textdetox@01907546324b0330d2d8b7669648cc18823323e5/fr/002962	fr	1	Tant d'énergie dépensée alors qu'au final tout le monde sait que t'es qu'une grosse merde qui essaie de se démarquer avec des putains de smileys.
textdetox@01907546324b0330d2d8b7669648cc18823323e5/fr/002963	fr	1	"oui pour moi ces ""réfugiés"" sont des connards et n'ont rien à foutre dans notre pays."
textdetox@01907546324b0330d2d8b7669648cc18823323e5/fr/002964	fr	1	Je vais te putain d'effacer avec une précision telle qu'elle n'a jamais été vue sur terre auparavant, note bien cela.
textdetox@01907546324b0330d2d8b7669648cc18823323e5/fr/002965	fr	1	Tu votais 'partir' tu était un sale neonazi homophobe raciste connard qui allait ruiner le monde.    Tu votais 'rester'  tu était un sale lâche acheté par Bruxelles et un traître à la solde de ton pays.   
textdetox@01907546324b0330d2d8b7669648cc18823323e5/fr/002966	fr	1	Non mais ne cherche pas, Macron c'est un gros connard, qui sort direct de l'elite, et qui ni connait rien a la vie.
textdetox@01907546324b0330d2d8b7669648cc18823323e5/fr/002967	fr	1	T'es qu'une tête de nègre pour moi, je vais t'écraser la face avec mon rouleau à patisserie, je lance les chouquettes avec une précision jamais vue sur cette putain de planète, crois moi.
textdetox@01907546324b0330d2d8b7669648cc18823323e5/fr/002968	fr	1	Bah oui, c'est évident, le petit con de journaliste australien devrait fermer sa gueule jusqu'à ce que la question des aborigènes soit réglée.
textdetox@01907546324b0330d2d8b7669648cc18823323e5/fr/002969	fr	1	m’appelle merlin et sache que t'es un sale fils de p. de chier sur mon prénom pour le plaisir.
textdetox@01907546324b0330d2d8b7669648cc18823323e5/fr/002970	fr	1	J'irais voter LePen pour faire la bite à tous ces libéraux qui se croient supérieurs alors qu'ils sont qu'une bande de moutons qui bêlent pour se faire tondre.
textdetox@01907546324b0330d2d8b7669648cc18823323e5/fr/002971	fr	1	Tu aimes te faire baiser comme une sauvage comme chez toi c’est ça?
textdetox@01907546324b0330d2d8b7669648cc18823323e5/fr/002972	fr	1	parceque c'est vrai que les millions de maghrebins en france sont des racailles qui caillassent la police ,et  qu'ils font du bruit en bas des immeubles ...   
textdetox@01907546324b0330d2d8b7669648cc18823323e5/fr/002973	fr	1	Je baise ma femme, oh je peux bien me faire un petit tour pendant la levrette.
textdetox@01907546324b0330d2d8b7669648cc18823323e5/fr/002974	fr	1	Même que ces bâtards de nègres auraient mieux fait de rester chez eux en 1992.
textdetox@01907546324b0330d2d8b7669648cc18823323e5/fr/002975	fr	1	boum merci à cette connasse de montrer à quel point les occidentaux sont des cons.
textdetox@01907546324b0330d2d8b7669648cc18823323e5/fr/002976	fr	1	Ces connards de Pole Emploi, nous on se lève le matin juste pour pisser !
textdetox@01907546324b0330d2d8b7669648cc18823323e5/fr/002977	fr	1	Qu'il creve la gueule ouverte, lui, ses amis politiques, et surtout qu'il ferme sa gueule a tout jamais apres avoir donne les preuves qu'il ne cesse de repeter avoir, a la justice (qui peut aller se faire baiser elle aussi).
textdetox@01907546324b0330d2d8b7669648cc18823323e5/fr/002978	fr	1	Vu que toi et tes copains facho me gênent, je vais me gêner et on va se ramener à 1000 te foutre six pieds sous terre.
textdetox@01907546324b0330d2d8b7669648cc18823323e5/fr/002979	fr	1	Le message subtilement caché c'est qu'il est impossible d'aimer machin et Quentin et si toi ça te fais rire ne serait-ce qu'un petit peu, en gros c'est que t'es un con.
textdetox@01907546324b0330d2d8b7669648cc18823323e5/fr/002980	fr	1	Je vais te démonter ta mère avec une précision jamais vue auparavant, et je pèse mes mots.
textdetox@01907546324b0330d2d8b7669648cc18823323e5/fr/002981	fr	1	phillipot est gay imbécile... parler de xénophobie pour combler le vide c'est pénible...
textdetox@01907546324b0330d2d8b7669648cc18823323e5/fr/002982	fr	1	Profite de ta femme, kiffe ta vie de province, nique ce putain de recruteur, tu vaux mieux que vendre ton fion pour quelques billets.
textdetox@01907546324b0330d2d8b7669648cc18823323e5/fr/002983	fr	1	faut vraiment être un gros con de bourgeois ayant perdu le sens de la réalité pour s'offrir un truc pareil.
textdetox@01907546324b0330d2d8b7669648cc18823323e5/fr/002984	fr	1	"""   En d'autres termes : ""vous êtes tellement cons qu'on va encore passer la journée à modérer les commentaires."
textdetox@01907546324b0330d2d8b7669648cc18823323e5/fr/002985	fr	1	Hanouna c'est le néo libéralisme  Petite pute de Bolloré d'un coté, abrutisseur en chef de l'autre.   
textdetox@01907546324b0330d2d8b7669648cc18823323e5/fr/002986	fr	1	Mais tu pouvais pas, tu l'as pas fait, et maintenant t'en payes le prix, petit con.
textdetox@01907546324b0330d2d8b7669648cc18823323e5/fr/002987	fr	1	Du coup j'ai le choix entre une connasse haineuse, incompétente et antidémocratique, et un connard arrogant, libéral et antidémocratique.
textdetox@01907546324b0330d2d8b7669648cc18823323e5/fr/002988	fr	1	Au nom de tous les cons ordinaires,  je te présente des excuses pour le comportement de tous les sales FDP de merde.
textdetox@01907546324b0330d2d8b7669648cc18823323e5/fr/002989	fr	1	cela dit : Mahomet était un pédophile sanguinaire chef de guerre, prophète de merde pour une religion de merde.   
textdetox@01907546324b0330d2d8b7669648cc18823323e5/fr/002990	fr	1	Des gens, qui pareil, il vont te parler de comment tu peux faire la fête sans sous et qui vont t'accuser d'être un coincé parce que tu restes chez toi quand tu ne te permets pas de sortir, mais qui si jamais tu les refuses ils vont t'accuser d'être radin et la cause de tout le mal au monde.   fils de putes je les détestes.
textdetox@01907546324b0330d2d8b7669648cc18823323e5/fr/002991	fr	1	Non seulement je suis entraîné de façon extensive au combat sans armes, mais j'ai en plus accès a un arsenal entier provenant du corps d'armée de la marine française et je vais l'utiliser en entier pour effacer ton cul misérable de la face de ce continent, espèce de petite merde.
textdetox@01907546324b0330d2d8b7669648cc18823323e5/fr/002992	fr	1	Ben reste que le fondateur de RSF est un gros raciste de merde, donc si, c'est compatible apparemment.
textdetox@01907546324b0330d2d8b7669648cc18823323e5/fr/002993	fr	1	En plus tu ne penses qu'avec ton pénis, et tu aimes vivre dans la crasse, comme tous les mecs.
textdetox@01907546324b0330d2d8b7669648cc18823323e5/fr/002994	fr	1	Écoute et comprend bien ça : on emmerde ta société, on emmerde tes bogoss, on emmerde tes pétasse, on t'emmerde toi et tes gosses chiants.
textdetox@01907546324b0330d2d8b7669648cc18823323e5/fr/002995	fr	1	, je te suggérerais bien de prendre 10 balles, puis de bien aller niquer ta mère dans l'élan, mais j'ai peur de me faire ban.
textdetox@01907546324b0330d2d8b7669648cc18823323e5/fr/002996	fr	1	Quand trois abrutis me disent que je suce des bites de bougnoule parce que j'ai l'affront de dire que peut-être tous les arabes ne sont pas dealers (là encore, ce n'est pas une exagération), je ne vais pas ensuite dire « selon /r/france, si je ne pars pas du principe que tous les reubeus sont des criminels, c'est que je leur suce la bite ».
textdetox@01907546324b0330d2d8b7669648cc18823323e5/fr/002997	fr	1	Qu'est ce que tu viens de putain de dire à propos de STG, petite salope?
textdetox@01907546324b0330d2d8b7669648cc18823323e5/fr/002998	fr	1	Alfred je lui pile dessus, je le retourne, je l'écrase à coup de godasse de bureau, je lui jette l'équivalent d'une douche de zyklon b en insecticide, je condamne ma baraque, j'appelle l'armée et je fais tout péter et je me barre à l'autre bout du globe.
textdetox@01907546324b0330d2d8b7669648cc18823323e5/fr/002999	fr	1	t'es un bon gros connard, autant que les relous qui se rabattent pas alors que la voie de droite les dépasse.
textdetox@01907546324b0330d2d8b7669648cc18823323e5/fr/003000	fr	1	Mélanchon est un connard qui à des idées de gauches uniquement car il à l'impression que ça le grandit.
textdetox@01907546324b0330d2d8b7669648cc18823323e5/fr/003001	fr	1	Ouais je viens de jeter un oeil, les fils de pute, 20 minutes avec Pujadas après avoir vendu du Lepen, je suis fier de pas être du même bord que vous.
textdetox@01907546324b0330d2d8b7669648cc18823323e5/fr/003002	fr	1	T'y connais rien, sale facho anti-Europe qui vote contre l'Union des peuples.
textdetox@01907546324b0330d2d8b7669648cc18823323e5/fr/003003	fr	1	Ta mère t'a coupé les couilles à la naissance, et encore aujourd'hui tu la remercies pour ça.
textdetox@01907546324b0330d2d8b7669648cc18823323e5/fr/003004	fr	1	On s'en branle de ta galette fourre toi là au cul et gardes en pour le gros cul de ta rombière.
textdetox@01907546324b0330d2d8b7669648cc18823323e5/fr/003005	fr	1	"Si seulement tu avais su quelle vengeance impie ton petit commentaire ""intelligent"" s'apprêtait à faire descendre sur ta tronche, peut être que tu aurais fermé ta putain de gueule."
textdetox@01907546324b0330d2d8b7669648cc18823323e5/fr/003006	fr	1	Et pute de figaro et ses titres factuellement exact mais qui pue du bec.   
textdetox@01907546324b0330d2d8b7669648cc18823323e5/fr/003007	fr	1	bah dans le même temps....  notez que même pour les parisiens, les parisiens sont des connards
textdetox@01907546324b0330d2d8b7669648cc18823323e5/fr/003008	fr	1	Qu'est ce que tu viens de putain de dire à propos de moi, petite salope?
textdetox@01907546324b0330d2d8b7669648cc18823323e5/fr/003009	fr	1	Et ce connard d'Ulcan, mais là je comprends même pas qu'il ne soit rien fait contre cet énorme nuisible...
textdetox@01907546324b0330d2d8b7669648cc18823323e5/fr/003010	fr	1	)つ dans tous les cas tu es pire que frensoa petite chieuse sans donner qui est revenu sucer pour poster sur la sub.
textdetox@01907546324b0330d2d8b7669648cc18823323e5/fr/003011	fr	1	, prendrai la chômage, me marierai avec un autre mec homo français, prendrai un photo, mettre comme pub dans les métros dans tous coins de la France juste pour faire chier a les connards comme lui et marine le penne.
textdetox@01907546324b0330d2d8b7669648cc18823323e5/fr/003012	fr	1	Je t'accorde un point rigolade parce Que Je Me Suis Bien Marré A Lire Ta Merde.   Dégage, Cordialement.
textdetox@01907546324b0330d2d8b7669648cc18823323e5/fr/003013	fr	1	Je vais te nettoyer la baise dehors avec une precision n'a jamais été vue avant sur cette Terre, marque mes putains de mots.
textdetox@01907546324b0330d2d8b7669648cc18823323e5/fr/003014	fr	1	"L'arabe ""typique"" il deale en bas de sa cité, touche les allocs chômage et fout la merde.   "
textdetox@01907546324b0330d2d8b7669648cc18823323e5/fr/003015	fr	1	Putain de journaliste de merde qui ne sait pas faire mettre un séparateur décimal en français
textdetox@01907546324b0330d2d8b7669648cc18823323e5/fr/003016	fr	1	Ça a beau être un fils de pute, on doit admettre qu'il avait la classe.
textdetox@01907546324b0330d2d8b7669648cc18823323e5/fr/003017	fr	1	Espèce de petit con, mon choix est fait je me casse je vous laisse vous entre tuer
textdetox@01907546324b0330d2d8b7669648cc18823323e5/fr/003018	fr	1	ta yeule  edit: sérieux, ta yueule, je ne suis pas en classe de physique ici, je les ai fait mes devoirs, c'est un forum public, il est dimanche soir et je vais aller m'ouvrir une bière, sérieux, ta criss de gueule d'arrogant de marde!
textdetox@01907546324b0330d2d8b7669648cc18823323e5/fr/003019	fr	1	Tous les arabes sont des voleurs = les chinois mangent du chien = les noirs sont des feignasses = raciste  rebeu = renoi = babtou = feuj
textdetox@01907546324b0330d2d8b7669648cc18823323e5/fr/003020	fr	1	L'Ukraine pas envahi par cette espèce d'enculé KGB, Putin, bien évidement!
textdetox@01907546324b0330d2d8b7669648cc18823323e5/fr/003021	fr	1	^Je ^vais ^te ^chier ^dessus ^jusqu'à ^ce ^que ^tu ^te ^noies ^dedans. ^T'es ^putain ^de ^mort, ^gamin.
textdetox@01907546324b0330d2d8b7669648cc18823323e5/fr/003022	fr	1	"Mais c'est toi qui est con, si tu croyais qu'elle en aurait quatre comme dans la pub!""  Sérieux, c'est pas un pinaillage d'enculeurs de mouches là, c'est un peu gros!!!"
textdetox@01907546324b0330d2d8b7669648cc18823323e5/fr/003023	fr	1	Allez crever avec vos conseil à la con qui font que culpabiliser.   
textdetox@01907546324b0330d2d8b7669648cc18823323e5/fr/003024	fr	1	Je sais pas si t'es un connard, mais t'es profondément raciste et xénophobe.
textdetox@01907546324b0330d2d8b7669648cc18823323e5/fr/003025	fr	1	Je vais chier du chouchen sur ta tronche et tu vas te noyer dedans.
textdetox@01907546324b0330d2d8b7669648cc18823323e5/fr/003026	fr	1	Oui, c'est vrai, mieux vaut fermer sa gueule et continuer à sourire en se faisant enculer à sec.
textdetox@01907546324b0330d2d8b7669648cc18823323e5/fr/003027	fr	1	Il est presque 18h, je sors bientôt du taf... Laisse moi shitposter en paix sale facho/gaucho!
textdetox@01907546324b0330d2d8b7669648cc18823323e5/fr/003028	fr	1	tous des fils de pute (+34)  Je trouve ce comportement complètement inadmissible sur un sub qui se veut intelligent et pacifié.
textdetox@01907546324b0330d2d8b7669648cc18823323e5/fr/003029	fr	1	Tout ça pour baiser, je trouve ton manque de principe dégueulasse.  Réveille-toi, bon sang, tu n'es pas qu'une paire de couilles !
textdetox@01907546324b0330d2d8b7669648cc18823323e5/fr/003030	fr	1	J'en ai rien a foutre de voir la gueule du connard qui tient l'urne pour choisir lequel des de la dizaine de tocards va m'emmerder pendant les 5 prochaines années.
textdetox@01907546324b0330d2d8b7669648cc18823323e5/fr/003031	fr	1	Celle qui poste ça serait pas un peu, mais alors juste un peu, une grosse raciste de merde  ?
textdetox@01907546324b0330d2d8b7669648cc18823323e5/fr/003032	fr	1	Des connards de musulmans qui tuent au nom de Dieu, où qui veulent imposer la charia, tu penses bien que ça facilite pas mal mon transit intestinal.
textdetox@01907546324b0330d2d8b7669648cc18823323e5/fr/003033	fr	1	Je vais chier de la fureur sur ta tronche et tu vas te noyer dedans.
textdetox@01907546324b0330d2d8b7669648cc18823323e5/fr/003034	fr	1	Ah je vois qu'on me colle aux basques, ravi de ton intérêt, ConnardDéchainé  J'en ai effectivement un peu ras le cul de voir tes commentaires débiles sur chaque fil.  
textdetox@01907546324b0330d2d8b7669648cc18823323e5/fr/003035	fr	1	et si t'es pas content tu peux venir chatouiller mon gland avec tes amygdales, comme ça ta bouche sera utile pour une fois.  
textdetox@01907546324b0330d2d8b7669648cc18823323e5/fr/003036	fr	1	T'es la Poutou du pauvre en fait.  Poutou, t'es la Arthaud du riche, t'es un enculé de suppo de capitaliste en fait.  
textdetox@01907546324b0330d2d8b7669648cc18823323e5/fr/003037	fr	1	"""c'est une ligne droite blah blah blah"", qui se font niquer à 130 sur un tronçon à 70 etc... qu'ils aillent bien se faire enculer, ces hypocrites."
textdetox@01907546324b0330d2d8b7669648cc18823323e5/fr/003038	fr	1	"""on va bien les niquer ces sales fonctionnaires-bobo-profiteurs du public qui détruisent notre économie !"
textdetox@01907546324b0330d2d8b7669648cc18823323e5/fr/003039	fr	1	Je te vomis toi et ta clique de bobos gauchistes pseudo-libéraux adeptes de la masturbation intellectuelle devant le néant intellectuel de l'art moderne, mais j’apprécie l'occasion de te rappeler que tu es un rebut du passé que le monde moderne aura vite oublié.~~  On me souffle dans l'oreillette que le MAL-PARLER n'a pas encore commencé.
textdetox@01907546324b0330d2d8b7669648cc18823323e5/fr/003040	fr	1	bobos gauchiasses de merde, mon pote va crier allah akbar avant de déclencher la détonation dans son cul.   
textdetox@01907546324b0330d2d8b7669648cc18823323e5/fr/003041	fr	1	J'te bourre le fion façon hardcore  J'touche le fond, j'creuse encore!  
textdetox@01907546324b0330d2d8b7669648cc18823323e5/fr/003042	fr	1	C'est parce que faut leur pisser dessus, faut te frotter les glandes anales sur elles.
textdetox@01907546324b0330d2d8b7669648cc18823323e5/fr/003043	fr	1	nan les polonais c'est parceque c'est la race slave, une sous race inférieur de merde qui mérite de na jamais faire plus que récurer les chiotte.
textdetox@01907546324b0330d2d8b7669648cc18823323e5/fr/003044	fr	1	"mais faut que tu te fasse soigner  tes conneries de puritain de merde  Mais putain de bordel de merde  tu gueule  Qui est-ce qui ""gueule"" ici en fait"
textdetox@01907546324b0330d2d8b7669648cc18823323e5/fr/003045	fr	1	t'es une gauchiasse fonctionnaire qui aime le BDSM sur ton temps libre et qui as des chats.    
textdetox@01907546324b0330d2d8b7669648cc18823323e5/fr/003046	fr	1	Va te branler un coup et prends un petit para après ça te fera du bien.
textdetox@01907546324b0330d2d8b7669648cc18823323e5/fr/003047	fr	1	Tu suces du nazi juste pour te faire mousser au près de tes collègues qui ne t'aime pas car tu n'est pas du centre !
textdetox@01907546324b0330d2d8b7669648cc18823323e5/fr/003048	fr	1	Oui oui Mr. , l'islam cey le mal, les musulmans c des cons et des intolérent.
textdetox@01907546324b0330d2d8b7669648cc18823323e5/fr/003049	fr	1	"Si seulement tu avais su quelle vengeance impie ton petit commentaire ""intelligent"" s appretait a faire descendre sur ta tronche, peut etre que tu aurais ferme ta putain de gueule."
textdetox@01907546324b0330d2d8b7669648cc18823323e5/fr/003050	fr	1	-leur les couilles à ces salauds...  Je vois mal comment faire pire que les pédophiles mais je suis ouvert a discussion.
textdetox@01907546324b0330d2d8b7669648cc18823323e5/fr/003051	fr	1	Toi l'encarté socialo en chemise pull de victime qui est parti dans les bras de Macron parce que t'as peur de te faire traiter de gauchiste et de devoir assumer les idées de ta famille politique pour une fois dans ta vie de merde, j'te souhaite rien de mieux que de devenir centriste et de mourir d'un déficit aigü de race.
textdetox@01907546324b0330d2d8b7669648cc18823323e5/fr/003052	fr	1	Du coup ils viennent dans tous nos médias pour degueuler le ramassis de merde qu'ils ont dans la tête : dehors les bougnoules, les pédés c'est sale et ils violent des enfants, et le capitalisme c'est super chouette...
textdetox@01907546324b0330d2d8b7669648cc18823323e5/fr/003053	fr	1	t'as pas de morale elle est tellement conne que même avec des gants mapa je la touche pas
textdetox@01907546324b0330d2d8b7669648cc18823323e5/fr/003054	fr	1	Je te retourne contre le mur, je te baise par tous les trous, je te défonce !
textdetox@01907546324b0330d2d8b7669648cc18823323e5/fr/003055	fr	1	[Dis donc connard, enculé d'antisémite de ta mère, tu vas me parler avec un peu de respect oui ?
textdetox@01907546324b0330d2d8b7669648cc18823323e5/fr/003056	fr	1	Par contre, votre grand Paris, vous vous le payez, vos putain de JO vous vous les payez, et toute la merde chinoise qui transite par nos ports pour abreuver votre folie consumériste de connards de hipsters à Iphone, vous nous la payez.
textdetox@01907546324b0330d2d8b7669648cc18823323e5/fr/003057	fr	1	La seule sanction qu'ils meritent c'est une balle dans la nuque, facturee a leur famille.
textdetox@01907546324b0330d2d8b7669648cc18823323e5/fr/003058	fr	1	Vous, les politiciens, vous êtes vraiment, très très méchants...  Et y en a un qu'est vraiment un enculéeee.
textdetox@01907546324b0330d2d8b7669648cc18823323e5/fr/003059	fr	1	T'as pas envie de niquer tes genoux sur des appuis de merde et de grogner en suant dans une grande cave qui résonne ?
textdetox@01907546324b0330d2d8b7669648cc18823323e5/fr/003060	fr	1	Personnellement j'appelle cela des cons, des incompétents, des grandes gueules, et pour être plus concis : des connards de politiciens.
textdetox@01907546324b0330d2d8b7669648cc18823323e5/fr/003061	fr	1	Relève-toi, aller nom de dieu debout ! Sors de ta connerie sacré bon dieu, sinon moi j’te dévisse la tête et je te chie dans le cou !
textdetox@01907546324b0330d2d8b7669648cc18823323e5/fr/003062	fr	1	Putain d'élites à la con qui montent les uns contre les autres, mais en même temps si des connards sont prêts à gober le morceau qu'ils aillent se faire foutre aussi.
textdetox@01907546324b0330d2d8b7669648cc18823323e5/fr/003063	fr	1	Maduro pue la merde sur toute la ligne, politique économique à chier et ensuite répression quand le peuple qui crève la dalle vient le dégager.
textdetox@01907546324b0330d2d8b7669648cc18823323e5/fr/003064	fr	1	Elle est conne et réac mais là on a un mini-hitler qui se présente aux élections...
textdetox@01907546324b0330d2d8b7669648cc18823323e5/fr/003065	fr	1	Poutine ⬤ Fait la pute auprès de Poutine            Veut bien parler avec Assad ⬤ Trouve
textdetox@01907546324b0330d2d8b7669648cc18823323e5/fr/003066	fr	1	ton pavé de merde STP FDP, si t'es pour la paix dans le monde tu le feras.
textdetox@01907546324b0330d2d8b7669648cc18823323e5/fr/003067	fr	1	**Ta** tv je m'en tartine le fion d'une force que tu n'es pas capable de comprendre (et ouais ma couille tu me prends pour un con et je te renvois l'ascenseur).
textdetox@01907546324b0330d2d8b7669648cc18823323e5/fr/003068	fr	1	Et ben non, nous on est pas D'IMMENSES TROU DU CUL qui ramènent leur putain de sale gueule partout pour parler du roi des TROUS DU CUL dont tout le monde se fout royalement !  
textdetox@01907546324b0330d2d8b7669648cc18823323e5/fr/003069	fr	1	Niveau lavage de cerveau, toi t'as remporté le putain de pompon.  
textdetox@01907546324b0330d2d8b7669648cc18823323e5/fr/003070	fr	1	Thiers est un énorme fils de pute, il a massacré les communards et (trop de gens l'oublient) les canuts à Lyon.
textdetox@01907546324b0330d2d8b7669648cc18823323e5/fr/003071	fr	1	Y'avait même un débile en bagnole qui hurlait dans un entonnoir... j'ai hésité à descendre pour lui fourrer dans le rectum.
textdetox@01907546324b0330d2d8b7669648cc18823323e5/fr/003072	fr	1	C'est pas voter pour un fils de putes de mégalomane dans la petite france qui changera quoi que ce soit...  Pute va !
textdetox@01907546324b0330d2d8b7669648cc18823323e5/fr/003073	fr	1	Cet OP m'a l'air d'un sacré enculé de fils de pute d'hypocrite …  Je dis ça en tout bien tout honneur, bien sûr./s Ce serait idiot de faire le jeu du FN.
textdetox@01907546324b0330d2d8b7669648cc18823323e5/fr/003074	fr	1	Et est-ce qu'on a besoin d'un con comme toi en plus sur /r/france ?
textdetox@01907546324b0330d2d8b7669648cc18823323e5/fr/003075	fr	1	Putain comment les féminazis elle ont rien à foutre de leur vie bordel  C'est pas nouveau.
textdetox@01907546324b0330d2d8b7669648cc18823323e5/fr/003076	fr	1	Je suis un fils de pute comme toi et dans ma banlieue y a des vélibs.
textdetox@01907546324b0330d2d8b7669648cc18823323e5/fr/003077	fr	1	, t'en ressors le trou du cul en chou-fleur après avoir subi les pires outrages.
textdetox@01907546324b0330d2d8b7669648cc18823323e5/fr/003078	fr	1	Que le père fouettard et ses nègres hollandais te couvrent de charbon !
textdetox@01907546324b0330d2d8b7669648cc18823323e5/fr/003079	fr	1	Les parisiens sont des cons, les bretons sont des cons, les touristes sont des cons.
textdetox@01907546324b0330d2d8b7669648cc18823323e5/fr/003080	fr	1	Quand tu proposes un truc aussi idiot que verser du purin de cochon pour faire peur à des réfugiés de zone de guerre, je pense que t'es trop con(ne) pour te poser des questions.
textdetox@01907546324b0330d2d8b7669648cc18823323e5/fr/003081	fr	1	c'est juste que La larguer à  22h sur l'aire d'autoroute, toute conne qu'elle est, ça ne se fait pas
textdetox@01907546324b0330d2d8b7669648cc18823323e5/fr/003082	fr	1	Je connais pas le larron, c'est peut être un connard, mais honnêtement ta mère agit comme une demeurée et il faut qu'elle s'arrête.
textdetox@01907546324b0330d2d8b7669648cc18823323e5/fr/003083	fr	1	Les médias, les juges, la population je vous emmerde tous, vous ferez bien comme je vous dis et vous aller fermer vos mouilles !
textdetox@01907546324b0330d2d8b7669648cc18823323e5/fr/003084	fr	1	"t'es pire que les pouffiasses qui, quoiqu'elles veuillent prendre en photo, se sentent absolument forcées de mettre leur sale race de merlan frit asphyxié au fond de teint et maquillé à la truelle sur plus de la moitié de leur putain de photo de merde dont tout le monde se bat les steaks pour le poster sur snapchat en mode ""Oh trop lolilol vous avez vu mon labello ?"
textdetox@01907546324b0330d2d8b7669648cc18823323e5/fr/003085	fr	1	L'islam est une saloperie (...), c'est un danger pour la France. »
textdetox@01907546324b0330d2d8b7669648cc18823323e5/fr/003086	fr	1	Je dis qu'ils sont tous soit connard, raciste débile OU ignorant.
textdetox@01907546324b0330d2d8b7669648cc18823323e5/fr/003087	fr	1	Et j'encule celui qui me fait chier parce que je ne veux pas afficher la pub.
textdetox@01907546324b0330d2d8b7669648cc18823323e5/fr/003088	fr	1	je sais que c'est juste un gros con et que son opinion vaut que dalle.
textdetox@01907546324b0330d2d8b7669648cc18823323e5/fr/003089	fr	1	J'ai envie de lui donner une bonne claque (comme l'a fait Sacha Baron Cohen mashallah) à chaque fois que je vois sa sale gueule de bobo suffisant.
textdetox@01907546324b0330d2d8b7669648cc18823323e5/fr/003090	fr	1	Je suis content que tu le reconnaisses, gauchiasse de merde qui se pense plus intelligent que tout le monde parce qu'il va voter pour un Georges Marchais 2.0.
textdetox@01907546324b0330d2d8b7669648cc18823323e5/fr/003091	fr	1	a prendre des aides auquel elle a le droit ...  putain de connards   désolé fallait que ca sorte ...
textdetox@01907546324b0330d2d8b7669648cc18823323e5/fr/003092	fr	1	Va bien te faire toi, on s'inquiète pour un copain et tu viens nous faire chier
textdetox@01907546324b0330d2d8b7669648cc18823323e5/fr/003093	fr	1	Sinon, je tiens à dire qu'il y a des petits patrons qui sont vraiment des fils de pute et que je leur souhaite un bon retour de Karma, et je parle pas de celui de reddit.
textdetox@01907546324b0330d2d8b7669648cc18823323e5/fr/003094	fr	1	"""  Déjà fils de pute, je fais plus de sport en 1 semaine que toi toute l'année avec ta salope de femme, tes remarques à la con tu peux te les garder au cul.  Mais après, j'ai compris."
textdetox@01907546324b0330d2d8b7669648cc18823323e5/fr/003095	fr	1	Tu n'auras jamais, toi fils de putain, les fils du Christ sous tes ordres : ton armée ne nous fait pas peur et par la terre ou par la mer nous continuerons à nous battre contre toi.  
textdetox@01907546324b0330d2d8b7669648cc18823323e5/fr/003096	fr	1	J'écris: sans les connards sanguinaires de l'OAS et les petits blancs dans ton genre  Et tu réponds:
textdetox@01907546324b0330d2d8b7669648cc18823323e5/fr/003097	fr	1	Je vais te putain d'effacer avec une précision telle qu'elle n'a jamais été vue sur terre auparavant, note bien cela.
textdetox@01907546324b0330d2d8b7669648cc18823323e5/fr/003098	fr	1	Que tous les connards, bourgeois, égoïstes et autre poids chiche à la place de la cervelle qui votent Macron et veulent du chacun pour soi, en connaissance de cause, aillent bien se faire enculer.  
textdetox@01907546324b0330d2d8b7669648cc18823323e5/fr/003099	fr	1	/u/Perry75 est une salope c'est plus court et ça revient au même.
textdetox@01907546324b0330d2d8b7669648cc18823323e5/fr/003100	fr	1	Mais bon, j'avoue que sur un versant un peu primaire ça me fait juste plaisir de voir cette grosse crétine se faire basher comme elle le mérite.
textdetox@01907546324b0330d2d8b7669648cc18823323e5/fr/003101	fr	1	Pendant 6 mois sans s'arrêter, c'étaient des posts sur ces enfoirés de migrants.
textdetox@01907546324b0330d2d8b7669648cc18823323e5/fr/003102	fr	1	Surtout qu'on QQ dès que quelqu'un fait un peu de sarcasme sur la France, mais que nous pour baver sur ces empaffés de rosbifs, ces enculés de boches et ces salopes d'espingouins, on n'est pas les derniers...  Mais tu compreeeeeeeeends, nous c'est pas pareeeeeeeeeeeil...
textdetox@01907546324b0330d2d8b7669648cc18823323e5/fr/003103	fr	1	en tant que fille devenue ingénieure, j'ai bien envie de lui foutre mon pied dans la gueule a ton cousin :|
textdetox@01907546324b0330d2d8b7669648cc18823323e5/fr/003104	fr	1	Son ex, ça a l'air d'être un bon connard, je lui foutrai mon poing sur la tronche si j'étais toi,
textdetox@01907546324b0330d2d8b7669648cc18823323e5/fr/003105	fr	1	"son ""Weshwesh les amis"" j'ai envie de lui faire tailler cette merde dans un bon gros bloc de granit et de lui faire bouffer par le trou de la bite à cet enculé de hippie bordel de sa race !"
textdetox@01907546324b0330d2d8b7669648cc18823323e5/fr/003106	fr	1	quelle bande de lâches putain, au karcher faut les nettoyer les pourris en uniforme
textdetox@01907546324b0330d2d8b7669648cc18823323e5/fr/003107	fr	1	Quand je disais que c'est toujours la faute de l'arbitre et que c'est un enculé !
textdetox@01907546324b0330d2d8b7669648cc18823323e5/fr/003108	fr	1	Par contre les trous du cul rasés qui traînaient à Assas et à London's Style tu les voyais bien.
textdetox@01907546324b0330d2d8b7669648cc18823323e5/fr/003109	fr	1	je connais le type, c'est une sous-merde prétendument intellectuelle comme beaucoup de chiens de garde parmi l'intelligentsia française d'obédience neo-conservatiste.
textdetox@01907546324b0330d2d8b7669648cc18823323e5/fr/003110	fr	1	/r/france est tenu par des enculés de gauchistes mélenchonlâtres, qui soutiennent tous une idéologie funeste (je le sais, j'ai lu le Livre Noir du Communisme) mais qui dans les faits, sont tout juste bons à faire chier les honnêtes gens avec leur djembé et leur reprise de Tryo sur le parking des grandes surfaces
textdetox@01907546324b0330d2d8b7669648cc18823323e5/fr/003111	fr	1	Je veux dire, connasse, si t'as la flem' de mettre les mains, je vais avoir la flem' de mettre la bite.
textdetox@01907546324b0330d2d8b7669648cc18823323e5/fr/003112	fr	1	Profiter de ta vie ou de ta grosse bouseuse que tu as engrossé trois fois avant ses 25 ans qui es devenue une truie laide et vulgaire.
textdetox@01907546324b0330d2d8b7669648cc18823323e5/fr/003113	fr	1	Ou alors c'est un gros branleur qui préfère passer ses journées sur le net à  insulter les gays et se plaindre des étrangers qui profitent des allocs.
textdetox@01907546324b0330d2d8b7669648cc18823323e5/fr/003114	fr	1	CONNARD  Tout ça pour que l'école est sa triple accréditation de mon cul bordé de nouille.  A cause de ce système de GPA de sa race la Hyène en string ficelle, l'école empêche tout les étudiants aspirant à quitter cette école pour aller à l'étranger, car même avec un 14 de moyenne, le GPA reste ridicule.
textdetox@01907546324b0330d2d8b7669648cc18823323e5/fr/003115	fr	1	Ces fils de pute sont souvent des connards, bon je raconte de la merde on va voir si ça a marché ce soir.   
textdetox@01907546324b0330d2d8b7669648cc18823323e5/fr/003116	fr	1	C'est surtout que t'es visiblement trop idiot pour voir que la merde que tu lis est totalement orientée.
textdetox@01907546324b0330d2d8b7669648cc18823323e5/fr/003117	fr	1	T'es une bouse mon pote, comme ta mère, comme mon père, comme Macron, comme Mélenchon, comme Lepen et comme ta soeur.
textdetox@01907546324b0330d2d8b7669648cc18823323e5/fr/003118	fr	1	Ah ces petits bâtards au Vietnam y en avait pleins, t'as des gamins de 5 ans qui bossent dans des champs et pendant ce temps là Alphonse demande au locaux de financer son voyage, et après il va rentrer dans son restaurant végétalien de dreadeux t'expliquer qu'en Asie t'as juste besoin de 2 euros par jour et qu'ils ont tous compris les gens simples, fils de putes je les détestes.
textdetox@01907546324b0330d2d8b7669648cc18823323e5/fr/003119	fr	1	Je vais t'écraser avec une précision jamais vue sur cette putain de planète, crois moi.
textdetox@01907546324b0330d2d8b7669648cc18823323e5/fr/003120	fr	1	Coupe-leur le pénis, laisse-les morts, retrouvés sur le périphérique* .  
textdetox@01907546324b0330d2d8b7669648cc18823323e5/fr/003121	fr	1	Je ne suis pas raciste mais je trouve que les noirs sont des gros cons et qu'ils puent.
textdetox@01907546324b0330d2d8b7669648cc18823323e5/fr/003122	fr	1	Mais putain espesse d'enculé toi   faudra que je vienne un jour pr te frakasser la face mariole
textdetox@01907546324b0330d2d8b7669648cc18823323e5/fr/003123	fr	1	Baiser sous MD, c'est dégueulasse tellement c'est bien.   Sinon, appelle un pote et sodomise-le.
textdetox@01907546324b0330d2d8b7669648cc18823323e5/fr/003124	fr	1	Tkt gros, pas besoin d'histoires pour que littéralement tout le monde comprenne que t'es une grosse baltringue
textdetox@01907546324b0330d2d8b7669648cc18823323e5/fr/003125	fr	1	Ben vas te faire enculer, ici c'est la full freedom à l'américaine, sale surrender monkey.
textdetox@01907546324b0330d2d8b7669648cc18823323e5/fr/003126	fr	1	Mitterand arrive, le prends par la peau du cul, le fout dans les chiottes et chie par-dessus.   J'avais envie de chanter.  
textdetox@01907546324b0330d2d8b7669648cc18823323e5/fr/003127	fr	1	Non mais regardez moi cet enfoiré, je vais te gazer tu vas mieux te sentir tiens
textdetox@01907546324b0330d2d8b7669648cc18823323e5/fr/003128	fr	1	La France est clairement une putain qui joue la vierge effarouchée mais ne trompe personne.
textdetox@01907546324b0330d2d8b7669648cc18823323e5/fr/003129	fr	1	T'es aussi pourri que le FN mon gars et une écrasante majorité des français pensent que vous êtes juste une bande de ratés qui vit sur le dos de la société, à faire chier le monde avec votre anarchisme politique alors que vous devriez partir creuver dans une forêt pour vivre véritablement votre anarchie si vous aviez un minimum d'honnêteté intellectuelle.
textdetox@01907546324b0330d2d8b7669648cc18823323e5/fr/003130	fr	1	Le chanvre, on en fera la corde qui te pendra, toi et tes amis banksters ~~juifs~~ ^^oh ^^merde!
textdetox@01907546324b0330d2d8b7669648cc18823323e5/fr/003131	fr	1	ce sont les gros fils de putes de merde qui bas votent sur le Mal Parler.
textdetox@01907546324b0330d2d8b7669648cc18823323e5/fr/003132	fr	1	oui tu est un gros connard génocidaire, je te maudit sur 3 générations, tu est tout ce qui va mal avec le monde, je te déteste très très fort....
textdetox@01907546324b0330d2d8b7669648cc18823323e5/fr/003133	fr	1	Et j'en viens au point que je voulais faire, ce mec là est complètement débile, mais il est toujours moins débile que toi.
textdetox@01907546324b0330d2d8b7669648cc18823323e5/fr/003134	fr	1	Ouais on vous aime bien, mais on vous chie à la gueule dès que possible avec vos petits pois d'enculés là.
textdetox@01907546324b0330d2d8b7669648cc18823323e5/fr/003135	fr	1	T'es vraiment un gros connard d'insulter ainsi les modos juste parce qu'ils nous empêchent de nous insulter.
textdetox@01907546324b0330d2d8b7669648cc18823323e5/fr/003136	fr	1	"Et dire que t'a des petits bourgeois de merde qui viennent te dire *""Ouais mais je m'en fous hihi, les taxis MÉRITENT de crever."
textdetox@01907546324b0330d2d8b7669648cc18823323e5/fr/003137	fr	1	Le plus gros probleme c'est que l'Islam est une religion barbare a la limite de la maladie mentale.
textdetox@01907546324b0330d2d8b7669648cc18823323e5/fr/003138	fr	1	, je tombe sur une bas du Front qui m'explique que quand même, ils nous font chier tous ces bougnoules.
textdetox@01907546324b0330d2d8b7669648cc18823323e5/fr/003139	fr	1	Mais va te faire foutre, sérieux, à aucun moment elle ne dit ça, tu nages en plein délire.
textdetox@01907546324b0330d2d8b7669648cc18823323e5/fr/003140	fr	1	Ouais alors le jour où ces gros TROUS DU CUL arrêteront de se faire sucer par la mairie de ma ville en douce, et me proposeront autre chose que du 0.7mbps descendant avec 30% de perte de paquet, on en reparle.
textdetox@01907546324b0330d2d8b7669648cc18823323e5/fr/003141	fr	1	Si je devais écouter ma mère on devrait couper le pénis aux violeurs, les castrer chimiquement et les enfermer à vie.
textdetox@01907546324b0330d2d8b7669648cc18823323e5/fr/003142	fr	1	Je vais te putain d'effacer avec une précision telle qu'elle n'a jamais été vue sur terre auparavant, note bien cela.
textdetox@01907546324b0330d2d8b7669648cc18823323e5/fr/003143	fr	1	un sur dix millions et le reste,qui viole tabasse, ce sont des parasites cassos qui nous font chier,,pour moi qui reste dans leur bled  J'en connais au moins un de parasite cassos
textdetox@01907546324b0330d2d8b7669648cc18823323e5/fr/003144	fr	1	il se fait passer pour un hipster alors que ce n'est bien qu'une merde infâme de barbu.
textdetox@01907546324b0330d2d8b7669648cc18823323e5/fr/003145	fr	1	Ça peut aller du pute, à fais pas ta timide, pourquoi tu souris pas, sale gouine...
textdetox@01907546324b0330d2d8b7669648cc18823323e5/fr/003146	fr	1	On tape sur les connards pro palestinien et on laisse tranquille les connards de la LDJ.
textdetox@01907546324b0330d2d8b7669648cc18823323e5/fr/003147	fr	1	Si ca évite à ces connards de pigeons de venir chier sur mon balcon je suis pour.
textdetox@01907546324b0330d2d8b7669648cc18823323e5/fr/003148	fr	1	"Si leur réponse à ça c'est de dire ""il faut aller plus loin dans ce qu'on a fait jusque là !"", ils sont cons et ils méritent la mort de leur parti de merde."
textdetox@01907546324b0330d2d8b7669648cc18823323e5/fr/003149	fr	1	nazi facho d'extreme droite nazi facho, facho nazi, extrême droite nazi facho!
textdetox@01907546324b0330d2d8b7669648cc18823323e5/fr/003150	fr	1	"Et dire que t'a des petits bourgeois de merde qui viennent te dire ""Ouais mais je m'en fous hihi, les taxis MÉRITENT de crever."
textdetox@01907546324b0330d2d8b7669648cc18823323e5/fr/003151	fr	1	Qu'est ce que tu viens de putain de dire à propos de moi, petite salope?
textdetox@01907546324b0330d2d8b7669648cc18823323e5/fr/003152	fr	1	C'est les putes du bois de Boulogne et les journalistes de France Inter.
textdetox@01907546324b0330d2d8b7669648cc18823323e5/fr/003153	fr	1	Clinton quant à elle est une sataniste pédophile corrompue Islamique qui vas nous mener droit à la troisième guerre mondiale et au génocide des blancs.   
textdetox@01907546324b0330d2d8b7669648cc18823323e5/fr/003154	fr	1	Les français sont cons et racistes, mais ils sont surtout sexiste.
textdetox@01907546324b0330d2d8b7669648cc18823323e5/fr/003155	fr	1	Les modérateurs de /r/europe sont les pires raclures biaisées et manipulatrices que cette poubelle de l'Internet ait connu
textdetox@01907546324b0330d2d8b7669648cc18823323e5/fr/003156	fr	1	faut vraiment être un ~~autiste~~ fils de pute pour pas faire preuve d'empathie.
textdetox@01907546324b0330d2d8b7669648cc18823323e5/fr/003157	fr	1	Peut-être parce qu'elle ne travaille pas en France et donc qu'il est illégal pour l'état d'imposer un revenu qui n'est pas obtenu sur son territoire?    Mais non désolé c'est vrai, c'est une sale capitaliste corrompue et faut la foutre au bucher /s ...
textdetox@01907546324b0330d2d8b7669648cc18823323e5/fr/003158	fr	1	Le FN est un poison, j'en ai vraiment ras le cul de ce parti de merde, encore le père était un orateur, mais la fille c'est juste de la merde en barre qu'on nous sert au petit déj au dîner et au souper
textdetox@01907546324b0330d2d8b7669648cc18823323e5/fr/003159	fr	1	Sa conne de mère a préféré le laisser tuer des gens là bas plutôt que, je sais pas, l'éduquer lui et son frère.
textdetox@01907546324b0330d2d8b7669648cc18823323e5/fr/003160	fr	1	Sinon, pour répondre à ta question de façon purement non partisane, Sarkozy est un con.
textdetox@01907546324b0330d2d8b7669648cc18823323e5/fr/003161	fr	1	Ouais OP est une pute à karma par contre la liste des videos postées sur le thread d'origine... [
textdetox@01907546324b0330d2d8b7669648cc18823323e5/fr/003162	fr	1	En revanche les vraies raclures de putain d'enculés de bandits, c'est l'URSSAF.
textdetox@01907546324b0330d2d8b7669648cc18823323e5/fr/003163	fr	1	Je te laisse te masturber le cerveau avec ta curiosité intellectuelle.
textdetox@01907546324b0330d2d8b7669648cc18823323e5/fr/003164	fr	1	Les Français sont des des connard hautains et xénophobes qui envoient chier en leur crachant dessus toute personne qui les aborde, alors qu'ils le font de la manière la plus respectable qui soit.
textdetox@01907546324b0330d2d8b7669648cc18823323e5/fr/003165	fr	1	Ouais, OP est un sac à foutre ultra-politisé incapable de second degré.
textdetox@01907546324b0330d2d8b7669648cc18823323e5/fr/003166	fr	1	C'est un sale connard homophobe violent mais est-ce que ça mérite de le mettre au trou jusque 2026 ?
textdetox@01907546324b0330d2d8b7669648cc18823323e5/fr/003167	fr	1	J'ai 3 infractions au compteur et j'ai eu mon permis avant que tu sois dans les couilles de ton père.
textdetox@01907546324b0330d2d8b7669648cc18823323e5/fr/003168	fr	1	Cet enculé s'échappe et s'enfuit sans même me laisser le temps d'un deuxième lancer.  
textdetox@01907546324b0330d2d8b7669648cc18823323e5/fr/003169	fr	1	Tu es con ou tu veux juste te prendre une balle dans le pied et passer le restant de ta vie dans un fauteuil roulant ?
textdetox@01907546324b0330d2d8b7669648cc18823323e5/fr/003170	fr	1	Ces putains d'américains nous prennent vraiment pour des putains de malpolis, ça me dégoûte bordel.
textdetox@01907546324b0330d2d8b7669648cc18823323e5/fr/003171	fr	1	D'après un tract lutte ouvrière que j'ai dans les mains, les britanniques qui ont voté contre le Brexit sont des enculés de banquiers et ceux qui ont voté pour sont des fils de pute de racistes.   
textdetox@01907546324b0330d2d8b7669648cc18823323e5/fr/003172	fr	1	Pourquoi devrais-je tolérer les imbécilités crasses des religions idiotes, stupides et arriérées?  À les tolérer vous même de la sorte, vous faites honte à la gauche qui, afin de faire avancer l'humanité, se doit d'expédier tous ceux qui colportent ces stupidités niaiseuses dans des camps de rééducation où, à  défaut de leur inculquer de force le rigorisme scientifique cartésien (du fait de l'atrophie de leur cerveau), au minimum leur faire passer le goût de ces cadembrelaines toxiques et totalitaires.  
textdetox@01907546324b0330d2d8b7669648cc18823323e5/fr/003173	fr	1	"Par contre les gros cons qui ont des idées moyenâgeuses et qui vote a l'opposé de mes convictions je les labelisent ""gros facho inintéressant et débile"""
textdetox@01907546324b0330d2d8b7669648cc18823323e5/fr/003174	fr	1	Donc oui, l'Islam est une religion de merde, (la pire des religions monothéistes, en fait) qui produit énormément de groupes terroristes partout dans le monde qui massacrent, violent, pillent et tuent.
textdetox@01907546324b0330d2d8b7669648cc18823323e5/fr/003175	fr	1	Non seulement je suis extrêmement entraîné dans le combat à mains nues, mais j'ai accès à tout l'armement de l'Armée de l'Eau et je vais l'utiliser à son maximum pour faire disparaître ta misérable tronche du continent entier, petite merde.
textdetox@01907546324b0330d2d8b7669648cc18823323e5/fr/003176	fr	1	Mais non, comme il a pas fait le même trajet que toi au même moment c'est forcément un trou du cul sans cerveau...
textdetox@01907546324b0330d2d8b7669648cc18823323e5/fr/003177	fr	1	Je vais chier de la fureur sur ta tronche et tu vas te noyer dedans.
textdetox@01907546324b0330d2d8b7669648cc18823323e5/fr/003178	fr	1	"Merde à ces connards de dépolitisés, ces autres parasites qui gobent tout ce qu'on leur raconte et qui sortent la carte ""ça suffit le politiquement correct"" pour tout et n'importe quoi, à commencer par des idées racistes."
textdetox@01907546324b0330d2d8b7669648cc18823323e5/fr/003179	fr	1	Allez cordialement vous faire foutre.  ~~Bisous~~, non pas bisous, gifle.
textdetox@01907546324b0330d2d8b7669648cc18823323e5/fr/003180	fr	1	Que vous êtes des putains d'agents du système qui promeut la consommation à outrance, l'endettement, au profit de ces toujours connards d'ultra-riches, le tout en niquant notre putain de planète ?
textdetox@01907546324b0330d2d8b7669648cc18823323e5/fr/003181	fr	1	"""Oui je pense que tu es une sous-merde humaine mais j'ai pas le cran de passer à l'acte et de te tuer, donc je laisse faire Allah, ou un mec plus déterminé que moi"".   "
textdetox@01907546324b0330d2d8b7669648cc18823323e5/fr/003182	fr	1	"à l'intention de tous les gros neuneus qui postent des variantes de ""oué c parey partou lol"" ou de ""c le porno tu taten a koi"" : arrêtez avec votre relativisme de merde, l'article évoque les spécificités du cas japonais, replaçant dans le contexte l'industrie du porno jap par rapport à des cas récents/ des exemple politiques, et vous comme de bon gros sacs à merde vous venez sortir vos brèves de comptoir.   "
textdetox@01907546324b0330d2d8b7669648cc18823323e5/fr/003183	fr	1	Ce type est un branleur doublé d'un [connard homophobe]( et bigot...
textdetox@01907546324b0330d2d8b7669648cc18823323e5/fr/003184	fr	1	Le 20h peut aller se faire enculer en ce qui me concerne, et les autres abrutis qui parlent d'apartheid judiciaire, les excités de l'indignation, je leur souhaite de mourir étouffé avec de la merde.   
textdetox@01907546324b0330d2d8b7669648cc18823323e5/fr/003185	fr	1	Je vais te putain d'effacer avec une précision telle qu'elle n'a jamais été vue sur terre auparavant, note bien cela.
textdetox@01907546324b0330d2d8b7669648cc18823323e5/fr/003186	fr	1	Je vais te putain d'effacer avec une précision telle qu'elle n'a jamais été vue sur terre auparavant, note bien cela.
textdetox@01907546324b0330d2d8b7669648cc18823323e5/fr/003187	fr	1	, je trouve qu'il a un regard chafouin, je suis sûr qu'il bute de l'Israélien tous les week-ends, ce gros bâtard.  
textdetox@01907546324b0330d2d8b7669648cc18823323e5/fr/003188	fr	1	Et pardon mais ces connards de catho tradis, bien blancs, sont tout autant homophobes que les musulmans, seulement eux sont plus subtils, mais tout aussi dangereux que leurs compères de bêtise religieuse.   
textdetox@01907546324b0330d2d8b7669648cc18823323e5/fr/003189	fr	1	Peut-être qu'ils sont moins cons que toi qui croit que tu vas sauver la planète en open sourçant sur Github ton script python qui permet de tweeter quand tu tires ta chasse, espèce de tocard.
textdetox@01907546324b0330d2d8b7669648cc18823323e5/fr/003190	fr	1	Han sont vraiment des enculés: un truc déconne et ils barrent en laissant les autres se démerder.
textdetox@01907546324b0330d2d8b7669648cc18823323e5/fr/003191	fr	1	putain ces minables de prolos tunning qui tapent ce genre de trucs en espérant pouvoir genre une classe action de merde pour gagner 200 balles
textdetox@01907546324b0330d2d8b7669648cc18823323e5/fr/003192	fr	1	-toi que tu partages ton goût pour le cul avec l'immense majorité des plus grosses enflures de l'histoire de l'humanité, si ça peut t'aider.
textdetox@01907546324b0330d2d8b7669648cc18823323e5/fr/003193	fr	1	Bande de cons vous meriteriez qu'a la prochaine agression homophobe je vienne vous mettre personnellement un plug anal dans le cul par solidarité.  
textdetox@01907546324b0330d2d8b7669648cc18823323e5/fr/003194	fr	1	c'est juste une pétasse en manque d'attention qui a eu le coup de pub dont elle rêvait et moi je la feed comme un gros con :(
textdetox@01907546324b0330d2d8b7669648cc18823323e5/fr/003195	fr	1	"""C'est qui le fils de pute qui m'accuse d'avoir pété le cul du petit maxime ?"
textdetox@01907546324b0330d2d8b7669648cc18823323e5/fr/003196	fr	1	, je me dirais alors que ce mec est un gros fdp qui fait des généralités en se basant uniquement sur son opinion de merde forgé sur internet.
textdetox@01907546324b0330d2d8b7669648cc18823323e5/fr/003197	fr	1	Même hitler il aimait les chiens putain, quelle raclure, je te jure.
textdetox@01907546324b0330d2d8b7669648cc18823323e5/fr/003198	fr	1	Que Satan accueille en son sein les gros fils de putes de sous races qui ne l'utilise jamais, la même sous race qui n'utilise jamais la brosse à chiotte d'ailleurs.
textdetox@01907546324b0330d2d8b7669648cc18823323e5/fr/003199	fr	1	Ce gros connard ne se fait pas traiter, et c'est pour ca qu'il contamine.
textdetox@01907546324b0330d2d8b7669648cc18823323e5/fr/003200	fr	1	Deux modos qui se sucent la bite entre eux (pour reprendre tes termes)  
textdetox@01907546324b0330d2d8b7669648cc18823323e5/fr/003201	fr	1	.  PS : et j'encule le vote utile, si nos connards de compatriotes me refont un 21 avril, j'ai mes visas valides *et* plus de courage que yannick noah!
textdetox@01907546324b0330d2d8b7669648cc18823323e5/fr/003202	fr	1	Putain, cet air satisfait méprisant de petit bourgeois de merde ...
textdetox@01907546324b0330d2d8b7669648cc18823323e5/fr/003203	fr	1	"des horaires de travail pire que les autres, on fait 6 jours sur 7 on fait du 7h-21h parce qu'on doit gagner notre croute alors vos horaires de travail je m'en tartine le fion   Vous venez pleurnicher pour des horaires mais essayez de faire MES horaires !   Bande de connards""*"
textdetox@01907546324b0330d2d8b7669648cc18823323e5/fr/003204	fr	1	On les loge, on les nourrit, ils n'ont rien à foutre là (des clandestins) et foutent la merde.
textdetox@01907546324b0330d2d8b7669648cc18823323e5/fr/003205	fr	1	"T'en choppes un ou deux et après un jugement en bonne et due forme, tu l’humilies publiquement pour montrer à tout le monde que cette ""grande gueule"" n'est qu'une sous-merde."
textdetox@01907546324b0330d2d8b7669648cc18823323e5/fr/003206	fr	1	ceux qui généralisent sont des bons fils de pute ne valant pas plus qu'un raciste de base 3    (c'est celui qui dit qui y est)!
textdetox@01907546324b0330d2d8b7669648cc18823323e5/fr/003207	fr	1	Ça fait longtemps que je n'ai pas eu droit à un salope, heureusement, sinon le gars je lui arrache les yeux.
textdetox@01907546324b0330d2d8b7669648cc18823323e5/fr/003208	fr	1	c'est que des sales merdes, qui veulent gagner de l'argent à tout prix.
textdetox@01907546324b0330d2d8b7669648cc18823323e5/fr/003209	fr	1	Ça montre juste que le PS est un putain de parti de baltringues et que Hamon préfère rester derrière son électorat que prendre le chemin facile et suivre aveuglément les autres enculés aux dents longues.
textdetox@01907546324b0330d2d8b7669648cc18823323e5/fr/003210	fr	1	Les féministes de merde qui salissent tout le mouvement en insultant tout le monde aussi.
textdetox@01907546324b0330d2d8b7669648cc18823323e5/fr/003211	fr	1	Cette racaille de merde mérite une grosse claque dans la gueule, un bon coup de pied au cul et puis de la prison.
textdetox@01907546324b0330d2d8b7669648cc18823323e5/fr/003212	fr	1	3 abrutis congénitaux et 1 authentique fils de pute qui devrait être en prison pour non assistance à personne en danger
textdetox@01907546324b0330d2d8b7669648cc18823323e5/fr/003213	fr	1	voleur de travail, mangeur d'enfants éxilés fiscaux, arrogants, non volonté d'integration, grand remplacement, baise vos grosses.
textdetox@01907546324b0330d2d8b7669648cc18823323e5/fr/003214	fr	1	Tu aimes te faire baiser comme une sauvage comme chez toi c'est ça?
textdetox@01907546324b0330d2d8b7669648cc18823323e5/fr/003215	fr	1	Putain de capitaliste de merde, j'espère que t'es heureux quand tu penses à tous les petits Africains que tu affames.
textdetox@01907546324b0330d2d8b7669648cc18823323e5/fr/003216	fr	1	C’est une manipulation des bobo-journalopes droit de l'hommiste des merdias islamo-gochiasses !
textdetox@01907546324b0330d2d8b7669648cc18823323e5/fr/003217	fr	1	Si il me refile Zika je le crève lui et toute sa putain de famille sur 25 générations.
textdetox@01907546324b0330d2d8b7669648cc18823323e5/fr/003218	fr	1	"ceci leur est permi, la prison est une blague pour les africains( il est plus dur d etre blanc en prison que d etre africains, recherchez des temoignages et vous verrez) et 2- ils ont le seum :'( pcq ils ont pa travail sauf vendre de shit de qualite de merde a des ""bolos"", quelle bande de fdp putain, sans deconner j'en ai marre de ces connards qui ne font qu'etre des larves, je ne suis pas le seul heureusement, et je precise que je ne suis pas francais et pourant je dis #Marine2017 on verra si elle fera un peu le menage."
textdetox@01907546324b0330d2d8b7669648cc18823323e5/fr/003219	fr	1	Je vais chier du chouchen sur ta tronche et tu vas te noyer dedans.
textdetox@01907546324b0330d2d8b7669648cc18823323e5/fr/003220	fr	1	Laisse, c'est un gros facho qui mouille dans sa culotte dès que le sujet de l'Islam est abordé.
textdetox@01907546324b0330d2d8b7669648cc18823323e5/fr/003221	fr	1	Je me demande si les memes antifa seraient aussi nonchalants a manifester avec ces fils de putes?  
textdetox@01907546324b0330d2d8b7669648cc18823323e5/fr/003222	fr	1	BAISE DESMEUFS, JAIUNEBELLEVOITURE, ETJESUISUNTRUAND TOI JEVAIS TETUER
textdetox@01907546324b0330d2d8b7669648cc18823323e5/fr/003223	fr	1	Parti de merde, méthodes de merde, idées de merde, militants de merde.
textdetox@01907546324b0330d2d8b7669648cc18823323e5/fr/003224	fr	1	Je vais chier de la fureur sur ta tronche et tu vas te noyer dedans.
textdetox@01907546324b0330d2d8b7669648cc18823323e5/fr/003225	fr	1	C'est toute la merde mafieuse qui organise les vols et violence des momes roms
textdetox@01907546324b0330d2d8b7669648cc18823323e5/fr/003226	fr	1	Surtout maintenant que la Turquie fait sa grosse pute avec ses islamistes dans le nord de la Syrie.
textdetox@01907546324b0330d2d8b7669648cc18823323e5/fr/003227	fr	1	Mais bien sur, j'ai une vie de merde A CAUSE d'eux, et cette religion, réinterprété, malaxé et revomie me dit que vas y c'est cool, bute les !
textdetox@01907546324b0330d2d8b7669648cc18823323e5/fr/003228	fr	1	Putain quelle bande de couilles molles incapables de faire appliquer la loi dans leur pays, tout ça pour pas froisser les électeurs écolos avant la présidentielle, ça tapine à mort au PS.
textdetox@01907546324b0330d2d8b7669648cc18823323e5/fr/003229	fr	1	son mac.suce bite pays qui protegent les pedophiles pendant l'occupation les Francais echanger leurs voisins et familles contre du saucisson, les nazis les plus experimenter en terme de cruauter furent stupefait et meme jaloux des lettres de denonciation .
textdetox@01907546324b0330d2d8b7669648cc18823323e5/fr/003230	fr	1	bonjour l'ENS)  J'aimerais bien qu'on leur colle une sacrée claque, a ces enfoirés.
textdetox@01907546324b0330d2d8b7669648cc18823323e5/fr/003231	fr	1	Je vais chier de la fureur sur ta tronche et tu vas te noyer dedans.
textdetox@01907546324b0330d2d8b7669648cc18823323e5/fr/003232	fr	1	Le cocufiage semble être une obsession pour les supporteurs de Trump  Parce que les femmes sont toutes des salopes qui doivent rester à la maison faire la bouffe
textdetox@01907546324b0330d2d8b7669648cc18823323e5/fr/003233	fr	1	C'est dommage que ces connards de gauchistes de merde pourrissent la conversation, ils changeront effectivement rapidement d'avis le jour ou ils se feront cambrioler.
textdetox@01907546324b0330d2d8b7669648cc18823323e5/fr/003234	fr	1	Pas de ma faute si la multiplication d'un certain type de connards musulmans remplit l'actualité.
textdetox@01907546324b0330d2d8b7669648cc18823323e5/fr/003235	fr	1	ton héros personnel c'est un connard sans talent    tes derniers vacances
textdetox@01907546324b0330d2d8b7669648cc18823323e5/fr/003236	fr	1	ils doivent se marrer dans leur tombe les nazis quand ils voient le merdier qu'ils nous foutent ces yuppins et ces boucaques
textdetox@01907546324b0330d2d8b7669648cc18823323e5/fr/003237	fr	1	ashorlivs est globalement un gros fils de pute de toute manière, ses interventions ne valent strictement rien.
textdetox@01907546324b0330d2d8b7669648cc18823323e5/fr/003238	fr	1	Au passage je me prends des PM pour toi, cher Amiral.    petite salope de gauchiasse tu vas enfin rentrer dans le rang et finir à la rue comme tous tes semblables de merde.
textdetox@01907546324b0330d2d8b7669648cc18823323e5/fr/003239	fr	1	Sale enfoiré, on devrait contrôler tout ce que tu fais parce que tu vis avec l'argent du contribuable et tu es sensé être à son service ducon.
textdetox@01907546324b0330d2d8b7669648cc18823323e5/fr/003240	fr	1	D'ailleurs le père de l'enfant mort est une sous merde criminelle qui a mérité de voir son enfant mourir par sa faute
textdetox@01907546324b0330d2d8b7669648cc18823323e5/fr/003241	fr	1	Je vomis les représentations de merde de cette sous-culture de merde, mais s'imaginer que c'est une machine de propagande au service de patriarcat est une débilité sans nom.
textdetox@01907546324b0330d2d8b7669648cc18823323e5/fr/003242	fr	1	"Tu serais pas un connard de lyonnais pour utiliser ""guignol"" espèce de sac à merde ?"
textdetox@01907546324b0330d2d8b7669648cc18823323e5/fr/003243	fr	1	Mais ta gueule avec ta pseudo révolution de merde qui viendra jamais
textdetox@01907546324b0330d2d8b7669648cc18823323e5/fr/003244	fr	1	Comment on peut oser bordel...enfin bon au moins là l'enculette tu la vois venir quand même si t'es assez con pour postuler.
textdetox@01907546324b0330d2d8b7669648cc18823323e5/fr/003245	fr	1	Je pense que je vais venir te mettre des claques tu vas comprendre, merde!
textdetox@01907546324b0330d2d8b7669648cc18823323e5/fr/003246	fr	1	Cette connasse peut retourner dans son pays ou on touche une misère pour finalement avoir a payer problèmes de dos/dépression soi-même au final.
textdetox@01907546324b0330d2d8b7669648cc18823323e5/fr/003247	fr	1	De ce point de vue lui couper la bite (après sa mort en plus) c'est pas si déconnant.
textdetox@01907546324b0330d2d8b7669648cc18823323e5/fr/003248	fr	1	Je vais te péter la tête tellement fort que ça va trouer ton slip.
textdetox@01907546324b0330d2d8b7669648cc18823323e5/fr/003249	fr	1	Fils de pute va, je crois savoir qui c'est, je vais attendre qu'il soit parti manger et checker, si il a le mien, je lui reprend tranquille, et je lui mets un autre encore plus pêté.
textdetox@01907546324b0330d2d8b7669648cc18823323e5/fr/003250	fr	1	C'est plus facile d'aller bombarder des bougnoules aux moyen orient, la y'a du monde, plutôt que défendre la France des islamistes égorgeur en Algérie.
textdetox@01907546324b0330d2d8b7669648cc18823323e5/fr/003251	fr	1	bordel 7 000 KM pour se faire friendzone, putain tu devais être en chien de compet' et t'as du te paluche comme un malade dans l'avion  naif, loser..
textdetox@01907546324b0330d2d8b7669648cc18823323e5/fr/003252	fr	1	Je parle du proxy du pays aussi moisi qu'une pute albanaise borgne et lépreuse ...  YOLO, à la douche, et allons conduire comme un connard en direction du boulot ...
textdetox@01907546324b0330d2d8b7669648cc18823323e5/fr/003253	fr	1	Mais putain arrête de faire ton ptit con borné et essaie de comprendre ce que la personne te dit...
textdetox@01907546324b0330d2d8b7669648cc18823323e5/fr/003254	fr	1	Asselineau est un imbécile conspirationniste qui n'est même pas foutu de se renseigner avant de dire de la merde.
textdetox@01907546324b0330d2d8b7669648cc18823323e5/fr/003255	fr	1	Sinon j'irai juste leur dire d'aller se faire foutre avec leurs idées de merde.
textdetox@01907546324b0330d2d8b7669648cc18823323e5/fr/003256	fr	1	Et qu'il faut être un sacré fils de catin pour venir faire des remarques sarcastiques sur la guerre et le courage, quand on est un putain de hipster qui vit dans un pays en paix avec lui même et ses voisins depuis 70 ans.
textdetox@01907546324b0330d2d8b7669648cc18823323e5/fr/003257	fr	1	C'est de la joue de porc, y a que les gros bâtards d'infidèles qui peuvent en bouffer.
textdetox@01907546324b0330d2d8b7669648cc18823323e5/fr/003258	fr	1	C'est parce qu'ils vivaient dans un pays de gros cons et de fachos que les migrants sont arrivés à Calais Nous n'avons malheureusement pas le monopole des fachos ni des gros cons
textdetox@01907546324b0330d2d8b7669648cc18823323e5/fr/003259	fr	1	: Les étrangers sont sales, oisifs, criminels et font plein d'enfants.
textdetox@01907546324b0330d2d8b7669648cc18823323e5/fr/003260	fr	1	flashé le cul    Nique bien ta mère    cet enculé      Tu sembles bien énervé ma foi.
textdetox@01907546324b0330d2d8b7669648cc18823323e5/fr/003261	fr	1	Ils sont fourbes ces bougnoules, il y en a qui sont presque blancs !
textdetox@01907546324b0330d2d8b7669648cc18823323e5/fr/003262	fr	1	Et les fils de putes de piétons qui marchent sur les pistes cyclables.
textdetox@01907546324b0330d2d8b7669648cc18823323e5/fr/003263	fr	1	Merci peuple de France d'être aussi con et de continuer à accepter mes conneries.
textdetox@01907546324b0330d2d8b7669648cc18823323e5/fr/003264	fr	1	En tant qu'étudiant en droit, je crois qu'elle a appris sur les bancs de sa fac à déstabiliser ses adversaires avec ses petits sourires et ses petits froncements de sourcils de MERDE de grosse PUTE
textdetox@01907546324b0330d2d8b7669648cc18823323e5/fr/003265	fr	1	fuck la mère de famille qui arrive à entretenir une famille de 4 gosses avec son smic.
textdetox@01907546324b0330d2d8b7669648cc18823323e5/fr/003266	fr	1	Je comprend mieux, ce gros con a décidément aucuns scrupules à déblatérer ses merdes à tout bout de champ, putain de demago populiste de bas étages, ce type pourrait faire tapiner sa mère pour quelques voix.
textdetox@01907546324b0330d2d8b7669648cc18823323e5/fr/003267	fr	1	Encore une fois, que Fillon soit un sac à merde et un menteur, et que sa femme le soutienne ou en tout cas ne fasse pas beaucoup d'efforts pour se démarquer
textdetox@01907546324b0330d2d8b7669648cc18823323e5/fr/003268	fr	1	Tu payes beaucoup, tu te rends comptes que le DVD dans l'arrière salle c'est le même DVD que tu trouves sur internet gratuitement, et la secrétaire est une grosse connasse et, de toute évidence, la femme du patron.
textdetox@01907546324b0330d2d8b7669648cc18823323e5/fr/003269	fr	1	L'arabe qui crache par terre en voyant passer un français en Algérie c'est un gros connard de raciste, c'est tout.
textdetox@01907546324b0330d2d8b7669648cc18823323e5/fr/003270	fr	1	"L'autre conne de 'Nina freeman' fait surement partis de ces gens qui font des trucs bâclés qui ressemblent à rien au nom de ""l'indépendance""  « J'invente le fait suivant : elle ne fait que de la merde."
textdetox@01907546324b0330d2d8b7669648cc18823323e5/fr/003271	fr	1	t'es un putain de nazi t'en à conscience de ça ?     Après le droit du travail on s'attaque aux droits de l'homme...  
textdetox@01907546324b0330d2d8b7669648cc18823323e5/fr/003272	fr	1	Allez va te casser la cervelle avec un petit joint, cela nous fera des vacances.
textdetox@01907546324b0330d2d8b7669648cc18823323e5/fr/003273	fr	1	Je vais te putain d'effacer avec une précision telle qu'elle n'a jamais été vue sur terre auparavant, note bien cela.
textdetox@01907546324b0330d2d8b7669648cc18823323e5/fr/003274	fr	1	Si j'avais un marteau...   J'terroriserais le jour    J'exploserais la nuit   J'y mettrais tout mon TATP   Je bâtirais un califat   Sans tous ces infidèles  Et j'exploserais ton père   Ta mère, tes frères et tes soeurs   Hohooo, Ca serait le bonheur
textdetox@01907546324b0330d2d8b7669648cc18823323e5/fr/003275	fr	1	Faut que je te suce la bite pour me faire pardonner de t'avoir downvoté et que t'en aies plus après moi ?
textdetox@01907546324b0330d2d8b7669648cc18823323e5/fr/003276	fr	1	Nicolas fucking Bedos  Je peux pas le voir putain, j'ai envie de le cogner dès que je vois sa putain de tronche de con
textdetox@01907546324b0330d2d8b7669648cc18823323e5/fr/003277	fr	1	Fuck ces gros nerds à barbe d'audiophiles]( qui y connaissent rien !
textdetox@01907546324b0330d2d8b7669648cc18823323e5/fr/003278	fr	1	Ces enfoirés m'ont volé un article quasiment mot pour mot et en plus ils ont ça dans leur CGU ?   Qu'ils meurent en enfer avec la lie de l'humanité
textdetox@01907546324b0330d2d8b7669648cc18823323e5/fr/003279	fr	1	Perso je les mets dans sa bouche avant de le mettre dans son vagin.
textdetox@01907546324b0330d2d8b7669648cc18823323e5/fr/003280	fr	1	comment on peut être aussi con en 2016 alors qu'il suffit d'ouvri wikipedia pour l'être moins  je craque là putain .. tous les jours, TOUT LES JOURS on voit que de la merde sur tout les sites/chaine info juste une bande de fumier avec un poil de pouvoir qui se sentent plus pisser parce que HURRR JAI DU POUVOIR OWISAYBON ON VA SFAIRE DU POGNON
textdetox@01907546324b0330d2d8b7669648cc18823323e5/fr/003281	fr	1	"A les écouter les musulmans ne sont pas des êtres humains mais des insectes ayant une conscience commune et incapable de penser par eux même qui cherchent à détruire la civilisation des blancs, pardon, ""the West""."
textdetox@01907546324b0330d2d8b7669648cc18823323e5/fr/003282	fr	1	Normalement ces fils de putes ils ont des voies à suivre, au-dessus de la nationale.
textdetox@01907546324b0330d2d8b7669648cc18823323e5/fr/003283	fr	1	Non seulement je suis entraîné de façon extensive au combat sans armes, mais j'ai en plus accès a un arsenal entier provenant du corps d'armée de la marine française et je vais l'utiliser en entier pour effacer ton cul misérable de la face de ce continent, espèce de petite merde.
textdetox@01907546324b0330d2d8b7669648cc18823323e5/fr/003284	fr	1	Quelle grosse serpillère à foutre de baleine, cet /u/anarcho_jospiniste.
textdetox@01907546324b0330d2d8b7669648cc18823323e5/fr/003285	fr	1	Mais ils sont cons ces africains a marcher des kilomètres pour chopper un peu de flotte.
textdetox@01907546324b0330d2d8b7669648cc18823323e5/fr/003286	fr	1	"""Oson causer"" le connard desco roi de la desinformation de gauche."
textdetox@01907546324b0330d2d8b7669648cc18823323e5/fr/003287	fr	1	soit tu aimes te faire enculer, soit tu crois encore au père noël
textdetox@01907546324b0330d2d8b7669648cc18823323e5/fr/003288	fr	1	Saloperie de pakistanais payé 3€ par heure au noir qui savent pas lire le français !
textdetox@01907546324b0330d2d8b7669648cc18823323e5/fr/003289	fr	1	Sa race la pute comment la parade est magistrale, on a tous besoin d'un film Warhammer dans sa vie
textdetox@01907546324b0330d2d8b7669648cc18823323e5/fr/003290	fr	1	Mais connard ce qu'il t'a donné c'est surtout l'opportunité de connaître une chiée de producteurs avant tes douze ans...
textdetox@01907546324b0330d2d8b7669648cc18823323e5/fr/003291	fr	1	En gros un des modos est un connard type /r/european donc il a viré certains en dessous de lui et d'autres se sont barrés.
textdetox@01907546324b0330d2d8b7669648cc18823323e5/fr/003292	fr	1	a la ptite connasse de séjour en France, pour *anti-Francisme* virulent pour ainsi dire.
textdetox@01907546324b0330d2d8b7669648cc18823323e5/fr/003293	fr	1	Je vomis les représentations de merde de cette sous-culture de merde, mais s'imaginer que c'est une machine de propagande au service de patriarcat est une débilité sans nom.
textdetox@01907546324b0330d2d8b7669648cc18823323e5/fr/003294	fr	1	J'suis pas d'ton clan pas d'ta race Mais j'sais qu'le coup d'pied au cul Que j'file au bourgeois qui passe y vient d'l'école de la rue Et y salit ma godasse
textdetox@01907546324b0330d2d8b7669648cc18823323e5/fr/003295	fr	1	Quelle bandes de connasses, je leur souhaite le pire à ces sorcières.
textdetox@01907546324b0330d2d8b7669648cc18823323e5/fr/003296	fr	1	Non non tu n'as pas compris, certes tu es temporairement une sous-merde mais seulement ***dans l'état actuel des choses***, pense à tout ton potentiel que Macron va débloquer en t'obtenant un emploi flexible pour secouer un peu ton mode de vie de grosse larve et faire de toi un travailleur acharné enfin **fier** de sa boîte et productif !
textdetox@01907546324b0330d2d8b7669648cc18823323e5/fr/003297	fr	1	Non seulement il est entraîné de façon extensive au combat sans crème, mais il a en plus accès a un arsenal entier de glucides provenant du corps des soldats de la marine française et il va l'utiliser en entier pour effacer ton cul misérable de la face de ce continent, espèce de petite merde.
textdetox@01907546324b0330d2d8b7669648cc18823323e5/fr/003298	fr	1	Le Parisien est un connard, mais il vient des mêmes coins que les gens qui le disent.
textdetox@01907546324b0330d2d8b7669648cc18823323e5/fr/003299	fr	1	Toi, là, le fils bâtard de chien de putain vérolée à la marmelade de cyprine rance, le mélanchoniste de mes couilles qui habite à Paris avec l'argent que tu mendies à tes vieux tous les week-ends, parce que c'est tellement chic de pouvoir se la péter genre tu vas tous les soirs à des expos d'art contemporain que t'as jamais rien compris, quand en fait tu passes ton mercredi soir à te branler sur les photos porno de l'antifa à dreads qui montre sa shnek pour montrer qu'elle est trop libre.
textdetox@01907546324b0330d2d8b7669648cc18823323e5/fr/003300	fr	1	Bande de cons va, faudra pas venir vous plaindre après que vous vous êtes fait bien enculé.  
textdetox@01907546324b0330d2d8b7669648cc18823323e5/fr/003301	fr	1	T'es juste un petit troll de merde qui s'amuse à insulter ses interlocuteurs.  
textdetox@01907546324b0330d2d8b7669648cc18823323e5/fr/003302	fr	1	Hey, je sais que ton père t'a fini à la pisse parce que ta sœur lui avait mordu la couille gauche, mais merde, c'est pas bien compliqué, c'est marqué dans le titre : on parle mal de la musique.
textdetox@01907546324b0330d2d8b7669648cc18823323e5/fr/003303	fr	1	Oui, tu peux effectivement fermer ta putain de gueule si la seule chose que t'as à répéter c'est que t'aimes pas Charlie Hebdo.
textdetox@01907546324b0330d2d8b7669648cc18823323e5/fr/003304	fr	1	Et qui ne demandent qu'à coucher, mais ce sont les femmes les putes.
textdetox@01907546324b0330d2d8b7669648cc18823323e5/fr/003305	fr	1	J'veux dire, la France, c'est vraiment pourri, tous des cons, mais alors ici, mais c'est juste le summum.
textdetox@01907546324b0330d2d8b7669648cc18823323e5/fr/003306	fr	1	Putain, vu la tronche, je suis pas prêt de niquer...  Petit con va, je viens t'enseigner des choses bien plus importantes que le sexe...  Genre, le sens de la vie et tout?  
textdetox@01907546324b0330d2d8b7669648cc18823323e5/fr/003307	fr	1	Et puis quid de bing qwant et duckduckgo?  Sérieux quand je vois ces trous du cul plongés dans le moyen âge et leur bureaucratie, complètement déconnecté de la réalité, j'ai vraiment envie de leurs mettre des baffes!
textdetox@01907546324b0330d2d8b7669648cc18823323e5/fr/003308	fr	1	Il fait que des films de merde et il est responsable d'EuropaCorp, ce mec ne fait que des films de beaufs de merde Tous ses films sont de la merde, que ce soit leon, cinquième élément ou ses banlieues 13 de merde ou les racailles passent pour des héros  Mais bon vu le succès de Lucy, gros truc de beauf, ça m'étonne pas qu'il ait encore du fric pour financer ses merdes
textdetox@01907546324b0330d2d8b7669648cc18823323e5/fr/003309	fr	1	Même si l'interlocuteur est la pire raclure de bidet, mon comportement n'en est pas plus digne quand je dis que j'ai envie de lui casser la gueule ainsi que de détruire sa voiture.   
textdetox@01907546324b0330d2d8b7669648cc18823323e5/fr/003310	fr	1	quel genre de gros fils a putain est capable de ce genre de truc  j'espère que les CRS leur ont fait avaler leurs dents
textdetox@01907546324b0330d2d8b7669648cc18823323e5/fr/003311	fr	1	"Unworthy ""French"" redditors herein, - Retournez à votre MacMerde chéri, incultes abrutis, fossoyeurs ineptes de vos propres traditions, et vous en félicitant en branleurs récursifs pour mieux croire de concert sucer bien, en l'espèce, les doigts de pieds de l'anglo-saxon (anglophone à tout le moins, yeah) s'y intéressant, lequel, dès lors, en bon pirate héréditaire sinon par pure humanité, d'autant vous méprisera.  "
textdetox@01907546324b0330d2d8b7669648cc18823323e5/fr/003312	fr	1	Je suis sûr que ces débiles mentaux iront chialer après quand Le Pen sera à 80%  Sales ordures
textdetox@01907546324b0330d2d8b7669648cc18823323e5/fr/003313	fr	1	"Je ne sais pas non plus de quelle profondeur de ton trou de balle tu sors ce ""on"" qui traite l'islamisme radical avec douceur, mais tu m'excuseras de voir les millions de Français qui haïssent notre France au point de vouloir élire une femme qui bafoue toute notre République comme un danger plus immédiat que quelques dizaines de milliers de gens tout aussi cons et puants mais qui eux ne pourront jamais renverser nos institutions."
textdetox@01907546324b0330d2d8b7669648cc18823323e5/fr/003314	fr	1	Paris est un genre de fosse à merde, et les parisiens y sont très biens.
textdetox@01907546324b0330d2d8b7669648cc18823323e5/fr/003315	fr	1	Ca n'empêche pas Bolloré d'être un sale con qui fait chier son monde.
textdetox@01907546324b0330d2d8b7669648cc18823323e5/fr/003316	fr	1	Je vais te putain d'effacer avec une précision telle qu'elle n'a jamais été vue sur terre auparavant, note bien cela.
textdetox@01907546324b0330d2d8b7669648cc18823323e5/fr/003317	fr	1	"Fermez tous vos gueules avec vos ""SUR"", vous me pétez les couilles."
textdetox@01907546324b0330d2d8b7669648cc18823323e5/fr/003318	fr	1	* J'ai envie de fracasser la tronche de tous les trous du cul à la mentalité nationaliste et rétrograde, à tous ceux qui œuvrent et manifestent contre les droits d'autrui de peur que ça ne grignote sur les leurs, terrés dans leurs cercles morbides de consanguinité.
textdetox@01907546324b0330d2d8b7669648cc18823323e5/fr/003319	fr	1	Sauf la Goutte d'or, eux ils peuvent bien aller se faire enculer.
textdetox@01907546324b0330d2d8b7669648cc18823323e5/fr/003320	fr	1	prépare ton anus, vermine, le zip qui va détruire cette chose insignifiante que tu appelles ton slip.
textdetox@01907546324b0330d2d8b7669648cc18823323e5/fr/003321	fr	1	"C'est un trou du cul, mais franchement revenir sur ses propos ""à l'occasion"" des attentats, c'est débile."
textdetox@01907546324b0330d2d8b7669648cc18823323e5/fr/003322	fr	1	D'autre part, c'est une putain de salope qui a bien mérité son insulte.  ferme ta bouche toi parce que je te jure...  C'est un conseil légal.
textdetox@01907546324b0330d2d8b7669648cc18823323e5/fr/003323	fr	1	Ce qui est mignon, c'est d'imaginer une culture où des homos agressifs seraient la culture dominante et mettraient un doigt dans le cul d'AnonBaguette dans ses soirées, lui enculeraient la bouche sans préliminaire en plan d'un soir, et le traiteraient de prude quand il dirait qu'il est pas à l'aise.
textdetox@01907546324b0330d2d8b7669648cc18823323e5/fr/003324	fr	1	, on te sucre tes allocs parce que t'es qu'un sale assisté qui saigne le système social français.
textdetox@01907546324b0330d2d8b7669648cc18823323e5/fr/003325	fr	1	, les républicains / sénateurs sont des petites putes y a pas de doute.
textdetox@01907546324b0330d2d8b7669648cc18823323e5/fr/003326	fr	1	Mais le truc c'est que je suis pas trop à l'aise de l'insulter quoi... bitch, salope, tout ça... J'ai envie de lui démonter les hanches mais je veux pas lui dire que c'est une sous-merde quoi.
textdetox@01907546324b0330d2d8b7669648cc18823323e5/fr/003327	fr	1	"Cela dit, les bombasses salopes qui grenouillent dans ce baisodrome genre ""attachées de presse"" (jtattacherais bien au lit, moi) ou ""assistantes parlementaires"" (si tu pouvais ""m'assister"" à enculer ta salope de collègue), sans parler des journalistes petasses de BFM TV, (échange pipe contre exclu) qui te vibrionnent autour comme les putes à l'Aphrodite (l'un des meilleurs bordels d'Europe, j'ai testé pour vous !), c'est pas un mythe...   "
textdetox@01907546324b0330d2d8b7669648cc18823323e5/fr/003328	fr	1	Mais nan, t'emballe pas c'est juste une conne, il y en a autant que des cons.
textdetox@01907546324b0330d2d8b7669648cc18823323e5/fr/003329	fr	1	La femme habillée à l'occidentale est donc une putain qui mérite le harcèlement sexuel car elle est immodeste, impure et brûlera en enfer avec les autres mécréants coupables de comportements déviants.  
textdetox@01907546324b0330d2d8b7669648cc18823323e5/fr/003330	fr	1	Toi tu n'as pas le droit car tu es un bâtard de chien de dominateur.
textdetox@01907546324b0330d2d8b7669648cc18823323e5/fr/003331	fr	1	Nous n'écrivons pas la date car nous n'avons pas de calendrier, le mois est dans le ciel, l'année est dans un livre et le jour est le même ici que chez toi et pour cela tu peux nous baiser le cul !
textdetox@01907546324b0330d2d8b7669648cc18823323e5/fr/003332	fr	1	Autant Hanouna j'aime pas son emission, autant Guillon c'est vraiment l'un des pires trous de balle donneur de leçons du PAF, je lui roulerais volontiers sur la gueule avec ma bagnole.  
textdetox@01907546324b0330d2d8b7669648cc18823323e5/fr/003333	fr	1	c'est un gros connard qui publie la tête des gens sans leur demander leur autorisation.
textdetox@01907546324b0330d2d8b7669648cc18823323e5/fr/003334	fr	1	Oh la réponse de vieux connard plein de sel c'est triste franchement.
textdetox@01907546324b0330d2d8b7669648cc18823323e5/fr/003335	fr	1	Tu ne craches pas sur Macron, donc tu es soit un méchant capitaliste bourgeois de merde ou alors un sale bobo de gauche caviar immigrationniste.
textdetox@01907546324b0330d2d8b7669648cc18823323e5/fr/003336	fr	1	"si tu bandes pas en me voyant t'es qu'un sale PD  La bonne réponse, c'est ""Non, t'es juste moche."
textdetox@01907546324b0330d2d8b7669648cc18823323e5/fr/003337	fr	1	"Alors le coup du ""c'est de leur faute et méritent"", j'ai envie de te traiter d'enculé."
textdetox@01907546324b0330d2d8b7669648cc18823323e5/fr/003338	fr	1	C'est peut être aussi juste une connasse,  il y en a partout et si elle sait pas gérer ses employés c'est aussi sa faute....
textdetox@01907546324b0330d2d8b7669648cc18823323e5/fr/003339	fr	1	[Tuto pour devenir un **GROS FILS DE PUTE** et être con](   Edit :
textdetox@01907546324b0330d2d8b7669648cc18823323e5/fr/003340	fr	1	"Antoine Léaument  C'est tellement une pute ce mec, au passage il est d'une suffisance avec sa chaîne ""Le Bon Sens"""
textdetox@01907546324b0330d2d8b7669648cc18823323e5/fr/003341	fr	1	Putain mais pourquoi des gros connards de grimpeurs s'incrustent à toutes mes soirées??????
textdetox@01907546324b0330d2d8b7669648cc18823323e5/fr/003342	fr	1	Et visiblement un connard fini, imbu de lui même et hautain à en crever.
textdetox@01907546324b0330d2d8b7669648cc18823323e5/fr/003343	fr	1	Je vais te putain d'effacer avec une précision telle que n'en a jamais été vue sur terre auparavant, note bien ça.
textdetox@01907546324b0330d2d8b7669648cc18823323e5/fr/003344	fr	1	Quelle bande d'énormes merdes, y'a pas de mots assez forts pour qualifier ces ordures.
textdetox@01907546324b0330d2d8b7669648cc18823323e5/fr/003345	fr	1	Et non ce n'est pas immoral, ces fils de putes veulent tuer nos enfants.
textdetox@01907546324b0330d2d8b7669648cc18823323e5/fr/003346	fr	1	C'est même pas ça, la place des arabes avec des idées extrêmes et incompatibles avec nos sociétés, oui, et c'est pas juste les blancs, je connais un paquet d'arabes qui serait très contents si tous ces connards dégageaient.
textdetox@01907546324b0330d2d8b7669648cc18823323e5/fr/003347	fr	1	Non, par contre je tuerais bien un policier pour lui voler son casque, puis je chierais dedans, je l'offrirais à sa veuve, et le volerais à nouveau](
textdetox@01907546324b0330d2d8b7669648cc18823323e5/fr/003348	fr	1	Tous à poil et enculez-vous les uns les autres, ça vous fera du bien.
textdetox@01907546324b0330d2d8b7669648cc18823323e5/fr/003349	fr	1	J'ai un peu l'impression que tu es un gros con là tout de suite, mais j'ai dû mal comprendre ton message je pense.
textdetox@01907546324b0330d2d8b7669648cc18823323e5/fr/003350	fr	1	Donc ta jolie réthorique de merde, tu te la carres où je pense.  
textdetox@01907546324b0330d2d8b7669648cc18823323e5/fr/003351	fr	1	La preuve que les provinciaux sont tous des gros cons peu importe où ils y vivent.
textdetox@01907546324b0330d2d8b7669648cc18823323e5/fr/003352	fr	1	Cette même grosse pute qui vient ensuite pleurer parce qu'elle voudrait être considérée comme étant également une victime.  Parles-tu de la mère de Bilal Hafdi ?
textdetox@01907546324b0330d2d8b7669648cc18823323e5/fr/003353	fr	1	Si oui, eh bien tu es complètement con :)  Ça n'empêche que ton exemple (le lien du monde que tu fournis plus haut), c'était de la merde.
textdetox@01907546324b0330d2d8b7669648cc18823323e5/fr/003354	fr	1	C'est le moment où je fais mon pédant pédestre, et je dis que ce film est une grosse bouse et que Beigbeder est une raclure de merde.
textdetox@01907546324b0330d2d8b7669648cc18823323e5/fr/003355	fr	1	mon argument j aurai jamais du dire ca mais ce putain de ton condescendant qu ils ont ici ca me rend fou  tu dis un truc qui est pas du conventionnel on te chie dessus
textdetox@01907546324b0330d2d8b7669648cc18823323e5/fr/003356	fr	1	avec autant d'électeurs qui aiment se faire enculer à sec, ils ont raison de continuer...
textdetox@01907546324b0330d2d8b7669648cc18823323e5/fr/003357	fr	1	Cette BD dépeint la vie du quotidient pour tlm, mais les étrons féministes feignasses trouvent ça scandaleux et veulent qu'on les paie rien que pour bouger leur cul du fauteuil.
textdetox@01907546324b0330d2d8b7669648cc18823323e5/fr/003358	fr	1	Ça reste une religion débile qui célèbre un chef guerrier violeur et pédophile...
textdetox@01907546324b0330d2d8b7669648cc18823323e5/fr/003359	fr	1	Mais tu ne l'a pas fait, non tu ne l'a pas fait, et maintenant tu en paye le prix, putain d'abruti.
textdetox@01907546324b0330d2d8b7669648cc18823323e5/fr/003360	fr	1	Je te ferais disparaitre de cette putain de planète avec une précision jamais-vue auparavant, souviens-toi de mes putains de paroles.
textdetox@01907546324b0330d2d8b7669648cc18823323e5/fr/003361	fr	1	On est d'accord, fuck les bus, fuck les travaux, fuck la sncf et ses retards de merde!
textdetox@01907546324b0330d2d8b7669648cc18823323e5/fr/003362	fr	1	Je vais chier ma fureur sur tout ton corps, et tu te noieras dedans.
textdetox@01907546324b0330d2d8b7669648cc18823323e5/fr/003363	fr	1	Et en plus ces connards de lardons ne rendent pas beaucoup de graisse, saloperie !!
textdetox@01907546324b0330d2d8b7669648cc18823323e5/fr/003364	fr	1	J'espère que ces connards du FN et des LR vont pas putain oser récupérer ces attaques.
textdetox@01907546324b0330d2d8b7669648cc18823323e5/fr/003365	fr	1	Je vais te démonter ta mère avec une précision jamais vue auparavant, et je pèse mes mots.
textdetox@01907546324b0330d2d8b7669648cc18823323e5/fr/003366	fr	1	Trop de la merde cette video de sale bouffons, les syriens / rebelles doivent etre MORT DE RIRE eux aussi.
textdetox@01907546324b0330d2d8b7669648cc18823323e5/fr/003367	fr	1	Tout ce qu'ils font c'est asperger des yeux de Serum phy désinfecter des plaies avec de l'alcool et mettre des bandages, ces fils de pute de flics veulent juste mettre des bâtons dans les roues.
textdetox@01907546324b0330d2d8b7669648cc18823323e5/fr/003368	fr	1	qu'ils sont pas tous comme ça les migrants, mais malgré moi je peux pas m'empêcher de foutre le même calque que ces trois fils de pute sur l'ensemble de la populace migratoire.
textdetox@01907546324b0330d2d8b7669648cc18823323e5/fr/003369	fr	1	Mais tu pouvais pas, tu l'as pas fait, et maintenant t'en payes le prix, petit con.
textdetox@01907546324b0330d2d8b7669648cc18823323e5/fr/003370	fr	1	Putain la gerbe, tu serais pas aussi du genre à mettre des pompes à doigts de pieds séparés quand le soleil point le bout de son nez dans ton trou à rats?
textdetox@01907546324b0330d2d8b7669648cc18823323e5/fr/003371	fr	1	En plus, les petits Africains sont bien mieux élevés que ces petits connards français.
textdetox@01907546324b0330d2d8b7669648cc18823323e5/fr/003372	fr	1	Arrête la branlette intellectuelle, ca te met le cerveau dans le mauvais sens.
textdetox@01907546324b0330d2d8b7669648cc18823323e5/fr/003373	fr	1	Et on leur fou le nez dans la merde à grand coup de salaud de patrons
textdetox@01907546324b0330d2d8b7669648cc18823323e5/fr/003374	fr	1	Nique ces gros cons de merde qui pensent réellement que les plus démunis sont un poids pour notre société alors que les plus riches s'en foutent plein les fuilles chaque jour et que chaque année on nous annonce avec surprise que les plus grosses fortunes ont encore gagné plus.
textdetox@01907546324b0330d2d8b7669648cc18823323e5/fr/003375	fr	1	Je leur souhaite de se vautrer sur tout la longueur de la route avec leurs putain de birk.
textdetox@01907546324b0330d2d8b7669648cc18823323e5/fr/003376	fr	1	Ces nègres sont d'ailleurs bien mieux nourris et soignes que s'ils étaient laissés dans leur état sauvage.
textdetox@01907546324b0330d2d8b7669648cc18823323e5/fr/003377	fr	1	Les petits cons bobos dans ton genre sont bien contents de se cacher derrière les fachos quand c'est la merde.
textdetox@01907546324b0330d2d8b7669648cc18823323e5/fr/003378	fr	1	Qu'elle aille sucer des queues elle-même pour savoir si c'est libérateur.
textdetox@01907546324b0330d2d8b7669648cc18823323e5/fr/003379	fr	1	Qu'ils s'occupent de nos roms et de nos connards de cité pourris.
textdetox@01907546324b0330d2d8b7669648cc18823323e5/fr/003380	fr	1	Salauds de noirs qui viennent voler le travail des français en touchant le RSA
textdetox@01907546324b0330d2d8b7669648cc18823323e5/fr/003381	fr	1	* j'ai baisé une fille puis après elle est tombé dans les pommes *hurr durr* la vie
textdetox@01907546324b0330d2d8b7669648cc18823323e5/fr/003382	fr	1	Non mais elle est juste conne, je pense qu'elle fait pas exprès d'être comme ça
textdetox@01907546324b0330d2d8b7669648cc18823323e5/fr/003383	fr	1	Putain d'enfoiré d'homme blanc qui se prend pour la master race en ayant la prétention de montrer l'exemple au reste de la terre.
textdetox@01907546324b0330d2d8b7669648cc18823323e5/fr/003384	fr	1	je suis ravi qu'il se bouffe sa merde dans la gueule, autant le voir s'enfoncer autant dans le déni devient malaisant.
textdetox@01907546324b0330d2d8b7669648cc18823323e5/fr/003385	fr	1	[Baiser dans la vie, ces fils de pute j'leur mets la fessée  Aisé ouais
textdetox@01907546324b0330d2d8b7669648cc18823323e5/fr/003386	fr	1	Putain t'es trop con fallait faire une soumission à part pour gratter plus de Karma !  
textdetox@01907546324b0330d2d8b7669648cc18823323e5/fr/003387	fr	1	laisse toi faire et ferme la   laisse moi rester encore en toi   laisse moi profiter de ton corps   laisse moi te violer quand tu dors   
textdetox@01907546324b0330d2d8b7669648cc18823323e5/fr/003388	fr	1	Putain je pensais vivre dans un pays où les gens ont accès à l'école et à la culture et je me rends compte que, putain, des débiles y'en a tellement aujourd'hui, que cette truie pourrait passer.
textdetox@01907546324b0330d2d8b7669648cc18823323e5/fr/003389	fr	1	(Ca va j'ai bon là, venez à moi avec vos blagues belges de merde, coluche je l'encule aussi comme dit Walter heureusement celui-là un camion lui a fermé sa grande gueule).
textdetox@01907546324b0330d2d8b7669648cc18823323e5/fr/003390	fr	1	Qu'est ce que tu viens de putain de dire à propos de moi, petite salope?
textdetox@01907546324b0330d2d8b7669648cc18823323e5/fr/003391	fr	1	Et toi, journaliste à la con, recentre-toi sur les vrais préoccupations du français moyen, plutôt que croire qu'une merde de chien en plein milieu du trottoir soulève l'indignation du quartier huppé dans lequel tu vis.
textdetox@01907546324b0330d2d8b7669648cc18823323e5/fr/003392	fr	1	on est obligé d'aimer l'islam et son prophete pédophile et ses affidés qui veulent faire passer leur loi moyenageuse avant les lois de la république?   c'est ca être un gros connard?
textdetox@01907546324b0330d2d8b7669648cc18823323e5/fr/003393	fr	1	Enfin bref, je suis même pas étonné que les choses se soient passé comme ça, mais j'aime vraiment pas que cette réponse soit la norme alors qu'en même temps on me dis que j'exagère quand je dis que le type moyen est un connard qui mérite de crever la bouche ouverte.
textdetox@01907546324b0330d2d8b7669648cc18823323e5/fr/003394	fr	1	Rien ne peut effacer une sortie en poule a l amaison, surtout pas ces bites de français qui se prennent une branlée pat les ABs, c'est d'un commun.
textdetox@01907546324b0330d2d8b7669648cc18823323e5/fr/003395	fr	1	Mais nan connard c est juste une mauvaise compréhension de reddit je pensais que l auteur était modo du post...apres le con il t encule au risque de faire pédé...
textdetox@01907546324b0330d2d8b7669648cc18823323e5/fr/003396	fr	1	Ces enculés ~~d'étrangers~~ de pauvres quand même qui volent ~~notre
textdetox@01907546324b0330d2d8b7669648cc18823323e5/fr/003397	fr	1	Hanouna à été un connard de première catégorie, et le fait qu'il ne s'est jamais excuser et qu'ensuite il a attaqué les associations LGBT en justice fait de lui la pire raclure de l'histoire de la télévision française.
textdetox@01907546324b0330d2d8b7669648cc18823323e5/fr/003398	fr	1	(ou de la mauvaise foi, je te laisse le bénéfice du doute)  Sur ce, je te souhaite une bonne journée, voire de te rassurer sur ta non-homophobie autant que tu veux, et de continuer à profiter la sodomie sans entrave et éventuellement d'aller te faire enculer, au sens propre du terme.
textdetox@01907546324b0330d2d8b7669648cc18823323e5/fr/003399	fr	1	Le français moyen est un con fini, haineux, raciste, obtu et ignorant.
textdetox@01907546324b0330d2d8b7669648cc18823323e5/fr/003400	fr	1	En fait tu es juste un gros beauf qui trouve des excuses pour ne pas bouger ses grosses fesses du fauteuil.
textdetox@01907546324b0330d2d8b7669648cc18823323e5/fr/003401	fr	1	Ce gros connard s'amusait à donner des coups de pied aux testicules.    
textdetox@01907546324b0330d2d8b7669648cc18823323e5/fr/003402	fr	1	, passe tout le repas à imiter ta meuf qui hurle au lit comme une poissonnière, et décrit comment elle t'a sucé la queue comme la gourmande bouffeuse de bite qu'elle est.
textdetox@01907546324b0330d2d8b7669648cc18823323e5/fr/003403	fr	1	En fait, ce qu'il dit c'est globalement la position de la plupart des leaders du Remain au R-U. En gros, vous êtes juste une bande de cons racistes qui n'y comprend rien.
textdetox@01907546324b0330d2d8b7669648cc18823323e5/fr/003404	fr	1	Tous des fils de putes de monstres qui ne méritent qu'une seule chose : la mort.
textdetox@01907546324b0330d2d8b7669648cc18823323e5/fr/003405	fr	1	Rah t'es vraiment qu'une grosse pute, Jesus Christ you fat ass bitch
textdetox@01907546324b0330d2d8b7669648cc18823323e5/fr/003406	fr	1	j'te nique ta mère, donc c'est ta mère qui est menacée  Quel brillant intellect.
textdetox@01907546324b0330d2d8b7669648cc18823323e5/fr/003407	fr	1	Ou est-ce qu'à force de sucer ton père t'as la bouche qui ne ferme plus correctement ?
textdetox@01907546324b0330d2d8b7669648cc18823323e5/fr/003408	fr	1	Je vais t'exterminer ta race avec une précision telle qui n'aura jamais été observée sur Terre, retiens bien ça.
textdetox@01907546324b0330d2d8b7669648cc18823323e5/fr/003409	fr	1	Avec tous mes negro  On nique la gestapo  Thug life Mémé  Fait pleuvoir la liasse de ticket  Le rationnement c'est pour les fragiles  
textdetox@01907546324b0330d2d8b7669648cc18823323e5/fr/003410	fr	1	Je me surprend à faire  le vieux con et à gueuler contre les jeunes fils de putains ( et sans doute parisiens) qui laissent leurs papiers gras partout.   Sinon, j'ai baisé une baboss; y avait du poil partout et une chatte qui renifle.
textdetox@01907546324b0330d2d8b7669648cc18823323e5/fr/003411	fr	1	Y'a des sacrés fils de pute sur cette terre quand même ( me bannissez pas svp, j'ai le droit de l'insulter lui)
textdetox@01907546324b0330d2d8b7669648cc18823323e5/fr/003412	fr	1	Je suis pas près de revenir vers toi Apple, tu donnes librement mes infos à la NSA mais moi je peux pas y accéder, go fuck yourself !  
textdetox@01907546324b0330d2d8b7669648cc18823323e5/fr/003413	fr	1	 est une crevure irrécupérable qui mérite de mourir  J'ai jamais dit ça.
textdetox@01907546324b0330d2d8b7669648cc18823323e5/fr/003414	fr	1	Faut dire que ça faisait déjà quelques minutes qu'il se disait qu'il irait bien lui niquer son plan, à ce connard.
textdetox@01907546324b0330d2d8b7669648cc18823323e5/fr/003415	fr	1	Ce type, cette raclure, va mourir riche, ventripotent et bien bronzé, alors qu'il devrait agoniser dans une cellule, grignoté par les rats et la gangrène, au minimum, pour tout le mal qu'il a propagé et qu'il incarne.
textdetox@01907546324b0330d2d8b7669648cc18823323e5/fr/003416	fr	1	Ecoute moi bien, ImaJewReadytobeSoap, tu baises les ménagères, tu dois avoir le cul qui brille, mais c'est pas ça qu'on appelle la classe, je te dis ça en qualité d'homme le plus classe du monde.
textdetox@01907546324b0330d2d8b7669648cc18823323e5/fr/003417	fr	1	Mais que taubira defende cet abrutis ...  Ce mec est un petit con qui coule tout le monde , et qui du coup va etre monte en epingle par des personnes comme toi.  Et en face ils vont se crisper encore plus et encore plus defendre les abrutis de leur groupe.  
textdetox@01907546324b0330d2d8b7669648cc18823323e5/fr/003418	fr	1	Les Anglois voient jamais le soleil sur leur île de merde, du coup ils sont blancs comme des culs (et ils ont la tête qui va avec, en plus).
textdetox@01907546324b0330d2d8b7669648cc18823323e5/fr/003419	fr	1	-être que si les pédés se suicident c'est qu'ils en ont marre de se faire enculer
textdetox@01907546324b0330d2d8b7669648cc18823323e5/fr/003420	fr	1	On voit à sa petite gueule satisfaite qu'il ne doit plus survivre avec son smic de sénateur à 4000 balles, cette pauvre merde.
textdetox@01907546324b0330d2d8b7669648cc18823323e5/fr/003421	fr	1	Et après tu reviens voir tes tantes qui ont chié sur ta mère dans le dos de tout le monde et tu dois être sympa.
textdetox@01907546324b0330d2d8b7669648cc18823323e5/fr/003422	fr	1	" ""les cochons on passé une vie misérable en élevage"" ferme ta gueule la dessus c'est pas le propos de ta putain de vidéo."
textdetox@01907546324b0330d2d8b7669648cc18823323e5/fr/003423	fr	1	Ils m'avaient pas manqués, ces fils de pute d'enculés de moustiques.   (ou alors, au vu de la bosse que j'ai dans le dos, c'est une araignée qui m'a bouffé, la salope)
textdetox@01907546324b0330d2d8b7669648cc18823323e5/fr/003424	fr	1	Je vais me gaver tellement sur votre cul que même les dictateurs viendront en séminaire dans mon château de campagne.
textdetox@01907546324b0330d2d8b7669648cc18823323e5/fr/003425	fr	1	ce mec m'insupporte  Je voudrais claquer des doigts et faire que toutes les gifles qui ont ete donnees depuis le debut de l'humanite s'abattent soudainement sur sa sale gueule de tete a claques.
textdetox@01907546324b0330d2d8b7669648cc18823323e5/fr/003426	fr	1	Explication évidente mais trop souvent négligée : les Américains sont des cons !
textdetox@01907546324b0330d2d8b7669648cc18823323e5/fr/003427	fr	1	« Putain de saloperie de grosse pute de sa mère fait chier putain de bordel merde d'enculé de bureau de merde. »
textdetox@01907546324b0330d2d8b7669648cc18823323e5/fr/003428	fr	1	Qu'est ce que tu viens de putain de dire à propos de moi, petite salope?
textdetox@01907546324b0330d2d8b7669648cc18823323e5/fr/003429	fr	1	Cette même grosse pute qui vient ensuite pleurer parce qu'elle voudrait être considérée comme étant également une victime.  
textdetox@01907546324b0330d2d8b7669648cc18823323e5/fr/003430	fr	1	C'est vrai que ces enculés de cocos qui font un embargo de 50 ans ils cherchent la merde.
textdetox@01907546324b0330d2d8b7669648cc18823323e5/fr/003431	fr	1	LeCorbusier fait de gros tas de merde, et Deschamps fait les chiottes pour les accueillir.
textdetox@01907546324b0330d2d8b7669648cc18823323e5/fr/003432	fr	1	Par contre les italiens c'est des fils de pute, ils m'ont fait chier autant que jvc, bande de crevards ultra-alpins.
textdetox@01907546324b0330d2d8b7669648cc18823323e5/fr/003433	fr	1	Ce double langage de fils de pute entre les déclas de Macron et les actions de Collomb  Et dire que ce mec se dit socialiste...
textdetox@01907546324b0330d2d8b7669648cc18823323e5/fr/003434	fr	1	Après moi allez vous faire foutre, moi j'ai bien profité et bouffé des espèces protégées.
textdetox@01907546324b0330d2d8b7669648cc18823323e5/fr/003435	fr	1	"Ce qui est de la merde, c'est votre anglais minable, incompréhensible quand vous le parlez mais qui ne vous empêche pas de massacrer tous ses mots quand vous tentez d'être ""cool ce weekend en faisant du shopping..."" Tu tienes un cerebro de cabra..."
textdetox@01907546324b0330d2d8b7669648cc18823323e5/fr/003436	fr	1	J'ai envie de me faire une playlist bien rétro  Autre sujet : va bien te faire m*tre enfoiré de cerveau.
textdetox@01907546324b0330d2d8b7669648cc18823323e5/fr/003437	fr	1	Je ne suis pas une lesbienne, moi, je voudrais qu'il me baise comme une brute, qu'il me fasse mal, merde, qu'il me déchire.
textdetox@01907546324b0330d2d8b7669648cc18823323e5/fr/003438	fr	1	party sauvage chez les Balkany, chier dans la décapotable et décapiter les nains de jardin, c'est productif.
textdetox@01907546324b0330d2d8b7669648cc18823323e5/fr/003439	fr	1	Les Français sont des connard hautains et xénophobes qui envoient chier en leur crachant dessus toute personne qui les aborde, alors qu'ils le font de la manière la plus respectable qui soit.
textdetox@01907546324b0330d2d8b7669648cc18823323e5/fr/003440	fr	1	A base de J'encule le cinéma français et de Allez vous faire baiser avec vos films de merde.
textdetox@01907546324b0330d2d8b7669648cc18823323e5/fr/003441	fr	1	Même jeune sa tronche de petit con arriviste me donne des pulsions pas gentilles
textdetox@01907546324b0330d2d8b7669648cc18823323e5/fr/003442	fr	1	La prochaine fois que jverrais un clodo, jlui dirait qu'en corée du nord on torture des gens, alors il peut fermer sa gueule et se bouger ce sale parasite.
textdetox@01907546324b0330d2d8b7669648cc18823323e5/fr/003443	fr	1	Ils généralisent beaucoup trop dans ce thread, tous des connards ces ricains !
textdetox@01907546324b0330d2d8b7669648cc18823323e5/fr/003444	fr	1	je me dit que t'es con, pas un seul moment, je me dit que t'es raciste.
textdetox@01907546324b0330d2d8b7669648cc18823323e5/fr/003445	fr	1	Non mais les nanas qui font ça sont des connasses mal élevées,  c'est tout.
textdetox@01907546324b0330d2d8b7669648cc18823323e5/fr/003446	fr	1	Je préconise d'arrêter ces putains de trou du cul qui sont fichés S, ainsi que ceux qui reviennent de Syrie.   
textdetox@01907546324b0330d2d8b7669648cc18823323e5/fr/003447	fr	1	En moins poétique :  Sont cul doit être jaloux de toute cette merde qui sort de sa bouche.
textdetox@01907546324b0330d2d8b7669648cc18823323e5/fr/003448	fr	1	Le meilleur moyen de faire avancer l'humanité est de remettre à leur place ces cons de parigots.
textdetox@01907546324b0330d2d8b7669648cc18823323e5/fr/003449	fr	1	Poutine, le mec qui te pisse dessus et qui te jure en te regardant droit dans les yeux, la bite encore à la main, que c'est juste la pluie.
textdetox@01907546324b0330d2d8b7669648cc18823323e5/fr/003450	fr	1	Peut-être que Marie-Sophie est une grosse connasse et qu'ils veulent pas lui faire plaisir ?
textdetox@01907546324b0330d2d8b7669648cc18823323e5/fr/003451	fr	1	Je me suis demandé en tant qu'ingé si je devais pas leur foutre un coup de pelle derrière la nuque et les enterrer dans les bois près de la fac.
textdetox@01907546324b0330d2d8b7669648cc18823323e5/fr/003452	fr	1	- Les enc**** de directeurs/managers qui dansent avec les jeunettes bonnasses #jaloux  
textdetox@01907546324b0330d2d8b7669648cc18823323e5/fr/003453	fr	1	Si y'en a qui me lisent, allez bien niquer vos races bande de sous merde, je vous méprise.  
textdetox@01907546324b0330d2d8b7669648cc18823323e5/fr/003454	fr	1	mais les connards comme le dessinateur de cette immonde merde  Tu sais, t'es pas obligé d'insulter l'auteur toutes les deux lignes pour que ton message ait plus de poids.
textdetox@01907546324b0330d2d8b7669648cc18823323e5/fr/003455	fr	1	Non mais quand t'es une meuf qui vote pour ses enculés, désolé, mais pour moi t'es aussi con qu'un gars.  
textdetox@01907546324b0330d2d8b7669648cc18823323e5/fr/003456	fr	1	Pour les niquer il faudrait connaître leur nationalité, et les poutrer en heure creuse selon leur fuseau horaire;  
textdetox@01907546324b0330d2d8b7669648cc18823323e5/fr/003457	fr	1	Les gens comme toi n'ont aucun discernement et leur extremisme idéologique, tranché, définitif et agressif ne vaut finalement pas mieux qu'un djihadiste de merde.
textdetox@01907546324b0330d2d8b7669648cc18823323e5/fr/003458	fr	1	C'est pas que j'ai envie de me débarrasser de toi, mais je te le souhaite, de claquer avant ton môme.
textdetox@01907546324b0330d2d8b7669648cc18823323e5/fr/003459	fr	1	aussi, salopards d'immigrés qui nous volent nos emplois et nos cailloux !
textdetox@01907546324b0330d2d8b7669648cc18823323e5/fr/003460	fr	1	Ce move de putain de sous fils de pute de merde qui me donne envie de couper de la paluche à la machette
textdetox@01907546324b0330d2d8b7669648cc18823323e5/fr/003461	fr	1	Moi je dis que t'es un peu conne, vu que c'est mon opinion c'est valable aussi c'est ça?
textdetox@01907546324b0330d2d8b7669648cc18823323e5/fr/003462	fr	1	C'est vraiment un taquet de pute à la gauche radicale, qui utilise ce terme.  
textdetox@01907546324b0330d2d8b7669648cc18823323e5/fr/003463	fr	1	Et pute de figaro et ses titres factuellement exact mais qui pue du bec.
textdetox@01907546324b0330d2d8b7669648cc18823323e5/fr/003464	fr	1	Je veux pas être méchant, mais être borné comme tu l'es, ça s'appelle être con.
textdetox@01907546324b0330d2d8b7669648cc18823323e5/fr/003465	fr	1	, on a compris que vous assumiez faire un boulot de merde dans la modération de ce sub, et que vous vous en battez complètement les couilles, mais pas besoin de le répéter encore et encore.
textdetox@01907546324b0330d2d8b7669648cc18823323e5/fr/003466	fr	1	Et bien sur tout ça à cause de ces fils de putes de moustiques d'enculés de merde qu'ils aillent se faire sodomiser par un troupeau de bison en ruth ces raclures.  
textdetox@01907546324b0330d2d8b7669648cc18823323e5/fr/003467	fr	1	Je trouve ça injuste qu'après avoir causé tant de souffrances, ces fils de putes s'en tirent d'une mort rapide.
textdetox@01907546324b0330d2d8b7669648cc18823323e5/fr/003468	fr	1	je suis complètement d'accord : c'est pour leur bien qu'on les mutile, sinon ces connes vu qu'on les entasse dans le noir, elles se bouffent entre elles !
textdetox@01907546324b0330d2d8b7669648cc18823323e5/fr/003469	fr	1	Ca veut parler de bite à longueur de journée, tel mère tel fils, un digne français en perspective, ne sois pas dég je ressens en toi une tristesse profonde, profonde à l'image de ma teub dans la shnek et la gorge de ta soeur.
textdetox@01907546324b0330d2d8b7669648cc18823323e5/fr/003470	fr	1	enfin tu restes quand même un branleur de la jeunesse dorée qui va balader son cul près des nuages pendant que les autres bossent.  Pizza, moto, kite ou marguerite on s'en bat les couilles
textdetox@01907546324b0330d2d8b7669648cc18823323e5/fr/003471	fr	1	C'est ton report qui pue la merde et est contre les règles du sub.
textdetox@01907546324b0330d2d8b7669648cc18823323e5/fr/003472	fr	1	vivement que ce pays de fils de pute soit a court de pétrole, qu'on les laisse crever la gueule ouverte dans le sable.
textdetox@01907546324b0330d2d8b7669648cc18823323e5/fr/003473	fr	1	Défendre les animaux n'empêche Brigitte Bardot d'être une grosse conasse.   en plus excuse moi mais les filles piégés par ce connard sont justement moins bien traitées que des animaux.
textdetox@01907546324b0330d2d8b7669648cc18823323e5/fr/003474	fr	1	, il est dimanche soir et je vais aller m'ouvrir une bière, sérieux, ta criss de gueule d'arrogant de marde!  
textdetox@01907546324b0330d2d8b7669648cc18823323e5/fr/003475	fr	1	Les guerres n'ont pas attendu les américains  américain qui sont de bien belles pute quand sa les arrange par ailleurs
textdetox@01907546324b0330d2d8b7669648cc18823323e5/fr/003476	fr	1	Bonne fin de journée, je te souhaite du plaisir à continuer de sucer la teub d'Orelsan le gangster campagnard !  
textdetox@01907546324b0330d2d8b7669648cc18823323e5/fr/003477	fr	1	Robespierre c'était un salaud de bourgeois, donc ouais, en effet, les bâtards: c'est de bâtards.
textdetox@01907546324b0330d2d8b7669648cc18823323e5/fr/003478	fr	1	Je pense que c'est un fils de pute de mégalo qui va se casser la figure comme la sale merde qu'il est dans les prochaines années.
textdetox@01907546324b0330d2d8b7669648cc18823323e5/fr/003479	fr	1	Le fond du problème c'est l'Islam (sunnite en particulier) qui est une religion de merde et qui les tire vers le bas partout ou ils sont.  
textdetox@01907546324b0330d2d8b7669648cc18823323e5/fr/003480	fr	1	-Je trouve que les noirs puent en général et qu'il y a une certaine sous culture, ils parlent forts, quand ils dansent et font la fête on dirait de réels animaux.  -Les juifs et leur communauté me saoule énormément.
textdetox@01907546324b0330d2d8b7669648cc18823323e5/fr/003481	fr	1	Sa vidéo est tellement débile, conne et wtf que je lui trouve un potentiel de devenir un meme.
textdetox@01907546324b0330d2d8b7669648cc18823323e5/fr/003482	fr	1	Si j'avais pu étrangler les enfants de putain qui me sortaient ça à chaque fois que je prenais un rateau...
textdetox@01907546324b0330d2d8b7669648cc18823323e5/fr/003483	fr	1	"""Oui je pense que tu es une sous-merde humaine mais j'ai pas le cran de passer à l'acte et de te tuer, donc je laisse faire Allah, ou un mec plus déterminé que moi"".    "
textdetox@01907546324b0330d2d8b7669648cc18823323e5/fr/003484	fr	1	Tu baises les pieds de ton maître, vendu, fasciste !   Ca fera une bière pour moi aussi
textdetox@01907546324b0330d2d8b7669648cc18823323e5/fr/003485	fr	1	A moins bien sur que tu ne sois un de ces immondes trous du cul fetide qui assume ceci a cause de leur couleur de peau ?
textdetox@01907546324b0330d2d8b7669648cc18823323e5/fr/003486	fr	1	Nan mais sérieux jvais devoir delete mon compte après mais on peut juste prendre tout ces enfoirés de traîtres à notre pays qui sucent la bite du medef ou autre lobbysite à la con pour financer leur yacht/villa avec piscine de bonne raclures élues, tout ces attardé inéduqué de racistes de mes couilles hein on y mets aussi tout ces gros pédophiles chrétiens de flics à la con dans une grande bouilloire on cuit bien le tout à petit feu et après on déverse le tout dans la terre histoire de la rendre infertile pour les prochains millénaires ?
textdetox@01907546324b0330d2d8b7669648cc18823323e5/fr/003487	fr	1	Je vais te démonter ta mère avec une précision jamais vue auparavant, et je pèse mes mots.
textdetox@01907546324b0330d2d8b7669648cc18823323e5/fr/003488	fr	1	C'est franchement pas normal, c'est carrément de l'abus, faudrait leur casser les couilles bien profond jusqu'à ce qu'ils arrêtent de jouer aux connards.
textdetox@01907546324b0330d2d8b7669648cc18823323e5/fr/003489	fr	1	Ben ... va te faire foutre mec, qu'est-ce que tu veux qu'on te dise?
textdetox@01907546324b0330d2d8b7669648cc18823323e5/fr/003490	fr	1	Je vais chier de la fureur sur ta tronche et tu vas te noyer dedans.
textdetox@01907546324b0330d2d8b7669648cc18823323e5/fr/003491	fr	1	Un type comme ça, je le vire à coups de pied au cul et je revois jamais sa gueule, c'est pas possible d'avoir quelqu'un qui se comporte comme ça dans un groupe.
textdetox@01907546324b0330d2d8b7669648cc18823323e5/fr/003492	fr	1	Parce que quand on parle du problème on se fait taxer de racistes par des connards comme toi.
textdetox@01907546324b0330d2d8b7669648cc18823323e5/fr/003493	fr	1	Putain je rageais avec mon minot quand on criait jump et que ce CONNARD D'ECUREUIL OBESE SAUTAIT PAS.
textdetox@01907546324b0330d2d8b7669648cc18823323e5/fr/003494	fr	1	C'est horrible.    Pardon, mais quelle bande de gros connards!     
textdetox@01907546324b0330d2d8b7669648cc18823323e5/fr/003495	fr	1	Et ça me fait chier parce c'est ce genre d'enculé qui véhicule ces idées (pas si reçues du coup).  
textdetox@01907546324b0330d2d8b7669648cc18823323e5/fr/003496	fr	1	Par ailleurs, c'est une sacré conne, qui ne voit pas plus loin que le bout de son nez.  
textdetox@01907546324b0330d2d8b7669648cc18823323e5/fr/003497	fr	1	Tu viens chez moi quand tu veux et tu baises ma frangine ?  Espèce de sac à foutre !
textdetox@01907546324b0330d2d8b7669648cc18823323e5/fr/003498	fr	1	"Tu veux te faire tatouer ""Propriété privée d'Emmanuel Macron"" autour de l'anus et lui snapchatter une vidéo de toi cul en l'air pour l'inviter à venir te révolutionner le trou de balle aussi?"
textdetox@01907546324b0330d2d8b7669648cc18823323e5/fr/003499	fr	1	J'ai bien envi d'aller chier dans ton jardin tiens, même carrément sur ton paillasson.
textdetox@01907546324b0330d2d8b7669648cc18823323e5/fr/003500	fr	1	Ta parole a pas de valeur pour moi, vu que t'es qu'un autre couillon anonyme sur Internet.
textdetox@01907546324b0330d2d8b7669648cc18823323e5/fr/003501	fr	1	- elles sont un peu trop connes pour s'exprimer toutes seules ?   
textdetox@01907546324b0330d2d8b7669648cc18823323e5/fr/003502	fr	1	Conasse djihadiste est valable, elle est indéniablement conne et djihadiste.  
textdetox@01907546324b0330d2d8b7669648cc18823323e5/fr/003503	fr	1	De mon expérience, les arabes sont des voleurs, les femmes ne sont jamais harcelées, les trans. sont des pédophiles et les asiatiques ont un petit sexe.
textdetox@01907546324b0330d2d8b7669648cc18823323e5/fr/003504	fr	1	il merite 2 bonnes paires de claques dans la gueule, et de manger ses excrements.
textdetox@01907546324b0330d2d8b7669648cc18823323e5/fr/003505	fr	1	Mais c'est quand meme un fils de pute de premiere auquel je prefererais un candidat monstrueux d'extreme droite si on me demande de choisir.
textdetox@01907546324b0330d2d8b7669648cc18823323e5/fr/003506	fr	1	Désolé que ces trous du cul soient juifs, j'en connais des biens aussi.
textdetox@01907546324b0330d2d8b7669648cc18823323e5/fr/003507	fr	1	tu te vois autant que ça comme une petite merde pas capable d'ouvrir ta gueule devant un RH?   
textdetox@01907546324b0330d2d8b7669648cc18823323e5/fr/003508	fr	1	"La grosse pétasse enceinte qui se plaint qu'elle n'a qu'une semaine de congé maternité, non payée, parce qu'il n'y a pas de loi la protégeant ferme bien sa gueule parce que ce serait de ""l'anti-américanisme le plus primaire"".     Dis donc, tu dis des conneries toi et tu insistes et tu insistes et tu insistes encore...   "
textdetox@01907546324b0330d2d8b7669648cc18823323e5/fr/003509	fr	1	Ce fils de chien a été raconté  à mon patron que j'avais des soucis de drogues et que j'étais une grosse salope.
textdetox@01907546324b0330d2d8b7669648cc18823323e5/fr/003510	fr	1	Je te conchie et j'espère que tu mourra sans jamais connaitre le bonheur.
textdetox@01907546324b0330d2d8b7669648cc18823323e5/fr/003511	fr	1	, allez vous faire frapper les couilles par des barres a mine chauffées a blanc, je comprends que les gens fraudent.
textdetox@01907546324b0330d2d8b7669648cc18823323e5/fr/003512	fr	1	je trouve qu'il peut bien aller se faire enculer, c'est un sale rat qui va oser défendre l'indéfendable et lui trouver des excuses face aux familles des victimes.
textdetox@01907546324b0330d2d8b7669648cc18823323e5/fr/003513	fr	1	Ces fils de putes qui mendient de la thune pour se payer leur voyage en jouant de la flûte de pan ou en jonglant aux feux rouges, dans un pays où les gens essayent de survivre, vivent dans des taudis, et n'ont pas les moyens d'aider les vrais nécessiteux.
textdetox@01907546324b0330d2d8b7669648cc18823323e5/fr/003514	fr	1	Tu peux t'exprimer sans sous-entendre que les modos sont vicieusement surprésents et pourtant largement laxistes et incompétents, et globalement des fdp.    
textdetox@01907546324b0330d2d8b7669648cc18823323e5/fr/003515	fr	1	Encore ces salauds de gauchiasses avec leurs réalité, alors qu'on peut gérer tous ces terroristes grâces à nos sentiments !
textdetox@01907546324b0330d2d8b7669648cc18823323e5/fr/003516	fr	1	Mais tu ne l'a pas fait, non tu ne l'a pas fait, et maintenant tu en paye le prix, putain d'abruti.
textdetox@01907546324b0330d2d8b7669648cc18823323e5/fr/003517	fr	1	Hé, c'est qui cette pute ?  Maman Knowles est pas contente du tout.
textdetox@01907546324b0330d2d8b7669648cc18823323e5/fr/003518	fr	1	Ça m'a beaucoup plou ta vidéo.  AJA, les parisiens sont des gros connard depuis plus longtemps que l'on crois.
textdetox@01907546324b0330d2d8b7669648cc18823323e5/fr/003519	fr	1	Mais de quel droit tu te permets de me casser les couilles ?   Sans modérateurs, c'est la porte ouverte à tout les fenêtres, et d'ailleurs tu t'y connais bien en fenêtres si je me souviens bien, la dernière fois qu'on ta vue, toi le *has been*, c'était quand tu suçais la nouille d'un sumo pour faire de la pub.  
textdetox@01907546324b0330d2d8b7669648cc18823323e5/fr/003520	fr	1	Que /r/france est à 90 % composé de couillons naïfs communistes sans humour.
textdetox@01907546324b0330d2d8b7669648cc18823323e5/fr/003521	fr	1	"""Au plus haut point"" connard !   T'es pas en train  d'escalader un sommet, juste decrire un truc qui t'agaces modérément.  Comme si t'allais plus être énervé par une locution que ta cocufiction par ton meilleur ami de toujours !"
textdetox@01907546324b0330d2d8b7669648cc18823323e5/fr/003522	fr	1	Il est vraiment intellectuellement insultant ce fdp.   Menteur, manipulateur, égomaniaque, voleur, corrompu, machiste...
textdetox@01907546324b0330d2d8b7669648cc18823323e5/fr/003523	fr	1	Je pense malgré tout que c'était ce qu'elle voulait, tu n'imagines même pas le nombre de salopes débectantes fantasmant sur le fait de se faire défoncer par des bougnoules tout en se débattant !
textdetox@01907546324b0330d2d8b7669648cc18823323e5/fr/003524	fr	1	Entendre ça de la part d'un crypto-fasciste comme toi, tu me flattes.   Des petits cons comme toi, j'en ai fini plus d'un à la Doc Martens.
textdetox@01907546324b0330d2d8b7669648cc18823323e5/fr/003525	fr	1	Encore un immigré (espagnol) qui fout la merde dans son pays d'accueil.
textdetox@01907546324b0330d2d8b7669648cc18823323e5/fr/003526	fr	1	Les arabes sont tous des antisémites donc ils ont pas le droit de parole.
textdetox@01907546324b0330d2d8b7669648cc18823323e5/fr/003527	fr	1	Quel abruti incompétent, et en plus je sais pas si vous le savez mais il a aimé Lucy, lol quel con !
textdetox@01907546324b0330d2d8b7669648cc18823323e5/fr/003528	fr	1	Je vais me faire downvote, mais tu es en train de devenir un vieux con.
textdetox@01907546324b0330d2d8b7669648cc18823323e5/fr/003529	fr	1	Ils avaient même utilisé des utilisateurs décédés ces fils de putes.
textdetox@01907546324b0330d2d8b7669648cc18823323e5/fr/003530	fr	1	ton site, c'est de la merde, tu es québécois et illettré, casse toi
textdetox@01907546324b0330d2d8b7669648cc18823323e5/fr/003531	fr	1	Ces fils de putes sont même pas au courant du mépris de classe qu'ils affichent.
textdetox@01907546324b0330d2d8b7669648cc18823323e5/fr/003532	fr	1	Je trouve en particulier que Barroso est un gros con (et oui, vous êtes en bonne compagnie!) et je suis impatient de voir partir cet incompétent.
textdetox@01907546324b0330d2d8b7669648cc18823323e5/fr/003533	fr	1	Pffff on me dit jamais rien à moi, encore un coup des redditeurs parisiens qui se sucent la teub en terrasse.
textdetox@01907546324b0330d2d8b7669648cc18823323e5/fr/003534	fr	1	gros con de hipster narcissique/borderline qui se prend pour un justicier  La clientele apple
textdetox@01907546324b0330d2d8b7669648cc18823323e5/fr/003535	fr	1	Putain de journaliste de merde qui ne sait pas faire mettre un séparateur décimal en français.
textdetox@01907546324b0330d2d8b7669648cc18823323e5/fr/003536	fr	1	Moi j'ai toujours vu dans dans ma commune  des bouches du rhone des prol tout blanc foutre la merde et faire chier le monde.
textdetox@01907546324b0330d2d8b7669648cc18823323e5/fr/003537	fr	1	Je n'aime pas vraiment ça, car les homos sont aussi cons que les hétéros.
textdetox@01907546324b0330d2d8b7669648cc18823323e5/fr/003538	fr	1	c'est peut être la différence entre des mecs qui sucent la bite d'un meme-pepe-god-emporor, climatoseptique, ignare sur la géopolitique, qui se moque des handicapés, et les libtard leftists.
textdetox@01907546324b0330d2d8b7669648cc18823323e5/fr/003539	fr	1	-c'est un gros connard et considère que ce qui n'ont pas réussi ne valent rien.
textdetox@01907546324b0330d2d8b7669648cc18823323e5/fr/003540	fr	1	Alors quand une sale petite merde geint que son steak hâché est tiédasse ou que son riz manque de beurre, putain, j'ai la haine, j'ai envie de l'étouffer avec un putain de toastie cru et de lui vider un verre de lait dans le fion parce que c'est ca qu'on bouffe aux Pays-Bas à midi !
textdetox@01907546324b0330d2d8b7669648cc18823323e5/fr/003541	fr	1	Ce mec est un connard et on invite un autre artiste noir point et qu on ne laisse pas ce petit con se poser en victime du racisme.
textdetox@01907546324b0330d2d8b7669648cc18823323e5/fr/003542	fr	1	Et non ce n'est pas immoral, ces fils de putes veulent tuer nos enfants.
textdetox@01907546324b0330d2d8b7669648cc18823323e5/fr/003543	fr	1	"""   ""Y'en a. ""  "" Dis donc connard, enculé d'antisémite de ta mère, tu vas me parler avec un peu de respect ?"
textdetox@01907546324b0330d2d8b7669648cc18823323e5/fr/003544	fr	1	Allez maintenant sucez vous la bite, c'est la dernière étape qu'il vous reste.
textdetox@01907546324b0330d2d8b7669648cc18823323e5/fr/003545	fr	1	"Dans le genre, ""ces fils de pute vont venir, j'suis prêts à défourailler ces sales roumains""."
textdetox@01907546324b0330d2d8b7669648cc18823323e5/fr/003546	fr	1	vous êtes une nuisance qui milite pour la haine  vous êtes comptable du sang juif   Salopard de Ligerian, tu est démasqué !
textdetox@01907546324b0330d2d8b7669648cc18823323e5/fr/003547	fr	1	Vu la façon dont on traite nos chomeurs, ces enculés de parasites bons a rien, pas étonnants qu'ils se suicident.
textdetox@01907546324b0330d2d8b7669648cc18823323e5/fr/003548	fr	1	Les pète couilles ~~qui critiquent la façon de parler des autres pour des détails~~ devraient crever.
textdetox@01907546324b0330d2d8b7669648cc18823323e5/fr/003549	fr	1	Quand on voit ta gueule et qu'on extrapole celle de ton père, on comprend pourquoi elle est si désespérée qu'elle elle sucerait même un lémurien.
textdetox@01907546324b0330d2d8b7669648cc18823323e5/fr/003550	fr	1	Mieux qu'une fiotte gauchiste qui laisserait sa mère se faire péter le cul pour prouver son antiracisme et sa tolérance.
textdetox@01907546324b0330d2d8b7669648cc18823323e5/fr/003551	fr	1	"Cringeanarchy c'est un subreddit de merde crées par des enculés de ""l'alt right"" (c'est un euphémisme pour fasciste) pour qu'ils se plaignent des méchants sjw imaginaires qui veulent leur voler leur liberté d'expression."
textdetox@01907546324b0330d2d8b7669648cc18823323e5/fr/003552	fr	1	La compère Lustucru est un sale égoïste et la mère Michelle est une salope.
textdetox@01907546324b0330d2d8b7669648cc18823323e5/fr/003553	fr	1	Je te serai reconnaissant de bien vouloir te faire larguer comme une merde et péter ton Vive en jouant à un jeu de merde.
textdetox@01907546324b0330d2d8b7669648cc18823323e5/fr/003554	fr	1	Je garde cette réplique de coté au prochain fils de pute qui va planquer ses fond au Bahamas hein ?
textdetox@01907546324b0330d2d8b7669648cc18823323e5/fr/003555	fr	1	Ex: urss ou guevara) et bien sur fabriques en chine parce que ces gauchos de merde n aiment pas payer plus ou sinon ce sont des racailles qui veulent juste foutre la merde car 1-
textdetox@01907546324b0330d2d8b7669648cc18823323e5/fr/003556	fr	1	Qu'est ce que tu viens de putain de dire à propos de moi, petite salope?
textdetox@01907546324b0330d2d8b7669648cc18823323e5/fr/003557	fr	1	Il se trouve que les français sont des putains de veaux et qu on risque de se retrouver coincé au 2eme tours entre les fachos et les intégristes cul bénis.
textdetox@01907546324b0330d2d8b7669648cc18823323e5/fr/003558	fr	1	"Si tu veux t'intégrer""  Toi va niquer ta mère  Avec cette pollution  Moi je vois plus les cons  Surtout après 6 bières  ""Vas-y kiffe ma Kpop  mais crache pas dans mon Yop""  Tu pourras pas m'ach'ter  Garde ta pop de pédé  -C'est fini les 2 jaunes   d'être d'aussi gros racistes ?  Vas-y va faire l'aumône   Auprès d'un Lepeniste  "
textdetox@01907546324b0330d2d8b7669648cc18823323e5/fr/003559	fr	1	Les CRS et la BAC, ce sont des merdes racistes, misogynes, homophobes, et j'en passe.  
textdetox@01907546324b0330d2d8b7669648cc18823323e5/fr/003560	fr	1	Quand je viendrais violer tes gosses, j'espère que tu me payeras le café.
textdetox@01907546324b0330d2d8b7669648cc18823323e5/fr/003561	fr	1	Peut-être que tu étais le Coluche du popo mais sinon je peux te garantir que tu faisais chier tes parents.
textdetox@01907546324b0330d2d8b7669648cc18823323e5/fr/003562	fr	1	Je vais chier de la fureur sur ta tronche et tu vas te noyer dedans.
textdetox@01907546324b0330d2d8b7669648cc18823323e5/fr/003563	fr	1	c'est de la merde gauchiste menteuse qui mérite d'être traitée comme telle.
textdetox@01907546324b0330d2d8b7669648cc18823323e5/fr/003564	fr	1	Je vais te putain d'effacer avec une précision telle qu'elle n'a jamais été vue sur terre auparavant, note bien cela.
textdetox@01907546324b0330d2d8b7669648cc18823323e5/fr/003565	fr	1	Gros connard, je n'ai pas le temps de regarder son historique pour le dire.  
textdetox@01907546324b0330d2d8b7669648cc18823323e5/fr/003566	fr	1	je lui ai juste dis de ferme sa gueule et d'aller niquer sa mère pour inciter la haine c'est tout.
textdetox@01907546324b0330d2d8b7669648cc18823323e5/fr/003567	fr	1	(je suis le mode facile du mal parler)  Je voterai Fillon pour sucrer les allocs des parasites gauchiasses.
textdetox@01907546324b0330d2d8b7669648cc18823323e5/fr/003568	fr	1	"""  ""vous me metterez une pute aussi s'il vous plait""  ""tres bien."
textdetox@01907546324b0330d2d8b7669648cc18823323e5/fr/003569	fr	1	Là tu as juste envie de lui exploser sa tronche contre son pare brise et de lui faire lécher les restes
textdetox@01907546324b0330d2d8b7669648cc18823323e5/fr/003570	fr	1	La nana est une connasse, le violeur est un salaud et puis voila, brulons les et n'en parlons plus, ca m'emmerde.
textdetox@01907546324b0330d2d8b7669648cc18823323e5/fr/003571	fr	1	Ça a toujours été un connard ordurier qui passe son temps a faire connaitre en vociférant son indignation gauchiste.  
textdetox@01907546324b0330d2d8b7669648cc18823323e5/fr/003572	fr	1	Réfugié = pute = illégal = rentrez chez vous faire vos cochonneries
textdetox@01907546324b0330d2d8b7669648cc18823323e5/fr/003573	fr	1	Je n'ai pas de temps à perdre avec des énergumènes de ton genre, allez bouge du chemin et suce
textdetox@01907546324b0330d2d8b7669648cc18823323e5/fr/003574	fr	1	La meilleur chose à faire c'est de hausser les épaules, et parfois leur foutre le nez dans leur merde ( comme leur rappeler certains faits historiques qu'ils renient ou modifient à leur guise)
textdetox@01907546324b0330d2d8b7669648cc18823323e5/fr/003575	fr	1	Mais qu'ils sont cons tous ces latinos asiatiques et africains à se battre pour aller y vivre... /s
textdetox@01907546324b0330d2d8b7669648cc18823323e5/fr/003576	fr	1	à l'air d'être un gros con,  et les membres de son site n'ont (presque) que ce qu'ils méritent
textdetox@01907546324b0330d2d8b7669648cc18823323e5/fr/003577	fr	1	La France c'est pourri, ses valeurs sont pourries et les français sont des sales racistes.   
textdetox@01907546324b0330d2d8b7669648cc18823323e5/fr/003578	fr	1	Putain ça a beau être un sacré con il me manque quand même, [jvais te faire courir le rouquin , pédé !
textdetox@01907546324b0330d2d8b7669648cc18823323e5/fr/003579	fr	1	Les anglais sont une race méprisable, et ils devraient être punis.
textdetox@01907546324b0330d2d8b7669648cc18823323e5/fr/003580	fr	1	Il faudra qu'un jour on sorte ces salopards de collabo et qu'on les aligne contre un mur avec les yeux bandés.
textdetox@01907546324b0330d2d8b7669648cc18823323e5/fr/003581	fr	1	"Non, mais ils sont trop cons les polonais : envahis par les allemands, ""libérés"" par les soviétiques, et maintenant ils sont rancuniers et se tournent vers les américains, les bougres !"
textdetox@01907546324b0330d2d8b7669648cc18823323e5/fr/003582	fr	1	Religion de merde fondée par un bédouin pédophile du 7ème siècle.
textdetox@01907546324b0330d2d8b7669648cc18823323e5/fr/003583	fr	1	toutes les lesbiennes sont fans de sodomie ou de doigts dans le cul.
textdetox@01907546324b0330d2d8b7669648cc18823323e5/fr/003584	fr	1	Si mon chat fait la frontpage, il va se la péter après, ce connard.
textdetox@01907546324b0330d2d8b7669648cc18823323e5/fr/003585	fr	1	en plus paraît qu'ils enculent des chats et regardent même pas tf1 ces mécréants
textdetox@01907546324b0330d2d8b7669648cc18823323e5/fr/003586	fr	1	Pisse sur tous ces bouseux mécréants athéistes satanistes, ça leur apprendra, à ces cons de socialistes !
textdetox@01907546324b0330d2d8b7669648cc18823323e5/fr/003587	fr	1	les grecs méritent de souffrir et de bruler ~~en Enfer~~dans le Tartare  FTFY.
textdetox@01907546324b0330d2d8b7669648cc18823323e5/fr/003588	fr	1	Qu'on rase ces trous du cul du monde un bon coup, on sera tranquille.
textdetox@01907546324b0330d2d8b7669648cc18823323e5/fr/003589	fr	1	C'est un fils de pute parce qu'il frime et se prend pour un #hero, pas parce qu'il a fait une BA.  
textdetox@01907546324b0330d2d8b7669648cc18823323e5/fr/003590	fr	1	La France est la pute du Qatar et de l'Arabie Saoudite, et il y'a encore relativement peu, elle faisait le tapin pour tous les tyrans d'Afrique de l'Ouest.
textdetox@01907546324b0330d2d8b7669648cc18823323e5/fr/003591	fr	1	mais sors de chez toi, baise un coup j'en sais rien mais je m'en tamponne de tes pleurnicheries parce que le méchant modo il aime pas ta prose
textdetox@01907546324b0330d2d8b7669648cc18823323e5/fr/003592	fr	1	Sarkozy est un putain de voleur doublé d'un arnaqueur, et il mène le parti, yeaah.
textdetox@01907546324b0330d2d8b7669648cc18823323e5/fr/003593	fr	1	Je t'upvote.  Après 3 accidents évités de peu avec des connards de cyclistes SUR LE TROTTOIR alors qu'il y avait une piste cyclable à 2 PUTAIN DE METRES d'eux (ben oui mais elle était pas dans le bon sens,  pauvre bichons qui sont trop cons pour traverser un boulevard)  je ne souhaite que la mort à ces enculés et je prends plaisir à leur enfumer la gueule à coup de particules fines.   
textdetox@01907546324b0330d2d8b7669648cc18823323e5/fr/003594	fr	1	C'est aussi un gros putain de raciste qui cautionne les crimes de guerre, moi je dis ça je dis rien.
textdetox@01907546324b0330d2d8b7669648cc18823323e5/fr/003595	fr	1	 •Elles ont vraiment des goûts de merde, les ricaines, en fait.   [
textdetox@01907546324b0330d2d8b7669648cc18823323e5/fr/003596	fr	1	mais tu as une tête de bite :D  PS : C'est un jeu de mot sur ton crâne reluisant ;)
textdetox@01907546324b0330d2d8b7669648cc18823323e5/fr/003597	fr	1	Face à toi ces pédés fuient     Comme le rouquin d'Mantes-la-Jolie, t'as fait l'Indochine, l'Algérie !     De l'époque des Français street crédibles comme Mesrine     Jean-Marie le Pen, fier, dur comme le menhir     Pas comme ces putes qui nous vénèrent, bien sur j'vote Marine !          
textdetox@01907546324b0330d2d8b7669648cc18823323e5/fr/003598	fr	1	Va en tant que petit étranger Candide te faire enculer par les différences le premier et le troisième groupe de verbe)  Et on a ensuite toute les expressions idiomatiques stupides, et autres conneries qui se contredise pour faire un beau tas de noeuds.
textdetox@01907546324b0330d2d8b7669648cc18823323e5/fr/003599	fr	1	Bref bandes de connards finis, ca reduis les libertés , et a coté de ca , ca vient faire chier les gens sur le cul.  
textdetox@01907546324b0330d2d8b7669648cc18823323e5/fr/003600	fr	1	Regarde moi c'te lopette  Qui vient pour la provoc'  Vient là petite tapette  Tu vas prendre un gros choc
textdetox@01907546324b0330d2d8b7669648cc18823323e5/fr/003601	fr	1	De base ce sont de gros cons, en plus ils fraudent donc c'est aussi des enculés qui s'en battent les couilles des autres;
textdetox@01907546324b0330d2d8b7669648cc18823323e5/fr/003602	fr	1	ben mon gars je sais pas quoi te dire à part que t'es aussi abruti que les connards qui commettent des atrocités au nom de cette même religion.
textdetox@01907546324b0330d2d8b7669648cc18823323e5/fr/003603	fr	1	Et en plus ces connards de lardons ne rendent pas beaucoup de graisse, saloperie !!
textdetox@01907546324b0330d2d8b7669648cc18823323e5/fr/003604	fr	1	Mon vier, madame Olivier  Je suis plein comme une pute  Un trou c'est un trou, mais certains sont mieux que d'autres  On est pas bien là, détendus du gland ? (piquée à un copain)  Sa mère la pute qui suce des bites en enfer  Enculé de fils de pute  La con de sa race  Face d'angoisse  Sa mémé la babouine  Figure de poulpe (non en fait elle est trop bien)  Tête de pain sucé (idem)
textdetox@01907546324b0330d2d8b7669648cc18823323e5/fr/003605	fr	1	Je comprendrai rien et je t’enverrais aller te faire foutre si tu fais référence à ce genre de chose.
textdetox@01907546324b0330d2d8b7669648cc18823323e5/fr/003606	fr	1	, dans trente ans tu sera toi aussi un vieux con qui râle contre la légitimation de la pédophilie ou de l'inceste.
textdetox@01907546324b0330d2d8b7669648cc18823323e5/fr/003607	fr	1	, c'est vraiment des ignares analphabètes et inéduqués ces gros tas d'étrangers qui ne parlent pas notre langue.
textdetox@01907546324b0330d2d8b7669648cc18823323e5/fr/003608	fr	1	"Et si on fait mine de vouloir durcir le ton on a toutes ces couilles molles de gauchiste à la con qui viennent nous dire ""et les droits de l'homme!""."
textdetox@01907546324b0330d2d8b7669648cc18823323e5/fr/003609	fr	1	notez bien qu'ils ont dégonflé la structure, ils ne l'on pas déchirée au couteau comme moi je l'aurait fait et comme je le ferait a votre face de gauchaux de merde.
textdetox@01907546324b0330d2d8b7669648cc18823323e5/fr/003610	fr	1	Je te propose qu'on te coupe les couilles et qu'on te tue à 6 mois pour te manger.
textdetox@01907546324b0330d2d8b7669648cc18823323e5/fr/003611	fr	1	et va faire vibrer son caisson de basse- et ma maison- pour tringler une quelconque pétasse vers 2h du mat sur du RnB de merde
textdetox@01907546324b0330d2d8b7669648cc18823323e5/fr/003612	fr	1	"""Alors que l'autre pute capricieuse gâtée pourrie et conne comme une table n'a pas droit au traitement de faveur génial dont j'ai profité."
textdetox@01907546324b0330d2d8b7669648cc18823323e5/fr/003613	fr	1	Pour les curieux :   simone veil est une salope juive sioniste donc antichretienne donc antifrance  cette vielle pourriture est responsable de la mort de 8 millions de petits enfants catholiques et elle s'en vante et se rejoui d'avoir detruit la famille et la moralité chretienne francaise   en effet ,le talmud juif ordonne de detruire la chretienté    TL;PL : Juif = méchant
textdetox@01907546324b0330d2d8b7669648cc18823323e5/fr/003614	fr	1	c'est qu'ils ont décidé de prendre comme mascotte deux bonnes grosses merdes avec un casier judiciaire long comme ma bite, comment vous voulez attirer la sympathie des gens en défendant ce genre d'abrutis ?
textdetox@01907546324b0330d2d8b7669648cc18823323e5/fr/003615	fr	1	Lui  c'est vraiment un enculé, qui avait fait jeté aux ordures les archives de plus de 30 ans d'un collègue, sans le prévenir bien sûr.
textdetox@01907546324b0330d2d8b7669648cc18823323e5/fr/003616	fr	1	écoeurant ces bougnoules , ils vivent mieux que des français moyens, caméra go pro, vélo high tech, fringues assortis, dernier cri , uber taxi, grosse cylindrée généralement autour de 50 000 euros ...ils viennent nous cracher à la gueule,  agressent les blancs et asiatiques exclusivement , pour ensuite pleurer devant les caméras de bftmv et crier au complot et  à leur éternelle pleurniche victimaire , pendant que le français galère et engraisse  ces connards!!!
textdetox@01907546324b0330d2d8b7669648cc18823323e5/fr/003617	fr	1	Je vais te putain d'effacer avec une précision telle qu'elle n'a jamais été vue sur terre auparavant, note bien cela.
textdetox@01907546324b0330d2d8b7669648cc18823323e5/fr/003618	fr	1	Nos belles cités pleines de noirs et d'arabes fumeurs de shit seraient alimentés par une partie des restes du reseau Lyonnais (montés par des gens bien de chez nous ou presque).
textdetox@01907546324b0330d2d8b7669648cc18823323e5/fr/003619	fr	1	MAIS TU ES UN PUTAIN DE MENTEUR, ce n'est pas possible, relis moi  Je ne dis pas ça par xénophobie, j'ai plus de respect pour les immigrés qui viennent en France et travail sérieusement que pour ceux qui n'ont pas immigrés pour venir ici, mais profitent des aides sociales comme des connards, alors que c'est normalement une couverture pour nous protéger des aléas de la vie (maladie, chomage etc).   
textdetox@01907546324b0330d2d8b7669648cc18823323e5/fr/003620	fr	1	Azy viens, grand c*n, j'm'en va t'faire remonter l'pantalon jusqu'à c'que ta Marie crie qu'on lui rende tes bijoux !
textdetox@01907546324b0330d2d8b7669648cc18823323e5/fr/003621	fr	1	Ben on nous gonfle a longueur de journee sur ces connards de francais qui s'engagent dans l'EI...
textdetox@01907546324b0330d2d8b7669648cc18823323e5/fr/003622	fr	1	Higelin est un gaucho-globaliste de merde, à mettre dans le même sac que les musulmans donc c'est bon ça compte.
textdetox@01907546324b0330d2d8b7669648cc18823323e5/fr/003623	fr	1	Putain ils sont même pas foutus de parler français ces fils de pute de souche.
textdetox@01907546324b0330d2d8b7669648cc18823323e5/fr/003624	fr	1	"""Mesdames et messieurs, je trouve que vous êtes tous des connards."
textdetox@01907546324b0330d2d8b7669648cc18823323e5/fr/003625	fr	1	J'ai juste envie que nos institutions crament, et que ces trous du cul crevent.
textdetox@01907546324b0330d2d8b7669648cc18823323e5/fr/003626	fr	1	Tesson est un con depuis des années, il dit des conneries ça ne me surprend pas plus que ça.
textdetox@01907546324b0330d2d8b7669648cc18823323e5/fr/003627	fr	1	C est hyper interdit, dans les  boîtes à cheval sur les consignes de sécurité elle peut prendre très très cher cette grosse conne.
textdetox@01907546324b0330d2d8b7669648cc18823323e5/fr/003628	fr	1	On la sentait pas venir grosse comme une maison, la rhétorique de merde...  Te fais pas plus con que tu n'es et réfléchis 2 secondes.
textdetox@01907546324b0330d2d8b7669648cc18823323e5/fr/003629	fr	1	Obama est un singe * Fabius n'est qu'un sale sioniste * Duflot est une femelle  * Lepen est une facho  * Mélenchon il admire Staline * Les féministes sont toutes des putes malbaisées * Juppé est un vieux con   *
textdetox@01907546324b0330d2d8b7669648cc18823323e5/fr/003630	fr	1	Ce n'est pas pour autant que tu es un gros con réac si tu vois ce que je veux dire.
textdetox@01907546324b0330d2d8b7669648cc18823323e5/fr/003631	fr	1	C'est surtout que t'es visiblement trop idiot pour voir que la merde que tu lis est totalement orientée.
textdetox@01907546324b0330d2d8b7669648cc18823323e5/fr/003632	fr	1	"Franchement, le premier qui m'appelle ""petit porc"" j'lui décolle une mandale dont il se souviendra, et mon 48 au fond du cul."
textdetox@01907546324b0330d2d8b7669648cc18823323e5/fr/003633	fr	1	Donc tu as raison, je n'irais pas seul là bas pour le pendre par les couilles moi-même dans l'intention perverse mais juste, de le lapider **en premier.
textdetox@01907546324b0330d2d8b7669648cc18823323e5/fr/003634	fr	1	désolant de voir des personnes d'origine maghrébine travailler pour le front national  Qu'ils sont cons ces maghrébins !
textdetox@01907546324b0330d2d8b7669648cc18823323e5/fr/003635	fr	1	Vous vous nous imposez de respirer votre merde, ça donne des envies de meurtre, sans deconner...
textdetox@01907546324b0330d2d8b7669648cc18823323e5/fr/003636	fr	1	"C'est ça être complice, tu comprend la différence ?   ""Mais pourquoi elle a pas parlé cette grosse conne ?"
textdetox@01907546324b0330d2d8b7669648cc18823323e5/fr/003637	fr	1	Parmi ces deux groupes il y en a un qui est essentiellement composé de gros enculés qui ne pensent qu'a leurs gueules.
textdetox@01907546324b0330d2d8b7669648cc18823323e5/fr/003638	fr	1	, ba oui faut bien les mater tous ces arabes et ces noirs.  Mais bon, là ça a rien a voir, c'est juste une meuf qui se fait contrôler et qui essaye de sortir un papier dessus, parce qu'elle est journaliste.
textdetox@01907546324b0330d2d8b7669648cc18823323e5/fr/003639	fr	1	[Les parisiens valent pas mieux que les provinciaux, tous des cons qui n'ont pas le courage d'aller dans un pays plus civilisé.
textdetox@01907546324b0330d2d8b7669648cc18823323e5/fr/003640	fr	1	Je te ferais disparaitre de cette putain de planète avec une précision jamais-vue auparavant, souviens-toi de mes putains de paroles.
textdetox@01907546324b0330d2d8b7669648cc18823323e5/fr/003641	fr	1	oh la belle réponse de gros beauf   ben si, je lui cracherais dessus figure toi
textdetox@01907546324b0330d2d8b7669648cc18823323e5/fr/003642	fr	1	le premier qui dit la blague est un humoriste le deuxième est un con     Qu'est ce que tu viens de putain de dire à propos de moi, petite salope?
textdetox@01907546324b0330d2d8b7669648cc18823323e5/fr/003643	fr	1	Qu'est ce que tu viens de putain de dire à propos de moi, petite salope?
textdetox@01907546324b0330d2d8b7669648cc18823323e5/fr/003644	fr	1	T'es juste un abruti et un fils de pute de facho qui est incapable de lire.
textdetox@01907546324b0330d2d8b7669648cc18823323e5/fr/003645	fr	1	Je sais que tu as du mal à faire la distinction, mais quand je dis j'emmerde le catholicisme qui est une religion de merde, avec des prêtres pédophiles et des pratiquants rétrogrades (ce qu'on entends régulièrement sur ce sub): je ne suis pas raciste.
textdetox@01907546324b0330d2d8b7669648cc18823323e5/fr/003646	fr	1	n'importe quoi en -iste n'importe quoi en -asse de modérateur tu provoques le réchauffemeent cliamtique à utiliser ton ordi tout le temps pour te connecter à reddit.com la frontpage des internets et tu tues des bébés chatons tout mignons espèce de spéciste
textdetox@01907546324b0330d2d8b7669648cc18823323e5/fr/003647	fr	1	J'avoue qu'on a déjà une bonne idée de ce que cette petite merde peut penser, nul besoin d'en diffuser plus.
textdetox@01907546324b0330d2d8b7669648cc18823323e5/fr/003648	fr	1	Hergé ne suggère pas qu'il faut botter le cul des musulmans qui prient, mais justement que les Dupondts sont des couillons pour le faire.
textdetox@01907546324b0330d2d8b7669648cc18823323e5/fr/003649	fr	1	Je suis sûr que la première chose que tu as faite en te réveillant, c'est toucher tes couilles.
textdetox@01907546324b0330d2d8b7669648cc18823323e5/fr/003650	fr	1	Qu'il ferme sa gueule ce débile à vouloir interdire tous les moyens de contraceptions aux femmes musulmanes.  
textdetox@01907546324b0330d2d8b7669648cc18823323e5/fr/003651	fr	1	C'est un site de connards, une equipe d'enculeurs, ce sont des taches, des fanfarrons, des saltimbanques, des merdes quoi.   Vade retro.
textdetox@01907546324b0330d2d8b7669648cc18823323e5/fr/003652	fr	1	Bah sachant que tous les chauffeurs de taxi sont des fdp, c'est normal qu'il t'encule.    Sûrement que c'était dans sa zone B ou une connerie du genre.
textdetox@01907546324b0330d2d8b7669648cc18823323e5/fr/003653	fr	1	Donc je te souhaite d'aller te faire enculer comme le gros connard que tu es.
textdetox@01907546324b0330d2d8b7669648cc18823323e5/fr/003654	fr	1	Parce que les gens sont des cons et qu'ils méritent qu'on leur foute le nez dedans.
textdetox@01907546324b0330d2d8b7669648cc18823323e5/fr/003655	fr	1	Moi j'aime bien quand tu fermes ta gueule, ça évite de lire de la GROSSE BONNE MERDE.
textdetox@01907546324b0330d2d8b7669648cc18823323e5/fr/003656	fr	1	Et Trump est un gros con qui a bouffé trop de jingoïsme dans ses céréales le matin,
textdetox@01907546324b0330d2d8b7669648cc18823323e5/fr/003657	fr	1	Juste une petite fiotte qui s'est fait chopée et maintenant court comme une pute en slip.
textdetox@01907546324b0330d2d8b7669648cc18823323e5/fr/003658	fr	1	C'est pas possible tout le monde sait que les Français c'est que des tapettes hein en plus un anglo-saxon ne tombera jamais derrière un de ces singes bouffeurs de fromage hein
textdetox@01907546324b0330d2d8b7669648cc18823323e5/fr/003659	fr	1	je t'aime, ta femme est moche, tes enfants vont être débile comme toi, tu as une vision bien triste de l'être humain
textdetox@01907546324b0330d2d8b7669648cc18823323e5/fr/003660	fr	1	Non seulement je suis entraîné de façon extensive au crochetage, mais j'ai en plus accès a un arsenal entier d'outils de BDSM provenant des meilleurs fabricants du monde du X et je vais l'utiliser en entier pour effacer ton cul misérable de la face de ce continent, espèce de petite merde.
textdetox@01907546324b0330d2d8b7669648cc18823323e5/fr/003661	fr	1	Pas con, je vais aller tuer des arabes j'aurais plus de chance d'éliminer des djihadistes comme ça.
textdetox@01907546324b0330d2d8b7669648cc18823323e5/fr/003662	fr	1	t'es un vrai abruti, et ça serait bien que les mecs qui, comme toi, détestent tant la france pour telle ou telle raison, se cassent une bonne fois pour toutes.  
textdetox@01907546324b0330d2d8b7669648cc18823323e5/fr/003663	fr	1	Et on voit 20 ans plus tard arriver la même merde mais en pire avec l'islam.
textdetox@01907546324b0330d2d8b7669648cc18823323e5/fr/003664	fr	1	Les dirigeants Ukrainiens sont des gros cons et il fallait donc choisir entre ceux-là et les Russes.
textdetox@01907546324b0330d2d8b7669648cc18823323e5/fr/003665	fr	1	Que les Musulmans qui n'aime pas notre mode de vie dégage dans le trou du cul qui sert d'origine à leur foi et qu'il fasse pas chier.
textdetox@01907546324b0330d2d8b7669648cc18823323e5/fr/003666	fr	1	Giscard qui suce Baltique en baisant Bernadette qui fait caca sur Vincent McDoom, ça c'est du spectacle !
textdetox@01907546324b0330d2d8b7669648cc18823323e5/fr/003667	fr	1	Et puis bon, Boutin est elle aussi une connasse, c'est plutôt dans le thème.
textdetox@01907546324b0330d2d8b7669648cc18823323e5/fr/003668	fr	1	Mais tu ne l'a pas fait, non tu ne l'a pas fait, et maintenant tu en paye le prix, putain d'abruti.
textdetox@01907546324b0330d2d8b7669648cc18823323e5/fr/003669	fr	1	Je suis non seulement très entrainé au combat à main nue, mais j'ai aussi accès à l'arsenal entier de l'Armée de Terre de la République et je l'utiliserai à son maximum pour rayer ton petit cul du continent, espèce de petite merde.
textdetox@01907546324b0330d2d8b7669648cc18823323e5/fr/003670	fr	1	J'emmerde tous ces communicants, décideurs et politiques qui en sont venus à ce nom qui pue le chibre.
textdetox@01907546324b0330d2d8b7669648cc18823323e5/fr/003671	fr	1	, c'est que vous vous tapez totalement de votre prochain, en particulier du plus faible, et que je vous crache à la gueule.
textdetox@01907546324b0330d2d8b7669648cc18823323e5/fr/003672	fr	1	Espèce de traitre à la Nation, il faudrait rétablir la guillotine pour les gens comme toi.  
textdetox@01907546324b0330d2d8b7669648cc18823323e5/fr/003673	fr	1	Des putains de petites salopes de causes de merde peuvent provoquer un bordel de chie aussi énorme que le chibre en érection d'un cheval qui nique ta mère.
textdetox@01907546324b0330d2d8b7669648cc18823323e5/fr/003674	fr	1	quand t'es heureux ça veut dire que t'es une lopette et la vraie definition de la vie, c'est te chier dessus en esperant que tout le monde va se crever la gueule dans deux ans.
textdetox@01907546324b0330d2d8b7669648cc18823323e5/fr/003675	fr	1	Est-ce que les connards de l'UMP vont arreter de les accuser d'etre une officine du PS maintenant qu'ils ont bien emmerde les connards du PS en allumant Cahuzac?
textdetox@01907546324b0330d2d8b7669648cc18823323e5/fr/003676	fr	1	Vraiment une bande de feignasses ces gauchos, bougez vous le cul et allez vraiment travailler ça va vous faire les pieds de toute façon cette génération est une génération de pleurnicheuses avec un complexe de victimisation.
textdetox@01907546324b0330d2d8b7669648cc18823323e5/fr/003677	fr	1	cette salope qui se fait passer pour link auprès des gosses encore accrochés au loches de leur grosse mère
textdetox@01907546324b0330d2d8b7669648cc18823323e5/fr/003678	fr	1	Sacrés journalopes gauchiasses, n'est-ce pas ?  ( /s pour les plus lents )
textdetox@01907546324b0330d2d8b7669648cc18823323e5/fr/003679	fr	1	Putain j'en ai rien à foutre en fait des musulmans tu vois...s'ils supportent pas le saucisson c'est leur problème.
textdetox@01907546324b0330d2d8b7669648cc18823323e5/fr/003680	fr	1	Oui, mais ça n'excuse pas **le(s) gros enculé(s) de merde qui en profite(nt)
textdetox@01907546324b0330d2d8b7669648cc18823323e5/fr/003681	fr	1	Apple n'a qu'à les enculer jusqu'à la garde, le contraire serait de la confiture pour les cochons.
textdetox@01907546324b0330d2d8b7669648cc18823323e5/fr/003682	fr	1	Il faut cesser de sucer la bite du Conseil des Institutions Juives tout en interdisant le voile et en faisant chier les musulmans autour d'une laïcité agressive.  _________  
textdetox@01907546324b0330d2d8b7669648cc18823323e5/fr/003683	fr	1	Allez crever avec vos conseil à la con qui font que culpabiliser.
textdetox@01907546324b0330d2d8b7669648cc18823323e5/fr/003684	fr	1	Bien sûr, qu’ils me connaissent à peine, bien sûr, que je suis un étranger, parce que je bosse moi, toute la journée, à m’en crever la santé, pour leur payer à bouffer et qu’ils aillent à l’école, pendant que leur salope de mère se la coule douce à la maison !
textdetox@01907546324b0330d2d8b7669648cc18823323e5/fr/003685	fr	1	La frange de connards, mous du bulbe fonde l'échec prétendu de toute une population.
textdetox@01907546324b0330d2d8b7669648cc18823323e5/fr/003686	fr	1	Et sincèrement, si j'avais été sur place, je n'aurais pas hésiter à foutre une droite à ces deux connards.
textdetox@01907546324b0330d2d8b7669648cc18823323e5/fr/003687	fr	1	Mélanch et Fillon sont dégueulasse comme auj, ils font sales crasseux, Macron est sex dommage il baise des veilles.
textdetox@01907546324b0330d2d8b7669648cc18823323e5/fr/003688	fr	1	T'es vraiment et un abruti et un inculte et un raciste et un faux-cul.
textdetox@01907546324b0330d2d8b7669648cc18823323e5/fr/003689	fr	1	Cette putain de suffisance qui se dégage de lui j'ai envie de lui mettre des baffes.
textdetox@01907546324b0330d2d8b7669648cc18823323e5/fr/003690	fr	1	Anyway, c'est une grosse conne complètement réac', j'ai aucun soucis à le dire.
textdetox@01907546324b0330d2d8b7669648cc18823323e5/fr/003691	fr	1	Je te ferais disparaitre de cette putain de planète avec une précision jamais-vue auparavant, souviens-toi de mes putains de paroles.
textdetox@01907546324b0330d2d8b7669648cc18823323e5/fr/003692	fr	1	"Ton erreur, et qui est celle commisse par littéralement tous les connards dans ton genre, c'est d'être assez con pour penser que ""ethnie"", ""race"" ou ""religion"" sont des concepts qui suivent des cadres rigides."
textdetox@01907546324b0330d2d8b7669648cc18823323e5/fr/003693	fr	1	Chaine de merde entretenue par un abruti qui non content de faire de la pub pour des gadgets attrape couillons a apparemment séché la physique au collège
textdetox@01907546324b0330d2d8b7669648cc18823323e5/fr/003694	fr	1	Mortecouille, je suis plus qu'aguerri à couper les jarrets des marauds comme toi, et j'ai de surcroît tous les canons du royaume de France à ma disposition, et j'en ferai bon usage pour pulvériser ta carcasse de renégat et en débarrasser la couronne de France, nom d'un chien.
textdetox@01907546324b0330d2d8b7669648cc18823323e5/fr/003695	fr	1	Clinton et les démocrates c'est de la chiasse, des criminels de guerre, des raclures comme les autres avant eux.
textdetox@01907546324b0330d2d8b7669648cc18823323e5/fr/003696	fr	1	Toi tu branles, t'es surement un petit français trop ému par les vidéos à la con comme celle du grand journal avec le petit chinois et son papa qui parlent de contrer les terroristes avec des fleurs.
textdetox@01907546324b0330d2d8b7669648cc18823323e5/fr/003697	fr	1	Une bande de connards d'extreme droite  utilisant de la propagande religieuse catholique  pour peser sur la politique.
textdetox@01907546324b0330d2d8b7669648cc18823323e5/fr/003698	fr	1	Ce putain de torchon ramasse-merde je supporte plus, surtout depuis que le rédac chef nous a démontré ici même qu'il abordait la critique comme un gamin de 10 ans.
textdetox@01907546324b0330d2d8b7669648cc18823323e5/fr/003699	fr	1	Un sale tapin tous ces mots doux c'était qu'du baratin   On s'tenait par la main on s’enlaçait on s'embrassait   On verra comment tu fais la belle avec une jambe cassée   On verra comment tu suces quand j'te déboiterai la mâchoire   T'es juste une truie tu mérites ta place à l'abattoir   Je suis bien content que le mec qui a écrit ce texte me donne son avis sur l'éducation de mes gosses !
textdetox@01907546324b0330d2d8b7669648cc18823323e5/fr/003700	fr	1	"""Hey ton cul doit être vachement jaloux de ta bouche, vu toute la merde qui en sort."
textdetox@01907546324b0330d2d8b7669648cc18823323e5/fr/003701	fr	1	Blatter est un gros con pourri mais Qatar 2022 est à peu près le seul horrible de la FIFA qui ne soit pas de sa faute.
textdetox@01907546324b0330d2d8b7669648cc18823323e5/fr/003702	fr	1	Puis reprend un laxatif, parce que visiblement tu as un souci avec ton cul.   Humains de merde.
textdetox@01907546324b0330d2d8b7669648cc18823323e5/fr/003703	fr	1	Je te souhaite de mourir dans d'atroces souffrances suppôt de la chienlit typographique.
textdetox@01907546324b0330d2d8b7669648cc18823323e5/fr/003704	fr	1	Qu'ils aillent se faire sodomiser avec leur épis de maïs au roundup.
textdetox@01907546324b0330d2d8b7669648cc18823323e5/fr/003705	fr	1	que ça : Trump est un gros con riche et mythomane et malgré cela il est candidat officiel d'un grand parti pour la présidence.  
textdetox@01907546324b0330d2d8b7669648cc18823323e5/fr/003706	fr	1	Y'a un commentaire qui explique pourquoi OP est un con, pourquoi il sert a rien, et pourquoi il doit aller se faire fouttre.
textdetox@01907546324b0330d2d8b7669648cc18823323e5/fr/003707	fr	1	Regarde chérie si tu ne travailles pas à l'école tu finiras comme la dame (je vais t'enfoncer mon master dans le cul connasse tu vas voir, et je vais pas le rouler serré).
textdetox@01907546324b0330d2d8b7669648cc18823323e5/fr/003708	fr	1	En même temp garder son calme face à une tete de con comme Philipot faut le faire... avec son petit sourir de mangeur de merde...
textdetox@01907546324b0330d2d8b7669648cc18823323e5/fr/003709	fr	1	Sois maudit, putain de commies !  Va en enfer et apportez vos french fries avec vous !    
textdetox@01907546324b0330d2d8b7669648cc18823323e5/fr/003710	fr	1	Vas-y les fils de pute, t'as qu'à faire un AMA ici pour leur apprendre la vie.
textdetox@01907546324b0330d2d8b7669648cc18823323e5/fr/003711	fr	1	t'es payé pour raconter des conneries pareilles?   Pointe toi dans un groupe ou plusieurs de dizaines de personnes te gueulent dessus dégage sale fasciste connard etc en t'entourant, on verra combien de temps tu vas rester faire le beau gosse.
textdetox@01907546324b0330d2d8b7669648cc18823323e5/fr/003712	fr	1	, c'est un débat à avoir  T'es un gros couillon et t'es complice aux pires attentats que la France ait subi ces dernières décennies.   
textdetox@01907546324b0330d2d8b7669648cc18823323e5/fr/003713	fr	1	Les cathos et les athés ne vont pas poser des bombes dans un concert comme récemment en Angleterre ou ne visent pas spécifiquement les enfants ou le public innocent comme ces enculés d'extrêmistes Musulmans.  
textdetox@01907546324b0330d2d8b7669648cc18823323e5/fr/003714	fr	1	Conclusion, qu'ils aillent se faire enculer si ça leur plait, perso j'en ai rien à foutre des JO.
textdetox@01907546324b0330d2d8b7669648cc18823323e5/fr/003715	fr	1	En plus c'est moche parce que les gens sont des cons avec des goûts de chiotte et ont profité d'une occase chez Leroy Merlin pour 36 rouleaux de papier cul à fleurs de quinze mètres de long à poser eux-mêmes, 150 balles seulement poupougne c'était les derniers putain, ils ont fait ça en se bourrant la gueule avec leur beauf et ils sont tous fiers d'avoir chié leurs murs façon scrapbooking, plus qu'à y coller la photo des chiards façon cerise sur le tas de merde, plus qu'à coller un vinyle à la con j'hésite les bambous d'Indonésie ou la skyline de New York, oublie pas de coller les lettres dans l'ordre hein, S A L O N, au cas où les invités se croiraient chez le dentiste, putain si c'est moi qui les vendais je leur offrirait un C pour rien à coller au milieu, au moins leurs potes sauraient qu'ils sont bien arrivés...   Je suis plus peinture en fait.
textdetox@01907546324b0330d2d8b7669648cc18823323e5/fr/003716	fr	1	J'ai entendu dire qu'être journaliste c'était super pour niquer des gonzesses et manger des ouiches Lorraine j'essayerai peut être...  Je ferais un update quand j'aurais baisé, soyez patient !
textdetox@01907546324b0330d2d8b7669648cc18823323e5/fr/003717	fr	1	mais ils cassent les couilles ces putains de ricains karma-whore...
textdetox@01907546324b0330d2d8b7669648cc18823323e5/fr/003718	fr	1	Voltaire avait dessiné des machines pour trucider les Turcs et Rousseau était essentiellement un gros enculé.
textdetox@01907546324b0330d2d8b7669648cc18823323e5/fr/003719	fr	1	mais il est débile un peu ce brave homme.   Curieux: ceux qui hurlent contre le salaire de Carlos Ghosn sont loin de hurler 2 fois + fort contre le salaire 2 fois + élevé de Neymar...  Mais quel con putain.
textdetox@01907546324b0330d2d8b7669648cc18823323e5/fr/003720	fr	1	"Si seulement tu avais su quelle vengeance impie ton petit commentaire ""intelligent"" s'apprêtait à faire descendre sur ta tronche, peut être que tu aurais fermé ta putain de gueule."
textdetox@01907546324b0330d2d8b7669648cc18823323e5/fr/003721	fr	1	Les jeunes australiens qui voyagent (principalement en Asie du sud est), qui sont des bons gros douchebags racistes et débiles, qui gueulent tout le temps et se bourrent la gueule avec des bières de merde.   
textdetox@01907546324b0330d2d8b7669648cc18823323e5/fr/003722	fr	1	, vous êtes des gauchiasses de 20/30 ans habillés avec un vieux pull quicksilver avec un jean trop large qui vous fait ressembler à de la merde.
textdetox@01907546324b0330d2d8b7669648cc18823323e5/fr/003723	fr	1	Elle a sacrément merdé ta mère dans ton éducation... la vache..  Sinon, je partais d'une bonne intention.
textdetox@01907546324b0330d2d8b7669648cc18823323e5/fr/003724	fr	1	haha gabychish la vieille pute qui commente le lendemain pour que ça passe inaperçu
textdetox@01907546324b0330d2d8b7669648cc18823323e5/fr/003725	fr	1	Je pense sincèrement qu'a moi tout seul je pourrait faire la même enquête et montrer une fois pour toute que la FRANCE aime sucer des bi*tes de chèvres !!
textdetox@01907546324b0330d2d8b7669648cc18823323e5/fr/003726	fr	1	Qu'est-ce que l'enculette viens-tu de putain de dire à propos de moi, petite pute ?
textdetox@01907546324b0330d2d8b7669648cc18823323e5/fr/003727	fr	1	Trump est un porc vulgaire, stupide, malhonnête, sans culture, sans expérience, raciste, et qui est soutenu par la frange la plus régressive (les évangélistes créationnistes et conservateurs américains).
textdetox@01907546324b0330d2d8b7669648cc18823323e5/fr/003728	fr	1	La putain de ta race, tu te grattes les couilles devant ma femme!
textdetox@01907546324b0330d2d8b7669648cc18823323e5/fr/003729	fr	1	Mais bon elle est tellement conne qu'elle coulerait le parti je pense.
textdetox@01907546324b0330d2d8b7669648cc18823323e5/fr/003730	fr	1	Faut vraiment être un sacré débile et un sacré fdp pour commencer à réagir comme ça.
textdetox@01907546324b0330d2d8b7669648cc18823323e5/fr/003731	fr	1	et Clinton, connasse corrompu candidate parfaite de l'établishment et de la mauvaise foi;
textdetox@01907546324b0330d2d8b7669648cc18823323e5/fr/003732	fr	1	Nan, y a un gros connard de Luxembourgeois, et des trous du cul de Suisses aussi.
textdetox@01907546324b0330d2d8b7669648cc18823323e5/fr/003733	fr	1	C'est une conne qui ne représente personne, ne convainc personne en France sauf quelque connards au PS, et même dans un débat avec des créationnistes elle arriverait à sortir plus de connerie que ses interlocuteurs.   
textdetox@01907546324b0330d2d8b7669648cc18823323e5/fr/003734	fr	1	Non mais c'est pas parce que c'est un chat qu'il faut forcément le cuisiner connard de chinois !
textdetox@01907546324b0330d2d8b7669648cc18823323e5/fr/003735	fr	1	de toute manière l'islam c'est le cancer de l'Europe, vous feriez meux de les foutre dehors, on se fera un plaisir de  les remplacer.
textdetox@01907546324b0330d2d8b7669648cc18823323e5/fr/003736	fr	1	t'es vraiment un gros naze, ta façon de modérer c'est de la merde
textdetox@01907546324b0330d2d8b7669648cc18823323e5/fr/003737	fr	1	On va parler des imam et des salafistes et des bougnoules en général, mais les curés pédophile s'en sortent bien :(
textdetox@01907546324b0330d2d8b7669648cc18823323e5/fr/003738	fr	1	je l'ai accidentellement gazé,je l'ai accidentellement foutu une matraque dans le cul.  
textdetox@01907546324b0330d2d8b7669648cc18823323e5/fr/003739	fr	1	Une grosse bande d'enculés sachant qu'on les avait prévenu, qu'on avait des revenus réguliers et conséquents.
textdetox@01907546324b0330d2d8b7669648cc18823323e5/fr/003740	fr	1	Allons y  Dfacon ce sont encore des arabes  Vivement qu on les foute au pas
textdetox@01907546324b0330d2d8b7669648cc18823323e5/fr/003741	fr	1	"Et aucun fils de pute de journaliste ne viendra demander à ce connard s'il est prêt à crier ""vive l'homosexualité"", hein."
textdetox@01907546324b0330d2d8b7669648cc18823323e5/fr/003742	fr	1	edit, les religions sont de la merde en général, l'islam particulièrement.
textdetox@01907546324b0330d2d8b7669648cc18823323e5/fr/003743	fr	1	"""Connard de suédois, tu vas la bouger ta caisse de merde ou je te fais bouffer ta glace par le nez !"
textdetox@01907546324b0330d2d8b7669648cc18823323e5/fr/003744	fr	1	Je pense quand même que Meluche est un connard de social traitre, aux vieux relents autoritaires.
textdetox@01907546324b0330d2d8b7669648cc18823323e5/fr/003745	fr	1	Bien fait l'artiste, et qu'il encule sa race lui même ce sale con.
textdetox@01907546324b0330d2d8b7669648cc18823323e5/fr/003746	fr	1	"Deux modos qui se sucent la bite entre eux (pour reprendre tes termes) en utilisant un langage comme ""boloss"" etc., ça fait pas adulte."
textdetox@01907546324b0330d2d8b7669648cc18823323e5/fr/003747	fr	1	En parlant du responsable de la prépro, qui est une sombre merde sur qui tout le monde chie.
textdetox@01907546324b0330d2d8b7669648cc18823323e5/fr/003748	fr	1	Maintenant si elle pouvait ne pas être une immonde connasse, ça serait un bonus.
textdetox@01907546324b0330d2d8b7669648cc18823323e5/fr/003749	fr	1	Comment elle fait cette conne pour ne pas avoir honte de sortir des débilités pareilles ?
textdetox@01907546324b0330d2d8b7669648cc18823323e5/fr/003750	fr	1	svp ne donner pas cette ordre de légaliser cette merde ma fille depuis l`âge se 15ans elle en prend ont as beaucoup de chicane ma insulte et se rappelle jamais se qu.elle fais mon petit fils lui en veux de lui avoir habituer de lui en donner elle meme au lieu de se procurer dans la rue et vos enfant plus tard même le contrôle passe a coté de ca merci mrs trudeau pour me lire une mère et grand mère désesperé pour cette merde la vous allez approuver une mort certain pour les accros
textdetox@01907546324b0330d2d8b7669648cc18823323e5/fr/003751	fr	1	Je ne pense pas que tu sois une bonne chose pour wikiprout je vais dc te faire caca dessus sale juif!
textdetox@01907546324b0330d2d8b7669648cc18823323e5/fr/003752	fr	1	Tant pis pour cette encyclopédie de m****, où l on n hésite pas à piétiner le travail des précédents contributeurs...
textdetox@01907546324b0330d2d8b7669648cc18823323e5/fr/003753	fr	1	, venu faire de la dawa, propagandistes puants de mauvaise foi         je vous conseille d arrêter de m insulter au plus vite   ,   et je suis étonné qu aucun administrateur ne sanctionne ce grosseir personnage, qui ne répond évidemment rien aux références contradictoires que j ai approtées.
textdetox@01907546324b0330d2d8b7669648cc18823323e5/fr/003754	fr	1	y a des nominées aux oscars a me banir des imbéciles nommé loopy30 qui a un grave problème dans sa tete je compte plus sur vous pour réparer les sujets vides 88.139.246.20 (discuter)
textdetox@01907546324b0330d2d8b7669648cc18823323e5/fr/003755	fr	1	et toi tu t obstine a remettre cet article nul a chier remplis d erreurs et qui lui s apparente a du vandalisme!
textdetox@01907546324b0330d2d8b7669648cc18823323e5/fr/003756	fr	1	jte pisse sur le front jte chie sur la nation on ta pri en flagrant delit au lit avec un sextoys et un peu de mon sperm en guise de pastis nan
textdetox@01907546324b0330d2d8b7669648cc18823323e5/fr/003757	fr	1	ct salope que je baise tou les soir kce kelle et bonne avc se gro nibard et sa chatte rase
textdetox@01907546324b0330d2d8b7669648cc18823323e5/fr/003758	fr	1	fils de pute   ;   fty ferme ta yeule (geule)   ;   
textdetox@01907546324b0330d2d8b7669648cc18823323e5/fr/003759	fr	1	de pute veut dire ke ta mére
textdetox@01907546324b0330d2d8b7669648cc18823323e5/fr/003760	fr	1	Le comité d arbitrage n est qu une merde.
textdetox@01907546324b0330d2d8b7669648cc18823323e5/fr/003761	fr	1	bloque moi petite bite !
textdetox@01907546324b0330d2d8b7669648cc18823323e5/fr/003762	fr	1	l ANTICHRIST, SATAN, Brulez en enfer, car c est votre sort qui vous attend, un etre humain democrate cordialement
textdetox@01907546324b0330d2d8b7669648cc18823323e5/fr/003763	fr	1	Ne t inquiete pas, un jour je serais devant toi, et ce jour, y aura personne qui m empechera de te crever.
textdetox@01907546324b0330d2d8b7669648cc18823323e5/fr/003764	fr	1	Vous n êtes que des gros sacs à merde frustrés qui avez transformé cette magnifique idée qu est Wikipédia en gros club pour raclures demi-élitistes qui peuvent décider - à seulement 3 personnes, bonjour le caractère  démocratique
textdetox@01907546324b0330d2d8b7669648cc18823323e5/fr/003765	fr	1	rien à cirer grosse merde !
textdetox@01907546324b0330d2d8b7669648cc18823323e5/fr/003766	fr	1	De la part de Serge ULESKI auquel vous refuser systématiquement un page autobiographique sous prétexte qu il n est pas dans dieu sait quelle encyclopédie de merde !
textdetox@01907546324b0330d2d8b7669648cc18823323e5/fr/003767	fr	1	bloque moi petite bite !
textdetox@01907546324b0330d2d8b7669648cc18823323e5/fr/003768	fr	1	Un prénomé  Aurel  est un gros batard et pense qu a baiser !
textdetox@01907546324b0330d2d8b7669648cc18823323e5/fr/003769	fr	1	J la prends, j la suce, elle m encuuuuuuule...
textdetox@01907546324b0330d2d8b7669648cc18823323e5/fr/003770	fr	1	liste de tous les défauts d ericboss   coincé,timide,naif, pas intelligent,crédule,pas beau,renfermé sur soi,pessimiste,qui manque de confiance en soi,maladroit,empoté,attentiste,passif,mal dans son corps,dépressif,suicidaire,réveur,peureux,qui se défile,maigre,asocial,qui se néglige,nul sexuellement,inutile,inefficace,sale,gauche,collant,chiant,qui pose trop de questions,qui cherche à se faire remarquer,ininteressant,mou,lent,stressé,très influençable,mauvais en sport,lymphatique,egoiste,egocentrique,possessif,jaloux,immature,assisté,qui foire plus ou moins ses études,distant,qui a du mal à s exprimer,paresseux,angoissé,qui se laisse vivre,profiteur,pleurnicheur,faible,irrespectueux,grossier,qui insulte ses parents,fragile,suceptible,trop sensible,trop affectueux,qui a du mal à se concentrer,plaintif,qui s auto dénigre,chieur,pas dégourdi,qui sent mauvais,non volontaire,masochiste,défaitiste,sevré de tout,qui n a aucune motivation,glandeur,sans avenir,qui coute cher à ses parents et à l état,lache,qui est un poids pour les autres,gaffeux,boulet de première classe,nolife,qui ne veut pas bouger son cul,qui a très peu de centre d intérét,qui refuse d évoluer...
textdetox@01907546324b0330d2d8b7669648cc18823323e5/fr/003771	fr	1	TA MERE LA GROSSE PPPPPPUUUUUUUUUUTTTTTTEEEEEEEEE
textdetox@01907546324b0330d2d8b7669648cc18823323e5/fr/003772	fr	1	je pense que c est toi qui est plûtôt immature, vu comme tu te comporte...je pense que tu devrais lire la définition du mot  respect .
textdetox@01907546324b0330d2d8b7669648cc18823323e5/fr/003773	fr	1	Donc voilà, je balance en PaS ta cat débile.
textdetox@01907546324b0330d2d8b7669648cc18823323e5/fr/003774	fr	1	George W.Bush , le terroriste du 21eme ciecle, est ce que vous avez deja fait le bilan de tous les masacres que vous avez perpetrer dans le monde, toute la terreur que vous avez semer dans les pays depourvu de moyens de deffense, toute votre lacheté pour essayer de prendre ce qui ne vous appartient pas, en vain, nous, nous prions dieu pour que votre acharnnement terroriste cesse, vous etes un imbecile heureux, un terroriste fou et bete en meme temps, si vous etiez intelligent, vous aurez semer l amour et pas la guerre entre les peuple, espece de debile montal, le Liban est un exemple d integrité et de democratie ou s assemble les cretiens et les mesulman chiits et juifs, sunnits et autres races, vous n aimez pas la paix vous n aimez pas la democratie, vous aimez une seule chose, tuer et semer la terreur entre les peuples, bush vous n etes pas intelligent du tout, Vous prettendez etre chretient, alors que vous etes en réalité
textdetox@01907546324b0330d2d8b7669648cc18823323e5/fr/003775	fr	1	! CA fait qu on doit mettre toujours MAghreb alors que quand il s agit du MAroc o laisse bien pour eux!!!!Alors J aimeria VRAIMENT VRAIMENT que tu fasse quelque chose et non pas que tu me raconte de la merde ( excuse moi mais je ne sais plus comment faire !)
textdetox@01907546324b0330d2d8b7669648cc18823323e5/fr/003776	fr	1	bloque moi petite bite !
textdetox@01907546324b0330d2d8b7669648cc18823323e5/fr/003777	fr	1	bloque moi petite bite !
textdetox@01907546324b0330d2d8b7669648cc18823323e5/fr/003778	fr	1	LA MERDE APRÈS QUE TU TE FERAS
textdetox@01907546324b0330d2d8b7669648cc18823323e5/fr/003779	fr	1	Lavau t es vraiment un gros PD, on s en branle des quaternions , et ton livre c est moi qui te l a volé et c est pour une seule raison: te le foutre dans le cul jusqu a l oeuil pour que t arrete de te la péter et de raconter des conneries qui n intéréssent que toi et l arriere petit-fils de Grassman , tout ça pour qu il te suce le chibre vieu pervers !
textdetox@01907546324b0330d2d8b7669648cc18823323e5/fr/003780	fr	1	Non seulement je perds mon temps sur l article consacré à cette merde humaine de Dieudonné, alors que tant de sujets intéressants attendent leur heure, mais en plus je me prends un blocage parce que les administrateurs mettent plus de 24 heures à réagir.
textdetox@01907546324b0330d2d8b7669648cc18823323e5/fr/003781	fr	1	mais putain ce mec.
textdetox@01907546324b0330d2d8b7669648cc18823323e5/fr/003782	fr	1	De nouveau va te fairer enculer !!
textdetox@01907546324b0330d2d8b7669648cc18823323e5/fr/003783	fr	1	pcq tu ma po donné mon change va te faire fourrer pov pute sale de mes 2
textdetox@01907546324b0330d2d8b7669648cc18823323e5/fr/003784	fr	1	Mais, ne désespérons pas qui sait ce que l avenir vous réserve, Môssieur l étron mou de wikipédia.
textdetox@01907546324b0330d2d8b7669648cc18823323e5/fr/003785	fr	1	Non non, juste wikipédienne ^^ Les administrateurs, eux ce sont de vrais salopard comparés à moi, moi j suis une gentille ^^ C est des vicieux, ils aiment jouer avec leurs victimes, y en a même qui étranglent des chatons pour s amuser ou qui mangent les petits enfants...
textdetox@01907546324b0330d2d8b7669648cc18823323e5/fr/003786	fr	1	Hou toi tu as un bannissement qui te pend au nez,  gaffe à ta gueule ]
textdetox@01907546324b0330d2d8b7669648cc18823323e5/fr/003787	fr	1	EDIT c est une conversation, si tu es trop idiot pour comprendre qui parle c est pas mon problème.
textdetox@01907546324b0330d2d8b7669648cc18823323e5/fr/003788	fr	1	OH LA PUTAIN DE TA MERE LA REINE DES PUTES
textdetox@01907546324b0330d2d8b7669648cc18823323e5/fr/003789	fr	1	Message déposé par 2A02:9D0:100:3046:0:0:0:9C (discuter)  Do not follow suis sur que tu aimerai mettre ta tite queue de 5cm dans le cul de Lomita avoues
textdetox@01907546324b0330d2d8b7669648cc18823323e5/fr/003790	fr	1	Mr zidane c est un con qui est PD!
textdetox@01907546324b0330d2d8b7669648cc18823323e5/fr/003791	fr	1	Elle adore sucer ta mère aussi.
textdetox@01907546324b0330d2d8b7669648cc18823323e5/fr/003792	fr	1	, j ai d autres comptes ! va te faire mettre par ton ami Ben Laden.
textdetox@01907546324b0330d2d8b7669648cc18823323e5/fr/003793	fr	1	Tu mérites plutôt la mort.
textdetox@01907546324b0330d2d8b7669648cc18823323e5/fr/003794	fr	1	Tam mathias momo nico et flo sont vraiment des gros PD il aimme la bite!!!!!!!!!
textdetox@01907546324b0330d2d8b7669648cc18823323e5/fr/003795	fr	1	Bandes de nases !!
textdetox@01907546324b0330d2d8b7669648cc18823323e5/fr/003796	fr	1	Je te hais menteuse, inutile de me dire bonjour, je ne réponds pas aux collabos.
textdetox@01907546324b0330d2d8b7669648cc18823323e5/fr/003797	fr	1	+ Je me joins à l utilisateur 86.64.166.14 pour vous souhaiter, très très cher Jean-Clément Martin, plein de claques dans ta gueule de    nazi   .
textdetox@01907546324b0330d2d8b7669648cc18823323e5/fr/003798	fr	1	BOUTIQUE DE MERDE LES FIS DE PUTES
textdetox@01907546324b0330d2d8b7669648cc18823323e5/fr/003799	fr	1	JE T EMMERDE DE TOUTE FAçON!!!!
textdetox@01907546324b0330d2d8b7669648cc18823323e5/fr/003800	fr	1	Je vous laisse, gros comme cochon à votre encyclopédie finie et malheureusement (car prenant la masse comme vérité) populaire.
textdetox@01907546324b0330d2d8b7669648cc18823323e5/fr/003801	fr	1	Regardez, ces sales fachos du Nouvel Obs, ils croient à un lobby gay eux aussi !
textdetox@01907546324b0330d2d8b7669648cc18823323e5/fr/003802	fr	1	Moi je voulais juste dire qu Alexis Cauzero à une petite bite voila tout, bonne journée messieurs
textdetox@01907546324b0330d2d8b7669648cc18823323e5/fr/003803	fr	1	oh ducon t arrêtes tes conneries ou tu vas prendre un pet dans ta gueule, moi aussi j ai un proxy et je peux changer d IP pauvre abruti.
textdetox@01907546324b0330d2d8b7669648cc18823323e5/fr/003804	fr	1	b***** de m**** !!
textdetox@01907546324b0330d2d8b7669648cc18823323e5/fr/003805	fr	1	Vous êtes un incommensurable enculé soit vous n avez aucun moyen de justifier votre suppression soit vous n en avez strictement rien a branlé.
textdetox@01907546324b0330d2d8b7669648cc18823323e5/fr/003806	fr	1	caca caca caca caca caca caca caca crap crap crap crap.
textdetox@01907546324b0330d2d8b7669648cc18823323e5/fr/003807	fr	1	gros tarba va te fair keni sale niqueur de b i t e s !
textdetox@01907546324b0330d2d8b7669648cc18823323e5/fr/003808	fr	1	UNE GROSSE MERDE ISRAEL EST LE MEILLEUR
textdetox@01907546324b0330d2d8b7669648cc18823323e5/fr/003809	fr	1	, est caillot qui te protege donc en 2017 avec la bande de nul en d2,2 2 2 eh oui vous etes mùauvais tres mauvais j aurais honte a ta place d aller chercher ma paye
textdetox@01907546324b0330d2d8b7669648cc18823323e5/fr/003810	fr	1	nous sommes des francophones mais en tant que étudiants algériens arnaqués par ce système méchiavélique nous vous disons tout clair et net allez vous faire chier espèce d ordure.
textdetox@01907546324b0330d2d8b7669648cc18823323e5/fr/003811	fr	1	toi à tes petits vandalismes anti-communistes, ton état d esprit ne vaut pas mieux que le pire des staliniens.
textdetox@01907546324b0330d2d8b7669648cc18823323e5/fr/003812	fr	1	Vous n êtes que des mafieux de la ligue sionistes visant à défaire les Peuples, à difuser votre propagande, à porter la confusion, à créer la discorde et la haine et à vouloir imposer votre vision satanistes des choses.
textdetox@01907546324b0330d2d8b7669648cc18823323e5/fr/003813	fr	1	Bravo pour votre couardise, digne des petits salopards qui devaient dénoncer leur voisin pendant l occupation.
textdetox@01907546324b0330d2d8b7669648cc18823323e5/fr/003814	fr	1	De toute façon j arrete le débat avec toi car tu es un gros troll.
textdetox@01907546324b0330d2d8b7669648cc18823323e5/fr/003815	fr	1	bloque moi petite bite !
textdetox@01907546324b0330d2d8b7669648cc18823323e5/fr/003816	fr	1	Je voudrai juste savoir pourquoi tu retire mes articles =/ Si tu es gentil avec moi tu auras le droit à une gaterie, compris salope.
textdetox@01907546324b0330d2d8b7669648cc18823323e5/fr/003817	fr	1	Votre blog est merdique !
textdetox@01907546324b0330d2d8b7669648cc18823323e5/fr/003818	fr	1	je vais te défoncer ta sale tronche de vieille pute.
textdetox@01907546324b0330d2d8b7669648cc18823323e5/fr/003819	fr	1	Pauvre salopard...j espère ne jamais te retrouver !!!
textdetox@01907546324b0330d2d8b7669648cc18823323e5/fr/003820	fr	1	Kressmann Taylor a une bite de troubadoure et une oreil bleu ^^ son pere c dieu et sa mere clara morgan, sa soeur c katsoumi
textdetox@01907546324b0330d2d8b7669648cc18823323e5/fr/003821	fr	1	Recul, recul, il ne faut pas que je t enc*u*e Très amicalement,Bosay (parler à Saint-Bosay)
textdetox@01907546324b0330d2d8b7669648cc18823323e5/fr/003822	fr	1	je voulais dire que vous éte un vrai PD pire que BEN!
textdetox@01907546324b0330d2d8b7669648cc18823323e5/fr/003823	fr	1	A part ça le type a vraiment l air    très con   , ça ne m étonne pas qu il soit obligé d en arriver la car il n est pas consommable !!
textdetox@01907546324b0330d2d8b7669648cc18823323e5/fr/003824	fr	1	t es un gros gland tout mou avec le cerveau d un poulet tes CU tu te les colle
textdetox@01907546324b0330d2d8b7669648cc18823323e5/fr/003825	fr	1	Je vais te péter la gueule pour ce que tu as fait à Calcineur, Lppa et aux autres.
textdetox@01907546324b0330d2d8b7669648cc18823323e5/fr/003826	fr	1	Pitoyable petit vendu va.
textdetox@01907546324b0330d2d8b7669648cc18823323e5/fr/003827	fr	1	Putain de MAF qui fait un début de saison de merde, je te l enverrai dans la LAH un poil ça lui ferait du bien.
textdetox@01907546324b0330d2d8b7669648cc18823323e5/fr/003828	fr	1	Vous etes juste une bande de con de vous preocuper de lheure de sa naissance.
textdetox@01907546324b0330d2d8b7669648cc18823323e5/fr/003829	fr	1	si vous êtes pas content aller vous faire voir,on essaye de faire les chose bien et on s en prend plein la gueule super la communauté wikipédia de merde
textdetox@01907546324b0330d2d8b7669648cc18823323e5/fr/003830	fr	1	encule de ta famille que je sodomise a sec viens nous voir vers paris on vas s occuper de ta face de pedophile ,j ai une envie de te crever a petit feu tas de merde et soit sur enfant de pute que je te regarderai creve quand je t aurai loge dans ton corps d ordure quelques balles places judicieusement vient fait moi plaisir que je fasse un carton sur toi tu n est qu un sous developpe termine a l urine ceci s adresse a cette pedale de simon casas dit dechet de l humanite tu verra nous dans le sud de naple on prend tout son temps pour flinguer un inutile
textdetox@01907546324b0330d2d8b7669648cc18823323e5/fr/003831	fr	1	J accuse PAUTARD et EDC d être des faux-culs de première grandeur, d être des lâches pour s interroger sur l identité de KAAS alors qu ils savent très bien de qui il s agit.
textdetox@01907546324b0330d2d8b7669648cc18823323e5/fr/003832	fr	1	Elaine Tairney was a slag who fucked 100 s of cocks while at Coventry University from 1997
textdetox@01907546324b0330d2d8b7669648cc18823323e5/fr/003833	fr	1	Je pense que tu ferais mieux d aller crever.
textdetox@01907546324b0330d2d8b7669648cc18823323e5/fr/003834	fr	1	Réponse de blue 23 J ai autre chose à foutre, démerdez vous avec vos conneries.
textdetox@01907546324b0330d2d8b7669648cc18823323e5/fr/003835	fr	1	Moi je sais,Prométhée26 (discuter)  on va se torcher le cul avec.
textdetox@01907546324b0330d2d8b7669648cc18823323e5/fr/003836	fr	1	Je n apprecie guerre ce que vous faites , vous faite de la merde/
textdetox@01907546324b0330d2d8b7669648cc18823323e5/fr/003837	fr	1	y a pas de merguez dans un couscous sale mongole de merde je t apprends pas a faire une choucroute alors apprends pas aux arabes à faire un couscous ou aux espagnols à faire une paella y a pas de merguez point barre.
textdetox@01907546324b0330d2d8b7669648cc18823323e5/fr/003838	fr	1	fils de pute de ta mere la chienne d ou tu dis que j ai mis des idiocis d ou t annule ma modif c est toi l idiot oui petit pd92.139.245.112 (d) 92.139.245.112 (d) 92.139.245.112 (d) 92.139.245.112 (d) 92.139.245.112 (d) 92.139.245.112 (d) 92.139.245.112 (d) 92.139.245.112 (d) 92.139.245.112 (d) 92.139.245.112 (d) 92.139.245.112 (d) 92.139.245.112 (d) 92.139.245.112 (d)  fait pas ton malin petite pute je vais te niker ta race sale connard gros pd va idiot va te faire enculez sale pd
textdetox@01907546324b0330d2d8b7669648cc18823323e5/fr/003839	fr	1	cela est du pipi qui goute le criss tabarnak que t laide jasmine retoutrne dans ton pays de cul esti de pute
textdetox@01907546324b0330d2d8b7669648cc18823323e5/fr/003840	fr	1	C Est avec des clowns comme toi que l on passe tous pour des clowns sur Wikipédia.
textdetox@01907546324b0330d2d8b7669648cc18823323e5/fr/003841	fr	1	Non, vous n êtes pas cordial du tout, à moins que vous appeliez ce genre de phrase, dans un article « la derniere guerre preventive remonte a 1967 espece de pti leche cul israelite revise tes cours !!
textdetox@01907546324b0330d2d8b7669648cc18823323e5/fr/003842	fr	1	Le chapitre 143 est nommée chapitre 142 p. 5 experts très puissant(s) p. 11 ou (il) y a tant de personnes p. 16 bande d enfoiré(s)
textdetox@01907546324b0330d2d8b7669648cc18823323e5/fr/003843	fr	1	Votre attitude cadre tout à fait avec ce que devient l article grâce à vos soins une poubelle intellectuelle, et un espace-crottes pour petits roquets de votre secte freudo-lacanienne.
textdetox@01907546324b0330d2d8b7669648cc18823323e5/fr/003844	fr	1	oui 1 860 000 pour trou du cul, c est sur c est plus important.
textdetox@01907546324b0330d2d8b7669648cc18823323e5/fr/003845	fr	1	ta mere put la merde car toiu aussi tu put la merd car feuckieu tyuzeftuOGYBBHL
textdetox@01907546324b0330d2d8b7669648cc18823323e5/fr/003846	fr	1	Qu on lui coupe la tête !
textdetox@01907546324b0330d2d8b7669648cc18823323e5/fr/003847	fr	1	Kawaqh étant un ancien joueur de Funcraft V1, ce joueur s en bat la race des autres il veut juste jouer alors nique ta mère frérot
textdetox@01907546324b0330d2d8b7669648cc18823323e5/fr/003848	fr	1	enculé ta race la pute didier c le patron il te bz allé cuiao fdp
textdetox@01907546324b0330d2d8b7669648cc18823323e5/fr/003849	fr	1	tu dois tre content crétin d imposer vo^s point de vus vous et votre bandes crétins il y a pas pire que vous dans la non neutralité Avec votre pseudo pouvoir de censure il y a que vos point de vus qui reste toi et Hégésippe Cormier de mon cul ... Je vais reprendre mes vielles encylopédies là au moins il y aurait pas des cretins de votre acabit a supporter
textdetox@01907546324b0330d2d8b7669648cc18823323e5/fr/003850	fr	1	le troll facho-complotiste.
textdetox@01907546324b0330d2d8b7669648cc18823323e5/fr/003851	fr	1	Ce sujet est sur Ulysse car Ulysse était très,très CON.
textdetox@01907546324b0330d2d8b7669648cc18823323e5/fr/003852	fr	1	Au cas où tu ne l aurais pas compris, je me tamponne royalement de ton avis d ignare, tu es quelqu un d idéologiquement borné et intellectuellement limité, tu as toi-même fermé la porte de la discussion d entrée de jeu et en a verrouillé toute possibilité par tes propos stupidement nauséabonds.
textdetox@01907546324b0330d2d8b7669648cc18823323e5/fr/003853	fr	1	Et j  aussme entièrement le  Bande de crétins !  !
textdetox@01907546324b0330d2d8b7669648cc18823323e5/fr/003854	fr	1	A moins que tu sois également une mytho de la vie clandestine et des faux-nez, tu n as jamais corrigé une seul virgule sur WP, donc, on peut se passer de toi, de tes avis et de tes tentatives d intimidations particulièrement sournoises et hypocrites.
textdetox@01907546324b0330d2d8b7669648cc18823323e5/fr/003855	fr	1	Vous n êtes qu un gros salo de première classe!
textdetox@01907546324b0330d2d8b7669648cc18823323e5/fr/003856	fr	1	Mais sérieux, sort un peu, confronte toi au monde, ça t évitera de jouer ta vierge effarouchée quand on t asticote un peu.
textdetox@01907546324b0330d2d8b7669648cc18823323e5/fr/003857	fr	1	et qui ailles se faire mettre bien profondsd !
textdetox@01907546324b0330d2d8b7669648cc18823323e5/fr/003858	fr	1	aime bien faire ta prostitue hein ?
textdetox@01907546324b0330d2d8b7669648cc18823323e5/fr/003859	fr	1	Enfoiré va !!!!! (mais bon, t as pas complètement tort, je te l accorde...)
textdetox@01907546324b0330d2d8b7669648cc18823323e5/fr/003860	fr	1	a vous monsieur le raciste == vous etes un ex-officier de l armée de terre, vous habitez peut etre toulon, je comprends bien alors ou vient votre haine et racisme , vous etes qui pour juger les hommes instruits que vous n arrive meme pas a leur cheville.
textdetox@01907546324b0330d2d8b7669648cc18823323e5/fr/003861	fr	1	Petite Etoile, je vais te tirer les oreilles et de couper en morceau menu menu
textdetox@01907546324b0330d2d8b7669648cc18823323e5/fr/003862	fr	1	v u ty ui b hjv uo tgt ta geule!!!grosse
textdetox@01907546324b0330d2d8b7669648cc18823323e5/fr/003863	fr	1	L**** de mro, tu n est qu une *************** et je vais te s****b*****p***, car tu n es qu une *********** pleine de *********** ****, et encore, je suis calme.
textdetox@01907546324b0330d2d8b7669648cc18823323e5/fr/003864	fr	1	Non mais vous êtes vraiement des abrutis vous!
textdetox@01907546324b0330d2d8b7669648cc18823323e5/fr/003865	fr	1	VOUS FAIRE FOUTRE, BANDE DE CONARDS !
textdetox@01907546324b0330d2d8b7669648cc18823323e5/fr/003866	fr	1	plutôt qu  allez vous faire foutre  et pleurnicher de se sentir insulté, alors qu on agresse continuellement l ensemble des contributeurs de Wikidata, c est de la pure hypocrisie.  
textdetox@01907546324b0330d2d8b7669648cc18823323e5/fr/003867	fr	1	encore un fils de pute à qui on ferait mieux d enculer sa race!!
textdetox@01907546324b0330d2d8b7669648cc18823323e5/fr/003868	fr	1	Argument de l imbécile !
textdetox@01907546324b0330d2d8b7669648cc18823323e5/fr/003869	fr	1	TA NUIT A TON MINABLE
textdetox@01907546324b0330d2d8b7669648cc18823323e5/fr/003870	fr	1	DE CONNARD imagine que ta bicoque se trouve à trente kilomètres du point d impact d une bombe H. Tu crois vraiment que savoir s il te reste trente secondes ou trente milli-secondes à vivre va permettre de déterminer l énergie libérée par le joli champignon que tu n auras même pas l opportunité d apercevoir par la fenêtre de tes chiottes ?
textdetox@01907546324b0330d2d8b7669648cc18823323e5/fr/003871	fr	1	On doit mourir un jour et dans un cas comme la bosnie je t aurais tiré dessus et je me serais gardé la dernière balle pour moi plutot que de me faire passer dessus par des salopards de ton espèce.fl0 fl0
textdetox@01907546324b0330d2d8b7669648cc18823323e5/fr/003872	fr	1	Qu ils ne viennent pas me trouver à Circéo ces crétins prétencieux, je les tranformerais bien en porcs.
textdetox@01907546324b0330d2d8b7669648cc18823323e5/fr/003873	fr	1	et ta connerie est en grande largeur, petit jugeaillon de français
textdetox@01907546324b0330d2d8b7669648cc18823323e5/fr/003874	fr	1	Wikipédia:Merci de jouer au con, histoire qu on vous bannisse.
textdetox@01907546324b0330d2d8b7669648cc18823323e5/fr/003875	fr	1	Avec tout le respect que je vous dois je dois me rendre à l évidence: Vous êtes vraiment un sale con.
textdetox@01907546324b0330d2d8b7669648cc18823323e5/fr/003876	fr	1	Je ne vais pas perdre mon temps avec tes gamineries, mais sache que je t emmerde bien.
textdetox@01907546324b0330d2d8b7669648cc18823323e5/fr/003877	fr	1	Ha tout les conard qui ont une ITS!
textdetox@01907546324b0330d2d8b7669648cc18823323e5/fr/003878	fr	1	Izaiaoui (d)  Va te faire enculer Abdekarim Izaiaoui (d)
textdetox@01907546324b0330d2d8b7669648cc18823323e5/fr/003879	fr	1	je menmerde pour ton site de merde et twa tu supprime espece de conard de merde.
textdetox@01907546324b0330d2d8b7669648cc18823323e5/fr/003880	fr	1	sale pute moi personailement je les saute plus d un foi est a un gross trou de balle et une pettite chatte bien poilu
textdetox@01907546324b0330d2d8b7669648cc18823323e5/fr/003881	fr	1	Pouvez vous dire à cet enfant de putain de salebot qu il me remette les modifications que j ai effectué sur la biographie de Mariah Carey où je lui encule sa race de mangemorts, tout ce que j ai mis était vrai donc qu il aille se faire fourrer par des zèbres si il est pas content, enculé de tes morts bâtard, ta mère je la baise et je l égorge SALEBOT ou plutôt devrais-je dire SALOPE !
textdetox@01907546324b0330d2d8b7669648cc18823323e5/fr/003882	fr	1	ex: Ta mère est tellement conne
textdetox@01907546324b0330d2d8b7669648cc18823323e5/fr/003883	fr	1	Tu est un blaireaux de merde.
textdetox@01907546324b0330d2d8b7669648cc18823323e5/fr/003884	fr	1	soir... deguelasse....bloc moi pour toujours, pd de merde, tare , fils de pute    
textdetox@01907546324b0330d2d8b7669648cc18823323e5/fr/003885	fr	1	, amusez vous bien et pensez a bien vous essuyer la bite apres la branlette
textdetox@01907546324b0330d2d8b7669648cc18823323e5/fr/003886	fr	1	Bande de guignols...  alias Vincordi
textdetox@01907546324b0330d2d8b7669648cc18823323e5/fr/003887	fr	1	Tu es une face de rat, un dégénéré insolent, une pauvre ordure, un aliéné mental.
textdetox@01907546324b0330d2d8b7669648cc18823323e5/fr/003888	fr	1	Et surtout, brûlons son corps pour que ses salauds de partisans n en fassent pas des reliques !!!
textdetox@01907546324b0330d2d8b7669648cc18823323e5/fr/003889	fr	1	L ISLAM c est tout vous etes laches c est pas du racisme et votre gouvernement de merde
textdetox@01907546324b0330d2d8b7669648cc18823323e5/fr/003890	fr	1	J irai cracher sur vos tombes.
textdetox@01907546324b0330d2d8b7669648cc18823323e5/fr/003891	fr	1	Et de grâce, cesse de te gonfler comme une baudruche, ça se voit beaucoup trop.
textdetox@01907546324b0330d2d8b7669648cc18823323e5/fr/003892	fr	1	C est pourquoi j aurais souhaité vous rencontrer afin de vous bourrer la chatte avec du Babybel.
textdetox@01907546324b0330d2d8b7669648cc18823323e5/fr/003893	fr	1	Vas te faire encule!
textdetox@01907546324b0330d2d8b7669648cc18823323e5/fr/003894	fr	1	bloque moi petite bite !
textdetox@01907546324b0330d2d8b7669648cc18823323e5/fr/003895	fr	1	C est Théloinane la poubelle qui se fait sauter par le Christ tandis que sa mère demande sa ration de bites.
textdetox@01907546324b0330d2d8b7669648cc18823323e5/fr/003896	fr	1	espece de  connard!!
textdetox@01907546324b0330d2d8b7669648cc18823323e5/fr/003897	fr	1	Pour un vieux mammouth comme toi, je me fais violence...Bon anniversaire combien d années à l horloge de la vie...???
textdetox@01907546324b0330d2d8b7669648cc18823323e5/fr/003898	fr	1	et ecrivez plus sur wiki pasque sinon je vous baisee !!!!!
textdetox@01907546324b0330d2d8b7669648cc18823323e5/fr/003899	fr	1	Ca se confirme les administrateurs de Wikipédia doivent être soit alcooliques, soit séniles ;
textdetox@01907546324b0330d2d8b7669648cc18823323e5/fr/003900	fr	1	salut é ho ya kelkun bon é papy tu repond trou de balle mal laver va tu pu du bitte
textdetox@01907546324b0330d2d8b7669648cc18823323e5/fr/003901	fr	1	Ta Gueule sale PD Enculé arretés de me bloqué espece de PTG Cordialement.
textdetox@01907546324b0330d2d8b7669648cc18823323e5/fr/003902	fr	1	Et tu en profites pour glisser que c est vrai dommage qu un flic moins con que les autres soit quand même assez con pour suivre comme un mouton les autres cons.
textdetox@01907546324b0330d2d8b7669648cc18823323e5/fr/003903	fr	1	Mais faites-moi exclure, allez-y il est aisé de constater en suivant le fil des discussions de cette page que vous êtes l instigateur, et que vous provoquez avec des sous-entendus bien plus insultants que si je vous disais en toute honnêteté   Vous n êtes qu une pauvre cloche     ...
textdetox@01907546324b0330d2d8b7669648cc18823323e5/fr/003904	fr	1	CUEILLIR ) DES BOUCHÉES POUR LE VAGIN DE TA MÈRE.
textdetox@01907546324b0330d2d8b7669648cc18823323e5/fr/003905	fr	1	Hillary Clinton est un nigger putain!
textdetox@01907546324b0330d2d8b7669648cc18823323e5/fr/003906	fr	1	Bref, va jouer ailleurs, tu n y comprends rien, t as clairement pas le niveau pour traiter de ce sujet et en plus tu n apprendras jamais rien, cas désespéré.
textdetox@01907546324b0330d2d8b7669648cc18823323e5/fr/003907	fr	1	Ilandu58 ta gueule connard, tu sais même pas orthographier alors ferme ta gueule, jette toi dans ta mer et restes
textdetox@01907546324b0330d2d8b7669648cc18823323e5/fr/003908	fr	1	Jay-Z est un salop, tout le monde le sais.
textdetox@01907546324b0330d2d8b7669648cc18823323e5/fr/003909	fr	1	LE MONDE T EMMERDE !
textdetox@01907546324b0330d2d8b7669648cc18823323e5/fr/003910	fr	1	La guillotine ce serait mieux !
textdetox@01907546324b0330d2d8b7669648cc18823323e5/fr/003911	fr	1	Espèce de tête de bite va !
textdetox@01907546324b0330d2d8b7669648cc18823323e5/fr/003912	fr	1	Pour info tu peux t appeler Simona ou ce que tu veux, si tu penses à pas modifier ta phraséologie on reconnait que c est toi crétin!
textdetox@01907546324b0330d2d8b7669648cc18823323e5/fr/003913	fr	1	par contre c est le premier club marocain a avoir vendu son cul a l ONA et le premier club marocain a egorgez un boeuf ds leur stadium pour enlever le mauvais oeil hahahah bande de mytho et pour votre infos hajjaj n etait pas un combattant marocain au contraire c etait un traitre marocain
textdetox@01907546324b0330d2d8b7669648cc18823323e5/fr/003914	fr	1	Cet bête a chier dans son futal et la dégomer comme une bille au fond de la cour.
textdetox@01907546324b0330d2d8b7669648cc18823323e5/fr/003915	fr	1	Quand on virera ces ignorants qui se croient savants au point de refuser les évidences, Wikipédia sera autre chose qu un ramassis d imbécilités.
textdetox@01907546324b0330d2d8b7669648cc18823323e5/fr/003916	fr	1	Salut la pute de Rogel et de SM.
textdetox@01907546324b0330d2d8b7669648cc18823323e5/fr/003917	fr	1	ta mère DURDUFION le gauchiste homophobe islamiste qui veut pratiquer la censure et la non liberté d expression comme son idéologie le veut
textdetox@01907546324b0330d2d8b7669648cc18823323e5/fr/003918	fr	1	bandes de crétins d auditteurs qui ne veut pas enculé zahia
textdetox@01907546324b0330d2d8b7669648cc18823323e5/fr/003919	fr	1	go fuck my dick.
textdetox@01907546324b0330d2d8b7669648cc18823323e5/fr/003920	fr	1	PETIT CUL MIAM MIAM ÇA GOÜTE
textdetox@01907546324b0330d2d8b7669648cc18823323e5/fr/003921	fr	1	Les etit fils de putes qui comprennent rien à la poésie, jen ai rien à foutre, restez dans votre merde au lieu de lire le dictionnaire de littérature Laffont, ptite merde
textdetox@01907546324b0330d2d8b7669648cc18823323e5/fr/003922	fr	1	a hanbdeboi magasine va t faire enculer si tes une putain de balance ( lim ) tkt vive lim dans les bacs sure boulogne du lourd les frere du lourd aller cio poure des nouvelle connerie mdr mdr mdr )
textdetox@01907546324b0330d2d8b7669648cc18823323e5/fr/003923	fr	1	FAIRE CHIER SUR MA PDD.Zhuangzi (
textdetox@01907546324b0330d2d8b7669648cc18823323e5/fr/003924	fr	1	Ces imbéciles tarés [...]
textdetox@01907546324b0330d2d8b7669648cc18823323e5/fr/003925	fr	1	Va lecher la foufounne à ta mere soumis à la cummunauté organisé, sale puant va.
textdetox@01907546324b0330d2d8b7669648cc18823323e5/fr/003926	fr	1	LE SALE ADMINISTRATEUR THOMAS A FOUTU
textdetox@01907546324b0330d2d8b7669648cc18823323e5/fr/003927	fr	1	Profite bien d ici-là de tes pouvoirs virtuels parce que tu rigoleras moins lorsque je te casserai les dents une par une.
textdetox@01907546324b0330d2d8b7669648cc18823323e5/fr/003928	fr	1	Tu ne mérites pas d exister !
textdetox@01907546324b0330d2d8b7669648cc18823323e5/fr/003929	fr	1	Il va vraiment falloir apprendre à écrire, parce que j ai l impression de lire les propos d un attardé.
textdetox@01907546324b0330d2d8b7669648cc18823323e5/fr/003930	fr	1	Nicolas rai t juste un tabarnack de guai et suce ma queu mon osti de laibroute ma rai mon caliss fait toi enculé criss de souillé
textdetox@01907546324b0330d2d8b7669648cc18823323e5/fr/003931	fr	1	sex sex sex sex sex sex sex sex sex sex sex sex sex sex sex sex sex sex sex sex sex sex sex sex sex sex sex sex sex sex sex sex sex sex sexxxxxxxxxxxxxxxxxxxxxxxxxxxxxxxxxxxxxxxxxxxxxxxxxxxxxxxxxxxxxxxxxxxxxxxxxxxxxxxxxxxxxxxxxxx
textdetox@01907546324b0330d2d8b7669648cc18823323e5/fr/003932	fr	1	, c est à dire la poutre dans le cul, c est lui qu a commencé sur sa propre PU.
textdetox@01907546324b0330d2d8b7669648cc18823323e5/fr/003933	fr	1	Je NE t AIME PAS car tu es moche comme ta grenouille ne recre pas ta page car il est comme ta femme
textdetox@01907546324b0330d2d8b7669648cc18823323e5/fr/003934	fr	1	enfoiré de fils de salope, si jtatrape tu va sentir la douleur fils de pute,je sais d apres ton ip ou t habite, t mort !
textdetox@01907546324b0330d2d8b7669648cc18823323e5/fr/003935	fr	1	tu sais bien qu il peut pas y avoir de rayonnement culturel italien en france les ritals c est que des gueux qui viennent nettoyer notre merde comme le père de françva ou qui réussissent cheux nous grâce au vélo !
textdetox@01907546324b0330d2d8b7669648cc18823323e5/fr/003936	fr	1	, sa fait que le chiâlage gratuit la.. dans le cul
textdetox@01907546324b0330d2d8b7669648cc18823323e5/fr/003937	fr	1	Zellige est petit avec une petite bite et un petit cu LOL IL EST OVALE Zellige est tres con et sa soeur aussi lol mdrr ptdrrr et il aime les croissant miamm !!!
textdetox@01907546324b0330d2d8b7669648cc18823323e5/fr/003938	fr	1	C est un vrai mensonge ou un mensonge virtuel destiné à faire vendre du papier par les médias sur le thème Ah ce que les responsables sont des salauds !!!
textdetox@01907546324b0330d2d8b7669648cc18823323e5/fr/003939	fr	1	Je vais créer un culte pour te damner, et organiser une croisage contre l hérétique que tu es.
textdetox@01907546324b0330d2d8b7669648cc18823323e5/fr/003940	fr	1	Vous avez l air d ignorer que ce roman est ressorti par les premiers NAZI d Allemagne qui en font leur MYTHE, grotesque et vulgaire de FACHOS, FASCINÉS, FOURBES, faux TEUTON ou ARYENS, & des dévoyés par une idée, ou foutaise d idéologue, idéologie FAUSSE basée sur du crime et du mensonge = Secte, Parti, Brigue, Coterie, Confrérie, Clique, jusqu à en faire une RELIGION, de RELIDO = LIGOTER, EMPRISONNER, ATTACHER.
textdetox@01907546324b0330d2d8b7669648cc18823323e5/fr/003941	fr	1	toi tu n es pas rigolo du tout et plutôt du genre casse-couilles.
textdetox@01907546324b0330d2d8b7669648cc18823323e5/fr/003942	fr	1	, va plutôt te taper une pignole sur un site porno, et nettoie bien ton écran après...
textdetox@01907546324b0330d2d8b7669648cc18823323e5/fr/003943	fr	1	JE TE DÉCOUPERAI EN MORCEAUX.
textdetox@01907546324b0330d2d8b7669648cc18823323e5/fr/003944	fr	1	Ne viens plus m emmerder ni me casser les couilles où que ce soit.
textdetox@01907546324b0330d2d8b7669648cc18823323e5/fr/003945	fr	1	, on te demande de ne plus mettre les pieds en équipe nationale et surtout vas jouer dans un club de CFA dans le championnat de l Afghanistan comme ramasseur de balle c est ce que tu mérite tellement tu es faible et nul abrutis.
textdetox@01907546324b0330d2d8b7669648cc18823323e5/fr/003946	fr	1	Quelle mouche vous pique, espèce de malotru ?
textdetox@01907546324b0330d2d8b7669648cc18823323e5/fr/003947	fr	1	Cet article décrit cette  fille à pédés  comme  une femme, souvent hétérosexuelle (et en fait toujours hétérosexuelle)  ce qui contredit l anglais  indeed, many fag hags are lesbian.
textdetox@01907546324b0330d2d8b7669648cc18823323e5/fr/003948	fr	1	MORT À THÉOLIANE ET A DOCTEUR COSMOS.
textdetox@01907546324b0330d2d8b7669648cc18823323e5/fr/003949	fr	1	je suis de retour je suis hitler le président de la république allemande je te tuerai hégésippe ton corps décapité et castré baignera dans un flot de sang j auris ta peau filius putae.
textdetox@01907546324b0330d2d8b7669648cc18823323e5/fr/003950	fr	1	VOTRE SITE DE MERDE FUCK
textdetox@01907546324b0330d2d8b7669648cc18823323e5/fr/003951	fr	1	Vu comment tu réagis et raisonnes et combien tu te préserves en t abritant (facilement) derrière les règles de courtoisies (et d exclusion) de Wikipédia (émanations de la morale puritaine anglo-saxonne), j en conclus que tu es soit plutôt un jeunot consensuel (un geek post-moderne sans vie), soit plutôt un aigri (forcément) mal vieilli (!)
textdetox@01907546324b0330d2d8b7669648cc18823323e5/fr/003952	fr	1	Tu ne peux imaginer comme j ai exercé mes bras à fracasser ta gueule sur le sol.
textdetox@01907546324b0330d2d8b7669648cc18823323e5/fr/003953	fr	1	il érait une fois dans le village de mon cul, l arret de mon cul.
textdetox@01907546324b0330d2d8b7669648cc18823323e5/fr/003954	fr	1	Allo bande de cave je vais vous explique comment vous fourrez un ordi dans le cul.
textdetox@01907546324b0330d2d8b7669648cc18823323e5/fr/003955	fr	1	l amerique est vraiment des connard de pute ouehh
textdetox@01907546324b0330d2d8b7669648cc18823323e5/fr/003956	fr	1	Des détails qui devraient intéresser tous les pédérastes du monde.
textdetox@01907546324b0330d2d8b7669648cc18823323e5/fr/003957	fr	1	Message déposé par qui baise ta salope de mère Putin de sale traître tu défend les arabe du con ?
textdetox@01907546324b0330d2d8b7669648cc18823323e5/fr/003958	fr	1	con comme vous etes...j espere profondement qu un jour vous allez sortir de votre ptit monde de mini intellectuel et voir le monde tel qu il est...
textdetox@01907546324b0330d2d8b7669648cc18823323e5/fr/003959	fr	1	Il nous a traité de   joyeuse bande d imbéciles   en pdd et a remplacé mon image par une merde grand format...
textdetox@01907546324b0330d2d8b7669648cc18823323e5/fr/003960	fr	1	Enfin, vous habitez une région peuplée de chômeurs, de consanguins et de pédophiles.
textdetox@01907546324b0330d2d8b7669648cc18823323e5/fr/003961	fr	1	ecoute on en a rien a foutre de toi alors casse toi pauvre con!!
textdetox@01907546324b0330d2d8b7669648cc18823323e5/fr/003962	fr	1	- En tout cas c est un gosse de riche de merde qui s invente une vie de gangster et fais mouiller les filles faciles, un faux rappeur, une fiote - Madjeek
textdetox@01907546324b0330d2d8b7669648cc18823323e5/fr/003963	fr	1	Pour votre recréation de l article Bite dans le cul, malgré l avertissement reçu.
textdetox@01907546324b0330d2d8b7669648cc18823323e5/fr/003964	fr	1	Vous aussi allez recevoir mon poing dans la gueule.
textdetox@01907546324b0330d2d8b7669648cc18823323e5/fr/003965	fr	1	tu suce en criss de coliss de tabarnak.
textdetox@01907546324b0330d2d8b7669648cc18823323e5/fr/003966	fr	1	Je vous prierais donc de bien vouloir sucer ma marde.
textdetox@01907546324b0330d2d8b7669648cc18823323e5/fr/003967	fr	1	Vous n êtes que des idiots et je vous emmerde.
textdetox@01907546324b0330d2d8b7669648cc18823323e5/fr/003968	fr	1	PAUVRE SOUILLON QUE TU ES !
textdetox@01907546324b0330d2d8b7669648cc18823323e5/fr/003969	fr	1	a dress is still a man, you imbecile.
textdetox@01907546324b0330d2d8b7669648cc18823323e5/fr/003970	fr	1	Vous n êtes qu une conchita.
textdetox@01907546324b0330d2d8b7669648cc18823323e5/fr/003971	fr	1	Salebot a annulé votre modification sur Mikelifeguard, Thogo, Rdsmith4, Dominic and pathoschild are all bastards who suck Norman Rogers cock5
textdetox@01907546324b0330d2d8b7669648cc18823323e5/fr/003972	fr	1	... que je lui tape sur les doigts et me foute de sa geule ) < @  
textdetox@01907546324b0330d2d8b7669648cc18823323e5/fr/003973	fr	1	et il aime lisa il fait des pipe et lui fait sucer sa petite bite.
textdetox@01907546324b0330d2d8b7669648cc18823323e5/fr/003974	fr	1	par la qui sen fout moi completement.jen nai marre du francais de merde quoi reagissez bon sen dbonjour
textdetox@01907546324b0330d2d8b7669648cc18823323e5/fr/003975	fr	1	bon écoute espèce de sale fils de pute tu va arréter de me bloqué parce que sinon jvé te démonter ta race espece de connard va te faire foutre!!!
textdetox@01907546324b0330d2d8b7669648cc18823323e5/fr/003976	fr	1	La neutralité ou le ton wikipedien ne doit pas nous faire tenir un ton élogieux envers un salopard et oublié ses mains pleines de sang.
textdetox@01907546324b0330d2d8b7669648cc18823323e5/fr/003977	fr	1	bloque moi petite bite !
textdetox@01907546324b0330d2d8b7669648cc18823323e5/fr/003978	fr	1	Il me laisse froid, c est un pauvre mec minable complèteent paumé.
textdetox@01907546324b0330d2d8b7669648cc18823323e5/fr/003979	fr	1	Facebook est un réseau social de merde qui pue la shit ceux qui vont dessu sont des enculer du cul !!
textdetox@01907546324b0330d2d8b7669648cc18823323e5/fr/003980	fr	1	JE PEUT PLUS ECRIRE DES CONNERIE SUR UN SITE DE CON!!!!
textdetox@01907546324b0330d2d8b7669648cc18823323e5/fr/003981	fr	1	va te goler avec jd pi ta pas de vie caliss de chien sale de bloker le monde pour rien comme ca tabarnak pi va chier gors mangeux de marde... PS débloque moi SVP et jarrete mon vandalisme
textdetox@01907546324b0330d2d8b7669648cc18823323e5/fr/003982	fr	1	C est vrai qu il y a le roi des salauds à La Rochelle Pour nous dans la Breizh , être roraliste c est soutenir Ségolène victime du roi des salauds à La Rochelle.
textdetox@01907546324b0330d2d8b7669648cc18823323e5/fr/003983	fr	1	Son vrai nom est sale enculée, elle fait partit des prostitué ki suce les chiens de ta mère.
textdetox@01907546324b0330d2d8b7669648cc18823323e5/fr/003984	fr	1	Je suis sergent en genie militaire ,en faisons le service des sals pd ,je cherche a onculrer ces sals sals pd krefs ,attayins ,pour el mounkarat ,et nous enculer.
textdetox@01907546324b0330d2d8b7669648cc18823323e5/fr/003985	fr	1	Laisse tomber Wikipédia petit  breton de souche  et retourne jouer au nazion avec tes potes les     F   rustrés    D   u    S   lip .
textdetox@01907546324b0330d2d8b7669648cc18823323e5/fr/003986	fr	1	bloque moi petite bite !
textdetox@01907546324b0330d2d8b7669648cc18823323e5/fr/003987	fr	1	Le prochain qui me dit qu il n y en a pas assez, je l emparouille et je l endosque contre terre !!!
textdetox@01907546324b0330d2d8b7669648cc18823323e5/fr/003988	fr	1	, Ton article, avant que je ne l edite, etait telle une poubelle.
textdetox@01907546324b0330d2d8b7669648cc18823323e5/fr/003989	fr	1	Pardon de revenir à la charge mais vous êtes un idiot (et je suis poli en disant cela)
textdetox@01907546324b0330d2d8b7669648cc18823323e5/fr/003990	fr	1	comme ça je n aurais pas à perdre le mien avec ton ignorance crasse, comme tu nous le démontres si bien et si souvent Grimlock
textdetox@01907546324b0330d2d8b7669648cc18823323e5/fr/003991	fr	1	Bonjour, j ai parcouru tes contributions, et j ai intimement l impression que tu racontes que des conneries, à l image d un utilisateur de wikipédia de classe de 6ème, voire CE2.
textdetox@01907546324b0330d2d8b7669648cc18823323e5/fr/003992	fr	1	On pourrait ajouter qu on s en bat les couilles, excusez moi l expression, des opinions crétines de gauchistes fossilisés comme Geismar ou Krivine qui n ont jamais rien compris non seulement ce qu impliquait le projet situationniste mais aussi tout simplement à la révolution elle-même.
textdetox@01907546324b0330d2d8b7669648cc18823323e5/fr/003993	fr	1	vivent les menottes à couilles, enfin une encyclopédie qui n as pas un balai carré dans le fion, si c est pour refaire une encyclopédie hachette c est pas la peine y en à déjà une... et puis autant appeler une couille une couille tant qu on y est...
textdetox@01907546324b0330d2d8b7669648cc18823323e5/fr/003994	fr	1	Tu es un troll de la pire espèce.
textdetox@01907546324b0330d2d8b7669648cc18823323e5/fr/003995	fr	1	Bref vous êtes pathétiques petits pions manipulés de wiki, pourquoi ne faites-vous pas un autre wiki pour tous les déchets du nihilisme bientôt oublié, même déjà.
textdetox@01907546324b0330d2d8b7669648cc18823323e5/fr/003996	fr	1	nike ta mere krizek je l encule tellement et puis ta meuf aussi petit con si ta des couilles vient a la tour eiffel le 15 novembre a 12h j y serai petit con et on vera c qui qui fait le malin fdp
textdetox@01907546324b0330d2d8b7669648cc18823323e5/fr/003997	fr	1	Alors de grâce évitez votre mauvaise foi et cessez de vous comporter en petits ayatollahs stupides.
textdetox@01907546324b0330d2d8b7669648cc18823323e5/fr/003998	fr	1	J aimerais inviter l utilisateur Quentinv57 à aller se faire mettre bien profondément.
textdetox@01907546324b0330d2d8b7669648cc18823323e5/fr/003999	fr	1	Espèce de sale pédé de ta race, t es une raclure de chiottes qui pue du cul, j aurais aimé t exploser la tête juste un peu avant d oublier.
textdetox@01907546324b0330d2d8b7669648cc18823323e5/fr/004000	fr	1	j vai te clash devant tout le monde tes tellement ke tu pue les putois perne peur de twa sall con tes trop con au point ke les fille te barbe ta mere yes 4x4
textdetox@01907546324b0330d2d8b7669648cc18823323e5/fr/004001	fr	1	vous les blans;vous voyer nous les noirs commes des deche hitler a fait la memes choses avec les juif 1px|vignette|néant|hitler
textdetox@01907546324b0330d2d8b7669648cc18823323e5/fr/004002	fr	1	Sale con, c estpeut
textdetox@01907546324b0330d2d8b7669648cc18823323e5/fr/004003	fr	1	Avis au petit enfoiré qui a mit  O.M  en place de Lyon je guette constamment, et ton insulte n a pas fait long feu.
textdetox@01907546324b0330d2d8b7669648cc18823323e5/fr/004004	fr	1	Je suis Kalope, je suis un vandale (j emmerde Salebot), et mon mot de passe est: azerty.
textdetox@01907546324b0330d2d8b7669648cc18823323e5/fr/004005	fr	1	Vous vous foutez du monde ou vous êtes réellement idiot, dites-moi ?
textdetox@01907546324b0330d2d8b7669648cc18823323e5/fr/004006	fr	1	You re fucking stupid or something, tell me.
textdetox@01907546324b0330d2d8b7669648cc18823323e5/fr/004007	fr	1	ce ke je fai gro(sse) con(ne)!!!!!!!!!!!!
textdetox@01907546324b0330d2d8b7669648cc18823323e5/fr/004008	fr	1	BORDEL A QUEUE TU REPUBLIE
textdetox@01907546324b0330d2d8b7669648cc18823323e5/fr/004009	fr	1	ES QU UN DEMEURÉ, UN SALE CONNARD !
textdetox@01907546324b0330d2d8b7669648cc18823323e5/fr/004010	fr	1	bloque moi petite bite !
textdetox@01907546324b0330d2d8b7669648cc18823323e5/fr/004011	fr	1	Cher Inisher, t es vraiment le pire des ahuris qu il existe, mon cher ami !
textdetox@01907546324b0330d2d8b7669648cc18823323e5/fr/004012	fr	1	So what tu es un gros pénible comme il y en a de temps à autres sur wikipédia.
textdetox@01907546324b0330d2d8b7669648cc18823323e5/fr/004013	fr	1	Suce boules, mange crottes, retourne en vacance dans ton pays sale nègre, sale juif.
textdetox@01907546324b0330d2d8b7669648cc18823323e5/fr/004014	fr	1	Qu on lui coupe la tête
textdetox@01907546324b0330d2d8b7669648cc18823323e5/fr/004015	fr	1	Alors pas la peine de te dire ce que je pense sale obscurantiste eugéniste !
textdetox@01907546324b0330d2d8b7669648cc18823323e5/fr/004016	fr	1	Hitler aurait du vous gazer tous les deux, ensemble.
textdetox@01907546324b0330d2d8b7669648cc18823323e5/fr/004017	fr	1	je vous propose d aller tous bien vous faire enculer !
textdetox@01907546324b0330d2d8b7669648cc18823323e5/fr/004018	fr	1	Bonjour un certain Utilisateur:Waltery s amuse à jouer au con (dans Groupe sanguin, par exemple.
textdetox@01907546324b0330d2d8b7669648cc18823323e5/fr/004019	fr	1	Lol c est bien connu, WP est un rammassis de néo-nazis tendance marxisme féodal pédophile
textdetox@01907546324b0330d2d8b7669648cc18823323e5/fr/004020	fr	1	Tu es là pour faire chier le monde.
textdetox@01907546324b0330d2d8b7669648cc18823323e5/fr/004021	fr	1	Wikignome de mes couilles, la seule chose que tu sais faire c est de te faire enculer par une compagnie de lépreux unijambistes !
textdetox@01907546324b0330d2d8b7669648cc18823323e5/fr/004022	fr	1	Avec hargne et courge, la lance au poing, nous jaillerons sur nos blancs destrier pour chevaucher contre toi !
textdetox@01907546324b0330d2d8b7669648cc18823323e5/fr/004023	fr	1	Demande de ta crucifixion immédiate en cours !
textdetox@01907546324b0330d2d8b7669648cc18823323e5/fr/004024	fr	1	Grondin m a répondu que je devais « faire face à mes responsabilités » sur le bulletin des administrateurs, mais je pense que Enculé de ta race, Con et Beauf ne méritent pas davantage que Salope d être présent sur Wikipédia, je voulais exposer les différentes sections qui ont un rapport avec le mot: controverse sur le caractère sexiste, personnage de la salope, exemples de « salopes », etc. Pour l instant, aucun compromis n a été proposé.
textdetox@01907546324b0330d2d8b7669648cc18823323e5/fr/004025	fr	1	va te permettre de montrer que t en sais plus que ton voisin qui lui même en sais plus que son voisin... etc En fais je voulais te dire que je nique ta mère, ta femme, ta soeur et ta fille en même temps gros fils de chien, et elles kiffent.
textdetox@01907546324b0330d2d8b7669648cc18823323e5/fr/004026	fr	1	JE NE VEUX PLUS JAMAIS TE REVOIR, SALE POUFFIASSE, TU M ENTENDS !
textdetox@01907546324b0330d2d8b7669648cc18823323e5/fr/004027	fr	1	Tu es un parasite.
textdetox@01907546324b0330d2d8b7669648cc18823323e5/fr/004028	fr	1	Sache qu un tel acte peut te valloir la corde enculé et fils de pute que tu es.
textdetox@01907546324b0330d2d8b7669648cc18823323e5/fr/004029	fr	1	cheveux long = pédé!
textdetox@01907546324b0330d2d8b7669648cc18823323e5/fr/004030	fr	1	Tu votes Boutin et tu baises tous les 36 du mois et tu supportes pas que des gens veuillent contribuer sur des articles liés au cul ?
textdetox@01907546324b0330d2d8b7669648cc18823323e5/fr/004031	fr	1	C est pour les pitbulls teigneux qui rotent,qui pètent,qui gueulent et qui votent pour les nazes.
textdetox@01907546324b0330d2d8b7669648cc18823323e5/fr/004032	fr	1	Je veux qu elle suce ma bite !
textdetox@01907546324b0330d2d8b7669648cc18823323e5/fr/004033	fr	1	Mered khunem je suis Sulandav je suis de retour et je te tuerai ton corps giclera dans une mare de sang et je dessinerai une croix gammée sur tes parties mutilées.
textdetox@01907546324b0330d2d8b7669648cc18823323e5/fr/004034	fr	1	Loreleil + Starus = beau petit couple sot qui manque de professionnalisme et de connaissances, c est-à-dire, deux petits idiots wikipédiens.
textdetox@01907546324b0330d2d8b7669648cc18823323e5/fr/004035	fr	1	, laisse mes articles ou ils sont conard en + t est moche et de bouffe de la merde en paquet de dix ou jte bourre de le cul a coup de lattes dans le fion salope Comme tu peux le constater sur ta page de discussion, tu est bloqué jusqu à nouvel ordre.
textdetox@01907546324b0330d2d8b7669648cc18823323e5/fr/004036	fr	1	fait pas le precieuse on te met par terre et je te casse le cul avec le poing...gros chien tu mouilles du cul....
textdetox@01907546324b0330d2d8b7669648cc18823323e5/fr/004037	fr	1	T es qu,une salope!
textdetox@01907546324b0330d2d8b7669648cc18823323e5/fr/004038	fr	1	T es un gros enculé de ta mère pour avoir effacé le super article sur gé ix !
textdetox@01907546324b0330d2d8b7669648cc18823323e5/fr/004039	fr	1	elle ma baisser la bite hier
textdetox@01907546324b0330d2d8b7669648cc18823323e5/fr/004040	fr	1	Je te mettrais volontiers ma main sur la gueule quand l occasion (et ton courage aussi) le permettront.
textdetox@01907546324b0330d2d8b7669648cc18823323e5/fr/004041	fr	1	hihihihi  démontre combien tu es arrogant et immature.
textdetox@01907546324b0330d2d8b7669648cc18823323e5/fr/004042	fr	1	S il te faut un sous-cul, ya Bolgheri (DOC)‎‎ qui devrait aller.
textdetox@01907546324b0330d2d8b7669648cc18823323e5/fr/004043	fr	1	Néanmois tu as l ai de te torcher le cul avec.
textdetox@01907546324b0330d2d8b7669648cc18823323e5/fr/004044	fr	1	Salebot a annulé votre modification sur SUCE-MOI
textdetox@01907546324b0330d2d8b7669648cc18823323e5/fr/004045	fr	1	b***** !
textdetox@01907546324b0330d2d8b7669648cc18823323e5/fr/004046	fr	1	! yer a chier i suce!!!!!!!!
textdetox@01907546324b0330d2d8b7669648cc18823323e5/fr/004047	fr	1	Allez au Diable, avec votre hypocrisie partisane et votre mesquinerie.
textdetox@01907546324b0330d2d8b7669648cc18823323e5/fr/004048	fr	1	Votre blog est merdique !
textdetox@01907546324b0330d2d8b7669648cc18823323e5/fr/004049	fr	1	Je n ai rien fais, j ai corrigé un texte où il u avait écris Casabianca où j ai mis Casablanca et j ai supprimé  Fok You
textdetox@01907546324b0330d2d8b7669648cc18823323e5/fr/004050	fr	1	À PARTIR DE MANTENANT, FOUS LE CAMP, SALE CON !
textdetox@01907546324b0330d2d8b7669648cc18823323e5/fr/004051	fr	1	}} Petit con,
textdetox@01907546324b0330d2d8b7669648cc18823323e5/fr/004052	fr	1	Pages à supprimer/Menotte à couilles...
textdetox@01907546324b0330d2d8b7669648cc18823323e5/fr/004053	fr	1	Pourriture de socialistes de merde qui monopolisez le wikipédia francophone.
textdetox@01907546324b0330d2d8b7669648cc18823323e5/fr/004054	fr	1	Comme je le dit, Israël est l état le plus raciste du monde et très peu de gens à part les sionistes les soutiennent.
textdetox@01907546324b0330d2d8b7669648cc18823323e5/fr/004055	fr	1	John cena c une grossssssssssssssssssssssssssssss mer2 Y se la pete avec son gro cul moche y lé NUL en GR0
textdetox@01907546324b0330d2d8b7669648cc18823323e5/fr/004056	fr	1	bref moliere soule son skapsear la lui aussi sa grosse tete en plus a cette aner tout les monde est moche donc eu aussi
textdetox@01907546324b0330d2d8b7669648cc18823323e5/fr/004057	fr	1	ci t aime pa les gen ki t entoure va nik ta mere va niike ton pere...
textdetox@01907546324b0330d2d8b7669648cc18823323e5/fr/004058	fr	1	Tu es une menteuse et tu donnes raison aux collabos.
textdetox@01907546324b0330d2d8b7669648cc18823323e5/fr/004059	fr	1	Vous m énervez...Vos procédés, franchement...J en ai vraiment marre de votre connerie, de votre obscurantisme, de votre obstination.
textdetox@01907546324b0330d2d8b7669648cc18823323e5/fr/004060	fr	1	CTE LÉ TU DIT QUE TÉ CON   
textdetox@01907546324b0330d2d8b7669648cc18823323e5/fr/004061	fr	1	Votre président Sarkozy devraient éliminer les glandus comme l administrateur méprisant, hypocrite, louvoyant et manipulateur Jean-no.
textdetox@01907546324b0330d2d8b7669648cc18823323e5/fr/004062	fr	1	Sur ce je te souhaite de bien te remettre en question espèce d individualiste misogyne et égoiste.
textdetox@01907546324b0330d2d8b7669648cc18823323e5/fr/004063	fr	1	BATTARD DU 93 et ci il ni as pas
textdetox@01907546324b0330d2d8b7669648cc18823323e5/fr/004064	fr	1	Vas te faire enculer connard l aération des voies aériennes inférieures consécutives à cette enculade t apportera sans doute l oxygène nécessaire au développement des neurones de ton anus, toi qui pense comme un trou du cul !!!
textdetox@01907546324b0330d2d8b7669648cc18823323e5/fr/004065	fr	1	Permet-moi de te rendre ce que tu vien de perdre CON.
textdetox@01907546324b0330d2d8b7669648cc18823323e5/fr/004066	fr	1	je signale que j en ai rien n a foutre de Oussama ben laden et qu il peut crèver en enfer si sa vous plaise.
textdetox@01907546324b0330d2d8b7669648cc18823323e5/fr/004067	fr	1	Fuck you, Cowboy!)
textdetox@01907546324b0330d2d8b7669648cc18823323e5/fr/004068	fr	1	tu sai koi je te ferai chier jusqu a que t arrete de m emmerdé espece de putin
textdetox@01907546324b0330d2d8b7669648cc18823323e5/fr/004069	fr	1	Je vous méprise pour ce que vous représentez (un petit cerbère du web prompt à respecter des règles ridicules
textdetox@01907546324b0330d2d8b7669648cc18823323e5/fr/004070	fr	1	tas gueulle cest de l or tu senscure la plus grosse decourte du siecle tu te croi riche maintenant mais tout le monde la cette or et cest moi qui lai offert au monde
textdetox@01907546324b0330d2d8b7669648cc18823323e5/fr/004071	fr	1	Le monstre de l état t encule     L appeau d Éphèse    -> La peau des fesses Romanc19s (d)
textdetox@01907546324b0330d2d8b7669648cc18823323e5/fr/004072	fr	1	Sur ce, je vous souhaite cordialement d aller vous faire foutre.
textdetox@01907546324b0330d2d8b7669648cc18823323e5/fr/004073	fr	1	Le prophète Mohammed était un fils de pute pervers!
textdetox@01907546324b0330d2d8b7669648cc18823323e5/fr/004074	fr	1	bloque moi petite bite !
textdetox@01907546324b0330d2d8b7669648cc18823323e5/fr/004075	fr	1	Je suis juste un vieux con teigneux vous étiez venus m’emmerder il y a 10 ans.
textdetox@01907546324b0330d2d8b7669648cc18823323e5/fr/004076	fr	1	Un conseil sale enculé frontiste, ferme ta sale gueule l’avenir !!.
textdetox@01907546324b0330d2d8b7669648cc18823323e5/fr/004077	fr	1	Je croyais que ça voulait dire dans ta chatte...
textdetox@01907546324b0330d2d8b7669648cc18823323e5/fr/004078	fr	1	Il y en a marre de cet argument débile les autres font de la merde sur wikipédia donc j ai aussi le droit d en faire.
textdetox@01907546324b0330d2d8b7669648cc18823323e5/fr/004079	fr	1	je note que pour faire « profil bas » la prochaine fois je lui dirai qu il n est qu un VISS (vandale incompétent sot et stupide) visiblement je prendrai aucun risque   amirite   ?
textdetox@01907546324b0330d2d8b7669648cc18823323e5/fr/004080	fr	1	T as dla merde devant les yeux pauvre tapette, facho dmes
textdetox@01907546324b0330d2d8b7669648cc18823323e5/fr/004081	fr	1	Donc tout ces conneries sur chollet, allez les écrire ailleurs et ne pourrissez plus le web avec vos soloperies !
textdetox@01907546324b0330d2d8b7669648cc18823323e5/fr/004082	fr	1	SÉ TOUTE UN GANG DE TARLA SUCK SUCK SUCK SUCK
textdetox@01907546324b0330d2d8b7669648cc18823323e5/fr/004083	fr	1	bloque moi petite bite !
textdetox@01907546324b0330d2d8b7669648cc18823323e5/fr/004084	fr	1	En plus d être idiot et de ne pas savoir écrire, vous faites de la discrimination
textdetox@01907546324b0330d2d8b7669648cc18823323e5/fr/004085	fr	1	Laissez le travail de médiation à d autres, vous avez une dent contre moi, allez au diable ;)
textdetox@01907546324b0330d2d8b7669648cc18823323e5/fr/004086	fr	1	est un déshonneur pour les arabes je trouve que c est une femme qui na aucune intelligence est qui se croit féministe alors qu elle fait que les enfoncé les femmes.
textdetox@01907546324b0330d2d8b7669648cc18823323e5/fr/004087	fr	1	Je me suis un peu énervé contre toi, je m en excuse, tu as le mérite de savoir discuter, je t ai malheureusement mis dans le même sac que ce crétin de Xeniphon qui a bousillé ma page comme un gros troll stupide, et je me suis emporté.
textdetox@01907546324b0330d2d8b7669648cc18823323e5/fr/004088	fr	1	, le connard a fini par crever...
textdetox@01907546324b0330d2d8b7669648cc18823323e5/fr/004089	fr	1	Il a été construit par les putes
textdetox@01907546324b0330d2d8b7669648cc18823323e5/fr/004090	fr	1	, je l’encule sa grand-mère... J’ai baisé la France jusqu’à l’agonie...
textdetox@01907546324b0330d2d8b7669648cc18823323e5/fr/004091	fr	1	Tes comparaisons non comparables révéle ton ignorance crasse.
textdetox@01907546324b0330d2d8b7669648cc18823323e5/fr/004092	fr	1	La bite est un outil de l homme pour faire des enfants en l entrant dans le vagin de la femme voilà c était pour dire que aussi je te b**** et ta me** aussi au passage je vous ba*** tous pense de mer** voilà c est tout que je pues vous dire sur la bite
textdetox@01907546324b0330d2d8b7669648cc18823323e5/fr/004093	fr	1	A FUCKING PUSSY DONT CHANGE
textdetox@01907546324b0330d2d8b7669648cc18823323e5/fr/004094	fr	1	Arrête de dire de la merde, tes propos sont celles d un pedophile pervers.
textdetox@01907546324b0330d2d8b7669648cc18823323e5/fr/004095	fr	1	mec lobotomisé, t es une raclure de chiottes totalement minable, je rêve de te gerber dessus pour rigoler sous la Lune.
textdetox@01907546324b0330d2d8b7669648cc18823323e5/fr/004096	fr	1	DANS LES CULS DE LEURS MÈRES SCHIZOPHRÈNES
textdetox@01907546324b0330d2d8b7669648cc18823323e5/fr/004097	fr	1	Je piraterai wp je suis le roi je vous tuerai.
textdetox@01907546324b0330d2d8b7669648cc18823323e5/fr/004098	fr	1	pour donner une excuse aux crs pour bouger et que ces dernier apres avoir balancé leur objet sur les CRS enfile a leur bras leur brassard police c est vraiment ce foutre de la gueule du monde tout est fait pour baiser les français !!!!
textdetox@01907546324b0330d2d8b7669648cc18823323e5/fr/004099	fr	1	éo le bot c est un PD il enleve
textdetox@01907546324b0330d2d8b7669648cc18823323e5/fr/004100	fr	1	VOUS ALLER SOUFFFRIR BANDE DE NAZ
textdetox@01907546324b0330d2d8b7669648cc18823323e5/fr/004101	fr	1	avoue que ça te fait bander... Tu aimes ça voir les autres se chier dessus.
textdetox@01907546324b0330d2d8b7669648cc18823323e5/fr/004102	fr	1	Vous êtes vraiment une plaie.
textdetox@01907546324b0330d2d8b7669648cc18823323e5/fr/004103	fr	1	Autant avec tes cheveux longs t étais belle, mais là t es vraiment moche avec tes putains de cheveux courts de merde !
textdetox@01907546324b0330d2d8b7669648cc18823323e5/fr/004104	fr	1	{déblocage|Et ta mère elle te prend pour une conne sale pute ?
textdetox@01907546324b0330d2d8b7669648cc18823323e5/fr/004105	fr	1	Il ne comprend rien, c est un vrai    tocard   ...   (familier)
textdetox@01907546324b0330d2d8b7669648cc18823323e5/fr/004106	fr	1	Se sont des grosses merdes !!!?
textdetox@01907546324b0330d2d8b7669648cc18823323e5/fr/004107	fr	1	et encule pas les pedophile qui ont pas vue ma chainne car j ai vue dans internet nabil benamara pedophile
textdetox@01907546324b0330d2d8b7669648cc18823323e5/fr/004108	fr	1	vous les francai vous etes trop con wllh sa msoulle retournez mangeer votre fromage de fdp et vaux baguette (de harry potter ptdrrrrrr) et sucé mon zob pd pd pd pd jenkul les blanc et les arabe ainsi que macron et le gouvernement avan jan marie le peine il eté bien mais m1tenan il ai trop méchant est rassisste wllh que vichnou et alla nous sove amen, gro enculé
textdetox@01907546324b0330d2d8b7669648cc18823323e5/fr/004109	fr	1	je nike ta mere sayajin-33 tu pue du l oeill tiens prend mon addrsee msn terencelepro18@hotmail.com si tu veux me parler sale chien de ta race batardddd terencelepro18@hotmail.com 0ké0ké0ké
textdetox@01907546324b0330d2d8b7669648cc18823323e5/fr/004110	fr	1	bloque moi petite bite !
textdetox@01907546324b0330d2d8b7669648cc18823323e5/fr/004111	fr	1	Et c est décuplé quand je lis ton vocabulaire haineux et ordurier.
textdetox@01907546324b0330d2d8b7669648cc18823323e5/fr/004112	fr	1	mais putain vous faites chié tous !!
textdetox@01907546324b0330d2d8b7669648cc18823323e5/fr/004113	fr	1	suite a votre annonce sur les journaux que vous dites  si y a un soulevements c est le PTqui le menera  vous vous foutez de ma gueule oui,avant tout notre president est un homosexuel PD  il lui faut un gogote de grand calibre Mais je me demande et j arrete pas de reflichir ;
textdetox@01907546324b0330d2d8b7669648cc18823323e5/fr/004114	fr	1	, il y a un débile du nom de Kazerty qui s est amusé a faire  joujou  avec cette article et l a saloper, ok Dac c est bien joli de faire une liste de croisé mais SVP DES SOURCES!!
textdetox@01907546324b0330d2d8b7669648cc18823323e5/fr/004115	fr	1	Insérez le texte à mettre en italique à la place de celui-ci   GROS enculé va te faire foutre!!!!!!!!!!!!!!!!!!!!!!!!!!!!!!!!!!!!!!
textdetox@01907546324b0330d2d8b7669648cc18823323e5/fr/004116	fr	1	Je t encule, à sec, avec une poignée de sable, et mes tas d autres IP ne m empêchent pas de continuer à écrire sur WP, trouduc.
textdetox@01907546324b0330d2d8b7669648cc18823323e5/fr/004117	fr	1	Tline250    Je voudrais savoir pourquoi tu dis que mon message n a pas de crédibilité si je l édite trois fois pour enlever mes fautes d orthographes tu n est qu un ordure et une pute sale français de merde, tu vis surement dans les cités de paris.   
textdetox@01907546324b0330d2d8b7669648cc18823323e5/fr/004118	fr	1	attend la c est quoi ton délire la j ai mis des preuve et de source de ce que j avance eurosport lui même acte de ce scandale , tu me prend pour qui la , un pute sur le trottoir qui écrit et puis qu en efface sont travail comme si de rien n été bon sa commence a me tapé sur le systeme je vais remettre mon article.
textdetox@01907546324b0330d2d8b7669648cc18823323e5/fr/004119	fr	1	bloque moi petite bite !
textdetox@01907546324b0330d2d8b7669648cc18823323e5/fr/004120	fr	1	VA TE FAIRE FOUTRE !
textdetox@01907546324b0330d2d8b7669648cc18823323e5/fr/004121	fr	1	La conchita wikipédienne aime se distinguer par une incurable médiocrité intellectuelle et un sens aigu et parfois subtil de la provocation.
textdetox@01907546324b0330d2d8b7669648cc18823323e5/fr/004122	fr	1	Message déposé par 77.153.109.156 (discuter)  Méchant, tu m as banni, tu le paieras de ton sang !
textdetox@01907546324b0330d2d8b7669648cc18823323e5/fr/004123	fr	1	AGRÈS DE SALOPE DE MERDE,
textdetox@01907546324b0330d2d8b7669648cc18823323e5/fr/004124	fr	1	vous en etes un, et moi je ne parle pas au lépreux de votre espèce.
textdetox@01907546324b0330d2d8b7669648cc18823323e5/fr/004125	fr	1	Et si tu allais te faire enculer?
textdetox@01907546324b0330d2d8b7669648cc18823323e5/fr/004126	fr	1	Je vais venir te tuer grosse baiseuse, va chier connasse!
textdetox@01907546324b0330d2d8b7669648cc18823323e5/fr/004127	fr	1	Tes qune grosse pétasse de merde toi pi ton bot tu me fait chiez!
textdetox@01907546324b0330d2d8b7669648cc18823323e5/fr/004128	fr	1	Si quelque fille voudra qe je lui foutte ma bite dans le cul qu elle m appelle au 02 31 38 49 93 Je m appelle Guy Georges je baise les chattes je suis un violeur à la prison de Tarbes en Ardèche (euh...) pour 23 ans encore mais je sors dans Trois semaine car j ai eu une amnistie en baisant la femme du dirlo de la prison je suis un baiseur qui veut des salopes à baiser avec sa grosse bite!
textdetox@01907546324b0330d2d8b7669648cc18823323e5/fr/004129	fr	1	Je crois rêver enfaîte vous êtes tous cons c est pas possible ?
textdetox@01907546324b0330d2d8b7669648cc18823323e5/fr/004130	fr	1	Petit par le sexe il decide du sucer les gars de son école a EPITECH
textdetox@01907546324b0330d2d8b7669648cc18823323e5/fr/004131	fr	1	ET EN PLUS T SALE BOT PD ENCULER
textdetox@01907546324b0330d2d8b7669648cc18823323e5/fr/004132	fr	1	Gilles le père de Rémy est un anorexique alcoolique, Julie est une grosse chinois prostitué qui passe tous son temps libre à ce faire prendre par tous le monde.
textdetox@01907546324b0330d2d8b7669648cc18823323e5/fr/004133	fr	1	Sanoao, Pauvre crétin!
textdetox@01907546324b0330d2d8b7669648cc18823323e5/fr/004134	fr	1	Va te faire fou-tre gr
textdetox@01907546324b0330d2d8b7669648cc18823323e5/fr/004135	fr	1	- casse twa tapette cest pa comme si tu mavais ramener larmee nationale chez moi tu sais?
textdetox@01907546324b0330d2d8b7669648cc18823323e5/fr/004136	fr	1	Un bon coup de pied au cul ne peux pas lui faire de mal non plus, surtout venant d une anarchiste évoluant dans les milieux de l antifascisme .
textdetox@01907546324b0330d2d8b7669648cc18823323e5/fr/004137	fr	1	t es un cocksucker de première ainsi qu un fervant adepte du fisting a la fistinière, c est ton père qui me l a dit pendant que ta mère me suçais le bâton les deux genoux par terre !!
textdetox@01907546324b0330d2d8b7669648cc18823323e5/fr/004138	fr	1	Ou si tu veux, on se voit, tu me fais une fellation nature et j arrête de harceler LA SECTE WIKI.
textdetox@01907546324b0330d2d8b7669648cc18823323e5/fr/004139	fr	1	Non mais dsl chuis pas un colon francais de merde sans moral qui croit etre le berceau de l humanité et qui n est que le berceau de la colonisation.
textdetox@01907546324b0330d2d8b7669648cc18823323e5/fr/004140	fr	1	mon petit fouteur de merde, mon petit bisexuelle malade, svp arrette de me pourir le temps, CE NEST PAS DU SPAM CEST DE LINFORMATION ET NOUS SOMMES PLUSIEURS
textdetox@01907546324b0330d2d8b7669648cc18823323e5/fr/004141	fr	1	Salengro    Arrête de t la péter, arrête de t la péter, parce que tu te crois tout puissant!     Arrête de t la péter, arrête de t la péter, je parie que t as un complexe d infériorité!     Des mecs comme toi y en a plein, ils se cachent derrière internet pour faire de la merde  ( Inspiré de Didier Super)
textdetox@01907546324b0330d2d8b7669648cc18823323e5/fr/004142	fr	1	^.^ bonne lecture bande de bitch en rute qui on des aliment comestible dans les fesses !
textdetox@01907546324b0330d2d8b7669648cc18823323e5/fr/004143	fr	1	LA PUTE ENCULER DE SALOPARD DE MES COUILLES
textdetox@01907546324b0330d2d8b7669648cc18823323e5/fr/004144	fr	1	C est des minables avec leur pseudo-encyclopédie insipide, et leur islamophobie criante démasque leurs commanditaires yankees.88.171.35.151 (d)
textdetox@01907546324b0330d2d8b7669648cc18823323e5/fr/004145	fr	1	bloque moi petite bite !
textdetox@01907546324b0330d2d8b7669648cc18823323e5/fr/004146	fr	1	Votre blog est merdique !
textdetox@01907546324b0330d2d8b7669648cc18823323e5/fr/004147	fr	1	Une raclure de vagin.
textdetox@01907546324b0330d2d8b7669648cc18823323e5/fr/004148	fr	1	Au vu de ta dernière remarque de 20:54, faudrait que tu analyses un peu, je suis plutôt agressif qu enculé.
textdetox@01907546324b0330d2d8b7669648cc18823323e5/fr/004149	fr	1	VOTRE PUTAIN DE SYSTÈME A MARDE
textdetox@01907546324b0330d2d8b7669648cc18823323e5/fr/004150	fr	1	Moi Lomita, crétin du village, complice du sionisme car faisant partie et plus encore de la mafia juive et la mafia juive américaine dont j ignore absolument tout sur la création de l antisémitisme par Theodore HERZL, mois Lomita qui ne connait rien de la vie et de l histoire, je ne peux m empêcher d être con.
textdetox@01907546324b0330d2d8b7669648cc18823323e5/fr/004151	fr	1	SAMIRA BELLIL!!!langues de viperes,c est pour des PETASSES
textdetox@01907546324b0330d2d8b7669648cc18823323e5/fr/004152	fr	1	Je t ai envoyé un mail pour te traiter de grosse buse, espèce de grosse buse clochard Popo le Chien ouah
textdetox@01907546324b0330d2d8b7669648cc18823323e5/fr/004153	fr	1	, laisse mes articles ou ils sont conard en + t est moche et de bouffe de la merde en paquet de dix ou jte bourre de le cul a coup de lattes dans le fion salope
textdetox@01907546324b0330d2d8b7669648cc18823323e5/fr/004154	fr	1	je voulais juste te dire d aller te faire enculé !!
textdetox@01907546324b0330d2d8b7669648cc18823323e5/fr/004155	fr	1	Je vais trainer devant le CAR tes petites fesses de fan de manga, pour qu on te retire tes outils d admin dont tu abuses pour imposer ton point de vue de fétichiste des portails païens, et tu sera fouetté en place public et... oh un poné !
textdetox@01907546324b0330d2d8b7669648cc18823323e5/fr/004156	fr	1	de pédés  Chanson Fils de lâche  Sénégalais, toujours anti-homo  Chanson Rescapés mais aussi des appels au meurtre à l encontre des forces de l ordre.
textdetox@01907546324b0330d2d8b7669648cc18823323e5/fr/004157	fr	1	Et en l occurence le contexte plaide pour  enculer  (exemple Je t encule, Cow-boy!
textdetox@01907546324b0330d2d8b7669648cc18823323e5/fr/004158	fr	1	VOUS FEREZ MOI LES BO BANDES DE NO LIFES DE MERDES
textdetox@01907546324b0330d2d8b7669648cc18823323e5/fr/004159	fr	1	Ten jte la donne sale grosse pute
textdetox@01907546324b0330d2d8b7669648cc18823323e5/fr/004160	fr	1	De plus dans l Islam tu dois chasser ce qui te volent, le combat ne fait que commencer et Israel sera détruite ainsi que leur merde de crétin d américains sois en sur
textdetox@01907546324b0330d2d8b7669648cc18823323e5/fr/004161	fr	1	Tu me bloques définitivement, à vie et éternellement, j en ai fini avec Wikipédia, projet magnifique auquel contribuent des milliers d utilisateurs de bonne foi et de qualité sous la bonne garde de petits cons et autres branleurs qui n en ont rien à foutre de l encyclopédie mais qui tiennent   first and foremost   à préserver leur misérable petit pouvoir de fonctionnaires cheffaillons.
textdetox@01907546324b0330d2d8b7669648cc18823323e5/fr/004162	fr	1	Que des ragots d bruits d chiottes pour rombiers et rombières du f-haine !
textdetox@01907546324b0330d2d8b7669648cc18823323e5/fr/004163	fr	1	Faut arrêter de faire du lèche-cul comme ci-dessus.
textdetox@01907546324b0330d2d8b7669648cc18823323e5/fr/004164	fr	1	il ptrennent par derriere tou le temp bande de tite bite
textdetox@01907546324b0330d2d8b7669648cc18823323e5/fr/004165	fr	1	euh, la schtroumpf, pardon... Petit con va, mais je t en veux pas, c est normal a ton age, surtout en France...
textdetox@01907546324b0330d2d8b7669648cc18823323e5/fr/004166	fr	1	Je pense qu’il ne t’a pas échappé que j’étais en wikibreak de fin 2014 à juillet/août 2017 (et tu tiens une très grande part de responsabilité dans ce fait)… donc pour ta notification du 27 novembre 2014, je m’interroge soit tu te f*** de ma gu***, soit tu es totalement idiote, soit tu trolles gratuitement ?
textdetox@01907546324b0330d2d8b7669648cc18823323e5/fr/004167	fr	1	y en n a un peut marre de voir des clones de zarko pas d originalités et surtout du vus et deja vus Copé un sossi de plus de nicolas casse toi pauvre con J-P dégage tu empeste le climat80.214.254.17 (d)
textdetox@01907546324b0330d2d8b7669648cc18823323e5/fr/004168	fr	1	ton père, ta grande sœur, ta grand mère en slip de guerre sur un jet-ski, et ton petit frère transsexuel Lele0490v (discuter)
textdetox@01907546324b0330d2d8b7669648cc18823323e5/fr/004169	fr	1	Voilà la seule justification dont aura été capable ce pauvre con qualifier ceux qui lui demandent de justifier sa mise en PàS de  sodomisateurs de dyptères .
textdetox@01907546324b0330d2d8b7669648cc18823323e5/fr/004170	fr	1	Ne faites pas semblant d être plus bête que vous n êtes.
textdetox@01907546324b0330d2d8b7669648cc18823323e5/fr/004171	fr	1	Oh BRICE DE PISSE, il te kiss ma biche, j m en fiche!
textdetox@01907546324b0330d2d8b7669648cc18823323e5/fr/004172	fr	1	Juste une chose (vas te faire foutre petit(e) con(ne)!)
textdetox@01907546324b0330d2d8b7669648cc18823323e5/fr/004173	fr	1	MES MODIFICATIONS OU JTE BAIZE TA GRAND MERE
textdetox@01907546324b0330d2d8b7669648cc18823323e5/fr/004174	fr	1	C est votre dernier avertissement vous robinet français stupide.
textdetox@01907546324b0330d2d8b7669648cc18823323e5/fr/004175	fr	1	Quentinv57 gros batard nique ta mère.
textdetox@01907546324b0330d2d8b7669648cc18823323e5/fr/004176	fr	1	Mon tabarnac va chier mon asti de colice si je te rencontre je vais t envoyer chier fils de pute va tu faire foutre espèce de motherfucker
textdetox@01907546324b0330d2d8b7669648cc18823323e5/fr/004177	fr	1	Mr tu pue du cu !!!!
textdetox@01907546324b0330d2d8b7669648cc18823323e5/fr/004178	fr	1	Dis CdC, ça te ferait mal de lire un article avant de hurler à la censure et foutre la merde?
textdetox@01907546324b0330d2d8b7669648cc18823323e5/fr/004179	fr	1	Libre, espèce de petit con
textdetox@01907546324b0330d2d8b7669648cc18823323e5/fr/004180	fr	1	et j emmerdes ceux qui ne m apprécient pas !
textdetox@01907546324b0330d2d8b7669648cc18823323e5/fr/004181	fr	1	Je ne comprends pas comment ta salope de mére a pu pondre un sale cafard comme toi ?
textdetox@01907546324b0330d2d8b7669648cc18823323e5/fr/004182	fr	1	Robert est con, c est pas de sa faute, il n a aucune culture et aucune méthode, incapable de faire des recherches sérieuses, alors que veux tu ? logique qu il en arrive à rendre synonymes deux termes dont il ne connait pas les tenants et les aboutissants, sinon ça lui ferait double travail, alors la facilité pour lui, c est de rendre synonyme avec une autre notion proche mais pas égale (l une est spécifique au champ économique capitaliste, l autre est plus général).
textdetox@01907546324b0330d2d8b7669648cc18823323e5/fr/004183	fr	1	jvous aime pa la face!!!ps je rigole pas (bande de sale paire de bobette constipé.
textdetox@01907546324b0330d2d8b7669648cc18823323e5/fr/004184	fr	1	les femme ses bien connue ses grosse mince vielle et belle mais au soir il vaut des bile preffe voila ses marie qui court josephe demeande a jesus pourquoi elle court jesus jesus dit ses parce que elle me touche le sexe et moi jai vais la meme choses mais elle n avet rien elle avait un trouc allor jai voulu lui soignet ses bles lol seter jl les blaque drole
textdetox@01907546324b0330d2d8b7669648cc18823323e5/fr/004185	fr	1	Spèces de néo-libérales, machistes, et d homosexuels refoulés..
textdetox@01907546324b0330d2d8b7669648cc18823323e5/fr/004186	fr	1	Mort aux dictateurs et à leurs supporteurs!
textdetox@01907546324b0330d2d8b7669648cc18823323e5/fr/004187	fr	1	Je m en fous de ton blocage connard je modifie mon adresse IP et je reviens de ce pas toi va plutôt faire une promenade dans ton jardin et fais gaffe de pas t y embourber
textdetox@01907546324b0330d2d8b7669648cc18823323e5/fr/004188	fr	1	Mais pourquoi n irions nous pas aux putes, mon petit Ico83 et Tavernier, toi qui affirmais haut et fort que tu te cassais ha ha ha que c est drôle les mecs qui partent avec pertes et fracas et qui reviennent ... 1 semaines après hi hi hi ?
textdetox@01907546324b0330d2d8b7669648cc18823323e5/fr/004189	fr	1	je dirais « Salauds de journalistes !!!
textdetox@01907546324b0330d2d8b7669648cc18823323e5/fr/004190	fr	1	TU N ES VRAIMENT QU UN GROS CON !!!!
textdetox@01907546324b0330d2d8b7669648cc18823323e5/fr/004191	fr	1	te faire bourrer le cul par mon chien. Signé Ton pote vénéré.
textdetox@01907546324b0330d2d8b7669648cc18823323e5/fr/004192	fr	1	Suite à tes révocations concernant la Belgique, je te réponds, de  fermer ta grande gueule pauvre connard, pauvre type, fils de pute, trou du cul, peau de couille!!!!
textdetox@01907546324b0330d2d8b7669648cc18823323e5/fr/004193	fr	1	Va te faire foutre je veux faire une page je fais une page tu me casses pas les couilles !
textdetox@01907546324b0330d2d8b7669648cc18823323e5/fr/004194	fr	1	ont vas vous crevez bannde de pute ecoute toi et t droit quand ont vas remonter l historique tu va la sentir g envie de t tuer fise de put toi et ta erachi car c pas dutous normal ils en as qui passe de heur TU VAS ME RENDRE
textdetox@01907546324b0330d2d8b7669648cc18823323e5/fr/004195	fr	1	le dixieme photo, quelqun a ecrit fuck the police.
textdetox@01907546324b0330d2d8b7669648cc18823323e5/fr/004196	fr	1	Mengele je chie sur ton nom et ta mémoire.
textdetox@01907546324b0330d2d8b7669648cc18823323e5/fr/004197	fr	1	Docteur Cosmos va chier vieux batard de mes couilles, branle ta race de porcs va vider ta mère aux chiottes.
textdetox@01907546324b0330d2d8b7669648cc18823323e5/fr/004198	fr	1	Je mettrai des croix gammées sur vos tombes
textdetox@01907546324b0330d2d8b7669648cc18823323e5/fr/004199	fr	1	, je vous assure que c est faux (je vois des vraies merdes sur wikipédia tous les jours, y a même pas de comparaison possible!!).
textdetox@01907546324b0330d2d8b7669648cc18823323e5/fr/004200	fr	1	Tu n es rien d autre qu un vandale, et un vandale ignare de surcroît.
textdetox@01907546324b0330d2d8b7669648cc18823323e5/fr/004201	fr	1	Fuck you, Fuck you, Fuck you, Fuck you, Fuck you, Fuck you, Fuck you, Fuck you, Fuck you, Fuck you, Fuck you, Fuck you, Fuck you, Fuck you, Fuck you, Fuck you, Fuck you, Fuck you, Fuck you, Fuck you6fi6if76
textdetox@01907546324b0330d2d8b7669648cc18823323e5/fr/004202	fr	1	bloque moi petite bite !
textdetox@01907546324b0330d2d8b7669648cc18823323e5/fr/004203	fr	1	Pauvres taches de robots à la con, Vous etes tous des robots nazis, et vous pourrissez wikipédia!
textdetox@01907546324b0330d2d8b7669648cc18823323e5/fr/004204	fr	1	CE SITE EST NUL À CHIER !
textdetox@01907546324b0330d2d8b7669648cc18823323e5/fr/004205	fr	1	la grosse pute de bompas jérémy vaz vien de bompas et c est une grosse tapette, il suce tout le monde EN GROS C EST UNE MERDE
textdetox@01907546324b0330d2d8b7669648cc18823323e5/fr/004206	fr	1	, je te découpe en petits dés.
textdetox@01907546324b0330d2d8b7669648cc18823323e5/fr/004207	fr	1	ET AINSI DE SUITE et si tu ne comprend pas c est que tu es C.O.N
textdetox@01907546324b0330d2d8b7669648cc18823323e5/fr/004208	fr	1	Et, pour être honnête, en 2010, je en vois pas ce qu il y a de honteux à avoir un ancêtre bâtard !
textdetox@01907546324b0330d2d8b7669648cc18823323e5/fr/004209	fr	1	BANDE DE CONARD QUAND LES VANDALSTEAM
textdetox@01907546324b0330d2d8b7669648cc18823323e5/fr/004210	fr	1	elle aime faire de la chanson et plutôt le rap puis aime baiser avec Thibaut Lemaire,
textdetox@01907546324b0330d2d8b7669648cc18823323e5/fr/004211	fr	1	bloque moi petite bite !
textdetox@01907546324b0330d2d8b7669648cc18823323e5/fr/004212	fr	1	Continuez a jouer vos malin, a faire votre propagande arménienne de merde (vous navez plus quinternet pour faire entendre votre petite voix)
textdetox@01907546324b0330d2d8b7669648cc18823323e5/fr/004213	fr	1	Hollande est un putain de fils de puTe c4EST
textdetox@01907546324b0330d2d8b7669648cc18823323e5/fr/004214	fr	1	N importe quoi vos conneries sur le NOM et la soi-disante conspiration menée par des soi-disant illuminatis... Votre place est dans un asile.
textdetox@01907546324b0330d2d8b7669648cc18823323e5/fr/004215	fr	1	Vous en connaissez une grosse crisse de salope qui aime les grosses queu dures et juteuses ?
textdetox@01907546324b0330d2d8b7669648cc18823323e5/fr/004216	fr	1	tu est un malad mental ou koi se que j ai écrit c vrai
textdetox@01907546324b0330d2d8b7669648cc18823323e5/fr/004217	fr	1	Je pense que tu as raison et selon moi cet individu est un malade pervers qui n a pas grand chose à apporter à Wikipédia.
textdetox@01907546324b0330d2d8b7669648cc18823323e5/fr/004218	fr	1	Tu es un hypocrite.
textdetox@01907546324b0330d2d8b7669648cc18823323e5/fr/004219	fr	1	Tu n est qu un pure tas de merde Menal.
textdetox@01907546324b0330d2d8b7669648cc18823323e5/fr/004220	fr	1	ntm ntp va te faire encule ta rase sale
textdetox@01907546324b0330d2d8b7669648cc18823323e5/fr/004221	fr	1	Dans le paragraphe des citations, il faudrait rajouter celle-ci envers Raymond Domenech    Va te faire enculer, sale fils de pute !   
textdetox@01907546324b0330d2d8b7669648cc18823323e5/fr/004222	fr	1	je repart aux merd maires go go go go go.....
textdetox@01907546324b0330d2d8b7669648cc18823323e5/fr/004223	fr	1	Si j étais à ta place, je crèverais et c serait le bien pôur tout le monde.
textdetox@01907546324b0330d2d8b7669648cc18823323e5/fr/004224	fr	1	les homme ne parlons pas de morgann et mathias il aime la bite!!!!!
textdetox@01907546324b0330d2d8b7669648cc18823323e5/fr/004225	fr	1	Ne t énerve pas fier nain barbu, il y a toujours un peu de tension du côté des jurés, c est le lot de chaque WWC.
textdetox@01907546324b0330d2d8b7669648cc18823323e5/fr/004226	fr	1	Toi et tes potes, vous êtes des sales nazis de merde.
textdetox@01907546324b0330d2d8b7669648cc18823323e5/fr/004227	fr	1	Oui, les gays pédophiles.
textdetox@01907546324b0330d2d8b7669648cc18823323e5/fr/004228	fr	1	je foutre tu, tu  nguyen  minion malefice du MORTAL KOBAT malefice et magique
textdetox@01907546324b0330d2d8b7669648cc18823323e5/fr/004229	fr	1	TON CHRIST QUI, LASSÉ DE BAISER
textdetox@01907546324b0330d2d8b7669648cc18823323e5/fr/004230	fr	1	merite mieux que une prostituer elle le poiniarde deux foi et il di rien c pas un homme c une pedale
textdetox@01907546324b0330d2d8b7669648cc18823323e5/fr/004231	fr	1	Abolition de cette religion élitiste et misérable !
textdetox@01907546324b0330d2d8b7669648cc18823323e5/fr/004232	fr	1	Espece d enculer de ta mère la chienne
textdetox@01907546324b0330d2d8b7669648cc18823323e5/fr/004233	fr	1	Les fils de pute de ton genre devraient être fusillés sur la place publique.
textdetox@01907546324b0330d2d8b7669648cc18823323e5/fr/004234	fr	1	arrette tes conneries débloque emelyne2000 ou alors tu sera bloqué et ton pseudo sera fils de pute aussi , je connait sam fisher , il pourait buter n importe qui...
textdetox@01907546324b0330d2d8b7669648cc18823323e5/fr/004235	fr	1	elle aime les facial si vous voulez lui enfoncer votre kiki dans l oreille Elle aime les zizi frais Appeler ce numéro ci-dessous: 07.77.78.14.16
textdetox@01907546324b0330d2d8b7669648cc18823323e5/fr/004236	fr	1	, je préfèrerai d avantage me faire démonter le cul par un troupeau d éléphants sous viagra.
textdetox@01907546324b0330d2d8b7669648cc18823323e5/fr/004237	fr	1	Si vous êtes vexé par l adhérence de ce joueur au club africain allez vous suicider au lieu de jouer comme des petits gamins sur WikipédiaDolkano (discuter)
textdetox@01907546324b0330d2d8b7669648cc18823323e5/fr/004238	fr	1	retourne dans le ventre de ta chienne de mère.
textdetox@01907546324b0330d2d8b7669648cc18823323e5/fr/004239	fr	1	HITLER ET MES MODIFICATION SUR CETTE MERDE DE RAP A DEUX BALLES !
textdetox@01907546324b0330d2d8b7669648cc18823323e5/fr/004240	fr	1	Votre blog est merdique !
textdetox@01907546324b0330d2d8b7669648cc18823323e5/fr/004241	fr	1	de lèche cul, allez bannissez moi, j en ai trop marre de vos tetes de con, surtout ordifana!
textdetox@01907546324b0330d2d8b7669648cc18823323e5/fr/004242	fr	1	Oui je vous ai vu lui coller cette étiquette:  Combien de temps va-t-on laisser agir en toute impunité ce connard antisémite??
textdetox@01907546324b0330d2d8b7669648cc18823323e5/fr/004243	fr	1	T as vu comment les P.. de chez wiki arabe, font de la gueule!
textdetox@01907546324b0330d2d8b7669648cc18823323e5/fr/004244	fr	1	Les faces de rat sont des personnes ayant un cerveau de 2mm, vous pourez voir quelques espèces à Barr Elisa, face de rat confirmée, débilité absolue , italienne, Dounia chose marocainne aucunne logique et chante très mal.
textdetox@01907546324b0330d2d8b7669648cc18823323e5/fr/004245	fr	1	En réalité vous êtes un profiteur fumiste qui ne connaissez rien à rien.
textdetox@01907546324b0330d2d8b7669648cc18823323e5/fr/004246	fr	1	bande de fils de pute quand je dis qu il est pisté par un club je sais de quoi je parle arrêtez de supprimer ce que j écrit » le problème n est pas que   vous   sachiez de quoi vous parlez, mais que   les internautes   sachent de quoi vous parlez, même s ils ne sont pas spécialistes du foot.
textdetox@01907546324b0330d2d8b7669648cc18823323e5/fr/004247	fr	1	ne t a demandé d y mettre ton nez (dans le trou du cul en question) ;
textdetox@01907546324b0330d2d8b7669648cc18823323e5/fr/004248	fr	1	bon, connard, tu sais que tu commences à me faire chier alors d une t arrêtes d enlever ma page et de 2 tu te mêles de tes ognons, c est compris guignol ?
textdetox@01907546324b0330d2d8b7669648cc18823323e5/fr/004249	fr	1	De plus,  vos mères la pute  n est pas correct, il aurait été préférable de faire l accord.
textdetox@01907546324b0330d2d8b7669648cc18823323e5/fr/004250	fr	1	Espèce de vieille salope, t as quel age pour trouvé ça immature ?
textdetox@01907546324b0330d2d8b7669648cc18823323e5/fr/004251	fr	1	CANNON ASS CHEESE SUCK A GIANT
textdetox@01907546324b0330d2d8b7669648cc18823323e5/fr/004252	fr	1	Tu fout rien tu sais se qu il te dit de la lombertie t est un branleur Vergne3 (discuter)
textdetox@01907546324b0330d2d8b7669648cc18823323e5/fr/004253	fr	1	elle tomba enceinte mis elle u le sida donc on pe dire quelle l a u dans le cette salope
textdetox@01907546324b0330d2d8b7669648cc18823323e5/fr/004254	fr	1	Va te faire foutre petit connard, petit flic, petit capo de merde !!!!!
textdetox@01907546324b0330d2d8b7669648cc18823323e5/fr/004255	fr	1	Ce mec est un vrai nul.
textdetox@01907546324b0330d2d8b7669648cc18823323e5/fr/004256	fr	1	Juste pour emmerder les   enculés d leur race   qui disent que c est mal op KoS
textdetox@01907546324b0330d2d8b7669648cc18823323e5/fr/004257	fr	1	Maintenant si tu veux qu on se tape moi je suis prêt quand tu veux, je n ai pas besoin de wikipédia pour fermer ton clapet, impolie que tu es.(Akli11 (d) )
textdetox@01907546324b0330d2d8b7669648cc18823323e5/fr/004258	fr	1	Faque merci allez vous faire enculer bye bye.
textdetox@01907546324b0330d2d8b7669648cc18823323e5/fr/004259	fr	1	Mais c est un calottin, un vrai crétin.
textdetox@01907546324b0330d2d8b7669648cc18823323e5/fr/004260	fr	1	my name is david for jagger is fucking basterd le fric et le fric sans ses potes ce mec n est rien d autre qu un trou du cul comme nous
textdetox@01907546324b0330d2d8b7669648cc18823323e5/fr/004261	fr	1	enfin bref c le trou du cul qui a selectionne des nanards comme porteur du maillot de l equipe de france quelle honte
textdetox@01907546324b0330d2d8b7669648cc18823323e5/fr/004262	fr	1	Ta fille est une pute !
textdetox@01907546324b0330d2d8b7669648cc18823323e5/fr/004263	fr	1	Visiblement tu es un personnage très antipathique qui doit certainement passer ses journées devant son écran d ordinateur manque d oxygénation évident du cerveau (conclusion purement physiologique et non pas une nième remarque désobligeant de ma part).
textdetox@01907546324b0330d2d8b7669648cc18823323e5/fr/004264	fr	1	Barou une techatte profesionelle et une grosse prostituer elle fais chier les 5°3 et °
textdetox@01907546324b0330d2d8b7669648cc18823323e5/fr/004265	fr	1	Et si, au lieu de vandaliser ma page, tu te livrais à une activité constructive, comme d aller braquer une petite vieille ou te masturber dans une cabine de peep-show?
textdetox@01907546324b0330d2d8b7669648cc18823323e5/fr/004266	fr	1	Votre blog est merdique !
textdetox@01907546324b0330d2d8b7669648cc18823323e5/fr/004267	fr	1	Non, tu dis selon truc, machin est un con.
textdetox@01907546324b0330d2d8b7669648cc18823323e5/fr/004268	fr	1	Toi et tes potes, vous êtes des sales nazis de merde.
textdetox@01907546324b0330d2d8b7669648cc18823323e5/fr/004269	fr	1	bloque moi petite bite !
textdetox@01907546324b0330d2d8b7669648cc18823323e5/fr/004270	fr	1	comment pourrait t-on décrire cet être ignoble et agressive petit nain ridiculement petit et je ne parle pas juste de sa grandeur
textdetox@01907546324b0330d2d8b7669648cc18823323e5/fr/004271	fr	1	tous vous faire enculer par Rogel
textdetox@01907546324b0330d2d8b7669648cc18823323e5/fr/004272	fr	1	Quelle est le pauv con qui a proteger la page,ont peut rien rajouter,e ntous cas celui qui a proteger si il est devant moi
textdetox@01907546324b0330d2d8b7669648cc18823323e5/fr/004273	fr	1	espèce de puceau censeur,je ne pratique pas du vendalisme,menteur et mauvaise foi en plus
textdetox@01907546324b0330d2d8b7669648cc18823323e5/fr/004274	fr	1	So after that you eat piss
textdetox@01907546324b0330d2d8b7669648cc18823323e5/fr/004275	fr	1	Rejoignez sur Twitter le mouvement contre les   co - nar -d.e.s   de Wikipédia !
textdetox@01907546324b0330d2d8b7669648cc18823323e5/fr/004276	fr	1	Vous êtes con ou quoi ?
textdetox@01907546324b0330d2d8b7669648cc18823323e5/fr/004277	fr	1	Si vous estimez qu il le responsable de ce blocage a une petite bite, et s est démerdé pour être administrateur de Wikipédia parce que le sentiment de puissance que ça lui donne est une consolation par rapport à ses problèmes d érection, vous avez raison, et vous devriez vandaliser plus de pages dès votre retour, pour qu il puisse à nouveau se sentir très fort en vous re-bannissant, qui sait, pour une semaine cette fois ?
textdetox@01907546324b0330d2d8b7669648cc18823323e5/fr/004278	fr	1	Bande de sionistes acharnés , l envie vous détruira .
textdetox@01907546324b0330d2d8b7669648cc18823323e5/fr/004279	fr	1	Pulvar est une négresse qui veut faire de la pub aux autres nègres de cette France remplie de nègres qui ne travaillent jamais.
textdetox@01907546324b0330d2d8b7669648cc18823323e5/fr/004280	fr	1	toi tu ne sai r1 de justin ses bien un mec quesque tu croit conne mais ninpote quoi ses po une une meuf justin arrette de dire des conerie pareille
textdetox@01907546324b0330d2d8b7669648cc18823323e5/fr/004281	fr	1	comment faire paraitre la photo d un imposteur qui manipule et abuse les femmes je donne un de ces noms il se fait passer pour Jonathan Faulkner, du colorado malheureusement cet homme existe et un trou du cul se sert de son nom
textdetox@01907546324b0330d2d8b7669648cc18823323e5/fr/004282	fr	1	Vue la pauvreté et la médiocrités des contributions que vous apportez à ce lieu, le truffant d inexactitudes et de mensonges par charcutage, faites donc ce qu il vous plait car je n ai pas plus de temps à consacrer aux tacherons de votre espèce.
textdetox@01907546324b0330d2d8b7669648cc18823323e5/fr/004283	fr	1	Je t emmerde sale con, je nique ta pseudo-encyclopédie qui ne fait que colporter des mensonges pour servir le nouvel ordre mondial ;
textdetox@01907546324b0330d2d8b7669648cc18823323e5/fr/004284	fr	1	Non c est pas faux cul, c est juste crétin, car ça ne changera rien.
textdetox@01907546324b0330d2d8b7669648cc18823323e5/fr/004285	fr	1	Encore un débile fans des Diaz...
textdetox@01907546324b0330d2d8b7669648cc18823323e5/fr/004286	fr	1	VOUS VERREZ BANDE DE POURRITURES
textdetox@01907546324b0330d2d8b7669648cc18823323e5/fr/004287	fr	1	NIQUE TA PUTE DE MERE SALE JUIF DE MERDE,
textdetox@01907546324b0330d2d8b7669648cc18823323e5/fr/004288	fr	1	Je pense que tu devrais te faire pendre, mon gars.
textdetox@01907546324b0330d2d8b7669648cc18823323e5/fr/004289	fr	1	Je ne te connais pas spécialement, mais j étais déjà tombé sur ton profil il y a quelques semaines, et j avais remarqué avoir quelques points communs avec toi, notamment le QI et l impression d être entouré de cons, mais avec une différence, j ai encore mes deux parents mais perdu trois de mes grands
textdetox@01907546324b0330d2d8b7669648cc18823323e5/fr/004290	fr	1	Fille de Pute, Je t emmerde va te faire enculer, petasse
textdetox@01907546324b0330d2d8b7669648cc18823323e5/fr/004291	fr	1	Votre blog est merdique !
textdetox@01907546324b0330d2d8b7669648cc18823323e5/fr/004292	fr	1	Grosse dinde toi-même!
textdetox@01907546324b0330d2d8b7669648cc18823323e5/fr/004293	fr	1	Donnez nous votre pognon et crevez de maladies pourries.
textdetox@01907546324b0330d2d8b7669648cc18823323e5/fr/004294	fr	1	Je pense que je n ai rien d autre que de t insulter tu n es qu un fils de p... !
textdetox@01907546324b0330d2d8b7669648cc18823323e5/fr/004295	fr	1	VladoubidoOo (discuter)  si connard.
textdetox@01907546324b0330d2d8b7669648cc18823323e5/fr/004296	fr	1	Votre attitude st totalement stupide.
textdetox@01907546324b0330d2d8b7669648cc18823323e5/fr/004297	fr	1	enfait ta mere se fait baiser et puis ton pere sexcuse et elle ve pos ta mere tn pere ses des fils de pute et je leur nike leur race ces ptit pd
textdetox@01907546324b0330d2d8b7669648cc18823323e5/fr/004298	fr	1	bloque moi petite bite !
textdetox@01907546324b0330d2d8b7669648cc18823323e5/fr/004299	fr	1	jai du me tromper de site jcroyais que cetait wikisexefric.fr ces pour ca que jai reclamer quelques balles a lautres jen ai niker une et elle ma reclamer du fric alors que cetait marquer arretes d asperger l ecran clique ici ses gratuit amicalement ptit cochon
textdetox@01907546324b0330d2d8b7669648cc18823323e5/fr/004300	fr	1	Il semble que tu fait ca avec tout le monde,je vais te faire enculer pour ton impudence ,petit peroquet !
textdetox@01907546324b0330d2d8b7669648cc18823323e5/fr/004301	fr	1	TOUS LES DEUX DES BOUFFONS
textdetox@01907546324b0330d2d8b7669648cc18823323e5/fr/004302	fr	1	te faire bourrer le cul par mon chien.
textdetox@01907546324b0330d2d8b7669648cc18823323e5/fr/004303	fr	1	Wikipédia, c est un ensemble de peigne-culs qui n ont rien d autre à foutre de leur vie que faire chier dans un but incompréhensible.
textdetox@01907546324b0330d2d8b7669648cc18823323e5/fr/004304	fr	1	re, Vous êtes vraiment pitoyable et de plus votre arrogance n a d égale que votre bétise.
textdetox@01907546324b0330d2d8b7669648cc18823323e5/fr/004305	fr	1	la vomita des kékés de wikicaca    MOI, Lomita, petite cervelle du net, petite fiente du moineau sioniste, je me prends pour un dieu de la connaissance avec cette prétendue encyclopédie malsaine qu est wikicaca.
textdetox@01907546324b0330d2d8b7669648cc18823323e5/fr/004306	fr	1	Le vandale c est toi.
textdetox@01907546324b0330d2d8b7669648cc18823323e5/fr/004307	fr	1	bloque moi petite bite !
textdetox@01907546324b0330d2d8b7669648cc18823323e5/fr/004308	fr	1	Ejacule sur moi chérie!!
textdetox@01907546324b0330d2d8b7669648cc18823323e5/fr/004309	fr	1	Pauvre con tu sert à quoi?
textdetox@01907546324b0330d2d8b7669648cc18823323e5/fr/004310	fr	1	Roland DOYEN commandant la 1ère Armée du Maréchal PETAIN Armée de bougnouls et de négres français du Sénégal et du Maghreb ne pouvant s élevés qu au grade de sous_officier!!!Avec DELATTRE DE TASSIGNY ,débarquement de Provence et remontée de la Vallée du Rhone puis Belfort,Colmar,la contre offensive des Ardennes ,la reprise de Strasbourg......
textdetox@01907546324b0330d2d8b7669648cc18823323e5/fr/004311	fr	1	en fait t es un vieux con n aimant pas la technologie Message déposé par Wolfsagen (discuter)
textdetox@01907546324b0330d2d8b7669648cc18823323e5/fr/004312	fr	1	Amicalement votre sales fils de pute!!
textdetox@01907546324b0330d2d8b7669648cc18823323e5/fr/004313	fr	1	Surtout qu avec leur sac poubelle intégral, ce genre de greluches ont l air de préservatifs ambulants, c est d ailleurs pour ça qu on les appelle aussi les capotes mahométanes.   Pas besoin d aller chercher bien loin.
textdetox@01907546324b0330d2d8b7669648cc18823323e5/fr/004314	fr	1	laurent gbagbo n  est qu un sale connard de noir qui ne sait pas rester à ca place comme un con.
textdetox@01907546324b0330d2d8b7669648cc18823323e5/fr/004315	fr	1	je fait des pages touts les jours et touts les jours elle se font niquer alors si vous nous faites la morale arretez de demandez de l argent aux internautes vous faites pitiés bande de charclos  .
textdetox@01907546324b0330d2d8b7669648cc18823323e5/fr/004316	fr	1	T as besoin d aller de pleindre aux  administrateurs  pour me mettre un avertissement sans savoir si je fais du vandalisme pur et simple trou d balle!???
textdetox@01907546324b0330d2d8b7669648cc18823323e5/fr/004317	fr	1	bloque moi petite bite !
textdetox@01907546324b0330d2d8b7669648cc18823323e5/fr/004318	fr	1	Hollande est un gros c°n qui augmente les impot ;
textdetox@01907546324b0330d2d8b7669648cc18823323e5/fr/004319	fr	1	Va te faire foutre, enculé, mon ajout n est pas issu d une inspiration malsaine mais elle (Elisabeth Lévy) s en revendique lors de son débat avec Dieudonné que tu pourras facilement trouver sur internet.
textdetox@01907546324b0330d2d8b7669648cc18823323e5/fr/004320	fr	1	A S S E G O U
textdetox@01907546324b0330d2d8b7669648cc18823323e5/fr/004321	fr	1	est fouteuse de m elle est vraiment stupide ainssi que la nadege elles sont méprisantes plus personne ne veut les voir elles sont loin d etre belles
textdetox@01907546324b0330d2d8b7669648cc18823323e5/fr/004322	fr	1	je vais donc t aider à y venir Lgd et Moez sucent suprememangaka et avalent 89.83.157.226 (d)
textdetox@01907546324b0330d2d8b7669648cc18823323e5/fr/004323	fr	1	Vous êtes une honte pour la société....
textdetox@01907546324b0330d2d8b7669648cc18823323e5/fr/004324	fr	1	Lomita suis sur que tu reverai de te prendre la queue de Jake Steed dans le cul avoues c est pour ca que tu t es protégé
textdetox@01907546324b0330d2d8b7669648cc18823323e5/fr/004325	fr	1	boujour a tous, je baise vos mere et vos sœur c plus partique
textdetox@01907546324b0330d2d8b7669648cc18823323e5/fr/004326	fr	1	Fils de pute PK ta suprimmé
textdetox@01907546324b0330d2d8b7669648cc18823323e5/fr/004327	fr	1	Cette fois ma décision est prise, je boycotte de façon définitive votre encyclopédie de merde où se trouve Patrick Rogel et Creasy croient que les infos doublages que je rajoute sont fausses alors qu elle sont vrais.
textdetox@01907546324b0330d2d8b7669648cc18823323e5/fr/004328	fr	1	Mais un jour où l autre ta condition masculine fera qu il te faudra envisager une greffe de poils de cul sur la tête
textdetox@01907546324b0330d2d8b7669648cc18823323e5/fr/004329	fr	1	De plus, je peux ajouter qu il a l orgasme facile, la tapette
textdetox@01907546324b0330d2d8b7669648cc18823323e5/fr/004330	fr	1	Espece de moule a gauffre,
textdetox@01907546324b0330d2d8b7669648cc18823323e5/fr/004331	fr	1	et oui lady GAGA est une hermaphrodite,elle est née avec 2 sexe,un pénis et un vagin,sa existe met ces tres rares,ces comme un homme qui est née avec un seul testicule ou une femme née avec 3 sein et c est vrai et sa arrive,c est une malformation, faut savoir que les hermaphrodites son stérile,donc ne peut pas avoir d enfant, ces un internaute qui a découvert un sexe masculin sous sa jupe lors d un clip qui a été public ET LADY GAGA ASSUME D’ÊTRE UNE HERMAPHRODITE,ELLE CE SENT BIEN DANS SA PEAU, et cela regarde que son intimité personnelle,ce considère comme une femme avec un clitoris surdimensionné qui ressemble a un petit pénis trouver ça sur le site,planète révélation,jeudi 25 février 2010, titre LADY GAGA est un hermaphrodite Guillaume urvoy (d)
textdetox@01907546324b0330d2d8b7669648cc18823323e5/fr/004332	fr	1	Alors c est simple, il faut virer cette page de merde ou bien je dois attaquer WP en justice.
textdetox@01907546324b0330d2d8b7669648cc18823323e5/fr/004333	fr	1	bloque moi petite bite !
textdetox@01907546324b0330d2d8b7669648cc18823323e5/fr/004334	fr	1	GROSSE PUTE, GROSSE CONNASSE, GROSSE SALOPE, VA T
textdetox@01907546324b0330d2d8b7669648cc18823323e5/fr/004335	fr	1	bloque moi petite bite !
textdetox@01907546324b0330d2d8b7669648cc18823323e5/fr/004336	fr	1	PETIT ARTICLE FILS DE CHIENNASSE
textdetox@01907546324b0330d2d8b7669648cc18823323e5/fr/004337	fr	1	c est réservé aux gros intellos nazes, genre prof de fac (ça doit être important, c est ce qu ils mettent en premier sur leur profil!)qui se la pétent (y a pas de quoi pourtant).
textdetox@01907546324b0330d2d8b7669648cc18823323e5/fr/004338	fr	1	tous ceux qui sont pour ces produits st des choutés purement et simplement...vous me dégoutés bande de toxico....
textdetox@01907546324b0330d2d8b7669648cc18823323e5/fr/004339	fr	1	Tu es le fils de Satan alors prends un pétard et allume le toi dans le cul signé ferme ta gueule et va tecoucher après que tu sois allé te faire foutre
textdetox@01907546324b0330d2d8b7669648cc18823323e5/fr/004340	fr	1	SALE ARABE, TU FAIS CHIER
textdetox@01907546324b0330d2d8b7669648cc18823323e5/fr/004341	fr	1	Je cite  Wiki = bande d idiot .
textdetox@01907546324b0330d2d8b7669648cc18823323e5/fr/004342	fr	1	Par le même occasion je nique ton poisson rouge et j encule ta descendance (salement en mode soirée bâche bâtard) Bonne soirée lolo le blaireau puceau de ta mère la pute ;D
textdetox@01907546324b0330d2d8b7669648cc18823323e5/fr/004343	fr	1	Selon certains témoins, elle se vanterai  d enculer l état par tous les trous .
textdetox@01907546324b0330d2d8b7669648cc18823323e5/fr/004344	fr	1	Fuck you, Fuck you, Fuck you, Fuck you, Fuck you, Fuck you, Fuck you, Fuck you, Fuck you, Fuck you, Fuck you, Fuck you, Fuck you, Fuck you, Fuck you, Fuck you, Fuck you, Fuck you, Fuck you, Fuck you
textdetox@01907546324b0330d2d8b7669648cc18823323e5/fr/004345	fr	1	ta censure est bête et idiote !!
textdetox@01907546324b0330d2d8b7669648cc18823323e5/fr/004346	fr	1	! Fous zavez raizon d être fascisteuu et de zenzurer zes zales gauchistes
textdetox@01907546324b0330d2d8b7669648cc18823323e5/fr/004347	fr	1	Sans votre bande de mal baisées comme Serein, qui se prétend janséniste (encore une appellation qui devrait être contrôlée) alors qu elle n est qu un minable, et autres frustrés de la vie comme HCormier, sur n importe quel autre site civilisé, c est vous qui auriez été banni pour propagande, mauvaise foi et puanteur dans la tête.
textdetox@01907546324b0330d2d8b7669648cc18823323e5/fr/004348	fr	1	Son cul imposant lui permet d éliminer ses adversaire et lui sers également de maison pour elle et sont fils qui lui est né en sortant de son anus dilatté et explosé.
textdetox@01907546324b0330d2d8b7669648cc18823323e5/fr/004349	fr	1	tu a surprime ma réponsea ce foude pam il a un blocage ce qui montre bien que ce mec est dérager et toi tu devair pas modo vue que tu parle p pas IP est de mauve fois je voit que tu arrachement sur les autres ip je quémande tu virée de job car on palre pas avec un mecdemauver fois comme toi je vair faire une procéder contre toi mais vous protgre toujour car vous été une mafie et bonne annes
textdetox@01907546324b0330d2d8b7669648cc18823323e5/fr/004350	fr	1	, en fait je mappelle Roger et je cherche une grosse pute sale a me faire ce soir !
textdetox@01907546324b0330d2d8b7669648cc18823323e5/fr/004351	fr	1	Connard de sac à merde.
textdetox@01907546324b0330d2d8b7669648cc18823323e5/fr/004352	fr	1	tu n es qu un pauvre petit sous homme en manque de reconnaissance et tu crois qu écrire sur wiki
textdetox@01907546324b0330d2d8b7669648cc18823323e5/fr/004353	fr	1	Va te faire foutre connard de mes daux!!
textdetox@01907546324b0330d2d8b7669648cc18823323e5/fr/004354	fr	1	Mes pauvres nationalistes ukrainiens, Votre haine de la Russie et de Moscou n est égalée que par votre ignorance et votre stupidité...
textdetox@01907546324b0330d2d8b7669648cc18823323e5/fr/004355	fr	1	Alors je laisse cette  encyclopédie  de merde tomber et les infâmes fils de putes qui s en occupent j en ai strictement rien à branler.
textdetox@01907546324b0330d2d8b7669648cc18823323e5/fr/004356	fr	1	Votre blog est merdique !
textdetox@01907546324b0330d2d8b7669648cc18823323e5/fr/004357	fr	1	Message déposé par Taurino (d)  ESPECE DE BANDE DE FILS DE PUTE
textdetox@01907546324b0330d2d8b7669648cc18823323e5/fr/004358	fr	1	Deux gamins heureux d avoir chié dans leur froc, les mecs vous êtes la représentation parfaite du Coq, symbole de la france Le seul animal capable de chanter dans la merde.
textdetox@01907546324b0330d2d8b7669648cc18823323e5/fr/004359	fr	1	Et depuis ce jour je rêve de massacrer tous les pronucléaires comme toi (humour).Enr-v
textdetox@01907546324b0330d2d8b7669648cc18823323e5/fr/004360	fr	1	Je sais que ça peut être très amusant de donner raison au petit con qui vient faire chier le gars qui a écrit la quasi-intégralité de l article, petit con dont les 3/4 des contributions ont un commentaire qui commence par  suppression de , mais je ne suis PAS
textdetox@01907546324b0330d2d8b7669648cc18823323e5/fr/004361	fr	1	Si je venais chez toi, je te tuerais de plusieurs coups de couteau.
textdetox@01907546324b0330d2d8b7669648cc18823323e5/fr/004362	fr	1	Vous êtes décidément un âne !
textdetox@01907546324b0330d2d8b7669648cc18823323e5/fr/004363	fr	1	Ca ne change rien au fait qu on fait la prime aux connards ici.
textdetox@01907546324b0330d2d8b7669648cc18823323e5/fr/004364	fr	1	J ai autre chose à faire qu à te courir après pour te botter les fesses.
textdetox@01907546324b0330d2d8b7669648cc18823323e5/fr/004365	fr	1	ramassis de fascistes de merde  ...
textdetox@01907546324b0330d2d8b7669648cc18823323e5/fr/004366	fr	1	parce que tu le veuille ou non cet Encyclopédie est libre même un gros *** diplomé d un doctora comme toi n a aucun droit de désition sur le fait qu une page éxiste ou non.
textdetox@01907546324b0330d2d8b7669648cc18823323e5/fr/004367	fr	1	Mais pour un ectoplasme patenté de ton acabit,puceau du premier degré,profite de ton petit pouvoir de censure ,tu fais pitié pauvre sac a merde.
textdetox@01907546324b0330d2d8b7669648cc18823323e5/fr/004368	fr	1	allez, va, bloque moi p tite, que je soit plus tenter de te repondre, j en perd trop de temps, tiens!!!!a putain, on l a pas volé notre fin du monde, saloperie d idiocracye!!
textdetox@01907546324b0330d2d8b7669648cc18823323e5/fr/004369	fr	1	Je t ai démasqué, espèce de faux-nez !
textdetox@01907546324b0330d2d8b7669648cc18823323e5/fr/004370	fr	1	Quel idiot, j allais répondre factuellement à tes attaques personnelles diffamatoires et agressives qui me rappelait étrangement une autre époque, et je m aperçois que tu es le faux nez de Schlum, ex Pierrot donc pote du banni SM, suppressioniste chevronné qui employait le même vocabulaire et les mêmes méthodes.
textdetox@01907546324b0330d2d8b7669648cc18823323e5/fr/004371	fr	1	Leblanc Personnage de la fin du 20ème siècle que l on considère comme idiot, qui passe son temps sur facebook à écrire des conneries, mais qui s enva dans l armée bientôt.
textdetox@01907546324b0330d2d8b7669648cc18823323e5/fr/004372	fr	1	Bonjour, vous devez être sacrément intelligent et cultivé pour prendre à ce point là votre prochain pour un con comme vous le faites avec moi.
textdetox@01907546324b0330d2d8b7669648cc18823323e5/fr/004373	fr	1	PAUVRE CON !!!!!!!!!!!!!!!!!!!
textdetox@01907546324b0330d2d8b7669648cc18823323e5/fr/004374	fr	1	Pour « ce qu une personne de ton espece peut  penser , j en ai tellement rien à cirer que je te reconnais même le droit fondamental d ouvrir grand ta grosse bouche pour pouvoir baver les puantes insanités dont tu as l air d être friand ».
textdetox@01907546324b0330d2d8b7669648cc18823323e5/fr/004375	fr	1	Tu vois, quand tu veux ?   A mon avis, il faudrait tuer tous les extrémistes.   
textdetox@01907546324b0330d2d8b7669648cc18823323e5/fr/004376	fr	1	JE VAIS ALLER DANS TON VILLAGE ITALIEN ET TE CREVER
textdetox@01907546324b0330d2d8b7669648cc18823323e5/fr/004377	fr	1	est tout aussi supprimable que Menotte à couilles.
textdetox@01907546324b0330d2d8b7669648cc18823323e5/fr/004378	fr	1	Juste un mot: je suis un ancien du 1er et 11ème choc et, ainsi que mes amis, nous vous emmerdons très profondément.
textdetox@01907546324b0330d2d8b7669648cc18823323e5/fr/004379	fr	1	, 99 % de tes contribution sur cette PdD.
textdetox@01907546324b0330d2d8b7669648cc18823323e5/fr/004380	fr	1	mais bien sûr... je te suggère aussi de calmer tes ardeurs petit faux-nez.
textdetox@01907546324b0330d2d8b7669648cc18823323e5/fr/004381	fr	1	TU ES UNE MOUCHE PR
textdetox@01907546324b0330d2d8b7669648cc18823323e5/fr/004382	fr	1	Non, c est bel et bien  meurt, pourriture communiste .
textdetox@01907546324b0330d2d8b7669648cc18823323e5/fr/004383	fr	1	Merci de ne plus laisser de message de ce genre  pd gros salaut jte sussssss ta queu vien vite j ai envie ooooooooooo yes o my godddddd j aime sa ptit bite va si enfonce oooooo  sebjd
textdetox@01907546324b0330d2d8b7669648cc18823323e5/fr/004384	fr	1	Ce qui fait que Wikipédia ne ressemble qu à    ton    image d ignare de ce que tu ignores mais pour autant veux quand même y mettre ta saumure rance d ignorance.
textdetox@01907546324b0330d2d8b7669648cc18823323e5/fr/004385	fr	1	TA RACE TA MERE EST UNE CHIENNE QUI TE SUCE
textdetox@01907546324b0330d2d8b7669648cc18823323e5/fr/004386	fr	1	Dans ta cervelle t as un clitoris de meuf sale connard va baiser les chiens gros fils de pute je t enmerde.
textdetox@01907546324b0330d2d8b7669648cc18823323e5/fr/004387	fr	1	3500 victimes enculé de mes deux!!
textdetox@01907546324b0330d2d8b7669648cc18823323e5/fr/004388	fr	1	vous avez que sa a faire bande de cons!
textdetox@01907546324b0330d2d8b7669648cc18823323e5/fr/004389	fr	1	En réalité, tu n es qu un petit troll minable, comme l a encore montré ta tentative de rendre mes propos inintelligibles en insérant ta réponse à l intérieur de mon message, d où sa suppression.
textdetox@01907546324b0330d2d8b7669648cc18823323e5/fr/004390	fr	1	eh bah ca fais plaisir d avoir un message de toi de si bon matin lol bah écoute je te souhaite une grosse merde pour ton oral et tkt moi aussi je stress grav et je le trac mem devt d gens ke je connais !
textdetox@01907546324b0330d2d8b7669648cc18823323e5/fr/004391	fr	1	LE MONDE T EMMERDE !
textdetox@01907546324b0330d2d8b7669648cc18823323e5/fr/004392	fr	1	Mais apparemment toi trop stupide pour comprendre problème   .
textdetox@01907546324b0330d2d8b7669648cc18823323e5/fr/004393	fr	1	LA FRANCE T EMMERDE !
textdetox@01907546324b0330d2d8b7669648cc18823323e5/fr/004394	fr	1	et ton acolyte aussi Waran18 ! bouffon !
textdetox@01907546324b0330d2d8b7669648cc18823323e5/fr/004395	fr	1	Allez remballe ta tete-à-claque avant que j te fais bouffer ton clavier espèce de suceuse officielle de Wikipédia!
textdetox@01907546324b0330d2d8b7669648cc18823323e5/fr/004396	fr	1	HUNH j aime bien la bagarre et les putes et G baisé ta mere
textdetox@01907546324b0330d2d8b7669648cc18823323e5/fr/004397	fr	1	Certaines autres rumeurs disent même que la CRISSE DE SALOPE DE PUTE ET VACHE DE CRISSE DE MONGOLE ATARDER DE DÉBILE
textdetox@01907546324b0330d2d8b7669648cc18823323e5/fr/004398	fr	1	Alors toi, tu es vraiment un âne...
textdetox@01907546324b0330d2d8b7669648cc18823323e5/fr/004399	fr	1	vous etes des vraisb racailles
textdetox@01907546324b0330d2d8b7669648cc18823323e5/fr/004400	fr	1	n est pas une pute qui tente de se faire du cash à l assemblée nationale.
textdetox@01907546324b0330d2d8b7669648cc18823323e5/fr/004401	fr	1	en temoigne je li ai mis une roste pour qu ils parle a cette enculer de terroriste il ma dit a raconter sarkosie ils a dit avoir menti sur tout les rapport de sitution de mes passage ls faud voir en enquet ca qu a les libert des peinne pour affabulaion du prsident et arrestation arbitraire orchetrer par les juifs ils a ete financer par ceux ci benamara nabil
textdetox@01907546324b0330d2d8b7669648cc18823323e5/fr/004402	fr	1	En réalité vous êtes un profiteur fumiste qui ne connaissez rien à rien.
textdetox@01907546324b0330d2d8b7669648cc18823323e5/fr/004403	fr	1	QUE TU ES UN TROU DU CUL ET QU DEVRAIT
textdetox@01907546324b0330d2d8b7669648cc18823323e5/fr/004404	fr	1	LA FRANCE T EMMERDE !
textdetox@01907546324b0330d2d8b7669648cc18823323e5/fr/004405	fr	1	Vous êtes des petits trous du cul.
textdetox@01907546324b0330d2d8b7669648cc18823323e5/fr/004406	fr	1	Je viendrai chez toi et te tuerai !
textdetox@01907546324b0330d2d8b7669648cc18823323e5/fr/004407	fr	1	Mais merci de confirmer que tu n es venu ici que pour prendre plaisir à m emmerder, Cosmos.
textdetox@01907546324b0330d2d8b7669648cc18823323e5/fr/004408	fr	1	vous m insultez votre  raus  c est un peu comme  dehors connard  et vous ne vous excusez pas.
textdetox@01907546324b0330d2d8b7669648cc18823323e5/fr/004409	fr	1	UN ESCROC DANS VOTRE HABIT D ADMINISTRATEUR !
textdetox@01907546324b0330d2d8b7669648cc18823323e5/fr/004410	fr	1	oui fuck man je pense ke vous meter pas asser de funcking
textdetox@01907546324b0330d2d8b7669648cc18823323e5/fr/004411	fr	1	ES QU UN SALE CONNARD DE MERDE !
textdetox@01907546324b0330d2d8b7669648cc18823323e5/fr/004412	fr	1	Je vous encule tous, vous êtes au service d un dictateur.
textdetox@01907546324b0330d2d8b7669648cc18823323e5/fr/004413	fr	1	ni à me pourrir ma page, parce que vous êtes trop obtus/antinucléaire/attardé pour faire les choses vous même
textdetox@01907546324b0330d2d8b7669648cc18823323e5/fr/004414	fr	1	Votre chien je le prends par derriere(Ouech Tavu) slurp slurp dis a ta femme de me ramener mon slip au fait!je l ait oublié chez toi Salebot(Oueech Taavu?!
textdetox@01907546324b0330d2d8b7669648cc18823323e5/fr/004415	fr	1	Salut Clemou, espèce de gratin de couille de tortue farcie à la merde
textdetox@01907546324b0330d2d8b7669648cc18823323e5/fr/004416	fr	1	JE vais t ENCULER QUE TU SENTIRAS TELLEMENT
textdetox@01907546324b0330d2d8b7669648cc18823323e5/fr/004417	fr	1	Il s agit d un bâtard qui n a pas encore trouvé une place parmi l élite.
textdetox@01907546324b0330d2d8b7669648cc18823323e5/fr/004418	fr	1	je te tuerai gros branleur handicapé des testicules on va te tuer dans ton bain à n5 haures du mat demain.
textdetox@01907546324b0330d2d8b7669648cc18823323e5/fr/004419	fr	1	bloque moi petite bite !
textdetox@01907546324b0330d2d8b7669648cc18823323e5/fr/004420	fr	1	IL MON EJACULER DANS LA BOUCHE SUR MON PENIS ET DANS MES FESSE
textdetox@01907546324b0330d2d8b7669648cc18823323e5/fr/004421	fr	1	Mais branle toué pas trop dans l manche parce qu y va mouiller comme vache qui pisse.
textdetox@01907546324b0330d2d8b7669648cc18823323e5/fr/004422	fr	1	Vous avez des arguments de merde  Permettez moi, vu votre écriture, de douter de votre sincérité !  et ne faite rien avancé.
textdetox@01907546324b0330d2d8b7669648cc18823323e5/fr/004423	fr	1	Par souci du Soleil et de la Lune, Zygarde possédera son cul par son piégeage dans un millier de vagues et de la tuer avec un millier de flèches!
textdetox@01907546324b0330d2d8b7669648cc18823323e5/fr/004424	fr	1	Bonjour, et c est une raison pour écrire Bon mon pote Nike ta mère et suce ma BITE ?
textdetox@01907546324b0330d2d8b7669648cc18823323e5/fr/004425	fr	1	Il est gros moche, même pas bien formaté
textdetox@01907546324b0330d2d8b7669648cc18823323e5/fr/004426	fr	1	Aux chiottes le judaïsme arriéré et criminel !
textdetox@01907546324b0330d2d8b7669648cc18823323e5/fr/004427	fr	1	Ce n est pas une plainte en justice , et la mise en demeure c est loin de ce que vous pensez Allez sale noob efface ma page que l on en termine , montre toi sale sauvage
textdetox@01907546324b0330d2d8b7669648cc18823323e5/fr/004428	fr	1	Héé, t es un gros suce boules mon gars hein.
textdetox@01907546324b0330d2d8b7669648cc18823323e5/fr/004429	fr	1	les  on rapporte que  ni les  rares sources de l époque  ne suffisent à crédibiliser ce  bâtard sans prestige  et son cervelas poitevin.
textdetox@01907546324b0330d2d8b7669648cc18823323e5/fr/004430	fr	1	Va te faire foutre ou je te casse la guele putain de merde.
textdetox@01907546324b0330d2d8b7669648cc18823323e5/fr/004431	fr	1	ES QU UN DEMEURÉ, UN SALE CONNARD !
textdetox@01907546324b0330d2d8b7669648cc18823323e5/fr/004432	fr	1	Ralala, vil censeur fasciste, t as pas honte?
textdetox@01907546324b0330d2d8b7669648cc18823323e5/fr/004433	fr	1	waxto bouf de la merde vie une viede merde
textdetox@01907546324b0330d2d8b7669648cc18823323e5/fr/004434	fr	1	c coneri de merde en + jai envi de chier
textdetox@01907546324b0330d2d8b7669648cc18823323e5/fr/004435	fr	1	et le roi arthure sen alla avec sa putain de mère et son pd de père a la recherche de fils de pute d handicapé de merde
textdetox@01907546324b0330d2d8b7669648cc18823323e5/fr/004436	fr	1	Le nez gaullien et la bite en l air, ces Bourbons ne descendent pas pour rien du vert galant par l escalier de service.
textdetox@01907546324b0330d2d8b7669648cc18823323e5/fr/004437	fr	1	QUE DE LA GUEULE EN DÉFINITIF ZÈT DES TAPETTES...
textdetox@01907546324b0330d2d8b7669648cc18823323e5/fr/004438	fr	1	Je vois que tu crains guère d étaler ta stupidité.
textdetox@01907546324b0330d2d8b7669648cc18823323e5/fr/004439	fr	1	est une pute est ke gla nike grave in bébé saloe popipopi
textdetox@01907546324b0330d2d8b7669648cc18823323e5/fr/004440	fr	1	chiez sur les tombes de vos arrière grands parents.
textdetox@01907546324b0330d2d8b7669648cc18823323e5/fr/004441	fr	1	Tu es soit stupide soit de mauvaise foi...
textdetox@01907546324b0330d2d8b7669648cc18823323e5/fr/004442	fr	1	Réponds-moi tout de suite sinon je demande à mon chien de te mordre.
textdetox@01907546324b0330d2d8b7669648cc18823323e5/fr/004443	fr	1	bloque moi petite bite !
textdetox@01907546324b0330d2d8b7669648cc18823323e5/fr/004444	fr	1	Pute prend un    e    à la fin.
textdetox@01907546324b0330d2d8b7669648cc18823323e5/fr/004445	fr	1	on fait un cul-nu jte baise tu me suce et me branle et en retours je te doigte ...
textdetox@01907546324b0330d2d8b7669648cc18823323e5/fr/004446	fr	1	LA BITE EN LIVE SUR YOUPORN
textdetox@01907546324b0330d2d8b7669648cc18823323e5/fr/004447	fr	1	) je vais voir si nique ta mère existe et la suite bien sûr Los olvidados (discuter)
textdetox@01907546324b0330d2d8b7669648cc18823323e5/fr/004448	fr	1	J t emmerde j suis pas ton chien.
textdetox@01907546324b0330d2d8b7669648cc18823323e5/fr/004449	fr	1	En fait le problème c est que Panam est un gros c... de type psychiatrique napoléonien qui fait une fixette sur Wikipédia.
textdetox@01907546324b0330d2d8b7669648cc18823323e5/fr/004450	fr	1	TARLA SUCK SUCK SUCK SUCK STE SITE
textdetox@01907546324b0330d2d8b7669648cc18823323e5/fr/004451	fr	1	Le jour où tu tu sauras aligner une phrase sans faire de faute, t auras peut-être le droit de la ramener, baltringue.109.14.28.221 (d)
textdetox@01907546324b0330d2d8b7669648cc18823323e5/fr/004452	fr	1	, tu finiras en enfer avec moi (avec pour sanction de corriger indéfiniment mes mauvaises redirections wikipédiennes... )
textdetox@01907546324b0330d2d8b7669648cc18823323e5/fr/004453	fr	1	Ecoutes bien gros blaireau, c est pas parce que 300 guignol dans ton genre ce croit plus malin que les autres que t es intelligent.
textdetox@01907546324b0330d2d8b7669648cc18823323e5/fr/004454	fr	1	Votre blog est merdique !
textdetox@01907546324b0330d2d8b7669648cc18823323e5/fr/004455	fr	1	T es rien qu un gros naze MicroCitron !
textdetox@01907546324b0330d2d8b7669648cc18823323e5/fr/004456	fr	1	vous voulez pas qu on se baise a plein de mecs en même temps, ce serait très très très chaud chaud
textdetox@01907546324b0330d2d8b7669648cc18823323e5/fr/004457	fr	1	Rien n empêcherait de mentionner ce gros con dans l une ou l autre rubrique de l article homophobie, mais en précisant alors qu il s agit tout de même d un cas exceptionnel sur la scène politique belge, même si j ai quelque part une autre citation homophobe de Jean-Marie Dedecker, autre gros con (et également libéral), émise en conseil communal à Ostende en septembre 2003: voir http://www.gaybelgium.be/fr/content/EpyulVVZVFKrZfgksk.shtml Pylambert
textdetox@01907546324b0330d2d8b7669648cc18823323e5/fr/004458	fr	1	Je viendrai chez vous vous tuer et je vous enverrai dans l autre monde !
textdetox@01907546324b0330d2d8b7669648cc18823323e5/fr/004459	fr	1	LA GUEULE, SALE CON.
textdetox@01907546324b0330d2d8b7669648cc18823323e5/fr/004460	fr	1	Votre blog est merdique !
textdetox@01907546324b0330d2d8b7669648cc18823323e5/fr/004461	fr	1	Si je résume les propos du proposant, on doit supprimer l article parce qu il a été créer par un sale con (super argument) et parce qu il n y a pas de source (j en ait vu plusieurs dizaines).
textdetox@01907546324b0330d2d8b7669648cc18823323e5/fr/004462	fr	1	J ai lu un peu au dessus que tu étais prêt à bouffer    tes    b...si HC était devenu administrateur.
textdetox@01907546324b0330d2d8b7669648cc18823323e5/fr/004463	fr	1	Et FLOFLO, je voulais juste te dire que je te pisse sur ta face de PD et que ta mère est une putain qui pompe et avale le sperme des africains !
textdetox@01907546324b0330d2d8b7669648cc18823323e5/fr/004464	fr	1	mais vou ete telement atardé que mm mon ti couzin arive a dejouer vo blocage grotesk...
textdetox@01907546324b0330d2d8b7669648cc18823323e5/fr/004465	fr	1	Au lieu d écrire de la merde vérifie tes sources comme il se doit, les chauxois sont les habitants de chaux (90330).
textdetox@01907546324b0330d2d8b7669648cc18823323e5/fr/004466	fr	1	T es vraiment un autiste
textdetox@01907546324b0330d2d8b7669648cc18823323e5/fr/004467	fr	1	Occupe-toi de ta sale tête de rat, et retour chez ta mère.
textdetox@01907546324b0330d2d8b7669648cc18823323e5/fr/004468	fr	1	Le blocage pour 24 heures n est pas assez car je répète que soit ce mec ne sais pas lire soit c est un crétin.
textdetox@01907546324b0330d2d8b7669648cc18823323e5/fr/004469	fr	1	voila ma bite pleine de spots de fordyce la boule dans le cadre c est le resultat d une manip de jeunesse et j ai vite compris que c etait pas grave quand j ai vu un poil sortir alors que je venai de me discequer la logique messieurs j avai la figure pleine de spots et la aussi des poils sortaient je me suis di que c etai le meme phénomène et j ai fait ma vie sexuelle que je continue de toute façon c etai pas les grain qui me genaient moi c etait la taille du membre qui me bloquait puis ma premiere fois fut un scandale de peur injustifiée la fille m a sucé et je n arrivai pas à bander de peur qu elle les voit ça à duré deux ans puis un jour de sexe sieste elle m examinai et j ai alors dit:je sai pas ce que c est elle m a dit: de quoi tu parle? grillé que j étai j ai tout dit et elle m a dit qu elle croyai que c était des zones érogènes genre clito ensuite elle me les à tous vidés de leur sebum avec ses ongles et elle m a sucé comme quoi les femmes sont surprenantes
textdetox@01907546324b0330d2d8b7669648cc18823323e5/fr/004470	fr	1	QUE TU ES PD ET IL SE TROUVE QUE JE N AIME PAS LES PD ALORS TU AURA
textdetox@01907546324b0330d2d8b7669648cc18823323e5/fr/004471	fr	1	est toi le PD!
textdetox@01907546324b0330d2d8b7669648cc18823323e5/fr/004472	fr	1	va te faire foutre!
textdetox@01907546324b0330d2d8b7669648cc18823323e5/fr/004473	fr	1	Je ne vous donne pas une heure avant d être bloqué avec de pareilles imbécilités.
textdetox@01907546324b0330d2d8b7669648cc18823323e5/fr/004474	fr	1	Un petit con (ou une petit conne, ne soyons pas sexiste) avait modifié le modèle et avait mis Berlaimontois en dur.
textdetox@01907546324b0330d2d8b7669648cc18823323e5/fr/004475	fr	1	Tous les Gudards ou ex-rats noirs ne cherchent point à se convertir à l Islam.
textdetox@01907546324b0330d2d8b7669648cc18823323e5/fr/004476	fr	1	Je vous laisse avec vos prises de décision pro-fâcheux, l ambiance de merde digne des pires forums et vos calamars gluants.
textdetox@01907546324b0330d2d8b7669648cc18823323e5/fr/004477	fr	1	Je t avais pourtant dit d arrêter ça salopard.
textdetox@01907546324b0330d2d8b7669648cc18823323e5/fr/004478	fr	1	Je suis le vandale Sulandav et je vais tout défoncer je baise les chattes!
textdetox@01907546324b0330d2d8b7669648cc18823323e5/fr/004479	fr	1	Tu touche pas à ça avec moi, ça fait jeter, si tu veux jeter ça, je vais te violer dans ta bouche, je vais te violer dans ta putains de bouche en voyer.
textdetox@01907546324b0330d2d8b7669648cc18823323e5/fr/004480	fr	1	Votre blog est merdique !
textdetox@01907546324b0330d2d8b7669648cc18823323e5/fr/004481	fr	1	Vous êtes autant des FDP que ces bâtards de Diderot qui prétendaient rassembler L ENSEMBLE du savoir et des connaissances des sciences, des arts et des métiers dans UN SEUL bouquin.
textdetox@01907546324b0330d2d8b7669648cc18823323e5/fr/004482	fr	1	Il viendra te punir infidèle que tu es !
textdetox@01907546324b0330d2d8b7669648cc18823323e5/fr/004483	fr	1	Remets mon article sur les putes de la cité !!!!
textdetox@01907546324b0330d2d8b7669648cc18823323e5/fr/004484	fr	1	VA AU DIABLE, SALE
textdetox@01907546324b0330d2d8b7669648cc18823323e5/fr/004485	fr	1	, je t apprécie mais ce f...ge de g...
textdetox@01907546324b0330d2d8b7669648cc18823323e5/fr/004486	fr	1	wikt:imbécile Croire sans preuves, c est bien être incapable de tenir un raisonnement ça relève de l imbécillité, un point c est tout.
textdetox@01907546324b0330d2d8b7669648cc18823323e5/fr/004487	fr	1	QUE TU ES UN TROU DU CUL ET QU ON DEVRAIT
textdetox@01907546324b0330d2d8b7669648cc18823323e5/fr/004488	fr	1	Votre blog est merdique !
textdetox@01907546324b0330d2d8b7669648cc18823323e5/fr/004489	fr	1	Dans mon dico sur les patronymes gascons que vois-je ?   Éberhard / Ébrard  , alors que ça vient du germanique, ah vraiment trop nul ce Michel Grosclaude.
textdetox@01907546324b0330d2d8b7669648cc18823323e5/fr/004490	fr	1	Je tiens a saluer les fils de chien qui m ont bloqué l accès à ce site qui est, soit dit en passant, nul à chier.
textdetox@01907546324b0330d2d8b7669648cc18823323e5/fr/004491	fr	1	, j ai envie de toucher les seins de Marianne Casamance.
textdetox@01907546324b0330d2d8b7669648cc18823323e5/fr/004492	fr	1	Votre blog est merdique !
textdetox@01907546324b0330d2d8b7669648cc18823323e5/fr/004493	fr	1	Va retourner te toucher et après on recause.
textdetox@01907546324b0330d2d8b7669648cc18823323e5/fr/004494	fr	1	Va te faire enculer ptite merde allé je barre marre de voir vos gueule de merde allé adiosse les kid haha mdr lol
textdetox@01907546324b0330d2d8b7669648cc18823323e5/fr/004495	fr	1	J espère que vous profiterez de cette période pour apprendre à ne pas jurer des ignominies sur un livre saint et à respecter autrui  tu parle sal tarlouze va jt di toi jtatrpae je nike ta mer la pute sal boufon
textdetox@01907546324b0330d2d8b7669648cc18823323e5/fr/004496	fr	1	Ou alors il est complétement débile !
textdetox@01907546324b0330d2d8b7669648cc18823323e5/fr/004497	fr	1	Tu es là pour faire chier le monde.
textdetox@01907546324b0330d2d8b7669648cc18823323e5/fr/004498	fr	1	je ne vous oublie pas je pense mal a vous mais vous me mnquer trop c est pour ca que les medicament interdit prennent le desssus vouc=s vous interecer qu a l argent et vous ma vez baiser la geule avec votre famille imaginnaire
textdetox@01907546324b0330d2d8b7669648cc18823323e5/fr/004499	fr	1	Tcho Ludo Bureau des réclamations   Hein, Mouche à merde ?
textdetox@01907546324b0330d2d8b7669648cc18823323e5/fr/004500	fr	1	Encore un    Wikiemmerdeur    qui fait une procédure abusive, et d ailleurs, ce n  est apparemment pas la première fois de sa part.
textdetox@01907546324b0330d2d8b7669648cc18823323e5/fr/004501	fr	1	Fourniret EST un tueur et violeur en série !
textdetox@01907546324b0330d2d8b7669648cc18823323e5/fr/004502	fr	1	allo gros tas de merde, tu devrais enculer une mouche même si tu es une fille...
textdetox@01907546324b0330d2d8b7669648cc18823323e5/fr/004503	fr	1	ta mere suce la encule la va te fais tatouer le bite a desoler ten a pas
textdetox@01907546324b0330d2d8b7669648cc18823323e5/fr/004504	fr	1	Allez tous vous faire enculer par Rogel
textdetox@01907546324b0330d2d8b7669648cc18823323e5/fr/004505	fr	1	14.136.219.161 (discuter)  Vas te faire encule!
textdetox@01907546324b0330d2d8b7669648cc18823323e5/fr/004506	fr	1	194.199.77.51 (d)    ESPECE DE CON TU SAIS
textdetox@01907546324b0330d2d8b7669648cc18823323e5/fr/004507	fr	1	En gros, je tiens à dire que vous êtes tous des PD, fils de pute, enculé, gros con, des marsoul, des connards, etc...
textdetox@01907546324b0330d2d8b7669648cc18823323e5/fr/004508	fr	1	ET SUR MON PENIS !
textdetox@01907546324b0330d2d8b7669648cc18823323e5/fr/004509	fr	1	Va te faire sucer.
textdetox@01907546324b0330d2d8b7669648cc18823323e5/fr/004510	fr	1	Mais bon, venant d un abruti comme toi ... L importance donnée à ces plaisanteries n est pas le fruit du hasard, mais le signe que Wikipédia est malheureusement utilisé par certains pour attiser le sentiment anti-américain et le rendre légitime car il répondrait à un pseudo large sentiment anti-français aux États Unis.
textdetox@01907546324b0330d2d8b7669648cc18823323e5/fr/004511	fr	1	p pas être habillé mince comme d la peau d pet, va faire un tour e  t calmer l pompon pis va t bourrer  a fraise la gueule fendue jusqu aux oreilles.
textdetox@01907546324b0330d2d8b7669648cc18823323e5/fr/004512	fr	1	est le maitre du mo,de bedouin est une grosse catin qui aime les sodomies et les gros porc alors moi jdit VIVE
textdetox@01907546324b0330d2d8b7669648cc18823323e5/fr/004513	fr	1	Il est aussi vaguement GAYYYYY grosse ENCULÉ DE TA RACE !!
textdetox@01907546324b0330d2d8b7669648cc18823323e5/fr/004514	fr	1	Bonjour, 88.187.174.196, La page        que vous avez créée vient d être supprimée par l administrateur Fm790 avec le commentaire «   Bac à sable, test de débutant : contenait avant blanchiment « LAURALIE EST UNE SALE PUTE!!!!!!!!!!!!!!!!!!!!!!!!!!!!!!!!!!!!!!!!!!!!!!!!!!!!!!!!!!!!!!!!!!!!!!!!!!!!!!!!!!!!!!!!!!!!!!!!!!!!!!!!!!!!!!!!!!!!!!!!!!!!!!!!!!!!!!!!!!!!!!!!!!!!!!!!!!!!!!c est une pppppppppppppppppppppppp... »   ».
textdetox@01907546324b0330d2d8b7669648cc18823323e5/fr/004515	fr	1	c est un sale con et on va l attraper croyez-moi, je suis pas inspecteur pour rien
textdetox@01907546324b0330d2d8b7669648cc18823323e5/fr/004516	fr	1	Dans la citation  在日ちょん、シナ人、日教組集団死ね！  à aucun endroit il n est marqué   Bandes de connards  ou  gauchistes .
textdetox@01907546324b0330d2d8b7669648cc18823323e5/fr/004517	fr	1	Le gros est laid il suce ta mere tout les criss de jour
textdetox@01907546324b0330d2d8b7669648cc18823323e5/fr/004518	fr	1	conar sale chien fils de .... va n... ta mere
textdetox@01907546324b0330d2d8b7669648cc18823323e5/fr/004519	fr	1	Putain mais l autre il est con ou il le fait exprès, je viens de lui mettre ma source en lien et l autre il me sort  pas de source... .
textdetox@01907546324b0330d2d8b7669648cc18823323e5/fr/004520	fr	1	petit frustrer du net, imbécile heureux, espece d ordure, espece d ostrogoth, goth, wisigoth, vandale, barbare, espece d enflure, pourriture, confiture de fraise, petit roquet, gaulois, etc..., etc..., etc.... marre, marre, marre!   
textdetox@01907546324b0330d2d8b7669648cc18823323e5/fr/004521	fr	1	Le seul pénible que je vois ici c est toi.
textdetox@01907546324b0330d2d8b7669648cc18823323e5/fr/004522	fr	1	Oh ducon tu vas t arrêter avec ton Mauraud ou il faut que je te casse la gueule, pov con ?
textdetox@01907546324b0330d2d8b7669648cc18823323e5/fr/004523	fr	1	VOUS ETES TOUS DES GROS CONNARDS
textdetox@01907546324b0330d2d8b7669648cc18823323e5/fr/004524	fr	1	à toi Agamitsudo, tu as violé
textdetox@01907546324b0330d2d8b7669648cc18823323e5/fr/004525	fr	1	bloque moi petite bite !
textdetox@01907546324b0330d2d8b7669648cc18823323e5/fr/004526	fr	1	On vous a déjà dit qu il fallait jamais laisser une adresse mail sur Internet où tout le monde peut vous tracer, bande de demeurés ?
textdetox@01907546324b0330d2d8b7669648cc18823323e5/fr/004527	fr	1	Arrête de te foutre de ma gueule stp.
textdetox@01907546324b0330d2d8b7669648cc18823323e5/fr/004528	fr	1	Message posté par Enyegue (d)  Va te fer foutre pd de ta race prostitué de lyceen fils de pute lopette enculé enfoiré connard mon article était parfait Si tu ve te battre vien me voir croqueur de chattes!
textdetox@01907546324b0330d2d8b7669648cc18823323e5/fr/004529	fr	1	Tu peux te les carrer AU CUL.
textdetox@01907546324b0330d2d8b7669648cc18823323e5/fr/004530	fr	1	une équation simple la seule équation pour se guider dans l’univers mais pour y aller c 1 velo(archimede et c cercle) bande de con et c moi qui le dit david faugoo mediocre fan d Archimede
textdetox@01907546324b0330d2d8b7669648cc18823323e5/fr/004531	fr	1	Votre blog est merdique !
textdetox@01907546324b0330d2d8b7669648cc18823323e5/fr/004532	fr	1	fak atache ta tuque avec dla broche pasque tu va m haire en tabarnak fuck wikipédia, mo tuer toute les admin, aurévilly, té tarla rare.
textdetox@01907546324b0330d2d8b7669648cc18823323e5/fr/004533	fr	1	Votre blog est merdique !
textdetox@01907546324b0330d2d8b7669648cc18823323e5/fr/004534	fr	1	ta mère m a sucé hier soir et je voulais te faire l honneur de vandaliser des pages , ensuite ton père est aussi passé sous le bureau donc je voulais qu il recommence , et enfin pour finir je me suis fait sucé par tout les membres de ta famille y compris ton chien , ton chat et ton poisson rouge qui est l être le plus proche de toi vu ton QI négatif , et nettement inférieur au mien.
textdetox@01907546324b0330d2d8b7669648cc18823323e5/fr/004535	fr	1	Pauvre cervelle à la dérive..
textdetox@01907546324b0330d2d8b7669648cc18823323e5/fr/004536	fr	1	Tu es sûrement la personne la plus détestable que j ai rencontré sur WP.
textdetox@01907546324b0330d2d8b7669648cc18823323e5/fr/004537	fr	1	...)   votre impolitesse   (...)   on (c est un con)   (...)   Je me demande comment vous avez été élevé  .
textdetox@01907546324b0330d2d8b7669648cc18823323e5/fr/004538	fr	1	Il ne mérite pas d en arriver là, là je suis certains que ces enculés se marrent et moquent de lui parce qu il n en pouvait plus et qu il a abandonné.
textdetox@01907546324b0330d2d8b7669648cc18823323e5/fr/004539	fr	1	bloque moi petite bite !
textdetox@01907546324b0330d2d8b7669648cc18823323e5/fr/004540	fr	1	T est qu un sale connard de juif, fils de pute!
textdetox@01907546324b0330d2d8b7669648cc18823323e5/fr/004541	fr	1	Allez vous faire tous enculer bande de batards de merde!
textdetox@01907546324b0330d2d8b7669648cc18823323e5/fr/004542	fr	1	marcel baumgart est née a Rouffach le 40 décembre 1999 et décédé le 45 juillet 1958 et il est drogué au faite les enfants ne l approcher pas il est pédophile, zoophile,nécrophile
textdetox@01907546324b0330d2d8b7669648cc18823323e5/fr/004543	fr	1	t est un vrai con on devrais te mettre à la porte tu enmerdes tout le monde.
textdetox@01907546324b0330d2d8b7669648cc18823323e5/fr/004544	fr	1	On te coupes la tête et on te chie dans le cou!
textdetox@01907546324b0330d2d8b7669648cc18823323e5/fr/004545	fr	1	TABARNAK QUE JAI LE PENIS QUI
textdetox@01907546324b0330d2d8b7669648cc18823323e5/fr/004546	fr	1	TU EMMERDES LE MONDE !
textdetox@01907546324b0330d2d8b7669648cc18823323e5/fr/004547	fr	1	au maroc les sales arabes ici envoyer nos des kalachnikoves pour detruire ces parasites depuis mohamed 6 jusqu a le dernier bébé ou foetus au embrillon au ventre de sa maman vive tamazighte vive les berbéres vive la kabylie vive le chanteur kabyle
textdetox@01907546324b0330d2d8b7669648cc18823323e5/fr/004548	fr	1	Sale Forézien de me.rde, si tu reviens faire le malin ici, on descend dans ton village pourri et on t explose la figure.
textdetox@01907546324b0330d2d8b7669648cc18823323e5/fr/004549	fr	1	Continues de m insulter moi je vais te signaler j en ai marre des guignols dans ton genre.
textdetox@01907546324b0330d2d8b7669648cc18823323e5/fr/004550	fr	1	DONNAT UN BISCUIT, CRISS DE MODERATEUR JUIF DE MARDE...ARRETE DE SUPPRIMER MES CALISS DE TEXTE
textdetox@01907546324b0330d2d8b7669648cc18823323e5/fr/004551	fr	1	Il faut donc que  Yugiz , cesse de faire du zèle de pseudo-administrateur, car à force de faire le fayot, on finit toujours par vouloir péter plus que son cul.
textdetox@01907546324b0330d2d8b7669648cc18823323e5/fr/004552	fr	1	bloque moi petite bite !
textdetox@01907546324b0330d2d8b7669648cc18823323e5/fr/004553	fr	1	Vous êtes un mufle et un vandale, Monsieur.
textdetox@01907546324b0330d2d8b7669648cc18823323e5/fr/004554	fr	1	Nettoyer toute cette merde au Karscher.
textdetox@01907546324b0330d2d8b7669648cc18823323e5/fr/004555	fr	1	Les culs bénis de sacristies intégristes et autres salafistes, non merci.
textdetox@01907546324b0330d2d8b7669648cc18823323e5/fr/004556	fr	1	Vous n avez aucune autorité, vous n avez été jusqu ici que serpillière de quelques fachoïdes crépusculaires.
textdetox@01907546324b0330d2d8b7669648cc18823323e5/fr/004557	fr	1	Ras le bol des CONS minables qui ne connaissent rien de leurs origines et qui rédigent sans arrêt des Conneries dans ce wikipédia de propagande.
textdetox@01907546324b0330d2d8b7669648cc18823323e5/fr/004558	fr	1	allez supprimez et effacez TOUTES mes IP, TOUS mes PSEUDOS, TOUTES mes contributions et je vous laisserai nager tranquilles dans vos déjections locales !
textdetox@01907546324b0330d2d8b7669648cc18823323e5/fr/004559	fr	1	Recommence à effacer les discustions et tu as mon poing sur ta gueulle !
textdetox@01907546324b0330d2d8b7669648cc18823323e5/fr/004560	fr	1	, ceux qui n utilisent pas le bidet sillonnent l’Europe avec leur gros cul.
textdetox@01907546324b0330d2d8b7669648cc18823323e5/fr/004561	fr	1	Les xenophobes c est de la merde
textdetox@01907546324b0330d2d8b7669648cc18823323e5/fr/004562	fr	1	Pour moi, tu es un sale connard, un enculé.
textdetox@01907546324b0330d2d8b7669648cc18823323e5/fr/004563	fr	1	Les Islamistes radicaux ne sont qu une bande de porcs degenerés!!
textdetox@01907546324b0330d2d8b7669648cc18823323e5/fr/004564	fr	1	Il parait qu il y a un con de merdeux en 3ème qui jouait au billard et qui a demander à un 6ème de lui passer sa veste, donc le 6ème ne voulait pas mais le 3ème lui à pris des mains et il à essuyé son baton de billard avec la veste du 6ème. ( C est un con )
textdetox@01907546324b0330d2d8b7669648cc18823323e5/fr/004565	fr	1	Viens dans ma cave, avec tes chats et une vingtaine de camionneurs vont te gang-bang, tu restera marquée à vie.
textdetox@01907546324b0330d2d8b7669648cc18823323e5/fr/004566	fr	1	C est à se tirer une balle dans la tête.
textdetox@01907546324b0330d2d8b7669648cc18823323e5/fr/004567	fr	1	pour me dis ske g a faire ta race avec ton dernier avertissmen de merd ok
textdetox@01907546324b0330d2d8b7669648cc18823323e5/fr/004568	fr	1	Ils tenaient a vous dire qu ils vous  emmerde , qu ils ne sont  pas une boite de production, on est pas des racoleur de fric mais des revolutionair de l image libre a la pretention inégalable!  et qu ils n en n ont  rien a foutre d etre dans WP ou pas, puis si ca peu faire plaisir a un petit branleur qui ferais mieux parfois de ravaler son violon!  
textdetox@01907546324b0330d2d8b7669648cc18823323e5/fr/004569	fr	1	est une grosse pute je suis sur que son marie s est chreque.
textdetox@01907546324b0330d2d8b7669648cc18823323e5/fr/004570	fr	1	Toi, le masturbateur fou du grand nord, on ne t a pas causé, ris d abord de ton existence qui parait bien vide!Bob67
textdetox@01907546324b0330d2d8b7669648cc18823323e5/fr/004571	fr	1	et la chatte a t mere, elle y est sur la toile, ou elle existe pas?pas de sources verifiables, hein?
textdetox@01907546324b0330d2d8b7669648cc18823323e5/fr/004572	fr	1	J ai un VPN ultra-puissant, j me co reco quand je veux et finir t harceler et t insulter h24 petit zizi va.
textdetox@01907546324b0330d2d8b7669648cc18823323e5/fr/004573	fr	1	est quoi ce bordel que vous foutez bande de naze sur la page, on n y comprends plus rien, allez donc vous chouter ailleurs bande de narvallos, et touchez donc a vos culs au lieu de toucher a la page !
textdetox@01907546324b0330d2d8b7669648cc18823323e5/fr/004574	fr	1	Tu n es qu un pauvre con.
textdetox@01907546324b0330d2d8b7669648cc18823323e5/fr/004575	fr	1	sale troll, je sais que tu trembles de peur en ce moment, car tu es un faux jeton ;) tu es meme pas un homme, tu es une sous merde, quand ta mere a accouche de toi, elle a mis 9 mois avant de sortir la grosse merde que tu es.
textdetox@01907546324b0330d2d8b7669648cc18823323e5/fr/004576	fr	1	Toi , tu n es qu une crapule hitléro-trotskiste pour m avoir banni.
textdetox@01907546324b0330d2d8b7669648cc18823323e5/fr/004577	fr	1	se sa pd de sa mere de fils de put de battard de sa petite bite ke sa chate ou sa moule ki sens le putois de la grosse mere a mikael etienne de sa sala guelle de merde comme la superstar du catch carlito
textdetox@01907546324b0330d2d8b7669648cc18823323e5/fr/004578	fr	1	Libre, espèce de petit con
textdetox@01907546324b0330d2d8b7669648cc18823323e5/fr/004579	fr	1	tu es casse cou***es les liens sont importants et ils sont en rapport avec le sujet du fait que ce soit des label qui ai colaboré avec ce festival,
textdetox@01907546324b0330d2d8b7669648cc18823323e5/fr/004580	fr	1	Quant aux boites de camembert c est justement parce que Bernard Martin est  autre  dans la communauté des wikipédiens qu il ne fait pas d article là dessus alors qu au quotidien il emmerde le monde avec ses boites qui puent !!!
textdetox@01907546324b0330d2d8b7669648cc18823323e5/fr/004581	fr	1	LA DANS LE CUL OU DANS LA CHATTE
textdetox@01907546324b0330d2d8b7669648cc18823323e5/fr/004582	fr	1	MORT A CES PORCS.
textdetox@01907546324b0330d2d8b7669648cc18823323e5/fr/004583	fr	1	Où vois-tu que cette  connerie gauchiste  est tolérée ?
textdetox@01907546324b0330d2d8b7669648cc18823323e5/fr/004584	fr	1	VOUS FAIRE FOUTRE, BANDE DE CONARDS !
textdetox@01907546324b0330d2d8b7669648cc18823323e5/fr/004585	fr	1	Pourquoi ne vas tu pas humer à plein poumon l’intérieur du cul d’une ravissante vache à lait ?
textdetox@01907546324b0330d2d8b7669648cc18823323e5/fr/004586	fr	1	Alors t aime ca suprimmay ce ke jay fait, va chiay, j baysie la politesse et ta femme (bien que je doute que tu en ai une).
textdetox@01907546324b0330d2d8b7669648cc18823323e5/fr/004587	fr	1	Pourquoi pas, et l autre idiot qui a défait la page avec ses   4 sucres d orges   n as vraiment aucun respect pour rien du tout ...
textdetox@01907546324b0330d2d8b7669648cc18823323e5/fr/004588	fr	1	Salebot a annulé votre modification sur Putain de bordel de merde de bite au cul de brin qui fait chier des crottes puantes dégueulasses, je vais te niquer ta mère par sodomie la grosse vache folle !
textdetox@01907546324b0330d2d8b7669648cc18823323e5/fr/004589	fr	1	Ces tapettes n ont qu à aller se faire enculer !
textdetox@01907546324b0330d2d8b7669648cc18823323e5/fr/004590	fr	1	Est-ce qu être juif donne le droit d être un connard homophobe et intolérant ?
textdetox@01907546324b0330d2d8b7669648cc18823323e5/fr/004591	fr	1	Je ne suis pas raciste madame l admin qui sort bêtement de ses gonds ) ridicule dame avec votre misérable pouvoir qui vous ennorgueillit et qui me pourrit la vie!!!
textdetox@01907546324b0330d2d8b7669648cc18823323e5/fr/004592	fr	1	?    il faut le faire taire    , cet    Africain de merde    ???
textdetox@01907546324b0330d2d8b7669648cc18823323e5/fr/004593	fr	1	Sa sent tu bon votre marde ?
textdetox@01907546324b0330d2d8b7669648cc18823323e5/fr/004594	fr	1	Espèce de mange merde, toi tu as une page de merde et on te la  supprime pas donc mange mes couilles et arrête de supprimer la page de mon idole elle me tient à coeur Salutation
textdetox@01907546324b0330d2d8b7669648cc18823323e5/fr/004595	fr	1	On S entend pour dire que on a plein d poils dans la vie , surtout quand je machais le pénis de jean roger, et que je me rammassais avec plein de poils entre les dents
textdetox@01907546324b0330d2d8b7669648cc18823323e5/fr/004596	fr	1	ta un probleme avec une personne qui a une histoire par rapport a toi alors je vai réecrire l article et le prochain kil le supprime c un virus dans sa geule
textdetox@01907546324b0330d2d8b7669648cc18823323e5/fr/004597	fr	1	A 20 ans il était con et maintenant qu il est chez les vieux qu ont d l âge, il est toujours con.
textdetox@01907546324b0330d2d8b7669648cc18823323e5/fr/004598	fr	1	Si vous ne voulez pas que la FRANCE & BRETAGNE meurent idiotes, noyées sous ses tonnes de lisiers ou mythes écrits par des imbéciles ignares.
textdetox@01907546324b0330d2d8b7669648cc18823323e5/fr/004599	fr	1	Quel *** ce type...  Encore un qui doit avoir un problème freudien (en fait, il t imagine semblable à lui-même, et ne se supportant pas, il fait une projection sur toi de ses pulsions refoulées )
textdetox@01907546324b0330d2d8b7669648cc18823323e5/fr/004600	fr	1	ton cu la prochaiine foiis !!
textdetox@01907546324b0330d2d8b7669648cc18823323e5/fr/004601	fr	1	vous êtes justes une gang de tro* de c*l sur wikipédia alors ferme ta gue*le et ban mais.
textdetox@01907546324b0330d2d8b7669648cc18823323e5/fr/004602	fr	1	Vous avez vraiment une bande de joyeux guignols à wikipédia !
textdetox@01907546324b0330d2d8b7669648cc18823323e5/fr/004603	fr	1	jessica est une grosse pute tres chaude que tous le monde a envie de baize sete
textdetox@01907546324b0330d2d8b7669648cc18823323e5/fr/004604	fr	1	Alors il s en alla avec sa copine dans les bois pour la baiser une fois derriere un arbre il la prend et la baise et apres elle jouit de toute ses forxce
textdetox@01907546324b0330d2d8b7669648cc18823323e5/fr/004605	fr	1	T es une merde.
textdetox@01907546324b0330d2d8b7669648cc18823323e5/fr/004606	fr	1	T Q UNE SOUS MERDE, PETITE CACA.
textdetox@01907546324b0330d2d8b7669648cc18823323e5/fr/004607	fr	1	en ai rien a faire que tu supprime le compte je vais te dire Une bonne fois pour toute tu sais se qu il te dit DE LA LOMBERTIE je t emmerde et va te faire enkuler
textdetox@01907546324b0330d2d8b7669648cc18823323e5/fr/004608	fr	1	On peut désormais la surnommé LA GROSSE CONNASSE.
textdetox@01907546324b0330d2d8b7669648cc18823323e5/fr/004609	fr	1	Je suce,tu suces,il suce,nous suçons,vous sucez,ils sucent de la part de Jérome Bodi 90.1.206.230 (d)
textdetox@01907546324b0330d2d8b7669648cc18823323e5/fr/004610	fr	1	Il y a un connard de petit propagandiste sans culture de merde au pseudo de en:user:
textdetox@01907546324b0330d2d8b7669648cc18823323e5/fr/004611	fr	1	Autre question, qui sur terre est assez con pour écrire une telle connerie (à moins qu il souhaite se vanter de savoir ce que c est) ?
textdetox@01907546324b0330d2d8b7669648cc18823323e5/fr/004612	fr	1	, alors vous allez tous fermez vos gueules et lire mon article à moi !!
textdetox@01907546324b0330d2d8b7669648cc18823323e5/fr/004613	fr	1	c est qui le connard quia rediriger la page de tala Athmane ici, bordel de merde, tous les village ont leur propre article et pas le mien, vous aver suprimer plus de 80% de l article, restituez le, sinnon ça va merder grave!!
textdetox@01907546324b0330d2d8b7669648cc18823323e5/fr/004614	fr	1	T es une sous-merde.
textdetox@01907546324b0330d2d8b7669648cc18823323e5/fr/004615	fr	1	vous on se fait chier en allemand yolo ma gueule
textdetox@01907546324b0330d2d8b7669648cc18823323e5/fr/004616	fr	1	que vous ne voulez pas bouffer les nichons fermes et doux de cette garce d Eva Green !
textdetox@01907546324b0330d2d8b7669648cc18823323e5/fr/004617	fr	1	vous êtes tous incroyable tant stupide qu idiot je croyez que de nos jours les gens étaient moins borné comme vous.
textdetox@01907546324b0330d2d8b7669648cc18823323e5/fr/004618	fr	1	Alors tu fais moins le malin là, faut pas chier dans ton froc petit, heureusement pour toi t es derrière ton ordinateur p j aimerais bien savoir ce que tu fais commee sport à mon avis ça doit être plus proche d une salle de danse classique que d un terrain de rugby ptite tarlouze allez débloque moi ou dégage et dans ce cas là dis le moi que je contourne ptite pédale douce.
textdetox@01907546324b0330d2d8b7669648cc18823323e5/fr/004619	fr	1	Étape 3:Rentrer morceau par morceau les bouts d ordinateur dans votre cul.
textdetox@01907546324b0330d2d8b7669648cc18823323e5/fr/004620	fr	1	Hé la pétasse t as tes menstruations ?
textdetox@01907546324b0330d2d8b7669648cc18823323e5/fr/004621	fr	1	Laszlo (d)  quelle wiki love épatant    bande de  paumés     (je rajouterais bien bande de haricots moisis à toi seul Seawind ) Leslib (d)    Tu peux t abstenir de  bande de paumés  et d autres nom d oiseau.
textdetox@01907546324b0330d2d8b7669648cc18823323e5/fr/004622	fr	1	Mon article traite d un concept de SF, il ne mélange certainement pas la SF et la science et je me demande franchement si tu es un imbécile ou un malfaisant.
textdetox@01907546324b0330d2d8b7669648cc18823323e5/fr/004623	fr	1	ET ELLE ME SUCE.
textdetox@01907546324b0330d2d8b7669648cc18823323e5/fr/004624	fr	1	mais tu ne sais meme pas ou j habite.en deux mots l expression du gouvernement me tarde et j ai besoin de vivre longtemps encore CONNARD de sarko car je sais qu en disant sarko g droit en ten et en eur au flikage internet qui né plu qune nenet quon agite pour te fair croire et ca cest pas lintifada qui te lenvoi ni la grip avier cest le francais de base qui na pa de blem avec les comunauté urbaine yen a mar de leur connerie a ces politicar
textdetox@01907546324b0330d2d8b7669648cc18823323e5/fr/004625	fr	1	T est qu un salopard et tes fils seront des salauds!
textdetox@01907546324b0330d2d8b7669648cc18823323e5/fr/004626	fr	1	pourquoi tu as supprimés mon article, il y en a des tellement plus bête sur Wikipédia alors, je me pose la question est-ce juste une envie de montrer ta supériorité car tu es un administrateur ou est-ce juste parce que tu es un chieur ?
textdetox@01907546324b0330d2d8b7669648cc18823323e5/fr/004627	fr	1	Vous êtes débile ou quoi, on supprime pas un truc sans raison !
textdetox@01907546324b0330d2d8b7669648cc18823323e5/fr/004628	fr	1	le genre de merdes qu on peut trouver sur wikipédia, en:List_of_Christian_Nobel_laureates, mais après bien sûr c est les contributeurs progressistes/athées/de gauche qu il faut bloquer !
textdetox@01907546324b0330d2d8b7669648cc18823323e5/fr/004629	fr	1	Je comprends mieux que toi, et tu es une idiote de faire des menaces en l air, il n y a pas de modérateurs sur Wikipédia.
textdetox@01907546324b0330d2d8b7669648cc18823323e5/fr/004630	fr	1	Si les contributeurs sont des crétins dont on peut se payer la tête en ricanant d un air supérieur, avec des pseudo-raisonnements qui ne tromperaient pas un enfant de dix ans, personne n oblige ces prétendus esprits supérieurs à rester sur wp.
textdetox@01907546324b0330d2d8b7669648cc18823323e5/fr/004631	fr	1	t es vraiment qu un sale trou du fion de m envoyer ce type de message pauvre naze, abruti de premiere, vas te faire foutre, rien à branler de wiki.
textdetox@01907546324b0330d2d8b7669648cc18823323e5/fr/004632	fr	1	Vo Chier Toi Qui Pense n importe de quoi de Simple Plan...
textdetox@01907546324b0330d2d8b7669648cc18823323e5/fr/004633	fr	1	Car tu es un tocard ainsi que tes parents.
textdetox@01907546324b0330d2d8b7669648cc18823323e5/fr/004634	fr	1	MA BITTE FILS DE PUTE DE TOUTES
textdetox@01907546324b0330d2d8b7669648cc18823323e5/fr/004635	fr	1	Si l année prochaine ils remettent à une actrice un  Gérard de la pute qui baise son producteur pour tourner dans un film, oui oui c est une pute et une traînée  (exemple volontairement   gros  ), tu te sentiras l âme de l ajouter ?
textdetox@01907546324b0330d2d8b7669648cc18823323e5/fr/004636	fr	1	Vous, les administrateurs de Wikipédia, creverez dans votre stupidité, tués par les memes armes que vous utilisez vous meme au nom de la démocratie, bande de rats soumis!
textdetox@01907546324b0330d2d8b7669648cc18823323e5/fr/004637	fr	1	les byzantins sont crétins, les chinois sont stupides, les turcologues sont pan-turcs!!!
textdetox@01907546324b0330d2d8b7669648cc18823323e5/fr/004638	fr	1	violé par des adultes, et votre réaction au journaux nationaux me donne juste envi de vomir, je ne pense pas avoir une réponse de votre part, mais j espère juste qu un jour un de vos enfants ou de vos petits enfants se fassent violés par un de vos amis adultes et peut-être dans le milieu du cinéma,avec toutes mes considérations non distinguées
textdetox@01907546324b0330d2d8b7669648cc18823323e5/fr/004639	fr	1	Et toi tu es le pire menteur de wikipédia, il suffit de voir tes messages à comparer avec ton bandeau WikiLove de ta page d accueuil.
textdetox@01907546324b0330d2d8b7669648cc18823323e5/fr/004640	fr	1	Mais c est Wikipédia, un truc internet pour analphabètes imbibés d alcool qui ne savent pas lire, juste recopier n importe quoi, du moment que c est écrit dans un livre.
textdetox@01907546324b0330d2d8b7669648cc18823323e5/fr/004641	fr	1	on s en fout completement bande de gros nases de merde, allez donc faire quelque chose de plus utile au lieu de vous chamailler comme des ados de 14 ans c est rdicule
textdetox@01907546324b0330d2d8b7669648cc18823323e5/fr/004642	fr	1	T es vraiment lourd, t as tjs pas compris que sur une encyclopédie, on s en fout totalement de vos anneries de gamins    Ico      Bla ?   
textdetox@01907546324b0330d2d8b7669648cc18823323e5/fr/004643	fr	1	dounia benmera est une vrai connasse avec ses dents de castors elle resemble a rien elle se croi belle elle cherche les embrouille avec tout les gens du college et surtout moi .
textdetox@01907546324b0330d2d8b7669648cc18823323e5/fr/004644	fr	1	SIgné la chatte à vos meres
textdetox@01907546324b0330d2d8b7669648cc18823323e5/fr/004645	fr	1	TU ES UNE MERDE, UNE PUTE, UNE BITCH!!!!!
textdetox@01907546324b0330d2d8b7669648cc18823323e5/fr/004646	fr	1	VA MANGER DE LA MARDE ET VA
textdetox@01907546324b0330d2d8b7669648cc18823323e5/fr/004647	fr	1	Sale Batard !!!!!!!!!
textdetox@01907546324b0330d2d8b7669648cc18823323e5/fr/004648	fr	1	la putain nonmercy la grossse
textdetox@01907546324b0330d2d8b7669648cc18823323e5/fr/004649	fr	1	la marde est un excrément qui sort de votre anus quand vous allez au toillette silvouplais ne la mangez pas!!
textdetox@01907546324b0330d2d8b7669648cc18823323e5/fr/004650	fr	1	continue en live rc petit puceau de censeur j ai ce qu il faut en retour car en ce moment je dors aussi gloire aux martyrs 1954
textdetox@01907546324b0330d2d8b7669648cc18823323e5/fr/004651	fr	1	PETIT ENCLER DE BATARD DE MERDE
textdetox@01907546324b0330d2d8b7669648cc18823323e5/fr/004652	fr	1	Vous voulez une Pute a domicile dans les environs de Paris ?
textdetox@01907546324b0330d2d8b7669648cc18823323e5/fr/004653	fr	1	Je te chie dans la bouche mange crotte.
textdetox@01907546324b0330d2d8b7669648cc18823323e5/fr/004654	fr	1	BONJOUR h60A HOMO PASSIF PLUS D
textdetox@01907546324b0330d2d8b7669648cc18823323e5/fr/004655	fr	1	le  TU EST UN SALE BATARD DE TA RACE
textdetox@01907546324b0330d2d8b7669648cc18823323e5/fr/004656	fr	1	Thomas Bonnefoy est un putain de con de merde de sa mere la pute de mes couille avec Benoit Lavigne qui est un putain de raciste de mes couilles sa mere la pute ok ta mere la pute.
textdetox@01907546324b0330d2d8b7669648cc18823323e5/fr/004657	fr	1	est clair que je suis con de venir donner mon avis extérieur, je pourrais fermer ma grande gueule et vous laisser faire votre tempête dans un verre d eau en paix.
textdetox@01907546324b0330d2d8b7669648cc18823323e5/fr/004658	fr	1	Restes y dans ton caca.
textdetox@01907546324b0330d2d8b7669648cc18823323e5/fr/004659	fr	1	Il s est fait sucer par sa secrétaire stagiaire  ?
textdetox@01907546324b0330d2d8b7669648cc18823323e5/fr/004660	fr	1	Allez vous faire *** les Nazes.
textdetox@01907546324b0330d2d8b7669648cc18823323e5/fr/004661	fr	1	le caca pueMarthurin Gameurs (discuter) la merde pueMarthurin Gameurs (discuter) le pipi est jaune si nicolas et léo lis c est
textdetox@01907546324b0330d2d8b7669648cc18823323e5/fr/004662	fr	1	LE SALE MERDE HITLERIENNE.
textdetox@01907546324b0330d2d8b7669648cc18823323e5/fr/004663	fr	1	Il faut renvoyer cette race en Asie, ou l’exterminer... Par le fer ou par le feu, ou par l’expulsion, il faut que le juif disparaisse...
textdetox@01907546324b0330d2d8b7669648cc18823323e5/fr/004664	fr	1	si t es un homme je te fait manger tes couille ordure la peine de mort et trop cool pour toi chettan nikomouk attail the mouk zammel moi je creverai ta famille salope que t es ordure chariture babare de merde a 1 francs c est facile connard pris pour que ce calvaire n arrive pas a ta soeur qui est en tournante dans les caves de la cite gros batard
textdetox@01907546324b0330d2d8b7669648cc18823323e5/fr/004665	fr	1	MENSONGE, MENSONGE et MENSONGE Comme mon camarade je trouve aussi que tu es un  WIKI LOSER  
textdetox@01907546324b0330d2d8b7669648cc18823323e5/fr/004666	fr	1	Vous me faite de la pein à vouloir faire appel aux administrateurs car tel un incompétent vous n avez aucun argument valable te vous le savez, vous occupez un rôle de clown sur wiki...
textdetox@01907546324b0330d2d8b7669648cc18823323e5/fr/004667	fr	1	Ton daron le bourer d ou tu me bloque toi tu veu qui vienne sauter espece de trou de fesse va jvai nike ta ras sal pd atten toi t mort ptit pd va !!
textdetox@01907546324b0330d2d8b7669648cc18823323e5/fr/004668	fr	1	Sinon ça veut dire qu il y a des gens suffisamment cons pour emmener un gosse de 3 ans sur Internet et en plus pour laisser des adresses e-mail sur une page Wikipédia !
textdetox@01907546324b0330d2d8b7669648cc18823323e5/fr/004669	fr	1	Bonjour, MarcFDP, La page        que vous avez créée vient d être supprimée par l administrateur Lomita avec le commentaire «   Vandalisme : contenait avant blanchiment « Marc Mongenet est un fils de pute mARC MANGENEEZ va t faire enculer ta mere la chienne batard .tu m ban encore j teclate.et c un modo de merde !
textdetox@01907546324b0330d2d8b7669648cc18823323e5/fr/004670	fr	1	Mesurer un QI donne un niveau d éducation, ça ne prouve rien de biologique, couillon (ça c est pour accomplir ta prophétie).
textdetox@01907546324b0330d2d8b7669648cc18823323e5/fr/004671	fr	1	... Bientôt les noirs célèbres, les juifs célèbres, les amateurs de sado-maso célèbres, les cutejattes célèbres...
textdetox@01907546324b0330d2d8b7669648cc18823323e5/fr/004672	fr	1	Alors ton blocage, tu sais où tu peux te le mettre, gros P.D. !
textdetox@01907546324b0330d2d8b7669648cc18823323e5/fr/004673	fr	1	SUUUCE %MA BITE PIERRE VIEILLESCAZES (aime le codebarres )
textdetox@01907546324b0330d2d8b7669648cc18823323e5/fr/004674	fr	1	Bonjour, Je m appelle Mahmoud, je suis le créateur de la page  les chevaux spatiaux  et je voudrais savoir ce qui s était passé dans ta petite tête de blanc bec pour l avoir effacé.
textdetox@01907546324b0330d2d8b7669648cc18823323e5/fr/004675	fr	1	Tu pompes et copyvio depuis des mois, le sachant pertinemment, tu te fais gauler par la patrouille, tu agresses les gens et les insultes abondamment, et maintenant comme au pouilleux tu veux repasser ton bordel suivant !!!!!
textdetox@01907546324b0330d2d8b7669648cc18823323e5/fr/004676	fr	1	Va niquhr ta mère !
textdetox@01907546324b0330d2d8b7669648cc18823323e5/fr/004677	fr	1	ça fait des semaines que j ai bossé sur l article, le débat est clos pour toi, car y a que toi qui fait chier (soyons clairs) sur cet article avec ton francisé à la con qui n existe nulle part sauf sur francefootball.fr, les français beaufs de ton genre me cassent les burnes (tu m agresses, je fais de même), tant que tu écriras des conneries et qu en plus, tu effaceras des sources et le travail des autres (ici moi), je ferais comme toi et j effacerais tes conneries.
textdetox@01907546324b0330d2d8b7669648cc18823323e5/fr/004678	fr	1	salut petite pédale si tu ne veux pas que je foute la merde sur ce site tu débloque mon ip tt de suite sale petite lesbienne
textdetox@01907546324b0330d2d8b7669648cc18823323e5/fr/004679	fr	1	Apprenez à lire avant de supprimer, et je n ai pas que ça à faire, démerdez vous avec votre site de merde
textdetox@01907546324b0330d2d8b7669648cc18823323e5/fr/004680	fr	1	Allez , je vous souhaite une bonne sodomie .
textdetox@01907546324b0330d2d8b7669648cc18823323e5/fr/004681	fr	1	site jai pas fini well FUCK OFF bitch and screw a cow by the way i hope you funking died mother fucker who fuck is mom every day cose he has no gurlfriend
textdetox@01907546324b0330d2d8b7669648cc18823323e5/fr/004682	fr	1	les benamara sont des prostituer * elle me fond faire le clochard qu elle niquent leur mere la pute benamara nabil
textdetox@01907546324b0330d2d8b7669648cc18823323e5/fr/004683	fr	1	Vous êtes tout de même un sacré guignol.
textdetox@01907546324b0330d2d8b7669648cc18823323e5/fr/004684	fr	1	TA RIEN DANS TÊTE.
textdetox@01907546324b0330d2d8b7669648cc18823323e5/fr/004685	fr	1	, c est pas vrai , j hallucine , moi qui croyait avoir affaire à des prix Nobel , je me retrouve face à une bande de cochons qui ont un sérieux problème avec leur cul !
textdetox@01907546324b0330d2d8b7669648cc18823323e5/fr/004686	fr	1	Vive Classic, et MORT AUX CONS!!!Classiccardinal (discuter)   .
textdetox@01907546324b0330d2d8b7669648cc18823323e5/fr/004687	fr	1	allez vous faire branler fuiez ma bite!
textdetox@01907546324b0330d2d8b7669648cc18823323e5/fr/004688	fr	1	dont vous vous couvrez par votre mesquinerie,  A l intérieur de la bande vous avez l air de vous marrer, de l extérieur on voit un  effet de meute lâche .Michelbailly  , vous etes un lâche, ce qui est plus grave.
textdetox@01907546324b0330d2d8b7669648cc18823323e5/fr/004689	fr	1	Les Italiens qui sont venus travailler en Belgique et au Luxembourg t em-merde pauvre con !
textdetox@01907546324b0330d2d8b7669648cc18823323e5/fr/004690	fr	1	Tes récentes  contributions  scopher et scorpher me donnent cette impression étrange de fouteur de merde!
textdetox@01907546324b0330d2d8b7669648cc18823323e5/fr/004691	fr	1	te trouver pi te tuer pi apres ma violer ton cadavre pc WHITE SUPREMACY
textdetox@01907546324b0330d2d8b7669648cc18823323e5/fr/004692	fr	1	J sais pas mais vous voler pleins de trucs au autres sans scrupule et vous racontez votre vie de merde sur Wikipédia.
textdetox@01907546324b0330d2d8b7669648cc18823323e5/fr/004693	fr	1	t es tout pourris dans ta t^te, de plus tu continue à me harceler.
textdetox@01907546324b0330d2d8b7669648cc18823323e5/fr/004694	fr	1	Ce type est un    fouteur de merde   , responsable du départ de plusieurs wikipédiens et je voudrais qu on le rappelle à l ordre.
textdetox@01907546324b0330d2d8b7669648cc18823323e5/fr/004695	fr	1	Josido est un vrai con on devrais le mettre à la porte il enmerde tout le monde.
textdetox@01907546324b0330d2d8b7669648cc18823323e5/fr/004696	fr	1	la question est est ce que y en a des filles au gouvernement si oui pourquoi vous les baisez et vous baisez le peuple .
textdetox@01907546324b0330d2d8b7669648cc18823323e5/fr/004697	fr	1	Je l encule comme jamais personne
textdetox@01907546324b0330d2d8b7669648cc18823323e5/fr/004698	fr	1	Jean-Paul Sartre suce des bites en enfer.
textdetox@01907546324b0330d2d8b7669648cc18823323e5/fr/004699	fr	1	Je ne fais aucun lien de cause à effet mais ces connards sont tous Israéliens et comme par hasard, le Zero a certaines convictions très pro-palestiniennes (qu ils n affichent pas dans ses écrits).
textdetox@01907546324b0330d2d8b7669648cc18823323e5/fr/004700	fr	1	vous me faites chier et vous êtes une bande de cons, cf. la bande des quatre , épicétou.
textdetox@01907546324b0330d2d8b7669648cc18823323e5/fr/004701	fr	1	Quant à vos conventions vous n en savez pas davantage, puisque tous les autres articles sont Le Masque (collection), La Bibliothèque de Babel (collection), Chair de poule (collection), Le Poulpe (collection), etc. 2) C est vous qui avez foutu le bazar sans regarder ni réfléchir, vous êtes typique du fonctionnaire bête et du con nuisible qui fait fuir tout le monde.
textdetox@01907546324b0330d2d8b7669648cc18823323e5/fr/004702	fr	1	Virer moi tout cela, bande d ado attardés, que restera t il de cela dans deux ans, ...
textdetox@01907546324b0330d2d8b7669648cc18823323e5/fr/004703	fr	1	Sous le même titre, un commentaire jusqu’à ce message sur ma pdd je pensais avoir affaire à un troll ordinaire, un ado qui s’amuse, quoi, mais là... j’en suis baba, c’est un con d’envergure il se prend au sérieux !
textdetox@01907546324b0330d2d8b7669648cc18823323e5/fr/004704	fr	1	) avait tout le loisir de laisser un message sous une nouvelle rubrique au bar, et n avait aucune raison de venir mettre son grain de sel pour se moquer de moi à propos d une affaire dont il ou elle (disons ce mollusque hermaphrodite qui pour ma part ne peut etre un homme, manière lache typique de ces homos qui haissent les femmes) ne sait rien.
textdetox@01907546324b0330d2d8b7669648cc18823323e5/fr/004705	fr	1	Et tant que vous, tous autant que vous êtes, moi, seul contre tous les chiens de la conscience, tant que vous êtes INCAPABLES de défendre valablement les mensonges des ZantiSSectes, c est que les crétins ne sont pas du côté où tu le dis.
textdetox@01907546324b0330d2d8b7669648cc18823323e5/fr/004706	fr	1	Eh toi, la pute, t as intérêt de fermer ta geule, sinon je t encule avec mon godemichet que tu dises  Oh ouui, oh oui!
textdetox@01907546324b0330d2d8b7669648cc18823323e5/fr/004707	fr	1	Etant donné que vous êtes vous même un nb, et que vous laissez trainer vos affaires au grè du vent, je me permet de vous avertir que la prochaine fois je te bloque l accès à l écriture, et au fait arrête de fumer des old... ca pue.
textdetox@01907546324b0330d2d8b7669648cc18823323e5/fr/004708	fr	1	yo jte defonce toute ta miff si chu bloké wiki
textdetox@01907546324b0330d2d8b7669648cc18823323e5/fr/004709	fr	1	Salut la puute de Rogel et de SM.
textdetox@01907546324b0330d2d8b7669648cc18823323e5/fr/004710	fr	1	aller tou te chier gagne de tete de glan vous etes des esti de tapete aller vou ferre pognarder criss de gagne de pédophile
textdetox@01907546324b0330d2d8b7669648cc18823323e5/fr/004711	fr	1	Je ne sais pas qui vous êtes, mais si vous êtes un étudiant que Strate aurait éconduit ou viré, il est clair qu elle a bien fait, car vous n avez aucune des qualités d un designers, mais bien tous les défauts d une petite ordure.
textdetox@01907546324b0330d2d8b7669648cc18823323e5/fr/004712	fr	1	Bande de boufons qui ne connaisse rien,
textdetox@01907546324b0330d2d8b7669648cc18823323e5/fr/004713	fr	1	Et tu comprendras que je me prépare à quitter, vraiment, l encyclopédie et ces petits idiots (désolé mais là ils le méritent amplement, ils m oint mis à bout de nerfs) feront la teuf entre gamins.
textdetox@01907546324b0330d2d8b7669648cc18823323e5/fr/004714	fr	1	Cerbère ignare et fasciste, bien dans l esprit wiki
textdetox@01907546324b0330d2d8b7669648cc18823323e5/fr/004715	fr	1	, ça prouve bien qu on a une administration complètement crétine.
textdetox@01907546324b0330d2d8b7669648cc18823323e5/fr/004716	fr	1	Je ne comprends pas comment ta salope de mére a pu pondre un sale cafard comme toi ?
textdetox@01907546324b0330d2d8b7669648cc18823323e5/fr/004717	fr	1	tout se qui lise se livre sont des gros boufons
textdetox@01907546324b0330d2d8b7669648cc18823323e5/fr/004718	fr	1	bloque moi petite bite !
textdetox@01907546324b0330d2d8b7669648cc18823323e5/fr/004719	fr	1	TOI ET KERILUAMOX, VOUS ÊTES DES CONS !
textdetox@01907546324b0330d2d8b7669648cc18823323e5/fr/004720	fr	1	Elle sucve les grosses bites de mehdi et de brice!
textdetox@01907546324b0330d2d8b7669648cc18823323e5/fr/004721	fr	1	Qu on lui coupe la tête
textdetox@01907546324b0330d2d8b7669648cc18823323e5/fr/004722	fr	1	bloque moi petite bite !
textdetox@01907546324b0330d2d8b7669648cc18823323e5/fr/004723	fr	1	vs ete tro mogole pr passé votre tem sur dé sites com sa !!!!
textdetox@01907546324b0330d2d8b7669648cc18823323e5/fr/004724	fr	1	Quand je viendrai te voir, je planterai un couteau sur toi !
textdetox@01907546324b0330d2d8b7669648cc18823323e5/fr/004725	fr	1	-tu vu ta tronche d’alcoolo sur ta photo d’abruti que tu oses afficher fièrement sa ta page perso?
textdetox@01907546324b0330d2d8b7669648cc18823323e5/fr/004726	fr	1	or jouer sur  la bite  et  Labitte  pour mettre en avant des articles  bite  sur le wiktionnaire, cela me semble plus proche du vandalisme pipi
textdetox@01907546324b0330d2d8b7669648cc18823323e5/fr/004727	fr	1	Votre blog est merdique !
textdetox@01907546324b0330d2d8b7669648cc18823323e5/fr/004728	fr	1	Tu n es qu un pauvre demeuré, un obsédé de la crrrida !
textdetox@01907546324b0330d2d8b7669648cc18823323e5/fr/004729	fr	1	TOUTE UNE GANG DE SUCKER SUCK SUCK AURÉVILLY
textdetox@01907546324b0330d2d8b7669648cc18823323e5/fr/004730	fr	1	petite sous merde, Alors vieux con
textdetox@01907546324b0330d2d8b7669648cc18823323e5/fr/004731	fr	1	fils de pute de ta mere la chienne d ou tu dis que j ai mis des idiocis d ou t annule ma modif c est toi l idiot oui petit pd92.139.245.112 (d) 92.139.245.112 (d) 92.139.245.112 (d) 92.139.245.112 (d) 92.139.245.112 (d) 92.139.245.112 (d) 92.139.245.112 (d) 92.139.245.112 (d) 92.139.245.112 (d) 92.139.245.112 (d) 92.139.245.112 (d) 92.139.245.112 (d) 92.139.245.112 (d)  fait pas ton malin petite pute je vais te niker ta race sale connard gros pd va idiot va te faire enculez sale pd —   
textdetox@01907546324b0330d2d8b7669648cc18823323e5/fr/004732	fr	1	Josido démissionne va te faire foutre !
textdetox@01907546324b0330d2d8b7669648cc18823323e5/fr/004733	fr	1	On ne sait peut-être pas utiliser un ordi aussi mal que toi, mais on peut t interdire d écrire des âneries si tu persistes.
textdetox@01907546324b0330d2d8b7669648cc18823323e5/fr/004734	fr	1	Grosse pindate accariate, dénonciatrice, menteuse récidivite et refoulée.
textdetox@01907546324b0330d2d8b7669648cc18823323e5/fr/004735	fr	1	TU ES UN ENCULÉ C EST TOI
textdetox@01907546324b0330d2d8b7669648cc18823323e5/fr/004736	fr	1	!! IL EST GAY.
textdetox@01907546324b0330d2d8b7669648cc18823323e5/fr/004737	fr	1	J aimerais bien m amuser aussi avec ton clito.
textdetox@01907546324b0330d2d8b7669648cc18823323e5/fr/004738	fr	1	(désolé Darkoneko de répondre ici mais il commence vraiment à m énerver ce parasite menteur et vicieux)
textdetox@01907546324b0330d2d8b7669648cc18823323e5/fr/004739	fr	1	tu peux tout de suite aller voir les flics pour plainte pour menaces, sache que je n hesiterais pas a venir crever la sous merde que tu es !  
textdetox@01907546324b0330d2d8b7669648cc18823323e5/fr/004740	fr	1	bloque moi petite bite !
textdetox@01907546324b0330d2d8b7669648cc18823323e5/fr/004741	fr	1	Encore une série américaine répugnante et obscène pour détraqués sexuels, exhibitionnistes et voyeurs sournois, pédérastes névrosés ou psychopathes désaxés à l américaine.
textdetox@01907546324b0330d2d8b7669648cc18823323e5/fr/004742	fr	1	Et bien allez vous faire foutre Adrien ..
textdetox@01907546324b0330d2d8b7669648cc18823323e5/fr/004743	fr	1	Je te conchie et je ne te salue pas, pauvre naze.
textdetox@01907546324b0330d2d8b7669648cc18823323e5/fr/004744	fr	1	Au hasard de mes pérégrinations sur WP je lis et chacun se reconnaîtra:  Tu es un sacré con ,  Bande de sionistes acharnés ,  petits POV-pushers que vous êtes, vous ,  Merci de nous épargner votre pathos ,  vous êtes pathétique  et bien d autres invectives parfaitement détestables et irrespectueuses.
textdetox@01907546324b0330d2d8b7669648cc18823323e5/fr/004745	fr	1	Pour ton comportement, Tu es un grand pédé et tu ne mérite pas etre un administrateur.
textdetox@01907546324b0330d2d8b7669648cc18823323e5/fr/004746	fr	1	Sale mytho, à quoi ça sert d effacer une personne qui mérite sa place dans Wikipédia et le remplacer par son propre nom ?
textdetox@01907546324b0330d2d8b7669648cc18823323e5/fr/004747	fr	1	Oui, espèce de nul.
textdetox@01907546324b0330d2d8b7669648cc18823323e5/fr/004748	fr	1	Je chie sur Moïse et la Torah.
textdetox@01907546324b0330d2d8b7669648cc18823323e5/fr/004749	fr	1	En tout cas il y a davantage d’intervenants dans cette PàS que dans Discussion:Casse-toi, pauv con !
textdetox@01907546324b0330d2d8b7669648cc18823323e5/fr/004750	fr	1	saleté d américains tiens ...
textdetox@01907546324b0330d2d8b7669648cc18823323e5/fr/004751	fr	1	UN SALE ARABE DE MERDE
textdetox@01907546324b0330d2d8b7669648cc18823323e5/fr/004752	fr	1	la soupe et il dansais le chacha comme une fillette dze 4 ans c etai un cn comme vieux il na savait pas lire pourtant il etanit savant mais sa femme etait bien pour le samande et se vieux gogogle ne voiyait pas qu elle le trompait avec brate pite mais brat pite trompait angelina jolie qui n etait pas encor née
textdetox@01907546324b0330d2d8b7669648cc18823323e5/fr/004753	fr	1	Vous avez des méthodes de facho de la façon dont vous traitez la page de Stauffer, un homme courageux vraiment, pas comme certains lèche-bottes socialos.
textdetox@01907546324b0330d2d8b7669648cc18823323e5/fr/004754	fr	1	WP est juste stupide.
textdetox@01907546324b0330d2d8b7669648cc18823323e5/fr/004755	fr	1	vendéen jacques auxiette est un enculé naoned e breizh
textdetox@01907546324b0330d2d8b7669648cc18823323e5/fr/004756	fr	1	toutes mes salutations les plus distinguee a la pute.
textdetox@01907546324b0330d2d8b7669648cc18823323e5/fr/004757	fr	1	TAM c vraiment un ti PD
textdetox@01907546324b0330d2d8b7669648cc18823323e5/fr/004758	fr	1	Votre blog est merdique !
textdetox@01907546324b0330d2d8b7669648cc18823323e5/fr/004759	fr	1	Tu n es qu une merde, une grosse merde, un trou du cul, un de ces connards qui se croit utile en croyant tout savoir et en se permettant de parler au nom des gens.
textdetox@01907546324b0330d2d8b7669648cc18823323e5/fr/004760	fr	1	Étant trop con pour travaillé, il fit la manche et devint milliardaire mais fut trop con pour le comprendre et continua de faire la manche.
textdetox@01907546324b0330d2d8b7669648cc18823323e5/fr/004761	fr	1	Tu es un imbecile.
textdetox@01907546324b0330d2d8b7669648cc18823323e5/fr/004762	fr	1	, j ai d autres comptes ! va te faire mettre par ton ami Ben Laden.
textdetox@01907546324b0330d2d8b7669648cc18823323e5/fr/004763	fr	1	Vous êtes stupide au point de ne pas voir que ÇA c est un conflit d intérêt obligatoire à exposer, ou vous êtes hypocrite à ce point ?
textdetox@01907546324b0330d2d8b7669648cc18823323e5/fr/004764	fr	1	Si je suis toujours placardé comme un homme à abattre sur les murs de Wikipédia, autant en profiter pour continuer à vous faire chier et donc sortir de ma retraite MM
textdetox@01907546324b0330d2d8b7669648cc18823323e5/fr/004765	fr	1	J vais t niquer ta mère, espèce de batard, fils de pute !
textdetox@01907546324b0330d2d8b7669648cc18823323e5/fr/004766	fr	1	Salut, il a ENCORE réverté tes changements et s amuse à balancer des bandeaux R3R sur ma PDD, il est taré ce mec ... Lyon-St-Clair [[[
textdetox@01907546324b0330d2d8b7669648cc18823323e5/fr/004767	fr	1	, vous êtes un idiot!
textdetox@01907546324b0330d2d8b7669648cc18823323e5/fr/004768	fr	1	Et le gros porc le plus puissant du jeux et thekairi78 nous pouvons le surnommer tk78,tk ou gros porc sa mere la pute
textdetox@01907546324b0330d2d8b7669648cc18823323e5/fr/004769	fr	1	Et alors? T es débile ou quoi?
textdetox@01907546324b0330d2d8b7669648cc18823323e5/fr/004770	fr	1	Votre blog est merdique !
textdetox@01907546324b0330d2d8b7669648cc18823323e5/fr/004771	fr	1	ta ka te cogne la tete sur le mur ptit enfoire de fils de pute >,> aller va tfaire lecher par ton pere >,>
textdetox@01907546324b0330d2d8b7669648cc18823323e5/fr/004772	fr	1	je te souhaite aux noms de tous les arabes et les musulmans de monde entier le pire et le même morts que ton frére de metier colonel Kadafi parce -que tu mérite ca et même pire sale cons
textdetox@01907546324b0330d2d8b7669648cc18823323e5/fr/004773	fr	1	Maladie mentale qui pousse les algériens à amener leur drapeau partout et en toutes circonstances.
textdetox@01907546324b0330d2d8b7669648cc18823323e5/fr/004774	fr	1	je te vois je te penetre bien tes bonne pour une pute de 15 pige
textdetox@01907546324b0330d2d8b7669648cc18823323e5/fr/004775	fr	1	tu mérites que des coups de pieds à la tranche sale connard
textdetox@01907546324b0330d2d8b7669648cc18823323e5/fr/004776	fr	1	Il y a aussi des roche médicale et avec sertenne il y des gouine qui se gode avec est cela leur comme une bite dur et sa les fait jouire et c est exitant quand on les vois faire
textdetox@01907546324b0330d2d8b7669648cc18823323e5/fr/004777	fr	1	(allez ta gueule connard!) !
textdetox@01907546324b0330d2d8b7669648cc18823323e5/fr/004778	fr	1	,       sale fils de pute   , salope!
textdetox@01907546324b0330d2d8b7669648cc18823323e5/fr/004779	fr	1	VA TE FAIRE FOUTRE !
textdetox@01907546324b0330d2d8b7669648cc18823323e5/fr/004780	fr	1	Vas te faire enculer sale sous merde contre nature, erreur de Dieu.
textdetox@01907546324b0330d2d8b7669648cc18823323e5/fr/004781	fr	1	Ici encore, t as pu te défendre, alors que sur ton site de merde, quand une putain de modératrice supprime ton profil, même pas tu peux te défendre.
textdetox@01907546324b0330d2d8b7669648cc18823323e5/fr/004782	fr	1	Boiboite foutre merde quand lecteur imprimer l article, vilains pas beaux écrire  pipi caca  dans boiboite sans que gentils Wikipédiens s en apercevoir, lecteurs pas lire boiboite mais devoir charger plein de kilooctets de texte en plus quand même, ...
textdetox@01907546324b0330d2d8b7669648cc18823323e5/fr/004783	fr	1	++ fils de pute
textdetox@01907546324b0330d2d8b7669648cc18823323e5/fr/004784	fr	1	Et sa c mieux ta gueule et va te faire foutre je l aime ce mec alors laisse moi faire ce que je veux
textdetox@01907546324b0330d2d8b7669648cc18823323e5/fr/004785	fr	1	yoyoyyo les man ici les mec vou ete des nul lard ptdr nous on ses tout comme le sex lol....
textdetox@01907546324b0330d2d8b7669648cc18823323e5/fr/004786	fr	1	Votre blog est merdique !
textdetox@01907546324b0330d2d8b7669648cc18823323e5/fr/004787	fr	1	Je vais te kidnapper dans mon pays puis te juger comme Adolf Eichmann.
textdetox@01907546324b0330d2d8b7669648cc18823323e5/fr/004788	fr	1	MEC TU PUES DU CUL SI TU MREBLOQUE
textdetox@01907546324b0330d2d8b7669648cc18823323e5/fr/004789	fr	1	lulz, on the 10th picture, its says fuck police.
textdetox@01907546324b0330d2d8b7669648cc18823323e5/fr/004790	fr	1	Je te chie dans la bouche.
textdetox@01907546324b0330d2d8b7669648cc18823323e5/fr/004791	fr	1	Tu peux me remercier car t a été un joli trou du QU avec moi Arthaud t a fini par le mettre je te redonne la preuve pour la voiture tape et tu verra http://www.stanislasmachoir.com/html/index.jsp?id=23088&lng=fr&npp=10000 Rossi di Montelara (discuter)
textdetox@01907546324b0330d2d8b7669648cc18823323e5/fr/004792	fr	1	Tu es un déchet, un immondice.
textdetox@01907546324b0330d2d8b7669648cc18823323e5/fr/004793	fr	1	A TON SITE DE MERDE
textdetox@01907546324b0330d2d8b7669648cc18823323e5/fr/004794	fr	1	l encyclopédie par l anal.
textdetox@01907546324b0330d2d8b7669648cc18823323e5/fr/004795	fr	1	VA TE FAIRE FOUTRE, ALCHEMICA !
textdetox@01907546324b0330d2d8b7669648cc18823323e5/fr/004796	fr	1	-En noir et blanc, tu ressemble à une mouche nuisible !!
textdetox@01907546324b0330d2d8b7669648cc18823323e5/fr/004797	fr	1	Salope, pédale, mongolienne, détritus.
textdetox@01907546324b0330d2d8b7669648cc18823323e5/fr/004798	fr	1	VA MANGER LES REGLES DE TA MERE sele Tappette de PD de MON CUL DE TA RACE DE TES MORTS
textdetox@01907546324b0330d2d8b7669648cc18823323e5/fr/004799	fr	1	lo ben a tm po elle aime le MCDO pi twa t po digne pi sa grand mere non plus a tm po elle m juss son centr de bowling pi son age fak tsé t genr un esti dtabarnak de bordel de merde a la con comme disent les anti-coyautistes AH OUI ET PENO LO, LA COYAUTISTE ALIAS PETITE TETE DE CREVETTE BEN WATCH
textdetox@01907546324b0330d2d8b7669648cc18823323e5/fr/004800	fr	1	Tu ferais mieux d aller aux putes ou de sucer des grosses bûches.
textdetox@01907546324b0330d2d8b7669648cc18823323e5/fr/004801	fr	1	sache guignol , que je fais partie des petits de ce monde ,que tu te prends pour un cake ,tu n es qu une merde!
textdetox@01907546324b0330d2d8b7669648cc18823323e5/fr/004802	fr	1	T es un type malhonnête et ton Potin Machin du XVIII siècle est un gros mytho qui n a même pas le droit à un article sur WP
textdetox@01907546324b0330d2d8b7669648cc18823323e5/fr/004803	fr	1	il ya une reine qui sali lhoneur du village bandjoun une grande bordel pourtant elle est l épouse d1 milliardaire c est honteux ce qui ménerve cè que elle détruis la vie des jeunes tu payera pour le mal que tu fait au gents sale blanche
textdetox@01907546324b0330d2d8b7669648cc18823323e5/fr/004804	fr	1	C est le nom qu on donne à ces cons et à leur dieu des ordures.
textdetox@01907546324b0330d2d8b7669648cc18823323e5/fr/004805	fr	1	GROS CON PRETENTIEUX PETITE ERAFFLURE DE MERDE DE CHIOTTES DE CHANTIERS
textdetox@01907546324b0330d2d8b7669648cc18823323e5/fr/004806	fr	1	Vous etes un gougat, un bénévole benêt, desservant wikipédia.
textdetox@01907546324b0330d2d8b7669648cc18823323e5/fr/004807	fr	1	La personne qui a écrit le texte supprimé cité si-dessus est sans aucuns doutes un gros facho (aussi appeler un  jaques  ou un  boloss ) qui se fait victimiser dehors et longe les murs pour cela il vient ce venger la ou il ne pourra pas prendre des coups dans la guelle !
textdetox@01907546324b0330d2d8b7669648cc18823323e5/fr/004808	fr	1	Je demande la  censure  de ce site parce qu il est animé par des gens qui souffrent de cette même maladie mentale et qui souhaitent pouvoir librement mettre en oeuvre leurs goûts sexuels (lesquels consistent, rappelons-le encore une fois, à enculer des enfants).
textdetox@01907546324b0330d2d8b7669648cc18823323e5/fr/004809	fr	1	i don t speak FUCK french you dick SHIT so you should FUCKING translate MOTHER what you WHORE said SHIT!
textdetox@01907546324b0330d2d8b7669648cc18823323e5/fr/004810	fr	1	chatte ticac = ticaca ) themack13 la bigmerde pirate211 le ptite pute ouragan62 la chatte lekipe bbo
textdetox@01907546324b0330d2d8b7669648cc18823323e5/fr/004811	fr	1	En plus d un admin au pseudo de Moyg(moyenne générale?, médiocre?), dans le genre cons et fières de l être, je vois mal comment faire mieux: d aprés fr.wp, l ombre est une illusion d optique.
textdetox@01907546324b0330d2d8b7669648cc18823323e5/fr/004812	fr	1	ça serait toi ce dégueulasse de Pierrot le Chroniqueur qui a exclu Utilisateur:Félix Potuit.
textdetox@01907546324b0330d2d8b7669648cc18823323e5/fr/004813	fr	1	Un fou, un ivrogne et une pute
textdetox@01907546324b0330d2d8b7669648cc18823323e5/fr/004814	fr	1	-62 attendu que des petits minables de ton acabit et leche cul qui plus ai s accapare wikipdia ,un mot LAMENTABLE
textdetox@01907546324b0330d2d8b7669648cc18823323e5/fr/004815	fr	1	Un bon gros suce bien comme il faut.
textdetox@01907546324b0330d2d8b7669648cc18823323e5/fr/004816	fr	1	Elle est tellement grosse qu elle se fringue chez Michelin que quand elle péte,tout le monde s envole qu elle passe des jours avant de trouver une culotte à sa taille dans un magasin que quand elle marche dans la rue,on croit que c est 2 hippopotames qui se battent qu elle s est acheté un portable parce qu elle rentre plus dans les cabines téléphoniques que quand elle va au cinéma,elle croit que c est sa télé même si elle passe pas la porte que quand elle va sur une balance,la balance crie:
textdetox@01907546324b0330d2d8b7669648cc18823323e5/fr/004817	fr	1	Mais vous êtes trop niais et bêtes;  français  quoi!
textdetox@01907546324b0330d2d8b7669648cc18823323e5/fr/004818	fr	1	les klu klux klans moi jvien d un ghetto j encule LE PEN et sa fille marine moi jvous baise tous bande de solpard de merdes... jmapel Eric et jabite Cleon 76.410 bande de batar d vos meres Stiffler
textdetox@01907546324b0330d2d8b7669648cc18823323e5/fr/004819	fr	1	Les deux blaireaux, artistes frustrés que vous êtes, je vous ai démasqués depuis un moment, mais maintenant j ai les preuves...
textdetox@01907546324b0330d2d8b7669648cc18823323e5/fr/004820	fr	1	T es vraiment une chienne, je te souhaites une bonne année et la seule chose que tu fais c est faire chier le monde.
textdetox@01907546324b0330d2d8b7669648cc18823323e5/fr/004821	fr	1	Le bisme est une insulte utilisé par les jeunes de quartier qui signifie le fait de bien niquer sa mère la reine des putes.
textdetox@01907546324b0330d2d8b7669648cc18823323e5/fr/004822	fr	1	je croi que c connard devré etre enfermé car c réellement une atteinte a la liberté d expression d un bon groupe et leur foutre une sale reputation
textdetox@01907546324b0330d2d8b7669648cc18823323e5/fr/004823	fr	1	il a une trai grosse pite et sa meffe il ne l aime pas il me la die de sa par ses une grose pute sete salope gros pute de tamer je veux la baize
textdetox@01907546324b0330d2d8b7669648cc18823323e5/fr/004824	fr	1	Indif mais t es un vrai fils de pute, toi !
textdetox@01907546324b0330d2d8b7669648cc18823323e5/fr/004825	fr	1	Si WP est devenu le royaume de la bien-pensance au service de ce genre de CONNARDS, alors je n ai rien à y faire.
textdetox@01907546324b0330d2d8b7669648cc18823323e5/fr/004826	fr	1	AIGRI DE MERDE, TIENS, METS TOI
textdetox@01907546324b0330d2d8b7669648cc18823323e5/fr/004827	fr	1	Si si je sais lire mais toi tu n es qu un gros troll.
textdetox@01907546324b0330d2d8b7669648cc18823323e5/fr/004828	fr	1	En même vous pouvez pas être autre chose que des abrutis.
textdetox@01907546324b0330d2d8b7669648cc18823323e5/fr/004829	fr	1	C est surtout un sacré dévot et calotin idiot, un mythomane assez dérangé dont les poèmes sont pathétiques et pleins de Jésus nôtre Seigneur, Diable, Dieu, péché & Sainte église de mère de dieu, un romain quoi!
textdetox@01907546324b0330d2d8b7669648cc18823323e5/fr/004830	fr	1	Fuck MY TITS VOL.
textdetox@01907546324b0330d2d8b7669648cc18823323e5/fr/004831	fr	1	Et la guillotine pour tout les autres.
textdetox@01907546324b0330d2d8b7669648cc18823323e5/fr/004832	fr	1	Bien, je crois qu on peut désomais officiellement déclarer que vous n êtes rien de plus qu un propagandiste de caniveau.
textdetox@01907546324b0330d2d8b7669648cc18823323e5/fr/004833	fr	1	Bonjour, 92.149.5.149, La page        que vous avez créée vient d être supprimée par l administrateur Lomita avec le commentaire «   Vandalisme : contenait avant blanchiment « iL EST TROP CON, TROP MOCHE
textdetox@01907546324b0330d2d8b7669648cc18823323e5/fr/004834	fr	1	L origine de l algeerie c est berber, les arabe n ont jamais un peuple Alegerien, ils faut les detruire.
textdetox@01907546324b0330d2d8b7669648cc18823323e5/fr/004835	fr	1	Moyg t kun enculé de ta sal mere la pute va te fer foutre t kune vieille merde arete dempeché lé otre de fer d article batar conar va te fer foutre va niké ta mere la grosse salope
textdetox@01907546324b0330d2d8b7669648cc18823323e5/fr/004836	fr	1	Cette culture c est de la merde !
textdetox@01907546324b0330d2d8b7669648cc18823323e5/fr/004837	fr	1	Si t as des trucs a me dire , appelle moi sale pédé pd pd pd pd pd pd pd pd pd pd pd pd pd pd pd pd pd pd pd pd pd pd pd pd pd pd pd pd pd pd pd pd pd pd pd pd pd pd pd pd pd pd pd pd pd pd pd pd pd pd pd pd pd pd pd pd pd pd pd pd pd pd pd pd pd pd pd pd pd pd pd pd pd pd pd pd pd pd pd pd pd pd pd pd pd pd pd pd pd pd pd pd pd pd pd pd pd pd pd pd pd pd pd pd pd pd pd pd pd pd pd pd pd pd pd GAY DE MERDE
textdetox@01907546324b0330d2d8b7669648cc18823323e5/fr/004838	fr	1	Mais es tu capable de venir devant moi et de prendre le risque de t en prendre une dans ta sale gueule de petit branleur.
textdetox@01907546324b0330d2d8b7669648cc18823323e5/fr/004839	fr	1	C est comme ça, tu es nul, tu es une merde, je n y peux rien.
textdetox@01907546324b0330d2d8b7669648cc18823323e5/fr/004840	fr	1	il y a plus de cons que je pensais, décidément tous ces gens qui critiquent l osteopathie sont des bons à rien dans ce domaine
textdetox@01907546324b0330d2d8b7669648cc18823323e5/fr/004841	fr	1	ici c est la censure ,mais pour mettre que marion marechal le pen est une batard ,ca c est contribuer sereinement!!!
textdetox@01907546324b0330d2d8b7669648cc18823323e5/fr/004842	fr	1	putain j aimerais me la faire cette bonnace lui mettre ma grosse bite dans sa chatte et l entendre crié de jouissance hmmm sa fait rever
textdetox@01907546324b0330d2d8b7669648cc18823323e5/fr/004843	fr	1	Ah le bougre de saloupio en plus du ratafia scandinave, il planquait du Cabernet chilien !
textdetox@01907546324b0330d2d8b7669648cc18823323e5/fr/004844	fr	1	RIEN À BRANLER, PAUVRE
textdetox@01907546324b0330d2d8b7669648cc18823323e5/fr/004845	fr	1	Salut chien d infidèle!
textdetox@01907546324b0330d2d8b7669648cc18823323e5/fr/004846	fr	1	Le jour où Didier Super se masturbera sur scène avec une poupée gonflable en hurlant des insultes racistes et homophobes dans une sono faite de Larsen, on en reparlera.
textdetox@01907546324b0330d2d8b7669648cc18823323e5/fr/004847	fr	1	Ce bandeau à la con… pourquoi remplacer   états-unien   par   américain   ?
textdetox@01907546324b0330d2d8b7669648cc18823323e5/fr/004848	fr	1	! va te refaire enculé !!
textdetox@01907546324b0330d2d8b7669648cc18823323e5/fr/004849	fr	1	Les réacs sont toujours nuisibles et vous en êtes l exemple vivant.
textdetox@01907546324b0330d2d8b7669648cc18823323e5/fr/004850	fr	1	Vous êtes un inculte et vous ne vous en rendez pas compte.
textdetox@01907546324b0330d2d8b7669648cc18823323e5/fr/004851	fr	1	Léopold est un gros con il fait chier le monde et encule tous les garçon qu il voit, c est un P D .
textdetox@01907546324b0330d2d8b7669648cc18823323e5/fr/004852	fr	1	Évidemment, je n ai pas besoin d exprimer ce que je pense de toi, pauvre lâche.
textdetox@01907546324b0330d2d8b7669648cc18823323e5/fr/004853	fr	1	J ai trop envie de boufes une foufoune et un Q devant une caméra Feita Keita (discuter)
textdetox@01907546324b0330d2d8b7669648cc18823323e5/fr/004854	fr	1	Je te dirais donc d aller te faire voir, je n ai pas de temps à perdre avec un péteux qui je permet de me juger sans me connaître.
textdetox@01907546324b0330d2d8b7669648cc18823323e5/fr/004855	fr	1	Je suis un énorme suceur de queue de modérateur qui passe sa journée à me branler en corrigeant des fautes
textdetox@01907546324b0330d2d8b7669648cc18823323e5/fr/004856	fr	1	Ce n est pas une passion pour le penis que vous avez, mais une envie de vous foutre de la gueule du monde.
textdetox@01907546324b0330d2d8b7669648cc18823323e5/fr/004857	fr	1	Il paraît que toi et tes potes Matpib et Malost vous avez engagé une pouffiasse.
textdetox@01907546324b0330d2d8b7669648cc18823323e5/fr/004858	fr	1	Concernant l article en particulier et le vandalisme en général hélas je ne sais pas non plus ce qui peut passer dans la tête de ces petits cons et quel intérêt ils y trouvent...
textdetox@01907546324b0330d2d8b7669648cc18823323e5/fr/004859	fr	1	Toi va te faire foutre avec tes conneries moi je pense que c est les poissons rouges qui kidnappe les hommes pour qu ils soient leurs animaux de compagnies
textdetox@01907546324b0330d2d8b7669648cc18823323e5/fr/004860	fr	1	Allez vous faire enculer sale fasciste analphabète, si Nintendo décide que le Gamecube est masculin, il est masculin.
textdetox@01907546324b0330d2d8b7669648cc18823323e5/fr/004861	fr	1	t fouou koi g former black pyramid depuis 1993 ta kelke chose à rajouter fils de put de colonisateur!!!!Black pyramid
textdetox@01907546324b0330d2d8b7669648cc18823323e5/fr/004862	fr	1	Les vieux des forums n en ont rien à foutre, pas la peine de venir se faire reverter pour une connerie.
textdetox@01907546324b0330d2d8b7669648cc18823323e5/fr/004863	fr	1	TU EMMERDE] WIKIPÉDIA !
textdetox@01907546324b0330d2d8b7669648cc18823323e5/fr/004864	fr	1	a été enculé dans toute l histoire de l humanité.
textdetox@01907546324b0330d2d8b7669648cc18823323e5/fr/004865	fr	1	Si on fait un constat on constate que un president homo et ces serviteurs batards il monque seulement a ce staff une pute comme vous avec respect bien sur t.o le 04.02.2011 ali dwali
textdetox@01907546324b0330d2d8b7669648cc18823323e5/fr/004866	fr	1	t un boufon espece de conard Message déposé par Thibaut34fr34fr34fr (d)
textdetox@01907546324b0330d2d8b7669648cc18823323e5/fr/004867	fr	1	En plus d être un sale nazi doublé d une tapette, tu es un voleur comme un  vulgaire arabe de banlieue ... Signé le Führer
textdetox@01907546324b0330d2d8b7669648cc18823323e5/fr/004868	fr	1	En fait je VOUS trouve idiots bande de Chacals, vous êtes immorales, insensibles et terriblement indiscrets.
textdetox@01907546324b0330d2d8b7669648cc18823323e5/fr/004869	fr	1	à bas les femmes!
textdetox@01907546324b0330d2d8b7669648cc18823323e5/fr/004870	fr	1	Désolé si je n entends rien à ce que ce gars là ose prétendre, c est qu il parle avec son trou du cul (censuré!).
textdetox@01907546324b0330d2d8b7669648cc18823323e5/fr/004871	fr	1	La racaille rouge pratique le terrorisme intellectuel !
textdetox@01907546324b0330d2d8b7669648cc18823323e5/fr/004872	fr	1	Les imams et les curetons, même en herbe, n ont rien à foutre sur un espace dédié au partage de la connaissance, qu ils s occupent donc de continuer à violer leurs enfants de coeur en toute impunité et nous lâchent un peu les miches.
textdetox@01907546324b0330d2d8b7669648cc18823323e5/fr/004873	fr	1	Utilisateur:Jules78120|Jules] Petite Pute.
textdetox@01907546324b0330d2d8b7669648cc18823323e5/fr/004874	fr	1	T aimes les léchouiller les grosses coucouilles à papa.
textdetox@01907546324b0330d2d8b7669648cc18823323e5/fr/004875	fr	1	j ai été arnaqué par une Adjoua Cristine KOFFI ( kofficristine@yahoo.fr // cristineamour2009@live.fr) elle est de abidjan elle vole de l argent j espère que c est pas pour votre association car cela voudrait direque vous etes complices de nombreux vole elle m a volé avec bcp de mensonge plus de 9000€ et par d autre voleuse ivoirienne je pense que vous êtes un peuple de volers qui ne travail pas mais qui vole les français alors soit vous remboursez soit vous etes complice salut
textdetox@01907546324b0330d2d8b7669648cc18823323e5/fr/004876	fr	1	Ta geule veu dire un mot Vulgarism comme Nike Ta mere voila Va Te faire encule ou tg ou ferme ta geule!!
textdetox@01907546324b0330d2d8b7669648cc18823323e5/fr/004877	fr	1	bonjour les petit fils de pute aller vous faire foutres bande d enculer aller niker vos mère bande de fils de putes!!
textdetox@01907546324b0330d2d8b7669648cc18823323e5/fr/004878	fr	1	bloque moi petite bite !
textdetox@01907546324b0330d2d8b7669648cc18823323e5/fr/004879	fr	1	Vous êtes à gerber !!!
textdetox@01907546324b0330d2d8b7669648cc18823323e5/fr/004880	fr	1	Israël c’est le cancer de ce monde, une maladie incurable , et toutes les guerres dans ce monde c’est a cause les les sionistes vraiment on a besoin d une autre SHOUA pour finir avec ces porcs.
textdetox@01907546324b0330d2d8b7669648cc18823323e5/fr/004881	fr	1	et la preuve, le monde d aujourduit est sous le menace des juifs la sale race, vous ne voyez pas les enfants de la palastine ??
textdetox@01907546324b0330d2d8b7669648cc18823323e5/fr/004882	fr	1	Ton article comportait   c est une plaque a la con qui pue le vomit de raclure de bidet.
textdetox@01907546324b0330d2d8b7669648cc18823323e5/fr/004883	fr	1	j`aimerai dire a ce petit nin sessi tu la honte du monde arabe tu es un vendu et tu es un traitre et le gros probléme ce cette bande de lâche qui ont votée pour toi, ces vendus comme ils nous en habitués et maintenent qu`il vous a augmenté les prix de votre besoin alimentaire ce bien fait pour votre guêle de cons ,a genou bande des lâches ,et ce ne pas fini l`humiliation ,quand a sessi
textdetox@01907546324b0330d2d8b7669648cc18823323e5/fr/004884	fr	1	DE TE TIRER UNE BALLE DANS LA TÊTE
textdetox@01907546324b0330d2d8b7669648cc18823323e5/fr/004885	fr	1	LA RAIE AUTANT QUE VOUS ETES MES SALOPES !
textdetox@01907546324b0330d2d8b7669648cc18823323e5/fr/004886	fr	1	pour « travaux inédits », SVP, ça m honorerait, bandes de cons !
textdetox@01907546324b0330d2d8b7669648cc18823323e5/fr/004887	fr	1	alors les trous du cul ?
textdetox@01907546324b0330d2d8b7669648cc18823323e5/fr/004888	fr	1	Va bruler ton fiel et revient nous lorsque l amertume sera passée.
textdetox@01907546324b0330d2d8b7669648cc18823323e5/fr/004889	fr	1	Tu veux un exemple, voila la première page du site    rien de mieux sous la main comme prophète que Mahomerde l ordure, un dieu tellement sous-merde que son chef d œuvre est un navet, un ramassis d insanités juste bon à se torcher le cul, écrit pour des dégénérés, et des détraqués sexuels, mode d emploi pour terroristes, pédophiles et désaxés en tout genre.
textdetox@01907546324b0330d2d8b7669648cc18823323e5/fr/004890	fr	1	Vous devez certainement être né sans cerveau pour affirmer une chose pareille, surtout lorsque j ai publié mon CV.
textdetox@01907546324b0330d2d8b7669648cc18823323e5/fr/004891	fr	1	La seule idiotie que je voie à ton égard,
textdetox@01907546324b0330d2d8b7669648cc18823323e5/fr/004892	fr	1	Effectivement, je ne sais pas qui est le couillon qui a pondu cette merde, mais je vais corriger le tir vite fait bien fait.
textdetox@01907546324b0330d2d8b7669648cc18823323e5/fr/004893	fr	1	tire toi une balle criss de gay tu liche des queue conserver depuis ta petite enfance de merde de lécheur de cul nègre pas propre pi qui sert de bouclier humain pour que la bite a ta mère pousse tranquille
textdetox@01907546324b0330d2d8b7669648cc18823323e5/fr/004894	fr	1	SAID IL A DES ENFATS DANS ALGERIE et je demande de les tuer sans morfine et injection de anistiser
textdetox@01907546324b0330d2d8b7669648cc18823323e5/fr/004895	fr	1	va te faire enculer batard de juif demodo on va te gazer.
textdetox@01907546324b0330d2d8b7669648cc18823323e5/fr/004896	fr	1	avant de leur faire une bonne pénétration avec ma grosse et longue bite Baise75 (discuter)
textdetox@01907546324b0330d2d8b7669648cc18823323e5/fr/004897	fr	1	bloque moi petite bite !
textdetox@01907546324b0330d2d8b7669648cc18823323e5/fr/004898	fr	1	Cordialement, L emmerdeur de Wikipédia France.
textdetox@01907546324b0330d2d8b7669648cc18823323e5/fr/004899	fr	1	t est nul proute proute tu est un cochon ahahahahahahhahahhahaha
textdetox@01907546324b0330d2d8b7669648cc18823323e5/fr/004900	fr	1	Le violent mépris que m inspirent certains cons et leurs méthodes d  arabes de blame semblant incompatibles avec un quelconque plaisir à collaborer à ce projet, il méritent d être exterminés.
textdetox@01907546324b0330d2d8b7669648cc18823323e5/fr/004901	fr	1	Sieg Heil jeunes nazillons prépubères !
textdetox@01907546324b0330d2d8b7669648cc18823323e5/fr/004902	fr	1	Quant au panier de crabes qu est l administration de Wikipédia, avec ce gros (*.%£`) d Hégésippe Cormier en vedette, je préfère ne pas dire ici ce que j en pense.
textdetox@01907546324b0330d2d8b7669648cc18823323e5/fr/004903	fr	1	Si des idiots de stewards me bloquent, ce sera parce que des éditeurs comme antandrus & plystar93 ont une place particulière pour le vandalisme, malheureusement c est la norme de wikipedoia!
textdetox@01907546324b0330d2d8b7669648cc18823323e5/fr/004904	fr	1	, JE TE TUERAIS, ENCULÉ !
textdetox@01907546324b0330d2d8b7669648cc18823323e5/fr/004905	fr	1	vas chier fils de chien.
textdetox@01907546324b0330d2d8b7669648cc18823323e5/fr/004906	fr	1	, n ai pas la haine petit fils de poulpe $
textdetox@01907546324b0330d2d8b7669648cc18823323e5/fr/004907	fr	1	il fait de la merde dor dans de la merde et une merde die de la merde et chi de la merde ok il a des pote stiler come partyrap
textdetox@01907546324b0330d2d8b7669648cc18823323e5/fr/004908	fr	1	bloque moi petite bite !
textdetox@01907546324b0330d2d8b7669648cc18823323e5/fr/004909	fr	1	Je voudrais bien savoir qui est le fils de pute qui a écrit que paul walker était mort d un accident de lama c est une honte et on devrait coupé les couille de se gros con
textdetox@01907546324b0330d2d8b7669648cc18823323e5/fr/004910	fr	1	Et  le midi libre se fait enculer par un trans !  ça passe comme source secondaire ?
textdetox@01907546324b0330d2d8b7669648cc18823323e5/fr/004911	fr	1	Et tu continues à défendre ta pute de persanne dévoilée.
textdetox@01907546324b0330d2d8b7669648cc18823323e5/fr/004912	fr	1	tu n l merite ps trvail pour le Maroc go to the hell you and yr wiki
textdetox@01907546324b0330d2d8b7669648cc18823323e5/fr/004913	fr	1	tu es trop gentil de me prendre pour un con on va se voir en chair et en os là j aurai des choses à te dire a bientôt inconnu censeur qui se croit à l abri
textdetox@01907546324b0330d2d8b7669648cc18823323e5/fr/004914	fr	1	Va bien te faire foutre gros zoubard de merde, t a pas de vie pour supprimer des messages sur la page de MARIE
textdetox@01907546324b0330d2d8b7669648cc18823323e5/fr/004915	fr	1	Si tu as quelque chose à dire, je te rappelle que tu es sur la page de discussion d un arbitrage alors tu ouvres une section à ton nom, et tu donnes ton témoignage, au lieu de venir faire du trollage en venant poster sur un espace en principe réservé aux réponses de EL, et en le qualifiant de « facheux », ce qui, fais-tu finement remarquer, n est pas différent de  sale con .
textdetox@01907546324b0330d2d8b7669648cc18823323e5/fr/004916	fr	1	, les salops pasque wiki cest que du con !!!
textdetox@01907546324b0330d2d8b7669648cc18823323e5/fr/004917	fr	1	que c est un gros con**** qui plante ses put**** de graines transgéniques autour des champs mexicains
textdetox@01907546324b0330d2d8b7669648cc18823323e5/fr/004918	fr	1	Oui et bien tu es un abruti rien à ajouter de plus.
textdetox@01907546324b0330d2d8b7669648cc18823323e5/fr/004919	fr	1	je veux savoir que c est des cons.
textdetox@01907546324b0330d2d8b7669648cc18823323e5/fr/004920	fr	1	yen a mar ke lé prof y méte dé sujé de merde
textdetox@01907546324b0330d2d8b7669648cc18823323e5/fr/004921	fr	1	Josido démissionne va te faire foutre !
textdetox@01907546324b0330d2d8b7669648cc18823323e5/fr/004922	fr	1	What the fuck is your problem ?
textdetox@01907546324b0330d2d8b7669648cc18823323e5/fr/004923	fr	1	Vous avez tous entendu personne ne doit écrire parce que même si vous avez lu les règles de Wikipédia comme tout le monde, vous êtes trop con pour comprendre leur porté.
textdetox@01907546324b0330d2d8b7669648cc18823323e5/fr/004924	fr	1	je voulai juste te dire que tes un homm mort ps va niquer ta race tes gran mort ta famill et ta femme ki est egalement une grosse petasse sa mer et pis esepes dE FILS DE PUTEE ET AURVOIR PEDE
textdetox@01907546324b0330d2d8b7669648cc18823323e5/fr/004925	fr	1	Selon tes dires, tu ne vois alors aucune objection ç ce que j ejacule dans la bouche de ta soeur par exemple ou de ta maman ?
textdetox@01907546324b0330d2d8b7669648cc18823323e5/fr/004926	fr	1	va manger une bite fils de pute de gauchiste
textdetox@01907546324b0330d2d8b7669648cc18823323e5/fr/004927	fr	1	il etait une fois une petite bite qui savait pas comment renterer ds la chatte a la voisine et d un coup un god michou lui donna une capote et de l elubrifiant et d un coup sa rentrer mieux
textdetox@01907546324b0330d2d8b7669648cc18823323e5/fr/004928	fr	1	Sale fumier Serein va te faire enculer!
textdetox@01907546324b0330d2d8b7669648cc18823323e5/fr/004929	fr	1	, vous perdez votre temps à parler avec ce , énième résurgence de , qui s est fait bloqué indéf pour avoir joué au con et qui, depuis, se manifeste épisodiquement en pdd pour   nous   prendre pour des cons - dernier méfait en date, outre son salissement d articles, et cette perle de POINT explicitement revendiquée.
textdetox@01907546324b0330d2d8b7669648cc18823323e5/fr/004930	fr	1	Vous seriez pas un peu du genre à raller parcequ il y a trop de bougnoules dans l équipe de France aussi ?
textdetox@01907546324b0330d2d8b7669648cc18823323e5/fr/004931	fr	1	Franchement, si l on analyse sereinement votre commentaire, aucun doute vous êtes un imbécile.
textdetox@01907546324b0330d2d8b7669648cc18823323e5/fr/004932	fr	1	a supprimer tout ce que j ai modifier la con de ta race qu est ce que t y comprends toi aux bus de nice lyonnais de merde chupa!
textdetox@01907546324b0330d2d8b7669648cc18823323e5/fr/004933	fr	1	Ma réponse aux trous du cul qui censurent cette encyclopédie soit disant libre, mais qui n est qu un putain de club fermé de connards qui se foutent de la liberté, mais adorent exercer des pouvoirs qu ils ne devraient pas avoir!
textdetox@01907546324b0330d2d8b7669648cc18823323e5/fr/004934	fr	1	Karl maex est un gros pd avec une barbe de 2 mètres, son seul exploit est d avoir mangé 320 hot
textdetox@01907546324b0330d2d8b7669648cc18823323e5/fr/004935	fr	1	repondu, mes vulgarités sont la conséquence de ton foutage de gueule à vouloir coute que coute continuer ce copyvio, malgré mon messageChaps
textdetox@01907546324b0330d2d8b7669648cc18823323e5/fr/004936	fr	1	Donne m en une provision aussi... Saleté de piaf !
textdetox@01907546324b0330d2d8b7669648cc18823323e5/fr/004937	fr	1	vojus r a c e d i me r de di pute
textdetox@01907546324b0330d2d8b7669648cc18823323e5/fr/004938	fr	1	Il faut vraiment cesser de prendre le point de vue de Suger sur cette reine Pédauque, et de parler de  décisions inconsidérées  qui consistent toutes à mettre un peu de joie dans le monde sinistre d oïl qui fomente ses croisades pédérastes et nécromanes.
textdetox@01907546324b0330d2d8b7669648cc18823323e5/fr/004939	fr	1	, je te conseille de continuer à te cacher parce que le jour où tu m en donnera l occasion, pauvre ordure déchet de ta mère vérolée, je vais t éclater la gueule.
textdetox@01907546324b0330d2d8b7669648cc18823323e5/fr/004940	fr	1	Votre blog est merdique !
textdetox@01907546324b0330d2d8b7669648cc18823323e5/fr/004941	fr	1	Allez zou sale baltringue.
textdetox@01907546324b0330d2d8b7669648cc18823323e5/fr/004942	fr	1	Ton Christ a baisé sa mère pour lui faire un gosse et toi tu es le résultat de relations consanguines.
textdetox@01907546324b0330d2d8b7669648cc18823323e5/fr/004943	fr	1	lance une page sur Damour batard et fous nous la paix!   
textdetox@01907546324b0330d2d8b7669648cc18823323e5/fr/004944	fr	1	Si j ai bien vu que tu as fait la démarche et auprès de plusieurs administrateurs, c en est d autant plus pathétique, je t imagine en train de pleurer comme une ptite p*p*te parce qu une fille a été méchante avec toi ( bah en général troller des débiles mentaux c est assez génial donc non tu m excuseras mais je ne me priverai pas de ce plaisir mon gros puceau!
textdetox@01907546324b0330d2d8b7669648cc18823323e5/fr/004945	fr	1	Il faudrait supprimer ce sujet, qu est ce qu on à rien à battre de la disparition de ce parasite marocain, il est pas du tout juif, c est juif rif.
textdetox@01907546324b0330d2d8b7669648cc18823323e5/fr/004946	fr	1	C est bien une attaque personnelle, en effet... et pauvre trou duc , tu peux contribuer à me révoquer, je m en fous.
textdetox@01907546324b0330d2d8b7669648cc18823323e5/fr/004947	fr	1	Mais bon, à croire que vous êtes tous cons, et bien allez vous faire voir .
textdetox@01907546324b0330d2d8b7669648cc18823323e5/fr/004948	fr	1	bloque moi petite bite !
textdetox@01907546324b0330d2d8b7669648cc18823323e5/fr/004949	fr	1	Hélas, il est IMPOSSIBLE de raisonner Marc1981 qui est bel et bien un imbécile (encore plus que je ne le croyais) et qui,de plus, ne comprend rien à rien.
textdetox@01907546324b0330d2d8b7669648cc18823323e5/fr/004950	fr	1	et vous étes nuls et tout vos truque
textdetox@01907546324b0330d2d8b7669648cc18823323e5/fr/004951	fr	1	,de salope ,de conasse met toi wiki dans lcul et va te faire chié dsus ,pk ta supprimé salope ,jte retrouve t es m****e jte nike la gule facebookfacebook
textdetox@01907546324b0330d2d8b7669648cc18823323e5/fr/004952	fr	1	la fin sur la regle d or JE V T BAISEZ TA INTERAIS A QUE T
textdetox@01907546324b0330d2d8b7669648cc18823323e5/fr/004953	fr	1	FEMEN = « Désormais, tous les homophobes, extrémistes et fascistes devront lécher mon cul pour envoyer une lettre !
textdetox@01907546324b0330d2d8b7669648cc18823323e5/fr/004954	fr	1	Mais après tout, ce n est pas grave, je ne désespère pas du tout de voir un de ces jours des administrateurs de Wikipédia enfin comprendre qu il faut vous nettoyer de cette encyclopédie, vous, et votre minable clique de petits psychanalystes
textdetox@01907546324b0330d2d8b7669648cc18823323e5/fr/004955	fr	1	comme ce peuple qui veut ce monde, celui qui gère les ondes, si tu causes de ces bâtards tu tombes  Chanson Normal Mais aussi les paroles homophobes  Je crois qu’il est grand temps que les pédés périssent, coupe leur le pénis, laisse les morts, retrouvés sur le périphérique  Chanson On t a humilié  Il y a à mon goût beaucoup trop de gays  Chanson Oeil de verre  on dit quoi gouvernés par des gays ?  
textdetox@01907546324b0330d2d8b7669648cc18823323e5/fr/004956	fr	1	TU N ES QU UN CONNARD, UN SALAUD, UN MERDEUX, UN CRÉTIN, UN IDIO|, UN IMBÉCILE, UNE BOUSE DE VACHE, UN PUTAIN DE VEILLARD !
textdetox@01907546324b0330d2d8b7669648cc18823323e5/fr/004957	fr	1	Mais ce l on sait par contre, c est qu il est très con, puisqu il est, à demi autiste !
textdetox@01907546324b0330d2d8b7669648cc18823323e5/fr/004958	fr	1	vas chier fils de chien.
textdetox@01907546324b0330d2d8b7669648cc18823323e5/fr/004959	fr	1	Si ta rien d autre a foutre que supprimé des pages Wikipédia de jeune artiste, suicide toi -    Bonjour à vous aussi    
textdetox@01907546324b0330d2d8b7669648cc18823323e5/fr/004960	fr	1	Une pute dont on exploite la notoriété liée à un scandale de mœurs pour vendre de la lingerie, ça n a pas sa place sur WP.
textdetox@01907546324b0330d2d8b7669648cc18823323e5/fr/004961	fr	1	Moi je maintiens que des connards qui insultent, menacent, tabassent et volent, comme on a pu le voir lors du CPE sont des nazis.
textdetox@01907546324b0330d2d8b7669648cc18823323e5/fr/004962	fr	1	Perso (et heureusement que je ne suis pas admin) je me mettrai indéf car des fouteurs de merde comme moi n ont qu à aller se faire foutre.
textdetox@01907546324b0330d2d8b7669648cc18823323e5/fr/004963	fr	1	Le plus con du net, le kéké du village wiquicaca dont j en suis l une des nombreuses merdes.
textdetox@01907546324b0330d2d8b7669648cc18823323e5/fr/004964	fr	1	Eh toi, la pute, t as intérêt de fermer ta geule, sinon je t encule avec mon godemichet que tu dises     Oh ouui, oh oui!
textdetox@01907546324b0330d2d8b7669648cc18823323e5/fr/004965	fr	1	, vous comprendriez que l’insulte vient de DR brains, de vos allusions foireuses (certains commentaires se passent de commentaire) et c’est vous qui passez pour des imbéciles et des crétins sectaires… Je me fiche totalement d’être pris au sérieux par des comiques dans votre genre !
textdetox@01907546324b0330d2d8b7669648cc18823323e5/fr/004966	fr	1	Izwalito est un vandale et on devrait l incinérer, on ne court aucun risque vu qu il à dajà été l objet d abus de pouvoir sans que ça ne touche personne, allons cherche le bidon d essance et les allumettes.
textdetox@01907546324b0330d2d8b7669648cc18823323e5/fr/004967	fr	1	Bonjour,       , La page    Merde au cul    que vous avez créée vient d être supprimée par l administrateur Aristote2 avec le commentaire «   contenait avant blanchiment « Avoir de la merde au cul est vraiment très désagréable.
textdetox@01907546324b0330d2d8b7669648cc18823323e5/fr/004968	fr	1	ok ce à quoi je répondrai par un aimable, ce qui manque de culture, devienne toujours grossier par la force des choses... et pour te répondre dans ton aimable langage   MAIS VAS TE FAIRE ENCULER...GROS CON D  IGNARE !
textdetox@01907546324b0330d2d8b7669648cc18823323e5/fr/004969	fr	1	Vous devez savoir que c est toutes les pédales comme vous avec votre débris qui est mort qui faites proliférer cette maladie, qui n est que mensonges volontairement eructés pour vous faire mousser auprès du public.
textdetox@01907546324b0330d2d8b7669648cc18823323e5/fr/004970	fr	1	Tu as un compte à régler avec moi je me fais chier à comprendre le problème, à répondre, à faire une proposition de déblocage et tu viens me pisser sur la cuisse en remerciement.
textdetox@01907546324b0330d2d8b7669648cc18823323e5/fr/004971	fr	1	Panam est un con sensus à lui tout seul, comme il l a souvent prouvé.
textdetox@01907546324b0330d2d8b7669648cc18823323e5/fr/004972	fr	1	UNIONAINS les medias marocains sont pauvres et font la charité de pecher les phrases plausibles LES HACKERS AVEC LES MÉDIAS ET SORCIERS MAROCAINS ONT TATOUÉE DANS LEURS RECTUMS (ONCLE GOOGLE) ET DISENT QUE VOS TÉLÉPHONES SONT VOS BAGUES DE MARIAGES (ALLÔ ,OU EST TU SALE PUTE ?
textdetox@01907546324b0330d2d8b7669648cc18823323e5/fr/004973	fr	1	Comment une bicyclette pourrait être enculée de sa mère, je ne comprends pas.
textdetox@01907546324b0330d2d8b7669648cc18823323e5/fr/004974	fr	1	VEINY COCK YOU PUSS.
textdetox@01907546324b0330d2d8b7669648cc18823323e5/fr/004975	fr	1	VA TE FAIRE ENCULER, ça t’aérera le seul neurone encore actif chez toi qui pense comme un TROU DU CUL.
textdetox@01907546324b0330d2d8b7669648cc18823323e5/fr/004976	fr	1	Meodudlye, tu aurais un minimum de couilles, intellectuellement parlant, tu arriverais avec des arguments honorables et tu t en tiendrais à la réalité.
textdetox@01907546324b0330d2d8b7669648cc18823323e5/fr/004977	fr	1	Fille de Pute, Je t emmerde va te faire enculer, petasse
textdetox@01907546324b0330d2d8b7669648cc18823323e5/fr/004978	fr	1	, la plupartdes marocians aime se faire mettre donc la question ests imple le maroc est un royaume homo sa race
textdetox@01907546324b0330d2d8b7669648cc18823323e5/fr/004979	fr	1	LA PEAU, FILS DE PUTE !
textdetox@01907546324b0330d2d8b7669648cc18823323e5/fr/004980	fr	1	, c est bon, tu mérites vraiment tes galons dans la catégorie:dictateur.
textdetox@01907546324b0330d2d8b7669648cc18823323e5/fr/004981	fr	1	Momo Boubentairqui el-Assad, est un philosophe du siecle des Lumières, né en 2040 à Botafogo et oui ce petit enculer est dans le turfu!
textdetox@01907546324b0330d2d8b7669648cc18823323e5/fr/004982	fr	1	Je m en fous ton site de propagande révisionniste je m en passerai je corrige ce que j aime dans le bon sens de l histoire pas dans le sens des agents de merde dans ton genre dégage avec tes messages  vandalisme  mdr bouffon...
textdetox@01907546324b0330d2d8b7669648cc18823323e5/fr/004983	fr	1	Nous avons corrigé les petites saloperies que vous avez écrites en vous cachant courageusement derrière votre adresse IP.
textdetox@01907546324b0330d2d8b7669648cc18823323e5/fr/004984	fr	1	Bitofion et Bitenlair sont deux personnage atypique dans l univers du jeux vidéo moderne, leur but est de baiser des femmes geek et de les sodomiser
textdetox@01907546324b0330d2d8b7669648cc18823323e5/fr/004985	fr	1	A savoir que les ZantiSSectes, prévenchiasses et l UNADFI ont menti en faisant croire à l opinion publique que les raëliens avaient violés des adolescentes de moins de 15 ans.
textdetox@01907546324b0330d2d8b7669648cc18823323e5/fr/004986	fr	1	A l intention de Lomichèvre Fichier:Saanenziege.jpg coucou sale pute, t as vu ta copine t appelle alors lève ton gros cul et va la retrouver, espèce d ordure.
textdetox@01907546324b0330d2d8b7669648cc18823323e5/fr/004987	fr	1	, la section en francais de terence trent d arby etant vide je l ai remplie avec des details sur sa bio et sa disco, et toi tu viens foutre la merde avec le copyright?
textdetox@01907546324b0330d2d8b7669648cc18823323e5/fr/004988	fr	1	enculé de sa race    aura eu près de dix fois plus de votes    Conserver    que ma petite traduction du wiki anglais avec un titre initial certes maladroit.
textdetox@01907546324b0330d2d8b7669648cc18823323e5/fr/004989	fr	1	Mais c est vrai qu il ne s agissait que de nègres, cette engeance maudite de Cham...
textdetox@01907546324b0330d2d8b7669648cc18823323e5/fr/004990	fr	1	Vous n êtes que de grands adolescents arriérés qui prenez vos désirs pour des réalités et censurez sous des faux prétextes ceux qui ne bêlent pas avec vous.
textdetox@01907546324b0330d2d8b7669648cc18823323e5/fr/004991	fr	1	a créé le compte Utilisateur:Tu me fé chier (Discuter | Contributions | Bloquer)
textdetox@01907546324b0330d2d8b7669648cc18823323e5/fr/004992	fr	1	Bon, mon petit, je chie sur ta mère qui pue le cadavre de chien.
textdetox@01907546324b0330d2d8b7669648cc18823323e5/fr/004993	fr	1	bonsoir putin je tu donne2bolair eur pour une belle reket au fils de zouk dar hassen
textdetox@01907546324b0330d2d8b7669648cc18823323e5/fr/004994	fr	1	un sal batard de mes couill tu suce la bite de sarko nik tes mort ta mer ta famill ta race ta mer est une petass ton per une baltringue et toi un fils de put et un enqule je reviendrais tchaw
textdetox@01907546324b0330d2d8b7669648cc18823323e5/fr/004995	fr	1	L IP en question vous emmerde TOUS !
textdetox@01907546324b0330d2d8b7669648cc18823323e5/fr/004996	fr	1	D`IMBÉCILE DE RÉGUINNE, au nom de amber sale de crisse de Heard
textdetox@01907546324b0330d2d8b7669648cc18823323e5/fr/004997	fr	1	c t un pd de sa mere il etai hommo sexuel cela a etee prouver par le oubliusss sexuellux je vous enberde et bonne apetit
textdetox@01907546324b0330d2d8b7669648cc18823323e5/fr/004998	fr	1	Tu es vraiment un grand malade, tu as décidé de me pourrir la vie.
textdetox@01907546324b0330d2d8b7669648cc18823323e5/fr/004999	fr	1	Puisque vous continuer à chier sur moi, malgré ma pénitence et mes réparations, je vais vous le faire payer très cher !
