source_id	language	toxic	text
textdetox@01907546324b0330d2d8b7669648cc18823323e5/ja/000000	ja	1	信者は米国ではなく売国政党が非難されてる事を理解出来ない
textdetox@01907546324b0330d2d8b7669648cc18823323e5/ja/000001	ja	1	逃げ回る安倍チンゾー   支持率は3割台   森友説明納得せず8割
textdetox@01907546324b0330d2d8b7669648cc18823323e5/ja/000002	ja	1	まああの韓国やからな(´・ω・`)   むしろ防疫に注力したら韓国ちゃうわ
textdetox@01907546324b0330d2d8b7669648cc18823323e5/ja/000003	ja	1	そうだよな、靖国神社に奉納しろよ。   外人に余計な金回すぐらいなら直ぐにやれよ。
textdetox@01907546324b0330d2d8b7669648cc18823323e5/ja/000004	ja	1	総力上げて5チョン潰すぞ   専ブラ制作者に5チョン非対応にするよう呼び掛ける
textdetox@01907546324b0330d2d8b7669648cc18823323e5/ja/000005	ja	1	アベがーとかじゃなくてさ   ネトウヨが普段中国は死者を鞭打つ国ーとか言ってるからその矛盾はどうなのよと
textdetox@01907546324b0330d2d8b7669648cc18823323e5/ja/000006	ja	1	かかったな！   この窃盗犯は金福満、料理長は金満福だがや
textdetox@01907546324b0330d2d8b7669648cc18823323e5/ja/000007	ja	1	御大の絵は十分エロかったけど、悩みはあるんだな   つーか、あんな量の連載やっといてまだ練習するとかエグイなｗ
textdetox@01907546324b0330d2d8b7669648cc18823323e5/ja/000008	ja	1	だな。     死刑になって殉教者になるぐらいの覚悟が必要。
textdetox@01907546324b0330d2d8b7669648cc18823323e5/ja/000009	ja	1	それ言ったらハゲに無料でカツラを支給しないのは差別になるぞ
textdetox@01907546324b0330d2d8b7669648cc18823323e5/ja/000010	ja	1	全くその通りだと思う。     今日は飲み過ぎで定量オーバーw
textdetox@01907546324b0330d2d8b7669648cc18823323e5/ja/000011	ja	1	4年前は韓国フェアとやらをやったあとで   法則発動とか言われてムカついたから   敢えてざまあと言いたい山梨県民
textdetox@01907546324b0330d2d8b7669648cc18823323e5/ja/000012	ja	1	共産党は熊本の地震を見て募金詐欺ならやらかしたけどなｗ
textdetox@01907546324b0330d2d8b7669648cc18823323e5/ja/000013	ja	1	いや恐ろしいのは大衆というやつだわ     民主主義の自殺を招くのも大衆だ
textdetox@01907546324b0330d2d8b7669648cc18823323e5/ja/000014	ja	1	ホイミンが瀕死のライアンの口にからあげ詰め込むのか。
textdetox@01907546324b0330d2d8b7669648cc18823323e5/ja/000015	ja	1	ヒトラーって姪と愛人関係にあったんだっけ？ 姪は自○したけど
textdetox@01907546324b0330d2d8b7669648cc18823323e5/ja/000016	ja	1	殺人犯を擁護して妄想で責任転嫁するなんて   まるでどっかの国ですね
textdetox@01907546324b0330d2d8b7669648cc18823323e5/ja/000017	ja	1	韓国人大使が日本人活動家にやられた場合（あり得んが）の反応も凄そうだ   容易に想像できる
textdetox@01907546324b0330d2d8b7669648cc18823323e5/ja/000018	ja	1	おおごめん古いニュース見てた   選挙終わってアホック知事になってからもデモが継続してるんだね
textdetox@01907546324b0330d2d8b7669648cc18823323e5/ja/000019	ja	1	何故あの明らかなチョン顔を信用したりしちゃう人が多いのか・・
textdetox@01907546324b0330d2d8b7669648cc18823323e5/ja/000020	ja	1	できるよ。これは大抵の犯罪にいえるのだけど被害届を出すのは必ずしも誰がやったかわかってる必要はない
textdetox@01907546324b0330d2d8b7669648cc18823323e5/ja/000021	ja	1	大体いつもアジア時間の日中は   韓国政府が頑張ってる   夕方～夜に跳ね上がるパターンが多いよ
textdetox@01907546324b0330d2d8b7669648cc18823323e5/ja/000022	ja	1	この際だから、日本に帰化した連中や在日韓国人が帰国してくれないかね
textdetox@01907546324b0330d2d8b7669648cc18823323e5/ja/000023	ja	1	在日がいなけりゃ、あと三割減るわ！
textdetox@01907546324b0330d2d8b7669648cc18823323e5/ja/000024	ja	1	本当、チョンの言いがかりはイチャモンレベルだな
textdetox@01907546324b0330d2d8b7669648cc18823323e5/ja/000025	ja	1	>アメリカで韓人の移民の人権･権益擁護活動をする人々は、『不法滞在者』という用語を使わない。   代わりに『書類不備者』と呼んでいる。     こういう実態を隠した言葉選びがもうキモい
textdetox@01907546324b0330d2d8b7669648cc18823323e5/ja/000026	ja	1	酸素も過剰に摂取すると危険だから、呼吸税を導入しようず＾＾   SMプレイも度が過ぎると危険だからSM税を、キムチを食べ過ぎると前頭葉がイカレるから   キムチ税を。   財源の宝庫やで～＾＾
textdetox@01907546324b0330d2d8b7669648cc18823323e5/ja/000027	ja	1	手段が目的になってしまったゴミだろ。   民主を潰して政治活動という目的をなくすしかないな。   安倍先生も最低時給引き上げぐらいの強権発動すればいいのに。
textdetox@01907546324b0330d2d8b7669648cc18823323e5/ja/000028	ja	1	パヨクって何と戦ってるんだよｗみたいに思うことが多いんだが、ウヨクの人生も面倒くさそうだなぁ   自分に制限をかけるのは欲望だけでいいと思う
textdetox@01907546324b0330d2d8b7669648cc18823323e5/ja/000029	ja	1	週刊誌の皇嗣叩きも醜いが、だからと言って   ここでわざわざ両陛下をクサす必要もないけどな。
textdetox@01907546324b0330d2d8b7669648cc18823323e5/ja/000030	ja	1	靖国神社に参拝できない首相は日本にいらない   河野談話も取り消さねえし   本当に自民党は売国政党
textdetox@01907546324b0330d2d8b7669648cc18823323e5/ja/000031	ja	1	駆けつけ警護の訓練にそいつら相手に自衛隊に実力行使（）させればいいんだよ。   無論相手は曲がりなりにもテロリストだから実弾使用で。
textdetox@01907546324b0330d2d8b7669648cc18823323e5/ja/000032	ja	1	嫌韓を抜きにしたってさ   リピーター付けようって意志が微塵も無いんだもの   一見さんを使いきっただけの話でしかない
textdetox@01907546324b0330d2d8b7669648cc18823323e5/ja/000033	ja	1	なんJ風に「お前が死ぬんやで（社会的に）」っていいたい
textdetox@01907546324b0330d2d8b7669648cc18823323e5/ja/000034	ja	1	もう帰化しろなどという局面でもなければ   何十年も外国籍のまま暮らしてこれた事実がバカチョンの言うことなんざ   何もかも嘘だとわかる
textdetox@01907546324b0330d2d8b7669648cc18823323e5/ja/000035	ja	1	あ、そうそう。バブエのほうね、   確か元記事消えたのを理由に石野のほうのスレ立たんくなったんよ   恐らくその入れ知恵をしたのがもろきみで、そのためにDMさせろっていってたんじゃねえの？
textdetox@01907546324b0330d2d8b7669648cc18823323e5/ja/000036	ja	1	FBじゃない？久保田直己のぱよちん事件
textdetox@01907546324b0330d2d8b7669648cc18823323e5/ja/000037	ja	1	それにしてもはすみシバキリストって   ぱよくへの死の宣告みたいになってるねぇ
textdetox@01907546324b0330d2d8b7669648cc18823323e5/ja/000038	ja	1	消すと増えるを本質的に学習できないのだろうが   それでも目障りなところは潰したくてしょうがなかったんだろうな     まあ、これからおーぷんやまとめサイト狙いに絞ってくるのは間違いないわ
textdetox@01907546324b0330d2d8b7669648cc18823323e5/ja/000039	ja	1	巨大な壺の中でいじめっ子同士で殺し合わせて最後に残った一匹を殺処分すれば自殺者の無念も晴れよう
textdetox@01907546324b0330d2d8b7669648cc18823323e5/ja/000040	ja	1	チュンチョンはいらねぇけど   うち上がった？いまどのへん？
textdetox@01907546324b0330d2d8b7669648cc18823323e5/ja/000041	ja	1	この質問したバカヤロウには石の一つでも投げつけてやりたいな…。
textdetox@01907546324b0330d2d8b7669648cc18823323e5/ja/000042	ja	1	アカや宗教団体のテロがあったしね。
textdetox@01907546324b0330d2d8b7669648cc18823323e5/ja/000043	ja	1	愛国心があるなら河野談話を生み出した売国政党自民党には絶対に投票するな
textdetox@01907546324b0330d2d8b7669648cc18823323e5/ja/000044	ja	1	まあ、バカにされてもしゃーない部分はある   こんなテロリストを議員にしてしまうのだからな
textdetox@01907546324b0330d2d8b7669648cc18823323e5/ja/000045	ja	1	最高裁は政府の犬だから違憲審査しなさそう(根拠なし)という主張は見た気がしないでもない
textdetox@01907546324b0330d2d8b7669648cc18823323e5/ja/000046	ja	1	このスレの1000に俺の童貞を賭けさせてくれ
textdetox@01907546324b0330d2d8b7669648cc18823323e5/ja/000047	ja	1	＞「天皇を襲った人物が、日本人の目に良く映るわけがないよ」     まともな意見もあってびっくり
textdetox@01907546324b0330d2d8b7669648cc18823323e5/ja/000048	ja	1	いーや   アホなクレーム入れるヤツぁ、火付け役だね   そしてそのアホなクレームを受けて真顔で大問題にしようとするヤツぁ、実行犯だね
textdetox@01907546324b0330d2d8b7669648cc18823323e5/ja/000049	ja	1	ムーミン100周年？記念かなんか忘れたけどあの持ち上げられ宣伝されグッズ化されっぷりはなんかの向こう側の繋がりが関係してたりするのかな   とにかく中国韓国日本フィンランドで集まってたらあやしまれても仕方ないとは思う   潔白ならそれなりの行動はとってほしいもんね
textdetox@01907546324b0330d2d8b7669648cc18823323e5/ja/000050	ja	1	今時そんなのに騙される日本人は少ないよね。   韓国へ行く観光客の数をみればすぐに分かるよ。
textdetox@01907546324b0330d2d8b7669648cc18823323e5/ja/000051	ja	1	ここで地域叩くなと粘着してるキチガイも同類だな   正当な批判すらさせずにレッテル貼ってわめき散らすのは同じ封殺行為だ
textdetox@01907546324b0330d2d8b7669648cc18823323e5/ja/000052	ja	1	氷川きよしがそれだった気が   ノンケのマネージャーとトラブルに
textdetox@01907546324b0330d2d8b7669648cc18823323e5/ja/000053	ja	1	本名を使えと言われて告訴したり、本名を隠して偽名で暮らしたり、本名を削ったり、   嘘偽りの国だな、大韓民国 ← 韓国という呼称より、「大」が入っているこっちが好きらしいぞ。
textdetox@01907546324b0330d2d8b7669648cc18823323e5/ja/000054	ja	1	メタルラックで支那鮮製以外のってあるのかな
textdetox@01907546324b0330d2d8b7669648cc18823323e5/ja/000055	ja	1	それが傭兵じゃないんだよなあ   嘘でテロリストの警戒心を煽った罪はデカイ
textdetox@01907546324b0330d2d8b7669648cc18823323e5/ja/000056	ja	1	「ヨホ牛はしばき隊」とデマも流した事もあったし…     (；´Д｀)糞スレ立てるし、相手にするだけ時間の無駄…
textdetox@01907546324b0330d2d8b7669648cc18823323e5/ja/000057	ja	1	あの会見は神妙でしんどそうな顔にしか見えなかったけど   ニヤリとしたってどういう感性してるんだ…。
textdetox@01907546324b0330d2d8b7669648cc18823323e5/ja/000058	ja	1	あのブロック塀に関しては、パヨク関係なく、訴訟になれば行政側が   必ず負けるね
textdetox@01907546324b0330d2d8b7669648cc18823323e5/ja/000059	ja	1	パヨちんが定義する所の「ネトウヨ」がどうして中華メーカーを推すんだよw
textdetox@01907546324b0330d2d8b7669648cc18823323e5/ja/000060	ja	1	またチョンが原因の言論弾圧？   こういうことをするから嫌われる。   チョンがチョン(半人前)と呼ばれる理由は、学習能力がないから。
textdetox@01907546324b0330d2d8b7669648cc18823323e5/ja/000061	ja	1	「ネトウヨがー」「パヨクガー」   お互いレッテル貼りしかできないのかよ…     (；´Д｀)な、ここまで見てきて、オツムの中身が一緒だろw
textdetox@01907546324b0330d2d8b7669648cc18823323e5/ja/000062	ja	1	痴漢冤罪の場合は認めないと警察様に監禁され続けるじゃん   その点はモリカケの方がマシ
textdetox@01907546324b0330d2d8b7669648cc18823323e5/ja/000063	ja	1	李信恵は日韓友好なんか、これっぽっちも考えていないだろ。   サーチナの編集担当時代なんか、日本人を嫌韓にさせるような韓国発の記事を   ひたすら取り上げていたから、コイツは北朝鮮側の人間だと思っている。
textdetox@01907546324b0330d2d8b7669648cc18823323e5/ja/000064	ja	1	日本のボンクラ学生より優秀な韓国の学生取ったほうがいいもんな   日立製作所は韓国人社員増やすらしいし
textdetox@01907546324b0330d2d8b7669648cc18823323e5/ja/000065	ja	1	言ってたね。民主党はどこまでもクソ。支持者もクソ。
textdetox@01907546324b0330d2d8b7669648cc18823323e5/ja/000066	ja	1	衆愚政治は恐ろしいとしか     日本だって鳩山を総理にしたアホが過半数だったから笑えないけど
textdetox@01907546324b0330d2d8b7669648cc18823323e5/ja/000067	ja	1	世田谷は韓国人のDNAが   一致して引き渡しを要求してなかったか？
textdetox@01907546324b0330d2d8b7669648cc18823323e5/ja/000068	ja	1	犬畜生にも劣る者と言う言いまわしが日本にはある   あいつらはまさにそれだと言う他はないね
textdetox@01907546324b0330d2d8b7669648cc18823323e5/ja/000069	ja	1	まるでパヨク＝朝鮮人みたいな言い方は止めたまえ（棒）
textdetox@01907546324b0330d2d8b7669648cc18823323e5/ja/000070	ja	1	パヨクを常日頃擁護するマスゴミがこぞって報道すらしない、ということは疑惑どころか真っ黒だな
textdetox@01907546324b0330d2d8b7669648cc18823323e5/ja/000071	ja	1	これまでも嘘ばかりついてるから信用できない
textdetox@01907546324b0330d2d8b7669648cc18823323e5/ja/000072	ja	1	目的を持って子供を作るという発想は   奴隷制度や食人習慣と根っこが同じだと思う   忌まわしい未開の脳味噌から出てくる代物だよ
textdetox@01907546324b0330d2d8b7669648cc18823323e5/ja/000073	ja	1	普通は5chmateに変えると思うけど、5を抜くんだね。   何か嫌な語音だもんね。
textdetox@01907546324b0330d2d8b7669648cc18823323e5/ja/000074	ja	1	あの老害達に何も言えなかった、党幹部が不甲斐なかったからだろう…。
textdetox@01907546324b0330d2d8b7669648cc18823323e5/ja/000075	ja	1	北は拉致事件、南は仏像泥棒や窃盗団、振り込め詐欺、ラフプレー、水泳の…カメラの人、産経支局長、徴用工訴訟、密漁…   支那は反日デモで百貨店襲撃、日本車破壊…もういいや   えーと、うまくやってる...
textdetox@01907546324b0330d2d8b7669648cc18823323e5/ja/000076	ja	1	>パヨクの悪事がバレそうだから必死に喚いている。   こいつが騒いだことで、さらに科研費の注目度が上がったよな   まあマスゴミはスルーしてるから、気づいてない人がまだまだ多いと思うけど
textdetox@01907546324b0330d2d8b7669648cc18823323e5/ja/000077	ja	1	流石に   「サインの文字がキノコ雲に似ている！」とか言い出した時は   バカなんじゃねぇかと思ったけど
textdetox@01907546324b0330d2d8b7669648cc18823323e5/ja/000078	ja	1	韓国人を受け入れるならいいじゃないか   回復しつつある景気に勢いをつけるためにも必要なことだ
textdetox@01907546324b0330d2d8b7669648cc18823323e5/ja/000079	ja	1	第二・第三の韓流ってことじゃね？     マスコミが   バックアップ（）してんだもんw
textdetox@01907546324b0330d2d8b7669648cc18823323e5/ja/000080	ja	1	俺の中ではサヨクと神道は結びつかないんだけどな   あれは単にWGIPに洗脳されてるアホか又は人々を騙そうとする工作員だと思うけど
textdetox@01907546324b0330d2d8b7669648cc18823323e5/ja/000081	ja	1	性犯罪を犯す予定は無いんで別に不都合はない。
textdetox@01907546324b0330d2d8b7669648cc18823323e5/ja/000082	ja	1	転載騒動の時やチョン船沈没の時と同じ   人海戦術でスレの流れを制御しようとするんだが   明らかに日本人の思考ではないのが丸分かり
textdetox@01907546324b0330d2d8b7669648cc18823323e5/ja/000083	ja	1	今回の妥結にアメリカが必死になったのは   朝鮮戦争の火の粉が我が身に降りかかるのを嫌ったんだろう
textdetox@01907546324b0330d2d8b7669648cc18823323e5/ja/000084	ja	1	後は最後に地団駄踏まされたのは、ラノベではないが、三島由紀夫の豊饒の海のラストだなー。 あれは酷いと思ったw 答えが知りたくても三島由紀夫死んでるwww
textdetox@01907546324b0330d2d8b7669648cc18823323e5/ja/000085	ja	1	種死の無傷のラクシズがポーズキメるのよりも酷い最終回は知らないな
textdetox@01907546324b0330d2d8b7669648cc18823323e5/ja/000086	ja	1	死刑囚と文通するために婚姻するとか養子にする様な戸籍のヨゴレを気にしない奴が少なからず存在する。
textdetox@01907546324b0330d2d8b7669648cc18823323e5/ja/000087	ja	1	捕まってたとか言う苦しい言い訳する人いるけど   まず30万人捕まえる方が難しいし30万人も置いておく場所もないし   遠征先で30万人も殺す物資も労力も場所もないし無駄なんだよね   そんなことするくらいなら原爆落とした方が早いもんね
textdetox@01907546324b0330d2d8b7669648cc18823323e5/ja/000088	ja	1	アカの皆さんの特別保護施設が必要だと思う。   でも、こういう施設はいろいろと反対運動が起こりやすいのでなかなかできない。ゴミ処分場みたいにね。   そこで提案なんだけど東京都小笠原村西之島一丁目一番地ではどうかな。
textdetox@01907546324b0330d2d8b7669648cc18823323e5/ja/000089	ja	1	マナーが悪くて無知なだけなのに勝手に悲壮感に溢れて国家まで合唱し出して。   阿呆丸出し過ぎなのに暴徒だから、空港の職員さんたちが本当に気の毒だったわ。   なんで彼らはああもすぐに阿鼻叫喚するんだろう。
textdetox@01907546324b0330d2d8b7669648cc18823323e5/ja/000090	ja	1	そんなこと俺に言われても困る   石井ちんに教えてやればいいんじゃね？ｗ     旗のような土地のままにしておくメリットはそのうち屋根を赤く塗ってみたいからなんですか？ってなｗ
textdetox@01907546324b0330d2d8b7669648cc18823323e5/ja/000091	ja	1	女は開き直るとこれだからなw
textdetox@01907546324b0330d2d8b7669648cc18823323e5/ja/000092	ja	1	エロ本買う時に他のに挟むとかみたいなw
textdetox@01907546324b0330d2d8b7669648cc18823323e5/ja/000093	ja	1	あんだけマスゴミ各社でスクラムを組んで騒いだのに最高裁で合憲判断が出ちゃったからな。   諦めて共産民社民主で改正案出しなw
textdetox@01907546324b0330d2d8b7669648cc18823323e5/ja/000094	ja	1	イスラム教徒に酒を勧めるとは、殺されるぞw
textdetox@01907546324b0330d2d8b7669648cc18823323e5/ja/000095	ja	1	入管の所轄は法無省     関空じゃ指名手配のチョンを見落としたりやりたい放題だ
textdetox@01907546324b0330d2d8b7669648cc18823323e5/ja/000096	ja	1	それはないだろうね   韓国が助けを求めるとは思えない   韓国にいる邦人救助ができるかどうかも怪しい位だからな
textdetox@01907546324b0330d2d8b7669648cc18823323e5/ja/000097	ja	1	> 韓国人女性は「なぜ知らないの？血液型で性格が分かるのに」と、これまた当然のように言い放つと、米国人女性は「じゃあ、性格は４種類しかないの？」と、身も蓋もない質問を返すのだ。     笑える、これには涙目だなｗ韓国人
textdetox@01907546324b0330d2d8b7669648cc18823323e5/ja/000098	ja	1	究極のゲームチェンジャーだよな、韓国は。       本来なら楽勝で勝てる相手でも、韓国が味方に付くことでボロ負けに転じるという意味で。
textdetox@01907546324b0330d2d8b7669648cc18823323e5/ja/000099	ja	1	橋下は強制連行は否定していたぞ   ただ売春婦とまでは言わない   慰安婦の方々と言う
textdetox@01907546324b0330d2d8b7669648cc18823323e5/ja/000100	ja	1	『ネトウヨ』ってのは匿名掲示板以外では使わないほうがいいよ   『チョン』とかもな
textdetox@01907546324b0330d2d8b7669648cc18823323e5/ja/000101	ja	1	開会式会場を売春婦像で埋め尽くせばいいｗ
textdetox@01907546324b0330d2d8b7669648cc18823323e5/ja/000102	ja	1	個人の心がけを、マルクス主義の亡霊に狂わされていることに気がつかねぇのか？   女は家庭で子供を3人程度育てて、家族をまもることに専念すれば必ず勝ち組になる。   何と言われようが、女性を家庭から追い出す政策に騙されるな。
textdetox@01907546324b0330d2d8b7669648cc18823323e5/ja/000103	ja	1	頭ごなしに批判ばかりじゃなくて、「この件については維新よくやったな！」でいいんじゃないの？     維新信者になれなんて言ってないんだし。   ていうか自民党にも同じこと言えるだろ。
textdetox@01907546324b0330d2d8b7669648cc18823323e5/ja/000104	ja	1	昔の人は罪人が出ると一族郎党抹殺してたけど   結局異常者のＤＮＡを残したら将来に禍根を残すってことを   経験的によく知ってたんだろうな
textdetox@01907546324b0330d2d8b7669648cc18823323e5/ja/000105	ja	1	韓流ドラマって元々は、若者を狙ったが蓋を開けたらオバサンに受けたという話とか。     で、ごり押しキャンペーンでそこそこ数字が出たのに逆風が吹いたのがアキヒロ君の竹島上陸と言う自爆だって。
textdetox@01907546324b0330d2d8b7669648cc18823323e5/ja/000106	ja	1	コテでも無い限り過去の書き込みは無関係を装える。   必死に火消しする名無しは、まあそういう事だ
textdetox@01907546324b0330d2d8b7669648cc18823323e5/ja/000107	ja	1	古代文明は歴史的に有名なのに今そこに住んでる国民はクズだよな。   中国もまったく同じ。   なんで昔の文明国はこんなんなっちゃうのかねぇ。
textdetox@01907546324b0330d2d8b7669648cc18823323e5/ja/000108	ja	1	犯人がネオナチどうのって言ってたっけ   あれ、海外の似非右翼だとしたら（まだ現状混合状態かもしれないけど）   又違った見え方が有るよね・・・
textdetox@01907546324b0330d2d8b7669648cc18823323e5/ja/000109	ja	1	チョン検察が真顔で2ｃｈソース引っ張ってきてたっけ     存在が反日コント
textdetox@01907546324b0330d2d8b7669648cc18823323e5/ja/000110	ja	1	そうなんだよねぇ   乗っ取ったのも言論空間をパヨクで染めたいのが目的だから、掲示板にパヨしか   居なくなったら次の場所求めてまた来るのが目に見えてるよ   パヨだけの掲示板がほしいわけじゃないんだろうから
textdetox@01907546324b0330d2d8b7669648cc18823323e5/ja/000111	ja	1	もしもトランプが韓国の大統領だったら今よりも少しはマトモだったのだろうか？
textdetox@01907546324b0330d2d8b7669648cc18823323e5/ja/000112	ja	1	ついでに靖国テロの件で   犯罪者引き渡さないなら   ビザ免除廃止も訴えよう
textdetox@01907546324b0330d2d8b7669648cc18823323e5/ja/000113	ja	1	あーありそう、ちょっとまって在日送還とかｗ
textdetox@01907546324b0330d2d8b7669648cc18823323e5/ja/000114	ja	1	逃げる前に上げとかなきゃ抜けないじゃん♪
textdetox@01907546324b0330d2d8b7669648cc18823323e5/ja/000115	ja	1	別スレでも言ったけどさ、マイナンバーを不正使用したら死刑にすれば良いじゃん。   リスク高すぎて誰もやらないだろ。
textdetox@01907546324b0330d2d8b7669648cc18823323e5/ja/000116	ja	1	ゼノギアスを例のイベントシーンを短くしてリメイク
textdetox@01907546324b0330d2d8b7669648cc18823323e5/ja/000117	ja	1	"日本の工房から暖簾分けして貰ったアメリカ人刀匠が   機械制御のハンマーでドガガガガっと鍛造してくところをテレビで見て唖然としたが   こういうやり方が""出来ない""のも日本の現状なんだよな…"
textdetox@01907546324b0330d2d8b7669648cc18823323e5/ja/000118	ja	1	そもそも自慰行為しなかったらオタじゃないやん
textdetox@01907546324b0330d2d8b7669648cc18823323e5/ja/000119	ja	1	ほぼケンモカスとなんJのせいで作られたワードで草
textdetox@01907546324b0330d2d8b7669648cc18823323e5/ja/000120	ja	1	その日本人妻は、本当に日本人か？   案外日本国籍を持っているだけの移民難民だったりして。ｗｗ   金持ちなら、結婚する可能性もあるけど、難民と結婚しようとする日本人の気が知れない。
textdetox@01907546324b0330d2d8b7669648cc18823323e5/ja/000121	ja	1	バカだろお前。     戦後の日本が民主化に成功したのは、日本人の民度がチート過ぎるだけ。
textdetox@01907546324b0330d2d8b7669648cc18823323e5/ja/000122	ja	1	玉木やらかしたw   マイク繋がってるのにCM中本音をべらべら喋ったらしい
textdetox@01907546324b0330d2d8b7669648cc18823323e5/ja/000123	ja	1	バスケに限らず日本選手の安全のため   韓国が反日政策を続ける限りは   スポーツ交流を止めたほうがいい
textdetox@01907546324b0330d2d8b7669648cc18823323e5/ja/000124	ja	1	法人税の補填って消費税でやってるわけではないんだけど知らないだろうなぁ   散々否定されてんのによくそんな自信を持てる   法人税に関しては中小に対する減税処置が行われたのも知らないのかな
textdetox@01907546324b0330d2d8b7669648cc18823323e5/ja/000125	ja	1	独身税がイヤで朝鮮人でもジャパゆきさんでもなんでもいいから結婚するって血迷うバカが出てきたら困る
textdetox@01907546324b0330d2d8b7669648cc18823323e5/ja/000126	ja	1	工業大学の学生がおがくずの中で白熱灯付けてたらどうなるかわからないわけないだろ！   いい加減にしろ！     これは明らかな殺意があったと見るべき
textdetox@01907546324b0330d2d8b7669648cc18823323e5/ja/000127	ja	1	いや、泣くのは韓国だろ。   差押えが怖くて、企業は互いの国から資産を引き上げる。   そうなったら、投資されてる額がデカイ方が泣く。   つまり、韓国の方がダメージ大きい。
textdetox@01907546324b0330d2d8b7669648cc18823323e5/ja/000128	ja	1	韓国が中国にボロ切れのように捨てられてヒステリー起こす未来については興味津々ではある   そのときに北が国際的に大人になっていた超展開も期待してしまう
textdetox@01907546324b0330d2d8b7669648cc18823323e5/ja/000129	ja	1	韓国は六道でいうと餓鬼道だな
textdetox@01907546324b0330d2d8b7669648cc18823323e5/ja/000130	ja	1	とりあえず未遂でしょっぴいておいて拘留期限が来たら殺人の疑いでしょっぴいて期限延長       たぶん
textdetox@01907546324b0330d2d8b7669648cc18823323e5/ja/000131	ja	1	ゲルの弟子だもんね   どうにも胡散臭くって仕方がない
textdetox@01907546324b0330d2d8b7669648cc18823323e5/ja/000132	ja	1	やっぱり韓国が国を持って   「日本と日本人を貶めるために起こした」ことだったのかなあ…   JOCの中にも日本人じゃない人が混じってるとか…？
textdetox@01907546324b0330d2d8b7669648cc18823323e5/ja/000133	ja	1	わりと中国人や在日朝鮮人がそういう書き込みするよね
textdetox@01907546324b0330d2d8b7669648cc18823323e5/ja/000134	ja	1	香山リカ「安倍のせいでデモをやらなければいけなくなり…     有権者は参政権を所持しているのだから   「集団威力恫喝デモ」などの暴力威圧を実行しなくても、民主的選挙を経て政権を変えることができるのだが？www
textdetox@01907546324b0330d2d8b7669648cc18823323e5/ja/000135	ja	1	そうなのか、レスありがとう。   嘘をどや顔で発信するとか19ってアホだな。   過去のも見てみたけど、どれも田嶋みたいな考え方。   何の根拠もない感情論。
textdetox@01907546324b0330d2d8b7669648cc18823323e5/ja/000136	ja	1	在日どもを祖国に帰還させた後で、ね
textdetox@01907546324b0330d2d8b7669648cc18823323e5/ja/000137	ja	1	おりましたね     キムチくさい臭いがプンプンする方たちとかアクションて好きですよね
textdetox@01907546324b0330d2d8b7669648cc18823323e5/ja/000138	ja	1	無慈悲な将軍様 声闘は終わりにしましょう     世界は待っています、将軍様の死体の画像
textdetox@01907546324b0330d2d8b7669648cc18823323e5/ja/000139	ja	1	年も考えずにハニトラに引っ掛かって、無理して死にかけたか
textdetox@01907546324b0330d2d8b7669648cc18823323e5/ja/000140	ja	1	でも小選挙区だと他に候補居ないんだよね     やはり中選挙区制に戻すべき   小選挙区だと売国奴が生き残ってしまう
textdetox@01907546324b0330d2d8b7669648cc18823323e5/ja/000141	ja	1	再生医療で動物実験では射精もできる竿が再生できたってニュースあったよ
textdetox@01907546324b0330d2d8b7669648cc18823323e5/ja/000142	ja	1	民主党ってニートでも務まりそうなくらいくだらないよな
textdetox@01907546324b0330d2d8b7669648cc18823323e5/ja/000143	ja	1	そう取られても仕方が無いよな…。   同じアメリカ人であっても、いかにも欧米人の青年が半死半生で帰されて、   キムチ系は五体満足…。   依怙贔屓されたとしか言いようが無いよな。
textdetox@01907546324b0330d2d8b7669648cc18823323e5/ja/000144	ja	1	野党共同で韓国とのスワップは   慰安婦像撤去や仏像返還がされるまでは再締結しないよう求めれば大したもんだが   絶対ないわな
textdetox@01907546324b0330d2d8b7669648cc18823323e5/ja/000145	ja	1	小泉の小僧がやりやがった、韓国産肥料の輸入は許せんな   日本企業の方が、はるかに安心安全な農薬を使っているのにな
textdetox@01907546324b0330d2d8b7669648cc18823323e5/ja/000146	ja	1	森さんは国粋派なのか中・韓派なのかわからん
textdetox@01907546324b0330d2d8b7669648cc18823323e5/ja/000147	ja	1	野蛮だね   安保反対やってた半世紀前の日本みたいだ   いまだにマスゴミに誘導されてんだろな、あいつら
textdetox@01907546324b0330d2d8b7669648cc18823323e5/ja/000148	ja	1	おまえらこの程度の地震でって言うけど韓国の建築物だぞ？
textdetox@01907546324b0330d2d8b7669648cc18823323e5/ja/000149	ja	1	BBCもずるいんだよな。   今日はハンガリーで難民殺到万単位で入国しようと押しかけてるところに   暴動⇒催涙ガスを使ったと非難   ドイツの話も出すが自分たちの国イギリスに入国しようとする難民はスルー
textdetox@01907546324b0330d2d8b7669648cc18823323e5/ja/000150	ja	1	動乱が起きてくれんと、俺らの出番がないやないか＾＾   → 北朝鮮主導統一 or 韓国軍政クーデター   もえあがれーもえあがれーもえあがれーみたいなかんじなんかね？
textdetox@01907546324b0330d2d8b7669648cc18823323e5/ja/000151	ja	1	ジャッキーチェンが共産党の犬やってるのもかかわってるんだろうな
textdetox@01907546324b0330d2d8b7669648cc18823323e5/ja/000152	ja	1	中狂は本気で地球をアメリカと半分づつ分け合って占領するつもりだからな   民主党政権時はまじでやばかった
textdetox@01907546324b0330d2d8b7669648cc18823323e5/ja/000153	ja	1	本当、根絶やしにできんもんかな   国を否定し、人権を否定し、働く意欲を否定するクズどもを
textdetox@01907546324b0330d2d8b7669648cc18823323e5/ja/000154	ja	1	災害時復旧が楽とはいえ、逆に倒壊した電線は救急車両の移動の邪魔になると思うけど、実際はどうなんだろ
textdetox@01907546324b0330d2d8b7669648cc18823323e5/ja/000155	ja	1	そもそも官僚なんて勉強しかしなかった純粋まっすぐ馬鹿の養殖場みたいなもんだもんなあ   オルグにせよ恫喝にせよ色仕掛けにせよ、これほど無防備な集団はない
textdetox@01907546324b0330d2d8b7669648cc18823323e5/ja/000156	ja	1	昭和、平成を生き抜きこの時代の代わり目の瞬間に立ち会える幸せを今、噛み締めてる   令和が素晴らしい時代になりますように     天皇陛下万歳！！日本国万歳！！
textdetox@01907546324b0330d2d8b7669648cc18823323e5/ja/000157	ja	1	医療関係で仕事したことあるけど   障害者のイライラとあのミンジョクの横柄さや暴力性はよく見極めたほうがいい   コラボしてるのも多いから障害が原因とは言いがたい
textdetox@01907546324b0330d2d8b7669648cc18823323e5/ja/000158	ja	1	それ沖縄県外表だから全滅でＯＫ   沖縄で自民党は死んでいる。
textdetox@01907546324b0330d2d8b7669648cc18823323e5/ja/000159	ja	1	こんな産廃キヨタニ以下のゴミを軍事ジャーナリスト（）と呼ぶのはいかがなものか。
textdetox@01907546324b0330d2d8b7669648cc18823323e5/ja/000160	ja	1	どういうことやろ・・・   すみれの会の方はあれか   ぱよちんになんか因縁吹っかけられたりした時のものか
textdetox@01907546324b0330d2d8b7669648cc18823323e5/ja/000161	ja	1	やはり女はどの政党でもこんなもんか。   でもまあ、外から妨害されるよりは、中で飼い殺すつもりなんだろうなあ。
textdetox@01907546324b0330d2d8b7669648cc18823323e5/ja/000162	ja	1	娘は～云々もネタのつもり？   糞だな、普通の人はネタでもそんなこと言わないから。   自分たちが異常だとはかけらも思ってないのかね・・・。
textdetox@01907546324b0330d2d8b7669648cc18823323e5/ja/000163	ja	1	自民もおしまいだな   次世代が消えたのは本当に痛い   パヨクみたいに日本○ねって言いたくなるわ
textdetox@01907546324b0330d2d8b7669648cc18823323e5/ja/000164	ja	1	これって下から見たら女のパンツ丸見えなんじゃないの。
textdetox@01907546324b0330d2d8b7669648cc18823323e5/ja/000165	ja	1	いいから早く北主体で統一しろよｗ   そうすりゃ自然と日本とは国交なくなるから武装スリや売春婦も来にくくなる   いいことずくめだ
textdetox@01907546324b0330d2d8b7669648cc18823323e5/ja/000166	ja	1	嫌儲のぞいてきたけど、アクロバット擁護やらネトウヨ自演説やらアベノミクスの被害者だから安倍のせいやら   あたまおかC書き込みであふれているなあそこｗ
textdetox@01907546324b0330d2d8b7669648cc18823323e5/ja/000167	ja	1	戦争中の国だし。   言論統制しないと、都合悪いだろ。     韓国人って自分の国が戦争中って知らないのか？
textdetox@01907546324b0330d2d8b7669648cc18823323e5/ja/000168	ja	1	自民党ネトサポなんてあるわけ無いのにな。   どうしても在日朝鮮人にとって自民党貶そうとしたら反論多いのが納得出来ないんだろうな。
textdetox@01907546324b0330d2d8b7669648cc18823323e5/ja/000169	ja	1	球場、スタジアム、国技館等でプロの入り方を配ったら犯罪ですか？
textdetox@01907546324b0330d2d8b7669648cc18823323e5/ja/000170	ja	1	前川、パヨクのエサにがっつくほど窮したかｗ   堕ちたもんだな
textdetox@01907546324b0330d2d8b7669648cc18823323e5/ja/000171	ja	1	読んでみたが最悪板は推測と叩きと誹謗中傷、暴言ばかりだった   あそこになじもうと思う人はそれなりの人だと思う   冷静にルールの話ができるか、疑問になってきた
textdetox@01907546324b0330d2d8b7669648cc18823323e5/ja/000172	ja	1	中韓とイスラムはその流れに逆らってるよね
textdetox@01907546324b0330d2d8b7669648cc18823323e5/ja/000173	ja	1	マスゴミ入れてる時点でバレてるだろアホか   サンケイですら背後はウジテレビだろうが
textdetox@01907546324b0330d2d8b7669648cc18823323e5/ja/000174	ja	1	こうして退化した奴はますます退化していく   底辺出身で単に劣等感持ってるか無知なだけだろ、おまえ
textdetox@01907546324b0330d2d8b7669648cc18823323e5/ja/000175	ja	1	こういうことを言う阿呆がいる限り、共産党を支持することはない。
textdetox@01907546324b0330d2d8b7669648cc18823323e5/ja/000176	ja	1	世界2位とか関係なくて日本人は大量にバーガー食わねえだろ   夕飯もピエロの店で済ます底辺層がメインなんだし必要ねえよ
textdetox@01907546324b0330d2d8b7669648cc18823323e5/ja/000177	ja	1	不殺？   アルバトロナル・エイジ・アスカを見習ってから言え
textdetox@01907546324b0330d2d8b7669648cc18823323e5/ja/000178	ja	1	事実が違えば韓国の主張が間違いだとなるんだけど？
textdetox@01907546324b0330d2d8b7669648cc18823323e5/ja/000179	ja	1	早野ともう一人の朝日はキチガイ   青木もキチガイ   下村ババアは空気を呼んで手のひらくるくるかえしとる
textdetox@01907546324b0330d2d8b7669648cc18823323e5/ja/000180	ja	1	ちょっと思ったが、この合意以降引き合いに出さないって米国に言わせた以上、   米国国内で新しい売春婦像建てたら撤去対象に出来るんだろうか？
textdetox@01907546324b0330d2d8b7669648cc18823323e5/ja/000181	ja	1	ネトウヨは選民意識が強い人達という認識だな   【日本人は優れた民族だ】というのが根底にあるために何かと外国人（特にアジア系）を馬鹿にするのではないかと俺は分析している
textdetox@01907546324b0330d2d8b7669648cc18823323e5/ja/000182	ja	1	捏造記事でもって日本と日本国民に不名誉なレッテルを張って不当に貶めた犯罪だからな   しかも日本国内だけでなく世界規模ときたもんだ   世界中の非難の声にひたすらずっと耐えてきた日本国民の怒りはすさまじいぞ   なあなあでは済まさない、必ず地獄へ落としてやる
textdetox@01907546324b0330d2d8b7669648cc18823323e5/ja/000183	ja	1	(◎＿◎;)支那中共の工作員の、アジトかもしれません。
textdetox@01907546324b0330d2d8b7669648cc18823323e5/ja/000184	ja	1	酒みたいに自宅(当然部屋の中)で吸う分には構わんよ   でも仕事中にニコチン切れてイライラするようなんじゃ重度のアル中と変わらんしな
textdetox@01907546324b0330d2d8b7669648cc18823323e5/ja/000185	ja	1	アメリカがこの件で韓国に日和ったら日米安保の段階的解消に向かうべき
textdetox@01907546324b0330d2d8b7669648cc18823323e5/ja/000186	ja	1	ナマポボッシーが望んでいることのの逆をやればいい
textdetox@01907546324b0330d2d8b7669648cc18823323e5/ja/000187	ja	1	まぁ、これはガチだからな   夫人は一時期韓流にハマってたし
textdetox@01907546324b0330d2d8b7669648cc18823323e5/ja/000188	ja	1	イギリス国籍の アズネス・金子・チャン   臭を感じるんや･･･
textdetox@01907546324b0330d2d8b7669648cc18823323e5/ja/000189	ja	1	そりゃ、神輿はバカで担ぎやすいのがいいからな。鳥越、増田なんぞは裏で動かそうってのがミエミエすぎてキモすぎだわな。
textdetox@01907546324b0330d2d8b7669648cc18823323e5/ja/000190	ja	1	過剰摂取したらビタミン剤でも死ぬぞ。
textdetox@01907546324b0330d2d8b7669648cc18823323e5/ja/000191	ja	1	こう書きなおしてもいいんやで？     予報士なのか「それなり」なのか知らないけど、こいつずーと張り付いて妄想書き込み続けてるなw   基地外なのは間違いなさそうw
textdetox@01907546324b0330d2d8b7669648cc18823323e5/ja/000192	ja	1	奥さんも韓国人なら日本人としてではなく   韓国人として発言してるだけだろ   日本の味方するわけないｗ
textdetox@01907546324b0330d2d8b7669648cc18823323e5/ja/000193	ja	1	種死はどうしてこうなるの？でAGEはつまらない、なんだよな
textdetox@01907546324b0330d2d8b7669648cc18823323e5/ja/000194	ja	1	謹んでお慶び申し上げます     と言いたいところだが、民放も狗HKもまとめて処分相当だからな   まずフジから死んでもらうことになるにしてもな
textdetox@01907546324b0330d2d8b7669648cc18823323e5/ja/000195	ja	1	リングにかけろのあたりで既に居て   キャプテン翼でやおいブレイクが起こって   聖闘士星矢で露骨にその層を狙いに行った感じ
textdetox@01907546324b0330d2d8b7669648cc18823323e5/ja/000196	ja	1	社長その社員必死で探してた様だから生きてるのか気になってたわ
textdetox@01907546324b0330d2d8b7669648cc18823323e5/ja/000197	ja	1	マスゴミは全力で持ち上げるんじゃない   日韓新時代！日韓友好！ってね
textdetox@01907546324b0330d2d8b7669648cc18823323e5/ja/000198	ja	1	自分の敵はなんでもケンモーとこじつけないと   きっと死んじゃうんだよw
textdetox@01907546324b0330d2d8b7669648cc18823323e5/ja/000199	ja	1	そして中韓が味方なんですってねｗ
textdetox@01907546324b0330d2d8b7669648cc18823323e5/ja/000200	ja	1	ちなみに、物語の「かぐや姫」にはモデルがいて   「記紀」の記述では、「讃岐垂根王」という皇族の姪っ子の「迦具夜比売命」と言う姫が、垂仁天皇に嫁いでいる
textdetox@01907546324b0330d2d8b7669648cc18823323e5/ja/000201	ja	1	タダでウンコくれてやるから半島から出てくんな。送料はそっち持ちな。
textdetox@01907546324b0330d2d8b7669648cc18823323e5/ja/000202	ja	1	外交や政治なんて、韓国や中国だけ見て動いてるわけじゃないからね   一般人の考えとは違うポイントを政治家は見てるんだろうと思うし   与野党から一定の評価を得ているのであれば   どういうことなのか、やっぱり様子見したい気分だよ
textdetox@01907546324b0330d2d8b7669648cc18823323e5/ja/000203	ja	1	一回警官全員死んで、一から雇用しないとダメだろ   余命時事日記には開戦して在日総討の時、何割かの警官は在日側に付いて   民兵や自衛隊と戦うらしいよ
textdetox@01907546324b0330d2d8b7669648cc18823323e5/ja/000204	ja	1	雀がいなくなり、害虫、バッタが大量繁殖   稲作が害虫被害にあい。収穫ゼロ   国民餓死までセットで
textdetox@01907546324b0330d2d8b7669648cc18823323e5/ja/000205	ja	1	ラーメン屋に食事の進み具合を見ろとかアホか。
textdetox@01907546324b0330d2d8b7669648cc18823323e5/ja/000206	ja	1	医療関係で仕事してるが、生保や障害年金貰ってる人て横柄なの多い   体が不自由な分ストレスなんだろけど、うちら含む医療機関スタッフや町の店員さんに当たんなよ     知ってる障害さんがコンビニ店員に怒鳴って丸めたレシート顔面に投げつけるわ、ての見たよ
textdetox@01907546324b0330d2d8b7669648cc18823323e5/ja/000207	ja	1	最初から自分はバカだと自覚できれば日々学ぶ努力を惜しまないだろう、結果的にバカとは言い難くなる   今からでも学べばいいさ。   ただ、何を学ぶか、何から学ぶかで大きく違ってくるから要注意かも。
textdetox@01907546324b0330d2d8b7669648cc18823323e5/ja/000208	ja	1	速く行かんかボケ   わしは先が短いんじゃ。
textdetox@01907546324b0330d2d8b7669648cc18823323e5/ja/000209	ja	1	ヘイトスピーチって朝日新聞や毎日変態新聞やテロ朝やテロBSやNHKが   日本に対して言ってた事だよな？
textdetox@01907546324b0330d2d8b7669648cc18823323e5/ja/000210	ja	1	そろそろ民団か総連かじゃなく   半島にも日本にも従うのが嫌な第三局在日グループ生まれてそうだな   そいつらが日本人先細らせて移民天国にしようとしてる気がするわ
textdetox@01907546324b0330d2d8b7669648cc18823323e5/ja/000211	ja	1	今はいく必要すらないんやで。   エロ漫画も写真集も電子書籍で買えばいい。
textdetox@01907546324b0330d2d8b7669648cc18823323e5/ja/000212	ja	1	死ぬしかない状況に追い詰められた国がどういう手に出るかっていうのは参考になるわ
textdetox@01907546324b0330d2d8b7669648cc18823323e5/ja/000213	ja	1	なんでそこで安倍の名前が出てくるんだ？   アベガーはまともに論理も組み立てられないんだな。さすがパコパコパヨク
textdetox@01907546324b0330d2d8b7669648cc18823323e5/ja/000214	ja	1	今年既婚女性板がいきなり強制IP表示になった事があったんだけど   あれもこの件が関係してるのかな？   韓国ageスレや反日スレがやたら増えたし…
textdetox@01907546324b0330d2d8b7669648cc18823323e5/ja/000215	ja	1	すげえ国会議員もいたもんだ     平和ボケじゃなくて確信犯っぽいし
textdetox@01907546324b0330d2d8b7669648cc18823323e5/ja/000216	ja	1	立件は出来ないんだよ、これ現行犯のみだから   故の社会的制裁の大きさだと認識してるけどね。仮にも世界トップクラスな訳だし
textdetox@01907546324b0330d2d8b7669648cc18823323e5/ja/000217	ja	1	オレ馬鹿だから難しい事は解かんねぇけどさぁ   リーバイスだのヘインズだの買って、中国製とかだった時のガッカリ感 (´・ω・｀)
textdetox@01907546324b0330d2d8b7669648cc18823323e5/ja/000218	ja	1	還りぎわデブリも道連れ実験やでー       こうのとりは神
textdetox@01907546324b0330d2d8b7669648cc18823323e5/ja/000219	ja	1	やばい、話について行けないぞ   みんなガンダムプロばかりじゃないか   なんか自分の書き込み見て恥ずかしくなった
textdetox@01907546324b0330d2d8b7669648cc18823323e5/ja/000220	ja	1	一般人が現行犯逮捕した場合は、一般的に常人(私人)逮捕と表記します。     あなたの仰るとおり、常人(私人)逮捕は現行犯の場合のみ可能なため   常人逮捕と書かれた場合「一般人が現行犯逮捕しました」という意味なので簡潔に表記できるからです。
textdetox@01907546324b0330d2d8b7669648cc18823323e5/ja/000221	ja	1	メディアから発表される（かどうかは分からないが）遺書の内容は信用できない     暴力団絡みなら背後に欧米の軍産複合体がいるような気がする
textdetox@01907546324b0330d2d8b7669648cc18823323e5/ja/000222	ja	1	ってか、   こんな下手糞な絵でプロ名乗っていいのか？
textdetox@01907546324b0330d2d8b7669648cc18823323e5/ja/000223	ja	1	国民がパヨク離れ起こしてる今はチャンスだから攻めてんじゃないかね
textdetox@01907546324b0330d2d8b7669648cc18823323e5/ja/000224	ja	1	ところが北京大学に「池田大作研究会」があるんだなこれが   中共発展の功労者である創価学会は支那では日本の政治家よりVIP待遇
textdetox@01907546324b0330d2d8b7669648cc18823323e5/ja/000225	ja	1	不倫相手が弁護士だとうまいこと言いくるめられちゃうんだろうな   法律の議論では勝てないから実力行使に踏みきってしまったのか
textdetox@01907546324b0330d2d8b7669648cc18823323e5/ja/000226	ja	1	内面夜叉って、プリ子みたいな女を言うんだろうな～   畜生道餓鬼道を、さ迷ってるイメージ！
textdetox@01907546324b0330d2d8b7669648cc18823323e5/ja/000227	ja	1	抑制されてた食欲が戻るとかなんとか。   レプチンとかそんなん関係してるのかも。
textdetox@01907546324b0330d2d8b7669648cc18823323e5/ja/000228	ja	1	ベンツ先輩がガラケーでオープンに書けないと困ってます   彼にどうアドバイスすれば良いですか？   私？ベンツ先輩の後輩です
textdetox@01907546324b0330d2d8b7669648cc18823323e5/ja/000229	ja	1	天地が逆に見えるのが韓国だからな   日本の配慮があったからこそ我を通せてきたに過ぎないことを理解できてない
textdetox@01907546324b0330d2d8b7669648cc18823323e5/ja/000230	ja	1	相手を無能力化するのであって、殺すのが目的じゃない。   この差はでかいよ。
textdetox@01907546324b0330d2d8b7669648cc18823323e5/ja/000231	ja	1	ネトウヨはネトウヨにかぎって甘いんだよw
textdetox@01907546324b0330d2d8b7669648cc18823323e5/ja/000232	ja	1	いや女性専用なら集団暴行するような連中は喜んで襲いかかるだろ、逆効果じゃん   ドイツ人は正しくて賢いって基地外サヨクがいくら洗脳しても現実には勝てないっての
textdetox@01907546324b0330d2d8b7669648cc18823323e5/ja/000233	ja	1	隠していたやつらの話をしているのに   なぜか住人の話にすり替える     ガイジか？
textdetox@01907546324b0330d2d8b7669648cc18823323e5/ja/000234	ja	1	うわー、お前ってもしかして引用と転載（盗用）の違いが理解できてなくて恥晒しまくってた奴だったのか？ｗ   バカが無知晒して何偉そうに語ってんだ？ってんで会話にならなかったんだろあれはｗ
textdetox@01907546324b0330d2d8b7669648cc18823323e5/ja/000235	ja	1	世界中で戦争仕掛けて殺してるの米軍だよね
textdetox@01907546324b0330d2d8b7669648cc18823323e5/ja/000236	ja	1	定着してると言うよりも居座ってるだけって感じ   在日と同じだな
textdetox@01907546324b0330d2d8b7669648cc18823323e5/ja/000237	ja	1	> “嫌日”感情がないか反省   「反日」と三回唱えて水まいたら韓国人が生えてくるのに   何をほざいとるんかなあ
textdetox@01907546324b0330d2d8b7669648cc18823323e5/ja/000238	ja	1	ビルマはイスラムテロリストで大変な目に遭ってるな   欧米は非難してたが
textdetox@01907546324b0330d2d8b7669648cc18823323e5/ja/000239	ja	1	健康がどうのとかほざく精神異常のバカが増えたから、酒も添加物など化学調味料も全て禁止にしろ   安全管理すらまともに出来ない原発も含めてな
textdetox@01907546324b0330d2d8b7669648cc18823323e5/ja/000240	ja	1	最近、パヨクがおーぷんに組織的にカキコしてるな   まぁ、これだけ世間に悪行が認知されたら   デマや嘘を書いて嵌めようとしても   警戒されてるから誰も引っ掛からんだろね。
textdetox@01907546324b0330d2d8b7669648cc18823323e5/ja/000241	ja	1	そうそう   光復なんたら記念日とか終戦の日とかに韓国で国民に対して演説しなきゃ意味ないんだけど   外相が何度も同じ手使って日本を騙してるだろ   あっさり信じるかっての
textdetox@01907546324b0330d2d8b7669648cc18823323e5/ja/000242	ja	1	ていうか、お前らもパヨクを馬鹿にするターゲットにしている時点でマウンティングしてるんだよ   ま～ん(笑)と一緒ってこと
textdetox@01907546324b0330d2d8b7669648cc18823323e5/ja/000243	ja	1	酪農家に厳しくしたと言うより、農水省とメーカーの自作自演   理由を調べるとクソとしか思えない
textdetox@01907546324b0330d2d8b7669648cc18823323e5/ja/000244	ja	1	クリスマスだけでもお腹いっぱいやのに、バレンタイン、ホワイトデー、ほんで、このハロウィーン…。   これ、絶対、どこぞの広告代理店かなんかの陰謀やろ？。   そないに日本人に無駄遣いさせて、消費税の税収上げたいんかいな？。   まるわかりのことさらすな！、ドアホ！。
textdetox@01907546324b0330d2d8b7669648cc18823323e5/ja/000245	ja	1	それはたぶん、専用ブラウザを除いた数   専ブラを入れるともっといるよ
textdetox@01907546324b0330d2d8b7669648cc18823323e5/ja/000246	ja	1	支援見直しで日本政府や天皇陛下を侮辱するような暴言吐いてフィリピン終了のお知らせって感じかな
textdetox@01907546324b0330d2d8b7669648cc18823323e5/ja/000247	ja	1	昔は自殺掲示板というのがあったけど   取り締まられたな
textdetox@01907546324b0330d2d8b7669648cc18823323e5/ja/000248	ja	1	韓国は常に提案を受ける側であり、韓国に提案を要求するのは、外交儀礼に反する。
textdetox@01907546324b0330d2d8b7669648cc18823323e5/ja/000249	ja	1	不法滞在をやったもん勝ちにしちゃダメ   韓国籍捨ててないでしょ   祖国がなんとかする問題
textdetox@01907546324b0330d2d8b7669648cc18823323e5/ja/000250	ja	1	米国育ちの韓国人官僚も反日反米でだめだった記憶がある
textdetox@01907546324b0330d2d8b7669648cc18823323e5/ja/000251	ja	1	共謀罪になんで左翼があんな頑迷に反対すんのかわからん   そんなイデオロギー対立の深いとこでもないだろ   左翼じゃ、かつての共産党・学生運動テロリストがまだ幅を利かせてんのかと思われても仕方ないっすわ
textdetox@01907546324b0330d2d8b7669648cc18823323e5/ja/000252	ja	1	パヨクの独裁はリーダーシップ   中道や保守のリーダーシップは独裁ですから
textdetox@01907546324b0330d2d8b7669648cc18823323e5/ja/000253	ja	1	よくわからないので確実なことは言えないが、韓国人と同じところに避難するんじゃね。   日本人専用じゃなさそうだよ。
textdetox@01907546324b0330d2d8b7669648cc18823323e5/ja/000254	ja	1	だってさああ、バカンチョクトさんなんて、小学校1年生レベルの漢字にまでフリガナ振ってたんだぜ・ｗｗ
textdetox@01907546324b0330d2d8b7669648cc18823323e5/ja/000255	ja	1	こいつばかりが叩かれてるけど、   百も承知で利用しようとした理研の罪はよ
textdetox@01907546324b0330d2d8b7669648cc18823323e5/ja/000256	ja	1	考えるのも嫌だけど、無いとも言い切れない。   日本で殺人ひとりなら、死刑にはならないから、出所後に困らないほどの金を用意したぞ、とか。
textdetox@01907546324b0330d2d8b7669648cc18823323e5/ja/000257	ja	1	もう学校の更衣室には死角が無いように複数代の防犯カメラの設置を義務付けるべき
textdetox@01907546324b0330d2d8b7669648cc18823323e5/ja/000258	ja	1	もっというと、政治について考えさせないようにしようとしてると思う。   スポーツ、セックス、スクリーンって愚民化する３Ｓ政策ってのがある。
textdetox@01907546324b0330d2d8b7669648cc18823323e5/ja/000259	ja	1	>北朝鮮が「核兵器の国外搬出」や「核施設への査察」などを受け入れるかが焦点だ。     素直には従わないだろうね…。   核を捨てたら、攻め殺されるって考えているだけに。
textdetox@01907546324b0330d2d8b7669648cc18823323e5/ja/000260	ja	1	またパヨク負けたのか   まあパヨクってだけで人生敗けだけどｗ
textdetox@01907546324b0330d2d8b7669648cc18823323e5/ja/000261	ja	1	何で軍事GPSも使わせて貰えん韓国軍のバックに米軍がついてる思うの？     それにしても機械翻訳みたいな文章やねえw
textdetox@01907546324b0330d2d8b7669648cc18823323e5/ja/000262	ja	1	そもそもSNSはそういうことをするためのツールじゃないかな   とある連中にとって不都合な思想を持つ人間をピックアップするための情報収集ツール   だからマスゴミが持ち上げる
textdetox@01907546324b0330d2d8b7669648cc18823323e5/ja/000263	ja	1	よし！おいらも仮装してケツさわってくる
textdetox@01907546324b0330d2d8b7669648cc18823323e5/ja/000264	ja	1	子ども手当あるらしくて、シングルマザーのバイト先になってるって。
textdetox@01907546324b0330d2d8b7669648cc18823323e5/ja/000265	ja	1	ネトウヨは思想上の理由でLINE出来ないらしいぞ
textdetox@01907546324b0330d2d8b7669648cc18823323e5/ja/000266	ja	1	日本に保護されるまで朝鮮民族には「約束」と同義の言葉も概念も無かった。   だから朝鮮語でも「ヤクソク」と言う。
textdetox@01907546324b0330d2d8b7669648cc18823323e5/ja/000267	ja	1	今さら採用中止はねぇだろ   オーストラリアは、日本を裏切って信用を失っただけでなく   今さらフランスに対しても採用しないとなると、険悪になるばかりでなく国際的な信用を完全に失うことになるぞ
textdetox@01907546324b0330d2d8b7669648cc18823323e5/ja/000268	ja	1	蓮舫の二重三重国籍と共産党やヨシフへの官僚による機密文書漏洩
textdetox@01907546324b0330d2d8b7669648cc18823323e5/ja/000269	ja	1	なんで一年でいちばん寒い時期にクソ冷たい巻きずしなんか食わなきゃいけないんだ？     罰ゲームだろ？
textdetox@01907546324b0330d2d8b7669648cc18823323e5/ja/000270	ja	1	何も起きてない国に対して文句言って、起きてる国には一切言ってないんだから   チベットやウイグル民には死んでほしいと思ってるんだよ
textdetox@01907546324b0330d2d8b7669648cc18823323e5/ja/000271	ja	1	報告会の出来事をそのまま伝えると自分の首が飛ぶから、   妄想交じりの報告をしてるんじゃないか?   マスゴミもり地域よりの報道してくれてることだし、   文がその嘘報告を信じてしまってても想定内
textdetox@01907546324b0330d2d8b7669648cc18823323e5/ja/000272	ja	1	何言ってんだ？   韓国はベトナムに謝っていないだろ
textdetox@01907546324b0330d2d8b7669648cc18823323e5/ja/000273	ja	1	推定有罪の国、韓国   魔女狩りとかもする土人だから仕方ないね   粛々と制裁するべし
textdetox@01907546324b0330d2d8b7669648cc18823323e5/ja/000274	ja	1	ありそうで気持ち悪いな。   チャンコロ死ねばいいのに。
textdetox@01907546324b0330d2d8b7669648cc18823323e5/ja/000275	ja	1	てかそもそも学校ほしいって言ったのは民主の議員でもあったような   安倍憎しなら地元の仲間の切実な訴えでさえ殺すのが野党ってことなんだろうけど佐
textdetox@01907546324b0330d2d8b7669648cc18823323e5/ja/000276	ja	1	強力な独裁で宗教解体しないと駄目なんだな、信長の叡山焼き討ちは正しかった、神仏の名を騙る権力は腐り易い。
textdetox@01907546324b0330d2d8b7669648cc18823323e5/ja/000277	ja	1	↑バカパヨ     少なくとも私はこの団体発足前から後にこの団体を生む界隈に居て、あの基本となる言葉を残している。
textdetox@01907546324b0330d2d8b7669648cc18823323e5/ja/000278	ja	1	多分この病気は仮病と思われる。安倍の訪米を邪魔しないためのね。   ７月９日があるので、復活の目は十分ある。
textdetox@01907546324b0330d2d8b7669648cc18823323e5/ja/000279	ja	1	ほんとそれ   野党とか呼べるモンじゃなくて明らかに敵性国家敵性民族工作員の集まり   収容して死刑にすべき輩が多すぎる
textdetox@01907546324b0330d2d8b7669648cc18823323e5/ja/000280	ja	1	そういや、殆どのコンビニの店頭に   バイト急募のビラが貼ってあるｗ     数年前は見られなかった光景
textdetox@01907546324b0330d2d8b7669648cc18823323e5/ja/000281	ja	1	オモロイ     蓮舫の正体がこれ一枚でわかるな
textdetox@01907546324b0330d2d8b7669648cc18823323e5/ja/000282	ja	1	チン力ス     【外交】安倍晋三首相、１２日から欧州歴訪（バルト３国、ブルガリア、セルビア、ルーマニアの６カ国を歴訪）［H30/1/12］(7)   7.ID:6H2 北方領土献上した挙句3000億円プレゼント中国包囲網失敗流石安倍ちゃんだね
textdetox@01907546324b0330d2d8b7669648cc18823323e5/ja/000283	ja	1	４３歳で無職で大久保在住でアホな書き込みで逮捕かあ   なんのために生まれてきたんだろうね
textdetox@01907546324b0330d2d8b7669648cc18823323e5/ja/000284	ja	1	比例で食い込むしか生き残る手段がない人が新年早々必死です
textdetox@01907546324b0330d2d8b7669648cc18823323e5/ja/000285	ja	1	貴族やら王（君主・天皇）が武力を持って権力を築いたというのは   ヘーゲル弁証法的タームなのだからプロパガンダという点で言えば   否定する理由がよくわからない。
textdetox@01907546324b0330d2d8b7669648cc18823323e5/ja/000286	ja	1	射殺されず逮捕で済んでよかったな。
textdetox@01907546324b0330d2d8b7669648cc18823323e5/ja/000287	ja	1	マスゴミ的に都合の良いアイコンが見つからないまで読んだ
textdetox@01907546324b0330d2d8b7669648cc18823323e5/ja/000288	ja	1	あの話はまさに日本人と朝鮮人みたいな感じ     変わる気が無いのなら   死後の幸福でも願ってなさい
textdetox@01907546324b0330d2d8b7669648cc18823323e5/ja/000289	ja	1	日本会議、必死すぎ     そのパターンは、みんな飽きてるぞ
textdetox@01907546324b0330d2d8b7669648cc18823323e5/ja/000290	ja	1	イラクの3馬鹿はもろ自作自演だったしな。   誘拐した組織にシャワー浴びてるわ、果物やら食事ださせてるわで。   それテロ組織じゃなくてそこらへんのイラク人の友達だろうって言われてたな。
textdetox@01907546324b0330d2d8b7669648cc18823323e5/ja/000291	ja	1	？   横須賀港とか横田基地のゲート前でアホ団体が定期的に横断幕掲げてアメリカさんに罵声を浴びせてるよ？
textdetox@01907546324b0330d2d8b7669648cc18823323e5/ja/000292	ja	1	二つ、普通にハゲがある♪   三つ、見るからに〜ハゲがある〜〜♪     モウ、いいっちゅうに
textdetox@01907546324b0330d2d8b7669648cc18823323e5/ja/000293	ja	1	日本って単語を口に出すなゴミ民族
textdetox@01907546324b0330d2d8b7669648cc18823323e5/ja/000294	ja	1	日本を代表する女児向け玩具のリカちゃん人形の本名から   勝手に取って芸名にしてるのに、   リカちゃん連呼してるやつも半島臭いよな。   あっちの連中ってわざとこういうことするからな。
textdetox@01907546324b0330d2d8b7669648cc18823323e5/ja/000295	ja	1	増税好きなオマエが払ってやれよゴミカス
textdetox@01907546324b0330d2d8b7669648cc18823323e5/ja/000296	ja	1	【嘘つきメンヘラサイコパス】記者の【第13艦隊◆IpxlQ2BXrcdb】にとっては、   それも愛国活動の一環だから
textdetox@01907546324b0330d2d8b7669648cc18823323e5/ja/000297	ja	1	日本人を在日が馬鹿にして在日仲間たちとファミリー()なんて今考えたら笑えないよな
textdetox@01907546324b0330d2d8b7669648cc18823323e5/ja/000298	ja	1	だよねぇ   彼女なら何才だってありだけど、結婚出産を見据えてるなら   やっぱり35才は一つの区切りだ
textdetox@01907546324b0330d2d8b7669648cc18823323e5/ja/000299	ja	1	自民党は政権を失ってでも韓国のために尽くすことを選択したんだ   日本国民の税金を今後永久に韓国に垂れ流すことを決定した   お前ら良かったなｗｗ俺はさすがに今後は自民党に投票する事を拒否させていただくわｗ
textdetox@01907546324b0330d2d8b7669648cc18823323e5/ja/000300	ja	1	アホガキのスレなんて落とせばいいんだよ
textdetox@01907546324b0330d2d8b7669648cc18823323e5/ja/000301	ja	1	それなら問題化してないんだよ     左翼って昔は吉本隆明みたいなインテリが多い印象だったのに今はバカしか居ない状況
textdetox@01907546324b0330d2d8b7669648cc18823323e5/ja/000302	ja	1	パチンコ２４兆円産業   北の核開発資金   これを書くと抹殺削除されるされる？
textdetox@01907546324b0330d2d8b7669648cc18823323e5/ja/000303	ja	1	p-1に数十発対韓ミサイルつんで敵艦隊攻撃する空中護衛艦はどう？
textdetox@01907546324b0330d2d8b7669648cc18823323e5/ja/000304	ja	1	騙すより騙される方がいいとか何とか   そんな歌があった記憶があるけど   お隣さんと友愛外交をする決心が固まったんだろう   ということは日中韓FTAもやるだろうな
textdetox@01907546324b0330d2d8b7669648cc18823323e5/ja/000305	ja	1	確かに日本国内でムスリムの親がイスラム法を破った子供を名誉殺人、なんて時間が起これば世論も変わるかもね   そんな事件が起こって欲しいとは言わないが
textdetox@01907546324b0330d2d8b7669648cc18823323e5/ja/000306	ja	1	これ   ただの性癖と、障害を一緒くたにしてるんだから   最初からマイノリティ利権の構築以外の何物でもない
textdetox@01907546324b0330d2d8b7669648cc18823323e5/ja/000307	ja	1	なぜ韓国のニュースを東亜にたてない？っていってるのと同じこと
textdetox@01907546324b0330d2d8b7669648cc18823323e5/ja/000308	ja	1	毎度のことながら日本刀で30万人も殺害できる旧日本軍の   根性にはだだ唖然とするばかりだ。
textdetox@01907546324b0330d2d8b7669648cc18823323e5/ja/000309	ja	1	支那なんぞに頼る国に甲斐性なんて無いぞｗ
textdetox@01907546324b0330d2d8b7669648cc18823323e5/ja/000310	ja	1	景気回復とか改憲とかそういう短期的目標のハードルが高くなったのも残念だが   何よりマスゴミのさじ加減次第でこの国の愚民はどうにでもなるということを再確認したことに凄まじい絶望感   2009年からまるで成長してない
textdetox@01907546324b0330d2d8b7669648cc18823323e5/ja/000311	ja	1	韓国の漫画家がまざってるのって、やっぱそうだったんですね   絵はうまいけどふつうなら3回か4回打ち切られてる感じ
textdetox@01907546324b0330d2d8b7669648cc18823323e5/ja/000312	ja	1	戦前？   ああ、アカ狩り復活はクソアカには死活に直結だもんなｗ
textdetox@01907546324b0330d2d8b7669648cc18823323e5/ja/000313	ja	1	こんなのも安倍擁護に見えるパヨク脳？
textdetox@01907546324b0330d2d8b7669648cc18823323e5/ja/000314	ja	1	同心で下の立場の奴がとんちんかんな推測を言うと   兄貴分がいきなり引っ叩いたりしてた気がしますw
textdetox@01907546324b0330d2d8b7669648cc18823323e5/ja/000315	ja	1	左翼の語源になった連中が実はどこの何者で、革命後何をしたかを考えたら   「左翼が自由主義」なんて後世の作り話の夢から覚めると思うけどなw     その後の時代になればなるほど、残虐性だけが増していくわけだが。
textdetox@01907546324b0330d2d8b7669648cc18823323e5/ja/000316	ja	1	中央アジアの遊牧民族系の地方では、   イスラム教徒といえどもヨーグルトの一種や馬乳酒の一種の発酵乳を食する。   遊牧民は野菜などのがあまり手に入らないのでビタミンC不足になりやすいが、   乳酸菌発酵により、わずかにビタミンCが生成されるので、それで補う必要がある。
textdetox@01907546324b0330d2d8b7669648cc18823323e5/ja/000317	ja	1	私はバイオ2でやめた。     3で「追跡者」に追われるので   挫けた。
textdetox@01907546324b0330d2d8b7669648cc18823323e5/ja/000318	ja	1	これは、1万円札を燃やしまくる韓国人が見られるかも!
textdetox@01907546324b0330d2d8b7669648cc18823323e5/ja/000319	ja	1	マスゴミの逆張りでモザイク掛けられた嵐の桜井を押す
textdetox@01907546324b0330d2d8b7669648cc18823323e5/ja/000320	ja	1	日本人相手ならテロリストが英雄になる国か
textdetox@01907546324b0330d2d8b7669648cc18823323e5/ja/000321	ja	1	まだかな焼身自殺もどきに見せかけた生贄は。
textdetox@01907546324b0330d2d8b7669648cc18823323e5/ja/000322	ja	1	コメンテーターとネットユーザー比べる室井信者のパヨククソワロタ   お前らの支持する野党なんざ選挙で相手にもしてもらえてないのに
textdetox@01907546324b0330d2d8b7669648cc18823323e5/ja/000323	ja	1	共産党は戦後在日と組んで国内で日本人狩りをして暴れてたがアメリカに目を付けられたから慌てて切り離したのが今の朝鮮総連   帰国事業を最後まで続けさせて追い出そうとしてたのが朝鮮人を裏切った件で狙われてた共産党   その和解がつい最近という事
textdetox@01907546324b0330d2d8b7669648cc18823323e5/ja/000324	ja	1	今つけっぱなしにしてたFNNのニュースで   感染した韓国の医師が１５００人参加のシンポジウムに出席してたことが判明   って言ってた…
textdetox@01907546324b0330d2d8b7669648cc18823323e5/ja/000325	ja	1	生殖可能なぶん同性愛より質悪いわ   (同性愛も、第三者の卵子や精子を買ったり代理母に産ませたりは反対だけど)   近親婚でたまたま異常のある子供が生まれなければOKって問題じゃないつーの   動物だって近親交配は避けるのに
textdetox@01907546324b0330d2d8b7669648cc18823323e5/ja/000326	ja	1	やっぱり自民によるプロレスだったな   野党壊滅に目をそらしながら勝利宣言してたパヨク息してる？
textdetox@01907546324b0330d2d8b7669648cc18823323e5/ja/000327	ja	1	どちらかというと逆だよな   一般の倫理ではダメだが、民主党内部の倫理で不倫や不法は良い
textdetox@01907546324b0330d2d8b7669648cc18823323e5/ja/000328	ja	1	天皇陛下は桑田より高田みたいなやつの方が嫌いだと思うんだが…w
textdetox@01907546324b0330d2d8b7669648cc18823323e5/ja/000329	ja	1	死因の不透明さから当時から狙われてたのか
textdetox@01907546324b0330d2d8b7669648cc18823323e5/ja/000330	ja	1	政治主導のリフレーションが失敗したら、日本の経済界は壊滅的な打撃を受けるのに、商売人は目先の金で裏切るからな、欲の革突っ張り過ぎだろ！
textdetox@01907546324b0330d2d8b7669648cc18823323e5/ja/000331	ja	1	それだな。   韓国警察の工作だと思うよ。
textdetox@01907546324b0330d2d8b7669648cc18823323e5/ja/000332	ja	1	少なくとも意見の多様性は富むと思う   要は、住民の意見が偏るのはネタによっては当然だと思うが、   それとは別意見を記者が封殺したり、誘導するのはダメだろうけどね
textdetox@01907546324b0330d2d8b7669648cc18823323e5/ja/000333	ja	1	日本による虐殺ってなんなんだ？   言って見ろよ。
textdetox@01907546324b0330d2d8b7669648cc18823323e5/ja/000334	ja	1	ピンポンダッシュ飽きた(´・ω・｀)   アホしかいないのか あの程度の主張崩せないなんて
textdetox@01907546324b0330d2d8b7669648cc18823323e5/ja/000335	ja	1	キー局と違って中韓に容赦ない関西の番組でさえ   在にはほとんど触れないからね。   半島関係や日本の犯罪には切っても切れない話題なのに   触れられないなんてよっぽどなんでしょ。
textdetox@01907546324b0330d2d8b7669648cc18823323e5/ja/000336	ja	1	自分の国が好きじゃないと俺もがんばろうって奴も出てこないわな
textdetox@01907546324b0330d2d8b7669648cc18823323e5/ja/000337	ja	1	韓流はひとつのコンテンツとして定着してるんだよな
textdetox@01907546324b0330d2d8b7669648cc18823323e5/ja/000338	ja	1	アベやめろデモとかに参加してる在日って、本気でこう思ってんだろな
textdetox@01907546324b0330d2d8b7669648cc18823323e5/ja/000339	ja	1	怒るようなことは書いてないつもりだけど何か癪に障った？ｗ   いやぁ年金暮らしのはずなのに随分お盛んですねｗ
textdetox@01907546324b0330d2d8b7669648cc18823323e5/ja/000340	ja	1	日本食材専門スーパーなのに韓国食材も扱えと命じられたら酷いよなあ
textdetox@01907546324b0330d2d8b7669648cc18823323e5/ja/000341	ja	1	ファーーも爆発物も要らんなw   確かに大画面のメリットは有るだろう   しかし経年劣化を指摘されてる通りに折り畳み式は壊れ易いだろうと
textdetox@01907546324b0330d2d8b7669648cc18823323e5/ja/000342	ja	1	よくわからない   水銀捨てるのはなんとなくヤバそうだけど   一緒に居た人間の健康に被害が出るなら、この教授も自爆なんじゃない？   暴言は老害としか言いようがないけどｗ
textdetox@01907546324b0330d2d8b7669648cc18823323e5/ja/000343	ja	1	アナル拡張をしまくると肛門括約筋がユルユルになって、直腸内の金塊の重量を支えきれなくなる。   よって肛門の絞まりの良いアナルヴァージンこそ、この任務の適任者。
textdetox@01907546324b0330d2d8b7669648cc18823323e5/ja/000344	ja	1	こういうのがあるから、   いまはスマホで卒論書く時代だドヤァ・・・   なんてフェイク記事出したのか？ｗ
textdetox@01907546324b0330d2d8b7669648cc18823323e5/ja/000345	ja	1	外務省が本当に日本人の埒外で仕事していて驚く   完全に韓国人と在日韓国人のことしか考えてねぇ！
textdetox@01907546324b0330d2d8b7669648cc18823323e5/ja/000346	ja	1	もしかしてクラウン？   そう呼ぶというかクラウンという枠の中にピエロという役がある   ピエロは完全な笑われ役で顔に涙の化粧をしてる
textdetox@01907546324b0330d2d8b7669648cc18823323e5/ja/000347	ja	1	しかし大阪に在日の中にスパイが居るって言ったらなんでそれが差別発言になるんだ？     その説明は無しかよ？
textdetox@01907546324b0330d2d8b7669648cc18823323e5/ja/000348	ja	1	バカチョンが自分達だけに伝わる隠語を仕込んで陰で嘲笑するのと全く同じ     疑惑が確信へ、だな
textdetox@01907546324b0330d2d8b7669648cc18823323e5/ja/000349	ja	1	嘆くのはおまえら信者で、日本人はそんなにバカじゃねえから怒ってんだろが
textdetox@01907546324b0330d2d8b7669648cc18823323e5/ja/000350	ja	1	韓国も、日本からの多額の借金を踏み倒し中！   ワールドカップの時に貸した、数百億円も未返済！     南北揃って乞食朝鮮人だね。
textdetox@01907546324b0330d2d8b7669648cc18823323e5/ja/000351	ja	1	７０年も前のことをグダグダと五月蝿い馬鹿だね。   とっとと死ね。
textdetox@01907546324b0330d2d8b7669648cc18823323e5/ja/000352	ja	1	旅客機の中で爆発するニュース   あれ気圧に関係あるだろうか。   深海で韓国の潜水艦はゼロ気圧を保てるだろうか。
textdetox@01907546324b0330d2d8b7669648cc18823323e5/ja/000353	ja	1	ヴェルディのチョンにカマタマーレのエースが潰され掛かったことは一生忘れない、うどん県民として
textdetox@01907546324b0330d2d8b7669648cc18823323e5/ja/000354	ja	1	ソース無し糞スレの禁止と   ツイッターソースとブログソースの禁止ライン     ここは最低でも決まらないとな。
textdetox@01907546324b0330d2d8b7669648cc18823323e5/ja/000355	ja	1	熊本地震、九州豪雨、軽井沢スキーバス事故、ポケモンGOによる死亡事故、朝霧少女誘拐事件、障がい者施設の殺傷事件、座間の連続殺人事件     去年と今年の大きな災害や事件を挙げるとこんな感じ
textdetox@01907546324b0330d2d8b7669648cc18823323e5/ja/000356	ja	1	で誰の話よ？   最近の大河は脇役っぽいやつばかりやるから判らんなぁ。   まぁ主役級はやり尽くした感はあるが。
textdetox@01907546324b0330d2d8b7669648cc18823323e5/ja/000357	ja	1	おい、コレ全部呼んでソース探すとか何の罰ゲームだよ？   糞スレ量産した嫌儲の人間見てるんなら俺達に協力しろよｗ
textdetox@01907546324b0330d2d8b7669648cc18823323e5/ja/000358	ja	1	一人に罪を被せて自殺か国家反逆罪で死刑ですか、ありえるな
textdetox@01907546324b0330d2d8b7669648cc18823323e5/ja/000359	ja	1	沖縄だの自民党だの有事法制だの   細かな事にいちいち左よりのバイアスをかけるから全体でめっちゃ左向きになるんだよ   こういう自己弁護の本を出さなきゃ自分自身すら騙せないほどにな
textdetox@01907546324b0330d2d8b7669648cc18823323e5/ja/000360	ja	1	＞「チェ選手を手で押しレースを妨害した」と報じられたカナダのキム・ブタン選手（世界ランキング2位）     この人も韓国系なんじゃないの
textdetox@01907546324b0330d2d8b7669648cc18823323e5/ja/000361	ja	1	麻薬はメキシコがあるから分かるが、レイプ集団によって国家が危うくなった前例なんかねーぞ
textdetox@01907546324b0330d2d8b7669648cc18823323e5/ja/000362	ja	1	そう、それ   害韓誘致、コリアの朴馬
textdetox@01907546324b0330d2d8b7669648cc18823323e5/ja/000363	ja	1	そこらじゅうの店の前にスタッフ募集アルバイト募集のノボリが立っている件w   認めたくない奴らは社会に出てない引きこもりだろうw   自分の弟が勤めている某愛知の巨大自動車企業も「全然人が集まらない」と言っていたw
textdetox@01907546324b0330d2d8b7669648cc18823323e5/ja/000364	ja	1	犬ＨＫは昼、夕方６時、夜７時と３回も韓国の大学入試を報じてた   日本人には全く関係ないと凸したよ
textdetox@01907546324b0330d2d8b7669648cc18823323e5/ja/000365	ja	1	集英社の漫画には集英社のスタイルというか、ジャンプのスタイルがあるんだよねー。 あれをもう三十年以上やってる(^_^;) 劣化も何も、飽きたのでは？と思うw     ところでバスタードどうなったw まとまるのか、あれはw
textdetox@01907546324b0330d2d8b7669648cc18823323e5/ja/000366	ja	1	海外で日本語でアナウンスしてくれる電車ってあるのかよ。あんまり我が儘ばかり言ってると嫌われるぞ
textdetox@01907546324b0330d2d8b7669648cc18823323e5/ja/000367	ja	1	いや、ごみんすに戻しちゃダメでしょ   あいつらは安倍以下のゴミクズなのに、何すり替えてるんだ
textdetox@01907546324b0330d2d8b7669648cc18823323e5/ja/000368	ja	1	韓国って表現の自由のある国でしたっけｗ
textdetox@01907546324b0330d2d8b7669648cc18823323e5/ja/000369	ja	1	肥料ごときでそんなに大変な事になるの？鶏糞でグンノビだよ？ とか、ゆるーい事を考えてた私、衝撃。   なんで肥料に重金属が混入してくるんやー！
textdetox@01907546324b0330d2d8b7669648cc18823323e5/ja/000370	ja	1	日本の政界にも精神障碍者が多いような気がする。   特に野党とか野党とか野党とか     それに輪をかけて、精神異常者が多いのがマスゴミ界、なぜか日本人が少ないらしいけど ｗｗｗｗｗｗｗ
textdetox@01907546324b0330d2d8b7669648cc18823323e5/ja/000371	ja	1	ソーシャルゲームのデータが全部消えてニートが働くしかなくなるんだろ
textdetox@01907546324b0330d2d8b7669648cc18823323e5/ja/000372	ja	1	デマを垂れ流すだけ垂れ流して訂正は国にやらせる   鼻血んぼからクソアカが一貫してやってることだからな   然るべき罪で投獄されるのが相応しいのだが
textdetox@01907546324b0330d2d8b7669648cc18823323e5/ja/000373	ja	1	●流出と@wikiの個人情報漏れから色々掘られた
textdetox@01907546324b0330d2d8b7669648cc18823323e5/ja/000374	ja	1	客商売で客に無視されはじめたらおしまいだって言われてるのに     毎日変態新聞もそうやって一度倒産したのに   バカだねえ
textdetox@01907546324b0330d2d8b7669648cc18823323e5/ja/000375	ja	1	アホの分析休むに似たりだわ   野党がバカだから嫌われてるだけだわ   誰が自分より愚かな人間を担ぐんだよ…
textdetox@01907546324b0330d2d8b7669648cc18823323e5/ja/000376	ja	1	そろそろ放射脳が当時言ってた５年目を迎えつつあるわけですが   来年は原因不明の突然死が流行るんでしょうかね？   散々放射脳の人たちに脅されたので、不安でなりませんｗ
textdetox@01907546324b0330d2d8b7669648cc18823323e5/ja/000377	ja	1	気違いの犯罪を無罪とする理由は何だ？   在日弁護士が、これに大きく関与して朝鮮人の犯罪を野放しにした経緯があるが、   気違いだからこそ取り締まり有罪にすべきだろう。
textdetox@01907546324b0330d2d8b7669648cc18823323e5/ja/000378	ja	1	>「当分」の措置が５０年間も続いていることは異常だ。加えて、韓国・朝鮮籍以外の外国人を保護する必然性はまったく感じられない。     こういうの特権っていうんじゃんねｗ
textdetox@01907546324b0330d2d8b7669648cc18823323e5/ja/000379	ja	1	韓国は好きでも嫌いでもないですが何か？   まったく興味ないです
textdetox@01907546324b0330d2d8b7669648cc18823323e5/ja/000380	ja	1	好き嫌いはべつとして、北朝鮮の連中を皆殺しにする韓国兵とか、   韓国人を皆殺しにする北朝鮮兵とかなら、応援したいかも。
textdetox@01907546324b0330d2d8b7669648cc18823323e5/ja/000381	ja	1	どうもここの住人は若い人が多いみたいだな   先割れスプーンと瓶牛乳の世代の人はもう死に絶えてしまったのだろうか…うっうっ
textdetox@01907546324b0330d2d8b7669648cc18823323e5/ja/000382	ja	1	いやいやそれは、韓国に対して失礼だぞ。     片道切符で日本に住む在日同胞をサクラして派遣すべき。
textdetox@01907546324b0330d2d8b7669648cc18823323e5/ja/000383	ja	1	ザ・老害     ホントにこんなのをありがたがって出演させんだから   TBSの程度はよくよく知れてるよ
textdetox@01907546324b0330d2d8b7669648cc18823323e5/ja/000384	ja	1	新戸稲造の記念館もそうだけど、日本国政府がこういうものを国として確保保存できない今の日本のシステムはおかしいと思う。   外国人ばかりに金使って、大事な日本の歴史資料を保護できないとかおかしい。   税金を払っている国民の気持ちをもっと忖度して欲しいもんだ。
textdetox@01907546324b0330d2d8b7669648cc18823323e5/ja/000385	ja	1	ようするに自衛隊の使命は日本の政府が決めることで、基本的には外国も国際法も関係ないってこと。   今までは弱腰外交と売国政策のせいで自衛隊は警察力の延長だと外交的に説明してきただけ。   それを政府が方針転換して、他国の軍隊に準ずる組織ですと正式に決めた。それだけのこと。
textdetox@01907546324b0330d2d8b7669648cc18823323e5/ja/000386	ja	1	いわゆる男の厄年(数え42歳)ごろはいろいろ体に変調をきたすんだよな   高血圧に尿糖に脱毛な   死ねってことかな
textdetox@01907546324b0330d2d8b7669648cc18823323e5/ja/000387	ja	1	一般市民にできるのは、現行犯逮捕のみ。     常人逮捕とか市民逮捕なんて変な言葉使うな。
textdetox@01907546324b0330d2d8b7669648cc18823323e5/ja/000388	ja	1	ノムヒョン政権時代に韓国政府が補償義務を負うと確約してたにもかかわらず今回の判決だぜ   国際法も国内法も完全無視のキチガイ差別主義集団だから期待するだけ無駄   こうして寄生虫が日本に擦り寄れない状況を確固たるものにしておけば勝手に餓死する
textdetox@01907546324b0330d2d8b7669648cc18823323e5/ja/000389	ja	1	ああ、深夜徘徊のクズ共か   どうせなら原子炉に近づいて人柱になってくれ
textdetox@01907546324b0330d2d8b7669648cc18823323e5/ja/000390	ja	1	何も悪くねえよ   馬鹿じゃねえの
textdetox@01907546324b0330d2d8b7669648cc18823323e5/ja/000391	ja	1	確かにパヨクにとってはインターネットって危険でしかないもんな。
textdetox@01907546324b0330d2d8b7669648cc18823323e5/ja/000392	ja	1	あんだけ客を馬鹿にした番組を作って、未だに経営できてる謎の会社。
textdetox@01907546324b0330d2d8b7669648cc18823323e5/ja/000393	ja	1	弱者だと思って受け入れたら、集団で「俺たち弱者なんだぞ！」と暴れまくるわ、犯罪率が高い奴らで、とんでもない物を抱えるもんね。   トランプの「アメリカ（白人）・ファースト」が支持されるのも仕方ないわ。
textdetox@01907546324b0330d2d8b7669648cc18823323e5/ja/000394	ja	1	直接の実行犯は億円だけどなw
textdetox@01907546324b0330d2d8b7669648cc18823323e5/ja/000395	ja	1	まあ、ここの板的にはそういう風に持っていくのが「おやくそく」でしょうが、   とにかく殆どあらゆるものについて同じようなアヤのつけ方ができるわけですね
textdetox@01907546324b0330d2d8b7669648cc18823323e5/ja/000396	ja	1	>日本だけが得をする話に相手は乗ってこない。北朝鮮にとっても利益になると思わせる条件を示す必要がある。     誘拐しといてそれはねーよ…
textdetox@01907546324b0330d2d8b7669648cc18823323e5/ja/000397	ja	1	安倍ちゃんが外人５０万人いれるんだから我慢しなさい   韓国は不況すぎて、日本に就職したがってるからね
textdetox@01907546324b0330d2d8b7669648cc18823323e5/ja/000398	ja	1	そういう役所の電話相談は自殺の後押しするだけ
textdetox@01907546324b0330d2d8b7669648cc18823323e5/ja/000399	ja	1	警察不信を煽るのには利用されても   苗床になっている組織体系の問題点は放置されてるってとこは確かにパヨクのせいだとも言える
textdetox@01907546324b0330d2d8b7669648cc18823323e5/ja/000400	ja	1	もっと悪く考えると日本人に伝染せばって考えるバカチョンが出てきそうでな…
textdetox@01907546324b0330d2d8b7669648cc18823323e5/ja/000401	ja	1	鬼女板だから鬼女が書いてるとは限らないけどね
textdetox@01907546324b0330d2d8b7669648cc18823323e5/ja/000402	ja	1	枝野幸男を国会に送り込む基地外どもだぞ。何やらかしても不思議じゃない
textdetox@01907546324b0330d2d8b7669648cc18823323e5/ja/000403	ja	1	食い物でたとえて欲しいわ   この人なら鼻くそ食えるのかもしれんけど、普通の人は食えないよ…
textdetox@01907546324b0330d2d8b7669648cc18823323e5/ja/000404	ja	1	残念ですが、中国韓国製は買いませんのでｗ
textdetox@01907546324b0330d2d8b7669648cc18823323e5/ja/000405	ja	1	文面が何だか某宗教団体紙のアジ記事みたいなんだが気のせいかな
textdetox@01907546324b0330d2d8b7669648cc18823323e5/ja/000406	ja	1	ID:aPs ×   ん、に親でも殺されたの？
textdetox@01907546324b0330d2d8b7669648cc18823323e5/ja/000407	ja	1	オバマはプーチン！この野郎！って言わず。黙認モードみたいやわな   内心、アラブの春ミスった＾＾おもてんのかもな
textdetox@01907546324b0330d2d8b7669648cc18823323e5/ja/000408	ja	1	大腸菌をビフィズス菌が相殺して意外と大丈夫かも
textdetox@01907546324b0330d2d8b7669648cc18823323e5/ja/000409	ja	1	その不満はよくわかるけど中国韓国に積極的にあらゆるものを渡してきた企業ばっかだから
textdetox@01907546324b0330d2d8b7669648cc18823323e5/ja/000410	ja	1	民主主義の場合、情報を制する者が選挙を制するんだけど   その情報がゴミフィルターを通して偏向されまくったものだから   フィルタ無しのマス情報源もしくは放送法の改正なくして正常な民主主義は敷けない
textdetox@01907546324b0330d2d8b7669648cc18823323e5/ja/000411	ja	1	時の権力に楯突かないと死ぬ病気でも患ってるのかな   気持ち悪い
textdetox@01907546324b0330d2d8b7669648cc18823323e5/ja/000412	ja	1	日本のマスゴミは在日ないし朝鮮系日本人について触れるのはタブーなのだろうか
textdetox@01907546324b0330d2d8b7669648cc18823323e5/ja/000413	ja	1	こいつは元々金丸とかと一緒に訪朝してきたときから「あっち側」   なのでただの「チョンバレ」
textdetox@01907546324b0330d2d8b7669648cc18823323e5/ja/000414	ja	1	ゲリ政権馬鹿だからマイナンバーとLINE連携させようとしたり   ゲリベベLINEスタンプとかトチ狂ったことばっかりやってるな
textdetox@01907546324b0330d2d8b7669648cc18823323e5/ja/000415	ja	1	それどころか、ぱよちんは北朝鮮拉致に関与してたって噂まであるじゃん   そこまで調査して報じてくれたら神だよな
textdetox@01907546324b0330d2d8b7669648cc18823323e5/ja/000416	ja	1	名探偵コナン愛読歴１０年のオレに死角は無い
textdetox@01907546324b0330d2d8b7669648cc18823323e5/ja/000417	ja	1	ID:Lvl 必死過ぎ   ここはルールスレなのですがｗ
textdetox@01907546324b0330d2d8b7669648cc18823323e5/ja/000418	ja	1	11歳の娘をレイプしてた奴か。   ホンダもとんだ言いがかりつけられたな。
textdetox@01907546324b0330d2d8b7669648cc18823323e5/ja/000419	ja	1	バカ見物はおもろいなぁｗｗ これだからシナチョンウオッチングは止められん
textdetox@01907546324b0330d2d8b7669648cc18823323e5/ja/000420	ja	1	いや今回はみんなトンファー勝ちそうでヤバイと言ってたが
textdetox@01907546324b0330d2d8b7669648cc18823323e5/ja/000421	ja	1	今日本が採るべき大人の対応は悪いことをした韓国を叱ることだよ
textdetox@01907546324b0330d2d8b7669648cc18823323e5/ja/000422	ja	1	都議連がぐだぐだなのも大きいが   まだまだマスゴミの影響も大きいみたいだし   今後更に酷い偏向報道祭りになると思うとうんざり。
textdetox@01907546324b0330d2d8b7669648cc18823323e5/ja/000423	ja	1	余計なことばかり喋る   なんでこういうのが首相やってれたのか
textdetox@01907546324b0330d2d8b7669648cc18823323e5/ja/000424	ja	1	この記事自体本当にあったことかどうか   普通に考えて韓国人と日本人が一緒にカレーを食べるなんてことあるだろうか？
textdetox@01907546324b0330d2d8b7669648cc18823323e5/ja/000425	ja	1	昭和60年辺りからじゃないかな？   コンビニおにぎりが普及しはじめた頃     まだAVが特異な存在でフェラチオが一般向けの行為として見られてなかった頃
textdetox@01907546324b0330d2d8b7669648cc18823323e5/ja/000426	ja	1	じゃあなんで日韓合意なんてしたのよ   強制連行は無かったのに今まで何してたのよ     だいたい国連で報告することにどれだけの意味があるのやら
textdetox@01907546324b0330d2d8b7669648cc18823323e5/ja/000427	ja	1	一応ミンス時代から減り出してます。モナオが威張ってた。ミンス時代の場合は、ナマポが増えた連動が、唯一の要因やろ。
textdetox@01907546324b0330d2d8b7669648cc18823323e5/ja/000428	ja	1	サファリパヨク？   「象の檻」ってそうじゃなかったと思う
textdetox@01907546324b0330d2d8b7669648cc18823323e5/ja/000429	ja	1	>その後ヘビは地元住民たちに殺されて食べられてしまったという   この日を境に村の女が一人、忽然と姿を消してしまったそうな…
textdetox@01907546324b0330d2d8b7669648cc18823323e5/ja/000430	ja	1	なんで選挙権のない外人が日本の民主主義語るの？   北朝鮮て民主主義？
textdetox@01907546324b0330d2d8b7669648cc18823323e5/ja/000431	ja	1	その乗客も将来、痴漢冤罪で酷い目にあってようやく目が覚める
textdetox@01907546324b0330d2d8b7669648cc18823323e5/ja/000432	ja	1	まぁ、恣意的な言動をする人に削除権を出してしまっては、   糞スレどころの話ではなくなってしまうからなあ。
textdetox@01907546324b0330d2d8b7669648cc18823323e5/ja/000433	ja	1	一度目の殺しでスイッチが入る奴もいるからな   山地悠紀夫がそうだった
textdetox@01907546324b0330d2d8b7669648cc18823323e5/ja/000434	ja	1	日本のマスゴミが下らないネタで   叩きはじめてからが本番だと思ってるよ
textdetox@01907546324b0330d2d8b7669648cc18823323e5/ja/000435	ja	1	これは、変態呼ばわりされてもしかたがない。
textdetox@01907546324b0330d2d8b7669648cc18823323e5/ja/000436	ja	1	カスゴミはとっくの昔につかんでいて、それで野田を抑えて、野田がカスゴミに何も言えないようにしている
textdetox@01907546324b0330d2d8b7669648cc18823323e5/ja/000437	ja	1	ザイコって日本を憎みながら日本に住み続けていくつもりなんだろ？   マジでテロリスト予備軍じゃん
textdetox@01907546324b0330d2d8b7669648cc18823323e5/ja/000438	ja	1	パヨクはやはり無法の連中だ。   逮捕でもいいのじゃね。
textdetox@01907546324b0330d2d8b7669648cc18823323e5/ja/000439	ja	1	ハッピーハッピーの写真のガキのしゃがみ方よ   そんな恰好で原付乗ってるバカを時々見かけるわ   そっち系の育ちなんだろうな
textdetox@01907546324b0330d2d8b7669648cc18823323e5/ja/000440	ja	1	ｗ いや200tぐらいが望ましいかと   パヨクは丈夫で断末魔が五月蝿そうだから一気にドンっとｗ
textdetox@01907546324b0330d2d8b7669648cc18823323e5/ja/000441	ja	1	地震の後に大雨か…。   殺生やな…。
textdetox@01907546324b0330d2d8b7669648cc18823323e5/ja/000442	ja	1	そうそう   元は騒音での授業妨害での判決であって内容には触れてないのにマスゴミ・テョンがヘイトスピーチへの判決と摩り替えたんだよな
textdetox@01907546324b0330d2d8b7669648cc18823323e5/ja/000443	ja	1	欧米はそれほど電車が混まないからな   フェスティバルとか人混みでの痴漢は中南米のほうが多い
textdetox@01907546324b0330d2d8b7669648cc18823323e5/ja/000444	ja	1	子持ちとナマポボッシーを同列に考えている方がいるようですね   ナマポボッシーはナマポを当てにするのではなく自分で働くなり相手の男性に養育費を要求するなりして下さい   それともその程度の男としか付き合えないのか
textdetox@01907546324b0330d2d8b7669648cc18823323e5/ja/000445	ja	1	ドアに鍵穴2つ付いてるし、夜間対応防犯カメラにセコムしてる家だから   普通じゃ無さそうな気がする
textdetox@01907546324b0330d2d8b7669648cc18823323e5/ja/000446	ja	1	都構想は不要だな。   日韓両国政府連携で在日処分が7月から始まるのだからな（笑）   不正な帰化人も帰化取り消しで韓国送還できるらしいな。
textdetox@01907546324b0330d2d8b7669648cc18823323e5/ja/000447	ja	1	俺はパチンコに狂っているとは知らないで、100万円融通したことがる。   半年後に気がついたが、逃げられた。   ATM設置すれば、一般人が被害にあうことはない。   と、云うよりパチンコそのものを規制しろ。
textdetox@01907546324b0330d2d8b7669648cc18823323e5/ja/000448	ja	1	どっちも糞には違いないんだけど   Twitterの方は旧2ちゃんのより輪をかけて酷い   見つけ次第即射殺して欲しい位の嫌悪感を覚えたよ
textdetox@01907546324b0330d2d8b7669648cc18823323e5/ja/000449	ja	1	LINEで馬鹿になるんじゃなくて馬鹿がLINEやるんだよw
textdetox@01907546324b0330d2d8b7669648cc18823323e5/ja/000450	ja	1	そんな余裕はもうない   古臭いおきゅう発想はやめたほうがいいね
textdetox@01907546324b0330d2d8b7669648cc18823323e5/ja/000451	ja	1	中国共産党と対決姿勢だから。   だから北京から在日の「協力者達」に指令がきている。
textdetox@01907546324b0330d2d8b7669648cc18823323e5/ja/000452	ja	1	コイツの正気は一体どこの誰が保障してくれるのだね？
textdetox@01907546324b0330d2d8b7669648cc18823323e5/ja/000453	ja	1	6週間の終わりの頃の人はなんで逃げずに１ヶ月以上じっと殺されるのを待ってたんだ   収容所に入れられていた訳でもあるまいに
textdetox@01907546324b0330d2d8b7669648cc18823323e5/ja/000454	ja	1	まず「テロリズム」の定義をググってこいよ
textdetox@01907546324b0330d2d8b7669648cc18823323e5/ja/000455	ja	1	そういう勇も果敢な韓国軍は、第二次大戦で日本に買ったことになってるらしいよｗｗｗ
textdetox@01907546324b0330d2d8b7669648cc18823323e5/ja/000456	ja	1	外人とクソアカ弁護士の同伴で申請したやつの生活保護を打ち切ってそのお金を少子化対策に回すほうがいいと思うよ！（提案）
textdetox@01907546324b0330d2d8b7669648cc18823323e5/ja/000457	ja	1	熟女好きにはたまらない感じがする   バストは90cmのBカップかな
textdetox@01907546324b0330d2d8b7669648cc18823323e5/ja/000458	ja	1	種死でもあれをそのまま国家名にしたのはちょっと・・・と   思ったな   まあジオン公国みたいに人名付けられても困るけど
textdetox@01907546324b0330d2d8b7669648cc18823323e5/ja/000459	ja	1	パヨク界隈のどのへんの琴線に触れたんだろ
textdetox@01907546324b0330d2d8b7669648cc18823323e5/ja/000460	ja	1	アメリカで生まれ育った息子が韓国に追放された場合、適応できるかが心配だ     息子は2歳の時にアメリカに来たって言ってるのに。   まさに、息をするように嘘をつく
textdetox@01907546324b0330d2d8b7669648cc18823323e5/ja/000461	ja	1	原発止めて、韓国経済をより疲弊させて、自殺や海外移住で人口減らして。   あとは首領様がおいでになるのを待つのみってことか。   急がないと、その大事な首領様が、トラにかみ殺されそうだぞ。
textdetox@01907546324b0330d2d8b7669648cc18823323e5/ja/000462	ja	1	歴史は英雄に綴られてるだろ   英雄というのは誰よりも多く他人を殺した人間のことだよ     長い目で見れば非難されるのは常に、｢負けた方｣だけ
textdetox@01907546324b0330d2d8b7669648cc18823323e5/ja/000463	ja	1	韓国が明白に造反したら時間は多少稼げそうだな。
textdetox@01907546324b0330d2d8b7669648cc18823323e5/ja/000464	ja	1	不特定多数に流す聞き捨ては   コマーシャルとしてカスラックは店に金払えよ。
textdetox@01907546324b0330d2d8b7669648cc18823323e5/ja/000465	ja	1	アベノミクス(景気回復)成功には   国民の可処分所得を増やさないとどうにもならないんだが、それについてはどう思う？   増税と質の悪い雇用(低賃金の雇用)ばかり増やしていても、アベノミクスが   成功する訳がないと思うのだが？
textdetox@01907546324b0330d2d8b7669648cc18823323e5/ja/000466	ja	1	本気で欲しくなったら｢そういう店｣に行けばいいだけの話。   コンビニの成人向けコーナーなんぞ品揃えが乏しすぎる。
textdetox@01907546324b0330d2d8b7669648cc18823323e5/ja/000467	ja	1	の李氏が臭うな   これは東亜民に掘ってもらわないとダメなやつか？
textdetox@01907546324b0330d2d8b7669648cc18823323e5/ja/000468	ja	1	結局は自慰行為であるとしか言いようが無い   死んだ人間はこれについて批判を聞くこともないし、利用したい側は誇大に利用するだろうが   論理性で説明できないから感情的に訴えたという、言論としては低レベルの表現だ
textdetox@01907546324b0330d2d8b7669648cc18823323e5/ja/000469	ja	1	これ   だからもう韓国の在り方が根本的に間違ってるのを韓国人が認めるのも無理そうだしもう無理だね
textdetox@01907546324b0330d2d8b7669648cc18823323e5/ja/000470	ja	1	何でコイツ自分以外の人が論争してるところに   意味不明なことを喚き散らしてドヤ顔で止めるの？   キチガイなの？
textdetox@01907546324b0330d2d8b7669648cc18823323e5/ja/000471	ja	1	＞描いた人間を撃ち殺しはしないけれど   そこが最大の相違点じゃね？   なんで真宗なのかよくわからんけど。
textdetox@01907546324b0330d2d8b7669648cc18823323e5/ja/000472	ja	1	移動の自由があるから税金投入して支援しなきゃいけないんだーって、   またパヨクの憲法解釈か
textdetox@01907546324b0330d2d8b7669648cc18823323e5/ja/000473	ja	1	自民党は韓国が大好きだから大丈夫だよ
textdetox@01907546324b0330d2d8b7669648cc18823323e5/ja/000474	ja	1	学者如きがこの問題に首を突っ込むなよ   くだらんジャーナリスト共と同じだぞ   黙ってろバカ
textdetox@01907546324b0330d2d8b7669648cc18823323e5/ja/000475	ja	1	信者が疑心になりはじめ、金回りが悪くなってきた教祖連中が、焦って言うセリフ。 つまり、     必死〜
textdetox@01907546324b0330d2d8b7669648cc18823323e5/ja/000476	ja	1	新潟ってアカの巣窟に成り下がったよね   森ゆうことか知事に米山とかクズを当選させてしまうという
textdetox@01907546324b0330d2d8b7669648cc18823323e5/ja/000477	ja	1	踏み倒せば死刑だろ。   普通は。
textdetox@01907546324b0330d2d8b7669648cc18823323e5/ja/000478	ja	1	それ以上に在日だと限定してないだろ？     工作員に日本人はいないとか一言も言ってないしな。
textdetox@01907546324b0330d2d8b7669648cc18823323e5/ja/000479	ja	1	謝っても無駄だと思うなあ   面白がって余計に仕掛けてくるよね嫌儲なら   在日とかしばき隊の連中は逆にやって来ないだろうな今やったらそれだと分かるから
textdetox@01907546324b0330d2d8b7669648cc18823323e5/ja/000480	ja	1	そもそもなにしにあんなところへ行ったんだ   痴情の楽園に憧れでもあったのか
textdetox@01907546324b0330d2d8b7669648cc18823323e5/ja/000481	ja	1	こいつの正体が何であれ、   発端となった慰安婦にしてやれって記事は韓国の女子中学校教師が書いて   韓国のマスコミが記事にしたことは確実だし
textdetox@01907546324b0330d2d8b7669648cc18823323e5/ja/000482	ja	1	×左右で殺し合う時代   ○国民と侵略者で殺し合う時代     日本に限らず世界的な流れ
textdetox@01907546324b0330d2d8b7669648cc18823323e5/ja/000483	ja	1	|＿,,∧   |工°=) ＜何故なら創価が大量に入り込んでいるから～！ だから自民党は公明創価が切れない理由の１つ～！   |× )∂   |ω ∪
textdetox@01907546324b0330d2d8b7669648cc18823323e5/ja/000484	ja	1	なるほど、ケンモーは仲間をネトウヨ認定して切り捨てるのか
textdetox@01907546324b0330d2d8b7669648cc18823323e5/ja/000485	ja	1	凄いね安倍総理   韓国には『対話のドアはいつでも開いてますよ？でも条件とかは無しだよ？』てずっと言い続けてたもんね？   今となったら日本からじゃんじゃん注文つけてそれに応じなかったら会談はしない。ぐらい強気でいけるでしょﾗﾗﾗ
textdetox@01907546324b0330d2d8b7669648cc18823323e5/ja/000486	ja	1	スーパー遅漏の俺は50万回擦られてもイカない自信があるぜ？     試してみるか？
textdetox@01907546324b0330d2d8b7669648cc18823323e5/ja/000487	ja	1	それって、しょうゆモロミでいいんじゃないの?
textdetox@01907546324b0330d2d8b7669648cc18823323e5/ja/000488	ja	1	夜中にチョンモが暴れて勝利宣言でもしに来るかもなｗ
textdetox@01907546324b0330d2d8b7669648cc18823323e5/ja/000489	ja	1	有権者がマスゴミに騙されたのが原因
textdetox@01907546324b0330d2d8b7669648cc18823323e5/ja/000490	ja	1	フランス人も革命に次ぐ革命で、気に食わなきゃ引き摺り下ろして殺す文化だし。   リベラルを信奉する連中はみんなこんなもんよ。♣♥♣
textdetox@01907546324b0330d2d8b7669648cc18823323e5/ja/000491	ja	1	最悪の脊髄ボッキリにならなくても、関節潰したらだいぶ   後の進路に影響するしな
textdetox@01907546324b0330d2d8b7669648cc18823323e5/ja/000492	ja	1	パヨクによる同性婚の要求が捗り、やがて偽装gayだらけに。
textdetox@01907546324b0330d2d8b7669648cc18823323e5/ja/000493	ja	1	イスラム教がと言うより、ムスリムに糞屑キチガイが多いだけ。   (｀・ω・´)まるで朝鮮塵やんけ！
textdetox@01907546324b0330d2d8b7669648cc18823323e5/ja/000494	ja	1	原子力空母が入港する時は動員が捗るからマスゴミも来るぞw
textdetox@01907546324b0330d2d8b7669648cc18823323e5/ja/000495	ja	1	うちは共産党のチラシなんか入れやがるババァがいるけど   変な宗教も含めてそういうのが近寄らないために   玄関に旭日旗のシール貼ろうかと思ってる
textdetox@01907546324b0330d2d8b7669648cc18823323e5/ja/000496	ja	1	一方、瀕死の民進党、蓮舫を叩く総理も、小せえなと思わないでもないw
textdetox@01907546324b0330d2d8b7669648cc18823323e5/ja/000497	ja	1	あーチョン高かｗつか嫌儲ってお前ら向きのBBSがあるぽいんで   そっちいけば？「2ちゃん 嫌儲」でググレば多分書き込めるよ！
textdetox@01907546324b0330d2d8b7669648cc18823323e5/ja/000498	ja	1	アホしか釣れないとわかってるのかテレビじゃあんまりいわないな
textdetox@01907546324b0330d2d8b7669648cc18823323e5/ja/000499	ja	1	かかわったら、それだけで負けなのが、韓国。   とにかくかかわらない、無視が一番。
textdetox@01907546324b0330d2d8b7669648cc18823323e5/ja/000500	ja	1	掲示板にコメントするレベルになってない。さっさと精神科で入院治療してちゃんと糖質を治すべき     諦めないで治療頑張って下さい
textdetox@01907546324b0330d2d8b7669648cc18823323e5/ja/000501	ja	1	22人財布を盗んだって…。   盗むならフランス製かイタリア製にしろ。   韓国の財布なんて質屋でせいぜい50円だろ。
textdetox@01907546324b0330d2d8b7669648cc18823323e5/ja/000502	ja	1	犯罪予告書いた人はお巡りさんに板長のせいですぅ、はげきのせいですぅとか供述するんかいなあ
textdetox@01907546324b0330d2d8b7669648cc18823323e5/ja/000503	ja	1	日本に韓国式焼肉を広めた   在日パワーは凄い！
textdetox@01907546324b0330d2d8b7669648cc18823323e5/ja/000504	ja	1	子育てする世代が安易に「死ね」とか言っちゃうのが怖いな
textdetox@01907546324b0330d2d8b7669648cc18823323e5/ja/000505	ja	1	まぁだ新設学部の分は一銭も流れてませんけど？   してもないことを流用？   そもそも、正規のプロセスを踏んだものを私的流用もクソもないが。
textdetox@01907546324b0330d2d8b7669648cc18823323e5/ja/000506	ja	1	お前らって痴漢に間違われたことあるの？   ないのならギャーギャー騒ぐな
textdetox@01907546324b0330d2d8b7669648cc18823323e5/ja/000507	ja	1	クソアカにあるのは志ではなく手段の目的化だからな   だから募金と称して活動資金を詐取することも平気でやる
textdetox@01907546324b0330d2d8b7669648cc18823323e5/ja/000508	ja	1	まともに機能してる所は所で、非正規の就業時間はきちんと守られている代わりに正社員が地獄だったりするのよね…
textdetox@01907546324b0330d2d8b7669648cc18823323e5/ja/000509	ja	1	冤罪で死刑囚になった再審して欲しいって訴えてる人たちに素直に死ねって言ってるんやな
textdetox@01907546324b0330d2d8b7669648cc18823323e5/ja/000510	ja	1	日本に軍事という外交手段を取り上げながら   無策を責めるのがパヨクだからな     早く改憲しようじゃないか
textdetox@01907546324b0330d2d8b7669648cc18823323e5/ja/000511	ja	1	現地邦人が一人でも死んだら安倍は辞任しろ とか言い出すんでしょ
textdetox@01907546324b0330d2d8b7669648cc18823323e5/ja/000512	ja	1	停止されても廃止されても   また貯蓄と収入がなくなれば再開できるから   死刑にしないと意味がない
textdetox@01907546324b0330d2d8b7669648cc18823323e5/ja/000513	ja	1	>結婚は人生という戦場で共同戦線を張る契約     その契約した男性が後ろから撃たれる事例ばかり見聞きしてる気がするのですが
textdetox@01907546324b0330d2d8b7669648cc18823323e5/ja/000514	ja	1	小学館の養分になるのは平気なん？   チョンモメン矛盾じゃね？
textdetox@01907546324b0330d2d8b7669648cc18823323e5/ja/000515	ja	1	酷いわ、安倍。     言論封殺する為に日韓合意したんか。
textdetox@01907546324b0330d2d8b7669648cc18823323e5/ja/000516	ja	1	これ舛添のままだったら韓国で確定していたかもな
textdetox@01907546324b0330d2d8b7669648cc18823323e5/ja/000517	ja	1	宗教で文化侵略される事とウイグル人（イスラム教）を弾圧する中国の事を考えると、どう折り合いを付ければいいのか難しい
textdetox@01907546324b0330d2d8b7669648cc18823323e5/ja/000518	ja	1	国民がテロリストに屈して   民主主義とともに自爆テロを遂げたと嗤われるだろうな
textdetox@01907546324b0330d2d8b7669648cc18823323e5/ja/000519	ja	1	ダメダメ、憲法守って死ねと言ってる共産党や民進党の言い分を実現させないと。   憲法改正論者も、ここは憲法を守って、在外邦人が犠牲になる現行憲法の欠陥をしっかりと国民に見せつければ良い。   政府は憲法と法令を守って、国民の生命が守れない実績を残せ。
textdetox@01907546324b0330d2d8b7669648cc18823323e5/ja/000520	ja	1	日本人の三割って渡来人と言う名の   中原が戦乱と野蛮人に蹂躙されて嫌気が差して部族ごと海を渡った人達の末裔なんだから   話が逆っちゃ逆だな   韓国？どうでもいい
textdetox@01907546324b0330d2d8b7669648cc18823323e5/ja/000521	ja	1	それおまえだろｗ   どうしてもこたつねこさんを最悪の馬鹿３記者に加えたいんだな   酷い、酷すぎる
textdetox@01907546324b0330d2d8b7669648cc18823323e5/ja/000522	ja	1	昨日はフジテレビの糞ディレクターがあの号泣会見の野々村を追い回して遊んでたよ   単なる悪ふざけにしか見えんかったよ
textdetox@01907546324b0330d2d8b7669648cc18823323e5/ja/000523	ja	1	韓国にやられっぱなしの国は日本だけじゃ無いもんなw。   黙っているけど、みんな結構鬱憤は堪っているだろう…。
textdetox@01907546324b0330d2d8b7669648cc18823323e5/ja/000524	ja	1	「スーチー 反日」でググると付随していろいろでてくる。   まあ、中国に歓迎されるような人間は総じて屑だから、わかりやすい。
textdetox@01907546324b0330d2d8b7669648cc18823323e5/ja/000525	ja	1	亡命するっつってしない議員が居たり、   亡命したっつってたのに帰ってきた在チョンが居たり、   パヨク界隈はバカばっかりだな。   思想とかがどうこういう以前に、人としておかしい。
textdetox@01907546324b0330d2d8b7669648cc18823323e5/ja/000526	ja	1	痴漢被害が深刻だったから、こうなったんだよね。   冤罪被害も有るしな。     良い落としどころを探そう。
textdetox@01907546324b0330d2d8b7669648cc18823323e5/ja/000527	ja	1	女は男の股関とかを盗撮したりしないからねえｗ
textdetox@01907546324b0330d2d8b7669648cc18823323e5/ja/000528	ja	1	昨日今日の話じゃないんだがなぁ・・・。   あと、染めるアホが居るからなんだが「容姿差別」って・・・。
textdetox@01907546324b0330d2d8b7669648cc18823323e5/ja/000529	ja	1	人殺しで記録のくらべっこか   世知辛いねぇ
textdetox@01907546324b0330d2d8b7669648cc18823323e5/ja/000530	ja	1	まぁ、問題は湯川の行動と言うよりも、   チョンモメンどもの活動だけどね。
textdetox@01907546324b0330d2d8b7669648cc18823323e5/ja/000531	ja	1	ワンパターンだな   知恵のないパヨク脳丸出し
textdetox@01907546324b0330d2d8b7669648cc18823323e5/ja/000532	ja	1	有力な次期大統領候補で、竹島だけでなく昨年末の合意や安全保障問題に   関わってくる可能性が高い人物なんだから、ちゃんと動向を把握しておけよ害務省。
textdetox@01907546324b0330d2d8b7669648cc18823323e5/ja/000533	ja	1	もう、めんどくさいから   老人とガキを見たら殺そうぜ   殺し続けてればそのうち必ず黙る日が来るのは確実だろ？
textdetox@01907546324b0330d2d8b7669648cc18823323e5/ja/000534	ja	1	その表現は正確ではないと思うよ   これほんとに韓国無関係やし
textdetox@01907546324b0330d2d8b7669648cc18823323e5/ja/000535	ja	1	観光客（のうち主に支那）は大抵免税店で買って消費税を無税にしてるからな   消費税の率はやつらには関係ないよ     まぁ、日本人のためには消費税は下げるべきだが。
textdetox@01907546324b0330d2d8b7669648cc18823323e5/ja/000536	ja	1	チョン次郎とゲルとか２Fとかがいる自民党とか支持したくないからな。   でも安倍が日本のために頑張っているのがわかるから、安倍は支持する
textdetox@01907546324b0330d2d8b7669648cc18823323e5/ja/000537	ja	1	なんでじゃあの氏個人の感想だけ引き抜いて「結論」にレスしてんの   どう見ても結論はそれ以前のいくつかのツイートでしょうが   それを踏まえての「くだらねえ、頭がいてえ」というじゃあの氏の感想   という文章構成ですよ
textdetox@01907546324b0330d2d8b7669648cc18823323e5/ja/000538	ja	1	ヤクザもどきを雇用するやまと証券は信用０の糞企業
textdetox@01907546324b0330d2d8b7669648cc18823323e5/ja/000539	ja	1	日本で起きる無差別殺人は、決して『テロ』と呼ばないよなぁ   オウムの地下鉄毒ガスも『事件』だし･･･   「日本にテロは存在しない」とか、   何か変なこだわりを持っているんだよな
textdetox@01907546324b0330d2d8b7669648cc18823323e5/ja/000540	ja	1	中高年の、スキルが無い／市場とミスマッチングしている人間の救済は、政治の領分でなく   本人が努力するかバイト並みの給料に甘んじるしかない話だと思う。   そこまでは責任は取れない。
textdetox@01907546324b0330d2d8b7669648cc18823323e5/ja/000541	ja	1	左翼は、発言する自由だけでなく、暴行する自由も殺人する自由もある。   でも右翼は発言も行動も許さない。   これが左翼の自由だよ
textdetox@01907546324b0330d2d8b7669648cc18823323e5/ja/000542	ja	1	竹島に関しては韓国に気を使ってるのではなく   日韓それぞれの同盟国であるアメリカに気を使ってるのな     これ間違えちゃダメだから
textdetox@01907546324b0330d2d8b7669648cc18823323e5/ja/000543	ja	1	河野洋平って秘書に韓国人を採用してたよね   なんか怪しいわ
textdetox@01907546324b0330d2d8b7669648cc18823323e5/ja/000544	ja	1	ホモが嫌いなのはネトウヨ！←new！
textdetox@01907546324b0330d2d8b7669648cc18823323e5/ja/000545	ja	1	昔から中国寄り（ていうか犬）でしょ。   対日関係での中国の立場は韓国と同じだから。   はっきり言って解決されると困る。
textdetox@01907546324b0330d2d8b7669648cc18823323e5/ja/000546	ja	1	下手に射殺なんてしたら、「トランプ派の警察官に殺された！」と大騒ぎされるからな。
textdetox@01907546324b0330d2d8b7669648cc18823323e5/ja/000547	ja	1	新渡戸稲造の「武士道」が邪魔で邪魔でしょうがない勢力が黒幕だろ   どこのどいつらだか、丸分かりじゃ無いかな
textdetox@01907546324b0330d2d8b7669648cc18823323e5/ja/000548	ja	1	＞同世代の活動として賛否の声を偏りなく、広く紹介してきたつもりです しかし、それが逆に批判につながってしまいました。   偏りなく紹介するとなぜかパヨクが発狂したって言う笑い話だからなあ
textdetox@01907546324b0330d2d8b7669648cc18823323e5/ja/000549	ja	1	お前が馬鹿って言ってるだけなんだけどw   まさか自分が馬鹿と言われるとミンジョク全体バカにされたと発狂するタイプの人かな？ww
textdetox@01907546324b0330d2d8b7669648cc18823323e5/ja/000550	ja	1	軍がやるからテロじゃないって理屈なら   中国のチベット人虐殺を肯定するって事になるんだけど
textdetox@01907546324b0330d2d8b7669648cc18823323e5/ja/000551	ja	1	昭和も40年代頃までは殆どの報道機関は在日が犯罪犯すと通名のあと本名も報道してたのにな。   例えば月山明博こと李明博容疑者とか。   今じゃ通名報道が殆ど。   どっちか選ばせて通名は廃止するべきだ。
textdetox@01907546324b0330d2d8b7669648cc18823323e5/ja/000552	ja	1	abe shineデモに参加しすぎて「死ね」はタブーだって思わなくなったのかも
textdetox@01907546324b0330d2d8b7669648cc18823323e5/ja/000553	ja	1	昔読んだツービートの本に赤旗と聖教新聞を一緒に取ってる思想のないバカっての思い出した
textdetox@01907546324b0330d2d8b7669648cc18823323e5/ja/000554	ja	1	とにかくレイシストと決めつけて叩くデモだったな   気に入らない女を叩いてる感じ   殺害予告者も捕まってないし
textdetox@01907546324b0330d2d8b7669648cc18823323e5/ja/000555	ja	1	元から馬鹿というか、池沼というか、   エッタと成り済ましﾁｮﾝしかおらんやないですかｗｗｗ
textdetox@01907546324b0330d2d8b7669648cc18823323e5/ja/000556	ja	1	韓国側から話が出たってことにして再開するよ。   政府の姿勢が一貫して韓国とは価値観を同じくしてるし。
textdetox@01907546324b0330d2d8b7669648cc18823323e5/ja/000557	ja	1	ちょっと違うな、１００年後は、日本の原発の被害で半島在住の韓国人が５００万人ぐらい死んだことになっているだろう   韓国が１００年後も存在していればの話だけど。
textdetox@01907546324b0330d2d8b7669648cc18823323e5/ja/000558	ja	1	事実は違うという主張も大事だけど、過去に起きたことで   現在生きてる日本人が韓国に永遠に償え、という主張と戦うことにも   目を向けないと。
textdetox@01907546324b0330d2d8b7669648cc18823323e5/ja/000559	ja	1	オレは売れ残りなんて思わないが、ガチな話ヤバいのが混じってるのはたしか。     特に宗教系
textdetox@01907546324b0330d2d8b7669648cc18823323e5/ja/000560	ja	1	ジュンク堂もアホだね   買ってもらって何ぼの商売なのに偏ったらアウトだろ     スポンサーついたら何垂れ流しても儲けが確保されるTVメディアと違うんだから
textdetox@01907546324b0330d2d8b7669648cc18823323e5/ja/000561	ja	1	こいつって自首したんだね、   ちゃんとＩＰとかパソコン押収とかで裏取るんだろうか？   ヤバイIPの場所から書き込んだのがばれる前に自首したとかじゃねえだろうな？
textdetox@01907546324b0330d2d8b7669648cc18823323e5/ja/000562	ja	1	そらまあ当然。   韓国民に債権があるとしても、   日韓基本条約以降、債務者は韓国政府。
textdetox@01907546324b0330d2d8b7669648cc18823323e5/ja/000563	ja	1	何で責められるの？   中国共産党の指示のもと、バカな沖縄土人を利用して甘い汁を吸おうとしてるだけなんだけど…   成功の暁には中国共産党機関紙にしてもらうつもりなんだけど。
textdetox@01907546324b0330d2d8b7669648cc18823323e5/ja/000564	ja	1	あまり詳しくないんだけど、TwitterってJCが自分の裸画像を載せてたりするみたいね   でも、サーバーがアメリカにあるとかで、ダウンロードや転載する人間だけが逮捕されるとか何とか
textdetox@01907546324b0330d2d8b7669648cc18823323e5/ja/000565	ja	1	三菱重工への賠償請求権を時効や日韓基本条約をを無視して韓国裁判所が認めてしまった以上、   韓国政府への賠償請求権も永遠に続いてしまう。   韓国政府は反日活動是認で墓穴を掘ってしまった。
textdetox@01907546324b0330d2d8b7669648cc18823323e5/ja/000566	ja	1	若い世代は、ゆとりやら変な動画投稿やらで、バカにされてるが、   ホントは中年以上からジジババ世代のが、常識はずれの人間が多いんだよ。   申し訳なく思う。年甲斐なくキレるしなあ。   重ねて申し訳ない。
textdetox@01907546324b0330d2d8b7669648cc18823323e5/ja/000567	ja	1	きのう韓国だかの巡航ミサイルの映像流してたなニュースで…
textdetox@01907546324b0330d2d8b7669648cc18823323e5/ja/000568	ja	1	放射図像を全否定するしかない韓国さんの苦しみに想いを馳せつつ   もうちょっと大きい日章旗と旭日旗を買っておこうかと思案です
textdetox@01907546324b0330d2d8b7669648cc18823323e5/ja/000569	ja	1	むしろ底辺層やこいつみたいな老害をまた中南米に棄民しろ。
textdetox@01907546324b0330d2d8b7669648cc18823323e5/ja/000570	ja	1	死ね死ね団か   今だと直球すぎて逆に面白くなってしまいそう
textdetox@01907546324b0330d2d8b7669648cc18823323e5/ja/000571	ja	1	駐韓大使とか大変なお仕事だなぁ   胃に穴が開きそう   ご苦労様です
textdetox@01907546324b0330d2d8b7669648cc18823323e5/ja/000572	ja	1	又又又股朝（鮮）日（報）新聞伝統の偏向報道かと思ったら、やはりぱよちん偏向報道だったよ     ゴミウリ(2018/02/24 00:16)の文面は   ＞ 防衛省の発表によると、沖縄防衛局が学校に設置した監視カメラなどで確認した。米軍側も事実関係を認めているという。
textdetox@01907546324b0330d2d8b7669648cc18823323e5/ja/000573	ja	1	おまえら知らないだろうが、眼鏡男って東亜で「日本人無差別殺害」テロ発言して通報されたテロリストだぞ。
textdetox@01907546324b0330d2d8b7669648cc18823323e5/ja/000574	ja	1	韓国慰安婦にチンコいじりさせて、入院はします
textdetox@01907546324b0330d2d8b7669648cc18823323e5/ja/000575	ja	1	本人は一貫して出ないと言ってるのにマスゴミが勝手に騒いでるだけだろう
textdetox@01907546324b0330d2d8b7669648cc18823323e5/ja/000576	ja	1	別に   普通の在日批判に関連する事案ではない。   きちんと考えて、反日コメントをするんじゃない。
textdetox@01907546324b0330d2d8b7669648cc18823323e5/ja/000577	ja	1	つか戦前だと奴らの場合   高等教育受けるには日本しかなかった   少し前の韓国だと政財官、上級ポジにいたのは全部   日本の高等学府卒ばっかで奴らもそれが自慢だった、アホくさ
textdetox@01907546324b0330d2d8b7669648cc18823323e5/ja/000578	ja	1	>戦火を逃げ回る恐怖、焼け野原に転がる焼死体…。   戦わずにいた所でも同じことが、いや、それ以上に悲惨な事も起きるんだが、それについてはなんか言ってるの？
textdetox@01907546324b0330d2d8b7669648cc18823323e5/ja/000579	ja	1	別に個人として静かに参拝するのならば、誰であろうと反対などしないんだが   自民党のクソどもは靖国参拝を完全に外交政争の具にしてやがるだろ   だから国内外で誰もが大反対しているのだ
textdetox@01907546324b0330d2d8b7669648cc18823323e5/ja/000580	ja	1	韓国的には持ち上げられて当然という感覚なんじゃろ     むしろ人種的に劣った日本人が   韓国を賛美・賞賛しないのはけしからんという感じ？
textdetox@01907546324b0330d2d8b7669648cc18823323e5/ja/000581	ja	1	あがっているのは輸入品だからね   自分は国産中心に買ってる   影響は感じないけど   あがってるあがってる言ってる人達って、中韓の商品ばかり買ってたんじゃないかな
textdetox@01907546324b0330d2d8b7669648cc18823323e5/ja/000582	ja	1	たろさほんとにいいそうだからな。で、「やれもしないのに無責任なこと言っちゃあいけない。国民をバカにしてる」くらいは余裕で続ける人
textdetox@01907546324b0330d2d8b7669648cc18823323e5/ja/000583	ja	1	日本に将来性が無いから   ついでを言えば日本企業が海外でことごとくやられるのは   霞が関のクソ官僚ドモが自分の懐ばかり気にして   真面目に国家運営をしていないから
textdetox@01907546324b0330d2d8b7669648cc18823323e5/ja/000584	ja	1	その同じ口で「ネトウヨは四六時中韓国のことで頭が一杯」と言ってのけるスキゾの群れです   間違いなく精神異常
textdetox@01907546324b0330d2d8b7669648cc18823323e5/ja/000585	ja	1	リメイクというか「ザ・ブラックオニキス・オンライン」   があったらと思うと胸がときめくな
textdetox@01907546324b0330d2d8b7669648cc18823323e5/ja/000586	ja	1	日本のフッ酸の輸出先に、量は少ないけど一応アメリカもあったはずだよ   アメリカが少ないってより、韓国が異常に日本から輸入してるだけかもしれんけど
textdetox@01907546324b0330d2d8b7669648cc18823323e5/ja/000587	ja	1	しまいには身内で気に入らない奴を殺し始めるのがあいつら
textdetox@01907546324b0330d2d8b7669648cc18823323e5/ja/000588	ja	1	チポリーノの冒険に出てたな、息を吸うのに税金かける話ｗ     というか、水も飲み過ぎると死ぬから、水税の導入も。
textdetox@01907546324b0330d2d8b7669648cc18823323e5/ja/000589	ja	1	旧chは、   SCよりオープンが邪魔と見た
textdetox@01907546324b0330d2d8b7669648cc18823323e5/ja/000590	ja	1	ここの安倍創価信者は必死過ぎて気持ち悪い...
textdetox@01907546324b0330d2d8b7669648cc18823323e5/ja/000591	ja	1	クリントン支持者は高学歴高所得者！トランプ支持者は低学歴低所得者！   って必死にプロバガンダ打ってるけど   選挙後の暴動やら銃撃やら見てればクリントン支持者が   本当はどういう層なのか？が嫌って程に良く解るねｗ
textdetox@01907546324b0330d2d8b7669648cc18823323e5/ja/000592	ja	1	チン力ス     【天文】３５年ぶりの天体ショーも巨大地震の引き金か？ 今宵は「スーパー・ブルー・ブラッド・ムーン」、東日本大震災では８日後にも… ［H30/1/31］(68)   53.ID:SYn 東京で直下型大地震が起きますように
textdetox@01907546324b0330d2d8b7669648cc18823323e5/ja/000593	ja	1	アホ「テレビがなんか安倍総理が悪いと言っていた」
textdetox@01907546324b0330d2d8b7669648cc18823323e5/ja/000594	ja	1	警察てか民間もすぐ過剰防衛にされるけど、他所だとぶち殺しても正当防衛は正当防衛   こっちだと痴漢撃退スプレーですら過剰防衛にされかねんから、どっちがいいかは微妙な気分
textdetox@01907546324b0330d2d8b7669648cc18823323e5/ja/000595	ja	1	東京都は日本一人口が多いからな。   そりゃあ、それに比例してアホも多くなるわ…。
textdetox@01907546324b0330d2d8b7669648cc18823323e5/ja/000596	ja	1	障害者に生産性があるか、まずはそこから始めたら？
textdetox@01907546324b0330d2d8b7669648cc18823323e5/ja/000597	ja	1	志位るズが馬鹿を晒して映像化   何故か支那では上映が不可
textdetox@01907546324b0330d2d8b7669648cc18823323e5/ja/000598	ja	1	つーか、この手の事で詳しく説明しろって言うバカ初めて見たよ
textdetox@01907546324b0330d2d8b7669648cc18823323e5/ja/000599	ja	1	♪ケ～ロリン ケ～ロリン 青空、晴れた空
textdetox@01907546324b0330d2d8b7669648cc18823323e5/ja/000600	ja	1	在日は日本人がレイプして生ませたとか言い出してたのもこいつだっけか
textdetox@01907546324b0330d2d8b7669648cc18823323e5/ja/000601	ja	1	少なくとも天安門のように自国民を戦車で   ひき殺すようなことはしない。   文革で古典の教えを破×し、自国民まで   破×するような方々に云われる筋合いは無い。
textdetox@01907546324b0330d2d8b7669648cc18823323e5/ja/000602	ja	1	海上封鎖して、干し殺しが一番。
textdetox@01907546324b0330d2d8b7669648cc18823323e5/ja/000603	ja	1	＞財務省の役人     あれらは、既にマインドコントロールされたＡＩみたいな存在なんじゃないのか？   除去する必要はあるのは同じだが＞財務省のアメリカの犬共
textdetox@01907546324b0330d2d8b7669648cc18823323e5/ja/000604	ja	1	アフィカス連呼する人達が、   ネトウヨ認定する人達のネット履歴透視できるようになったんだよな     どうやって、FC2とかのサイトの区別をしてるんだ凄いよな
textdetox@01907546324b0330d2d8b7669648cc18823323e5/ja/000605	ja	1	事実上プログラミング教育事業の初期投資に人材やノウハウを無償提供できる企業が後々の関係事業を優先的に独占できるんだろ？     ケツが本命で頭は名目上じゃないのか？
textdetox@01907546324b0330d2d8b7669648cc18823323e5/ja/000606	ja	1	IPS細胞の山中教授が研究費不足で、各所に援助を請願している   教授が研究時間を潰して金策に駆け回ってるとは日本は堕ちたよ   衆参のゴミ議員を削減すれば各分野の研究費が捻出できるよね   今井、山尾、上西、etc。タレント議員や不倫議員など要らんわ
textdetox@01907546324b0330d2d8b7669648cc18823323e5/ja/000607	ja	1	矢沢永吉って武道館コンサートの時、日の丸が邪魔だと言い放った外道だよ
textdetox@01907546324b0330d2d8b7669648cc18823323e5/ja/000608	ja	1	暴力団の不法占拠からの飛び火って辺りが如何にもって感じで…はぁ   国は全部バラしたれよ、いい加減
textdetox@01907546324b0330d2d8b7669648cc18823323e5/ja/000609	ja	1	チン力ス     【調査】 日本の科学技術 「競争力低下」８割 若手研究者調査 ニッポンの革新力 ［H30/5/6］(60)   56.ID:2mB 斜陽国家、ニッポン
textdetox@01907546324b0330d2d8b7669648cc18823323e5/ja/000610	ja	1	コンクリ事件の犯人たちがスマホ持ってたら、笑いながら撮影してただろうから、   特に今の若者だけが残忍というわけでもないと思う。一定数基地外が出るのは仕方ない。
textdetox@01907546324b0330d2d8b7669648cc18823323e5/ja/000611	ja	1	大使館員は朝日新聞の記者の態度が、あまりにも高圧的で失礼であったため   彼女の防波堤になってくれたんだろうな   こんな人間に取材させて何も良い事がないと、人間的な心で感じ取ったのだろう   彼女が「涙が出るほどうれしかった」と率直に述べているのが全て
textdetox@01907546324b0330d2d8b7669648cc18823323e5/ja/000612	ja	1	変態新聞ネット版waiwaiでこいつ日本人に酷いヘイトスピーチしたよね
textdetox@01907546324b0330d2d8b7669648cc18823323e5/ja/000613	ja	1	維新は分裂前に粉かけときゃよかったな。   いつまでも第三極から抜け出せないから橋下が焦って自滅する。
textdetox@01907546324b0330d2d8b7669648cc18823323e5/ja/000614	ja	1	短期滞在者が平均それくらいいるってことは、   出入国人数が一日１～２万になるぞ。んなあほな。
textdetox@01907546324b0330d2d8b7669648cc18823323e5/ja/000615	ja	1	フライパンってなんで韓国製多いんだろうな   ホムセン行くと半分ぐらい韓国製だったりする   鍋とか他の調理器具は中国製ばっかりなのに
textdetox@01907546324b0330d2d8b7669648cc18823323e5/ja/000616	ja	1	猫から感染症に感染して死亡、という枠組みだと、はるか古代から狂犬病とかあるし、   あくまでこの病気での死亡例という意味だろう。   この間のSFTSは、ネコから感染したSFTSでの死亡例として初。（ふつうはマダニ経由）
textdetox@01907546324b0330d2d8b7669648cc18823323e5/ja/000617	ja	1	まともな会話をする為には同じ宗教にならなければならないんだとしたら   そういう非寛容な連中とは仲良くしたくはない
textdetox@01907546324b0330d2d8b7669648cc18823323e5/ja/000618	ja	1	まあ確かにそれだけの為にキッチンペーパーを買ってくるのは面倒っちゃ面倒だけど   100円ショップやドラッグストアで買えるから、その用途の為だけに新聞を定期購読するより安い時代になったりはしてるｗ
textdetox@01907546324b0330d2d8b7669648cc18823323e5/ja/000619	ja	1	北系はもちろん韓国系もいるよ。   やたら半島で自動車の発火が相次ぐと思ったら、   イルボンのクルマの品質管理も問題ニダ、   みたいな記事出してきたし。
textdetox@01907546324b0330d2d8b7669648cc18823323e5/ja/000620	ja	1	>大山鳴動して鼠一匹ってオチとなってる流ればかり   大衆の不安を煽るのがマスゴミにとって手っ取り早くて確実だからな   毎回乗せられる方にも責任の一端はある
textdetox@01907546324b0330d2d8b7669648cc18823323e5/ja/000621	ja	1	巨大な凸レンズに焦点合わせて、こいつを焼き殺してやりたいねw。
textdetox@01907546324b0330d2d8b7669648cc18823323e5/ja/000622	ja	1	他のMVは好きか嫌いかのコメントばかりだけど、ギミチョコ!!に関しては何故かリピートしてしまうってコメントをよく見る。   それだけ中毒性が高い
textdetox@01907546324b0330d2d8b7669648cc18823323e5/ja/000623	ja	1	好きな車に乗れば良いだけ   別に悪口言っても暇潰しにもならん   もっとも韓国車は鉄くずだと思っているから、絶対に買わんけどな
textdetox@01907546324b0330d2d8b7669648cc18823323e5/ja/000624	ja	1	ここでギャラクチョンの出番なのか   恐ろしい…
textdetox@01907546324b0330d2d8b7669648cc18823323e5/ja/000625	ja	1	しかしだいたいの男は年上女は嫌だからな   だから詰むんだろな
textdetox@01907546324b0330d2d8b7669648cc18823323e5/ja/000626	ja	1	カズヤの動画見たことあるけど、言うほどヘイトヘイトしてないだろ   中韓に対するアレなコメントもうまいことはぐらかしたマイルドな表現で予防線貼ってたし   あれがヘイトって言われるなら、テレビの討論番組やらコメンテーターやらも全部ダメだよ
textdetox@01907546324b0330d2d8b7669648cc18823323e5/ja/000627	ja	1	所詮在日だよ…   そうそう、ベンツ君が東亜のいくつかのスレに降臨中   ついにベンツ君おーぷんデビューｗ
textdetox@01907546324b0330d2d8b7669648cc18823323e5/ja/000628	ja	1	虎ノ門 聞きました     久しぶりに青山繁晴さんの動画聞いたんですが、紳士ですね   保守系？ネットばかり除いていると知らず知らず段々攻撃的になってくるので、たまに聞こうかな
textdetox@01907546324b0330d2d8b7669648cc18823323e5/ja/000629	ja	1	加湿器に次亜塩素酸ナトリウムを入れた事故があったような気がするが   そういうことを商売としてやってるってことか
textdetox@01907546324b0330d2d8b7669648cc18823323e5/ja/000630	ja	1	また基地外嫌儲民が巣から出て来たのか
textdetox@01907546324b0330d2d8b7669648cc18823323e5/ja/000631	ja	1	真に受けてホルホルしてる馬鹿の多いこと   現在の航空自衛隊より70年前に退役したプロペラ機の方が怖いです＞＜とか言われてんだぞ   悲しくならんのか？俺はなったわ
textdetox@01907546324b0330d2d8b7669648cc18823323e5/ja/000632	ja	1	喫煙以外の要素でも証明できないだろ   少なくとも寿命に対する喫煙の有為な悪影響はない、と判断するだろ   最初からバイアスのかかってる奴以外が結果を見たら
textdetox@01907546324b0330d2d8b7669648cc18823323e5/ja/000633	ja	1	おーぷん2ちゃんねるのニュー速+板はこういうニュースばかりが伸びるな
textdetox@01907546324b0330d2d8b7669648cc18823323e5/ja/000634	ja	1	それが最善だろう   税金がこれ以上無駄にならずに済む     そんなことよりも、自暴自棄になって殺人を続ける心配の方をしないとか
textdetox@01907546324b0330d2d8b7669648cc18823323e5/ja/000635	ja	1	ボケ老人が運転すると事故起こすから家に閉じ込めておけと言ってるのと変わらん
textdetox@01907546324b0330d2d8b7669648cc18823323e5/ja/000636	ja	1	もっとパヨクデモが寂しいことになるかもしれんからな   そら必死にもなろうよ
textdetox@01907546324b0330d2d8b7669648cc18823323e5/ja/000637	ja	1	韓国の保守団体って何を保守してるんだろ？   太平洋戦争後に出来た国に守るものもなにも…
textdetox@01907546324b0330d2d8b7669648cc18823323e5/ja/000638	ja	1	チン力ス     【北朝鮮問題】 核実験場廃棄、政府は事態注視 【北朝鮮への圧力路線は維持】=共同通信［H30/4/21］(54)   52.ID:IhT アメリカからハシゴ外されつつある
textdetox@01907546324b0330d2d8b7669648cc18823323e5/ja/000639	ja	1	何が面白いのかさっぱり分からん   朝日読者や在日の笑いのツボは全く分からん
textdetox@01907546324b0330d2d8b7669648cc18823323e5/ja/000640	ja	1	ねこがみ   ‏@nekogami_red   闇キャンさんが身バレしてから毎日元気にニュー速でネトウヨ連呼してた新潟県が姿を見せないと心配されてて草。   23:05 - 2015年11月25日
textdetox@01907546324b0330d2d8b7669648cc18823323e5/ja/000641	ja	1	そういやプラゴミ減らそうとしてるのって   ナノプラスティックが原因かな？   もう人間の体内に入ってるとかの
textdetox@01907546324b0330d2d8b7669648cc18823323e5/ja/000642	ja	1	だがおかしいな。   キングに関するFBIの報告書がなんでケネディ暗殺の資料になっているんだ？   そもそもキングが暗殺されたのはケネディが殺されてから5年もあとの話だぞ。
textdetox@01907546324b0330d2d8b7669648cc18823323e5/ja/000643	ja	1	あれ見る位なら   13時間かけてちん毛の処理でもしてたほうがマシ
textdetox@01907546324b0330d2d8b7669648cc18823323e5/ja/000644	ja	1	韓国人が出ていけばもっと下がります。
textdetox@01907546324b0330d2d8b7669648cc18823323e5/ja/000645	ja	1	日本人が火事場泥棒をしないのは、今の日本人が十二分に証明してますので、当時襲われたという朝鮮人は、何かやらかしたんだろうなと、推察できるけれど、案の定、皆さんの指摘通り、当時の新聞で、いろいろ確認出来る。アホですね。
textdetox@01907546324b0330d2d8b7669648cc18823323e5/ja/000646	ja	1	本当に提案したの？   バカだね～
textdetox@01907546324b0330d2d8b7669648cc18823323e5/ja/000647	ja	1	>悪質な匿名ネトウヨ   ネトウヨ呼ばわりする奴等からしたらネトウヨの時点で悪質なのでは
textdetox@01907546324b0330d2d8b7669648cc18823323e5/ja/000648	ja	1	こんな揚げ足取りするたびに、   ろくな事しかできないと国民の憎しみ煽ってんだけどクズだから分からんのだろうね
textdetox@01907546324b0330d2d8b7669648cc18823323e5/ja/000649	ja	1	古谷は偽装保守の代表格だからな     知名度と誤認を誘うためにわざわざテレビで仕込みまでやったぐらいだから   パヨク肝いりの人材だろ
textdetox@01907546324b0330d2d8b7669648cc18823323e5/ja/000650	ja	1	事件起こすだけの状況や経緯があったんだろうが   どうせ撃つなら犯罪者にしろよ   あれとかあれらとか増長してる連中がいるだろ
textdetox@01907546324b0330d2d8b7669648cc18823323e5/ja/000651	ja	1	>韓国を法治国家と言えなくなる     手遅れでは
textdetox@01907546324b0330d2d8b7669648cc18823323e5/ja/000652	ja	1	ちょいとぐぐったがさっきの恐喝紛いのカンパの子は書き込んでる場所が創価？かどっかの内輪もめの掲示板だな   どういうことだろうか
textdetox@01907546324b0330d2d8b7669648cc18823323e5/ja/000653	ja	1	信長公の時から宣教師等は武士団の勤勉さと勇猛さにビビっていたらしい。   「怪物ばかり揃ってる、日本を倒すのはイスパニア軍じゃ無理などと言う問題じゃない、全欧の軍を結集させても日本は倒せない」   と報告してたらしい。
textdetox@01907546324b0330d2d8b7669648cc18823323e5/ja/000654	ja	1	聖戦の為の自爆テロ失敗して死にぞこなってるテロ女の命を救おうとしてるのでダウト。
textdetox@01907546324b0330d2d8b7669648cc18823323e5/ja/000655	ja	1	面白いものでこの日本の軍人限定で人殺し悪人あつかいする極左弁護士、テレビ、ゴミンテーターは   人殺し犯罪者にはやたら擁護するよね。
textdetox@01907546324b0330d2d8b7669648cc18823323e5/ja/000656	ja	1	ジジイがいなくなって忖度案件から外されたのかな
textdetox@01907546324b0330d2d8b7669648cc18823323e5/ja/000657	ja	1	旧約聖書の頃からハゲは、馬鹿にされているのに…
textdetox@01907546324b0330d2d8b7669648cc18823323e5/ja/000658	ja	1	＞その事態は女が要求した結果なわけで。     一部の声のでかい女達ね。俗に言うノイジーマイノリティー。   で、政治家は経団連や派遣業からの鼻薬に利用できるので、これに乗ったと。
textdetox@01907546324b0330d2d8b7669648cc18823323e5/ja/000659	ja	1	漢字を知らなきゃ、漢字も韓字も同じカンジと読むからな。
textdetox@01907546324b0330d2d8b7669648cc18823323e5/ja/000660	ja	1	常識的に考えれば核爆撃なんてあり得ない   米当局は暗殺を考えているだろうし、準備はしているだろう   職務として
textdetox@01907546324b0330d2d8b7669648cc18823323e5/ja/000661	ja	1	生活保護目的でわざわざ母子家庭になる人が大半だと言ってるの？     母子家庭で、男が養育費きちんと払ってくれないから仕方なく生活保護に頼ってるんじゃなくて？
textdetox@01907546324b0330d2d8b7669648cc18823323e5/ja/000662	ja	1	ここ最近のトレンドってバレても気にしないバレるの上等って流れじゃない？   在日なのはまぁ出自だから変えようがないけどそれありきで悪さする傾向が見られる
textdetox@01907546324b0330d2d8b7669648cc18823323e5/ja/000663	ja	1	１８世紀ごろまで、街中くそまみれの不浄フランスに野蛮人呼ばわり   されたくないけどな。   ♦♣♣
textdetox@01907546324b0330d2d8b7669648cc18823323e5/ja/000664	ja	1	つか、この人ってチョンモメン兼街宣右翼って感じ？
textdetox@01907546324b0330d2d8b7669648cc18823323e5/ja/000665	ja	1	地方はイオンモールのおかげで何とか成り立ってるようなもんだぞ   他に娯楽といえば、パチンコくらいしかない
textdetox@01907546324b0330d2d8b7669648cc18823323e5/ja/000666	ja	1	ハゲは続投したがってるからそうなるとややこしくなるらしい   オリンピックと重なってる上に選挙が重なるから厄介だとか   特にオリンピックは実際的な損失でかねないしね
textdetox@01907546324b0330d2d8b7669648cc18823323e5/ja/000667	ja	1	ネトウヨwww 気が短いのぉwww 天カス崇拝しよるだけあるわな。   敗戦国がえらそーに妄言吐いても誰も信じるわけないやろwww   お前らまーたボコボコにやられへんと分からんのか？
textdetox@01907546324b0330d2d8b7669648cc18823323e5/ja/000668	ja	1	これ、韓国民は何とも思わんのかね   俺たちの富を敵に流しやがってこの売国奴みたいな
textdetox@01907546324b0330d2d8b7669648cc18823323e5/ja/000669	ja	1	若手がもっと多くなる様に育てていくしかない   仮に一回二回の選挙で死に票になるとしても、票が、伸びていけば   それがモチベーションにもなっていくはずだ
textdetox@01907546324b0330d2d8b7669648cc18823323e5/ja/000670	ja	1	エヴァQ見てるが   序から破みてQ   冒頭でシンジをNERVに奪われた時にシンジに付けてた首輪でシンジ殺してたら良かったんじゃね
textdetox@01907546324b0330d2d8b7669648cc18823323e5/ja/000671	ja	1	いつも不思議に思うのだが外国の左翼のデモはたいてい国旗がある。   で、愛国は分かる。   ところが日本の左翼のデモは国旗がなく愛国でもない。   日本の左翼は反日売国で、朝鮮中国の手先か。
textdetox@01907546324b0330d2d8b7669648cc18823323e5/ja/000672	ja	1	南よりはマシとかいう馬鹿が時々いるけど   北だって、この程度なんだよな   話が通じる相手じゃあない
textdetox@01907546324b0330d2d8b7669648cc18823323e5/ja/000673	ja	1	実は日本共産党は人殺し政党でしたってか。   ブーメラン刺さってんじゃねぇのか？
textdetox@01907546324b0330d2d8b7669648cc18823323e5/ja/000674	ja	1	彼女がいないお前らは「顔が不自由で、障害がある」と主張して乗り込めwww
textdetox@01907546324b0330d2d8b7669648cc18823323e5/ja/000675	ja	1	いやぁホント     嫌韓でもとか愛国的で涙出ちゃうねｗｗｗｗｗｗｗｗｗ   どこの国に愛国なんか知らんけどｗｗｗｗｗｗｗｗｗｗｗｗｗｗｗｗｗｗｗｗｗｗｗｗ
textdetox@01907546324b0330d2d8b7669648cc18823323e5/ja/000676	ja	1	憲法を経典ライクに崇めている法曹界の一部集団のことです。
textdetox@01907546324b0330d2d8b7669648cc18823323e5/ja/000677	ja	1	そんな事より、祖国が差別されてる君たち在日を安全の為に強制的に帰国させる事業が始まるのだが、   心の準備はできてるぅ～？？？？？？     せいぜい、最後の日本の冬を満喫しておきなよwww
textdetox@01907546324b0330d2d8b7669648cc18823323e5/ja/000678	ja	1	でもいきって犯罪予告書いた人はもっとひどい切り捨てられ方するんやろうなあ
textdetox@01907546324b0330d2d8b7669648cc18823323e5/ja/000679	ja	1	そうなの？   じゃ、この人がアカで、意識的に日韓分離工作してる可能性もあるね。   今更韓国と仲良くしたいなんてこれっぽっちも思ってないから、どんどん工作してくれて構わないけど。
textdetox@01907546324b0330d2d8b7669648cc18823323e5/ja/000680	ja	1	結局創価は自主投票なんかな。今回全く情報が無いけど。   そしたら増田はムリっぽいな。
textdetox@01907546324b0330d2d8b7669648cc18823323e5/ja/000681	ja	1	ミヤネ屋 デーブスペクターも解説してんのか・・・
textdetox@01907546324b0330d2d8b7669648cc18823323e5/ja/000682	ja	1	グァンタナモで拷問係にさせればイスラムテロリストに効力あるんじゃね？
textdetox@01907546324b0330d2d8b7669648cc18823323e5/ja/000683	ja	1	他人が苦労して築き上げたものを   最後に丸パクリするのが利口で要領良くてカッコいいんじゃね   半島の職人が日本での待遇良過ぎて帰りたくないって言ったのは   割と有名、朝鮮じゃ下郎、奴隷扱い、日本じゃ先生扱い
textdetox@01907546324b0330d2d8b7669648cc18823323e5/ja/000684	ja	1	要するに「私刑の権利はマスコミにだけ独占的にある！   マスコミ以外のものが私刑をするのは許さん！」   というマスコミのエゴが露呈しているだけだ。
textdetox@01907546324b0330d2d8b7669648cc18823323e5/ja/000685	ja	1	プーチンが来るー   12月15日、山口県長門市
textdetox@01907546324b0330d2d8b7669648cc18823323e5/ja/000686	ja	1	たしかにｗ   死に方選べると錯覚できるなんて羨ましい
textdetox@01907546324b0330d2d8b7669648cc18823323e5/ja/000687	ja	1	楽しい人だね。   客観的なことを言ったまでだ。   ボケと言う奴がボケ。   頑張ってね。
textdetox@01907546324b0330d2d8b7669648cc18823323e5/ja/000688	ja	1	新聞社としてはもう死んでて不動産とかないとやバイじゃん？   死体蹴りされたんで発狂したんでないのかな
textdetox@01907546324b0330d2d8b7669648cc18823323e5/ja/000689	ja	1	それは無理だろ？ 安倍がこんなことしちゃったのに   静かに居たいなら、ブラウザ閉じるか鍵付きの掲示板にいくしかない
textdetox@01907546324b0330d2d8b7669648cc18823323e5/ja/000690	ja	1	そう言えば、マジで、IDコロコロ荒らしが書いてたわｗ   「死ね（激励）」だとｗ
textdetox@01907546324b0330d2d8b7669648cc18823323e5/ja/000691	ja	1	ゴールデンウィークを挟んでようが18連休は18連休だろ、阿呆か   くだらない言い訳するより、形だけでも批判を受け止めるポーズを見せた方が支持に繋がるだろうに
textdetox@01907546324b0330d2d8b7669648cc18823323e5/ja/000692	ja	1	さすが左翼は他人の自殺を願うとか、品がありませんなあｗ   実例ｻﾝｸｽ
textdetox@01907546324b0330d2d8b7669648cc18823323e5/ja/000693	ja	1	アホやから、的外れなのはオマケしてあげるとして、小バカにした言い方が目につくし、性格が悪さがにじみ出てるな。母親としてアウト。
textdetox@01907546324b0330d2d8b7669648cc18823323e5/ja/000694	ja	1	子供を銃乱射魔から守るのが、人殺しなんですか？   というか、銃乱射魔が目の前で殺してても、乱射魔を殺さないのが、   人間として、教師として、正しいありかたなんですか？
textdetox@01907546324b0330d2d8b7669648cc18823323e5/ja/000695	ja	1	このあおりで、うちの近所のセブンイレブンの   美人店員のモロズミさんが辞めたりしないかが心配だ。
textdetox@01907546324b0330d2d8b7669648cc18823323e5/ja/000696	ja	1	世間一般では内ゲバ殺人をしたりした左翼の方が不寛容に見える
textdetox@01907546324b0330d2d8b7669648cc18823323e5/ja/000697	ja	1	韓国のエアコンって室外機を屋内に置くことが義務付けられてるらしいね
textdetox@01907546324b0330d2d8b7669648cc18823323e5/ja/000698	ja	1	更に訓練されていると余計なアドバイスまでしてくる
textdetox@01907546324b0330d2d8b7669648cc18823323e5/ja/000699	ja	1	サヨクが韓国にカネ流そうおもてるプロジェクくさいんで、やめまっさでええやん
textdetox@01907546324b0330d2d8b7669648cc18823323e5/ja/000700	ja	1	鳥越さんはボケてるね、俺より3歳上だから終戦は5歳だよ。
textdetox@01907546324b0330d2d8b7669648cc18823323e5/ja/000701	ja	1	ビルゲイツとアグネスは違うんじゃないか？
textdetox@01907546324b0330d2d8b7669648cc18823323e5/ja/000702	ja	1	どうせ口だけ   日本が本気で対応しないと珊瑚が壊滅する   なのに売国政党自民党は誤魔化し対策しかしない   今まさに日本が侵略されてるのに
textdetox@01907546324b0330d2d8b7669648cc18823323e5/ja/000703	ja	1	報ステ見てると、すごくしっかりした政策があり   選挙活動にも精力的に取り組んでるように見えるらしいよ   編集ってすごいね
textdetox@01907546324b0330d2d8b7669648cc18823323e5/ja/000704	ja	1	やっと国会でチンタマ(陳・玉）追求するらしいけど、衆議院第一党の立件のことだから   維新の質問だけ不当に短くするんだろうね。
textdetox@01907546324b0330d2d8b7669648cc18823323e5/ja/000705	ja	1	だったら、支那人と朝鮮人を全員逮捕して、強制送還するしかない。
textdetox@01907546324b0330d2d8b7669648cc18823323e5/ja/000706	ja	1	廃炉の道のりは険しいが、何も悲観的な話題ばかりでもないということだな
textdetox@01907546324b0330d2d8b7669648cc18823323e5/ja/000707	ja	1	馬鹿がしでかした被害者救済はどうする？
textdetox@01907546324b0330d2d8b7669648cc18823323e5/ja/000708	ja	1	何処もゴミで敢えて使うならアマゾン、てくらいだわ   ただしKONOZAMAの経験も有るのでそうなりそうな品の場合は楽天も使わなくはない     ヨドバシ使ったことないけど便利なん？
textdetox@01907546324b0330d2d8b7669648cc18823323e5/ja/000709	ja	1	とりあえずタイミング的に   左巻き振りきった反日・反米思想全開でリッパート事件とも連動してそうな雰囲気があるね   （模倣犯的な意味で）
textdetox@01907546324b0330d2d8b7669648cc18823323e5/ja/000710	ja	1	お前は平昌オリンピックが出来るかどうかだけ心配してろよゴミ
textdetox@01907546324b0330d2d8b7669648cc18823323e5/ja/000711	ja	1	見たか日本装備の変態度   極めれば神になるんだ
textdetox@01907546324b0330d2d8b7669648cc18823323e5/ja/000712	ja	1	何かを成すときには仲間でかためるのは普通だよ   内ゲバがお家芸の朝鮮人とパヨクにはわからんかもしれんね
textdetox@01907546324b0330d2d8b7669648cc18823323e5/ja/000713	ja	1	逃亡殺人犯になってしまったか・・・   もう少し撃つ場所考えて脚とかなかったのか
textdetox@01907546324b0330d2d8b7669648cc18823323e5/ja/000714	ja	1	安倍主導の逆差別じゃねえ～の？   佳子様向けてなんて侮辱と脅迫では日本じゃ最高に重いだろ   今回ばっかしはマスゴミだけを責められんな   安倍総理反省すべし！
textdetox@01907546324b0330d2d8b7669648cc18823323e5/ja/000715	ja	1	社会問題になる程の新興宗教やマルチ商法の被害拡大は、間違いなくＮＨＫや朝日新聞の報道姿勢が影響を与えている
textdetox@01907546324b0330d2d8b7669648cc18823323e5/ja/000716	ja	1	つまりお前は不倫の厳罰化には反対か。なんでだろうなんでだろう
textdetox@01907546324b0330d2d8b7669648cc18823323e5/ja/000717	ja	1	好き嫌いは個人の自由なのに、他人の嗜好に口を挟むバカがいる限り、なくなるはずもない。   特に嫌われ者が必死に足掻けば足掻くほど、嫌悪感は拡大する。
textdetox@01907546324b0330d2d8b7669648cc18823323e5/ja/000718	ja	1	維新も馬鹿が乗るバスに乗車したかｗ
textdetox@01907546324b0330d2d8b7669648cc18823323e5/ja/000719	ja	1	マクドといい吉牛も経営者は池沼に変わったんか   吉牛いくやつがこんなヘルシーなもん求めとるわけないやろアホか需要がないんじゃボケ
textdetox@01907546324b0330d2d8b7669648cc18823323e5/ja/000720	ja	1	このコピペで日本の手足を縛った為に、アメリカは9条ある限り日本を護らなきゃならない呪縛を自身に掛けたんだよな、朝鮮戦争＆ベトナム戦争に日本が参加出来ない様にマッカサーが尊托して呉れたのかもだね、朝鮮人の為に日本人が死ななくて本当に良かったよ。
textdetox@01907546324b0330d2d8b7669648cc18823323e5/ja/000721	ja	1	党どうしが論戦ではなく実戦で争うの？何か考え方を間違えてる様な気が。気に入らないと殺す中国共産党ならではですね。
textdetox@01907546324b0330d2d8b7669648cc18823323e5/ja/000722	ja	1	各社もクソも新労連とそれ以外でしか違わない件について
textdetox@01907546324b0330d2d8b7669648cc18823323e5/ja/000723	ja	1	初志貫徹だよｗ   韓国は被害者でありつづける   それが韓国の生きる道
textdetox@01907546324b0330d2d8b7669648cc18823323e5/ja/000724	ja	1	これからは、朝日では、バカ日と呼ぶべき。
textdetox@01907546324b0330d2d8b7669648cc18823323e5/ja/000725	ja	1	東北だけじゃない部落というのは集落のこと   差別で飯を食ってる連中が日本語を陵辱した
textdetox@01907546324b0330d2d8b7669648cc18823323e5/ja/000726	ja	1	3人とも友達いると思ってたら孤独でした組じゃんwww   口喧嘩で勝てても嬉しくないしな。下らないこと放送すんじゃねーよ馬鹿野郎。
textdetox@01907546324b0330d2d8b7669648cc18823323e5/ja/000727	ja	1	そもそも天変地異で布団を引きはがされたどころかヘタすりゃ死んでたんだぞ   なぜ、いままでの配慮されて有り難い（普通なら無い）と思えないんだ？   煽り抜きにさ、自然の力によって財産失った人間からすると誰かに対して怒れる気持ちなんて持てないよ
textdetox@01907546324b0330d2d8b7669648cc18823323e5/ja/000728	ja	1	台湾の学生運動『中国の属国化反対！』←分かる   香港の学生運動『民主主義に基づいた選挙制度を！』←分かる   志位ルズの運動『民主主義ってなんだ？』←アホは喋るな
textdetox@01907546324b0330d2d8b7669648cc18823323e5/ja/000729	ja	1	記事見て、来月からピタッと止まるんだろうな～   でマスゴミはスルー
textdetox@01907546324b0330d2d8b7669648cc18823323e5/ja/000730	ja	1	有田ってのは ニワトリか？   馬鹿の上に売国   百害あって一利なし   さっさと日本から出て行け おたんこなす
textdetox@01907546324b0330d2d8b7669648cc18823323e5/ja/000731	ja	1	人それぞれってことすら理解できない幼稚なクズが悪いんですが
textdetox@01907546324b0330d2d8b7669648cc18823323e5/ja/000732	ja	1	んで日韓が戦争になったらどうすんのこの人
textdetox@01907546324b0330d2d8b7669648cc18823323e5/ja/000733	ja	1	もろきみは、もっと屁理屈こねて自分が馬鹿じゃないアピールするから違う
textdetox@01907546324b0330d2d8b7669648cc18823323e5/ja/000734	ja	1	皇太子殿下、来年で還暦だからな。   秋篠宮殿下も20年後は75歳、悠仁殿下は32歳。   継承順位や年齢、我が国の神話などを勘案すれば、悠仁殿下の即位が20年後でも遅いぐらいだよ。
textdetox@01907546324b0330d2d8b7669648cc18823323e5/ja/000735	ja	1	報復って、在日朝鮮人を使ったテロじゃないの？   やばいよこれ
textdetox@01907546324b0330d2d8b7669648cc18823323e5/ja/000736	ja	1	このスレがあがる度に胸くそ悪くなるわ   舛添に『～でなければならない』なんて説教くらういわれはない(怒)
textdetox@01907546324b0330d2d8b7669648cc18823323e5/ja/000737	ja	1	昔は産婆が障害児だとわかると、キュッと首を締めて   母親には死産と告げていた、という噂話を思い出した
textdetox@01907546324b0330d2d8b7669648cc18823323e5/ja/000738	ja	1	トランスが対象でホモレズは今も昔も居るだろ。
textdetox@01907546324b0330d2d8b7669648cc18823323e5/ja/000739	ja	1	産経の言う通りでいいだろ。   韓国北朝鮮はカタカナ表記の原語、中国は今まで通り。   漢字を捨てた結果、もう当てる漢字の無い人名まで出て来てるんだから。
textdetox@01907546324b0330d2d8b7669648cc18823323e5/ja/000740	ja	1	かつて世界が目にしたこともない攻撃手段か…   うんこでも投げてくるのか？
textdetox@01907546324b0330d2d8b7669648cc18823323e5/ja/000741	ja	1	トランプを悪者にしたいメディアは支那がなぜアメリカに攻撃喰らってるか   その原因を絶対書こうとしないね
textdetox@01907546324b0330d2d8b7669648cc18823323e5/ja/000742	ja	1	脳みそとけてんじゃねｗ   熱中症なって死ねよ。
textdetox@01907546324b0330d2d8b7669648cc18823323e5/ja/000743	ja	1	国籍、人種、思想、宗教等々のどんな理由でも絶対に差別しませんって言うのが差別反対主義者の主張だと思うけど、自分が差別主義者と認めた相手には差別的な発言や扱いが許されるっておかしいと思わんのかね？   言論さえ許さないとかむしろ過激な差別になってる気がする。
textdetox@01907546324b0330d2d8b7669648cc18823323e5/ja/000744	ja	1	カスラックに登録してない自作の歌でも徴収しようとするからな
textdetox@01907546324b0330d2d8b7669648cc18823323e5/ja/000745	ja	1	たぶん中国の差し金だろうが日仏離間を狙って日本のマスゴミも同じような工作してるけど   実際は、上級国民()の仲間として認識されているマクロンに対する大規模な弾劾デモが始まってんだよなｗ
textdetox@01907546324b0330d2d8b7669648cc18823323e5/ja/000746	ja	1	日本では信者が人口の0.3%しかいない超マイナーな宗教だ   放っとけ
textdetox@01907546324b0330d2d8b7669648cc18823323e5/ja/000747	ja	1	ツイッターでもネトウヨが池原利運なるアカウントをフォローしているね。
textdetox@01907546324b0330d2d8b7669648cc18823323e5/ja/000748	ja	1	他人の不倫をボロクソに叩いておいて、自分も不倫してて、   その上、不倫相手を「政策顧問」にしているダブスタ＆公私混同を叩いてるんだが。
textdetox@01907546324b0330d2d8b7669648cc18823323e5/ja/000749	ja	1	でも共産党の人ってナマポから党費がっつり持って行かれて書き込むんだ   お金を党に払ってネトウヨ連呼を書き込ませていただいてるって形になる     50円と言う単位はせめてこれくらいは僕たち欲しいんですと言う専従職員やナマポde奴隷の方々の心の叫びなのかもしれない
textdetox@01907546324b0330d2d8b7669648cc18823323e5/ja/000750	ja	1	韓国人のための施設ではそもそも無いだろ。
textdetox@01907546324b0330d2d8b7669648cc18823323e5/ja/000751	ja	1	知り合いとのやり取りそのものが故意に情報提供したことの否定を   でっち上げるためのガセの可能性が濃厚だし     まとめサイトしか見ていないという言い訳も、チョンモメンのアフィカス叩きと連動するしで臭すぎる
textdetox@01907546324b0330d2d8b7669648cc18823323e5/ja/000752	ja	1	今北   やっぱバカヒのオナニー構成だったかね？
textdetox@01907546324b0330d2d8b7669648cc18823323e5/ja/000753	ja	1	ちなみにニュースを集めるスレとかいうのはさすがにガバガバを好む俺でも噴飯物   それを作っちゃうとツイッターソースで立ててる意味消え去るだろ。あほかと思うｗ
textdetox@01907546324b0330d2d8b7669648cc18823323e5/ja/000754	ja	1	住人が行動に出ざるを得ないほどの日常化した犯罪被害を放置してなにが警察だ   基地反対派のやっていることはテロそのものなのだからさっさと殺して駆除しろ
textdetox@01907546324b0330d2d8b7669648cc18823323e5/ja/000755	ja	1	全ての在日がスパイだとかは言ってないよな。   力技で無理やり「差別発言」に仕立て上げようとしている。
textdetox@01907546324b0330d2d8b7669648cc18823323e5/ja/000756	ja	1	実名制のFBを煽っていたのも、裏で糸を引いていたのも   しばかれ隊を含むパヨクだとはっきりしてるしな
textdetox@01907546324b0330d2d8b7669648cc18823323e5/ja/000757	ja	1	バイアグラの副作用が出た可能性ｗ
textdetox@01907546324b0330d2d8b7669648cc18823323e5/ja/000758	ja	1	意識高い人ならマイエコバッグって言っても、   今度は万引き犯だと疑われて痛くもない腹を探られる罠。
textdetox@01907546324b0330d2d8b7669648cc18823323e5/ja/000759	ja	1	いいね！     ■ 韓国をアジアのコミュニティーから除外しよう。 +19 ベトナム
textdetox@01907546324b0330d2d8b7669648cc18823323e5/ja/000760	ja	1	犯罪予告でもないのに書き込んだだけで検挙とかワロタw   ナチスや中狂も真っ青の言論弾圧だなw
textdetox@01907546324b0330d2d8b7669648cc18823323e5/ja/000761	ja	1	早い話が韓国にも国歌はあるだろうよ   その国歌詠唱をしている最中にヤジを飛ばされたら、韓国人はどうするんだろうね？   火病発作を起こして、そのヤジを飛ばした人を撲殺する可能性が高い   そして愛国無罪とでも言うんだろうね。
textdetox@01907546324b0330d2d8b7669648cc18823323e5/ja/000762	ja	1	朝鮮人による日本不安定化工作の一環じゃね？   北か南かは知らないが。   あと、TBSは停波でいい。こんな売国放送局
textdetox@01907546324b0330d2d8b7669648cc18823323e5/ja/000763	ja	1	マスゴミや野党は自ら反省しないで   何でも日本人のせいだからな。
textdetox@01907546324b0330d2d8b7669648cc18823323e5/ja/000764	ja	1	飲食店でも時間制にしたらいかがなものかね   20時以降は喫煙OKとかさ     お酒楽しんでいいのに、たばこはダメとかちょっとかわいそうかな
textdetox@01907546324b0330d2d8b7669648cc18823323e5/ja/000765	ja	1	一般人とネトウヨとの間には厚い壁がある
textdetox@01907546324b0330d2d8b7669648cc18823323e5/ja/000766	ja	1	ああなんだ中国の方の話か。   しかし、いくら中国でも空母の護衛艦くらいは用意しているだろ。   そこまでアホじゃあるまい。   その護衛艦が十分な性能かは怪しいがな。
textdetox@01907546324b0330d2d8b7669648cc18823323e5/ja/000767	ja	1	韓国らしくない、もっと気合いれろよ、アメリカですら韓国から孤立し始めただけだよ   韓国は凄いんだから弱気になんかなるなよ
textdetox@01907546324b0330d2d8b7669648cc18823323e5/ja/000768	ja	1	認めたからって正当性を主張するんじゃね？   もちろん日韓基本条約と同じく、被害者に十分に行き渡らなかった謝罪と倍賞をってなる。
textdetox@01907546324b0330d2d8b7669648cc18823323e5/ja/000769	ja	1	それが今回亡くなった人とどう繋がるんだよ   嫌韓が行き過ぎたらここまで馬鹿になるのか
textdetox@01907546324b0330d2d8b7669648cc18823323e5/ja/000770	ja	1	戦争させずに日本を一方的に軍事で蹂躙する目的。     こいつら全員、外患誘致罪で死刑だろ。
textdetox@01907546324b0330d2d8b7669648cc18823323e5/ja/000771	ja	1	韓国国内で反日を行っている勢力が、北朝鮮従属の勢力です。   つまり、韓国人の半数以上が北朝鮮従属勢力です。
textdetox@01907546324b0330d2d8b7669648cc18823323e5/ja/000772	ja	1	甘味料が入ってないから飲んでんのにオバカねｗ
textdetox@01907546324b0330d2d8b7669648cc18823323e5/ja/000773	ja	1	つーか奴ら車両作れたっけ?   韓国の高速鉄道は車両からしてフランスから買ってたろ。
textdetox@01907546324b0330d2d8b7669648cc18823323e5/ja/000774	ja	1	中国軍が攻めてきたら武器で追い払う以外方法ないのに   現実の見えてないバカの意見なんて何の価値もない
textdetox@01907546324b0330d2d8b7669648cc18823323e5/ja/000775	ja	1	東レだけが韓国と共に滅びるのだろうか？
textdetox@01907546324b0330d2d8b7669648cc18823323e5/ja/000776	ja	1	イギリスでそれやったらナマポ子沢山で年収1000万とかになったらしいぞ
textdetox@01907546324b0330d2d8b7669648cc18823323e5/ja/000777	ja	1	ニカちゃんは、世間に露出しない方がいいと思うけどなｗ 仲間内だけにした方がいい
textdetox@01907546324b0330d2d8b7669648cc18823323e5/ja/000778	ja	1	まあこうやってアク禁されても抜けてくるからな   アク禁に文句垂れてる奴が常習犯だってのがよくわかるだろｗ
textdetox@01907546324b0330d2d8b7669648cc18823323e5/ja/000779	ja	1	コレ     景観も理解できるけど、復旧の死やすさは電柱式だよね。
textdetox@01907546324b0330d2d8b7669648cc18823323e5/ja/000780	ja	1	なら汚ねえ巣にでも帰ってクソ食って寝とけ
textdetox@01907546324b0330d2d8b7669648cc18823323e5/ja/000781	ja	1	打ち間違いにいちいち突っ込むなってｗ   キチか？
textdetox@01907546324b0330d2d8b7669648cc18823323e5/ja/000782	ja	1	10万も上げたら何兆単位で莫大な資金が必要なんだけどね   それを国民に背負えと？   ゴミかよ
textdetox@01907546324b0330d2d8b7669648cc18823323e5/ja/000783	ja	1	その外国人も、日本に働きには来ないよ。   ほんのちょっと働いたら、すぐやめて、生保に行くからな。   外国人も働きたくない日本奴隷労働。
textdetox@01907546324b0330d2d8b7669648cc18823323e5/ja/000784	ja	1	日本の原子力産業をつぶして、中韓が手に入れる。   反原発は連中の手先だよなぁ。
textdetox@01907546324b0330d2d8b7669648cc18823323e5/ja/000785	ja	1	あっ…アカンIDがパヨク御殿だ・・・(；´Д｀)
textdetox@01907546324b0330d2d8b7669648cc18823323e5/ja/000786	ja	1	韓国TPPに参加したがってるらしいじゃん、鴨が葱背負って来てるんだからリップサービスくらい幾らでもしてやるさw
textdetox@01907546324b0330d2d8b7669648cc18823323e5/ja/000787	ja	1	俺はドラえもんやクレヨンしんちゃん見たらネトウヨと聞いたよ。
textdetox@01907546324b0330d2d8b7669648cc18823323e5/ja/000788	ja	1	韓国は、不当な人民元切り下げの被害者   それでも、人民元スワップに頼るしかない     国連やIMFが悪い
textdetox@01907546324b0330d2d8b7669648cc18823323e5/ja/000789	ja	1	読み間違いと「いい年したパヨクのおっさんが真顔で不倫相手にやらかした挨拶」を一緒にするのはNG
textdetox@01907546324b0330d2d8b7669648cc18823323e5/ja/000790	ja	1	ここまで馬鹿だったとは   R4はどこまで落ちるんだ？！
textdetox@01907546324b0330d2d8b7669648cc18823323e5/ja/000791	ja	1	いいねしただけでレイシストと決め付ける妄想   ぱよぱよちーんと言っただけでリンチだと言い出す妄想   やくざ紛いの連中を使って恫喝しておいて、正義だと言い張る妄想   妄想が妄想を読んで本当に恐ろしいね。これだから共産党支持者は怖いと俺も思うよ
textdetox@01907546324b0330d2d8b7669648cc18823323e5/ja/000792	ja	1	まさしくその通りｗ   しかも、国庫から10億も出しやがったｗ   むしろ上を飛んでるぞｗ
textdetox@01907546324b0330d2d8b7669648cc18823323e5/ja/000793	ja	1	南鮮で日本製品不買運動に異を唱えた議員が遺体で発見ってマジかよ   怖いのう
textdetox@01907546324b0330d2d8b7669648cc18823323e5/ja/000794	ja	1	最近のfacebookはダメダメだよ。   韓国への正当な批判さえもアカウント停止くらう。
textdetox@01907546324b0330d2d8b7669648cc18823323e5/ja/000795	ja	1	民間人の被害者（死者）って、確か四人ぐらいだったはず。   軍事施設以外は攻撃してないからね。     軍人も、攻撃あるの知ってたから、被害極小だったんだよね。
textdetox@01907546324b0330d2d8b7669648cc18823323e5/ja/000796	ja	1	"つーかこの記事、見出しからして卑怯なんだよなぁ   WG""I""Pと書かないで意図的にinformationprogramにたどり着き難くなるようにしてる   一言一句全てが糞ってのは流石だとしか"
textdetox@01907546324b0330d2d8b7669648cc18823323e5/ja/000797	ja	1	中高生はｲｼﾞﾒで自殺しているのでは？   なぜ経済問題にすりかえるの？左翼さん？
textdetox@01907546324b0330d2d8b7669648cc18823323e5/ja/000798	ja	1	何も言わなきゃナマポ詐欺師辺りに言ったことになって不自然が無かった流れだったのにｗｗｗ
textdetox@01907546324b0330d2d8b7669648cc18823323e5/ja/000799	ja	1	民進はバカだから二手先は読んでないと思うよ   カジノ法案時の「ギャンブル依存症ガー！」→パチンコ業界締め付け強化の時つくづくそう思った
textdetox@01907546324b0330d2d8b7669648cc18823323e5/ja/000800	ja	1	今の大阪市長はアホだから   権力で憎しみの連鎖を作る発想しかない能無し   早くカジノ維新を解党に持って行かないと大阪は終わる
textdetox@01907546324b0330d2d8b7669648cc18823323e5/ja/000801	ja	1	後から来てただ乗りすんなカス って言ってるだけなんだよなあ
textdetox@01907546324b0330d2d8b7669648cc18823323e5/ja/000802	ja	1	その「10万くらい」のイメージがそのまま誘拐の動機に成ります。   10万くらいすぐ振り込まれるだろう、とか。
textdetox@01907546324b0330d2d8b7669648cc18823323e5/ja/000803	ja	1	ハムスターじいちゃんという人がいてだな   犯罪を目撃されたわけでもなく(実際はこのじいちゃんの財布が取られそうになったが)   被害者がいないのに20分間老人を制圧するのが警察のお仕事です
textdetox@01907546324b0330d2d8b7669648cc18823323e5/ja/000804	ja	1	ところが違う。   そもそも女が「産むかどうかを決める権利は女に、女だけにある」と主張した。   そして性犯罪やらセクハラやらの基準は徹底的に女だけのために作られた。   権利を握ったものが義務と責任を負うのは当然。
textdetox@01907546324b0330d2d8b7669648cc18823323e5/ja/000805	ja	1	潰れるのは結構なんだが   逆に今後も経営続けていくパチンコ屋は   どういう勝算があるんだろうな？
textdetox@01907546324b0330d2d8b7669648cc18823323e5/ja/000806	ja	1	チン力ス     【twitter】津田大介 『人は、みな差別意識を持ってるもの。世の中には一定数自分が「差別者」になりたくない人がいる』［H30/1/6］(52)   17.ID:lAR ネトウヨの差別意識のすさまじいことよ
textdetox@01907546324b0330d2d8b7669648cc18823323e5/ja/000807	ja	1	仮にその辺のことについてあっちで尋問受けても、意味不明の供述しかできないんでは？   細かいシステム的なことをきちんと理解できてるとは到底思えなかったり
textdetox@01907546324b0330d2d8b7669648cc18823323e5/ja/000808	ja	1	都市部ほど衆愚傾向が高いよ   それだけ土地にしがらみのない出稼ぎやおのぼりばかりだからな
textdetox@01907546324b0330d2d8b7669648cc18823323e5/ja/000809	ja	1	殺人罪も厳罰化してるし、「だけ」ではないよ。   強いて言うなら、詐欺罪や、経済犯罪の処罰の強化は必要だと思うけど。
textdetox@01907546324b0330d2d8b7669648cc18823323e5/ja/000810	ja	1	結婚した人を処女かどうかで判断するのって無意味じゃなくね？
textdetox@01907546324b0330d2d8b7669648cc18823323e5/ja/000811	ja	1	クソマスコミは引退特番とかで、また殊更にキムを引っ張り出してきそうでうざい
textdetox@01907546324b0330d2d8b7669648cc18823323e5/ja/000812	ja	1	もし万が一にでも脅迫された側の首相に何らかの責任を求めるなら   日本人は世界中からフルボッコでしょ   平和主義に挑戦してくるテロリストの脅迫を有効にしてどうすんの
textdetox@01907546324b0330d2d8b7669648cc18823323e5/ja/000813	ja	1	"あぁそう言えば韓国漁船に""偶然""捕獲されるクジラの事はｵｰｼﾞｰにどう説明するのかねw"
textdetox@01907546324b0330d2d8b7669648cc18823323e5/ja/000814	ja	1	バブルが崩壊しても経済成長は続いてたんだぞ。それをテレビや新聞が連日公共事業や政府債務を叩きまくってアホの国民が真に受けて自民党が負けるようになった。それて橋本龍太郎が大衆迎合して消費税を増税し公共事業を半分に減らしてデフレ到来だ。とても野党を支持する気にはなれん
textdetox@01907546324b0330d2d8b7669648cc18823323e5/ja/000815	ja	1	冗談じゃなく、難民男の性欲処理がどうなるのか恐ろしい。   現地の女性や女の子達、どうか無事で。
textdetox@01907546324b0330d2d8b7669648cc18823323e5/ja/000816	ja	1	多分だけど「靖国参拝」「自衛隊を軍隊に」「在日送還」「安保推進」とかそう言うのきまくったんだと思われｗ
textdetox@01907546324b0330d2d8b7669648cc18823323e5/ja/000817	ja	1	ラウンドアップは葉・茎から吸収されて、成長ホルモンのサイクルを阻害して根まで枯らすんで、   正しく使うと隣接の植物に影響を少なく留めれるはずなんで、   おじいちゃんの使い方が間違っている可能性。
textdetox@01907546324b0330d2d8b7669648cc18823323e5/ja/000818	ja	1	このキチガイ達の旅費は何処から出るんだ？   自民の賄賂か？
textdetox@01907546324b0330d2d8b7669648cc18823323e5/ja/000819	ja	1	こるから滅ぶ国にノーベル賞なんて必要ないでしょ？     どいつもこいつものたうち回って世界の全てを呪いながら狂い死ね
textdetox@01907546324b0330d2d8b7669648cc18823323e5/ja/000820	ja	1	9日に拉致・核「中韓首脳と協議」の方に話題が行かないようなスレタイ付けたのって、   時事叩きのため？
textdetox@01907546324b0330d2d8b7669648cc18823323e5/ja/000821	ja	1	久しぶりだな安倍自公ｗ     成人年齢引き下げに少年法を連動させなかったことで   こういう奇妙な状況を引き起こしたのは連動改正に抵抗したパヨクだがなｗ
textdetox@01907546324b0330d2d8b7669648cc18823323e5/ja/000822	ja	1	ツイッターは、心の声が漏れてしまう事があるのが前提だからなあ。   独り言に近い。
textdetox@01907546324b0330d2d8b7669648cc18823323e5/ja/000823	ja	1	予想通りのバカ面だ   もっと出てくるだろな   ちのうが足りなそうなのがｗｗｗ
textdetox@01907546324b0330d2d8b7669648cc18823323e5/ja/000824	ja	1	なんかボケ言いそうだよ。   露出増はダメだ。
textdetox@01907546324b0330d2d8b7669648cc18823323e5/ja/000825	ja	1	今年最大のニュース     SMAP、年内で解散
textdetox@01907546324b0330d2d8b7669648cc18823323e5/ja/000826	ja	1	しょうがないｗ   パヨクは正体を露にして活動していることの方が稀だからなｗ
textdetox@01907546324b0330d2d8b7669648cc18823323e5/ja/000827	ja	1	というか、冷戦時代開幕時にソッコーでチョンに絶望してるんだよなアメリカは   まぁ、クズの民主党が支那共産匪の飴玉や朝鮮人の接待に屈してるから、なかなか良くならないんだけど
textdetox@01907546324b0330d2d8b7669648cc18823323e5/ja/000828	ja	1	日本の死刑に文句つけたドイツは何も言ってないのかな？
textdetox@01907546324b0330d2d8b7669648cc18823323e5/ja/000829	ja	1	あの戦争を「真珠湾から始まった」設定で話すメディアは大体がカス
textdetox@01907546324b0330d2d8b7669648cc18823323e5/ja/000830	ja	1	お金がないの借金取りが印象的なんだよな   ご冥福をお祈りします
textdetox@01907546324b0330d2d8b7669648cc18823323e5/ja/000831	ja	1	ふなむしおんせん・・・・うわあああああ想像しただけで鳥肌     確かに海のそばで成長した人はふなむしを普通の虫扱いするなあ、ぎゃくにうれしそうに山育ちの私に紹介してくれるけどｗ   「うわあああ」という反応を楽しんでる同居人
textdetox@01907546324b0330d2d8b7669648cc18823323e5/ja/000832	ja	1	ウクライナがデフォルトしたら、当然、そのしわ寄せはロシアに来る…。   なるほどな、プーチンが安倍ちゃんに「お手紙」書くわけだわwww。
textdetox@01907546324b0330d2d8b7669648cc18823323e5/ja/000833	ja	1	国籍がどこであれクズというのは変わらんが、事実関係わかるまで自演とかいうのやめとこうぜ。   犯人が日本人の可能性が消えたわけじゃないし。
textdetox@01907546324b0330d2d8b7669648cc18823323e5/ja/000834	ja	1	とあるゴッドハンド(死ね)のせいで信憑性がゼロになって全てぐちゃぐちゃになったからだよ
textdetox@01907546324b0330d2d8b7669648cc18823323e5/ja/000835	ja	1	靖国神社が特殊な宗教法人なのは確かだが     戦争神社というよりは平和神社にしてほしい。
textdetox@01907546324b0330d2d8b7669648cc18823323e5/ja/000836	ja	1	アニメ業界は、もはや中国や韓国の力なしでは成り立たない業界になってしまったからな
textdetox@01907546324b0330d2d8b7669648cc18823323e5/ja/000837	ja	1	パヨク系の性犯罪みるたびにこれがよぎる   まあ、だからこそ逆にマスゴミが絡んだ動きには不信感をもって接する人ばかりになったよな
textdetox@01907546324b0330d2d8b7669648cc18823323e5/ja/000838	ja	1	オランダ人が350年間、インドネシアで何をやっていたかも考えずに被害者面かよw   国王陛下でさえこんな認識じゃ、オランダ人との付き合いは、考えもんだな。
textdetox@01907546324b0330d2d8b7669648cc18823323e5/ja/000839	ja	1	種死はともかく種ってそこまで酷いか？   普通レベルだと思うが
textdetox@01907546324b0330d2d8b7669648cc18823323e5/ja/000840	ja	1	本当それ、この薬転売とかもアレらがやりそうだわ。   豪邸に住んでたりベンツ乗ってたりして生ポの在日とか居たよな。     そしてミサイル、、、もういいだろ。
textdetox@01907546324b0330d2d8b7669648cc18823323e5/ja/000841	ja	1	うーん、だって中国は死者をいつまでも責めるけど日本は水に流す穏健な国って   よくネトウヨが言ってるじゃん
textdetox@01907546324b0330d2d8b7669648cc18823323e5/ja/000842	ja	1	＞戦争はコチラが望まなくとも殺ってくる   これのことなｗ
textdetox@01907546324b0330d2d8b7669648cc18823323e5/ja/000843	ja	1	美容院とかから徴収する使用料から、JASRACが抜く手数料率が上がるという話で、   美容院とかが支払う利用料が上がる訳じゃないんじゃね。
textdetox@01907546324b0330d2d8b7669648cc18823323e5/ja/000844	ja	1	この期に及んでもアメリカは馬鹿ってことだね   自国の軍隊を持たないから平等な交渉ができずに馬鹿の尻拭いをさせられるってこと   速く軍隊を持つべき
textdetox@01907546324b0330d2d8b7669648cc18823323e5/ja/000845	ja	1	撮り鉄ってそういえば耳たぶの薄っすいエラ顔が多いよね～   在日コリアンも駅前に陣取っているし、ほんとに日本人なのかねぇｗ
textdetox@01907546324b0330d2d8b7669648cc18823323e5/ja/000846	ja	1	そういやそうだったね。メリケン大使館のFBやばかったよなwww
textdetox@01907546324b0330d2d8b7669648cc18823323e5/ja/000847	ja	1	朝鮮・創価系企業か、または共産党系企業かのどちらかなのでは？   普通の日本企業なら社長が土下座したってマスゴミは許さないでしょうし。
textdetox@01907546324b0330d2d8b7669648cc18823323e5/ja/000848	ja	1	やさしいなぁ   おれは黙って死んで欲しいと思うわ
textdetox@01907546324b0330d2d8b7669648cc18823323e5/ja/000849	ja	1	理屈の通じない相手にそれは通用しないと思うがな。   また新たな暴虐の事実（捏造）が発覚しました、協定の範囲外ですとか言い出す。
textdetox@01907546324b0330d2d8b7669648cc18823323e5/ja/000850	ja	1	GIジェーンの内容自体は女性がシールズ養成課程を達成するというトンデモ映画だけどな   デミムーアが教官役に徒手空拳でボコられ、レイプされかかるシーンなんて   フェミナチは発狂するだろう
textdetox@01907546324b0330d2d8b7669648cc18823323e5/ja/000851	ja	1	心神喪失の外国人ばかりが移民してきたら困る
textdetox@01907546324b0330d2d8b7669648cc18823323e5/ja/000852	ja	1	完全に戦後が抜けきるには、まだ後半世紀ぐらいは必要なんだろうか。
textdetox@01907546324b0330d2d8b7669648cc18823323e5/ja/000853	ja	1	単発ですよね     あからさまに自称一般人とか、選択肢が増えたとか   自民を右からとかクソBOTが鳴き始めたのはわかりやすいサインだなｗ
textdetox@01907546324b0330d2d8b7669648cc18823323e5/ja/000854	ja	1	てかパヨカスさんの思惑全部粉砕されてるよね、これ     真実だった場合TBSを囲まないといけなくなるし、しかもまだ「真実であるかもわからない」と言うおまけ付き   飛び出して来たやつ今頃顔と頭が真っ赤だろ
textdetox@01907546324b0330d2d8b7669648cc18823323e5/ja/000855	ja	1	さ、後は事後処理だ   民主党による女性議員セクハラ暴行事件、小西による高齢議員めがけたダイビング暴力、盛りだくさんだ
textdetox@01907546324b0330d2d8b7669648cc18823323e5/ja/000856	ja	1	朝日記事へのツッコミと検証を禁止   そして朝日自体をボケ要員にされたことに腹立ってる？   ツッコミの主戦場がTwitterに移動するだけだと思うけど…
textdetox@01907546324b0330d2d8b7669648cc18823323e5/ja/000857	ja	1	バイクが200馬力あんの？   175馬力のハヤブサで、実測300km/h出るって   評判になったのに。   今のバイクは完全にオーバースペックだな。
textdetox@01907546324b0330d2d8b7669648cc18823323e5/ja/000858	ja	1	そのうち創価学会のお題目は「南無人間革命」になりそうだな
textdetox@01907546324b0330d2d8b7669648cc18823323e5/ja/000859	ja	1	そうなんだ、宗教に対する信頼が無ければ   こんな法律存在しないだろうね
textdetox@01907546324b0330d2d8b7669648cc18823323e5/ja/000860	ja	1	ん？     なんの議論も出来ない馬鹿がわかったつもりになるの？
textdetox@01907546324b0330d2d8b7669648cc18823323e5/ja/000861	ja	1	安心したお前のようなバカがいる限り朝鮮人は、戦後保障蒸し返す。
textdetox@01907546324b0330d2d8b7669648cc18823323e5/ja/000862	ja	1	【吉報】韓国政府「徴用工問題の第三国仲裁について受け入れられない」 2019年7月16日16:04     【吉報】韓国政府「徴用工問題の第三国仲裁について受け入れられない」 2019年7月16日16:04
textdetox@01907546324b0330d2d8b7669648cc18823323e5/ja/000863	ja	1	一時期は期待してたが、最近はアホの所業と思えてきた   なぜわざわざ藻から石油を作るのか   その養殖池の面積だけ太陽パネルを貼ってエネルギーを作り、   浮いた分だけ火力発電の石油を減らせばいい話ではないか
textdetox@01907546324b0330d2d8b7669648cc18823323e5/ja/000864	ja	1	これがまかり通るなら、     日本は韓国人が支配する国になるな
textdetox@01907546324b0330d2d8b7669648cc18823323e5/ja/000865	ja	1	パヨカスさんたち、目に付くものすべて敵に見えるようになってきてないか？ｗ
textdetox@01907546324b0330d2d8b7669648cc18823323e5/ja/000866	ja	1	ああたしかに何の審査もなく申請すればナマポ貰える人たちは   金使ってんだろうなｗ
textdetox@01907546324b0330d2d8b7669648cc18823323e5/ja/000867	ja	1	多分国内でもいろいろやってたんだろうなぁ   いきなり海外で犯罪デビューってことは無かろう
textdetox@01907546324b0330d2d8b7669648cc18823323e5/ja/000868	ja	1	誰にとっても自分の国が一番だ   しかし日本においては戦争に負けてからというもの長らくそれが許されなかった   ようやく普通の国に戻りつつあるだけだ
textdetox@01907546324b0330d2d8b7669648cc18823323e5/ja/000869	ja	1	だね   だから掲示板なんかでネトウヨネトウヨ書き込んでる人らが実はネトウヨなんじゃないかと
textdetox@01907546324b0330d2d8b7669648cc18823323e5/ja/000870	ja	1	掘られたら、悦んじゃうんでしょうね ＞おホモ組
textdetox@01907546324b0330d2d8b7669648cc18823323e5/ja/000871	ja	1	種もそうだけど、後半ホモっぽい要素が入りつつ結局なんだったんだっていうラストになった   電童もなぁ..
textdetox@01907546324b0330d2d8b7669648cc18823323e5/ja/000872	ja	1	こんな悲惨な国から逃れてきている在日の人たちをもっと大切にしましょうアピール
textdetox@01907546324b0330d2d8b7669648cc18823323e5/ja/000873	ja	1	元SMAPの三人の背後も胡散臭いけどそういうのこのスレで話題に出ないんだね
textdetox@01907546324b0330d2d8b7669648cc18823323e5/ja/000874	ja	1	これ胸糞事件だわ   さっさとこの世から消えろ
textdetox@01907546324b0330d2d8b7669648cc18823323e5/ja/000875	ja	1	FB利用者の非公開情報が漏れたどころの話じゃなかった
textdetox@01907546324b0330d2d8b7669648cc18823323e5/ja/000876	ja	1	でも自衛隊は入隊時に思想チェック厳しいとか   あるわけじゃないんだよ？   あと、自衛隊の嫁に中韓がけっこういるよ？って話しは   何年も前から旧でスレまでたってた。
textdetox@01907546324b0330d2d8b7669648cc18823323e5/ja/000877	ja	1	釣りかどうかなんて関係ない   パヨクズがやってるように「事実化」してしまえばいい   それで困るのは連中だけ
textdetox@01907546324b0330d2d8b7669648cc18823323e5/ja/000878	ja	1	「原理主義者」の寄り合い世帯になってるんだよなw   本当に寛容性が欠けたやつばかりだ。   つまり、どの勢力が主導権とっても行き着く先は独裁しかないという…
textdetox@01907546324b0330d2d8b7669648cc18823323e5/ja/000879	ja	1	結論のツイートしてるな   個人的にはチョンの影がまったく無いとは思ってないけど
textdetox@01907546324b0330d2d8b7669648cc18823323e5/ja/000880	ja	1	むしろ無罪放免にして義憤に駆られた奴に殺されれば丸く収まると思う
textdetox@01907546324b0330d2d8b7669648cc18823323e5/ja/000881	ja	1	こんな意識だから日本はバカにされる   万人単位の日本人を命を張って助けてくれるはずない   アメリカからしても日本人を助けて殉職者が数百人出す、と言う選択肢はあり得ない
textdetox@01907546324b0330d2d8b7669648cc18823323e5/ja/000882	ja	1	経団連が支持母体の自民党がここ数年賃上げ要求を明確に企業へ働きかけてる   労組が支持母体の野党がそれを阻止しようと国会を空転させてる     これから社会に出て行く若い人がどちらを支持するか馬鹿でも理解出来るやろ
textdetox@01907546324b0330d2d8b7669648cc18823323e5/ja/000883	ja	1	>イギリス、アルゼンチン、ルーマニア、パキスタンなどに輸出。     これからも売り込むってよ
textdetox@01907546324b0330d2d8b7669648cc18823323e5/ja/000884	ja	1	ミンスも共産も滅べ   外国の息のかかった売国政党なぞ要らない
textdetox@01907546324b0330d2d8b7669648cc18823323e5/ja/000885	ja	1	同性愛者にストーカーされた挙げ句に殺されても、「相手の気持ちに応えなかった、被害者に落ち度が有る。」   などと言われるんですかね？怖すぎる！
textdetox@01907546324b0330d2d8b7669648cc18823323e5/ja/000886	ja	1	中年アルバイトだけど学生時代なんかのデモに駆り出されたんだよ   （明大）バカだから何のデモだったか忘れたｗ   きちんと尾行されたｗ
textdetox@01907546324b0330d2d8b7669648cc18823323e5/ja/000887	ja	1	【悲報】八角理事長、全くわかってない「ちょっとした気持ちでやった暴力がここまで組織を揺るがすようなはめになってしまう」←頭かち割って重症おわせたんだがｗ
textdetox@01907546324b0330d2d8b7669648cc18823323e5/ja/000888	ja	1	それは個々人で考えが違って当たり前だからな   俺を目障りだと思う人がいるのも当然だろうな   なもんで迷惑だとは思うがNGしてくれと毎度言っている次第だ
textdetox@01907546324b0330d2d8b7669648cc18823323e5/ja/000889	ja	1	題名は、ハゲと共に去りぬ、で如何でしょ。
textdetox@01907546324b0330d2d8b7669648cc18823323e5/ja/000890	ja	1	差別差別言うのもすごく胡散臭いし、痴漢冤罪かぶるのもごめんこうむりたい   そもそも男と女は別物なので、専用車両に隔離するのはいいと思うけどな
textdetox@01907546324b0330d2d8b7669648cc18823323e5/ja/000891	ja	1	かつてファシズムと対立したくせに今は中国にヘコヘコ   バカしかいねえな世界は
textdetox@01907546324b0330d2d8b7669648cc18823323e5/ja/000892	ja	1	>ということは、日韓基本条約すら守る気も無いと…。     何をいまさら…
textdetox@01907546324b0330d2d8b7669648cc18823323e5/ja/000893	ja	1	そういや今回の事件後の風刺漫画で   武器を持った男が銃口から煙立てながら「彼が先に描いた」と言って   死体と一緒に描かれてるのあった
textdetox@01907546324b0330d2d8b7669648cc18823323e5/ja/000894	ja	1	種はガンダムだからあんなことになったんだと思う   AGEも種並みに放送中は炎上して日野さんぼろ糞に言われていたしな   原作者富野のGレコですら叩かれたのがガンダム界隈
textdetox@01907546324b0330d2d8b7669648cc18823323e5/ja/000895	ja	1	長年平和ボケにどっぷり浸かった日本人にとってみれば、あんな子供騙しみたいなテロ事件でも日本国内を恐怖のどん底に陥れるのに充分なんだよな。   だから、あの程度のテロ事件でも徹底的に犯人を叩き出して厳罰を与えるべきだよ。
textdetox@01907546324b0330d2d8b7669648cc18823323e5/ja/000896	ja	1	あいつらはファシスト、ナチス、極右と大声で罵倒して凄い形相で威嚇して   時には暴力も振るう   俺からするとどっちがやねんという印象
textdetox@01907546324b0330d2d8b7669648cc18823323e5/ja/000897	ja	1	そりゃあ自分らから信用をドブにブチ捨てる行為ばかりしてればねえ
textdetox@01907546324b0330d2d8b7669648cc18823323e5/ja/000898	ja	1	メディアのマネをしてるだけだよな。   「報道」に至る過程や判断が全く表に出て来ないので、   受け取る側からは気まぐれで私刑をしている様にしか見えないし。
textdetox@01907546324b0330d2d8b7669648cc18823323e5/ja/000899	ja	1	名前出てないんだから   チョンか基地害かは解らんよ
textdetox@01907546324b0330d2d8b7669648cc18823323e5/ja/000900	ja	1	ハロウィーンバカ共はテロられてどうぞ。   何でもかんでもお祭り気分で騒いでんじゃねえよ。
textdetox@01907546324b0330d2d8b7669648cc18823323e5/ja/000901	ja	1	死亡と一時退避の人数比べて、桁が違いますよね？とかw   本人も絶対無理を感じてるだろw
textdetox@01907546324b0330d2d8b7669648cc18823323e5/ja/000902	ja	1	君って中国人？   中国の人も朝鮮人のように日本の天皇陛下に対して不敬を働くの？
textdetox@01907546324b0330d2d8b7669648cc18823323e5/ja/000903	ja	1	パヨチンは「731部隊ガー」と、ただの防疫部隊を持ち出します
textdetox@01907546324b0330d2d8b7669648cc18823323e5/ja/000904	ja	1	まずは旗竿やぱよちんが率先して実刑になって欲しいよねえ。 少なくとも青天の霹靂になった400人オーバーの人たちはそう思ってることだろう。
textdetox@01907546324b0330d2d8b7669648cc18823323e5/ja/000905	ja	1	むしろ犯罪の起源は、韓国人にすべき。
textdetox@01907546324b0330d2d8b7669648cc18823323e5/ja/000906	ja	1	ふと思ったんだが、オウムみたいに反社会的暴力集団シバキ隊報道部ってあるんじゃね？     新潟日報の坂本と結構やりとりしてたジャーナリトはその報道部なんじゃね？
textdetox@01907546324b0330d2d8b7669648cc18823323e5/ja/000907	ja	1	外交「力」とか経済「力」とか、あらゆる「力」は究極的には相手にいうことをきかせる物理的な力、つまり軍事力、暴力の裏付けがないと機能しない   外交力をつけるためには「断ったときに不利益を被る」と相手に思わせる軍事力が必要
textdetox@01907546324b0330d2d8b7669648cc18823323e5/ja/000908	ja	1	なぜ糖質患者とチョンモメンとサヨクは似ているのか
textdetox@01907546324b0330d2d8b7669648cc18823323e5/ja/000909	ja	1	買春を援助と言い換えるビッチと脳構造が一緒なんだろ
textdetox@01907546324b0330d2d8b7669648cc18823323e5/ja/000910	ja	1	アメリカに対してのヘイトはいくらでもやっていいと中国の犬も思ってるんだろう
textdetox@01907546324b0330d2d8b7669648cc18823323e5/ja/000911	ja	1	ちょっと真剣に警備を強化して欲しい。   韓国人は犯罪民族であるのに、ビザを緩和などして容易に日本に入り込める環境が有る。   暗殺も有り得るので、厳重体制を敷いて欲しい。
textdetox@01907546324b0330d2d8b7669648cc18823323e5/ja/000912	ja	1	単なる個人の猟奇犯罪なのか、ジハードだったのかまだわからないんだよな。
textdetox@01907546324b0330d2d8b7669648cc18823323e5/ja/000913	ja	1	非正規から切る企業ばかりですが……
textdetox@01907546324b0330d2d8b7669648cc18823323e5/ja/000914	ja	1	な、コイツはこういう奴なんだよ   慰安婦像を理由に独断で日米離間工作を平気でやる   そろそろ気づけよバカどもが
textdetox@01907546324b0330d2d8b7669648cc18823323e5/ja/000915	ja	1	在日マスゴミと共謀してるよね   チョーセンジンってYoutubeの再生回数とかのように精神異常の粘着気質の民族性で何でもやりすぎるんだよな
textdetox@01907546324b0330d2d8b7669648cc18823323e5/ja/000916	ja	1	強盗しようとして警官に殺られる兵士www   北朝鮮軍よえwwwwww
textdetox@01907546324b0330d2d8b7669648cc18823323e5/ja/000917	ja	1	冤罪がどうとか色々あるのかも知れんけど   一応、死刑判決出たら、すぐに執行するほうが合理的かもしれんな
textdetox@01907546324b0330d2d8b7669648cc18823323e5/ja/000918	ja	1	学生の時バイク便やってたが、仕事終わって家戻ったらすぐ手洗い・うがいしてたが、   うがい後痰を吐いたらいつも真っ黒でした
textdetox@01907546324b0330d2d8b7669648cc18823323e5/ja/000919	ja	1	他のメンバーは贄になっただけなんだよなw   最初から既得権益を享受していた奥田を政界に上げるための踏み台として人生を捨てた愚かな若者の死体に鞭を打つべきではないw
textdetox@01907546324b0330d2d8b7669648cc18823323e5/ja/000920	ja	1	どこの局だったか   協会に女が必要とか言ってたな   池坊を見てると女こそ要らないと思うんだがバカじゃねーの
textdetox@01907546324b0330d2d8b7669648cc18823323e5/ja/000921	ja	1	それにしても、完全失業率３．２％なんて、働く気がある奴は確実にいい職に就けるレベル。   首都圏あたり、バイトの募集難になってんじゃね？
textdetox@01907546324b0330d2d8b7669648cc18823323e5/ja/000922	ja	1	日本国旗を切り裂いたように、中国、韓国の国旗を切り裂くぐらいの度量がないとだめなのは確かだ。
textdetox@01907546324b0330d2d8b7669648cc18823323e5/ja/000923	ja	1	でもルールを破るのは大概カスだけどな
textdetox@01907546324b0330d2d8b7669648cc18823323e5/ja/000924	ja	1	もうチョンの海兵隊が上陸してたろ。
textdetox@01907546324b0330d2d8b7669648cc18823323e5/ja/000925	ja	1	麻生政権の時に出来た自殺対策の基金の成果ですね
textdetox@01907546324b0330d2d8b7669648cc18823323e5/ja/000926	ja	1	通名だけじゃなくて韓国籍ってのもおかしい   在日韓国人と書かないと入国した韓国人かと思う   意図的なんだろうが
textdetox@01907546324b0330d2d8b7669648cc18823323e5/ja/000927	ja	1	カードは作らなくてもいい。   日本は公的な身分証明書がないだろ。   だから運転免許証が身分証明書の代わりになってる。   でもそのために２０万ぐらい出して、教習所に通って、バカ高い費用がかかる。マイナンバーカードが身分証明書として扱われれば、助かる。
textdetox@01907546324b0330d2d8b7669648cc18823323e5/ja/000928	ja	1	韓国軍だってお笑い兵器で負けていない。
textdetox@01907546324b0330d2d8b7669648cc18823323e5/ja/000929	ja	1	家のパソコンにはインテル入ってないんだよ   ＡＭＤばかり…地味にショック   しかもトレーダーには好感されてるってのがまたまたショック   確かに中国のでかい市場で勝負できるならインテルに肉薄できるかもしれんけども…
textdetox@01907546324b0330d2d8b7669648cc18823323e5/ja/000930	ja	1	でも、それって反社的発想なんだよな。     暴力団にみかじめ料払えばいいやっていうのと変わらない。
textdetox@01907546324b0330d2d8b7669648cc18823323e5/ja/000931	ja	1	もう、韓国に優しい舛添はいないのだよｗ
textdetox@01907546324b0330d2d8b7669648cc18823323e5/ja/000932	ja	1	在米の中韓人はなんのために闘ってんだろ   国を捨てたわけじゃないのか
textdetox@01907546324b0330d2d8b7669648cc18823323e5/ja/000933	ja	1	コイツは短絡的で何も解っていない   男性とは違い女性天皇は男系維持と国の安定の為に結婚ができない   それが女性天皇の歴史的な宿命なのだ   女性尊重の時代とほざくのならば、女性に天皇などと過酷な運命を押し付けるな
textdetox@01907546324b0330d2d8b7669648cc18823323e5/ja/000934	ja	1	だから何かな   欧米でもマスゴミは報道しない自由にまみれてる   だから爆風と被曝で直接殺されない限りいくらでも誤魔化されそうって話と関係が？
textdetox@01907546324b0330d2d8b7669648cc18823323e5/ja/000935	ja	1	安倍さん以外の後継候補ってどいつもこいつも   西側欧米よりも中韓詣でしかできない連中ばかり。   ロシアでさえ相手にしてくれなくなりそう。
textdetox@01907546324b0330d2d8b7669648cc18823323e5/ja/000936	ja	1	NHKが起用したがる芸能人ってあっち系が多い気がする   伊勢谷俊介なんか完全に在日だし
textdetox@01907546324b0330d2d8b7669648cc18823323e5/ja/000937	ja	1	やっぱ「自分の意見と異なる人＝ネトウヨ」なんでしょ。   在日外国人や左翼論客相手でも意見が異なればすぐネトウヨ呼ばわりじゃん。
textdetox@01907546324b0330d2d8b7669648cc18823323e5/ja/000938	ja	1	２ちゃんソースだけど、神道系の新興宗教も保守とは限らないし、   神主になる学部のある某大学でさえ保守系なんていつの話？な   感じらしいよ。
textdetox@01907546324b0330d2d8b7669648cc18823323e5/ja/000939	ja	1	必死だもんね…ＴＶ見ててウンザリする   やればやるほど、こっちは「あーあ」って思うのに
textdetox@01907546324b0330d2d8b7669648cc18823323e5/ja/000940	ja	1	その人達だって死亡しなかったら   ああ良かった。ってわけでもないしな   酷い話だよ
textdetox@01907546324b0330d2d8b7669648cc18823323e5/ja/000941	ja	1	不摂生が祟った団塊世代の大量死はこれからだからな
textdetox@01907546324b0330d2d8b7669648cc18823323e5/ja/000942	ja	1	本国韓国人は統制がとれているとも思えないし、   在外含む韓国人社会自体が暴走してるんでしょ。
textdetox@01907546324b0330d2d8b7669648cc18823323e5/ja/000943	ja	1	嘘だね   移民を皆殺しにすればいつでも解決可能な類の事件にすぎん
textdetox@01907546324b0330d2d8b7669648cc18823323e5/ja/000944	ja	1	労組のストライキのノリなんだろうけどさー   肝心の労組なんかはなんとも思わないのかね？   総理のベア要請にすら唾吐いてた連中に期待しちゃ居ないけどさー
textdetox@01907546324b0330d2d8b7669648cc18823323e5/ja/000945	ja	1	日本人にはーって言うか中国は罵声文化みたいなのあるじゃん   だから所謂「言葉の暴力」に対しては鈍感と思う   偉い人以外には何言っても「そういうもの」なってんじゃねえかな
textdetox@01907546324b0330d2d8b7669648cc18823323e5/ja/000946	ja	1	そういや韓国はどれくらい難民受け入れてるんだ？
textdetox@01907546324b0330d2d8b7669648cc18823323e5/ja/000947	ja	1	あれ、君はさっきのなの？       そもそも、主張もクソもしてないけど、君は何したいの？
textdetox@01907546324b0330d2d8b7669648cc18823323e5/ja/000948	ja	1	やっぱり5チョンネルおかしいわ   異様な立憲民主党推し工作員で溢れかえって気持ち悪い   マスゴミの偏向報道そのものだわ
textdetox@01907546324b0330d2d8b7669648cc18823323e5/ja/000949	ja	1	狙撃でそいつはタブーだなｗ     中東のクズテロリストどもが適当に弾ばらまくようなのは狙撃に入らん
textdetox@01907546324b0330d2d8b7669648cc18823323e5/ja/000950	ja	1	テレ朝Ｊチャンは身元情報全く出さないて確認中の一点張り。   流石にテレ朝もチョンモー民とお友達は今回ヤバイと思ったか。     もうお前らの素性バレてんだから田母神チーショット画像出せよww
textdetox@01907546324b0330d2d8b7669648cc18823323e5/ja/000951	ja	1	メガドライブには内蔵のアンプをパスしてチップの足から直接音を抜く改造方法があるね
textdetox@01907546324b0330d2d8b7669648cc18823323e5/ja/000952	ja	1	画像のURLを（h抜きで）貼ったら、   そのサイトは転載禁止だからうｐろだに上げてそれを貼れってキチガイに怒られたことがあるわ。
textdetox@01907546324b0330d2d8b7669648cc18823323e5/ja/000953	ja	1	ネトウヨって単語は韓国民団が、   日本人をコケにするために作った単語だそうな     それを嬉々として使う連中はお里が知れます
textdetox@01907546324b0330d2d8b7669648cc18823323e5/ja/000954	ja	1	あんたがどういう意味で「IT土方」と言っているか知らんが   末端でプログラム組んでる人間としては仕業という言い草には承服しかねる
textdetox@01907546324b0330d2d8b7669648cc18823323e5/ja/000955	ja	1	元からだけど、景気悪くて人間も馬鹿になったから中共とか北朝鮮とか   がこれ幸いに日本でドラッグ売りまくってるんでしょう。   彼らにとってはこれも重要な外貨獲得の手段だし日本支配の手段なんだろうね。
textdetox@01907546324b0330d2d8b7669648cc18823323e5/ja/000956	ja	1	アホか撃った方は逮捕で懲戒免職に決まってるだろ…と書こうと思ったが、   よく考えたら滋賀県警だもんなー   不起訴にして依願退職受理とかあっても不思議じゃねぇ
textdetox@01907546324b0330d2d8b7669648cc18823323e5/ja/000957	ja	1	隣の可愛い同期が風俗嬢かもしれないｗ
textdetox@01907546324b0330d2d8b7669648cc18823323e5/ja/000958	ja	1	可決された挙げ句スポンサー降りられたり、視聴率落ちてる各民放はどうこれから展開していくのかな     てかレンホーの出来る女ぶった澄まし顔がウザイ。ブーメランブーメラン
textdetox@01907546324b0330d2d8b7669648cc18823323e5/ja/000959	ja	1	俺なんか、おにぎりに限らず他人が作ったものは何も食えんのだが？   生理的に無理だわｗ
textdetox@01907546324b0330d2d8b7669648cc18823323e5/ja/000960	ja	1	知り合いに軽い統失居るけど、ソイツから見ても重度統失は一生治らないから死んで欲しいっつってたぞ。
textdetox@01907546324b0330d2d8b7669648cc18823323e5/ja/000961	ja	1	幸福とは他人との相対的な位置づけによるものもある。   他人が不幸なら自分は幸せなんだと。   スイスはスイス以外が不幸だから、自分は幸せだとおもう。   韓国は反日を行うことが幸福なのだから、調査に反日レベルを追加するべき。
textdetox@01907546324b0330d2d8b7669648cc18823323e5/ja/000962	ja	1	そういや、どっかに中国や韓国の国旗を持ってた画像があったような
textdetox@01907546324b0330d2d8b7669648cc18823323e5/ja/000963	ja	1	まあ、チョンモメンは精神病だからねww   あそこまでのネガティブな執着心は精神病でもなければあり得ないよww
textdetox@01907546324b0330d2d8b7669648cc18823323e5/ja/000964	ja	1	いや、売国側がこんなプロパガンダをしてるってのは重要なニュースだろｗ     それともなにか、工作してるってことを知られたくないってか？
textdetox@01907546324b0330d2d8b7669648cc18823323e5/ja/000965	ja	1	その周辺情報をマスゴミは隠蔽するだろうから   騙されてる連中には伝わらんだろうな
textdetox@01907546324b0330d2d8b7669648cc18823323e5/ja/000966	ja	1	モドキにサッカーなど教えるからこうなる   支那人とも丁度良いキャッチボールだな
textdetox@01907546324b0330d2d8b7669648cc18823323e5/ja/000967	ja	1	日本を弱めて、アメリカが要らないと言ったら中国韓国が支配する   こうみたいだからな
textdetox@01907546324b0330d2d8b7669648cc18823323e5/ja/000968	ja	1	どっちかというと奴隷制度と批判されてる実習制度の変わりだからそういう意味では改善してるぞ   軸移すだけだし
textdetox@01907546324b0330d2d8b7669648cc18823323e5/ja/000969	ja	1	ピエロに中の人はいない！って事なんじゃね？
textdetox@01907546324b0330d2d8b7669648cc18823323e5/ja/000970	ja	1	すっかり忘れてたわ   またモモ弄り倒そうかな     そういやサガフロンティアもリメイクはよ
textdetox@01907546324b0330d2d8b7669648cc18823323e5/ja/000971	ja	1	そりゃあ、前任の大統領とは違って、支那と戦おうとしないからな。   「援助はやめ！。」のことぐらいは言ってくるだろう…。
textdetox@01907546324b0330d2d8b7669648cc18823323e5/ja/000972	ja	1	韓国人は道理が判らない民族だって日本人は認識しちゃったからな。   そうなると、話し合いなどいくらやっても無意味って結論になる。     ま、今回もやり過ぎちゃったって事だｗ
textdetox@01907546324b0330d2d8b7669648cc18823323e5/ja/000973	ja	1	そして今日もナマポは朝鮮玉入れに興じているのであった     同じ違法賭博でもこの扱いの違いは   やはりパチンコップやらにゼニが入ってくるかどうかなんだろうな
textdetox@01907546324b0330d2d8b7669648cc18823323e5/ja/000974	ja	1	よくそんな支持を出せたなあ安倍は！！！
textdetox@01907546324b0330d2d8b7669648cc18823323e5/ja/000975	ja	1	10トン車で突撃か   イスラムなの？それとも基地外？
textdetox@01907546324b0330d2d8b7669648cc18823323e5/ja/000976	ja	1	で、無能警察はこれに対して何もできないわけ？   まあ、パチンコ屋、風俗店から相当額賄賂をもらってるのばかりだろうからねえ。   何のための警察なんだか・・・。
textdetox@01907546324b0330d2d8b7669648cc18823323e5/ja/000977	ja	1	情報を拡散して在日共の残忍さをもっと広めるべき
textdetox@01907546324b0330d2d8b7669648cc18823323e5/ja/000978	ja	1	入山規制ブッチして登るようなクズで、しかも京都人だぞ？   それでもごねるに決まってんだろ。
textdetox@01907546324b0330d2d8b7669648cc18823323e5/ja/000979	ja	1	自衛隊が戦闘地域で敵戦闘員を殺しました。   殺人罪に問われないよね？
textdetox@01907546324b0330d2d8b7669648cc18823323e5/ja/000980	ja	1	大阪自民の轍を踏む馬鹿じゃ選挙に敗けるわ、何で都知事選で増田で大敗したか解って無い！汚い候補者は要らない！
textdetox@01907546324b0330d2d8b7669648cc18823323e5/ja/000981	ja	1	商用ラインに乗せるとなったら最低でも半世紀は掛かるでしょ   バイオディーゼルみたいに先走って   アマゾンの森林ぶっ壊しながらエコエネルギー（）なんてやりたくないしね
textdetox@01907546324b0330d2d8b7669648cc18823323e5/ja/000982	ja	1	気持ち悪いのはお前だよ、自分の面を見ろ、ボケ。   おまエラの独善的な姿勢でルール改正ｗとかできると思うのか、低脳
textdetox@01907546324b0330d2d8b7669648cc18823323e5/ja/000983	ja	1	イナゴの佃煮食ったことないからなんとも言えないなぁ   話によると、昆虫食の中でもイナゴは群を抜いてウマイらしいが
textdetox@01907546324b0330d2d8b7669648cc18823323e5/ja/000984	ja	1	腰抜けか中共のスパイかって絵面だね
textdetox@01907546324b0330d2d8b7669648cc18823323e5/ja/000985	ja	1	こんなゴミ貰っても維持整備できねーしただの嫌がらせ以外の何物でもないなw
textdetox@01907546324b0330d2d8b7669648cc18823323e5/ja/000986	ja	1	旧の東亜+の常連在日の洗濯機御大が、兵役の為に帰国して、兵役終わって再来日したらすっかり親日になってたの思い出したわ。   兵役中に東亜+で言われた通りの虐めを一通りされた事によって、日本人の方が真実を言っているという事に気付いて、色んな事を調べたらしいが。
textdetox@01907546324b0330d2d8b7669648cc18823323e5/ja/000987	ja	1	なら、竹島侵略やら阪神教育事件やら血のメーデーやら   生田警察襲撃事件やら死ぬまで謝罪しつづけてろ
textdetox@01907546324b0330d2d8b7669648cc18823323e5/ja/000988	ja	1	まあ、こんなところに出てくること自体が「安倍なんぞ暗殺しても意味ない」のを物語ってるな。   政策を決めてるのは背後の誰かなんだろう。
textdetox@01907546324b0330d2d8b7669648cc18823323e5/ja/000989	ja	1	＞1994年、外務省に入省した。   ＞退官後は、白眞勲参議院議員の政策担当秘書を務めた。     ハイ、絵に描いたようなゴミクズでした
textdetox@01907546324b0330d2d8b7669648cc18823323e5/ja/000990	ja	1	「予報士がー」「最悪ガー」「それなりガー」「快便がー」   これをやってるのは億円と「ん」だとみんなバレてるのになw     いつまで住人バカにしてるんだろ？
textdetox@01907546324b0330d2d8b7669648cc18823323e5/ja/000991	ja	1	氷山の一角としたら実態はレイプ戦争も同然
textdetox@01907546324b0330d2d8b7669648cc18823323e5/ja/000992	ja	1	テレビ、新聞に加え 5ch、まとめサイトも新しい洗脳ツールとして使うつもりだろう。   その為に5chは言葉狩りされる。そして、偏ったレスばかりの5chまとめサイトが出来る。   こんなところだろう
textdetox@01907546324b0330d2d8b7669648cc18823323e5/ja/000993	ja	1	ルーピーが首相だったのは日本の黒歴史     それにしてもルーピー内閣がまだ10年前のこととはな   詐欺フェストやマスゴミの偏向報道に簡単に煽動される馬鹿有権者の罪は重い
textdetox@01907546324b0330d2d8b7669648cc18823323e5/ja/000994	ja	1	カスラックだったら、楽曲のライセンスをコモンズライセンスにしてる人のライブにも   使用料を徴収に来そう
textdetox@01907546324b0330d2d8b7669648cc18823323e5/ja/000995	ja	1	だから、中日新聞屋はTOYOTAが嫌いなんだ、TOYOTAは天皇家の外戚だから。
textdetox@01907546324b0330d2d8b7669648cc18823323e5/ja/000996	ja	1	自転車の事故なんてみたことないからな     自転車乗ってる奴等全てから金を取るのが目的
textdetox@01907546324b0330d2d8b7669648cc18823323e5/ja/000997	ja	1	サーバー用って事は…サーバーから漏れる？
textdetox@01907546324b0330d2d8b7669648cc18823323e5/ja/000998	ja	1	韓国に石油精製能力がないとか、どこ情報なんだろう？   普通に軽油やジェット燃料を輸出してるし
textdetox@01907546324b0330d2d8b7669648cc18823323e5/ja/000999	ja	1	在日がクライアントなんだとさ   キムチ臭いマルハン市長はポイっ
textdetox@01907546324b0330d2d8b7669648cc18823323e5/ja/001000	ja	1	一番恐いのは、そういう人達が   「研究開発費ばかり超絶掛かって儲からない」と、身売りしまくってるって事だ   国もやらない、民間もやらない、肥料もやめる所が多い   あれ、これ食べる物どうすんの？と・・・
textdetox@01907546324b0330d2d8b7669648cc18823323e5/ja/001001	ja	1	万年バカにそう言われましても。
textdetox@01907546324b0330d2d8b7669648cc18823323e5/ja/001002	ja	1	おめえがソウルに行って土下座してこい。   意味不明なパヨク以外は謝罪する理由がないことも、莫大な金品日本から巻き上げたのも知ってるわ。
textdetox@01907546324b0330d2d8b7669648cc18823323e5/ja/001003	ja	1	いい加減にこのカスラック潰せないのか   日本音楽文化破壊組織だぞこんなのは
textdetox@01907546324b0330d2d8b7669648cc18823323e5/ja/001004	ja	1	共産主義のコミンテルンからだな。   マスゴミがいつも国民、県民、住民とは言わずに市民なのはそれだからな。
textdetox@01907546324b0330d2d8b7669648cc18823323e5/ja/001005	ja	1	ようするに、   共産党＝中共の犬   民主党＝朝鮮の犬   ということか？
textdetox@01907546324b0330d2d8b7669648cc18823323e5/ja/001006	ja	1	"双方向でなく一方的な垂れ流しな事から、語弊があるとして、最近ではマスメディアって言うんだそうだ。   だから略すならカスメディアだな。   既存の知名度による発信力の差こそあれ、ネットこそが本当のマス""コミニュケーション""だろう。"
textdetox@01907546324b0330d2d8b7669648cc18823323e5/ja/001007	ja	1	ネットというよりも、あまりにも現実を見ていないバカげた報道や議論に辟易とした結果だろう…。
textdetox@01907546324b0330d2d8b7669648cc18823323e5/ja/001008	ja	1	考えられるのは二つ、庶民面させるのに都合がいい、もう一つは馬鹿だから言いなりになりやすい。こんなとこやろな。
textdetox@01907546324b0330d2d8b7669648cc18823323e5/ja/001009	ja	1	さすが   第三者はいやだ   文章もいやだ   のキチガイを擁護するだけはあるな
textdetox@01907546324b0330d2d8b7669648cc18823323e5/ja/001010	ja	1	息を吐くと同時に嘘を吐く韓国人らしいオチだな
textdetox@01907546324b0330d2d8b7669648cc18823323e5/ja/001011	ja	1	今年の流行語大賞「ペンの暴力」   もちろんヘイトスピーチ的な意味   そして恣意的な言論封殺が始まる
textdetox@01907546324b0330d2d8b7669648cc18823323e5/ja/001012	ja	1	五千円て、ケータイ代より安いww   これで暴力団とか恥ずかしいわー
textdetox@01907546324b0330d2d8b7669648cc18823323e5/ja/001013	ja	1	確かに、オートチャージなしのPASMOでも現金よりはずっと便利だし、   このままで何の問題もないかもな。
textdetox@01907546324b0330d2d8b7669648cc18823323e5/ja/001014	ja	1	「おたんこなす」って久しぶりに見たよｗ   この言葉が語呂が良いのに、なぜ死語に等しい状態になってしまったのか   勿体ないと思う。
textdetox@01907546324b0330d2d8b7669648cc18823323e5/ja/001015	ja	1	どんなヲタにもクズが一定数いるもんだが大半は常識人   しかし撮り鉄に関しては全員がクズ、さらにその中に列車運行を妨害するスーパークズがいる   って誰かが言ってた
textdetox@01907546324b0330d2d8b7669648cc18823323e5/ja/001016	ja	1	せっかくネットでアホが蓮舫ごときをやり込める為に使ってきたのに   蓮舫に使われちゃうとかｗ   もうね、チョン連呼厨息してる？   大丈夫？ｗ
textdetox@01907546324b0330d2d8b7669648cc18823323e5/ja/001017	ja	1	東大出ていい企業に勤めてチンピラに顎で使われて無職になった久保田さん・・・
textdetox@01907546324b0330d2d8b7669648cc18823323e5/ja/001018	ja	1	レンホーも所詮は半裸でグラビアを飾っていた女だからね
textdetox@01907546324b0330d2d8b7669648cc18823323e5/ja/001019	ja	1	元々食べ過ぎてる人は、適量を把握してないからね。     ……って、ダイエットより筋肉つける方向でオナシャスw
textdetox@01907546324b0330d2d8b7669648cc18823323e5/ja/001020	ja	1	懸命にネトウヨと言う単語を書かない努力   懸命に偏ってない振りをする努力   そこは認めるけど、そのせいでどうみても   現役パヨカスに直球でグサグサ刺さるって言うｗｗｗｗ
textdetox@01907546324b0330d2d8b7669648cc18823323e5/ja/001021	ja	1	ヤバイから隠したいんだろ。生暖かく見守ってやろうぜ。
textdetox@01907546324b0330d2d8b7669648cc18823323e5/ja/001022	ja	1	条約の方が国内法規より上だからな     つまり撤去が韓国政府の責任
textdetox@01907546324b0330d2d8b7669648cc18823323e5/ja/001023	ja	1	そろそろ見目の良い韓国のイケメンとのお見合いがっがががが
textdetox@01907546324b0330d2d8b7669648cc18823323e5/ja/001024	ja	1	> 韓国人の嘘つきが中国人に伝染ったのかと思った。     中国人は韓国人同様、元々先天的な嘘つきウィルスのキャリアだお。
textdetox@01907546324b0330d2d8b7669648cc18823323e5/ja/001025	ja	1	「ん」ってバカだよなw   誰にもわかってないと思ってるのが痛すぎるw
textdetox@01907546324b0330d2d8b7669648cc18823323e5/ja/001026	ja	1	だから米兵の海外赴任先で最も不人気なのは、韓国という話。
textdetox@01907546324b0330d2d8b7669648cc18823323e5/ja/001027	ja	1	6畳一間でミニキッチンと茶のみ道具と布団   風呂トイレ共同で一日3回ワタミの宅食つき   低年金で暮らしていけないひと向けに、   年金代わりにこんなの支給でどう？ｗ
textdetox@01907546324b0330d2d8b7669648cc18823323e5/ja/001028	ja	1	おまえこそハゲや組織委員会を甘く見ている   東京五輪を邪魔して失敗させるのが目的の奴らに何を期待してんだ
textdetox@01907546324b0330d2d8b7669648cc18823323e5/ja/001029	ja	1	日経は会談後、岩屋氏が言った内容、   産経（聯合ニュース）は、韓国の鄭景斗（チョン・ギョンドゥ）国防相が言った内容
textdetox@01907546324b0330d2d8b7669648cc18823323e5/ja/001030	ja	1	二階の床が抜けるくらいだしね
textdetox@01907546324b0330d2d8b7669648cc18823323e5/ja/001031	ja	1	でも奴ら既に日本人の犯行と決め付けているぞ？   日本のマスゴミ含めて
textdetox@01907546324b0330d2d8b7669648cc18823323e5/ja/001032	ja	1	経歴見たらなるほど革命起こしたい病の売国メディアが持ち上げるわけだ
textdetox@01907546324b0330d2d8b7669648cc18823323e5/ja/001033	ja	1	おめー在チョンどもにヘイトクライムで拉致されて殺されまくってる現状が見えてないのかメクラ。   北チョンは武力で滅ぼす以外にないんだよ   それが国防の唯一の手段なの
textdetox@01907546324b0330d2d8b7669648cc18823323e5/ja/001034	ja	1	大勢いる時のぱよちん「ヤサ探ってガラさらって沈めるぞゴルァ」     一人の時のぱよちん「お、おまわりさーん」
textdetox@01907546324b0330d2d8b7669648cc18823323e5/ja/001035	ja	1	都道府県警は県知事の命令ひとつで県民を殺すことも可能。極端な話だけどね     北京五輪聖火リレーで長野県警は中国人は逮捕するな、中国人以外で違法行為者は   全員逮捕せよと命令され、それに忠実にしたがって行動したこと忘れたらアカン。
textdetox@01907546324b0330d2d8b7669648cc18823323e5/ja/001036	ja	1	二度の増税延期前もそうやって喚いてたアホがいたけど、   実際には安倍さん自身が延期させてるよねw   逆に安倍さん下ろしたら間違いなく増税だよねw   結局、安倍おろししたいだけだろ？最初からw
textdetox@01907546324b0330d2d8b7669648cc18823323e5/ja/001037	ja	1	主催者が許可してんならどうしょうもないべ   そんなことより、この独特なうさん臭さを韓国だと   フランス人が見分けられるようになったら   随分日本文化が知られるようになったのだなという目安になるかもしれんね
textdetox@01907546324b0330d2d8b7669648cc18823323e5/ja/001038	ja	1	「ねえねえ」って言ったらネトウヨとか半端無いよねw 驚くわw
textdetox@01907546324b0330d2d8b7669648cc18823323e5/ja/001039	ja	1	40過ぎると派遣からの電話なんか殆んど無くなるよな   あるのは人が集まらない短期の穴埋め仕事で誰もやらない底辺仕事   それでもありがたく引き受ける人もいる
textdetox@01907546324b0330d2d8b7669648cc18823323e5/ja/001040	ja	1	俺の爺さんは、両親が生まれる前、８歳にして殺されたんだよ。     わっかるかな？わっかんねえだろうなぁ。イェ～ィ
textdetox@01907546324b0330d2d8b7669648cc18823323e5/ja/001041	ja	1	韓国政府は、判決を不服として控訴。（テロ朝）
textdetox@01907546324b0330d2d8b7669648cc18823323e5/ja/001042	ja	1	ある意味政治家としては殺されたわけだ   希望も民進も立件もそんなのばっか
textdetox@01907546324b0330d2d8b7669648cc18823323e5/ja/001043	ja	1	＞バイトで安く   同一賃金じゃないのか？   じゃあ日本人はいくらで、外国人はいくらの時給だよ？
textdetox@01907546324b0330d2d8b7669648cc18823323e5/ja/001044	ja	1	未熟な子供とか言う臭くて面白いワード出てるからつい
textdetox@01907546324b0330d2d8b7669648cc18823323e5/ja/001045	ja	1	今日のスーパーニュース？   韓国に中国人が旅行に来ているニュースを３０分くらいやっていたけど、   日本でそんな情報必要なの？っておもって   チャンネル変えた。
textdetox@01907546324b0330d2d8b7669648cc18823323e5/ja/001046	ja	1	人道支援だったらさ、金じゃなくて食料とか衣服とか物資にすればまだ   言い訳になるのに。バカだ。
textdetox@01907546324b0330d2d8b7669648cc18823323e5/ja/001047	ja	1	ここにはパヨクなんか一人もいねぇ。敗北してるのはおまえ。   名目と実質の両方で賃金上げて見せろよ。
textdetox@01907546324b0330d2d8b7669648cc18823323e5/ja/001048	ja	1	そうそう誰とも無く歌いだしてるよね。     パヨチンの決めた場面じゃないと歌も歌えないなんてどんな独裁国家だよとｗ
textdetox@01907546324b0330d2d8b7669648cc18823323e5/ja/001049	ja	1	これだけエラはみでてたらレッテルにはならんよなｗ     【ロイター企業調査】安倍首相続投「望ましい」73％、安定重視 ［H30/4/23］(74)   52.ID:qPq レッテル貼りのバカ信者しかいないのなココｗｗ
textdetox@01907546324b0330d2d8b7669648cc18823323e5/ja/001050	ja	1	左翼のお通夜は人類の福音。   よかった。よかった。
textdetox@01907546324b0330d2d8b7669648cc18823323e5/ja/001051	ja	1	パヨクの方々は住みづらい日本からエクソダスすれば如何？
textdetox@01907546324b0330d2d8b7669648cc18823323e5/ja/001052	ja	1	安倍になっても増税増税アンド増税…この売国奴が   もはや日本にまともな保守はいないんだね…
textdetox@01907546324b0330d2d8b7669648cc18823323e5/ja/001053	ja	1	女は思い付きで行動し、本当の原因と対策を分析しないから   女の考えで政治をやらせると滅茶苦茶になる。   ジンバブエ化だな。
textdetox@01907546324b0330d2d8b7669648cc18823323e5/ja/001054	ja	1	一番、韓国からほど遠い言葉じゃん、信義って。
textdetox@01907546324b0330d2d8b7669648cc18823323e5/ja/001055	ja	1	これ、日本だけじゃなく、参加国全部に軍艦旗出さずに、代わりに韓国旗出せって言ってたらしいけど、それどうなったの？   今日からだから、もうみんな入港してるよね？
textdetox@01907546324b0330d2d8b7669648cc18823323e5/ja/001056	ja	1	移住でもなんでもすればいいのに   誰かが止めてくれるとか思ってるのだろうか…相変わらずバカ丸出し
textdetox@01907546324b0330d2d8b7669648cc18823323e5/ja/001057	ja	1	「大体、在日と韓国を一括りにしているところが、もう、アウトだろ。」     全然意味わかんねーし。
textdetox@01907546324b0330d2d8b7669648cc18823323e5/ja/001058	ja	1	ナマポボッシーはまともな大人か？   まともな男かそうでないかの分別すらつかずに騙されるような女が   だいたいさあ養育費を払わない男と付き合っている時点でその女にも問題はあるよ
textdetox@01907546324b0330d2d8b7669648cc18823323e5/ja/001059	ja	1	民主党政権時を除いてw定期的に「日本のじゃ返せチョンカス」と申し入れしてるぞ？   これしないと容認した事になるからな。
textdetox@01907546324b0330d2d8b7669648cc18823323e5/ja/001060	ja	1	自分は阿呆と気がついていない件   恥ずかしくて言えないわこんな事普通   選んだ方も顔真っ赤
textdetox@01907546324b0330d2d8b7669648cc18823323e5/ja/001061	ja	1	何それ。   なにかの犯罪にならないの？
textdetox@01907546324b0330d2d8b7669648cc18823323e5/ja/001062	ja	1	海兵隊って米軍四軍の中で最も扱いが劣悪だからな。   兵士も国籍欲しさで入った連中や前科持ちの連中が殆どというし。   それでいて犯罪をしてもお咎め無しという特権付き、   こんな蛮人、さっさと日本から出てほしいわ。
textdetox@01907546324b0330d2d8b7669648cc18823323e5/ja/001063	ja	1	問題は、この気持ちが韓国に正しく伝わらない事
textdetox@01907546324b0330d2d8b7669648cc18823323e5/ja/001064	ja	1	もっと前にチャウシェスクとかポルポトみたく強硬策をすべきだったんだよ   堕胎禁止とか独身税とかな   先進国面したいから移民受けて人口増をって話になる
textdetox@01907546324b0330d2d8b7669648cc18823323e5/ja/001065	ja	1	八百万の神々を崇める日本人が寛容でも、他宗教を許さない一神教は寛容ではない   上手くはいかないと思うけど   イスラムの土地に神社建ててもらえるのか？   日本にモスクは許されても、イスラムに神社は許されないだろう？
textdetox@01907546324b0330d2d8b7669648cc18823323e5/ja/001066	ja	1	外野から見ていても(今までから比べると)下準備十分なのだろうと思うのですが、あまりに大型の案件ばかりでくらくらする
textdetox@01907546324b0330d2d8b7669648cc18823323e5/ja/001067	ja	1	＞移民をあまり受け入れられないのだって日本人が種として弱いと思うからだろ。     全く関係ねえよ阿呆
textdetox@01907546324b0330d2d8b7669648cc18823323e5/ja/001068	ja	1	食品ロスが問題になってるっていうのに   商業主義を優先させて、こんな事やってていいのか？とも思ったが   この恵方巻きの商戦って、そんな儲け出てんのかよ   毎年、半額、廃棄の話ばかりじゃねえか
textdetox@01907546324b0330d2d8b7669648cc18823323e5/ja/001069	ja	1	バカだから民主議員になってるんだよｗ
textdetox@01907546324b0330d2d8b7669648cc18823323e5/ja/001070	ja	1	雇い主が誰かによっていろんな憶測をよぶなｗ   左翼が身分を偽って依頼→罠にはめて拘束する→大々的に日本人を殺したと宣伝して回る→集団的自衛権がーｗｗｗ
textdetox@01907546324b0330d2d8b7669648cc18823323e5/ja/001071	ja	1	わお！ それで爆発音になっちゃったのか！   実家で配電盤の中で、ドブネズミが感電死してた事あるのよ。(当時飼ってたハスキーが、ふんふんふんふんかぎまわって落ち着かないので調べてビックリ)   危ないんだねえー。
textdetox@01907546324b0330d2d8b7669648cc18823323e5/ja/001072	ja	1	また約2名のバカ記者の連投が始まるのか
textdetox@01907546324b0330d2d8b7669648cc18823323e5/ja/001073	ja	1	えーとたしか多数派たる日本人へ向けてのヘイトはヘイトにならないって   そのカウンター（笑   やってる連中やケツ持ちやってる弁護士の先生も仰ってたと思ったが   舛添に対するヘイトはヘイトに該当すると言うことはつまり……
textdetox@01907546324b0330d2d8b7669648cc18823323e5/ja/001074	ja	1	このくらいの年齢の在日が狂うのは兵役逃れのためだったのか
textdetox@01907546324b0330d2d8b7669648cc18823323e5/ja/001075	ja	1	そんなに殺したければイスラム国にでも行けばいいのに
textdetox@01907546324b0330d2d8b7669648cc18823323e5/ja/001076	ja	1	それだけじゃ足りないぞ   二度と韓国人の入国を拒否、韓国側からも日本への出国禁止にしてもらわないと！
textdetox@01907546324b0330d2d8b7669648cc18823323e5/ja/001077	ja	1	俺もそう思う。   スーチーは支那から買えばいいんだよ。
textdetox@01907546324b0330d2d8b7669648cc18823323e5/ja/001078	ja	1	別に良いけど   そのなりで温泉入ったら死ぬで？   いやいや真面目に
textdetox@01907546324b0330d2d8b7669648cc18823323e5/ja/001079	ja	1	アヘン戦争で清が滅び、支那人達が奴隷にされていたという実例がある以上   医学的な安全性だの、哲学的な死の観念だのを持ち出して麻薬を擁護するのは   大量殺人の正当化を目的とした下劣な誤魔化しに過ぎん
textdetox@01907546324b0330d2d8b7669648cc18823323e5/ja/001080	ja	1	で、どのスレッドに行けば良いんだ？来いやつーからには該当する嫌儲のスレッドが有るんだろ？   誘導しろよ。出来ないんだったら一生呪われた朝鮮人の人生を満喫しとけボケｗ
textdetox@01907546324b0330d2d8b7669648cc18823323e5/ja/001081	ja	1	かつての南アじゃ、公共のトイレやバスなんかでも白人専用とかあったらしいが、   こんな支那女が出没するようじゃ、「外国人専用車両」なんかを設けなければならなくなるな。   差別じゃ無くて、トラブル防止の為にな…。
textdetox@01907546324b0330d2d8b7669648cc18823323e5/ja/001082	ja	1	トンキンとか言うな嫌儲か？？嫌儲ならさっさとバブエに帰れ   東京も大阪も1括りにしてお前らが叩いていいものじゃないんだこのチョンめ   幾ら煽ってもおーぷんはお前らの地域たたきを受け入れない、出て行くのはお前らだ。
textdetox@01907546324b0330d2d8b7669648cc18823323e5/ja/001083	ja	1	嫌儲民やその他の中の一部が発言しただけで板住民の総意じゃない   そんな風に言って責任回避するなら   東亜板だっての同じ事を言い返しても問題ないよな   しかしお前らカスどもは私怨で個人情報晒しという犯罪行為をやっても問題がないと言い張っているのが間違いだ
textdetox@01907546324b0330d2d8b7669648cc18823323e5/ja/001084	ja	1	ネトウヨ「これが認知バイアスというやつか（安倍失政から目をそらし）」
textdetox@01907546324b0330d2d8b7669648cc18823323e5/ja/001085	ja	1	イギリスのパキスタン系移民の大規模誘拐レイプ事件だって   相当数の被害拡大後に表に出てきたんだぜ
textdetox@01907546324b0330d2d8b7669648cc18823323e5/ja/001086	ja	1	地球から、いや、この世からエクソダスして欲しいわ。
textdetox@01907546324b0330d2d8b7669648cc18823323e5/ja/001087	ja	1	総理は米演説で韓国も助けるって言ったろ   日本で決定事項だろな   最悪
textdetox@01907546324b0330d2d8b7669648cc18823323e5/ja/001088	ja	1	これ、こっぷらでも何回かスレ立てしたんだけれど、モロッコめっちゃ怒ってるよ(^_^;)
textdetox@01907546324b0330d2d8b7669648cc18823323e5/ja/001089	ja	1	おい…一日中いるみたいだけど働いてねーのか…？ バイトくらいは…
textdetox@01907546324b0330d2d8b7669648cc18823323e5/ja/001090	ja	1	【インターネット】   大規模調査でわかった、テレビや新聞に「捏造」ばかり出回る本当の理由   極端なメディアほど、何度も何度も…
textdetox@01907546324b0330d2d8b7669648cc18823323e5/ja/001091	ja	1	別にパチンコダサい言うとるだけなんやけど   何で先回りしちゃうのかな   言っても無いことを
textdetox@01907546324b0330d2d8b7669648cc18823323e5/ja/001092	ja	1	これ、システム開発側と犯人が繋がっているという可能性はない？   あまりにも挙動が速すぎる
textdetox@01907546324b0330d2d8b7669648cc18823323e5/ja/001093	ja	1	連中の中にはラッパー気取りとかもいるのは笑い所だよな   てか奇妙な果実にしてやるだと完全に殺害予告なわけだが･･･
textdetox@01907546324b0330d2d8b7669648cc18823323e5/ja/001094	ja	1	ほとんどビョーキ、という死語を思い出した
textdetox@01907546324b0330d2d8b7669648cc18823323e5/ja/001095	ja	1	都合の悪いことはなかったことにするのがパヨク   あるいはストローマン論法で「アベガー」「ニホンガー」,etc.
textdetox@01907546324b0330d2d8b7669648cc18823323e5/ja/001096	ja	1	あほの中国人が自爆してると思うけどね
textdetox@01907546324b0330d2d8b7669648cc18823323e5/ja/001097	ja	1	＞男性の強姦罪   欧米はちゃんとあるんだよね。
textdetox@01907546324b0330d2d8b7669648cc18823323e5/ja/001098	ja	1	子供には大打撃だよ   子供の時の気持ちとか、みんなと違って苦しんだ経験とかないと分からないかも知れないが
textdetox@01907546324b0330d2d8b7669648cc18823323e5/ja/001099	ja	1	てかさー太鼓叩くのやめて、トランス解けたらさ   いきなりお通夜になってるなｗ
textdetox@01907546324b0330d2d8b7669648cc18823323e5/ja/001100	ja	1	これから想定されるのはアホみたいに荒らしてから   ワッチョイ必要でしょ？ってパターンかもなｗ
textdetox@01907546324b0330d2d8b7669648cc18823323e5/ja/001101	ja	1	人道主義を人間そのものより尊重した当然の帰結     いわゆる健康の為なら死んでも良い的発想
textdetox@01907546324b0330d2d8b7669648cc18823323e5/ja/001102	ja	1	プロレスより性質が悪いかと     ノープランな決断できない都知事が、   くそな条例連発で国政に戻ろうとする未来しか見えない
textdetox@01907546324b0330d2d8b7669648cc18823323e5/ja/001103	ja	1	ゾンビから我に返ったら周りのゾンビに食い殺されるという地獄
textdetox@01907546324b0330d2d8b7669648cc18823323e5/ja/001104	ja	1	人種や国籍、宗教が絡んだ時に   公正な判断ができるものだろうか
textdetox@01907546324b0330d2d8b7669648cc18823323e5/ja/001105	ja	1	そうも行かない。     レイプ犯とかは、加害者のやり得なので刑務所に長期間ぶち込んだ方が制裁としては、良いと思う。
textdetox@01907546324b0330d2d8b7669648cc18823323e5/ja/001106	ja	1	売春婦の元締めや麻薬の売人であるギャングには手を出してない時点で   単に殺しやすい弱者を狙う快楽殺人者である事は明白、世界の浄化なんて後付けだよｗ
textdetox@01907546324b0330d2d8b7669648cc18823323e5/ja/001107	ja	1	暴力肯定するなら平和的なヤジぐらいで大騒ぎすんな   キチガイだろ
textdetox@01907546324b0330d2d8b7669648cc18823323e5/ja/001108	ja	1	まあ、統治初期に教師が皆殺しにされるとか、いろいろあったよね。   いろいろあった上で、それらを克服して、一緒に近代化を成し遂げたんだから。   美化なんかしなくても、しっかり事実をありのまま教育すればいい。   日本の先人は、やましいことなどしていないのだから。
textdetox@01907546324b0330d2d8b7669648cc18823323e5/ja/001109	ja	1	この人、韓国ではポッポや村山、河野みたいな扱い？   こんな発言韓国だと命取りになりそうだけど
textdetox@01907546324b0330d2d8b7669648cc18823323e5/ja/001110	ja	1	適正な負荷をかけたバイオフィードバックが期待できる程度なら   筋トレは身体にいいという結論になりますか     超回復に至る休息がトレーニングと同じぐらい重要
textdetox@01907546324b0330d2d8b7669648cc18823323e5/ja/001111	ja	1	一般人でも虐殺OKってことですね   つまり南京で何人死んでようと、   米としては問題ないとｗ
textdetox@01907546324b0330d2d8b7669648cc18823323e5/ja/001112	ja	1	なんでこうもすっぱ抜こうとするんだろ。   マスゴミは国難。
textdetox@01907546324b0330d2d8b7669648cc18823323e5/ja/001113	ja	1	その前に米中露で北朝鮮をシメると思うが   統一したての韓国もろとも半島を
textdetox@01907546324b0330d2d8b7669648cc18823323e5/ja/001114	ja	1	自衛隊入ったがポスターは関係ないな   ただ本当に自衛隊ってオタクでも気にされないから臆さず来いやという意味でサブカル系のポスターはありだと個人的には思う   というかインドアな趣味がないと退屈で死ぬ
textdetox@01907546324b0330d2d8b7669648cc18823323e5/ja/001115	ja	1	隣のアホ国家が黙ってれば何も問題ないんですが？   アホ共が勝手に外交カードに祭り上げて、勝手にダメージ食らってるだけだろうが   殴ってくるアホを見ながら「殴られるのが悪い」って言うのが通用する時代はもう終わりました
textdetox@01907546324b0330d2d8b7669648cc18823323e5/ja/001116	ja	1	パッパラパヨク「アーアーキコエナイキコエナイ、わーたーしーはーけーっぱくだー♪、そんな事より日本のヘイトスピーチガー！！」
textdetox@01907546324b0330d2d8b7669648cc18823323e5/ja/001117	ja	1	甘粕事件で幼児が殺されたことをもっと大きく取り上げるべき
textdetox@01907546324b0330d2d8b7669648cc18823323e5/ja/001118	ja	1	アホのアキヒロは時々幻視を見るからｗｗｗ
textdetox@01907546324b0330d2d8b7669648cc18823323e5/ja/001119	ja	1	そもそも途上国に支援する必要は余程の例でなければ必要ないのでは？   さかのぼって振り返れば、台湾やパラオは大成功だった。   しかし韓国は大失敗だった。慎重に頼むぜ。
textdetox@01907546324b0330d2d8b7669648cc18823323e5/ja/001120	ja	1	こういう当たり前の意見が、完全に封殺されているマスコミと   それを黙殺している総務省をいつまで放置しておくんだ
textdetox@01907546324b0330d2d8b7669648cc18823323e5/ja/001121	ja	1	＞朝鮮人の為に日本人が死ななくて本当に良かったよ。     つ 特別掃海隊
textdetox@01907546324b0330d2d8b7669648cc18823323e5/ja/001122	ja	1	戦争犯罪…あっBC級戦犯の朝鮮半島人のこと？
textdetox@01907546324b0330d2d8b7669648cc18823323e5/ja/001123	ja	1	１９４５年８月１５日の正午過ぎ、   昭和天皇陛下の玉音放送が終わるや否や日本人を虐殺した朝鮮人が   日本人をシェルターに入れると思うのかｗｗｗ
textdetox@01907546324b0330d2d8b7669648cc18823323e5/ja/001124	ja	1	そもそもネットアイドルって職業として成り立つのか?   と思ってWikipedia見たけど、   くまぇりとか言う女が放火で捕まった事を思い出しただけだった。
textdetox@01907546324b0330d2d8b7669648cc18823323e5/ja/001125	ja	1	できれば他の稼働中の記者も関係する話なので、   意見を聞きたい処だけど、ここに議論に来ると、予報士派とか言われてつけ狙われるしねえ。     「馬鹿でもわかる重複回避ルール」の思案を作ってみますか？
textdetox@01907546324b0330d2d8b7669648cc18823323e5/ja/001126	ja	1	栄枯盛衰って奴だな   日本人もいつかハゲるし中国人だっていつかハゲる   ハゲないのは最初からハゲな宇宙人くらいだ
textdetox@01907546324b0330d2d8b7669648cc18823323e5/ja/001127	ja	1	予定どころかハイジャック、爆弾テロ、立てこもり、集団虐殺と日本のサヨクは、重大事件を起こしている。   本来なら即刻死刑でもおかしくない。
textdetox@01907546324b0330d2d8b7669648cc18823323e5/ja/001128	ja	1	貴方が、謝られる必要なんてありませんよw。   しかし、こないだ死んだ野中にしろ、長く生きる奴は生きるんでしょうな…w。（苦笑）
textdetox@01907546324b0330d2d8b7669648cc18823323e5/ja/001129	ja	1	対応がいつも後手後手だな   常にあらゆるｹｰｽを想定して法整備しろよ   危険運転致死罪も更なる厳罰化が急務、余りにも悪質(凶悪)なｹｰｽには禁固40年とか無期懲役
textdetox@01907546324b0330d2d8b7669648cc18823323e5/ja/001130	ja	1	でも、安定のミヤネ。   最後は「日米韓の協力が必要なんですよね」とまとめやがった。
textdetox@01907546324b0330d2d8b7669648cc18823323e5/ja/001131	ja	1	マスゴミの責任も大きいな   福島をさんざん汚いモノ扱いしたからな
textdetox@01907546324b0330d2d8b7669648cc18823323e5/ja/001132	ja	1	ある公立校での最初の頃のゆとり教育が「韓国を知ろう」だったはｗ
textdetox@01907546324b0330d2d8b7669648cc18823323e5/ja/001133	ja	1	ドレイクの方程式を3行でおね
textdetox@01907546324b0330d2d8b7669648cc18823323e5/ja/001134	ja	1	WTO一般理事会で改めて日本側が説明して事の理由がようやく世界中に周知されるわけだけど   そこから文在寅は何日生きていられるだろうか？俺なら自殺しちゃうなぁ   返品して日本が紛失したとか北朝鮮に流してるとか言い張るつもりだろうか？
textdetox@01907546324b0330d2d8b7669648cc18823323e5/ja/001135	ja	1	だから喫煙者は馬鹿にされるのだ。   問題の本質が判ってない。
textdetox@01907546324b0330d2d8b7669648cc18823323e5/ja/001136	ja	1	慣習的にそう呼んだんだろうけど   テロ・テロリストが適当だよな
textdetox@01907546324b0330d2d8b7669648cc18823323e5/ja/001137	ja	1	保守系の女性は、輝く女性政策とか男女共同参画に邪魔なんで   自民党がスカウトするわけない。   皇室へだって伝統破壊に協力しちゃってんのに。
textdetox@01907546324b0330d2d8b7669648cc18823323e5/ja/001138	ja	1	例えば日韓の軍事関係とかかな     それと少しばかり、国内のタカ派を突き放さないとまずいという   政治的判断もあるかもしれないね
textdetox@01907546324b0330d2d8b7669648cc18823323e5/ja/001139	ja	1	あのセンスの悪い弁当に８００円払う気になるとはｗ     パヨクはどこから金を貰ってるのかな？
textdetox@01907546324b0330d2d8b7669648cc18823323e5/ja/001140	ja	1	なるほど風呂の洗い方とマンコの挿入り方だったかも知れないな
textdetox@01907546324b0330d2d8b7669648cc18823323e5/ja/001141	ja	1	ネトウヨはパヨさん達が保守的意見に対して   レッテル貼りしただけだから定義なんて   無いよ。
textdetox@01907546324b0330d2d8b7669648cc18823323e5/ja/001142	ja	1	中国女だったから逃がしたとしか思えない。   不法滞在だと面倒くさいことになるからとか？     痴漢騒ぎでこうなんだから有事の際はどうなるんだか。
textdetox@01907546324b0330d2d8b7669648cc18823323e5/ja/001143	ja	1	何で外人の兵隊の家族まで日本が食わせる事になってるんだ？
textdetox@01907546324b0330d2d8b7669648cc18823323e5/ja/001144	ja	1	うわあ、これって通報していいよな。   此奴の周辺洗えばテロリストが泥縄式に出てきそう。   まあ、共謀罪でしょっ引けるな
textdetox@01907546324b0330d2d8b7669648cc18823323e5/ja/001145	ja	1	生活保護の申請を受け付けてもらえないときは   弁護士を同伴させると有効的ニダよって在日放送がキャンペーンしたからね   在日弁護士の仕事も増えてホルホルだよね
textdetox@01907546324b0330d2d8b7669648cc18823323e5/ja/001146	ja	1	俺はネトウヨだがもちろんしてるよｗ
textdetox@01907546324b0330d2d8b7669648cc18823323e5/ja/001147	ja	1	まてよ…ただのオッサンの俺が「トランスセクシュアルかつレズビアン」と自称すれば！
textdetox@01907546324b0330d2d8b7669648cc18823323e5/ja/001148	ja	1	首都の知事が、ナチス発言って？   頭が朝鮮ハゲか。
textdetox@01907546324b0330d2d8b7669648cc18823323e5/ja/001149	ja	1	ハゲ率高い？   ちなみにフォロワーさんの一位は神様だった。
textdetox@01907546324b0330d2d8b7669648cc18823323e5/ja/001150	ja	1	だから左翼連中は議論になること自体をタブーにしたいわけ(-_-;)   だから昨今の彼らにとって杉田さんあたりはよっぽど邪魔なんだろうねえ。
textdetox@01907546324b0330d2d8b7669648cc18823323e5/ja/001151	ja	1	どうせ口さきだけの夢物語。   それより、いずれは、いまある韓国の原発が事故を起こして、   放射性物質が日本に飛んでくるというのが現実。
textdetox@01907546324b0330d2d8b7669648cc18823323e5/ja/001152	ja	1	風俗嬢は、意外と堅実と聞いた。     若くないと需要がないし…
textdetox@01907546324b0330d2d8b7669648cc18823323e5/ja/001153	ja	1	なんか知らんがネトウヨっていつも権力者目線で物を話すんだよな   そりゃ権力者からしたらこんな便利な条項はないしやりたがるのはわかるんだけどさ   お前はただの一般庶民だということを自覚してほしい
textdetox@01907546324b0330d2d8b7669648cc18823323e5/ja/001154	ja	1	民主がカスなのはどうしようもないが、それを真正面から批判しない支持者とマスコミが最大の問題だわ。   自民が同じ手法を使ったら自殺するまで叩かれる
textdetox@01907546324b0330d2d8b7669648cc18823323e5/ja/001155	ja	1	金秀蓮「しろ！！！」…（）     アレらは本当に鬱陶しい。
textdetox@01907546324b0330d2d8b7669648cc18823323e5/ja/001156	ja	1	２０本もみれるか   大体が見るに耐えれないアニメばかりだぞ、   ４本くらいに絞ったほうがいい。
textdetox@01907546324b0330d2d8b7669648cc18823323e5/ja/001157	ja	1	国会でも野党連がこのチンピラのことゴリ押ししてたからね
textdetox@01907546324b0330d2d8b7669648cc18823323e5/ja/001158	ja	1	何でこんなに馬鹿な若者に注目するのかね   マスコミの悪いとこだよな
textdetox@01907546324b0330d2d8b7669648cc18823323e5/ja/001159	ja	1	途中で漏れてないか？   メーターの弁を復旧して大丈夫？
textdetox@01907546324b0330d2d8b7669648cc18823323e5/ja/001160	ja	1	例えば犯罪予告なんかのリストアップは近いことをここの管理人がやってもいるしな   それ自体はハードルは高くはないだろうね
textdetox@01907546324b0330d2d8b7669648cc18823323e5/ja/001161	ja	1	チンパンジーは相手を思いやる事の出来る動物です。   並べて語るのはお止め下さい。
textdetox@01907546324b0330d2d8b7669648cc18823323e5/ja/001162	ja	1	省庁に比べればかなりちゃんとやってるはずだけどな。   なんのアポもなしに一般人が入るのは基本的に不可能なはずだけど。
textdetox@01907546324b0330d2d8b7669648cc18823323e5/ja/001163	ja	1	あの仕分けパフォーマンスは実に情緒的で強引だったが   結果的にミンスちゃんはことごとく邪魔しかしてねえことになってしまう
textdetox@01907546324b0330d2d8b7669648cc18823323e5/ja/001164	ja	1	NYCの韓国系アメリカ人が集まったにしては少ないな
textdetox@01907546324b0330d2d8b7669648cc18823323e5/ja/001165	ja	1	そりゃ「作ろうとしてるルール」に反対意見を言えば   億円新派とか池沼とか言われるならこんなスレに近寄らなくなるわw     次は単発が「規制派の方がまともなことを言ってる」とか訳知り顔で出てくる流れかな
textdetox@01907546324b0330d2d8b7669648cc18823323e5/ja/001166	ja	1	安藤優子って不倫略奪を繰り返した上に大した腕もないのに未だに使ってて不思議だったんだが、昼でも使う気なのかよ
textdetox@01907546324b0330d2d8b7669648cc18823323e5/ja/001167	ja	1	焼身自殺に類する方法を用いるなら政治的動機があるのが大体だぞ   自爆にしてもそれだけ注目を集めることを目的とする訳だから     個人的には暴力団絡みかと思ったがね
textdetox@01907546324b0330d2d8b7669648cc18823323e5/ja/001168	ja	1	マジ頭空っぽ   肩書き勲章が欲しいだけの無能馬鹿を宣伝中だな   地元民もよく考えろ
textdetox@01907546324b0330d2d8b7669648cc18823323e5/ja/001169	ja	1	仕事から帰宅後に歩いてるけど、   当然夜なんで懐中電灯持って歩いてるし、   スペアでもう１本ポッケに入れてる俺逮捕だな。   しかも、防犯対策で赤外線撮影できるアクションカメラも持ってるし。
textdetox@01907546324b0330d2d8b7669648cc18823323e5/ja/001170	ja	1	責任なんて取らないよ   日本を貶めて、あわよくば滅ぼして支那様に占領されたら喜ばしい、と考えてる連中だものね。
textdetox@01907546324b0330d2d8b7669648cc18823323e5/ja/001171	ja	1	急いでカロリーメートをパサパサするけど水も買っておいてよかった。
textdetox@01907546324b0330d2d8b7669648cc18823323e5/ja/001172	ja	1	痴漢は欧州でも普通に結構ある   その上でなおかつレイプは日本よりはるかに多い   日本人に陰湿な部分が無いとは言わないが世界はもっと陰湿でもある
textdetox@01907546324b0330d2d8b7669648cc18823323e5/ja/001173	ja	1	韓国料理の盛りつけのセンスのなさは絶望的なレベルだな
textdetox@01907546324b0330d2d8b7669648cc18823323e5/ja/001174	ja	1	奴等は密入国居座りだからな   韓国が竹島侵攻時の日本人漁師を人質にしての恫喝というバックアップもあった   今回は絶対に一匹たりとも入れてはならんし、この機会に在日や帰化人を一掃することを考えるべきだ
textdetox@01907546324b0330d2d8b7669648cc18823323e5/ja/001175	ja	1	親中親韓な左翼活動家とマスコミの手口って   10の嘘を信じ込ませるために残りの90くらいは本当の事を言っておくって物だからな     ナチスや詐欺師の手口と同じなのよ
textdetox@01907546324b0330d2d8b7669648cc18823323e5/ja/001176	ja	1	重犯罪(殺人、強姦、薬物)を再犯した奴は、自ら人権を放棄したに等しい。
textdetox@01907546324b0330d2d8b7669648cc18823323e5/ja/001177	ja	1	道路上に故意に車両を駐車して、交通妨害していた基地外活動家が悪い。   基地外活動家が許されるなら、共産党事務所の駐車場前に10tダンプを放置しても黙っていろよ。
textdetox@01907546324b0330d2d8b7669648cc18823323e5/ja/001178	ja	1	要はテロリストと知りつつ支えてる協力者も捕まりますって話にすぎないだけ   それを家事に例えて矮小化してるの
textdetox@01907546324b0330d2d8b7669648cc18823323e5/ja/001179	ja	1	その割にアホみたいな量のアニメが垂れ流されてるんだが？
textdetox@01907546324b0330d2d8b7669648cc18823323e5/ja/001180	ja	1	もうこの湯川さん死んでんじゃねえの？
textdetox@01907546324b0330d2d8b7669648cc18823323e5/ja/001181	ja	1	アンカーも確かフジの圧力で番組消えたんだっけ？   もういい加減潰れろよマジで   目障りなんだよ
textdetox@01907546324b0330d2d8b7669648cc18823323e5/ja/001182	ja	1	労働力として受け入れるとしても、将来ナマポ受給者になってしまったら何の意味もないからな
textdetox@01907546324b0330d2d8b7669648cc18823323e5/ja/001183	ja	1	この犯人の兄もペルーで17人を殺害して服役中だって
textdetox@01907546324b0330d2d8b7669648cc18823323e5/ja/001184	ja	1	韓国の選手フルボッコにしたら判定負けw
textdetox@01907546324b0330d2d8b7669648cc18823323e5/ja/001185	ja	1	ノエル少年の動画見たんだけど   これさーこの少年のこと警察に通報したのマスゴミだろｗ   自分たちの仕事邪魔されてむかつくとか   その辺の動機なんじゃないのｗ
textdetox@01907546324b0330d2d8b7669648cc18823323e5/ja/001186	ja	1	やっぱ韓国は無責任だな   ちゃんと北と強調してやれよw
textdetox@01907546324b0330d2d8b7669648cc18823323e5/ja/001187	ja	1	なんかねえ、あれ途中から宗教色強くなりすぎてだめだった   天界編辺りでギブアップした
textdetox@01907546324b0330d2d8b7669648cc18823323e5/ja/001188	ja	1	全てが厳格な審査をすればね   サラ金やヤミ金みたいのが出来て、   債務超過続発じゃヤバイだろ
textdetox@01907546324b0330d2d8b7669648cc18823323e5/ja/001189	ja	1	いつものボケきたー     歌丸さん割と本気で心配なんで、元気になってほしい。
textdetox@01907546324b0330d2d8b7669648cc18823323e5/ja/001190	ja	1	不倫とか、身内（扱いなのかは知らんが）に便宜とかでは、   政権叩きは、しませんって、宣言なんじゃねえの。
textdetox@01907546324b0330d2d8b7669648cc18823323e5/ja/001191	ja	1	皮肉だってわからんアスペが   これ読んで怒ってた。
textdetox@01907546324b0330d2d8b7669648cc18823323e5/ja/001192	ja	1	電通って在日とか帰化人だらけなんでしょ   潰れたっていいわ
textdetox@01907546324b0330d2d8b7669648cc18823323e5/ja/001193	ja	1	電車で痴女にあったことあるぞ   ぶっちゃけ、女の一時の性欲って男より高いと思う
textdetox@01907546324b0330d2d8b7669648cc18823323e5/ja/001194	ja	1	日本に来ても政治的な活動するから韓国人はお断りした方が良い
textdetox@01907546324b0330d2d8b7669648cc18823323e5/ja/001195	ja	1	バカヒ系列のBuzzfeedなんかはウマルの自作自演疑惑記事を出していたり、   本体が脳弱層の洗脳を堅持する一方で、ネット世論に背乗りする思惑が丸出し
textdetox@01907546324b0330d2d8b7669648cc18823323e5/ja/001196	ja	1	こいつアレだろ   ちょっと前に捕まって   送還されたの糞中華が拒否って送り返してきて警察が引き取ったヤツ
textdetox@01907546324b0330d2d8b7669648cc18823323e5/ja/001197	ja	1	そりゃあ母親が受験勉強に集中させるため息子の性処理するんじゃ人権上問題も出てくるよな
textdetox@01907546324b0330d2d8b7669648cc18823323e5/ja/001198	ja	1	韓国の高速鉄道は動力集中方式なので加速減速に時間がかかるだろう。   昔フランスのＴＧＶに乗ってことがあるが動力分散方式の新幹線に比べて加速減速に時間が   かかったとの印象がある。
textdetox@01907546324b0330d2d8b7669648cc18823323e5/ja/001199	ja	1	やっぱり・・・   接客のバイトしてたけど、問題を起こすのは大抵中年以上の連中なんですよねえ。
textdetox@01907546324b0330d2d8b7669648cc18823323e5/ja/001200	ja	1	やはり南北在外分けて考えると危ないよな。   北ガー、つうのが蛹き過ぎてたんだよ。     総連朝鮮学校朝鮮大学民団韓国学校を排斥するべきだわ。
textdetox@01907546324b0330d2d8b7669648cc18823323e5/ja/001201	ja	1	ヨホ牛はだれのことをジジイ、ババアといい、ジジイババアであるとするならばどこからその情報を得たか   だねｗｗ   ただの認定かもしれないが一応な
textdetox@01907546324b0330d2d8b7669648cc18823323e5/ja/001202	ja	1	いままでさんざん在チョンには金恵んでやってきたくせに   日本の老人が増えてくると金払えよって・・本当に腐ってやがるな
textdetox@01907546324b0330d2d8b7669648cc18823323e5/ja/001203	ja	1	朝鮮半島犯罪率はもっと低かったらしいぞ   ほとんどが、犯罪扱いにされていなかったらしい   日本がそこへおかしな法律（かれらにとっては法律の存在自体がおかしい）を持ち込んだので、犯罪率が高くなってしまった   いまも、ほぼ無法地帯だろｗ
textdetox@01907546324b0330d2d8b7669648cc18823323e5/ja/001204	ja	1	隠れ移民策ばかり積極的なんですな
textdetox@01907546324b0330d2d8b7669648cc18823323e5/ja/001205	ja	1	そういえば川崎国には防犯カメラは無いの？   予算をピンはねしてダミーしかないとかって話だったら笑うｗ
textdetox@01907546324b0330d2d8b7669648cc18823323e5/ja/001206	ja	1	中国というか、韓国＝LINEとかソフバンのデータセンターとかはそうかも   アメリカはほとんどのクラウドあそこやからな。同意したよね？って奴ちゃうん？   日本ってそのへんやる気ないよな
textdetox@01907546324b0330d2d8b7669648cc18823323e5/ja/001207	ja	1	住職がネトウヨ化しているとかなんとかw
textdetox@01907546324b0330d2d8b7669648cc18823323e5/ja/001208	ja	1	当然の反応だよな   共産はカスだから何も言わないだろうけど
textdetox@01907546324b0330d2d8b7669648cc18823323e5/ja/001209	ja	1	なんで在日ってＴＶでタブー扱いされてるんだろ？   身体障害者みたいな感じのタブーだけど、そこまで配慮する必要があるものなのか？   中国人なんてふつうに名前出してくるのにさ
textdetox@01907546324b0330d2d8b7669648cc18823323e5/ja/001210	ja	1	そうだよｗ   なのに喜んでるパヨクが湧いてる   騒げば新しい事実として認識されるのだと思ってる   実際そういうとこがあるのが一般人。アカはバカをだます
textdetox@01907546324b0330d2d8b7669648cc18823323e5/ja/001211	ja	1	いくら国が集まったって「金を出す国」が存在しなきゃ駄目だろ   朝日はナニを必死に煽っているんだ   中国からの指令でもあったか
textdetox@01907546324b0330d2d8b7669648cc18823323e5/ja/001212	ja	1	というか、朝鮮人池田犬作率いるカルト宗教   創価学会と連立組むなんて正気の沙汰とは思えないよな   自民党自体が売国政党だからできるんだろう
textdetox@01907546324b0330d2d8b7669648cc18823323e5/ja/001213	ja	1	地方選自公候補4連敗でネトウヨ顔面ブルー
textdetox@01907546324b0330d2d8b7669648cc18823323e5/ja/001214	ja	1	>「ふきんを絞る」     嘘か本当かしらんが大人になってもふきんを両手で挟んで拝むような絞り方をするアホもいるとか   まあ、バブルの頃はお勉強さえ出来ればそんな下々のやるようなことはいらないと言われていたからなあ
textdetox@01907546324b0330d2d8b7669648cc18823323e5/ja/001215	ja	1	あ、こう書くと人種差別するやつと思われるな。   理解ある外国人は、少数なら歓迎する。   （もちろん、参政権はなし、嫌なら祖国に帰るのが前提）   ただし、反日チョンだけは少数でもダメ。
textdetox@01907546324b0330d2d8b7669648cc18823323e5/ja/001216	ja	1	日本語不自由な僕ちゃんが必死だからやっぱ必要なようだ
textdetox@01907546324b0330d2d8b7669648cc18823323e5/ja/001217	ja	1	無理に隠さなくても「性器の洗いかた」で良いじゃんw
textdetox@01907546324b0330d2d8b7669648cc18823323e5/ja/001218	ja	1	基本的に南北朝鮮やパヨクの事って事実を並べると｢悪口｣になるんだよね   誹謗にはなってもほとんどの場合は中傷にはならないって言う
textdetox@01907546324b0330d2d8b7669648cc18823323e5/ja/001219	ja	1	あーこの手はこの後の殺人隠蔽の常套手段になりそうだな   警察による   殺人ではなく、自殺幇助ですうーって
textdetox@01907546324b0330d2d8b7669648cc18823323e5/ja/001220	ja	1	ナマポ朝鮮人     【月刊日本】4月号特集：安倍から日本を取り戻す。執筆陣は菅野完、植草一秀、石破茂、ほか ［H30/4/14］(92)   62.ID:sZo 安倍政権は即刻退陣を！
textdetox@01907546324b0330d2d8b7669648cc18823323e5/ja/001221	ja	1	ワッチョイ－222.444111みたいに表示されてなんかこれIPみたいだなって思ったので   自分のIP分かるサイトに飛んで調べてみたらワッチョイの後の数字がまんまIPでしたとさ…     ヤバイなこれって思ったのでもう書き込んでないです
textdetox@01907546324b0330d2d8b7669648cc18823323e5/ja/001222	ja	1	御輿は軽くてバカが良いを散々実践してたからね   もう、日本には()必要の無い輩
textdetox@01907546324b0330d2d8b7669648cc18823323e5/ja/001223	ja	1	こいつが勲章見せてる画像見た事あるけど   800円ってなんだよ   天皇バカにしてんのか   このジジイ
textdetox@01907546324b0330d2d8b7669648cc18823323e5/ja/001224	ja	1	悪いハゲ工作員そのものだねあれは
textdetox@01907546324b0330d2d8b7669648cc18823323e5/ja/001225	ja	1	ハゲ頑張ってんな！   ネトウヨども粉砕してやれ！
textdetox@01907546324b0330d2d8b7669648cc18823323e5/ja/001226	ja	1	マスコミは日韓交流の成功例にしたがってるけどなｗ     それまで無関心だったのがショック受けて   韓国ネチズンそっくりな嫌韓厨が急増するにまで至っちゃったんだよなぁ・・・
textdetox@01907546324b0330d2d8b7669648cc18823323e5/ja/001227	ja	1	他の国はパンツ撮ったぐらいでいちいち騒がないでしょ
textdetox@01907546324b0330d2d8b7669648cc18823323e5/ja/001228	ja	1	え？何々？トランプは莫迦ではないということを安倍がどう示したっての？   安倍は何一つとして根拠示してないんだけどｗｗ   お前も真正のバカだよねｗ
textdetox@01907546324b0330d2d8b7669648cc18823323e5/ja/001229	ja	1	永世被害者な筈の韓国人   カップ踏みつけをどう正当化するのだろーか
textdetox@01907546324b0330d2d8b7669648cc18823323e5/ja/001230	ja	1	ちんじろーはヤバイだろ。   知識や理念なさそうで、ウケのいいことか   官僚のいいなりか、闇雲な規制破壊か。
textdetox@01907546324b0330d2d8b7669648cc18823323e5/ja/001231	ja	1	やつら犯人側だしな、立場的に。
textdetox@01907546324b0330d2d8b7669648cc18823323e5/ja/001232	ja	1	屑日亜なんかと仲直りする必要ないと思うな   それにこの発言だって安倍ちゃんの「対話のドアはいつでもオープン」うんぬんと同じでしょ
textdetox@01907546324b0330d2d8b7669648cc18823323e5/ja/001233	ja	1	そうそう。   これがレイプ犯が在日韓国人や池沼だったりすると   重罪にしろと叫んでいた連中もぴたりと黙るんだよな。
textdetox@01907546324b0330d2d8b7669648cc18823323e5/ja/001234	ja	1	次はデブが出世できなくなるなｗ
textdetox@01907546324b0330d2d8b7669648cc18823323e5/ja/001235	ja	1	こう言っては元も子もないが、アホな首相が生まれない民主主義など存在しないと思う
textdetox@01907546324b0330d2d8b7669648cc18823323e5/ja/001236	ja	1	河野洋平って昔から韓国寄りだったかなあ。   いつからそうなったんだろ。
textdetox@01907546324b0330d2d8b7669648cc18823323e5/ja/001237	ja	1	日本も人的支援として在日を派遣すべき。
textdetox@01907546324b0330d2d8b7669648cc18823323e5/ja/001238	ja	1	韓国人的には、これからすると言った時点で   ホルホルできたのでOK     そして、日本が先に実現したのを知って火病る
textdetox@01907546324b0330d2d8b7669648cc18823323e5/ja/001239	ja	1	無いからこそ憧れるのかな？   仕事の邪魔してやるなよ軍オタさんよ・・・
textdetox@01907546324b0330d2d8b7669648cc18823323e5/ja/001240	ja	1	そういう筋金入りの白痴は一定数いるだろうけど、   今の野党の支持率を見れば、国民にとっての教訓になったことは間違いないと思うよ。
textdetox@01907546324b0330d2d8b7669648cc18823323e5/ja/001241	ja	1	比例で書くのは容易いけど   小選挙区じゃ間違いなく死票だわな
textdetox@01907546324b0330d2d8b7669648cc18823323e5/ja/001242	ja	1	マスコミがばかな稲田像を作っているんだろｗ
textdetox@01907546324b0330d2d8b7669648cc18823323e5/ja/001243	ja	1	マルチ乙   不倫特区の糞パヨクらしいｗ
textdetox@01907546324b0330d2d8b7669648cc18823323e5/ja/001244	ja	1	まぁ、実際のところ、   在日の老人は無年金なので生活保護率が高く、もちろん、医療費がただ。   高齢ほど医療費がかかるものだしねぇ。
textdetox@01907546324b0330d2d8b7669648cc18823323e5/ja/001245	ja	1	ＪＫビジネスとこの問題って直接の共通点どこ？ＪＫビジネスはＪＫ部分が売りの仕事だぞ？これは学生同士で売春斡旋行為そのものじゃね？     【悲報】はお前の脳味噌ってオチ？
textdetox@01907546324b0330d2d8b7669648cc18823323e5/ja/001246	ja	1	防水ったって、生活防水なんじゃないかな   よくしらんけど、しずめたらやばかろ
textdetox@01907546324b0330d2d8b7669648cc18823323e5/ja/001247	ja	1	国賊安倍晋三率いる売国自由民主党と朝鮮カルト公明党による   侵略者流入政策が成立ですね
textdetox@01907546324b0330d2d8b7669648cc18823323e5/ja/001248	ja	1	韓国様と中国様と、アメリカ様には、何も言えませんです。はい
textdetox@01907546324b0330d2d8b7669648cc18823323e5/ja/001249	ja	1	文はゴミみたいなやつなのにろうそくデモ起きないのが不思議で仕方ない
textdetox@01907546324b0330d2d8b7669648cc18823323e5/ja/001250	ja	1	ネトウヨの中にはそういう奴も居る、ってだけで、   ネトウヨ＝コピペ爆弾、という言い草は、朝鮮人＝犯罪者、っていうのと同じロジック。
textdetox@01907546324b0330d2d8b7669648cc18823323e5/ja/001251	ja	1	こんなのは慣れだからな   うちの近所に韓国人の会社ができて、始めはちょっと怖かったけど、いつの間にか慣れたわ   いつまでも犯罪者を見るような目で見たらダメでしょ
textdetox@01907546324b0330d2d8b7669648cc18823323e5/ja/001252	ja	1	また中華区派がヒトをコロコロしちゃったのかな？   まあ、コロコロされたジジイも、クズに握られる弱味があるようなオナクズだったんだろうな。
textdetox@01907546324b0330d2d8b7669648cc18823323e5/ja/001253	ja	1	中核派はさ、プロレタリア革命（）とかいう宗教だからね   あれ国境はないって信仰だから、国民って言葉使えないのよ   「市民」って言葉をアカが使うのはそのせいだからｗ
textdetox@01907546324b0330d2d8b7669648cc18823323e5/ja/001254	ja	1	え、バカじゃないの？   まだ提出どころかまとまる気配がないのに   どんだけ早漏なの？   早打ちジェットマンなの？
textdetox@01907546324b0330d2d8b7669648cc18823323e5/ja/001255	ja	1	これパヨクが証拠画像保存の邪魔に悪用しそう
textdetox@01907546324b0330d2d8b7669648cc18823323e5/ja/001256	ja	1	けど、実際グッバイアメリカならこれ以上巡視船要らないのも確かだし   アメリカも、フィリピンと中国が平和的な関係を南シナ海に築くことは歓迎してるからね   日本も高校の自由が確保され続けるなら、あえて中国と事を構える必要もないと思うわ
textdetox@01907546324b0330d2d8b7669648cc18823323e5/ja/001257	ja	1	水脈ちゃん目立って説得力もあるから、なにかとパヨクに狙われるんだが   いまは国会議員だからな、下手に手を出すと官憲も黙ってないぞ
textdetox@01907546324b0330d2d8b7669648cc18823323e5/ja/001258	ja	1	だよね。   自称保育園落ちたママと同乙の胡散臭さを感じる。
textdetox@01907546324b0330d2d8b7669648cc18823323e5/ja/001259	ja	1	つか、平和団体(笑)がテロの主犯だったりしてな。
textdetox@01907546324b0330d2d8b7669648cc18823323e5/ja/001260	ja	1	自民党の本音は、日本が戦争になってくれた方が、政策を進める上で都合が良いのだろう。   建前では、安保法案があれば戦争の抑止力になるからと言っているが 、安全保障のジレンマに陥る可能性を考えていない。
textdetox@01907546324b0330d2d8b7669648cc18823323e5/ja/001261	ja	1	さすがチョンパンジー   完全に野生動物やな
textdetox@01907546324b0330d2d8b7669648cc18823323e5/ja/001262	ja	1	下水管ならお上の仕事だろ？   事故死した作業員の身元分からないって   何なの？
textdetox@01907546324b0330d2d8b7669648cc18823323e5/ja/001263	ja	1	生野区民だが住民は」日本人より朝鮮人のほうが多いし   通り魔殺人のあった所は朝鮮人率90％以上   生野警察も帰化人だらけ、役所も帰化人だらけ
textdetox@01907546324b0330d2d8b7669648cc18823323e5/ja/001264	ja	1	さて、これからはパヨクが国家権力にBANされるターンだな
textdetox@01907546324b0330d2d8b7669648cc18823323e5/ja/001265	ja	1	韓国企業に整備を依頼した米軍が悪いのと同じで   韓国から輸入した日本企業が悪い
textdetox@01907546324b0330d2d8b7669648cc18823323e5/ja/001266	ja	1	同レベルの脳筋生徒が「一体感カっケー」と勘違いするため   派手な出しものを見て喜びたいアホな保護者を喜ばせる
textdetox@01907546324b0330d2d8b7669648cc18823323e5/ja/001267	ja	1	女→男の強姦罪も処罰すると明確に言明したら、ちょっとだけ見直すが   今の政府ではやらんだろうな。   極限までの女優遇だから。
textdetox@01907546324b0330d2d8b7669648cc18823323e5/ja/001268	ja	1	こういうパヨクが関わってる公務員の不祥事にはクソBOTは現れないわな
textdetox@01907546324b0330d2d8b7669648cc18823323e5/ja/001269	ja	1	この人は時々なんかの精神疾患じゃないかと思う。   61歳じゃボケるには早いしなぁ。
textdetox@01907546324b0330d2d8b7669648cc18823323e5/ja/001270	ja	1	「布教させられないのなら、その蛮人(イスラム狂徒以外の邪教徒)共を皆殺しにすればいい」って奴等は本気で思ってるよ。
textdetox@01907546324b0330d2d8b7669648cc18823323e5/ja/001271	ja	1	老舗ウナギ屋のタレは継ぎ足しされている。   物事を知らないバカめ。
textdetox@01907546324b0330d2d8b7669648cc18823323e5/ja/001272	ja	1	アメリカが、ドイツの基地に核爆弾配備する、って発表したばかりなのに、なんかキナ臭い感じがするなぁ。
textdetox@01907546324b0330d2d8b7669648cc18823323e5/ja/001273	ja	1	まんま支那のセリフをほざいているだけだもんな…。   おい、岐阜１区の選挙民さんよ、次の選挙はどうにかしろよ！。
textdetox@01907546324b0330d2d8b7669648cc18823323e5/ja/001274	ja	1	自分の理屈のために   民間人を故意に狙う犯罪行為を正当化するんだ   酷い奴だな
textdetox@01907546324b0330d2d8b7669648cc18823323e5/ja/001275	ja	1	同意する   安易なポピュリズムに走る野党は死ねばいい(´・ω・`)
textdetox@01907546324b0330d2d8b7669648cc18823323e5/ja/001276	ja	1	現政権「女は産め、そして働け」     これは酷いな
textdetox@01907546324b0330d2d8b7669648cc18823323e5/ja/001277	ja	1	日本でもパヨクに関わるな運動が必要だよな
textdetox@01907546324b0330d2d8b7669648cc18823323e5/ja/001278	ja	1	ネットを見る程度ならLinuxのUbuntuなら拍子抜けするほど簡単だよ。
textdetox@01907546324b0330d2d8b7669648cc18823323e5/ja/001279	ja	1	いやぶっちゃけ生産性はないだろ？   それを否定するのは「王様の裸を否定するのと同じ」   生産性がないからホモを禁止しろとまでは言わんがね。
textdetox@01907546324b0330d2d8b7669648cc18823323e5/ja/001280	ja	1	完璧な証拠あって被害者も求めてるならそれでもいいんじゃない   去勢してしまうのが一番だとは思うが
textdetox@01907546324b0330d2d8b7669648cc18823323e5/ja/001281	ja	1	財政再建したかったら、所得の把握と既存の租税の適正化をやれば良いだけなんだけどな   繰越欠損や連結納税使って租税逃れしてる大企業とか脱税率４割のパチンコ業界とか   脱税率５割超えの水商売系とかいくらでもあるだろうに
textdetox@01907546324b0330d2d8b7669648cc18823323e5/ja/001282	ja	1	なにいってもわからんと思うが、移民政策なんてしてないんだよね   ID:KBv ×の頭の中ではすでに移民政策ができあがっているらしい   本当に話が通じないネオナチ連呼は駄目だね
textdetox@01907546324b0330d2d8b7669648cc18823323e5/ja/001283	ja	1	民進やマスゴミ都民ファーストの勝利に喜んでいるみたいだけど野田数って……
textdetox@01907546324b0330d2d8b7669648cc18823323e5/ja/001284	ja	1	あれだけアクセス稼いでも、広告収入は月数百万に過ぎないという説があるらしいね。   運営費差し引いたら罪を犯してまでやる商売じゃない。   …だれかの他の目的がある…？
textdetox@01907546324b0330d2d8b7669648cc18823323e5/ja/001285	ja	1	共産党は「国民党の悪事」として彼らのやらかしを大量に宣伝用に配布してたのよ。   その写真をそのまんま「南京大屠殺の証拠」として流用したから全部バレた。
textdetox@01907546324b0330d2d8b7669648cc18823323e5/ja/001286	ja	1	知らんよｗ自業自得だろ。   それに、大事が起これば参加したいって奴かなり多いと思うぞ？   コンビニの前でたむろってるオバカな兄ちゃんですら、チョンあり得ねー   とか言ってる時代だしなｗ
textdetox@01907546324b0330d2d8b7669648cc18823323e5/ja/001287	ja	1	共産革命を起こして赤い貴族になりたいバカが500万人いると言うことか。
textdetox@01907546324b0330d2d8b7669648cc18823323e5/ja/001288	ja	1	伝統より憲法が大事とか言うなら   そもそも職業選択の自由も居住移転の自由も認めるべきじゃないのか   天皇陛下には選挙権すらないんでしょ
textdetox@01907546324b0330d2d8b7669648cc18823323e5/ja/001289	ja	1	若者、女は仕事に困らなくなったが、まだ中高年のオッサンが余ってる   ただ別の記事読むと中途採用を増やしたとかあったので改善は見られる     本当は増税なんかしなけりゃ、とっくに完全雇用になってて、日本経済は世界の救世主になってたのにな
textdetox@01907546324b0330d2d8b7669648cc18823323e5/ja/001290	ja	1	ネトウヨが嫌がられるのは、全く関係ない板に宣伝を兼ねてコピペ爆弾を投下するからなんだよ   情報を拡散したり国民に周知させたい気持ちはわかるけど、そこまでするとさすがにウザがられることも理解してほしいところ
textdetox@01907546324b0330d2d8b7669648cc18823323e5/ja/001291	ja	1	犯罪者も行動力だけはある   それを評価はできないｗｗｗｗ
textdetox@01907546324b0330d2d8b7669648cc18823323e5/ja/001292	ja	1	「アカっｗ コミュ抜けるわｗ」ってのがアカ＝コミュニズム掛かってエエやろ？と思ったが総括されそうだな・・・
textdetox@01907546324b0330d2d8b7669648cc18823323e5/ja/001293	ja	1	死者に鞭打つ云々ってのまで全く同じだからな   まあパヨクの精一杯のナイスジョークってやつだ
textdetox@01907546324b0330d2d8b7669648cc18823323e5/ja/001294	ja	1	共産党の神が保障してくれるハズだ。   居ればだが。
textdetox@01907546324b0330d2d8b7669648cc18823323e5/ja/001295	ja	1	消費税上げるアホにはもう用ないわ     潰されてどうぞ
textdetox@01907546324b0330d2d8b7669648cc18823323e5/ja/001296	ja	1	小学生の扱い方と乳幼児の扱い方を一緒にして大丈夫だと思ってるところが役人脳だよなぁ。
textdetox@01907546324b0330d2d8b7669648cc18823323e5/ja/001297	ja	1	糞なのはミンスや共産党だろ。
textdetox@01907546324b0330d2d8b7669648cc18823323e5/ja/001298	ja	1	では交渉しよう   「お前の命と全財産を差し出せ。従わなければ家族を皆殺しにする」   さあどうする？
textdetox@01907546324b0330d2d8b7669648cc18823323e5/ja/001299	ja	1	ジャップガーネトウヨガーアベガーって言ってる奴は犯罪予備軍か現役犯罪者   これをどんどん証明していくのがチョンモメン式なのかな   ある意味除鮮の功労者だな
textdetox@01907546324b0330d2d8b7669648cc18823323e5/ja/001300	ja	1	パヨクに脅迫されてたのはどの店舗だったっけ
textdetox@01907546324b0330d2d8b7669648cc18823323e5/ja/001301	ja	1	ぱよちん以外にもニュー速＋の皇太子殿下が国連で講演スレもダメでした
textdetox@01907546324b0330d2d8b7669648cc18823323e5/ja/001302	ja	1	ああ見えて、みすぽは女を武器にしてるからな。   こんな無知で頭悪いおばさんをけちょんけちょんにしていいんだろうかって   男はお人好しが多いからちょっと怯むんだよね。   櫻井女史相手では通用しないな。
textdetox@01907546324b0330d2d8b7669648cc18823323e5/ja/001303	ja	1	選挙で多数党を維持し陛下の信認を得て予算を作ってるのに何が悪いと言うのか？悪いと言うなら野党側の国会対応や左翼言論人の頭の悪さだろ
textdetox@01907546324b0330d2d8b7669648cc18823323e5/ja/001304	ja	1	クネ以上の逸材は居ない、と思ってたけど   韓国は人材豊富だねぇ、次はコイツで楽しめるか
textdetox@01907546324b0330d2d8b7669648cc18823323e5/ja/001305	ja	1	この国じゃ、天皇陛下の敵は賊軍だぜ？
textdetox@01907546324b0330d2d8b7669648cc18823323e5/ja/001306	ja	1	もはや基地外の域に達してる   これが新聞なんだぜ?   フリーペーパーとかじゃなく
textdetox@01907546324b0330d2d8b7669648cc18823323e5/ja/001307	ja	1	単に韓国に対するイメージが湧かなかったんじゃないか   中国がアジアにおいてギリシャローマの役割で、日本と同じく中国の影響を受けたんだという。   まあその後の展開がだいぶ違うのだが。
textdetox@01907546324b0330d2d8b7669648cc18823323e5/ja/001308	ja	1	パヨクが犠牲者を利用してるっていつ言い出すか楽しみだわ   頭にブーメラン何本も刺しながらな
textdetox@01907546324b0330d2d8b7669648cc18823323e5/ja/001309	ja	1	日本国内の工作員にもカネばら撒いて、   「外国でバラ撒きして国内問題から目を背けるアベは売国奴！」って書き込みさせてたのになあ   どうしてアカや馬鹿は全部ブーメランになるような行動しかやらないんだろ
textdetox@01907546324b0330d2d8b7669648cc18823323e5/ja/001310	ja	1	立憲民主党のインチキ街角アンケートを見るまでもなく、毎日のアンケートを信じる馬鹿はおらんわな
textdetox@01907546324b0330d2d8b7669648cc18823323e5/ja/001311	ja	1	この大阪の提言は大間違いだな   人種、属性を持つある集団が全体として、その他の人種や属性を持つ集団を侮蔑や差別、犯罪対象にするなら   もとの集団はその事に対し公に非難、弾劾、告発をされてもやむを得ない。   言論活動になんらかの制限をかけるべきではない。
textdetox@01907546324b0330d2d8b7669648cc18823323e5/ja/001312	ja	1	まあ一人二人死んだ方が動きやすいよね。
textdetox@01907546324b0330d2d8b7669648cc18823323e5/ja/001313	ja	1	日本死ねはスルー(称賛だっけ)で   朝日死ねはダメなんだ   へええ
textdetox@01907546324b0330d2d8b7669648cc18823323e5/ja/001314	ja	1	面白いのは、トランスジェンダーと同性愛は別物という面白い主張がまかり通ってるんだよね……   だから、「体つきは男、服装は女、そして、恋愛対象も女」って、ただの変態様が「トランスジェンダーだから、女性専用の施設にも入れろ。男と一緒にするのは差別だ」という主張が……
textdetox@01907546324b0330d2d8b7669648cc18823323e5/ja/001315	ja	1	ν速潰した嫌儲民許さない   居心地よかったのに荒らしてからに！   えーまさか統失で逃げる気？特権使いまくりっすな
textdetox@01907546324b0330d2d8b7669648cc18823323e5/ja/001316	ja	1	反日バリアが効いてる間はそれなりに安全よ   ただ文の手柄として北に韓国を売り飛ばす前に国が傾きそうだけどｗ
textdetox@01907546324b0330d2d8b7669648cc18823323e5/ja/001317	ja	1	>朝鮮戦争が終結したら、日本は朝鮮から迷惑料貰える立場だと思う。     向こうがそれらを相殺してくれって言っても、金額的にはそれを多く上回ってしまうだろうが…。
textdetox@01907546324b0330d2d8b7669648cc18823323e5/ja/001318	ja	1	共産系パヨク必殺の開票時の票盗みがまだある
textdetox@01907546324b0330d2d8b7669648cc18823323e5/ja/001319	ja	1	ヤフーのトップにこの記事載ってるけど、最近のヤフーってほとんど毎日トップにこの手の左翼側の意見を載せてるね。   左翼って思想そのものがカスのくせにメディアパワーでごり押しするからクソだわ。
textdetox@01907546324b0330d2d8b7669648cc18823323e5/ja/001320	ja	1	チェーン装着は通行の邪魔にならないところでやってくれよ   坂道に入ってから脇で慌ててつけるとかやめてくれ
textdetox@01907546324b0330d2d8b7669648cc18823323e5/ja/001321	ja	1	後ろからの襲撃を防ぐためにアナルプラグで塞いでおこうか
textdetox@01907546324b0330d2d8b7669648cc18823323e5/ja/001322	ja	1	連中が中指立てるくらいで我慢するはずもない   法律も選挙違反も平気で無視する連中だから、確実に実力行使で妨害してくるでしょ   警察がきちんと対応してくれるといいのだけど
textdetox@01907546324b0330d2d8b7669648cc18823323e5/ja/001323	ja	1	各都道府県の弁護士会は地方裁判所の近くにあると思ったので、困ったことがあったら   そこへ相談しにいけ。     脅迫・強要は威力業務妨害に密接に関連し、犯罪行為であるので検察とかに訴えろ。
textdetox@01907546324b0330d2d8b7669648cc18823323e5/ja/001324	ja	1	テレビのチョンたちは 疑惑 と表現している
textdetox@01907546324b0330d2d8b7669648cc18823323e5/ja/001325	ja	1	確かにｗ   パヨって本当にアホばかりｗ
textdetox@01907546324b0330d2d8b7669648cc18823323e5/ja/001326	ja	1	あのデモ関連のツイートでな、革命、暴力革命って言っててぞっとしたわ
textdetox@01907546324b0330d2d8b7669648cc18823323e5/ja/001327	ja	1	またイスラム過激派を挑発とか。   フランス国民の安全より罵倒（風刺）を優先する国民性が理解を超える。   国内に潜在的テロリストのイスラム教徒がいっぱいいるのに危機感の無い連中だ。
textdetox@01907546324b0330d2d8b7669648cc18823323e5/ja/001328	ja	1	在日はどうなるのたーくさん住み着いてるよね   返したい、帰ってほしい   どうなるの？まさか生活保護にてずっとお世話するわけ？
textdetox@01907546324b0330d2d8b7669648cc18823323e5/ja/001329	ja	1	まあこれで帰化人はおろか、韓国で検討されている7親等まで遡るという話も含めて   朝鮮系の家計そのものがやばいというのが広まればいい
textdetox@01907546324b0330d2d8b7669648cc18823323e5/ja/001330	ja	1	敵はまとめて殺すだけなんだよな
textdetox@01907546324b0330d2d8b7669648cc18823323e5/ja/001331	ja	1	そうだね。   韓国にも言ってあげるといいよ
textdetox@01907546324b0330d2d8b7669648cc18823323e5/ja/001332	ja	1	日本の女性専用車両も、なぜか障害者は乗れると鉄道会社は言っているが   なぜ障害者はOKなのか、鉄道会社は絶対に説明しない。   正直に「奴隷階級の普通の男は排除して問題ないけど、特権階級の障害者様は排除できません」   と言うわけにもいかないからなw
textdetox@01907546324b0330d2d8b7669648cc18823323e5/ja/001333	ja	1	まともなスレ立てすれば誰からも何も言われないのにねえ   ID:67Dは北朝鮮が原因なのにアメリカのせいにするマスゴミそっくりw
textdetox@01907546324b0330d2d8b7669648cc18823323e5/ja/001334	ja	1	しかし、自分の気のせいかもしれんが、狙ったようにパヨクの力の強いところで地震起きるよな。
textdetox@01907546324b0330d2d8b7669648cc18823323e5/ja/001335	ja	1	カルト信者出禁はルールに明文化していいんじゃない   カルト宗教は気持ち悪いし
textdetox@01907546324b0330d2d8b7669648cc18823323e5/ja/001336	ja	1	大丈夫。マスゴミと政府は今回は批判するからw
textdetox@01907546324b0330d2d8b7669648cc18823323e5/ja/001337	ja	1	韓国関連ワードを見ると発狂する人がいかに多いか…。
textdetox@01907546324b0330d2d8b7669648cc18823323e5/ja/001338	ja	1	その態度こそが差別なんだけど、あいつら頭悪すぎて気づけないんだよね。   んで馬鹿のまま文句だけ言って人生を終える。
textdetox@01907546324b0330d2d8b7669648cc18823323e5/ja/001339	ja	1	ただ、この通り先行きは安心はできない   一度でも有利な判決が出ればそれを錦の御旗にするのがパヨクのやり口   だからこそこうしてまた世論工作のやり直しにかかっているわけだからな   はよレッドパージしてくれ
textdetox@01907546324b0330d2d8b7669648cc18823323e5/ja/001340	ja	1	その兵士の沖縄で生活（住居費、光熱費、食費もろもろ）の内需を全く考慮せずに、   基地が無くても沖縄経済は成り立つって言ってる、   カツラの詐欺師が沖縄にいるそうな。。。。
textdetox@01907546324b0330d2d8b7669648cc18823323e5/ja/001341	ja	1	今色々と日本国内でやらかしてるけど、こいつらのこれが   在日朝鮮と在日中共の日本国内のテロ活動の開始合図なんか？
textdetox@01907546324b0330d2d8b7669648cc18823323e5/ja/001342	ja	1	住基サーバーっていまだに韓国に有るんかな？
textdetox@01907546324b0330d2d8b7669648cc18823323e5/ja/001343	ja	1	自民はクソだしミンシンはないし   公明にしておくかな
textdetox@01907546324b0330d2d8b7669648cc18823323e5/ja/001344	ja	1	遅い     まあ種種死両方リアルタイムで見てたんで色々言われてるけど   ご冥福を祈ります
textdetox@01907546324b0330d2d8b7669648cc18823323e5/ja/001345	ja	1	パヨクはそれ以前に反社会勢力というカテゴリです   わかりますか？
textdetox@01907546324b0330d2d8b7669648cc18823323e5/ja/001346	ja	1	レジストをぐぐった   工業用語で保護膜、保護膜を作る物質という意味らしい
textdetox@01907546324b0330d2d8b7669648cc18823323e5/ja/001347	ja	1	YouTubeもキナ臭くなってるし、左翼の言論弾圧が更に強まった気がするな
textdetox@01907546324b0330d2d8b7669648cc18823323e5/ja/001348	ja	1	バカじゃね。   還元するにも順番が有るんだよ   努力した人たちを置き去りにして、先に底辺に還元するわけないだろ。
textdetox@01907546324b0330d2d8b7669648cc18823323e5/ja/001349	ja	1	何考えてんのかね…   ミサイルの一発でも打ち込めや   役立たずどころか足ばかり引っぱりやがる
textdetox@01907546324b0330d2d8b7669648cc18823323e5/ja/001350	ja	1	大統領が変わったらまたひっくり返されるのに   売春婦が金欲しさに、チョンの女衒が金欲しさに群がったという事実は   こうして高度な政治的判断（）というやつで消えていくんだな
textdetox@01907546324b0330d2d8b7669648cc18823323e5/ja/001351	ja	1	偽装した看板に釣られるようなバカまで   安倍政権は一緒に守ろうとしているんだよ     本当に頭が下がるし、釣られるバカがいることに情けなくなってくるわ
textdetox@01907546324b0330d2d8b7669648cc18823323e5/ja/001352	ja	1	アホの考えそうなこと w   五輪という権威にしがみつきたいだけのチンケ。   自分への批判の盾にするなら、これもまた五輪がチンケになる。   日本では前からの事だけどね。
textdetox@01907546324b0330d2d8b7669648cc18823323e5/ja/001353	ja	1	結局さあ、喫煙者だから排斥されて当然とか、それと似たような考え方が   まさに昔の「黒人だから奴隷で当然」とか「同性愛者は排斥されて当然」と   本質的に同じなんだよね。   自分たちで同じことを繰り返しているのだとわからんようだ。
textdetox@01907546324b0330d2d8b7669648cc18823323e5/ja/001354	ja	1	文字通り人間のクズだな   続ければいい   化けの皮が剥がれるだけだ
textdetox@01907546324b0330d2d8b7669648cc18823323e5/ja/001355	ja	1	(イザベラ・バード 『朝鮮紀行』 時岡敬子 訳 講談社学術文庫 1998年 p.307)   朝鮮にいた時、わたしは朝鮮人というのはクズのような民族でその状態は望みなしと考えていた。     この屑鮮人を日本人は大金をかけてヒトモドキ状態までにしてやった。
textdetox@01907546324b0330d2d8b7669648cc18823323e5/ja/001356	ja	1	そりゃあ令嬢生活してきたもん   美智子皇后の気分よ
textdetox@01907546324b0330d2d8b7669648cc18823323e5/ja/001357	ja	1	懲りないでまだやったのかよ   社長はたしか在日で女性社員だけ研修とか言ってハーレムさせてたよな   社長を囲んでずらりと並んだ女性社員ばかりの画像も出てたよな   リークした社員無事だったかな
textdetox@01907546324b0330d2d8b7669648cc18823323e5/ja/001358	ja	1	犯罪じゃねーの？   マジで旧ちゃん近々潰れるかもな。
textdetox@01907546324b0330d2d8b7669648cc18823323e5/ja/001359	ja	1	反日・反米に勤しむ民主党は   中国・韓国から見れば、頼もしい味方だろ
textdetox@01907546324b0330d2d8b7669648cc18823323e5/ja/001360	ja	1	在日米軍も菅も、分類が違うだけで、にたようなもんだ
textdetox@01907546324b0330d2d8b7669648cc18823323e5/ja/001361	ja	1	実際にやったから必死なんでしょ。
textdetox@01907546324b0330d2d8b7669648cc18823323e5/ja/001362	ja	1	潰す側にマスコミ関係者がずいぶんいるんじゃないのかね？今は新聞も売れなくて厳しいし記事パクったネットの方が若者がいるから潰したいんじゃね？最近はラジオ聞いててもネット発信ネタばかりでマスコミの奴らも１日ネット見てんだと思うわ笑
textdetox@01907546324b0330d2d8b7669648cc18823323e5/ja/001363	ja	1	韓国は兎も角、中国を弾きだすつもりだったのは   最初からじゃねーか？
textdetox@01907546324b0330d2d8b7669648cc18823323e5/ja/001364	ja	1	落ち目の韓流れという言葉を久々に思い出した
textdetox@01907546324b0330d2d8b7669648cc18823323e5/ja/001365	ja	1	独裁者の手法で域内の対立の多数派を利用して少数派を排除していき、やがて全ての邪魔者を排除して   JIMなりの「ぼくのりそうのけいじばん」を作りたいのかもよ     そこに利用者がいるのかどうかは知らんけど
textdetox@01907546324b0330d2d8b7669648cc18823323e5/ja/001366	ja	1	へー鳥小屋は委員やんないんだ   処女は病気とかエントリーしてきたらコメントに困るもんなwww
textdetox@01907546324b0330d2d8b7669648cc18823323e5/ja/001367	ja	1	韓国企業と提携してからは塩煎餅は他の会社の買ってる   三幸だったかな
textdetox@01907546324b0330d2d8b7669648cc18823323e5/ja/001368	ja	1	対人口当たりの発生率かと思ったら、絶対数なのか？   経済はショボいが、犯罪に関しては大国なんだな、大韓民国ってｗ
textdetox@01907546324b0330d2d8b7669648cc18823323e5/ja/001369	ja	1	え？Cさんて背高いの？   ちんちくりんのおさんにしか見えないけど   今日一番の驚き
textdetox@01907546324b0330d2d8b7669648cc18823323e5/ja/001370	ja	1	×しててもレスがあるのは見えてしまうね。   透明あぼーんがあればなおいいんだけど、贅沢は言えないな。   畜生のレスが見えないだけラッキーだ。
textdetox@01907546324b0330d2d8b7669648cc18823323e5/ja/001371	ja	1	おーぷんでも総選挙前は急に民主馬鹿が増えるんだなｗ
textdetox@01907546324b0330d2d8b7669648cc18823323e5/ja/001372	ja	1	向こうのゲーム系の板は軒並み嫌儲に占拠されてひどい有様だからな   関係ないアフィ叩きの話題しかしてなくてスレタイ通りの話題出すとすぐアフィカス認定   おまけに今じゃ生IPまで丸見えだ
textdetox@01907546324b0330d2d8b7669648cc18823323e5/ja/001373	ja	1	そして、また、これは民意ではないと騒ぐ、パヨクメディア。     絶対に言うだろ、アイツラ。
textdetox@01907546324b0330d2d8b7669648cc18823323e5/ja/001374	ja	1	これ抗議を受けた関係者がアホ注意報とかFacebookで煽って大事になってるな
textdetox@01907546324b0330d2d8b7669648cc18823323e5/ja/001375	ja	1	しかし、在日ってなんでこんな陰湿なことやるんだろ   嫌なら祖国に帰ればいいのに
textdetox@01907546324b0330d2d8b7669648cc18823323e5/ja/001376	ja	1	旧ちゃんで見たので眉につば付けて聞いて欲しいんだが、沖縄ってのは、結構大阪の文化だか企業だかが入り込んでいるらしい   大阪には中国人や韓国人が多い…   以上(因みに、福岡もTvとかで大阪と中継しあってるので注意)
textdetox@01907546324b0330d2d8b7669648cc18823323e5/ja/001377	ja	1	フェイクニュース社の朝日新聞が「中傷」と報道するってことは、   「事実の指摘」だったんだろうな。
textdetox@01907546324b0330d2d8b7669648cc18823323e5/ja/001378	ja	1	お前が気違いじゃね～か？   それとも単なる腰抜けか。
textdetox@01907546324b0330d2d8b7669648cc18823323e5/ja/001379	ja	1	奴らもそれほどマヌケではないから   極左暴力集団らが「独立運動を示唆」することで   「破防法適用」事例になりえることぐらい理解してるから言わないだけだろwww
textdetox@01907546324b0330d2d8b7669648cc18823323e5/ja/001380	ja	1	誰やったかいなぁ？w。   支那産の毒餃子で苦しんではる被害者をそっちのけにして、支那を”お友達”呼ばわりして、   これ以上、突っ込ますのをやめさせよったドアホは…。   なあ、福田君、誰やったかいなぁ？。
textdetox@01907546324b0330d2d8b7669648cc18823323e5/ja/001381	ja	1	そういう発想って出てこないわ   お前の頭の中では韓国はとても大きな存在なんだな
textdetox@01907546324b0330d2d8b7669648cc18823323e5/ja/001382	ja	1	マイナビウーマンは女性を売り物として   みているわけかクソだなw
textdetox@01907546324b0330d2d8b7669648cc18823323e5/ja/001383	ja	1	もう「韓国人お断り」を政策として取り入れるしか無いのか？
textdetox@01907546324b0330d2d8b7669648cc18823323e5/ja/001384	ja	1	韓国人は知能程度が低くて   漢字を読めなくなりました。   しかし韓国人は   漢字は韓国が起源だと主張していますね。
textdetox@01907546324b0330d2d8b7669648cc18823323e5/ja/001385	ja	1	東京新聞が喜んで書いてるって事は韓国に金が行くって事だ。
textdetox@01907546324b0330d2d8b7669648cc18823323e5/ja/001386	ja	1	チン力ス     【政治】「お前は国民の敵だ」現職自衛官が民進・小西洋之に暴言か [H30/04/17](148)   68.ID:2kb 順調に戦前回帰してるな
textdetox@01907546324b0330d2d8b7669648cc18823323e5/ja/001387	ja	1	うん、そんなあからさまな抜け道、さとるが放置するわけないしな
textdetox@01907546324b0330d2d8b7669648cc18823323e5/ja/001388	ja	1	20代で死ぬやつもいるし   人の人生なんてのはわからんよ
textdetox@01907546324b0330d2d8b7669648cc18823323e5/ja/001389	ja	1	テロリズムによる報復をさらっと肯定しやがったぞこいつら
textdetox@01907546324b0330d2d8b7669648cc18823323e5/ja/001390	ja	1	必死な投票誘導には、メアド必須なんだよ？   わかってる？
textdetox@01907546324b0330d2d8b7669648cc18823323e5/ja/001391	ja	1	マスゴミが持ち上げたり、メディア露出が多い政治家には   まじでろくなのがいない
textdetox@01907546324b0330d2d8b7669648cc18823323e5/ja/001392	ja	1	そうです。   しかも連中の死後は既存の最低地獄界よりも辛く厳しいものだというオマケ付き。   改心するにも既に芯が退いて空く間(悪魔)の犾化しているので大半が不可能です。   我れ好しは悪役・悪党ですらないのです。兇党と云うもの。ガラクタ(我楽多)魂。
textdetox@01907546324b0330d2d8b7669648cc18823323e5/ja/001393	ja	1	ケンモメンとか連呼リアンって実在しないんじゃないのか？   みんなネトウヨの自作自演に見えてきたw
textdetox@01907546324b0330d2d8b7669648cc18823323e5/ja/001394	ja	1	そんな理屈が韓国人に通用するとでも？   その気になれば、何とでも捏造して、そのうち新日鉄八幡製鉄所の門前に韓国人が押し寄せて号泣しだすよ。
textdetox@01907546324b0330d2d8b7669648cc18823323e5/ja/001395	ja	1	同性婚支持派としても近親婚は全然方向性が違うから否定するわ   兄弟姉妹間の性的虐待は少なくないしその影響を考えたら容認できない   同性婚は独立した二者が合意の元婚姻により家族関係の契約を結ぶ制度の範囲の拡大であるだけなんで一緒にすんなよ
textdetox@01907546324b0330d2d8b7669648cc18823323e5/ja/001396	ja	1	北朝鮮に打ち込む予定のミサイルの１割くらいを韓国に誤射してもええんやで？
textdetox@01907546324b0330d2d8b7669648cc18823323e5/ja/001397	ja	1	初っ端からレッテル貼ってたら分析も何もないわアホｗ   お前と似たようなことを野間が抜かしてたがｗ
textdetox@01907546324b0330d2d8b7669648cc18823323e5/ja/001398	ja	1	気になったから山本氏のtwitter見てきたけど、   あの界隈の連中は実名と顔出してクソみたいな言説を垂れ流してるのなｗ
textdetox@01907546324b0330d2d8b7669648cc18823323e5/ja/001399	ja	1	レイプ犯が何回も誤ったから許すとはならんだろ   それと同じ   正義悪魔関係なく負ければ賊軍なんだよ
textdetox@01907546324b0330d2d8b7669648cc18823323e5/ja/001400	ja	1	バカなレスする前に事件のあらまし調べようとは思わないの？
textdetox@01907546324b0330d2d8b7669648cc18823323e5/ja/001401	ja	1	自衛隊があるから大丈夫   早く国の為に死んでこい   それがお前らの仕事だ
textdetox@01907546324b0330d2d8b7669648cc18823323e5/ja/001402	ja	1	フェイクかもしれないけどアメリカの動きが、北に駄々洩れらしいな。
textdetox@01907546324b0330d2d8b7669648cc18823323e5/ja/001403	ja	1	根源にあるのは密入国居座りの嘘つき犯罪テロ民族在日の存在   そして「帰化制度」だ   一日も早く帰化全面禁止して帰化取り消し駆除に舵を切らないと手遅れになる
textdetox@01907546324b0330d2d8b7669648cc18823323e5/ja/001404	ja	1	セックス部長、どの面さげて出勤するんだろｗ
textdetox@01907546324b0330d2d8b7669648cc18823323e5/ja/001405	ja	1	Google charmと基礎ブラウザにツイアプリはまだダメ     やっぱスマホ中心なんだろうね
textdetox@01907546324b0330d2d8b7669648cc18823323e5/ja/001406	ja	1	そして現地の仕事を奪い   あまつさえ犯罪を繰り返して稼ぐわけだ     支那人の留学は原住国民の生命に関わる
textdetox@01907546324b0330d2d8b7669648cc18823323e5/ja/001407	ja	1	募集した結果…   在日参政権かいちばん多いという結果に   成ります。
textdetox@01907546324b0330d2d8b7669648cc18823323e5/ja/001408	ja	1	とネットでピンポンダッシュしかできないペロリストが言っております。
textdetox@01907546324b0330d2d8b7669648cc18823323e5/ja/001409	ja	1	寒いからウオッカ飲みたいけど金がないから安いメタノールでいいやってなって死人が出る季節になってきたね。
textdetox@01907546324b0330d2d8b7669648cc18823323e5/ja/001410	ja	1	なんのメッセージだろう   韓国にF22配備が決まったそうだから、その意趣返しか？
textdetox@01907546324b0330d2d8b7669648cc18823323e5/ja/001411	ja	1	あなたも一度嘘つき韓国人に騙されてみましょうよ   それがとってもお気楽ですよ、立派な一流被害者になれます
textdetox@01907546324b0330d2d8b7669648cc18823323e5/ja/001412	ja	1	勘弁してくれ。   既に彼方此方でチョン街作ってんじゃん。
textdetox@01907546324b0330d2d8b7669648cc18823323e5/ja/001413	ja	1	選挙当日に落ちてたのも   野党がフルボッコで馬鹿にされる、自民の勝利宣言の書き込みで   溢れるのが嫌だったからだろうな。
textdetox@01907546324b0330d2d8b7669648cc18823323e5/ja/001414	ja	1	先進国には禁煙マークがどこにも無い。   某国には禁糞の立て札がいたるところにある。     これがわからない層が火病してるな
textdetox@01907546324b0330d2d8b7669648cc18823323e5/ja/001415	ja	1	こんなバカでも知事が務まるのかwww
textdetox@01907546324b0330d2d8b7669648cc18823323e5/ja/001416	ja	1	安倍さんに韓国行きを勧めた二階は売国奴か⁉︎
textdetox@01907546324b0330d2d8b7669648cc18823323e5/ja/001417	ja	1	日本人はウンコが混ざったものは食べないから
textdetox@01907546324b0330d2d8b7669648cc18823323e5/ja/001418	ja	1	イベント警備の仕事がとれないと死ぬ！
textdetox@01907546324b0330d2d8b7669648cc18823323e5/ja/001419	ja	1	あの国でも金持ちは日本の真似して子供に買ってんのにこんな記事書いて恥ずかしくないのかねえ   北と絶賛内戦中の徴兵制基地外国家のくせに
textdetox@01907546324b0330d2d8b7669648cc18823323e5/ja/001420	ja	1	ローマ法王が言ってたじゃん「コリアンは生まれ変われって」   生まれ変わるって事は一回死ぬって事やろ？法王もなかなか面白い皮肉を言うわ
textdetox@01907546324b0330d2d8b7669648cc18823323e5/ja/001421	ja	1	結局奴等は 韓国朝鮮種族主義的左派組織員、な訳ですよ。
textdetox@01907546324b0330d2d8b7669648cc18823323e5/ja/001422	ja	1	比例廃止で中選挙区の復活でいいんだよ   小選挙区では死票が増えるし、比例代表じゃ泡沫や次点の救済よりは   組織票を固められる既存政党の利権にしかなっていない
textdetox@01907546324b0330d2d8b7669648cc18823323e5/ja/001423	ja	1	KAZUYA君はスパム、詐欺行為でbanされました   とりあえず取り急ぎ
textdetox@01907546324b0330d2d8b7669648cc18823323e5/ja/001424	ja	1	沖縄は虚偽の記録を残すと言う事なのか・・・   そりゃイデオロギーで事実を曲げるのはパヨカスのいつもの行動だけどさあ・・・
textdetox@01907546324b0330d2d8b7669648cc18823323e5/ja/001425	ja	1	贅沢を言えば、（日本は微妙だけど）欧米でマトモな教育を受けたヤツが韓国の大統領になって欲しいわな
textdetox@01907546324b0330d2d8b7669648cc18823323e5/ja/001426	ja	1	真ん中は小文字のeだったけど夜にやる三文字のワードが出た時には流石にブラウザ変えた
textdetox@01907546324b0330d2d8b7669648cc18823323e5/ja/001427	ja	1	セキュリティ業界が全力あげてぱよちんのために働いてるのだろうかｗ
textdetox@01907546324b0330d2d8b7669648cc18823323e5/ja/001428	ja	1	日本に救ってもらうしかない   韓国人を助けない日本人は、非人道的種族、民族
textdetox@01907546324b0330d2d8b7669648cc18823323e5/ja/001429	ja	1	在日は、「我が国」という言い方にクレームつけて「この国」という言い方に   変えさせた事例がある。   兵庫県がそうだ。
textdetox@01907546324b0330d2d8b7669648cc18823323e5/ja/001430	ja	1	徴用工に対する賠償額は、日本国内にある在日資産だけでは足りないんじゃね？   ここはアメリカ政府にも協力して貰って、在米資産も差し押さえようぜw
textdetox@01907546324b0330d2d8b7669648cc18823323e5/ja/001431	ja	1	区別するのは年代じゃなくシナチョンや反日勢力かどうか
textdetox@01907546324b0330d2d8b7669648cc18823323e5/ja/001432	ja	1	リンク貼るのが犯罪ならネットは至る所で犯罪だらけだ   大丈夫だよ
textdetox@01907546324b0330d2d8b7669648cc18823323e5/ja/001433	ja	1	つまりアラブ人同士が争って何人死のうが放っておけと
textdetox@01907546324b0330d2d8b7669648cc18823323e5/ja/001434	ja	1	とパヨク絡みの場合は沸かないクソBOT
textdetox@01907546324b0330d2d8b7669648cc18823323e5/ja/001435	ja	1	人を殺すというのは意外と大変らしいなあ。   それにしてもまだ拳銃による殺人(未遂も含めて)は珍しいからまだマシだな。   これが毎日起きてるのがアメリカの大都市というわけだ。
textdetox@01907546324b0330d2d8b7669648cc18823323e5/ja/001436	ja	1	朝鮮人は自分たちが原爆落としたと思ってるんだよ   信じられないけどあまりに馬鹿すぎて笑った
textdetox@01907546324b0330d2d8b7669648cc18823323e5/ja/001437	ja	1	朝日新聞・テレビ朝日、毎日放送・TBS、   共同通信の垂れ流し報道一色のブロック紙、地方紙は   中共、南北韓国・朝鮮の御用メディアです。
textdetox@01907546324b0330d2d8b7669648cc18823323e5/ja/001438	ja	1	それは警察がいなくて金持ちの家にセキュリティや   金庫がなくても犯罪であることは明白だから   盗難など発生しないのではないか、くらいの意見だぞ。   武力は平和を維持するためには必要不可欠。
textdetox@01907546324b0330d2d8b7669648cc18823323e5/ja/001439	ja	1	コテに限ったことではないが●流出時に個人情報が漏れた   過去レスをあさられて自分語りしている情報を分析して特定     合格証明書とか自分家から写真撮ったりしてそれを元に特定されたりしてる
textdetox@01907546324b0330d2d8b7669648cc18823323e5/ja/001440	ja	1	反日やら自虐強要する人が減ったら自然に減るよ
textdetox@01907546324b0330d2d8b7669648cc18823323e5/ja/001441	ja	1	本家ぱよちん、旗竿、新潟日報のコイツ、揃いも揃って50代･･･   当方30代半ばだが、こんなオッサンにはだけはなりたくねえなぁ。
textdetox@01907546324b0330d2d8b7669648cc18823323e5/ja/001442	ja	1	「こ…こ…こんなものまでナベの中に!!」   「でもでも、カレーにはつきものだってまことくんが」   「花らっきょうはつけあわせだ、バカ者!!」
textdetox@01907546324b0330d2d8b7669648cc18823323e5/ja/001443	ja	1	この妹って詐欺で捕まった人でしょ   詐欺師って生まれつきの嘘つきだからね
textdetox@01907546324b0330d2d8b7669648cc18823323e5/ja/001444	ja	1	とにかくコストカットして安くあげようって方針だから   韓国工場建てるべくこれまで投資した分、今さら後に引けないんだろうな
textdetox@01907546324b0330d2d8b7669648cc18823323e5/ja/001445	ja	1	商業優先のクソイベント   本場でもハロウィンに乗じた犯罪が起きているのに
textdetox@01907546324b0330d2d8b7669648cc18823323e5/ja/001446	ja	1	容疑者の通話記録を録ってたらマヌケが電話してきただけで、その番号を調べたら愛知県警だったと。   捜査資料としてまとめる為にはどうしても載せるしかなかったんだよ。
textdetox@01907546324b0330d2d8b7669648cc18823323e5/ja/001447	ja	1	杉田氏はモリカケを追及してる立憲に野田中央公園についてのヤジを飛ばしたからか執拗にマスゴミに叩かれてるね     この話に尾ヒレがついて海外に拡散されているｗ
textdetox@01907546324b0330d2d8b7669648cc18823323e5/ja/001448	ja	1	韓国でホームステイ？？？ ぜ、ぜ、ぜったいに女性はだめだな。危ない。   ホストが老人でも危ないｗ
textdetox@01907546324b0330d2d8b7669648cc18823323e5/ja/001449	ja	1	この場合警察がわざわざ動くのは基地外に因縁つけられるから逃げろとお知らせする意味が大きいだろ
textdetox@01907546324b0330d2d8b7669648cc18823323e5/ja/001450	ja	1	韓国に対してギャーギャー言っても意味なし   奴らが図に乗れるのは日本に(罪)得があるからでしょ？   在愛の安倍がなにかできるわけもなし
textdetox@01907546324b0330d2d8b7669648cc18823323e5/ja/001451	ja	1	カヌー銅メダルの羽田が「東京でなきゃイヤ！」って馬鹿言ってた   税金でリオ五輪に出して貰って贅沢言うんじゃない！   テメエだけ韓国でカヌー漕いでろ
textdetox@01907546324b0330d2d8b7669648cc18823323e5/ja/001452	ja	1	バカ高い割には大した性能ないんだっけ？
textdetox@01907546324b0330d2d8b7669648cc18823323e5/ja/001453	ja	1	頼むから強制送還してくれ   他国で犯罪を犯すような外国人はいらん   こういう奴を日本国内に野放しにするから犯罪や不正行為の温床になるんだ
textdetox@01907546324b0330d2d8b7669648cc18823323e5/ja/001454	ja	1	左翼工作員なんて本当の忠誠心なんて無いんだから、幾らでも次を用意出来るよ。   心底バカだから一々叩かなくても幾らでも埃を振り撒いてるしね。
textdetox@01907546324b0330d2d8b7669648cc18823323e5/ja/001455	ja	1	日本は憲法で言論の自由が保障されてる国   活動家団体の機関紙だとしても言論の自由が保障されてるから文句は言えない筈   宗教の機関紙だって文句は言えないだろ
textdetox@01907546324b0330d2d8b7669648cc18823323e5/ja/001456	ja	1	民主政権の時、嘘つきは民主の始まりが流行したが   レンホーはもう忘れたのか。   ヒステリのキチガイ女レンホーとなぜか呼びたくなるわ。
textdetox@01907546324b0330d2d8b7669648cc18823323e5/ja/001457	ja	1	多くの場合、韓国型というのはパクリもしくは劣化コピーと同義だと思う。
textdetox@01907546324b0330d2d8b7669648cc18823323e5/ja/001458	ja	1	新聞のアンケートによると反対派が多いんだよね……   何で日本人はそこまでアホなのか
textdetox@01907546324b0330d2d8b7669648cc18823323e5/ja/001459	ja	1	そのジムの息子ってのがジムの前の嫁(韓国系アメリカ人)との間にできた息子だってのを   どっかで見たんだけどホントなのかどーなのか？
textdetox@01907546324b0330d2d8b7669648cc18823323e5/ja/001460	ja	1	｢鏖殺｣とか初めて知ったわ。
textdetox@01907546324b0330d2d8b7669648cc18823323e5/ja/001461	ja	1	だねw   韓国が慰安婦の解決条件にするなら無理に日本から首脳会談する必要もない。   そして1番行きたかった靖国参拝もよく我慢してくれたって感じ。   あれがあったからいま日中首脳会談の実現も見えてきた。
textdetox@01907546324b0330d2d8b7669648cc18823323e5/ja/001462	ja	1	民主党議員は、常に殺意丸出しの本気ですけどね
textdetox@01907546324b0330d2d8b7669648cc18823323e5/ja/001463	ja	1	そもそも韓国はステルス戦闘機必要なのか？   っていつも思う
textdetox@01907546324b0330d2d8b7669648cc18823323e5/ja/001464	ja	1	半万年の隷属じゃなかったか   支那も最近謙遜するようになったんだなw
textdetox@01907546324b0330d2d8b7669648cc18823323e5/ja/001465	ja	1	在日米軍基地は日本を爆撃するための基地です
textdetox@01907546324b0330d2d8b7669648cc18823323e5/ja/001466	ja	1	まだ闇サイトはあると聞いたけど   自殺サイトの管理人は在日だとも
textdetox@01907546324b0330d2d8b7669648cc18823323e5/ja/001467	ja	1	お偉いさんたちが知らないことをいいことに   今人気なんですーとか言ってねじ込んでくる奴がいるんだろうね。   原爆芸人やら北チョン国旗のモモクロとか。
textdetox@01907546324b0330d2d8b7669648cc18823323e5/ja/001468	ja	1	つまり憲法には「死ね」と書いてあるということだな。   じゃあそんな憲法は無効ということだ。
textdetox@01907546324b0330d2d8b7669648cc18823323e5/ja/001469	ja	1	日本側の努力が足りない   韓国に無理（不可能）を要求してはいけない     韓国人に従いましょう
textdetox@01907546324b0330d2d8b7669648cc18823323e5/ja/001470	ja	1	>かつての『朝日』のイメージから抜け出せない連中で、これはむしろ若い記者に多い気がします。   ちょっと意外。ロートル連中より若手の方が特権意識高いんだ。   そうだとするとアサヒの将来はいっそう暗いねw
textdetox@01907546324b0330d2d8b7669648cc18823323e5/ja/001471	ja	1	変死って愉快犯の仕業じゃないと考えられているからまぁ節度あると言えば節度ある事になる     ヤクザが警察並みに力持ってるせいなのかな？   ヤクザがいる地域は泥棒一つ起きないし(北九州と大阪を除く)
textdetox@01907546324b0330d2d8b7669648cc18823323e5/ja/001472	ja	1	捕まったらしいと聞いてスレ開いたら、   ネトウヨの成りすまし犯行→ネトウヨに成りすました犯行→別人Facebook騒動→結局素直に大久保の皇室嫌いの反抗でFAまで進んでてﾜﾛﾀw   展開速えよw
textdetox@01907546324b0330d2d8b7669648cc18823323e5/ja/001473	ja	1	他人に厳しく、自分にクソ甘いタイプだぞ
textdetox@01907546324b0330d2d8b7669648cc18823323e5/ja/001474	ja	1	多様性という名のネトウヨ連呼を認めろ   ｗｗ
textdetox@01907546324b0330d2d8b7669648cc18823323e5/ja/001475	ja	1	中国は現実路線を歩んできたな。   韓国のサード配備に対する経済制裁も撤回したし、最近は尖閣諸島への侵入もピタッと止まっている。     朝鮮半島だけが、ますます世界から孤立して行ってるわｗ
textdetox@01907546324b0330d2d8b7669648cc18823323e5/ja/001476	ja	1	桶はよく見るが、ケロリン自体を見た事がないんだ。
textdetox@01907546324b0330d2d8b7669648cc18823323e5/ja/001477	ja	1	被害者は自首したらいいんだよ   すべてを話せば犯人一味は殺されて後腐れが無くなる
textdetox@01907546324b0330d2d8b7669648cc18823323e5/ja/001478	ja	1	他人から貰ったものを粗末に扱うって、ファンから貰ったものも粗末にしているとしか思えない。   陛下から下賜された勲章さえこの扱いなら、一般人のプレゼントとかゴミ箱に直行だろう。
textdetox@01907546324b0330d2d8b7669648cc18823323e5/ja/001479	ja	1	ゲバラの旗もって反戦とか言うアホどもやぞ？ｗ
textdetox@01907546324b0330d2d8b7669648cc18823323e5/ja/001480	ja	1	ウチの韓流ドラマ好きだった母親もそうだわ   昼のミヤネヤのセウォル号特集で、韓国政府事故調の予算使い込み報道を見て絶句   夕方NHKの韓国受験報道でNHK、韓国双方に呆れてた
textdetox@01907546324b0330d2d8b7669648cc18823323e5/ja/001481	ja	1	ドメイン訴訟もう一回やってひろゆきが勝つことだろう。   ひろゆきはクソ野郎だが、もっと酷いヤツにドメイン握らせておくよりマシだ。
textdetox@01907546324b0330d2d8b7669648cc18823323e5/ja/001482	ja	1	＞警察に通報する前に協会に通報しろ   一般の事故なんかでも自分が事故起こしてんのに   警察や救急呼ぶ前に親とか知り合いに電話しちゃうのがいるよね。   ニュースでたまに見るけど忖度な方々な印象。
textdetox@01907546324b0330d2d8b7669648cc18823323e5/ja/001483	ja	1	工作員の大量導入は存在するだろ   再生回数一億回とか臭い活動してるしw
textdetox@01907546324b0330d2d8b7669648cc18823323e5/ja/001484	ja	1	パヨクに首長と議会を掌握されるとどうなるかがよくわかるだろ？     東京都も同じ状態だぞ
textdetox@01907546324b0330d2d8b7669648cc18823323e5/ja/001485	ja	1	パーマだろうが、喫煙だろうが、セックスだろうが、   高校卒業してからやれよ。   残り６０年以上あるんだから、   高校時代の３年間くらい余計な事してないで勉強しろよ。
textdetox@01907546324b0330d2d8b7669648cc18823323e5/ja/001486	ja	1	日本では救命行為であればその過程で死んでも罪に問われないはずでは？
textdetox@01907546324b0330d2d8b7669648cc18823323e5/ja/001487	ja	1	同盟？   米軍も撤退するし、ただの日本国領土を不占拠してるキチガイだぞ
textdetox@01907546324b0330d2d8b7669648cc18823323e5/ja/001488	ja	1	は？金出してるのは日本だが？   アメリカはアメリカの都合で日本に基地置いてんだろうがアホか。
textdetox@01907546324b0330d2d8b7669648cc18823323e5/ja/001489	ja	1	×何をしても   ◯パヨクが何をしても
textdetox@01907546324b0330d2d8b7669648cc18823323e5/ja/001490	ja	1	あと２１年で皇紀２７００年だから、   その時に悠仁天皇であって欲しいな
textdetox@01907546324b0330d2d8b7669648cc18823323e5/ja/001491	ja	1	民間は強制じゃない売春婦だって行動してきたのに   梯子外されたんだよ
textdetox@01907546324b0330d2d8b7669648cc18823323e5/ja/001492	ja	1	安倍ちゃんは焼肉大好きだからね     韓国に行き付けの店があるらしいよ
textdetox@01907546324b0330d2d8b7669648cc18823323e5/ja/001493	ja	1	「おまえ日本人か？」大阪市生野区無差別通り魔 逮捕の韓国籍男     ＞「生粋の日本人なら何人も殺そうと思いました」
textdetox@01907546324b0330d2d8b7669648cc18823323e5/ja/001494	ja	1	辛子玉の更年期障害なんか知るかよ
textdetox@01907546324b0330d2d8b7669648cc18823323e5/ja/001495	ja	1	つーか実質下がった分って円高是正と消費税だろ？   それでアベノミクスガーとか言ってる奴ってアホなん？   基本給の上昇が10年ぶりとかその辺りで改善に向かってるの自体は察するべきだろ   最低賃金とか他の指標も軒並み高い伸びが出てるのに
textdetox@01907546324b0330d2d8b7669648cc18823323e5/ja/001496	ja	1	あっ嫌儲くさいのは逃げても追いかけて辛かったり叩いたりするよ   はつきりいって俺はうざいよw
textdetox@01907546324b0330d2d8b7669648cc18823323e5/ja/001497	ja	1	沖縄は外国籍の方もたくさん基地外で活動してるとニカちゃんが
textdetox@01907546324b0330d2d8b7669648cc18823323e5/ja/001498	ja	1	花火っていつ見れるんですか？   ブラウザで1000を待ってればよいの？
textdetox@01907546324b0330d2d8b7669648cc18823323e5/ja/001499	ja	1	その辺の国よりよっぽど強いのに、軍隊じゃないとか馬鹿らしい   嘘つかなきゃならないような憲法は変えなきゃ
textdetox@01907546324b0330d2d8b7669648cc18823323e5/ja/001500	ja	1	初めて童貞を喪失した相手が将来のタイプと成る。   俺の場合は、コンニャクな。
textdetox@01907546324b0330d2d8b7669648cc18823323e5/ja/001501	ja	1	重複スレたてか   こないだまで重複スレは荒らしだと騒いでたのにねw   億円のいつもの通りのダブスタ
textdetox@01907546324b0330d2d8b7669648cc18823323e5/ja/001502	ja	1	もし米朝開戦したら、北は間違いなく韓国に報復攻撃をしてソウルは文字通り火の海になる。   自分の家を焼き、家族や大切な人を殺した敵国を支援した文大統領を、韓国国民は絶対放っておかないだろう。そうなったら文は、朴槿恵より悲惨な人生の終わり方をするだろうな。
textdetox@01907546324b0330d2d8b7669648cc18823323e5/ja/001503	ja	1	パヨクの悪辣さが、あらためてよく分かるよな…。
textdetox@01907546324b0330d2d8b7669648cc18823323e5/ja/001504	ja	1	韓国車はアメドラによく出てくるからな
textdetox@01907546324b0330d2d8b7669648cc18823323e5/ja/001505	ja	1	たむけん＋辛坊って…   胡散臭く感じるのは俺だけ？
textdetox@01907546324b0330d2d8b7669648cc18823323e5/ja/001506	ja	1	大阪もこんなアホな市とは姉妹都市を解消すればいいのにな
textdetox@01907546324b0330d2d8b7669648cc18823323e5/ja/001507	ja	1	在コがいなくなり、その利権が完全消滅すれば、   自動的に「ネトウヨ」はいなくなるんだけどな
textdetox@01907546324b0330d2d8b7669648cc18823323e5/ja/001508	ja	1	あいつら馬鹿だから英雄だの何だので意味不な持上げでもすんじゃね
textdetox@01907546324b0330d2d8b7669648cc18823323e5/ja/001509	ja	1	兵庫も老害が通りやがったが、東京のこの選挙、自民がここまで負けちまったのは、   あの朝鮮禿と内田や森元の老害が元凶だな…。
textdetox@01907546324b0330d2d8b7669648cc18823323e5/ja/001510	ja	1	>だが、親韓議員の「乳出しチマチョゴリ」着用の義務化は許可する。     えっ？福島瑞穂のとか見たいの？
textdetox@01907546324b0330d2d8b7669648cc18823323e5/ja/001511	ja	1	レーザー兵器も、馬鹿げてると言われてたけど、   実用化しつつあるからなぁ
textdetox@01907546324b0330d2d8b7669648cc18823323e5/ja/001512	ja	1	コメント欄くっさ   チョンの振りしたりネトウヨの振りしたり   対立煽りでアフィ収入がうまいんだろな
textdetox@01907546324b0330d2d8b7669648cc18823323e5/ja/001513	ja	1	自主みたいだから、身代わりかも知れない   本当は朝日の記者とか民主党の議員が犯人だったら   大笑いするのにｗｗｗ
textdetox@01907546324b0330d2d8b7669648cc18823323e5/ja/001514	ja	1	昔、アメリカで   泥棒がプール付きの大邸宅に侵入して   プールに落ち込んで死亡した後に   遺族が「プールの管理責任に落ち度があった」と裁判に訴えたことがありました。
textdetox@01907546324b0330d2d8b7669648cc18823323e5/ja/001515	ja	1	韓国の国民感情に配慮しろとか言ってるし既に日本人を裏切ってんだろ
textdetox@01907546324b0330d2d8b7669648cc18823323e5/ja/001516	ja	1	スマイリーキクチの件は逆にネット側へきちんと楔を打ち付けておくべきだったとは思う   あれをなあなあにしたから、なんJ民やらの個人情報晒しが「冗談」で有耶無耶にされたり   嫌儲民のストーカーじみた行為を強く糾弾する事がなかったりするんだと思うので
textdetox@01907546324b0330d2d8b7669648cc18823323e5/ja/001517	ja	1	デフレ下での10パーセントと、インフレ下の10パーセントでは比べるまでもない。   民主党のままでいいとは言ってない。とくに防衛面と外交面で。   鳩山のせいで沖縄の問題がずるずるまだ引きずってるわけだし。   韓国と組んだあたりから法則発動だろ。
textdetox@01907546324b0330d2d8b7669648cc18823323e5/ja/001518	ja	1	原発事故死者１３６８人ってどっから持ってきた？
textdetox@01907546324b0330d2d8b7669648cc18823323e5/ja/001519	ja	1	韓国のことで抗議すると、ネット右翼とレッテル貼られるのか。   だったら電話で抗議した人はデンワ右翼だよね。
textdetox@01907546324b0330d2d8b7669648cc18823323e5/ja/001520	ja	1	外務省は下っ端まで全員が腐っているよ。   試しに電話してみるといい。   血税で食っているくせに何様のつもりだ？と言いたくなる横柄な態度で応答するバカしかおらん。
textdetox@01907546324b0330d2d8b7669648cc18823323e5/ja/001521	ja	1	マスゴミっていう言い方は思ったよりも   ゴミ共に効いてたみたいだな   これからも積極的に使っていくわ
textdetox@01907546324b0330d2d8b7669648cc18823323e5/ja/001522	ja	1	粘膜部分に強アルカリ物質かあ   日常にはない刺激が味わえそうですね
textdetox@01907546324b0330d2d8b7669648cc18823323e5/ja/001523	ja	1	テロリンQなんぞ、東北の時「この人たちは人を殺したくて自衛隊になったんですかねえｗ」とか言いやがったぞ
textdetox@01907546324b0330d2d8b7669648cc18823323e5/ja/001524	ja	1	ドイツの有名フライパンメーカーが韓国に生産工場を作ったから   以後タケノコの如くフライパン製造会社が乱立中
textdetox@01907546324b0330d2d8b7669648cc18823323e5/ja/001525	ja	1	剥奪嘆願でもしてみるかい？   気象士に関しては初犯だし、他の実績実質的にないから運営の判断は謎だよ
textdetox@01907546324b0330d2d8b7669648cc18823323e5/ja/001526	ja	1	自分も韓国系だろと思ったけど   キムは名字じゃないんだな
textdetox@01907546324b0330d2d8b7669648cc18823323e5/ja/001527	ja	1	引越しを強要したら心身症に成る   神戸市の公的な自殺予防電話の職員はクソやから   電話の需要が無いからな……
textdetox@01907546324b0330d2d8b7669648cc18823323e5/ja/001528	ja	1	世界が韓国から孤立してんだよ。
textdetox@01907546324b0330d2d8b7669648cc18823323e5/ja/001529	ja	1	八王子のとらのあなのビルはパチンコ屋が数件入ってたが、去年すべて店じまいしてたから   閉店にはそういうものも関係してるのかな。
textdetox@01907546324b0330d2d8b7669648cc18823323e5/ja/001530	ja	1	馬鹿には「馬鹿」と言い返してやらないと、馬鹿の戯れ言が本物かのように世界を席巻してしまう。
textdetox@01907546324b0330d2d8b7669648cc18823323e5/ja/001531	ja	1	胴長短足w   うちの犬の親類かなんかかwww
textdetox@01907546324b0330d2d8b7669648cc18823323e5/ja/001532	ja	1	野放しにされてきたパヨクへの厳罰再稼働という意味でも正解だろ     パヨクにとっては当然阻止したいわな
textdetox@01907546324b0330d2d8b7669648cc18823323e5/ja/001533	ja	1	だから在日向け機関紙なんだってば   日本人用じゃないの
textdetox@01907546324b0330d2d8b7669648cc18823323e5/ja/001534	ja	1	韓国は治安いいつっても詐欺とか偽証罪とか日本の数十～数百倍やで   比率に直すと洒落にならんくらい違う
textdetox@01907546324b0330d2d8b7669648cc18823323e5/ja/001535	ja	1	個人的にはi phone SEぐらいの大きさがスマホとしては使い勝手がいいな。   大画面みたいなら別にタブレットなりpcなりがあればいいかと。   SEだとある程度厚みがあるから曲がりにくそうだし。   でも、あんまり人気ないね。
textdetox@01907546324b0330d2d8b7669648cc18823323e5/ja/001536	ja	1	当たり前だよねww   同盟国のアメリカと、敵国宣言の朝鮮人   比べようが無いだろ、日本に住んでられるだけ有り難いと思え、クソババアww
textdetox@01907546324b0330d2d8b7669648cc18823323e5/ja/001537	ja	1	韓国嫌いを批判したその顔で「日本は嫌い」と言いそうだよな
textdetox@01907546324b0330d2d8b7669648cc18823323e5/ja/001538	ja	1	福岡支那領事館「今、必死で探しているアル！。」
textdetox@01907546324b0330d2d8b7669648cc18823323e5/ja/001539	ja	1	日本は歴史がある大国って…ひょっとして思ってるかもやけどちゃうよ？敗戦してできた新興国なんやからな??   いやーネトウヨにはホンマにびびるわ。またボコボコに躾されたいん?www
textdetox@01907546324b0330d2d8b7669648cc18823323e5/ja/001540	ja	1	お花畑な女子大学に拾ってもらったくせに教え子に手を出してチンポ入れてるしょーもないオッサンやん
textdetox@01907546324b0330d2d8b7669648cc18823323e5/ja/001541	ja	1	いや、紛争時の投擲物としてウンコはよく使われてる。主に土人の狩場争いとかで。
textdetox@01907546324b0330d2d8b7669648cc18823323e5/ja/001542	ja	1	死んで悲しまれなかったり、喜ばれたりするような人にはなりたくないねぇ。   人は死んだときにその人となりが分かると言うし。     人徳者になると死んだときパヨクに喜ばれるだろうけどそういうのは置いといて。
textdetox@01907546324b0330d2d8b7669648cc18823323e5/ja/001543	ja	1	あれは、ネトウヨじゃなくて現場ウヨｗ
textdetox@01907546324b0330d2d8b7669648cc18823323e5/ja/001544	ja	1	当の拉致被害者家族に否定されて逃亡   マスゴミはスルーして追及せず     淋病太郎だかなんだか知らんが、てめえの身内の行動を正してから質問の場に出て来いやボケが
textdetox@01907546324b0330d2d8b7669648cc18823323e5/ja/001545	ja	1	>同市西成区旭の無職、元（もと）暁子容疑者（４４）     破られた方はこちら   >無所属新人の中川暢三氏（５９）
textdetox@01907546324b0330d2d8b7669648cc18823323e5/ja/001546	ja	1	パチンコホール企業は香港に上場している。   ダイナム、ニラク、オークラホールディングス（屋号ビッグアップル）
textdetox@01907546324b0330d2d8b7669648cc18823323e5/ja/001547	ja	1	むりやり外国人を雇うとヤマトがいったわけでもないのに、なにを必死になってるの？
textdetox@01907546324b0330d2d8b7669648cc18823323e5/ja/001548	ja	1	パヨクは野党のときは与党を罵倒、   与党の時は現地を恫喝。   それしか出来ない。   「（民主党を選ばないという）そういう選択をされるのであれば、民主党政権は長崎に対し“それなりの姿勢”を示すだろうと私は思います」
textdetox@01907546324b0330d2d8b7669648cc18823323e5/ja/001549	ja	1	F-2が西暦2000年にちなんで「平成の零戦」とか「バイパーゼロ」と言われているけどな。
textdetox@01907546324b0330d2d8b7669648cc18823323e5/ja/001550	ja	1	そりゃそっちの方がいいわ。腐れマスゴミどもマジで五臓六腑が煮えてまう。
textdetox@01907546324b0330d2d8b7669648cc18823323e5/ja/001551	ja	1	野党「何をしても無駄だから諦めて日本人は死ね」   こういいたいようにしか見えないｗ
textdetox@01907546324b0330d2d8b7669648cc18823323e5/ja/001552	ja	1	以前、韓国国内向けのニュースで、韓国人の7割超が何らかの精神疾患だか人格障害だかってニュースあったじゃん。
textdetox@01907546324b0330d2d8b7669648cc18823323e5/ja/001553	ja	1	どうもチョンのキムチ臭から逃げてきました。
textdetox@01907546324b0330d2d8b7669648cc18823323e5/ja/001554	ja	1	と言うか死亡フラグしか見えない名前だよな。この手の名前   次世代で定着しつつあったのに変える悪手   選挙に対するセンスはない政党だから困るんだよな
textdetox@01907546324b0330d2d8b7669648cc18823323e5/ja/001555	ja	1	ずっと認定ばかりだなｗ   記者の性別はどこかに書いてあったのか？   13艦隊やヨホ牛が男性っぽいのはわかるがそれとてはっきり書いていないだろ？
textdetox@01907546324b0330d2d8b7669648cc18823323e5/ja/001556	ja	1	参院選のさ中、   共産党の候補者が「人殺し」だ言って演説してたけど、   真横に下校中の小学生がぞろぞろ歩いているのに、   お構いなしに人殺し連呼で小学生ドン引きだった。
textdetox@01907546324b0330d2d8b7669648cc18823323e5/ja/001557	ja	1	出生届は産まれてから一週間以内に出す決まりだから   八月六日前後に産まれた在日は   みんな八月六日にしてたりして。
textdetox@01907546324b0330d2d8b7669648cc18823323e5/ja/001558	ja	1	だね。立場をはっきりして、かかる法律も整備しないと、今のままでは   手足を縛られたままで「マイクタイソンをKOしてこい」って言われてるボクサーの状態だからね。
textdetox@01907546324b0330d2d8b7669648cc18823323e5/ja/001559	ja	1	背中と頭みたいだから殺意満々だね。若いし自棄になってたら二次被害出るかも
textdetox@01907546324b0330d2d8b7669648cc18823323e5/ja/001560	ja	1	募金だから商売ではない。   女がお金もらってなければOK
textdetox@01907546324b0330d2d8b7669648cc18823323e5/ja/001561	ja	1	当初の予定がこの影響で1週間遅延することになったのに？   それでトラブルじゃないと言うなら、それは毎度の「トラブルとは認めない」って奴だな   きっと実際に汚染漏洩くらいしない限り、何があってもトラブルじゃないと言い張るんだろうね
textdetox@01907546324b0330d2d8b7669648cc18823323e5/ja/001562	ja	1	身を削ってサヨクは馬鹿だとアピールしてるんだぞ   どんなに馬鹿にされようと自分の事は省みず国の事を思う憂国の士だぞ     田嶋陽子先生もそんな感じ
textdetox@01907546324b0330d2d8b7669648cc18823323e5/ja/001563	ja	1	韓国で反日なのは政府とマスコミだけで大半の国民は日本を嫌ってない。   って誰か言ってなかったか？
textdetox@01907546324b0330d2d8b7669648cc18823323e5/ja/001564	ja	1	いやね、「日本民族」なんてはじめて聞いたからどこの支那人かと思ってな   すまんすまん
textdetox@01907546324b0330d2d8b7669648cc18823323e5/ja/001565	ja	1	確認はできんがとりあえずよかった。   情報流した犯罪者の罪はきえないがな。
textdetox@01907546324b0330d2d8b7669648cc18823323e5/ja/001566	ja	1	アホか   非常時に退避できないなら今のうちに退避させておくべきだろうに   なにモタモタしてるんだか
textdetox@01907546324b0330d2d8b7669648cc18823323e5/ja/001567	ja	1	>表現の自由の一貫     パヨク理論では何をしても「表現の自由の一貫」らしいな
textdetox@01907546324b0330d2d8b7669648cc18823323e5/ja/001568	ja	1	ネスレのアメリカ本社ってカリフォルニア・グレンデール市にあるんだよね   あの不細工な韓国売春婦像があるんだよね
textdetox@01907546324b0330d2d8b7669648cc18823323e5/ja/001569	ja	1	異端審問の残虐性を知れば、信長秀吉が禁止令を出したのもわかる。   ３００年間も罪のない一般市民を×しまくってんだもんな
textdetox@01907546324b0330d2d8b7669648cc18823323e5/ja/001570	ja	1	そんな教科書通りのことは分かっているが、気違いの犯罪だからこそ無罪放免で許されるべきではないのだ。
textdetox@01907546324b0330d2d8b7669648cc18823323e5/ja/001571	ja	1	マスゴミが「実感なき景気回復」みたいにいうのは、じつは、   信用されなくなって、売り上げが落ち込んでいるメディア業界だけのことかも。
textdetox@01907546324b0330d2d8b7669648cc18823323e5/ja/001572	ja	1	そりゃあ、首都である東京よりも、在日の数は多いもんな。   拠点が有っても不思議な話じゃ無いよw。
textdetox@01907546324b0330d2d8b7669648cc18823323e5/ja/001573	ja	1	死者出てんのに殺人未遂なの？     なんで未遂扱いなの？
textdetox@01907546324b0330d2d8b7669648cc18823323e5/ja/001574	ja	1	なんで韓国だけ流行りまくりなのがわからん。人➡人感染しずらいとか見た気がするが、
textdetox@01907546324b0330d2d8b7669648cc18823323e5/ja/001575	ja	1	深追いすると発端が韓国記事だというのがばれるからだろ
textdetox@01907546324b0330d2d8b7669648cc18823323e5/ja/001576	ja	1	あの糞アニメを良いとか言えるとは、相当なマニアだな
textdetox@01907546324b0330d2d8b7669648cc18823323e5/ja/001577	ja	1	在特だけとは限らん。どこまで広がる規制か読めないから問題んだぞ。解放同盟や在日に使える道具を与えてるだけになるかもわからん。
textdetox@01907546324b0330d2d8b7669648cc18823323e5/ja/001578	ja	1	パチンコもよくやってたらしいし   パチンコだけにしとけばよかったのにな
textdetox@01907546324b0330d2d8b7669648cc18823323e5/ja/001579	ja	1	1位の安倍はわかるが、２位がチョン次郎って、此奴選んだの日本人なのか？   世論調査は、ちゃんと日本の選挙権を持っている人間を対象にすべきだよ。
textdetox@01907546324b0330d2d8b7669648cc18823323e5/ja/001580	ja	1	韓国は、既にＮＳＡ（米国安全保障局）の「敵対国」にも指定されている。   既に、見直しが始まっているよ。
textdetox@01907546324b0330d2d8b7669648cc18823323e5/ja/001581	ja	1	叩くのなら、こんな些末とこ叩かないで、違う箇所叩けよ、   たとえば、パチンコ利権とか、カジノ利権（パチンコ大手）とか、   B－Cas利権（これのお陰で、日本のTVは、海外に比べ割高）とか。
textdetox@01907546324b0330d2d8b7669648cc18823323e5/ja/001582	ja	1	オカ板チェックしたらスレ番831まで逝ってた     爬虫類系の卵ってどんな食味なのか関心あるような無いような   美味しんぼでも食べてた記憶が無いんだよな
textdetox@01907546324b0330d2d8b7669648cc18823323e5/ja/001583	ja	1	ヒント     安倍さんは韓国式焼肉が大好き
textdetox@01907546324b0330d2d8b7669648cc18823323e5/ja/001584	ja	1	やつは事務にケツの穴を捧げた   諦めろ
textdetox@01907546324b0330d2d8b7669648cc18823323e5/ja/001585	ja	1	ウーマン村本の言ってたチンパンジーって、此奴等だったんだ
textdetox@01907546324b0330d2d8b7669648cc18823323e5/ja/001586	ja	1	そういえば在日朝鮮人が川崎市職員になったって以前どこかメディアで自慢してたわ
textdetox@01907546324b0330d2d8b7669648cc18823323e5/ja/001587	ja	1	ドルオタみたいに人殺すのがいないだけマシだわ。     昼間なのに駅で撮るなんて不粋な奴らは総じて屑だけどな。
textdetox@01907546324b0330d2d8b7669648cc18823323e5/ja/001588	ja	1	ハゲも組織委員会もこの問題を甘く見ている。   国民が冷めてしまえば、取り返しがつかないぞ。
textdetox@01907546324b0330d2d8b7669648cc18823323e5/ja/001589	ja	1	いや、捕まらずに周りから切られ発狂する様が見たいwww   後は一生どこかに隔離しとけ。   あっさり死刑はもったいないわ。
textdetox@01907546324b0330d2d8b7669648cc18823323e5/ja/001590	ja	1	日本の国内組っていう言葉から   Jリーグに来てる韓国人っていうのはおかしくないか？   国内組っていうと普通に   Jリーグでプレイしてる日本人選手の事を指すだろ？
textdetox@01907546324b0330d2d8b7669648cc18823323e5/ja/001591	ja	1	皇室を貶める＝現天皇夫妻は絶対貶しちゃいけない   でも、秋篠宮家には何を言ってもＯＫ、ってのが長年使ってきた言葉   男系男子継承だったら、現状一番若い継承者の悠仁様１２歳が継げばいいだけ。   なんで１７歳の内親王を優先するの？という問いの答えは？
textdetox@01907546324b0330d2d8b7669648cc18823323e5/ja/001592	ja	1	朴大統領「慰安婦被害者の名誉と尊厳と心の傷を癒やす事業が実施されれば、   この問題が再び議論されることはない」って言ってるけど   「事業」って何？   韓国の満足する「事業」が「実施」されなければ再び議論OKって事でしょ？
textdetox@01907546324b0330d2d8b7669648cc18823323e5/ja/001593	ja	1	紳助や山本、河本の時と違って擁護する芸人がまだいないような   まじでヤバイって感じてるのかな
textdetox@01907546324b0330d2d8b7669648cc18823323e5/ja/001594	ja	1	味方が一番支えが欲しい時に平気で背中から撃つゴミ屑
textdetox@01907546324b0330d2d8b7669648cc18823323e5/ja/001595	ja	1	しれっとウソを流すマスゴミ   政治部に巣くう病原菌を除去するチャンスだぞテレビ局   間違うと局自体の存亡に関わるぞ
textdetox@01907546324b0330d2d8b7669648cc18823323e5/ja/001596	ja	1	違う、公務員の天下り先は、公益法人や財団法人   NPO法人は、在日韓国人の隠れ蓑
textdetox@01907546324b0330d2d8b7669648cc18823323e5/ja/001597	ja	1	ミンス党政権復活させようとしてるんだろマスゴミは
textdetox@01907546324b0330d2d8b7669648cc18823323e5/ja/001598	ja	1	宗教なんてロクでもないとよくわかるよね   いつの時代も、宗教を悪用しようとする輩が出てくるもんだな   イスラム、キリスト、仏教、どれもこれも
textdetox@01907546324b0330d2d8b7669648cc18823323e5/ja/001599	ja	1	もう安保も可決されたんだ   あとは俺の童貞問題だろ？
textdetox@01907546324b0330d2d8b7669648cc18823323e5/ja/001600	ja	1	あなたもカルト宗教を容認するんだ…     ヤッパリこの板の異常さはカルト宗教に対して寛容でカルト信者のたまり場になってるからだと思う。
textdetox@01907546324b0330d2d8b7669648cc18823323e5/ja/001601	ja	1	東亜＋のニダが消されてるのは驚いた   韓国に都合の悪いレスは削除かもしれんな
textdetox@01907546324b0330d2d8b7669648cc18823323e5/ja/001602	ja	1	人？   海保と救難訓練を何度もやってたのに、その海保の手助けを蹴って   訓練もどこへやらで子供を見殺しにしたシロモノが人？
textdetox@01907546324b0330d2d8b7669648cc18823323e5/ja/001603	ja	1	これは、安倍自公信者によるテロリズム   だから安倍自公はコメントを避けている
textdetox@01907546324b0330d2d8b7669648cc18823323e5/ja/001604	ja	1	日本が蛮族扱いされてた頃のあのあたりの文明度は世界でもトップレベルだったからな   世界の起源である韓国からしたらファビョーんなのかもしれんけど、日本人はそうだねって感じじゃないのか？♥♦♦
textdetox@01907546324b0330d2d8b7669648cc18823323e5/ja/001605	ja	1	あるいは人頭税の制定で   在外韓国人も祖国に貢献したという自尊心を満たせるようになる
textdetox@01907546324b0330d2d8b7669648cc18823323e5/ja/001606	ja	1	これのどこがニュースで速報なん？   パヨク出て行けは同感だけど、板違いはやめようぜ
textdetox@01907546324b0330d2d8b7669648cc18823323e5/ja/001607	ja	1	アメリカのどこへ行っても韓国人売春婦ばかりﾆﾀﾞ   誇らしいﾆﾀﾞ
textdetox@01907546324b0330d2d8b7669648cc18823323e5/ja/001608	ja	1	これ以上安倍の奴隷になるのはうんざりだ
textdetox@01907546324b0330d2d8b7669648cc18823323e5/ja/001609	ja	1	ホントにそう思うわ。   間違って日本に来た人は申し訳ない。   人を人とも思わず奴隷か税金の取り分としか   思ってないからな
textdetox@01907546324b0330d2d8b7669648cc18823323e5/ja/001610	ja	1	前張りも叩けばうぢゃうぢゃホコリが出るのに、さすがクズだな   北と中国の代理戦争か？w   まあつぶしあってくれりゃ手間がはぶけていいや
textdetox@01907546324b0330d2d8b7669648cc18823323e5/ja/001611	ja	1	攻撃目標が軍事施設から、日本人に変わったしね。     まっ、殺しあいだし。
textdetox@01907546324b0330d2d8b7669648cc18823323e5/ja/001612	ja	1	確かに、「犬死」だが、そうでもしないと、後日の災難がそれ以上になるもんな…。
textdetox@01907546324b0330d2d8b7669648cc18823323e5/ja/001613	ja	1	魚雷だか誘導弾だか作ってるダイキンもｗ
textdetox@01907546324b0330d2d8b7669648cc18823323e5/ja/001614	ja	1	なんか前に韓国に被害者としてのアドバイザーがついてるって   つべでみたことあるわ、もちろんユダヤのね   とくに慰安婦像設置とかではユダヤが資金提供もしてるらしいよ
textdetox@01907546324b0330d2d8b7669648cc18823323e5/ja/001615	ja	1	子供焼き殺した後に宴会した異常者のイメージ
textdetox@01907546324b0330d2d8b7669648cc18823323e5/ja/001616	ja	1	あきらかに現状認識できてない馬鹿って解るんやけど   何故か野党はスルーとかだったら笑えんで
textdetox@01907546324b0330d2d8b7669648cc18823323e5/ja/001617	ja	1	左翼と性犯罪の親和性の高さはガチ
textdetox@01907546324b0330d2d8b7669648cc18823323e5/ja/001618	ja	1	印象操作は香山だろう。   国民の多くはそう思っている。   パヨクの悪事がバレそうだから必死に喚いている。
textdetox@01907546324b0330d2d8b7669648cc18823323e5/ja/001619	ja	1	今回は移民二世だったけど、次は難民一世がテロリストになるよ   入ってくるときは正真正銘の難民だから区別しようがない
textdetox@01907546324b0330d2d8b7669648cc18823323e5/ja/001620	ja	1	なんかの本に書かれてあったよね   本田宗一郎の韓国での苦い体験
textdetox@01907546324b0330d2d8b7669648cc18823323e5/ja/001621	ja	1	北斗の拳で、   ケンシロウに、モヒカンを殺さず話し合え   と言っているに等しいな。
textdetox@01907546324b0330d2d8b7669648cc18823323e5/ja/001622	ja	1	それに支那を足したら、絶賛！豪姦中！！
textdetox@01907546324b0330d2d8b7669648cc18823323e5/ja/001623	ja	1	でもあれよく考えたら最後ボスゴリラがテロリストみたいなものになっちゃうじゃないですかーやだー   日本の今を考えるとそれって笑えない(´・ω・`)
textdetox@01907546324b0330d2d8b7669648cc18823323e5/ja/001624	ja	1	田中ってチョンモニの和服ババアじゃん。   奴が総長とか中核の収容所状態やん？
textdetox@01907546324b0330d2d8b7669648cc18823323e5/ja/001625	ja	1	アメリカで取り締まりが強化されたから、東南アジアへ逃げて来たのかwww   少し前まではオーストラリアでも同じようにしていた。   まあ、日本国内にも在日朝鮮人が経営する売春宿(慰安所)が、今世紀初頭も実在していたし、朝鮮人の売春産業は国際社会で協力して撲滅すべき犯罪。
textdetox@01907546324b0330d2d8b7669648cc18823323e5/ja/001626	ja	1	人を殺すための予算だから防衛力になるんだよ     殺せない予算なんか防衛にならんわ
textdetox@01907546324b0330d2d8b7669648cc18823323e5/ja/001627	ja	1	そういえば韓国人が大統領をやる国があるらしいな…
textdetox@01907546324b0330d2d8b7669648cc18823323e5/ja/001628	ja	1	テキサス親父がアメリカ公文書館から取り寄せた米軍が調べた日本軍慰安婦調査書に   慰安婦がきちんと保護されていること人権侵害などないことが書いてあると   証明してくれた。これだけでもアメリカに足を向けて寝られないんだよね。
textdetox@01907546324b0330d2d8b7669648cc18823323e5/ja/001629	ja	1	本物の芸人に失礼なレベルだけどね   話術じゃなくてマジでボケてるだけだし
textdetox@01907546324b0330d2d8b7669648cc18823323e5/ja/001630	ja	1	日本にシリアルキラー予備軍が蔓延っている可能性がありますね   殺人狂やサイコ系犯罪はフィクションではなかなか面白いのですが、実社会で起きてしまうと恐ろしいだけですね
textdetox@01907546324b0330d2d8b7669648cc18823323e5/ja/001631	ja	1	韓国の学者（空想歴史学者）って史実の歴史を知らないじゃん(´・ω・`)
textdetox@01907546324b0330d2d8b7669648cc18823323e5/ja/001632	ja	1	スレタイでマサオ暗殺スレかとおもったらVXのスレだった。   ごめん。
textdetox@01907546324b0330d2d8b7669648cc18823323e5/ja/001633	ja	1	日本はホンマ平和つうか、骨抜きにされたつうか、、、。   出来るんなら、ミンスなんか粉々にして議員や関係者どもをひとりずつどんな反逆行為したか晒してから公開処刑してやりたいわ。     ミンスを追求出来へん政治家マスゴミらまで処する法律作って欲しい。
textdetox@01907546324b0330d2d8b7669648cc18823323e5/ja/001634	ja	1	でもコレ実際、痴漢冤罪仕立てるわ緊急停止ボタン押すわの中国女を無罪放免したんだろ？警官は   刑事事件の現行犯を放流していいもんなの？警官って
textdetox@01907546324b0330d2d8b7669648cc18823323e5/ja/001635	ja	1	これ、高市がおばさんだから言ってるんだよね。   若くない女は醜い、ってことで。     太田は高市だけ傷つけてるつもりかもしれないけど、多くを傷つけてると思うよ。
textdetox@01907546324b0330d2d8b7669648cc18823323e5/ja/001636	ja	1	半島が消滅して、北東アジアの主要国は日本と支那だけになるってことかな？
textdetox@01907546324b0330d2d8b7669648cc18823323e5/ja/001637	ja	1	枢機卿のユニフォームは派手で宗教家にふさわしくない
textdetox@01907546324b0330d2d8b7669648cc18823323e5/ja/001638	ja	1	イスラム国もそうだけど死ぬのを恐れないで神風アタックしてくるキチガイは怖いだろ(笑)
textdetox@01907546324b0330d2d8b7669648cc18823323e5/ja/001639	ja	1	日本に【テロ】【テロリズム】という概念が定着するのが嫌なんだよＮＨＫも朝日新聞も     そんな概念が定着したら、自分達の思想がテロ思想とバレるから
textdetox@01907546324b0330d2d8b7669648cc18823323e5/ja/001640	ja	1	学生運動してた糞左翼とシナスパイ忘れてる
textdetox@01907546324b0330d2d8b7669648cc18823323e5/ja/001641	ja	1	てかここで孫崎を出すってネトウヨと言う単語をドヤ顔で使うやつはろくなのがいないって話のソースが追加されるだけではないのかｗ   それともそれが目的なのか、受けを狙ったのか、皮肉のつもりなのか     あるいは真性でなぜ笑われたか理解できないのか。さあどーれだ？
textdetox@01907546324b0330d2d8b7669648cc18823323e5/ja/001642	ja	1	嫌韓日本人がクネ婆にチンコ噛み千切られる同人誌とか？
textdetox@01907546324b0330d2d8b7669648cc18823323e5/ja/001643	ja	1	自民党はそんなに好きじゃないが、日本人にとっては安倍さんがbetterだわな。   他誰かいる？
textdetox@01907546324b0330d2d8b7669648cc18823323e5/ja/001644	ja	1	どうしようもないぐらいに強かったのに   注射力士だと知った時はがっかりしたよ   だけど本当の横綱と呼ぶに相応しい力士だった   ご冥福を
textdetox@01907546324b0330d2d8b7669648cc18823323e5/ja/001645	ja	1	学問として取り入れてるから   日本では｢儒教｣じゃなく｢儒学｣なんだよね     要は大陸の方では、礼法や道徳を｢宗教｣の教義として強制させないといかん位、人心が荒廃してた♦♣♥
textdetox@01907546324b0330d2d8b7669648cc18823323e5/ja/001646	ja	1	シンプルに、外国籍の人間が犯罪起こしたら（窃盗等微罪から勘案）   原則として国外退去処分にすればいいだけだけどね
textdetox@01907546324b0330d2d8b7669648cc18823323e5/ja/001647	ja	1	AIに支配される方が韓国人にとって幸せだと思う。
textdetox@01907546324b0330d2d8b7669648cc18823323e5/ja/001648	ja	1	まさに呉越同舟。   自民党内にも親中親韓派は多い。
textdetox@01907546324b0330d2d8b7669648cc18823323e5/ja/001649	ja	1	やめろ   銅像にまで整形が及んだらオレの腹筋が死ぬww
textdetox@01907546324b0330d2d8b7669648cc18823323e5/ja/001650	ja	1	横並びの強要は奴隷育成には欠かせない行程なんですよ
textdetox@01907546324b0330d2d8b7669648cc18823323e5/ja/001651	ja	1	女は、やりたいときだけ自立できて   面倒になったら男の庇護下に隠れることができると思い込んでいたが   世の中はそんなに甘くなく、自立する権利を得た時点で   自立する義務と責任も負うことになってしまったってことだ。
textdetox@01907546324b0330d2d8b7669648cc18823323e5/ja/001652	ja	1	日本語は確かですか？   、韓国で検討されている7親等まで遡る＞意味不明ですよｗ
textdetox@01907546324b0330d2d8b7669648cc18823323e5/ja/001653	ja	1	それを承知のレス   キモいよね奴等は
textdetox@01907546324b0330d2d8b7669648cc18823323e5/ja/001654	ja	1	山城みたいなかんじで、核武装して、物資やなんやら断って、餓死しかけでも   自立！自立！みたいな籠城してたい人らの仲間たちなん？ おざーさんも
textdetox@01907546324b0330d2d8b7669648cc18823323e5/ja/001655	ja	1	日本の共産党って中国と北朝鮮しか通用しないんだろ。   日本に寄生する日本もどき外人なんだね。   どう自衛隊さん、実弾射撃訓練用に誘拐して使って見たらどう？   じばき隊も結構しぶといから格闘訓練用にうってつけだと思う。
textdetox@01907546324b0330d2d8b7669648cc18823323e5/ja/001656	ja	1	とりあえず武装しようぜ   せめて殺しにきたやつくらいは返り討ちにしてやりたい
textdetox@01907546324b0330d2d8b7669648cc18823323e5/ja/001657	ja	1	アメリカは３回脱走または障害事件を起こしたら動物管理局に強制送還らしいね。   これ良いとおもうけどな
textdetox@01907546324b0330d2d8b7669648cc18823323e5/ja/001658	ja	1	壊死でもしてたんか。なぜ気づかん
textdetox@01907546324b0330d2d8b7669648cc18823323e5/ja/001659	ja	1	これ。   死亡した作業員が本当に名簿にある当人かどうか鑑定しないといけないからね
textdetox@01907546324b0330d2d8b7669648cc18823323e5/ja/001660	ja	1	そういう低レベルな在日認定はやめれ。   問題は背後にJRの労組がいるという事だ。
textdetox@01907546324b0330d2d8b7669648cc18823323e5/ja/001661	ja	1	君って朝鮮系？   天皇陛下を王とかって不敬でしょ
textdetox@01907546324b0330d2d8b7669648cc18823323e5/ja/001662	ja	1	下朝鮮韓国人はそもそも孫か徳かだけで中立と言うのが存在しないから･･･
textdetox@01907546324b0330d2d8b7669648cc18823323e5/ja/001663	ja	1	チンコケースとか具体的な方法言わなくて何が悪いって逆切れしてたな
textdetox@01907546324b0330d2d8b7669648cc18823323e5/ja/001664	ja	1	朝日筆頭に 報道ヘリ邪魔！だったらしいね
textdetox@01907546324b0330d2d8b7669648cc18823323e5/ja/001665	ja	1	よくある展開   脱走→大騒ぎ→本人隠れてるのが見つかる→検査結果陰性→人騒がせだな〜   韓国の場合   脱走→大騒ぎ→本人が積極的に人にうつそうと画策→検査結果陽性→シャレにならない
textdetox@01907546324b0330d2d8b7669648cc18823323e5/ja/001666	ja	1	広島弁で書かないと臨場感が出ないよ。     「わいの○○ちゃんに手出ししよって。わいへの愛は嘘やったんか、みんな、死にくされ」
textdetox@01907546324b0330d2d8b7669648cc18823323e5/ja/001667	ja	1	おいこら、俺は東電さんたちの勇敢な行為を大絶賛してるんだが   どこが放射能なのかキッチリ説明しろよ   運が良かったってのは「あれだけの事故が起きて無事なのは   正直言って偶然だった」って事だよ
textdetox@01907546324b0330d2d8b7669648cc18823323e5/ja/001668	ja	1	中国もそうだが韓国は   契約書にサインしてからが本番とか言い出すような連中
textdetox@01907546324b0330d2d8b7669648cc18823323e5/ja/001669	ja	1	野党のダブスタこれで何回目だっけ？
textdetox@01907546324b0330d2d8b7669648cc18823323e5/ja/001670	ja	1	日本円で詐欺がおこったら日本円に信頼性の担保が無いっていうの?
textdetox@01907546324b0330d2d8b7669648cc18823323e5/ja/001671	ja	1	いや。今のDDoSはホントにたどれんよ。   ロシアのサイトで時間貸とか、犯罪経済ともいうべき状況だからな
textdetox@01907546324b0330d2d8b7669648cc18823323e5/ja/001672	ja	1	NHK焼き討ちにして職員全員共犯で斬首して   途轍もなく余裕のある運営費で新社屋立てればいいよもう
textdetox@01907546324b0330d2d8b7669648cc18823323e5/ja/001673	ja	1	高校でるまで淡路島にいたけど、あの島に在日って   あんまりいなかったと思う。北のほうは知らんけど。   俺の知るかぎり一家族だけだったな。   まあ来ても仕事ないしなｗ
textdetox@01907546324b0330d2d8b7669648cc18823323e5/ja/001674	ja	1	そういえば中国人のパチンコ経営者って見た事ないなあ   …しかし、あいつ等、嘘ばかりだなあ
textdetox@01907546324b0330d2d8b7669648cc18823323e5/ja/001675	ja	1	韓国政府には存在を把握されている身分だよね？w。   半島から米軍が撤退したり動乱が起こると、固まって住んでいれば、「回収されやすく」なるよな？www。   貰った餅には、とんでもない毒が入れられていたりしてなwww。
textdetox@01907546324b0330d2d8b7669648cc18823323e5/ja/001676	ja	1	大阪を二分する争いで在日がー売国がーとか全然関係ない気がするけど   そんな単純な都構想じゃねーじゃん   今回はネットのバッシング合戦がやや低俗すぎるような気がしたわ
textdetox@01907546324b0330d2d8b7669648cc18823323e5/ja/001677	ja	1	やっぱ韓国ではなく、韓国を支援したい議員への配慮ってとこだろう   根底には来年の選挙があるんだと思う
textdetox@01907546324b0330d2d8b7669648cc18823323e5/ja/001678	ja	1	やめて！     朝日新聞が死んじゃう(w
textdetox@01907546324b0330d2d8b7669648cc18823323e5/ja/001679	ja	1	普通にやってれば鳥に負ける要素は無いんだよな。   パヨクを統合してマスコミ味方につけて。   1番のリスクが痴呆症の疑いまである鳥本人という皮肉。
textdetox@01907546324b0330d2d8b7669648cc18823323e5/ja/001680	ja	1	向こうから頼まれたのか何なのか知らんが   断ったら断ったでうるさいしな
textdetox@01907546324b0330d2d8b7669648cc18823323e5/ja/001681	ja	1	さすがさとり世代   ゆとりを馬鹿にできないな
textdetox@01907546324b0330d2d8b7669648cc18823323e5/ja/001682	ja	1	給油機はけっこう高いし、国産でやってほしかったけれど   アホのチャイナが暴れてるんだから仕方ない
textdetox@01907546324b0330d2d8b7669648cc18823323e5/ja/001683	ja	1	ヨーロッパの精神医が南で調査したら6割が直ちに要治療と出て、周りがキチガイだらけなのに怖くなって逃げ帰った
textdetox@01907546324b0330d2d8b7669648cc18823323e5/ja/001684	ja	1	在日が匿うシステムが確立されてんだからそりゃ日本に狙いつけるだろ
textdetox@01907546324b0330d2d8b7669648cc18823323e5/ja/001685	ja	1	繁華街行くとオルチャンメイクしてる若い女を必ず見かける   芸能人もそうだな   アホみたいに口紅べっとり   男も巨人の岡本が入場曲にTWICEの曲選んでるし薄気味悪い世の中だよ
textdetox@01907546324b0330d2d8b7669648cc18823323e5/ja/001686	ja	1	左翼必死過ぎｗ   実質賃金ガーが出来なくなって辛いのだね
textdetox@01907546324b0330d2d8b7669648cc18823323e5/ja/001687	ja	1	支持率変動の一直線っぷりに   韓国人も「マスコミが数字弄ってるんじゃないか？」って疑問を持ち始めてるらしいなw     急落させると解任デモ起きるから、ちょっとずつ下げていってるって
textdetox@01907546324b0330d2d8b7669648cc18823323e5/ja/001688	ja	1	おそらくそんなところだろう。   南宋の朝貢外交と同じだな。   金を出さなくなった瞬間攻め込まれるぞ。   その前に内側から崩壊するように仕掛けとけ。
textdetox@01907546324b0330d2d8b7669648cc18823323e5/ja/001689	ja	1	だから言ってるだろ   韓国が主張している性奴隷に安部が謝罪しちまった時点で、国際社会は日本の言い分なんてまったく聞きやしないのだと   後から子供じみた詭弁など国際社会では容赦なく切り捨てられるのだ   無様で愚か者の安倍自公は日本をどんどんドツボにハメ込むな
textdetox@01907546324b0330d2d8b7669648cc18823323e5/ja/001690	ja	1	沖縄は見れるメディアが左翼系ばかりだからなあ
textdetox@01907546324b0330d2d8b7669648cc18823323e5/ja/001691	ja	1	油炊いて荷車動かすとかバカじゃね？   馬の方が重いもの運べるしたくさんいるし安上がりだよ、所詮金持ちの玩具さ     昔はこうだった
textdetox@01907546324b0330d2d8b7669648cc18823323e5/ja/001692	ja	1	そりゃ 韓国内の新聞記事を外国語に翻訳して発信＝韓国の恥を世界にばらまく だからな
textdetox@01907546324b0330d2d8b7669648cc18823323e5/ja/001693	ja	1	違法行為を行った結果だからねえ   車ですら飲酒運転で事故ったら保険おりないし普通無理でしょｗｗｗ   ましてや中国の保険会社なら20000%払わないと思われるなｗｗ
textdetox@01907546324b0330d2d8b7669648cc18823323e5/ja/001694	ja	1	本田、香川を使えと連盟がうるさいだけだろ
textdetox@01907546324b0330d2d8b7669648cc18823323e5/ja/001695	ja	1	あーそうか、著作者の取り分が減ると言うことか。   ライブの方が儲かるという傾向を助長すると。   宅録派ミュージシャンは死ぬな。
textdetox@01907546324b0330d2d8b7669648cc18823323e5/ja/001696	ja	1	あいつら戦車に轢かれてエクスタシー感じる変態だぞ
textdetox@01907546324b0330d2d8b7669648cc18823323e5/ja/001697	ja	1	誘引するための皿を開けたらなぜか   具足虫の小さい奴が生きたまま皿に乗ってて   あの電撃の網をどうやってくぐり抜けたのか   不思議だったよ(コバエよりでかいのに)
textdetox@01907546324b0330d2d8b7669648cc18823323e5/ja/001698	ja	1	れんほー   「今回、私たちは一切暴力をふるってません！」
textdetox@01907546324b0330d2d8b7669648cc18823323e5/ja/001699	ja	1	近所のスーパーも内税→外税＋値上げでクソ高くなったので行かなくなったわ
textdetox@01907546324b0330d2d8b7669648cc18823323e5/ja/001700	ja	1	他の艦船は皆、自国の国旗と韓国の国旗を文句も言わず掲げて参加しているんだよな。   もしそうでなければ、お間抜け日本はまた韓国の嘘に騙されたってことだな。
textdetox@01907546324b0330d2d8b7669648cc18823323e5/ja/001701	ja	1	面倒くさいから支那が攻めてきたら、カルトミンスとエセ維新、共産、社民に入れた人らでたたかってくれ
textdetox@01907546324b0330d2d8b7669648cc18823323e5/ja/001702	ja	1	不細工少女の銅像を沢山建てたら日本政府が10億くれました。って話だろ。これ
textdetox@01907546324b0330d2d8b7669648cc18823323e5/ja/001703	ja	1	それ熱心なアニオタが作品への不満感から吐いた暴言じゃないな   人が死んで嬉しいだけのクズだと思う
textdetox@01907546324b0330d2d8b7669648cc18823323e5/ja/001704	ja	1	チョンのニュースと全く同じ   舌の根も乾かぬうちに真逆の事言い出すんだよな
textdetox@01907546324b0330d2d8b7669648cc18823323e5/ja/001705	ja	1	在日米軍は日本を爆撃するための部隊です
textdetox@01907546324b0330d2d8b7669648cc18823323e5/ja/001706	ja	1	まさかそんなことはないと思うが、   レコチャの韓国sage狙いの記事ってことは、ないだろうな。
textdetox@01907546324b0330d2d8b7669648cc18823323e5/ja/001707	ja	1	なんてことを言うんだ   基地外に失礼だろ
textdetox@01907546324b0330d2d8b7669648cc18823323e5/ja/001708	ja	1	こんなやつらに投票して、当選させちまうウスラバカが、５００万人以上いる。   東京ドーム１００杯ぶん以上の左巻き、ボンクラ、ヌケサク、死なないとなおらない連中ども。
textdetox@01907546324b0330d2d8b7669648cc18823323e5/ja/001709	ja	1	認知バイアス。   はい次のパヨちん。
textdetox@01907546324b0330d2d8b7669648cc18823323e5/ja/001710	ja	1	56火傷、支持政党？自民もそうだが、民進にしろ共産にしろ、どこもかしこも国賊売国党ばかりであらへんわ。独立党とでも書いておこう。
textdetox@01907546324b0330d2d8b7669648cc18823323e5/ja/001711	ja	1	どうやら   金がパヨクのアキレス腱だな
textdetox@01907546324b0330d2d8b7669648cc18823323e5/ja/001712	ja	1	…本来、その基地外の患者さんをなんとかするのが、この人の役目だったんじゃ無かったのか？。
textdetox@01907546324b0330d2d8b7669648cc18823323e5/ja/001713	ja	1	免許持ってるはずの車の事故や違反がなくならないのに、   なぜ、免許制に幻想を持つんですかね？
textdetox@01907546324b0330d2d8b7669648cc18823323e5/ja/001714	ja	1	これはやばいだろ？   条約に批准できないと、日本だけテロ情報が入らない   テロで殺されるのは自分かもしれんし、家族かもしれん   やばすぎだよ
textdetox@01907546324b0330d2d8b7669648cc18823323e5/ja/001715	ja	1	朝日の記者は怖くないのだろうか？   自分の社がテロリスト認定されてるのに   家族共々海外に逃げたほうがよくないかい
textdetox@01907546324b0330d2d8b7669648cc18823323e5/ja/001716	ja	1	男が男を好きでも女が女を好きでも別にいいと思う。少なくとも俺は困らないw 差別しちゃダメだけど保護する必要もないんじゃないの？ 人のこととやかく構いたがる人が多すぎるんだよどこの国も
textdetox@01907546324b0330d2d8b7669648cc18823323e5/ja/001717	ja	1	かもしれないけど、ベトナムの隣で且つ 兵器工場となると、キナ臭くないか？
textdetox@01907546324b0330d2d8b7669648cc18823323e5/ja/001718	ja	1	安倍の掲げた戦後レジウムからの脱却に、在日特権の透明化と消滅に期待したんだが、なんでも蓋は開けてみないと分からないと思い知らされただけだったね
textdetox@01907546324b0330d2d8b7669648cc18823323e5/ja/001719	ja	1	身体障害者にだって痴漢は居るだろ   なんのために性別で分けてんだよ
textdetox@01907546324b0330d2d8b7669648cc18823323e5/ja/001720	ja	1	そうじゃない。   朝鮮人に肩入れしている宗教団体の信者とか、朝鮮人と繋がっている解同系とか、いろいろ。
textdetox@01907546324b0330d2d8b7669648cc18823323e5/ja/001721	ja	1	＞ピエロ、あるいはピエロを装った人物     なにこれ？   ピエロって人間と違うの？
textdetox@01907546324b0330d2d8b7669648cc18823323e5/ja/001722	ja	1	その映画で秋田犬がメインなのに子犬時は柴犬になっていると秋田犬愛好家の外人が指摘していたわ
textdetox@01907546324b0330d2d8b7669648cc18823323e5/ja/001723	ja	1	今、日本で生活保護をもらっている在日外国人の祖国で、一体何人の日本人が生活保護をもらっているか、ちゃんと調べてるんだよね、国は。
textdetox@01907546324b0330d2d8b7669648cc18823323e5/ja/001724	ja	1	ホント、あん時に民主に入れた奴等は全員死に絶えて欲しいわ。
textdetox@01907546324b0330d2d8b7669648cc18823323e5/ja/001725	ja	1	ほんと無駄知識だし東スポ発信元らしいし   おでん文字や発音が日本に侵食して来るのはいい加減にして欲しいわ   この五輪も ヒラマサ でいいのにね   どうしてもならモロ像で充分
textdetox@01907546324b0330d2d8b7669648cc18823323e5/ja/001726	ja	1	ちょっと前なら真っ先に援助申し出てたところだ   そんな気はさらさらない現政権は最高だ   しかしなぜかマスゴミも韓国を助けろと言わんな
textdetox@01907546324b0330d2d8b7669648cc18823323e5/ja/001727	ja	1	あぁ誤解させたか・・・。   この性的虐待の件に関しての話。   リベラル勢力のアメウマーは問題にならなかったなぁ・・・と。
textdetox@01907546324b0330d2d8b7669648cc18823323e5/ja/001728	ja	1	ああ、支那人が被災地で火事場泥棒してたんだっけな   遺体の指を切り落として指輪を奪うほどの鬼畜っぷり   忘れてねーよ   心配すんな
textdetox@01907546324b0330d2d8b7669648cc18823323e5/ja/001729	ja	1	ホント、ナイナイ尽くしのアホだら経以下のお題目だよなw。
textdetox@01907546324b0330d2d8b7669648cc18823323e5/ja/001730	ja	1	早速「予報士がー」が始まったけど、アホな書き込みは無視でw   ×するとスレが見やすくなるよw
textdetox@01907546324b0330d2d8b7669648cc18823323e5/ja/001731	ja	1	この番組は『絶対に突っ込んではいけない最早なんだか分からない速報24時 年中夏休みスペシャル』   突っ込むと罰ゲームで警備員のカッコした池沼にお尻をシバかれるから気をつけるんだぞ
textdetox@01907546324b0330d2d8b7669648cc18823323e5/ja/001732	ja	1	こんな糞アホを総理にしたミンス   もう二度と過ちは繰り返さないようにしよう
textdetox@01907546324b0330d2d8b7669648cc18823323e5/ja/001733	ja	1	例えば今回ISの資金源を断つために石油を輸送するタンクローリーを百数十台ほど空爆で破壊したが   これだけの目標を地上部隊で破壊しようとしたら   敵味方市民を含めて一体どれだけの死者が出るんだって話だろ   どう考えても空爆のほうが犠牲者少ないだろ
textdetox@01907546324b0330d2d8b7669648cc18823323e5/ja/001734	ja	1	韓国海苔輸入で韓国に媚を売ってホルホルする経団連   同時に、廃棄処理で日本の税金や環境に負担をかける嫌がらせ
textdetox@01907546324b0330d2d8b7669648cc18823323e5/ja/001735	ja	1	リchからお邪魔します   ここは落ち着いて話せて良いですね   向こうでは反日思想の日本語使いが煽り荒らしみたいに居るんですが   ここに全然居ないように見えるんですが何故ですか？
textdetox@01907546324b0330d2d8b7669648cc18823323e5/ja/001736	ja	1	撮鉄といえば子供を奪って持ち上げ母親に土下座させた馬鹿がいたよな   写真が撮れなくて邪魔だという理由で
textdetox@01907546324b0330d2d8b7669648cc18823323e5/ja/001737	ja	1	ではマスゴミから綺麗にしないとね
textdetox@01907546324b0330d2d8b7669648cc18823323e5/ja/001738	ja	1	ガソリーヌから完全に脱皮してテロリーヌになったようですな
textdetox@01907546324b0330d2d8b7669648cc18823323e5/ja/001739	ja	1	40無職とかガチ底辺やんけ   嫌カス冷えてるかー？
textdetox@01907546324b0330d2d8b7669648cc18823323e5/ja/001740	ja	1	金が有るのに万引きするババア   取るに足らない事で喚き散らすジジイ
textdetox@01907546324b0330d2d8b7669648cc18823323e5/ja/001741	ja	1	養殖の餌が糞尿だけだと思っているならまだまだ甘い。   葬式が終わった後、棺桶が運ばれるの先が養殖場っていう。
textdetox@01907546324b0330d2d8b7669648cc18823323e5/ja/001742	ja	1	部落差別って何？って感じなくらい全然ピンとこない。
textdetox@01907546324b0330d2d8b7669648cc18823323e5/ja/001743	ja	1	日本側は論争なんかしないだろ   馬鹿は相手にしない感じだ
textdetox@01907546324b0330d2d8b7669648cc18823323e5/ja/001744	ja	1	韓国人に強く作用する可能性があるから在日も嫌なんだろ。
textdetox@01907546324b0330d2d8b7669648cc18823323e5/ja/001745	ja	1	PCブラウザからは見られないようです   専ブラからは見られます
textdetox@01907546324b0330d2d8b7669648cc18823323e5/ja/001746	ja	1	韓国には狼少年の話は無いのだろうか
textdetox@01907546324b0330d2d8b7669648cc18823323e5/ja/001747	ja	1	ほー、個人が自由に使った薬で自分の家族が殺されてもいいのか   約７％の考える自由すげー
textdetox@01907546324b0330d2d8b7669648cc18823323e5/ja/001748	ja	1	ガス抜きやアリバイも作らない局ってことだと仮定するとフジか毎日じゃないかね
textdetox@01907546324b0330d2d8b7669648cc18823323e5/ja/001749	ja	1	まあ死んでないんで殺人教唆はなくなった。   湯川さんにだけ安江とかを訴える権利はあるけど。   湯川さんが生きてるならそれは湯川さん次第。
textdetox@01907546324b0330d2d8b7669648cc18823323e5/ja/001750	ja	1	コミケで倒れるって2次元の世界へ転生できそうな気もするが   この若さで死にたくないな
textdetox@01907546324b0330d2d8b7669648cc18823323e5/ja/001751	ja	1	つるのって紳助におバカキャラにされてただけなのかね
textdetox@01907546324b0330d2d8b7669648cc18823323e5/ja/001752	ja	1	密室でストーブなら何度か   小屋で火をともすというのは色々な意味でヤバイですね
textdetox@01907546324b0330d2d8b7669648cc18823323e5/ja/001753	ja	1	それに近いことはやってる自治体なかったっけかなって思ったけど、ナマポリアン相手じゃなくてホームレス相手だった   しかも住所与えてる形になってナマポ出す手助けにしてるんだった・・・
textdetox@01907546324b0330d2d8b7669648cc18823323e5/ja/001754	ja	1	ﾏｽｺﾞﾐはギャンブル依存症でIR叩いてるけど今現在の問題は   パチンコが引き起こしてるのに何も批判しないのがあからさま杉
textdetox@01907546324b0330d2d8b7669648cc18823323e5/ja/001755	ja	1	ミンスは自民の負の遺産だとしてジミンガーしか繰り返さなかったことで   貴重な３年３ヶ月を無駄にしてしまって安倍政権が遅ればせながら対策に動いてるがね     それでもパヨクがろくな職に就けず、結婚や出産もままならないのは自業自得だが
textdetox@01907546324b0330d2d8b7669648cc18823323e5/ja/001756	ja	1	年金から党費を払ってネトウヨと書き込む仕事を買ってる老後って考えるともう本当に忍びないな・・・   それで党の支持率が上がってるかと言うと下がるとかそんなマゾヒズム溢れる老後   考えると他人事ながらつらすぎるな。本当に
textdetox@01907546324b0330d2d8b7669648cc18823323e5/ja/001757	ja	1	"まあ、マイナンバーでもっとも不利益を被るのは""複数の名前を持つ連中""なんだけどね。   もうマイナンバー自体は活用されてるので口座凍結やら犯罪摘発やら脱税調査が行われている。   最近、ヤクザの世界やパヨク界が慌ただしくなってるのは偶然じゃない。"
textdetox@01907546324b0330d2d8b7669648cc18823323e5/ja/001758	ja	1	昔東京で、東北出身とわかると、不動産屋がいきなり「親の職業は？農家なら農家と(笑)」   こいつは明らかに馬鹿にしているが、もし農家だったら何が可笑しいのか？と
textdetox@01907546324b0330d2d8b7669648cc18823323e5/ja/001759	ja	1	>誰彼構わず噛み付くパヨ連呼の方がタチが悪い   パヨクの方は全方位ネトウヨ認定してるのに、その理屈はおかしい
textdetox@01907546324b0330d2d8b7669648cc18823323e5/ja/001760	ja	1	キチガイにはモチを余計に食わせて黙らせとくんだろ
textdetox@01907546324b0330d2d8b7669648cc18823323e5/ja/001761	ja	1	アホだから主催者は何をしてもいいって思ってるからね
textdetox@01907546324b0330d2d8b7669648cc18823323e5/ja/001762	ja	1	死人ガーとか言ってる手合いほど   ブローカーに騙されたというかわいそうな外国人（）を   一刻も早く送還することには反対するんだぜ？ｗ
textdetox@01907546324b0330d2d8b7669648cc18823323e5/ja/001763	ja	1	まぁ、突き放されたって事だろうからなぁ。   けど、韓国にとっては良い経験になるんじゃね？   何でもかんでも指図されてそれに従うってのは独立国としてどうかと思うし。
textdetox@01907546324b0330d2d8b7669648cc18823323e5/ja/001764	ja	1	明博の天皇土下座発言と度重なる韓国の裏切りで、重鎮は立場を喪いました。
textdetox@01907546324b0330d2d8b7669648cc18823323e5/ja/001765	ja	1	靖国神社に来ていただける環境を作れない日本国民がどうかしている、っていうべきだな。   陛下は国民と英霊を慮って遠慮されているだけ。     静かにお参りできる環境を、我々国民が作るべきで、我々にこそ責任がある。
textdetox@01907546324b0330d2d8b7669648cc18823323e5/ja/001766	ja	1	社会を変えたのは、うるさい一部の女とそれに迎合した老人、そこに更に便乗した女。   若い男は蚊帳の外な訳よ
textdetox@01907546324b0330d2d8b7669648cc18823323e5/ja/001767	ja	1	マスゴミが支持するんだから進次郎はダメ
textdetox@01907546324b0330d2d8b7669648cc18823323e5/ja/001768	ja	1	ここさ、開発・設計は台湾人に安くやらせて生産は中国でって商法だったんだけど   中国の人件費が高騰しちゃったから今後は韓国でってことなのかな
textdetox@01907546324b0330d2d8b7669648cc18823323e5/ja/001769	ja	1	毎日「ポイントカードいかがすっかー、クレジットカードいかがですか？」と言う、ウザい店員さんも最近やたらに多いw   現金客に対してすごくしつこい。店員もストーカー化してるよね。   毎日なのに、顔も覚えていないのだろう。
textdetox@01907546324b0330d2d8b7669648cc18823323e5/ja/001770	ja	1	マダニ感染症の野良猫に噛まれて死亡の西日本の女性が世界初とか言われてたけどなw   ウイルス感染症「重症熱性血小板減少症候群（SFTS）」は別カウントなのかな
textdetox@01907546324b0330d2d8b7669648cc18823323e5/ja/001771	ja	1	ポリコレの、私って何て寛容なのかしら（ほわわ～ん）というぎまんがハラル受け入れなんだよな。   ポリコレという観念を言葉通り本当に忠実に行うなら、ムスリムであろうが宗教という概念を飛び越えて豚食えよ。
textdetox@01907546324b0330d2d8b7669648cc18823323e5/ja/001772	ja	1	女がDNA鑑定拒否するからな。   自分たちに都合が悪いから。
textdetox@01907546324b0330d2d8b7669648cc18823323e5/ja/001773	ja	1	別にウザがられてはいない   BOT厨が騒いでるだけで、みんなスルーしてるよ
textdetox@01907546324b0330d2d8b7669648cc18823323e5/ja/001774	ja	1	パヨクはなんでだまってるの？   死んでるの？
textdetox@01907546324b0330d2d8b7669648cc18823323e5/ja/001775	ja	1	アメリカの犬売国政党自民党の戦ってるアピールwww   騙されるやつは愚民です
textdetox@01907546324b0330d2d8b7669648cc18823323e5/ja/001776	ja	1	韓国の空港から平昌までの交通の便が悪いんじゃなかった？
textdetox@01907546324b0330d2d8b7669648cc18823323e5/ja/001777	ja	1	通名使ってない奴は使ってる奴と比べるとまだ犯罪起こしそうにないよな、わずかに
textdetox@01907546324b0330d2d8b7669648cc18823323e5/ja/001778	ja	1	こうだろ   ９条テロリスト「日本国憲法第９条を暗唱できるか！」   「はぁ？はいッ処刑！つぎッ・・・」
textdetox@01907546324b0330d2d8b7669648cc18823323e5/ja/001779	ja	1	正直に「金ほしいです、ごろにゃんスリスリ」と言えば、   慈悲深いバカが騙されてくれるのになｗ   尊大な態度ばっかり取りつづけるから、最近はバカも気が付いてしまった。   もう後戻りはできないｗ
textdetox@01907546324b0330d2d8b7669648cc18823323e5/ja/001780	ja	1	なんでもかんでも簡単に「RACISM」と位置付けるのは往年の街道による糾弾会趣味と同質
textdetox@01907546324b0330d2d8b7669648cc18823323e5/ja/001781	ja	1	年中出しててすみません   最近イベント連動型の広告が多くて、イベント参加すると自動的に求人広告出しちゃうんですよねー……     ウチはブラックではないはず！
textdetox@01907546324b0330d2d8b7669648cc18823323e5/ja/001782	ja	1	リーマン・ショックよりマシだろうから逝かせてやれ
textdetox@01907546324b0330d2d8b7669648cc18823323e5/ja/001783	ja	1	アルゼンチンがあって、ナイゼイチンがないのは女性蔑視だ！
textdetox@01907546324b0330d2d8b7669648cc18823323e5/ja/001784	ja	1	シナチョンがやらかしたんだろうなぁと言うのは理解出来るんだけど   「日本人はやらない」は証明されてるかなぁ…
textdetox@01907546324b0330d2d8b7669648cc18823323e5/ja/001785	ja	1	頭がおかしくても、知的障碍者でも、成人なら名前は出るはず。   名前の出ないのは、通名を使っている人を本名で報道しなければならなくなってからですね。
textdetox@01907546324b0330d2d8b7669648cc18823323e5/ja/001786	ja	1	規制すれば素直に従う人ばかりじゃないもんな
textdetox@01907546324b0330d2d8b7669648cc18823323e5/ja/001787	ja	1	ネトウヨと罵声を飛ばされる側に特亜いないよなｗ   パヨクと言われる方にはごろごろおるののに
textdetox@01907546324b0330d2d8b7669648cc18823323e5/ja/001788	ja	1	やはり「ん」なのかねえ？   だとしたら本当にキモい
textdetox@01907546324b0330d2d8b7669648cc18823323e5/ja/001789	ja	1	そういや共産党の党員って天皇誕生日でも出勤するのかな
textdetox@01907546324b0330d2d8b7669648cc18823323e5/ja/001790	ja	1	一般人よりも良い暮らししてるんなら、報酬払ってる事になって   奴隷とは言えなくなるのではなかろうか     どの程度の強制性があるかは、外からは分からんからなぁ
textdetox@01907546324b0330d2d8b7669648cc18823323e5/ja/001791	ja	1	ここで言っている１００万人って、土方のことでしょ？
textdetox@01907546324b0330d2d8b7669648cc18823323e5/ja/001792	ja	1	そもそも小泉政権時代に自民党政権であるにもかかわらず   マスゴミと蜜月状態だった時点でお察し     安倍政権との違いたるや、な
textdetox@01907546324b0330d2d8b7669648cc18823323e5/ja/001793	ja	1	AIロボットが発達すれば俺にも彼女が出来るかもと思ったが、   よく考えたらAIロボットの女の子が選ぶのはAIロボットの男かもしれない。   こわい未来だ。
textdetox@01907546324b0330d2d8b7669648cc18823323e5/ja/001794	ja	1	気になるようだね   質問ばかりする人は×にするからｗ   自分で聞いてみなさいな   メル友にｗ
textdetox@01907546324b0330d2d8b7669648cc18823323e5/ja/001795	ja	1	言論空間に対するサイバー攻撃だよな。   パヨクは喜んでそうだけど、まともな左翼がいるならば激怒してるだろう。
textdetox@01907546324b0330d2d8b7669648cc18823323e5/ja/001796	ja	1	ああ、これスプートニクソースかこれw   「パチモンを買わなかった国は勝ち組」ニュースなのか？   どっかで聞いたような構図だこと。
textdetox@01907546324b0330d2d8b7669648cc18823323e5/ja/001797	ja	1	支持政党をどうぞ。   テンプレ以外の質問には絶対に答えないパヨクｗ
textdetox@01907546324b0330d2d8b7669648cc18823323e5/ja/001798	ja	1	ファーストキッチンとかちょっとだけまた出店したウエンディーズはどうなの？   ファーストキッチンは卵焼き挟んだやつおいしいし、   ウエンディーズも好きな味なんだが。
textdetox@01907546324b0330d2d8b7669648cc18823323e5/ja/001799	ja	1	マスゴミさんが、加計学園や共謀罪が今回の都議戦に影響したみたいに言ってんだけど、   普段自民に入れていたのに今回自民に入れなかった人でこれに該当する人いる？
textdetox@01907546324b0330d2d8b7669648cc18823323e5/ja/001800	ja	1	えーっとサヨクじゃないなら「ただのバカ」になっちゃうんですけど   それはいいんですか？ｗ
textdetox@01907546324b0330d2d8b7669648cc18823323e5/ja/001801	ja	1	チン力ス     【川崎】ヘイトスピーチ規制ガイドライン 講演会に初適用 ［H30/12/3］(53)   51.ID:YHI もっとやれ
textdetox@01907546324b0330d2d8b7669648cc18823323e5/ja/001802	ja	1	2012年5月、招致支持率47%の最下位で石原発狂   その年のロンドン五輪と有名人を並べたプロパガンダによって   70%超まで操作し開催地として2020東京五輪が決定   こんな馬鹿らしいもんなくなったところで恥とも思わんｗ
textdetox@01907546324b0330d2d8b7669648cc18823323e5/ja/001803	ja	1	つまり「ネトウヨ」がNGになるって事だな。
textdetox@01907546324b0330d2d8b7669648cc18823323e5/ja/001804	ja	1	まぁあいつはなんか権限があったわけじゃなくてただの糞コテなんだけどな   板長に推してきたのは嫌がらせのつもりだったんだろうけど
textdetox@01907546324b0330d2d8b7669648cc18823323e5/ja/001805	ja	1	どっちでもいいとか言いながら   しっかり世論操作だけはやってくのかボケが
textdetox@01907546324b0330d2d8b7669648cc18823323e5/ja/001806	ja	1	気を付けれキャップ一杯くらいで   腰抜けるで   （昔飲みたそうにしたのでミルクで薄めてあげたことがある）
textdetox@01907546324b0330d2d8b7669648cc18823323e5/ja/001807	ja	1	だったらピリピリしてないだろ   格納庫にゴミ入れてる時点でアウトだって   ちゃんと全裸にして検査して、指定の見学服に着替えさせてるはずもないだろうに
textdetox@01907546324b0330d2d8b7669648cc18823323e5/ja/001808	ja	1	別に韓国側の了承はいらないんじゃね
textdetox@01907546324b0330d2d8b7669648cc18823323e5/ja/001809	ja	1	怖いのはデザインで売れちゃう可能性がある事   特に〇流で感化された女の子   4年くらい前にフィアット販売が出来てチンクが300万とかするのに一杯走ってたｗ   で、最近は見ないから三年で故障が多くて嫌になったか飽きたかだけど
textdetox@01907546324b0330d2d8b7669648cc18823323e5/ja/001810	ja	1	まだ3人なの？   交通事故よりペース遅いじゃん   普通に終息しちゃうのかな
textdetox@01907546324b0330d2d8b7669648cc18823323e5/ja/001811	ja	1	拉致してきた女を20万人も管理できるなんて日本スゴイ。
textdetox@01907546324b0330d2d8b7669648cc18823323e5/ja/001812	ja	1	チョンモメン   保守のフリして   安倍批判
textdetox@01907546324b0330d2d8b7669648cc18823323e5/ja/001813	ja	1	いやもうね、ほんとにそうなんだろうね     本当にやばい尖閣とか在日とか拉致を解決して   あとは日本的平和を維持しましょう
textdetox@01907546324b0330d2d8b7669648cc18823323e5/ja/001814	ja	1	植村って嫁がチョンだから   その娘はチョンハーフだな
textdetox@01907546324b0330d2d8b7669648cc18823323e5/ja/001815	ja	1	ああ、やはり行政の機能不全にパヨク在りか   犠牲者はパヨクに殺されたようなもんだな
textdetox@01907546324b0330d2d8b7669648cc18823323e5/ja/001816	ja	1	ドラクエの1は   主人公一人を操作するんだから   オブリビオンとかスカイリムのシステムで   リメイク出来ると思うんだよな。
textdetox@01907546324b0330d2d8b7669648cc18823323e5/ja/001817	ja	1	カネに困った朝鮮人なら、小型化した核爆弾を、   中東やアフリカで、テロリストにもまちがいなく売るしな。
textdetox@01907546324b0330d2d8b7669648cc18823323e5/ja/001818	ja	1	ここまで韓国が冷たい目で見られてるのは   東亜のコテのせいだって   すごいネットde真実だよねｗｗｗｗｗｗｗｗｗｗｗｗｗｗｗｗｗ
textdetox@01907546324b0330d2d8b7669648cc18823323e5/ja/001819	ja	1	てかさ、風俗って指名の取り合いだから、容姿落ちるとライバルに負けるわけじゃん？   でも活動家だとオタサーの姫状態になるんで、容姿多少落ちてもちやほやされるじゃん   だからこの惨状になったんでない？ｗ
textdetox@01907546324b0330d2d8b7669648cc18823323e5/ja/001820	ja	1	舛添東京都知事は自身がドイツ人に対するヘイトスピーチをやっている事に気がついていない   なんなの？この言葉を知らない常識の無い馬鹿な都知事は
textdetox@01907546324b0330d2d8b7669648cc18823323e5/ja/001821	ja	1	日の丸掲げて、繁華街を大音量で走り抜ける朝鮮人の似非右翼みたいなもんか？   しかし、工作活動を続ける朝鮮人は追い出さないと、日本が滅びてしまうな
textdetox@01907546324b0330d2d8b7669648cc18823323e5/ja/001822	ja	1	医者に掛かる前に死んでくださいとか酷い奴だなｗｗｗ
textdetox@01907546324b0330d2d8b7669648cc18823323e5/ja/001823	ja	1	ネトウヨガーやってる奴に質問     嫌韓呆韓怒韓はネトウヨのカテゴリーに入るの？
textdetox@01907546324b0330d2d8b7669648cc18823323e5/ja/001824	ja	1	＞カミングアウトしているのは蓮舫と民進党の白眞勲、旧民主党の前議員ツルネン・マルテイ、   ＞自殺した自民党の故・新井将敬くらいのものだが     隠しようのない奴ばっかりじゃねえか・・・
textdetox@01907546324b0330d2d8b7669648cc18823323e5/ja/001825	ja	1	左の奴ってNHKには無関係の一般人を装ってインタビューに答えたり   不正を犯して弁理士資格を永久に剥奪された犯罪者さんじゃないか！
textdetox@01907546324b0330d2d8b7669648cc18823323e5/ja/001826	ja	1	>死ぬまで働かせるなんて     ナイーブに同情する前に、事実の検証が必要だろ   一方的な報道に踊らされるべきじゃ無い
textdetox@01907546324b0330d2d8b7669648cc18823323e5/ja/001827	ja	1	俺もマスゴミに騙されて、汚沢が剛腕だと思っていた時期がありました。
textdetox@01907546324b0330d2d8b7669648cc18823323e5/ja/001828	ja	1	いざと言う時の為の訓練より、ハゲ添えの必要性の方が問われるわ
textdetox@01907546324b0330d2d8b7669648cc18823323e5/ja/001829	ja	1	朝鮮人や朝鮮総連さえなければ、１年間で10万件の犯罪が減ります。
textdetox@01907546324b0330d2d8b7669648cc18823323e5/ja/001830	ja	1	極左暴力組織のほうがファシズムに近いんじゃないのか？
textdetox@01907546324b0330d2d8b7669648cc18823323e5/ja/001831	ja	1	いや、まあ本当にゾンビだったら   非人道的大量殺戮破壊兵器で一掃しちゃうんだけどね
textdetox@01907546324b0330d2d8b7669648cc18823323e5/ja/001832	ja	1	靖国神社については、国会議員であっても   参拝することが政治問題化しているからなー。   議員が気兼ねなく公人参拝できるようにならないと、   天皇陛下の御親拝は無理だと思う。
textdetox@01907546324b0330d2d8b7669648cc18823323e5/ja/001833	ja	1	シンプルに言うなら、ただの性的嗜好や性的倒錯行為に   税金突っ込む根拠なんてありませんよってこった
textdetox@01907546324b0330d2d8b7669648cc18823323e5/ja/001834	ja	1	チョンが寄り付かないってのは、逆にプラス要素になるよなｗｗ
textdetox@01907546324b0330d2d8b7669648cc18823323e5/ja/001835	ja	1	フェイクてんこ盛りの新聞なんぞ便所紙にしてくれるわ
textdetox@01907546324b0330d2d8b7669648cc18823323e5/ja/001836	ja	1	中韓の反日の事になると   皆がそうではないと言うくせにな
textdetox@01907546324b0330d2d8b7669648cc18823323e5/ja/001837	ja	1	一方パヨク野党は、重箱の隅の観察で忙しかったw
textdetox@01907546324b0330d2d8b7669648cc18823323e5/ja/001838	ja	1	客という立場を利用する者相手になんでも穏便に済ませれば良い訳ではない   勘違いして勝手に盛り上がった挙句に拉致られたり暴行される危険だってあるのだから   軽いタッチのつもりなのか女性店員に尻タッチなど痴漢してくる中高年客は結構多い
textdetox@01907546324b0330d2d8b7669648cc18823323e5/ja/001839	ja	1	そうだな。   韓国を好きになる要素が有れば、ぜひ教えていただきたいわ。
textdetox@01907546324b0330d2d8b7669648cc18823323e5/ja/001840	ja	1	【米軍関係者による日本人女性への強姦殺人事件のスレを立てると左翼】   を【良い意見】だと思ってる【ルール不要派】に板の方針決められたら恐ろしい結果になるよ
textdetox@01907546324b0330d2d8b7669648cc18823323e5/ja/001841	ja	1	バブル期知らんが古臭いってはわかる
textdetox@01907546324b0330d2d8b7669648cc18823323e5/ja/001842	ja	1	ボロを出すのが、早すぎ。   メディアがポスト安倍と持ち上げようと決めて、露出増やそうとした最初でこれとか、もう野田は諦めて、次の候補を探した方がいいよ。
textdetox@01907546324b0330d2d8b7669648cc18823323e5/ja/001843	ja	1	かかわるなではなく、潰せなんだがな。   ガチンコ勝負になったら、人数で圧倒的に負けるから、かかわるなというしか人だよな。   卑怯者のパヨクは。
textdetox@01907546324b0330d2d8b7669648cc18823323e5/ja/001844	ja	1	韓国がスワップの条件に「在日同胞全員余さず受け入れるニダ」と言って来たら悩むかも知れない…   在日の方には１日でも早く大嫌いな日本を離れ、祖国に帰って欲しいからね
textdetox@01907546324b0330d2d8b7669648cc18823323e5/ja/001845	ja	1	2013年の記事か   今は韓国も石油精製設備を持ってるって、たしか青山さんだったか言ってたような記憶があるけど
textdetox@01907546324b0330d2d8b7669648cc18823323e5/ja/001846	ja	1	こりゃ、韓国人の言う事は100%嘘扱いという国際的コンセンサスができそうだな。   つまり、韓国人との言葉でのコミュニケーションは不可能だと言う事。   犬と同じように扱うしかないのだろうな。
textdetox@01907546324b0330d2d8b7669648cc18823323e5/ja/001847	ja	1	お前らそうやってすぐ金氏朝鮮をバカにするけど   本気で(脱北者が)攻めてきたらどうすんだよ
textdetox@01907546324b0330d2d8b7669648cc18823323e5/ja/001848	ja	1	金田はTPP反対の党内左翼だからな、なんか胡散臭いだよ。
textdetox@01907546324b0330d2d8b7669648cc18823323e5/ja/001849	ja	1	ほう、養子縁組の話にチョンが噛んでる可能性が出てきたか
textdetox@01907546324b0330d2d8b7669648cc18823323e5/ja/001850	ja	1	まあ原発がなければ日本経済衰退とか原発事故被害者に訴えたらそう答えるかもな
textdetox@01907546324b0330d2d8b7669648cc18823323e5/ja/001851	ja	1	「最悪ガー」と「帰れ」という言論封殺を始めましたw   おばさん的にはよほど都合が悪いのかなあ？
textdetox@01907546324b0330d2d8b7669648cc18823323e5/ja/001852	ja	1	いや、所詮AIだから、韓国人はAIに特定の文言を入れておいて、韓国人以外を洗脳するつもりだと思うよ   詐欺商法などの関連は韓国は一応にも先進国だからｗ
textdetox@01907546324b0330d2d8b7669648cc18823323e5/ja/001853	ja	1	既にISISに実際に情報が流れて「殺人教唆」などのレスが出始めたら、   速攻で「ネトウヨやアフィカスが情報を教えた」とかやり出したからな。   この案件が相当ヤバいって自覚はできたんだろうね。
textdetox@01907546324b0330d2d8b7669648cc18823323e5/ja/001854	ja	1	こっからが安倍さんの本業   崩壊する支那と喧嘩して国内の大掃除をすんだよｗ
textdetox@01907546324b0330d2d8b7669648cc18823323e5/ja/001855	ja	1	足を引きずって歩いてた映像は、もう隠さなくて良くなったからか。   まもなく「病死」(毒殺)又は失脚する奴を持ち上げる必要はないってこと。   足を引きずるほど体調が悪い、だから「病死」したという言い訳に使える。
textdetox@01907546324b0330d2d8b7669648cc18823323e5/ja/001856	ja	1	以前、有田とかが「炎上は少数のネトウヨが何百件も書いてるだけ！」つってたけど、   なんの事はない、「そっち側」も同じ事してた、ってだけの話だな。
textdetox@01907546324b0330d2d8b7669648cc18823323e5/ja/001857	ja	1	集落としての「部落」   差別されてる地域の「被差別部落」   いつからか被差別部落を部落と言うようになったんだわ   あからさまに「被差別部落は～」なんて言えないからな
textdetox@01907546324b0330d2d8b7669648cc18823323e5/ja/001858	ja	1	嫌だよw 関わりたいやつだけ韓国に関わってくれ。正直本当に関わりたくないわw
textdetox@01907546324b0330d2d8b7669648cc18823323e5/ja/001859	ja	1	「こいつはスパイ」と嘘の密告されたら一般人でも殺されるって事だよな。
textdetox@01907546324b0330d2d8b7669648cc18823323e5/ja/001860	ja	1	韓国を信じると足をすくわれますよ、韓国人は馬鹿のろくでなしですよ   韓国人は恩知らずで優遇してはいけませんよ、という忠告にはなるでしょ。
textdetox@01907546324b0330d2d8b7669648cc18823323e5/ja/001861	ja	1	現在の日本の過激派っておもちゃみたいな手製爆弾とかロケットだとか   ほんとちゃっちいテロしかやれないけども   あの低レベルのものでもきっちり取り締まれるようになれば   過激派とつるんでるサヨク、マスゴミとかは真っ青だろうなｗ
textdetox@01907546324b0330d2d8b7669648cc18823323e5/ja/001862	ja	1	進撃の巨人を門前払いにするような糞だからしょうがない
textdetox@01907546324b0330d2d8b7669648cc18823323e5/ja/001863	ja	1	子殺しは異常に軽いのだが。   子殺しよりレイプの方が重罪になる社会はどこか狂っている。
textdetox@01907546324b0330d2d8b7669648cc18823323e5/ja/001864	ja	1	今回の一件で安倍を見捨てる奴は多いだろうな   自分もそのくち   そして、安倍は媚中・媚韓派にガンガン媚を売るようになるな
textdetox@01907546324b0330d2d8b7669648cc18823323e5/ja/001865	ja	1	逆に君たちは出国制限の可能性は踏んでいないのか？   国民の移動の自由の制限ってそういうことだぞ？   俺のように日本に疲れ嫌気をさした人間が出て行かれるのは安倍や公務員や議員たちは相当都合が悪いはずだ   日本に必要なはずの奴隷がいなくなってしまうからな
textdetox@01907546324b0330d2d8b7669648cc18823323e5/ja/001866	ja	1	全国区の馬鹿が集結して生徒数が殖えたりしてw
textdetox@01907546324b0330d2d8b7669648cc18823323e5/ja/001867	ja	1	つまり膨大な数のボランティア偏重は   汚池with創価共産の意向だってことだわな
textdetox@01907546324b0330d2d8b7669648cc18823323e5/ja/001868	ja	1	みんなが虐めるからもう寝るんだからね！
textdetox@01907546324b0330d2d8b7669648cc18823323e5/ja/001869	ja	1	なお、前に訪ねていったとされる酒屋、今も普通に営業もしてるし嫌韓もおおっぴらにしてる模様ｗ   売り上げ貢献しただけやんけｗ
textdetox@01907546324b0330d2d8b7669648cc18823323e5/ja/001870	ja	1	当たり前じゃん   自分たちを批判する敵に銃向けて殺すのは当然だろ
textdetox@01907546324b0330d2d8b7669648cc18823323e5/ja/001871	ja	1	＞これ場合によっては寄付金詐欺になるんでないかな     なるよ。
textdetox@01907546324b0330d2d8b7669648cc18823323e5/ja/001872	ja	1	ていうか俺は「左翼は目的達成のための行動手法が暴力」なので基本「左翼は絶対悪」論者なので   生存の危機にさらされる次元のやつが「暴力と認識したうえで、止むを得ず使用する」ぐらいでないと左翼手法の使用なんて認めない。     つまり大半の左翼なんて、私益のための恫喝輩。
textdetox@01907546324b0330d2d8b7669648cc18823323e5/ja/001873	ja	1	ネトウヨ呼ばわりと同じでネオナチ呼ばわりされてるだけじゃないの？   不自然に増えすぎた移民へ抗議してる普通のドイツ人なんじゃなかろうか？
textdetox@01907546324b0330d2d8b7669648cc18823323e5/ja/001874	ja	1	バナナで釘を打とうと思って外に出たらチンコで釘を打つことになるな。   玉袋もごらんのとおり。
textdetox@01907546324b0330d2d8b7669648cc18823323e5/ja/001875	ja	1	糞臆病集団の日本の政治屋さんは最後まで押し通せよ     アメリカがコロっと態度変えてもな。変えるだろうけどw
textdetox@01907546324b0330d2d8b7669648cc18823323e5/ja/001876	ja	1	人目が無いなら、女が感じてしまいそうなくらいめちゃエロい感じで食べれるんだけどねwww
textdetox@01907546324b0330d2d8b7669648cc18823323e5/ja/001877	ja	1	能無しの働き者が一番性質悪い   維新の糞女の方が国政に悪影響を与えない分、まだマシ
textdetox@01907546324b0330d2d8b7669648cc18823323e5/ja/001878	ja	1	…ふと思ったんだが   批判のためとは言えコイツらの駄文を糞真面目に読んでるのって   俺らだけなんじゃ
textdetox@01907546324b0330d2d8b7669648cc18823323e5/ja/001879	ja	1	ネトウヨって言葉を使う奴が、限りなく馬鹿に思えるのは俺だけか
textdetox@01907546324b0330d2d8b7669648cc18823323e5/ja/001880	ja	1	まずはタマキンとチンポを切り取って売れ（誰も買わないけど）
textdetox@01907546324b0330d2d8b7669648cc18823323e5/ja/001881	ja	1	農家のおばちゃんたちのハート鷲掴みって、以前書かれてたよ   その後の韓国産肥料輸入の件で、どうなったかわからんが。   イケメンで過激な言動してて目立つから、２位ありうるでしょ   なんと言っても、マスコミに騙されてあの民主を圧勝させたおバカ日本人ですよ
textdetox@01907546324b0330d2d8b7669648cc18823323e5/ja/001882	ja	1	そういえば、女性専用車両反対派の代表が痴漢で捕まってたなｗ
textdetox@01907546324b0330d2d8b7669648cc18823323e5/ja/001883	ja	1	民主の中から選りすぐりのクズを濃縮したのが立件だしなあ・・・   恐ろしい事に立件を民主と同じと言うのは｢民主党に失礼になる｣と言う大変な事実がある
textdetox@01907546324b0330d2d8b7669648cc18823323e5/ja/001884	ja	1	韓国側から要請がなければ延長しないといって   スワップを延長しないで終結させたのは安倍政権だろ   それまでは与党も野党も韓国の双方に利益があるという口車にのって延長してたんだろ   親韓国政権が嫌なら安倍政権に投票しろ
textdetox@01907546324b0330d2d8b7669648cc18823323e5/ja/001885	ja	1	素晴らしいじゃないかwww   英訳してホワイトハウスに送ってやれよ。   アメリカも笑顔で受け入れてくれるよ。   在韓米軍の完全撤退という形で。
textdetox@01907546324b0330d2d8b7669648cc18823323e5/ja/001886	ja	1	警備3倍くらいに増やさんとな。   なにせ昔総理大臣が暗殺された国だ。
textdetox@01907546324b0330d2d8b7669648cc18823323e5/ja/001887	ja	1	マンガ嫌韓流は小中学校図書室には置いてない
textdetox@01907546324b0330d2d8b7669648cc18823323e5/ja/001888	ja	1	認知症の知事候補者といっしょでマスゴミの横暴じゃん   デカイ声で差別弾圧を主張するから警察が萎縮してる
textdetox@01907546324b0330d2d8b7669648cc18823323e5/ja/001889	ja	1	あ、それはあるね、なんか韓流ゴリ押しのまとめとか結構見かけるか   ら     タイトル見るだけで内容はたまに気になったのしか見ないけど
textdetox@01907546324b0330d2d8b7669648cc18823323e5/ja/001890	ja	1	散々暴れまわったあげく、追い詰められて立て込もって機動隊に突入されたら   「暴力反対」と宣もうた人達の末裔ですぜ。   昔から体を張ったジュークに定評があります。
textdetox@01907546324b0330d2d8b7669648cc18823323e5/ja/001891	ja	1	南鮮経済界真っ青だろうな   最後の頼みの日韓スワップがこれで完全にパーだもんな
textdetox@01907546324b0330d2d8b7669648cc18823323e5/ja/001892	ja	1	まあ、マスゴミは知らん振りで押し続けるだろ   マスゴミにとっては売国奴ほど重要な存在だからな     日本の最大の敵は、在日に乗っ取られたマスゴミ
textdetox@01907546324b0330d2d8b7669648cc18823323e5/ja/001893	ja	1	十五年位前の僕「グインサーガ読むかー」→「なんやえらい多いな」→「50巻で疲れたわ(´・ω・`)」→   「150巻までやるんか。完結したらゆっくりよもｗ」→新聞「作者死んだやで」→僕「」
textdetox@01907546324b0330d2d8b7669648cc18823323e5/ja/001894	ja	1	あれはムカついた。   南鮮製のタイヤでなかったら、あの事故は起きなかったかも
textdetox@01907546324b0330d2d8b7669648cc18823323e5/ja/001895	ja	1	韓国→エクストリーム儒教＆エクストリームキリスト教、只今劣化ハイブリッド宗教も絶賛活躍中
textdetox@01907546324b0330d2d8b7669648cc18823323e5/ja/001896	ja	1	発言者（政府高官？）の知性が疑われるよなぁ     韓国政府はなんでこんなひどいのばかりで構成されているんだ？
textdetox@01907546324b0330d2d8b7669648cc18823323e5/ja/001897	ja	1	さすが死者に鞭打つ国日本だ   このスレでも悪口がてんこ盛り
textdetox@01907546324b0330d2d8b7669648cc18823323e5/ja/001898	ja	1	中共や朝鮮としては、石破か小泉に総裁になってもらって民主党政権状態を再び、って望んでるんだろなぁ   マスゴミに総動員かけてるもん
textdetox@01907546324b0330d2d8b7669648cc18823323e5/ja/001899	ja	1	どこの世界でも裏工作してるだろうけど、   自分たちを陥れるための裏工作だと知ってそこに踏み込むアホはどこの世界でもいるの？
textdetox@01907546324b0330d2d8b7669648cc18823323e5/ja/001900	ja	1	古い左翼政党や民進党が役に立たないからね   マスゴミの新たな手駒なのでしょう
textdetox@01907546324b0330d2d8b7669648cc18823323e5/ja/001901	ja	1	それ、韓国は日本の属国という意味になるよｗ
textdetox@01907546324b0330d2d8b7669648cc18823323e5/ja/001902	ja	1	ジャイアンとスネ夫みたいないざとなったら、泣きついてくる様な屑だからなw
textdetox@01907546324b0330d2d8b7669648cc18823323e5/ja/001903	ja	1	この手のキチガイクレーマーって、こういうので日本社会の良い意味での寛容性を奪って硬直化させようとしてる、レッドチームの手先なんじゃないの？
textdetox@01907546324b0330d2d8b7669648cc18823323e5/ja/001904	ja	1	24だが、あのくらい言えないでどうする。   これまでのような甘い顔ばかりでは駄目だ。圧力もハッキリした物言い主張も必要。   ここが日本の弱い所。
textdetox@01907546324b0330d2d8b7669648cc18823323e5/ja/001905	ja	1	目つきといい、喋るときの挙動不審は、アスペの症状と一緒
textdetox@01907546324b0330d2d8b7669648cc18823323e5/ja/001906	ja	1	朝日必死だなｗ 中国も必死だけど。
textdetox@01907546324b0330d2d8b7669648cc18823323e5/ja/001907	ja	1	甲子園に出られるのは専用球場持ってる金満校ばかりでしょう。
textdetox@01907546324b0330d2d8b7669648cc18823323e5/ja/001908	ja	1	自民党．取り敢えずカレー味のするカレーライス   その他．見た目ウンコでウンコ味の青酸カリ
textdetox@01907546324b0330d2d8b7669648cc18823323e5/ja/001909	ja	1	>嫌儲が在日だと言われれば信じ、 アホか！ｗ     お前みたくネトウヨ連呼、ジャップ連呼で喜んでる間抜けが屑なのは間違いないわ
textdetox@01907546324b0330d2d8b7669648cc18823323e5/ja/001910	ja	1	10リットルも汲める働き者で   まさに金のバケツだったのにね   星魚は滅ぶべき
textdetox@01907546324b0330d2d8b7669648cc18823323e5/ja/001911	ja	1	日米同盟の維持に日本の税金使うなって言ってるのと同じのバカな発言だって気づこうか
textdetox@01907546324b0330d2d8b7669648cc18823323e5/ja/001912	ja	1	ダイキンは、戦車のエアコンというか空気清浄機も作っていなかったか？
textdetox@01907546324b0330d2d8b7669648cc18823323e5/ja/001913	ja	1	検索エンジンに対象URLがクロールされなくなったり、リファラを使用したリンク元解析が不可能になる     h抜き（エイチぬき、エッチぬき   -Wikipedia
textdetox@01907546324b0330d2d8b7669648cc18823323e5/ja/001914	ja	1	いい感じの自殺法かも知らん   首吊りとか身投げとかで死ぬのだと各方面に迷惑かかるし葬式の雰囲気もアレな感じになりそうだが   釣ったフグ食って死にましたとかならこいつ馬鹿だなー的扱いになって比較的マシというか
textdetox@01907546324b0330d2d8b7669648cc18823323e5/ja/001915	ja	1	今後の自衛隊が参加する観艦式に韓国軍は来られないって事かｗ   一般人も訪日なんてもってのほか。   在日もとっとと帰れや
textdetox@01907546324b0330d2d8b7669648cc18823323e5/ja/001916	ja	1	メリケンの支那包囲網関連の話だから   ハイテク素材（死語）の件やと思うよ
textdetox@01907546324b0330d2d8b7669648cc18823323e5/ja/001917	ja	1	第二次世界大戦の筆頭戦勝国の面子もあるし、かと言って、   大量に民間人を大量虐殺した上にその次の世代にまで病の種を植え付けた張本人だからな…。   どう振る舞っていいものか、世界中から注がれる視線が痛いだろうよ…。
textdetox@01907546324b0330d2d8b7669648cc18823323e5/ja/001918	ja	1	アスペの代表例で時計オタとこれが医学書に載ってるぐらいだし
textdetox@01907546324b0330d2d8b7669648cc18823323e5/ja/001919	ja	1	そんな薄っぺらな言論で平和だの政治を語り、   否定しているはずの国にナマポをタカってごっこ遊び暮らしだもんな   自前の食い物は自前で得て、底辺ながらも物言わずにいる浮浪者以下の存在だわな
textdetox@01907546324b0330d2d8b7669648cc18823323e5/ja/001920	ja	1	だわなぁ～～～     昔、部落、いまや一等地なんてことになってるんですが
textdetox@01907546324b0330d2d8b7669648cc18823323e5/ja/001921	ja	1	こんなパヨク丸出しがこんな獲るんだ。   あぶねー世の中だな。
textdetox@01907546324b0330d2d8b7669648cc18823323e5/ja/001922	ja	1	コスト・カッターって一見優秀そうに見えるけど、   先を見通せないおバカが会社も国もダメにする。
textdetox@01907546324b0330d2d8b7669648cc18823323e5/ja/001923	ja	1	朝鮮人の思考ってのはキチガイそのものやねw
textdetox@01907546324b0330d2d8b7669648cc18823323e5/ja/001924	ja	1	安倍さんはこのついでに大阪自民にちょっと説教しといた方が良いです。   日本の敵である共産党と平気で握手する馬鹿がいますんで。
textdetox@01907546324b0330d2d8b7669648cc18823323e5/ja/001925	ja	1	日本刀の規制は材料とかも制限されてて、新素材を試せなかったはず。   で、外国人が鍛造方法を学んで帰国し、自由な発想で形も素材も新しいものを作って発展的に楽しんでいる。   日本刀の規制緩和は生産数量は当然として、素材や形状についても規制を撤廃して技術の発展を促す方向が望ましい。
textdetox@01907546324b0330d2d8b7669648cc18823323e5/ja/001926	ja	1	煙で窒息死したんだぞ   木を燃やしたことない？
textdetox@01907546324b0330d2d8b7669648cc18823323e5/ja/001927	ja	1	多分JIMの事信用してないんだと思うｗ   ほら、自分達は●のお漏らしの件で好き放題やったから   万一を考えると浪人買うの怖いんよｗ
textdetox@01907546324b0330d2d8b7669648cc18823323e5/ja/001928	ja	1	そう言う話はよく聞くけど、おれが言いたかったのはそうじゃないw   こういう暴力が肯定される国って空気ができたら   またこの国ではそういうことが起こるじゃん？   平和ボケかもしれんけどモラルがない国になりそうじゃね？
textdetox@01907546324b0330d2d8b7669648cc18823323e5/ja/001929	ja	1	そもそもデモ当事者が偏向報道しますって宣言してるに過ぎないのを貼ってるから認識もクソもアホそのものだったな
textdetox@01907546324b0330d2d8b7669648cc18823323e5/ja/001930	ja	1	昨日、TBSラジオで校長が登場してたが、胡散臭さ全開だったな   続報を待ちたい
textdetox@01907546324b0330d2d8b7669648cc18823323e5/ja/001931	ja	1	やっぱ自民党ってバカの集まりだよね   結局、目先の事しか見えてないバカばかり
textdetox@01907546324b0330d2d8b7669648cc18823323e5/ja/001932	ja	1	お亡くなりになったドラクエおじさんなんかは躾られた結果の姿だぞ   あんなのが世に溢れ出てるのに体罰しなきゃとか義務を感じてる馬鹿な人間が多すぎてひく   日本人ヤバい
textdetox@01907546324b0330d2d8b7669648cc18823323e5/ja/001933	ja	1	なんでも在日認定ってのもアレだけど、   そもそも通名は日本風の名前を付けるのが目的なので、古くから日本にある姓に寄生するものだよ     だからこの姓だから絶対通名！って事は無いし、昔からある姓だから通名じゃない！ってのも無い
textdetox@01907546324b0330d2d8b7669648cc18823323e5/ja/001934	ja	1	精神障害者というより知的障害者かも。
textdetox@01907546324b0330d2d8b7669648cc18823323e5/ja/001935	ja	1	いや、あのバカ作って日数たっててなおかつフォロワー数ある程度いないと弾く設定にしてるらしい
textdetox@01907546324b0330d2d8b7669648cc18823323e5/ja/001936	ja	1	舛添でも鳥越でも増田でもやばかったな。   でも小池なら大丈夫だろう
textdetox@01907546324b0330d2d8b7669648cc18823323e5/ja/001937	ja	1	俺はは売国左翼を恐れてるぞ。   何たってその正体はガチのテロリストだからな。   金属バットぐらいは家に常備しておきたい。
textdetox@01907546324b0330d2d8b7669648cc18823323e5/ja/001938	ja	1	問題は韓国が「日本産は買いません」なら好きにしろ、なのだか「日本産は放射能汚染だから禁止な」とわざわざ条件を作ったこと
textdetox@01907546324b0330d2d8b7669648cc18823323e5/ja/001939	ja	1	これだけマスコミがばかみたいに叩いて４３％か   岩盤はなかなか崩せず焦って秋葉原凸か
textdetox@01907546324b0330d2d8b7669648cc18823323e5/ja/001940	ja	1	その前に在日メディアの一斉蜂起というか   ヒステリーが起きるやろね     楽しみにしている
textdetox@01907546324b0330d2d8b7669648cc18823323e5/ja/001941	ja	1	悪いハゲもいいハゲに見える魔法のAA使ってるあるね   (´・ω・`)
textdetox@01907546324b0330d2d8b7669648cc18823323e5/ja/001942	ja	1	反対デモの連中ってアホしかおらんのか？
textdetox@01907546324b0330d2d8b7669648cc18823323e5/ja/001943	ja	1	日本人が殺されても書かないんだろ
textdetox@01907546324b0330d2d8b7669648cc18823323e5/ja/001944	ja	1	ま～た、聖戦士チョンモメンが逮捕者かよｗｗｗｗｗｗｗｗ
textdetox@01907546324b0330d2d8b7669648cc18823323e5/ja/001945	ja	1	うん。246の必死さのおかげで確信できた   テレ朝とキタ朝鮮のプロレス
textdetox@01907546324b0330d2d8b7669648cc18823323e5/ja/001946	ja	1	これだけのことを言うからには有事の際は共産党は自衛隊の救援をいっさい拒否して潔く戦死するんだろうな。   正気の団体とは思えない。
textdetox@01907546324b0330d2d8b7669648cc18823323e5/ja/001947	ja	1	漏らすつもりがないなら、万一の事も考えて通信機器を預けるのも当然、   それに反発するって事は職員としての矜持も責任もないって証拠だ
textdetox@01907546324b0330d2d8b7669648cc18823323e5/ja/001948	ja	1	消息不明の1stザコキャラの中でもF90   出演を果たした逸材w
textdetox@01907546324b0330d2d8b7669648cc18823323e5/ja/001949	ja	1	北チョンへ乗り込んだときと同じく、おにぎり持参で行ってたりしてなw。   まあ、飯も出してもらえなかった前例も有ることだしwww。
textdetox@01907546324b0330d2d8b7669648cc18823323e5/ja/001950	ja	1	韓国で地震があると警察に電話かける人がいっぱい居るらしいじゃん   日本が戦争に巻き込まれたら110番しまくって途方に暮れる人だらけかもしれんな
textdetox@01907546324b0330d2d8b7669648cc18823323e5/ja/001951	ja	1	それなんだよな   韓国はもうあちら側
textdetox@01907546324b0330d2d8b7669648cc18823323e5/ja/001952	ja	1	下は渓谷になってるみたいだな   支那人女のパンツ見るために頑張ってそこまで行く元気はないわな
textdetox@01907546324b0330d2d8b7669648cc18823323e5/ja/001953	ja	1	犯人逮捕術や逃走する犯人を追うときの高い壁超えはどうするんだろうとよく思うんだけど、合格してるから警察犬なんだよね？
textdetox@01907546324b0330d2d8b7669648cc18823323e5/ja/001954	ja	1	あいにくだが、ドラッグで事故だの傷害を起こしたなんてのは自由だのなんだので許される範囲ではない   自由と責任は表裏一体   責任から逃れられると思うな
textdetox@01907546324b0330d2d8b7669648cc18823323e5/ja/001955	ja	1	何故パチンコだけ特別なのか説明してくれ
textdetox@01907546324b0330d2d8b7669648cc18823323e5/ja/001956	ja	1	ホントそれ。   勿体ないとか言ってるバカの多いこと多いこと。   恵方巻廃止して商機を逃す＝回りまわって給料減る。
textdetox@01907546324b0330d2d8b7669648cc18823323e5/ja/001957	ja	1	言ってるのは韓国政府なわけだが     国家間の約束も守れない   輪をかけたような嘘吐き国家なわけだ
textdetox@01907546324b0330d2d8b7669648cc18823323e5/ja/001958	ja	1	このまま沈静化を待つだろうね   しかしTwitterとかで擁護する側が   ネトウヨのこじつけとか言ってる時点でいろいろわかりやすい
textdetox@01907546324b0330d2d8b7669648cc18823323e5/ja/001959	ja	1	大人になった今はそう思うけど、学校とか教室っていう狭くてウェットな世界での「無視」ってキッツいからね   1対1ならまだしも集団対1になるし   する方もその威力を分かってて楽しんでやってるし
textdetox@01907546324b0330d2d8b7669648cc18823323e5/ja/001960	ja	1	東海村の臨界事故とかと同レベルの杜撰さだな   そもそも、ロボットアームとかじゃなくて人の手で直接作業してる意味がわからん
textdetox@01907546324b0330d2d8b7669648cc18823323e5/ja/001961	ja	1	自分らの敵は全部チョンと在日か   おめでたい頭してんな   嫌儲にいればわかるけどあいつら面白がってやってるだけだから
textdetox@01907546324b0330d2d8b7669648cc18823323e5/ja/001962	ja	1	案の定比例の順位でまだ揉めてんだなー   昨日は今日書こうって書いたが最終発表まで待つか。   成彬さん比例一位にしとけよ希望関係者。でないと完全にゴミ溜めになるぞ。
textdetox@01907546324b0330d2d8b7669648cc18823323e5/ja/001963	ja	1	まあ、サムスンがアメリカでテレビ売るのに、小錦の映像を使って、日本企業に偽装して成功した例も有ったからな…。   しかし、うざすぎる…。
textdetox@01907546324b0330d2d8b7669648cc18823323e5/ja/001964	ja	1	ネトウヨって言葉使ってる人はどういうのをネトウヨって呼んでるんだっけ？   参拝したり日本人選手を応援するだけでネトウヨ扱いされた経験から言うと   ふつうの日本人がネトウヨのことなのかな
textdetox@01907546324b0330d2d8b7669648cc18823323e5/ja/001965	ja	1	日本刀文化？   長年実用的に使われていたけど、今更使い道ないだろ。   博物館とか神社に死蔵されてるのばかり。
textdetox@01907546324b0330d2d8b7669648cc18823323e5/ja/001966	ja	1	岩手の中学生自殺も同じ   責任も賠償もケツ持ちは税金だからいつまでも繰り返す
textdetox@01907546324b0330d2d8b7669648cc18823323e5/ja/001967	ja	1	すげえ、イスラエルの悪口ばかりでワロタwwww   パレスチナは2000年前はイスラエルだろ。
textdetox@01907546324b0330d2d8b7669648cc18823323e5/ja/001968	ja	1	ドルジ化ｸｯｿﾜﾛﾀ   だけど俺は朝青龍の方が人間臭くて好きだった   あいつ超親日ウルトラ嫌韓だし
textdetox@01907546324b0330d2d8b7669648cc18823323e5/ja/001969	ja	1	ギャラクシーが韓国企業製だと知らない層を狙ってるんだろう   「ギャラクシー」という製品名だけインプットして、後からSAMSUNG製でした～とやりたいのかな？   何にしても姑息だよ
textdetox@01907546324b0330d2d8b7669648cc18823323e5/ja/001970	ja	1	当時合法だった「売春婦」がいた   ということだろ。     性奴隷とは意味が違う
textdetox@01907546324b0330d2d8b7669648cc18823323e5/ja/001971	ja	1	別になくそうというわけでない。   税金で特別に支える必要はないというだけ。
textdetox@01907546324b0330d2d8b7669648cc18823323e5/ja/001972	ja	1	自民党工作員は本当にクズだなあ   靖国神社参拝はカードにするべき問題じゃないだろう   日本国の総理として英霊に感謝と尊崇の念を示し   同時に日本の精神性、宗教を守るために行くんだろ
textdetox@01907546324b0330d2d8b7669648cc18823323e5/ja/001973	ja	1	おそらく韓国には開戦は知らされない   この報道官は情報を持ってないのだから無視していい
textdetox@01907546324b0330d2d8b7669648cc18823323e5/ja/001974	ja	1	ガキの時の反抗期からまだ抜けてないんでしょ
textdetox@01907546324b0330d2d8b7669648cc18823323e5/ja/001975	ja	1	虎「こいつらなんかの為に戦う羽目になる在韓米軍の将兵らが不憫でならん…。」
textdetox@01907546324b0330d2d8b7669648cc18823323e5/ja/001976	ja	1	我が国では古代より近親相姦は罪である。   古事記にも、近親恋愛の皇族を追放する話がある。   木梨軽皇子の事例。   ドイツはカソリックが多いと思っていたが、宗教的道徳観は失われたようだな。
textdetox@01907546324b0330d2d8b7669648cc18823323e5/ja/001977	ja	1	大久保で反天皇って在日朝鮮人しか居ない     在日はナマポ特権があるので   間違いなくナマポの在日朝鮮人
textdetox@01907546324b0330d2d8b7669648cc18823323e5/ja/001978	ja	1	王子「ただしイスラエルと韓国、朝鮮は、のぞく」
textdetox@01907546324b0330d2d8b7669648cc18823323e5/ja/001979	ja	1	これ、どうなんだうね。   断片的な情報しか入ってこないので、、、   なぜパヨクが反対するのかなどなど、時間ができたら調べてみよう。
textdetox@01907546324b0330d2d8b7669648cc18823323e5/ja/001980	ja	1	そんな国家全体のことを考えてる訳がない   姉が大統領を辞めた後は   日本で嫌韓芸人をやりたいんだろ
textdetox@01907546324b0330d2d8b7669648cc18823323e5/ja/001981	ja	1	日本に奴隷は合わないので   こういうのは欧米に任せるべき
textdetox@01907546324b0330d2d8b7669648cc18823323e5/ja/001982	ja	1	そりゃこのバカ娘は父親のコネでハーバードに留学してた時も   他の学生みたいに寮に入らず、高級マンションから通学して   大学構内でもドヤ顔でブランド服着てSP連れてたもんだから   世界中から様々な留学生が集まるハーバードでも悪目立ちしまくってたんだよな
textdetox@01907546324b0330d2d8b7669648cc18823323e5/ja/001983	ja	1	アメリカじゃ、メキシコからの不法移民が増え治安が悪化したので   普通に退役軍人が機関銃もって自警団を結成してるけどな
textdetox@01907546324b0330d2d8b7669648cc18823323e5/ja/001984	ja	1	２０年間復興住宅を存続できた場所ってことは、   これからも別用途への特段の必要性のない場所だろうに   何もかも一気に失った被災者たちから布団引き剥がして   「死ね！」言うみたいなむごいことせんでや
textdetox@01907546324b0330d2d8b7669648cc18823323e5/ja/001985	ja	1	昨日も言ったがやはり規約変更前の発言に新規約を適用するのはおかしいよな   桜井にこのことアドバイスしてやれ
textdetox@01907546324b0330d2d8b7669648cc18823323e5/ja/001986	ja	1	あれを仮装と言っていいなら、宮古島の臭い泥の化け物みたいなあれも仮装でいいよね   というか遠い外国の生ぬるいお化け仮装するくらいなら宮古島のあれの方が本物でいいじゃん   泥付けられた方が怒って損害賠償か何かなったみたいだけどw
textdetox@01907546324b0330d2d8b7669648cc18823323e5/ja/001987	ja	1	もしかしてＴＰＰって中韓を締め出すための安全保障情のブロック経済なのかな   ただ最初からそれを宣言してやると邪魔されるから   ＩＳＤ条項だの著作権で二次創作潰されるみたいな日米のプロレスを見せて   中韓を油断させてた？
textdetox@01907546324b0330d2d8b7669648cc18823323e5/ja/001988	ja	1	ＷＴＯは日本の産物にお墨付きをくれたんだけど   韓国が輸入しないことは認めたって感じと認識してる   なんかもう…日本側の科学的根拠認めてるのにこの判決は   ＷＴＯの組織の存在意義が問われてると思うんだけどねぇ…
textdetox@01907546324b0330d2d8b7669648cc18823323e5/ja/001989	ja	1	マリオは韓国が起源なのに酷い・・・
textdetox@01907546324b0330d2d8b7669648cc18823323e5/ja/001990	ja	1	山本太郎のTwitter見てたら、あちらの界隈、開票作業でいじる気まんまんみたいやな。
textdetox@01907546324b0330d2d8b7669648cc18823323e5/ja/001991	ja	1	3人の死体がある家から刃物持って飛び降りてくりゃそりゃ
textdetox@01907546324b0330d2d8b7669648cc18823323e5/ja/001992	ja	1	こんなのが都知事になったらそれこそ世界の笑われものだぜ。。 みんな消去法で舛添とかいう金食い虫のハゲを選んだってのに
textdetox@01907546324b0330d2d8b7669648cc18823323e5/ja/001993	ja	1	撒き餌みたいなもんだ。釣りを始めるのはこれからだ。   韓国は必ず裏切って蒸し返す。
textdetox@01907546324b0330d2d8b7669648cc18823323e5/ja/001994	ja	1	いまだに使われてるでしょ？   ただまぁ言う通り、意味を知らずに使ってるのも多いから   抜く必要がない次スレ誘導までh抜きにしてたりするのもいるｗ
textdetox@01907546324b0330d2d8b7669648cc18823323e5/ja/001995	ja	1	山本一太がこの件に絡めて漫画アニメゲームを規制するべきとか言ってたけど   この犯人はオタクだったの？
textdetox@01907546324b0330d2d8b7669648cc18823323e5/ja/001996	ja	1	5チョンだけ終わるなら対岸の火事で済むが、   その原因になったチョンモメンや記者が押し寄せてきそうでイヤだな。   乗っ取り先で好き勝手やればいいのわざわざ此方に来てるみたいだし
textdetox@01907546324b0330d2d8b7669648cc18823323e5/ja/001997	ja	1	くそわろｗｗｗ   お茶を口に含んでたらやばかった
textdetox@01907546324b0330d2d8b7669648cc18823323e5/ja/001998	ja	1	中道？ウリが気に入らないのは皆ネトウヨだぞ
textdetox@01907546324b0330d2d8b7669648cc18823323e5/ja/001999	ja	1	別のマスゴミは選挙をお祭りと称して橋下さげやってるけどな   マスゴミってのは金儲けのために荒らす煽るのが仕事って事に気付いたほうがいいぞ
textdetox@01907546324b0330d2d8b7669648cc18823323e5/ja/002000	ja	1	南京虐殺の証拠写真と言われるモノを一部見たことがあるが疑問だらけだった   揚子江の川縁で首を切られる人の写真があったが、その揚子江の川幅が50センチくらいしかない   これ揚子江じゃないだろ、この写真嘘だろと思ったことを覚えている
textdetox@01907546324b0330d2d8b7669648cc18823323e5/ja/002001	ja	1	今って野良猫は地域の愛好家で育てるが基本だからな   餌やりから避妊まで一貫して行ってるところも多いため苦情も少ない
textdetox@01907546324b0330d2d8b7669648cc18823323e5/ja/002002	ja	1	外面良さそうな奴と、旧体制批判のセットで簡単に票を寄越す脳弱ばかりだからな   地方政治だとさらにその傾向が強い
textdetox@01907546324b0330d2d8b7669648cc18823323e5/ja/002003	ja	1	韓国国内のプロレスに日本は騙されないよ！
textdetox@01907546324b0330d2d8b7669648cc18823323e5/ja/002004	ja	1	弱さではなくバカさだよ。   それも日本だけじゃない、日米揃って民主党していた連中は経済外交音痴
textdetox@01907546324b0330d2d8b7669648cc18823323e5/ja/002005	ja	1	そもそもマスゴミは報道による殺人の常習だし     岩手市議にしても、浅田農産にしても
textdetox@01907546324b0330d2d8b7669648cc18823323e5/ja/002006	ja	1	調理器具の他に食器とか薬も要注意かな   支那チョン産がかなり多いから下調べは重要
textdetox@01907546324b0330d2d8b7669648cc18823323e5/ja/002007	ja	1	何故帰化しないか   年金を朝鮮人だからと払わなかった、しかし強制連行されたと被害者面   民主党政権は同調し無年金でも年金支給を開始した   全て金が絡んだ詐欺
textdetox@01907546324b0330d2d8b7669648cc18823323e5/ja/002008	ja	1	PINKの運営はJim   乗っ取りの主犯やで？
textdetox@01907546324b0330d2d8b7669648cc18823323e5/ja/002009	ja	1	まだ改名したばかりだぞ。   ご、ご利益はこれからじゃないかっ！
textdetox@01907546324b0330d2d8b7669648cc18823323e5/ja/002010	ja	1	“韓国軍”慰安婦なら“性奴隷”で正解。   “米軍”慰安婦も一部は当てはまる。
textdetox@01907546324b0330d2d8b7669648cc18823323e5/ja/002011	ja	1	最後は政治家悪玉論に逃げちゃうんだな   それなら中国韓国は政治主導で悪玉ばっかりじゃないかw
textdetox@01907546324b0330d2d8b7669648cc18823323e5/ja/002012	ja	1	中華思想と共産主義   権力の使い道次第で為政者が民の生き死にを左右するのに   これ以上の組み合わせも無いだろう
textdetox@01907546324b0330d2d8b7669648cc18823323e5/ja/002013	ja	1	なぜ日本が太平洋戦争をすることになったのか？   日本の近代史を全く知らないね。   韓国の教科書で勉強したのかな？
textdetox@01907546324b0330d2d8b7669648cc18823323e5/ja/002014	ja	1	アホかｗ単なる世間話だろ？   答えたくないなら「答えたくありません」で済む話だ。   それすら言えない様な職場を辞めないのは本人の責任だよ。
textdetox@01907546324b0330d2d8b7669648cc18823323e5/ja/002015	ja	1	だな。   何人か臭いやつがいるけど、たぶん保守の分断を   狙った工作員だよね
textdetox@01907546324b0330d2d8b7669648cc18823323e5/ja/002016	ja	1	俺は阪神教育事件は聞いたことあるけどコンクリ事件は知らなかったな   コンクリ事件とか女子高生コンクリート事件とか他にも色々な言い方があるようだ   開いてみたけど膨大な量の記事で驚いた   史上最悪の殺人事件、というタイトルがついた記事もあるね
textdetox@01907546324b0330d2d8b7669648cc18823323e5/ja/002017	ja	1	なんか昔の日本に戻すとか言ってたな…   「戦後を知っているのがアピールポイント」らしいので、きっと東京を焼け野原にしてやるっていう犯行予告
textdetox@01907546324b0330d2d8b7669648cc18823323e5/ja/002018	ja	1	まあ、それは個人の趣向によるものだから気にしないで   でも、やっぱり近親婚はヤバい   父親と娘の結婚もOKになる   アルゼンチンでの事件を忘れたのかな？
textdetox@01907546324b0330d2d8b7669648cc18823323e5/ja/002019	ja	1	これは「アメリカを追われて韓国へ送致される」って意味かな
textdetox@01907546324b0330d2d8b7669648cc18823323e5/ja/002020	ja	1	チン力ス     【韓国】ＳＨＩＮｅｅジョンヒョンさん自殺か…日本のファンにも衝撃 悲しみの声広がる ［H29/12/19］(20)   19.ID:hqz うわヘイトのオンパレードで引くわご冥福お祈りします
textdetox@01907546324b0330d2d8b7669648cc18823323e5/ja/002021	ja	1	ヒント：新海苔出荷で前年産の海苔が大量に死に在庫になる時期
textdetox@01907546324b0330d2d8b7669648cc18823323e5/ja/002022	ja	1	>民進党の功績は大きい   マスゴミの功績もｗ
textdetox@01907546324b0330d2d8b7669648cc18823323e5/ja/002023	ja	1	こういうシステムを組むのも   「IT土方」の仕業なのかね     乞食釣るにはちょうどいいのかも
textdetox@01907546324b0330d2d8b7669648cc18823323e5/ja/002024	ja	1	どんな背景だ   仲介したとかじゃなくて女子高生に売春させた？   中学生が？
textdetox@01907546324b0330d2d8b7669648cc18823323e5/ja/002025	ja	1	これを真っ先に思い出した・・・   ※画像には一部モザイクをかけております。
textdetox@01907546324b0330d2d8b7669648cc18823323e5/ja/002026	ja	1	「周りの在日はいい人ばっかりだよ」的な古い手口かな。
textdetox@01907546324b0330d2d8b7669648cc18823323e5/ja/002027	ja	1	普通に美人だろ。     ましてアジア系は、ロリ顔だから補正がかかる。
textdetox@01907546324b0330d2d8b7669648cc18823323e5/ja/002028	ja	1	せやな。   加害者みたいな協調性もかけらもないクズがいると必ず荒れるからな
textdetox@01907546324b0330d2d8b7669648cc18823323e5/ja/002029	ja	1	「日本死ね！」   「人を呪わば穴二つ」
textdetox@01907546324b0330d2d8b7669648cc18823323e5/ja/002030	ja	1	額の剃り込み部分拡大したらヤバイね   ヅラっぽい   生え際がなんか怪しい   でもマトモな人だね
textdetox@01907546324b0330d2d8b7669648cc18823323e5/ja/002031	ja	1	規制なんてしないよ…したら中国人や韓国人が買えなくなるからな   何だかんだで、政府も役人も特ア大好きだから
textdetox@01907546324b0330d2d8b7669648cc18823323e5/ja/002032	ja	1	まるで在日認定されることが不名誉な事だと言わんばかりだな。   一番差別意識があるのは君じゃね？
textdetox@01907546324b0330d2d8b7669648cc18823323e5/ja/002033	ja	1	仲間内からも、北の日韓離反工作員って疑われてんじゃねえのw   もちょっと行儀良くしなさいよw
textdetox@01907546324b0330d2d8b7669648cc18823323e5/ja/002034	ja	1	> 財務省・主税局長 佐藤慎一     2014年7月以降の阿呆な税制論はコイツの仕業
textdetox@01907546324b0330d2d8b7669648cc18823323e5/ja/002035	ja	1	死人すらも在日認定する在日以下のヒトモドキ
textdetox@01907546324b0330d2d8b7669648cc18823323e5/ja/002036	ja	1	加湿器に殺菌剤？なぞの習慣だ。
textdetox@01907546324b0330d2d8b7669648cc18823323e5/ja/002037	ja	1	発火するのは、韓国製   爆発するのは、中国製
textdetox@01907546324b0330d2d8b7669648cc18823323e5/ja/002038	ja	1	ジョンブルは「割に合わないし子会社化して独立採算にした方がええわ」ってなったのに   ダッチは必死で攻めてきてて笑える
textdetox@01907546324b0330d2d8b7669648cc18823323e5/ja/002039	ja	1	「ぱよぱよちーん」の意味を「集団リンチの呼びかけ」にすり替えようとしたからなw   それだと、K田がチバレイを集団リンチしに行ったということになってしまう。
textdetox@01907546324b0330d2d8b7669648cc18823323e5/ja/002040	ja	1	部落民もそうだけど被害者意識の強い奴は本当に性格が悪くて面倒臭い   しかも鮮人の場合は捏造だし
textdetox@01907546324b0330d2d8b7669648cc18823323e5/ja/002041	ja	1	払って、詐欺で訴えるまでがワンセット
textdetox@01907546324b0330d2d8b7669648cc18823323e5/ja/002042	ja	1	ホントな   ダブルトリプルがいたら謝罪とともに撤回しろって感じだわ   言ってみれば捏造だろｺﾚ   企業が数字ごまかしたら大騒ぎするくせに、マスゴミは静かだことｗ
textdetox@01907546324b0330d2d8b7669648cc18823323e5/ja/002043	ja	1	日本政府は何で黙り込んでんだ？！   殺せとＩＳＩＳに情報を与えたテロリストの犬どもを全て捕縛して裁きやがれよ！！
textdetox@01907546324b0330d2d8b7669648cc18823323e5/ja/002044	ja	1	クレーマーには、息が臭いので呼吸しないで下さいって言ったやりたいね
textdetox@01907546324b0330d2d8b7669648cc18823323e5/ja/002045	ja	1	三産業(農工商)全てで虐殺される構図しか浮かんでこないｗｗ
textdetox@01907546324b0330d2d8b7669648cc18823323e5/ja/002046	ja	1	「韓国では、話しているのを見ると正常なのかと思うほど精神障害者がたくさんいる」   こうだろ。
textdetox@01907546324b0330d2d8b7669648cc18823323e5/ja/002047	ja	1	これが本物かどうかはわからんがマスゴミは当然本物として扱うだろう   だから俺が何度も指摘したように、真贋にこだわるな、本物でも問題ないことを強調しろと言ったんだよ   官邸には俺以下の無能しかおらんのか
textdetox@01907546324b0330d2d8b7669648cc18823323e5/ja/002048	ja	1	実はヨーロッパ各国は移民の押し付け合いを始めてるんじゃないかな？   他国の移民弾圧への非難はつまり   ヤメロお前んとこが弾圧したら俺んとこにくるだろがボケ！が本音だろ
textdetox@01907546324b0330d2d8b7669648cc18823323e5/ja/002049	ja	1	稲作伝えたの日本人   あそこは寒冷地で日本から寒冷地でも育つ稲穂をもらって、韓国の稲作が始まった   それまでは焼畑で山焼いて麦作るだけの民族   禿山多いだろ？韓国って
textdetox@01907546324b0330d2d8b7669648cc18823323e5/ja/002050	ja	1	億円なのか「ん」なのか知らないけど、こいつずーと張り付いて妄想書き込み続けてるなw   基地外なのは間違いなさそうw
textdetox@01907546324b0330d2d8b7669648cc18823323e5/ja/002051	ja	1	豊臣秀吉、西郷隆盛、石原莞爾を入れるなボケ！   公明は全部朝鮮派だ。
textdetox@01907546324b0330d2d8b7669648cc18823323e5/ja/002052	ja	1	面接官「何か人に自慢できる事はありますか？   学生「暴力団相手に虫の息で頑張りました
textdetox@01907546324b0330d2d8b7669648cc18823323e5/ja/002053	ja	1	事故原因が子供やその親にあるならまぁ、親の責を問うのもおかしくは無いと思いますが   事故原因が学生側にある以上は   責を問われるのもまた学生側になるのが自然かと思いますよ
textdetox@01907546324b0330d2d8b7669648cc18823323e5/ja/002054	ja	1	取るに足らないチンピラ少数派がヘイトだなんだとワーワー喚き散らして、国と国民の品位を貶めて無事でいられる日本は自由な国だよ   アメリカ辺りならホンマもんの国粋主義者に撃ち殺されてるわ
textdetox@01907546324b0330d2d8b7669648cc18823323e5/ja/002055	ja	1	引渡しもなにも学校関係者に連絡がきて   部員達は万引き認めて韓国行って取り調べられたでしょ
textdetox@01907546324b0330d2d8b7669648cc18823323e5/ja/002056	ja	1	てめえの捏造記事による国益損失の大きさを考えろボケ
textdetox@01907546324b0330d2d8b7669648cc18823323e5/ja/002057	ja	1	阪神淡路大震災で自衛隊を無視し続けた知事・貝原俊民は伝説だろ   安藤忠雄が親友で交通事故で死んだ
textdetox@01907546324b0330d2d8b7669648cc18823323e5/ja/002058	ja	1	国連はなにもいってないんだよなあ…   志位がバカなら専従もバカなんだな
textdetox@01907546324b0330d2d8b7669648cc18823323e5/ja/002059	ja	1	毎日24時間心の中ずっと「死にたくない」と「いっそもう今すぐ死にたい」のせめぎ合いなんだよ。   身体の方は激痛、悪寒、全身倦怠感   あんなふうに会見出来るなんて、ほんと強い人だったねぇ。
textdetox@01907546324b0330d2d8b7669648cc18823323e5/ja/002060	ja	1	性行為を伴う出会いの場がスマホに集中してるから   十代の行動原理は基本性欲
textdetox@01907546324b0330d2d8b7669648cc18823323e5/ja/002061	ja	1	トランプの日米安保破棄するする詐欺に草
textdetox@01907546324b0330d2d8b7669648cc18823323e5/ja/002062	ja	1	殺されるために中国人が複数列に並んで日本軍の前に並べば可能。
textdetox@01907546324b0330d2d8b7669648cc18823323e5/ja/002063	ja	1	もう、永久メンテナンスでいいよｗ   窃盗犯養成学校とか、付近住民からしたら迷惑だし     商店からすると、万引きはダメージ大きいんだよなぁ
textdetox@01907546324b0330d2d8b7669648cc18823323e5/ja/002064	ja	1	そこまでガチでも、   「犯人はネトウヨだったー」と言ってるテヨンが沸いてて笑えるw
textdetox@01907546324b0330d2d8b7669648cc18823323e5/ja/002065	ja	1	22日まで黙っとけよ。   パヨクがあらぬ期待で舞い上がっておいて、開票でぺしゃんこになるのが面白いんだから。
textdetox@01907546324b0330d2d8b7669648cc18823323e5/ja/002066	ja	1	チョンモメンと会話成立させようとするだけ無駄な労力だ   認知バイアスだからほっとけば良いんだよ
textdetox@01907546324b0330d2d8b7669648cc18823323e5/ja/002067	ja	1	ｶﾞﾁｷﾁ親だったからどうにも分からんがそうなのか…   片親世帯かなり増えてもやっぱりつらいのかね
textdetox@01907546324b0330d2d8b7669648cc18823323e5/ja/002068	ja	1	小池さんは関係ない   そもそも韓国でやったら、コンパクトにおさまらない
textdetox@01907546324b0330d2d8b7669648cc18823323e5/ja/002069	ja	1	ひまわりなんざ種植えてもダンゴムシに食われ、苗で植えてもヨトウムシに途中の茎からポッキリ逝かれ   まともに育ったこと無いようOTL
textdetox@01907546324b0330d2d8b7669648cc18823323e5/ja/002070	ja	1	お前みたいなのがそういう設定にしてても、ニカちゃんが嬉しそうに言ってしまってるからね   ほんとパヨカス界隈ってどうしようもないね
textdetox@01907546324b0330d2d8b7669648cc18823323e5/ja/002071	ja	1	河野さんがパヨク(とそれを影で操ってる中共)に感化されないように   するためにも録画しといたほうがいいと思うぜ
textdetox@01907546324b0330d2d8b7669648cc18823323e5/ja/002072	ja	1	政治家もイラストレーターも小説家もネトウヨｗｗ   ネトウヨという言葉を使って避難するやつらは全部パヨ   分かりやすくていいね
textdetox@01907546324b0330d2d8b7669648cc18823323e5/ja/002073	ja	1	公安に聞いたら靖国テロは愉快犯って言ってた！とか言い出したりてら()の悪口はヤメーやｗｗｗｗ
textdetox@01907546324b0330d2d8b7669648cc18823323e5/ja/002074	ja	1	カノッサの屈辱は、諸侯にとって皇帝より教皇の権威が高かったからだが、   韓国一般民主にとって、日本は絶対悪であって格下でなければならないものだから、   自国の代表が頭下げたらそれこそ爆発する。   むしろ逆の状況では。
textdetox@01907546324b0330d2d8b7669648cc18823323e5/ja/002075	ja	1	日韓基本条約で一切の請求権を放棄してるのに   何でまた請求してくるの？
textdetox@01907546324b0330d2d8b7669648cc18823323e5/ja/002076	ja	1	こんなレベル低い小市民叩くことしか脳が無いネトウヨ哀れ
textdetox@01907546324b0330d2d8b7669648cc18823323e5/ja/002077	ja	1	限定販売だよ   カワサキの二輪部門だけじゃなくて川崎重工業全体で開発してるから川崎重工業の宣伝の意味合いが強いバイクだよ
textdetox@01907546324b0330d2d8b7669648cc18823323e5/ja/002078	ja	1	「先鋭化」というのであれば、批判だけに留まらないでしょ。   暴力といった実力行使に出るのは時間の問題。
textdetox@01907546324b0330d2d8b7669648cc18823323e5/ja/002079	ja	1	複数の監視カメラに写った光線の向きから犯人の場所を特定する   コンピュータにやらせれば数秒で可能だと思うけど
textdetox@01907546324b0330d2d8b7669648cc18823323e5/ja/002080	ja	1	全くそう思う。   玉川みたいなコメントにはまともな人なら不快感しか感じないが、   既存のメディアの中の人は、それに対する感受性を失ってるんだろうな
textdetox@01907546324b0330d2d8b7669648cc18823323e5/ja/002081	ja	1	ニダー2ちゃんAAのなかでは最古参の部類で普通に人気あったのにわざわざそれをはずすとか   アホやという感想しか出てこんわ
textdetox@01907546324b0330d2d8b7669648cc18823323e5/ja/002082	ja	1	やっぱり   非科学的な血液型占いとかマジで馬鹿馬鹿しいと思ってた   あんなのを盲信している人は、それこそ８０万円の壺とか買わされそう
textdetox@01907546324b0330d2d8b7669648cc18823323e5/ja/002083	ja	1	だねぇ。   日韓基本条約から延々これを繰り返してきたんだな。
textdetox@01907546324b0330d2d8b7669648cc18823323e5/ja/002084	ja	1	「脳を使うので、認知症予防効果大」とPRすれば、殺到
textdetox@01907546324b0330d2d8b7669648cc18823323e5/ja/002085	ja	1	IT土方でもまともに夜寝られて   贅沢しなきゃ生活していける給料があれば文句言わないよ   誰もがクリエイティブな仕事できるわけないもの
textdetox@01907546324b0330d2d8b7669648cc18823323e5/ja/002086	ja	1	韓国人の頭の中には一体何が入ってるんだ
textdetox@01907546324b0330d2d8b7669648cc18823323e5/ja/002087	ja	1	イスラム＝イスラム教、つまり宗教そのもの   ムスリム＝イスラム教徒、イスラム教信者の事   イスラムという言葉自体に神の教えって意味があるから、   イスラム教だと「教」が続いちゃう事になるし、まあ短いと楽だからｗ
textdetox@01907546324b0330d2d8b7669648cc18823323e5/ja/002088	ja	1	でも民潭新聞が鼻息荒いのは釣りではないんだよなあ・・・     ここってうっかりネトウヨって言葉はウリたちが広めたニダとか成果を誇りたいばかりに色々余計な事言ってるよねｗ
textdetox@01907546324b0330d2d8b7669648cc18823323e5/ja/002089	ja	1	大正天皇が開院式で詔書を丸めて望遠鏡のようにして遊んでいたたいう、パヨクの捏造を思い出したわ
textdetox@01907546324b0330d2d8b7669648cc18823323e5/ja/002090	ja	1	こんなどうでもいい情報、朝日新聞はどうやって知ったんだろう   テロリストもどきの社会要求を報道するのは良くないと思うけどなあ
textdetox@01907546324b0330d2d8b7669648cc18823323e5/ja/002091	ja	1	それより県道市道が先   細い道は歩行妨害や車の擦れ違いの邪魔
textdetox@01907546324b0330d2d8b7669648cc18823323e5/ja/002092	ja	1	お前のように脊髄反射で「こっちのうんこの方が臭い！」と言う無能な働き者はいらんのだよ
textdetox@01907546324b0330d2d8b7669648cc18823323e5/ja/002093	ja	1	今までも同じ事を言ってるぞ   そのたびに意見を出してる   だいたい、韓国が頭を下げてスワップを頼んでくるわけがないｗ
textdetox@01907546324b0330d2d8b7669648cc18823323e5/ja/002094	ja	1	それもお巡りさんに言うとええな   なんやまるでID:6WjzDXX26君が捕まる事になってるような感じに聞こえてきたわ   別に君が犯人と違うならそこまで必死にならんでええんのんちゃうか？   捕まった子を君らの板で笑いものにしたらいいんや。いつものようになあ
textdetox@01907546324b0330d2d8b7669648cc18823323e5/ja/002095	ja	1	昭恵は旦那の足引っ張てばかりだなぁ
textdetox@01907546324b0330d2d8b7669648cc18823323e5/ja/002096	ja	1	朝鮮人の犯罪はマスゴミが報道しないからそう見える
textdetox@01907546324b0330d2d8b7669648cc18823323e5/ja/002097	ja	1	隠居したジジイの暇潰しだよｗ   あんまり裕福じゃないしな(泣
textdetox@01907546324b0330d2d8b7669648cc18823323e5/ja/002098	ja	1	志位ルズも反対派への暴力行為とかありそう
textdetox@01907546324b0330d2d8b7669648cc18823323e5/ja/002099	ja	1	アホガドロ定数・・・これを理解するには１ロムが何なのかを考えなければ行けない     今日はここまで！
textdetox@01907546324b0330d2d8b7669648cc18823323e5/ja/002100	ja	1	日本の沖縄死守でも良いよ     とにかくボロ負けの未来しか見えない   日本の人口減少で中身から乗っ取られる可能性の方が高いかもね
textdetox@01907546324b0330d2d8b7669648cc18823323e5/ja/002101	ja	1	とっとと退去しないのなら、喧嘩というか実力行使でもいいだろう。     しかし、糞食いＧＯＯＫの想像の100億倍は恐ろしい結果になるがな。
textdetox@01907546324b0330d2d8b7669648cc18823323e5/ja/002102	ja	1	それB特有部位の事故、A･Cは飛行再開
textdetox@01907546324b0330d2d8b7669648cc18823323e5/ja/002103	ja	1	国民の興味が薄れるまで待って一気に加入   TPPと同じパターン   売国奴め。
textdetox@01907546324b0330d2d8b7669648cc18823323e5/ja/002104	ja	1	よし、僕が鳥越君の弁護するやで     謎の組織にクスリで殺されそうになったんだけど、クスリがおかしな作用して5歳児に戻ったんや   当時実際は20歳だったけど体が5歳児だったので、そのまま生きていった結果なんや
textdetox@01907546324b0330d2d8b7669648cc18823323e5/ja/002105	ja	1	｢ウリナラ経済はチョッパリより優れてるニダ!経済制裁すれば日本を潰せるニダ！｣と、本気で思っている韓国人と同じだな。
textdetox@01907546324b0330d2d8b7669648cc18823323e5/ja/002106	ja	1	ヤクザ、チンピラも下級の悪魔として登場していたな(w
textdetox@01907546324b0330d2d8b7669648cc18823323e5/ja/002107	ja	1	国内には聞こえないように   韓国版限定でこういうアナウンスとか姑息過ぎるな
textdetox@01907546324b0330d2d8b7669648cc18823323e5/ja/002108	ja	1	今日はバイトくんが総出動か？w
textdetox@01907546324b0330d2d8b7669648cc18823323e5/ja/002109	ja	1	信じられん   ウソに金を払って、泣き寝入りかよ     日本人は韓国人のあの像をぶち壊しに行くしかないのか？
textdetox@01907546324b0330d2d8b7669648cc18823323e5/ja/002110	ja	1	つまり災害時に復帰を遅らせ死者を増やすための施政   国交省は売国奴の殺人鬼集団
textdetox@01907546324b0330d2d8b7669648cc18823323e5/ja/002111	ja	1	特永と言うよりも、支那残留孤児の家族枠で日本帰化してる連中。   これに関する法案も改正する必要がアルよ。
textdetox@01907546324b0330d2d8b7669648cc18823323e5/ja/002112	ja	1	こいつの自分の子供にたいする仕打ちがキモすぎる。
textdetox@01907546324b0330d2d8b7669648cc18823323e5/ja/002113	ja	1	脊髄反射はおまえだろ。自民を他党と同列に扱うやつは単なるニヒリストかバランサーという名のなにも考えてないバカ。どうせ自民の何がダメか言えないんだろうな。     自民は現実主義の責任政党として必要、ミンスやコミュニストは単なる妄想バカの集まりだろ。
textdetox@01907546324b0330d2d8b7669648cc18823323e5/ja/002114	ja	1	ビョルン・アンドレセンかー   「ヴェニスに死す」だよね。恐ろしいくらい美しいよね   中年になったら…あの面影はどこに…だけど   とにかく映画の中の彼は美しい
textdetox@01907546324b0330d2d8b7669648cc18823323e5/ja/002115	ja	1	＞韓国遠征で買ったコピー商品の流行   ＞サッカー部のベルトはやたらとブランドもの。 それもコピー商品。   2012年の書き込みだから、これに合わせて書いたわけでもないね
textdetox@01907546324b0330d2d8b7669648cc18823323e5/ja/002116	ja	1	イスイスが自分とこのニースの兵士だって犯行声明出したぞｗｗ   これは苦しいなｗどう考えてもｗ
textdetox@01907546324b0330d2d8b7669648cc18823323e5/ja/002117	ja	1	誤爆したら死刑ぐらいにしないから無くならない
textdetox@01907546324b0330d2d8b7669648cc18823323e5/ja/002118	ja	1	嫌だなぁ。ノロやったこと有るけど、あれは辛い。白いウンコ出た時は笑ったが。
textdetox@01907546324b0330d2d8b7669648cc18823323e5/ja/002119	ja	1	倉庫での説明会の時に、韓国側の2人が入る前にドアのところで土下座してたら状況が変わってたかもしれん。
textdetox@01907546324b0330d2d8b7669648cc18823323e5/ja/002120	ja	1	ついでに犯罪集団の巣くう5ちゃんねる(旧2ちゃんねる)も規制しようぜ(・∀・)にゃにゃ
textdetox@01907546324b0330d2d8b7669648cc18823323e5/ja/002121	ja	1	糖質オフの梅酒はあるがアスパルKとかなんとかいうあの人工甘味料付。   梅酒にあれが入ってると喉がやられる。   だから飲まなくなってしまった。(´・ω・｀)
textdetox@01907546324b0330d2d8b7669648cc18823323e5/ja/002122	ja	1	でかいことを言っても、その時になったら逃げるのは、支那朝鮮とメンタルが同じ。
textdetox@01907546324b0330d2d8b7669648cc18823323e5/ja/002123	ja	1	ほぼ病人   死ぬまでお薬飲まないとダメなレヴェル
textdetox@01907546324b0330d2d8b7669648cc18823323e5/ja/002124	ja	1	いや、ゴミよりかはまだまし   あいつらは、「国際分業だーーっ！！」って円高にして、日本人失職させて悦に入るような屑だし
textdetox@01907546324b0330d2d8b7669648cc18823323e5/ja/002125	ja	1	すげえ   お年を召した方でも老害ではない人がいるという素晴らしい例
textdetox@01907546324b0330d2d8b7669648cc18823323e5/ja/002126	ja	1	陳列された表紙を見ただけでムラムラきた早漏野郎だと、廻りに思われてやしないか心配になるよな。
textdetox@01907546324b0330d2d8b7669648cc18823323e5/ja/002127	ja	1	韓国人は日本と韓国の本当の歴史を学んでいない、しかし俺たち日本人も案外日韓の事で知らない事が多いのかも知れない。
textdetox@01907546324b0330d2d8b7669648cc18823323e5/ja/002128	ja	1	ホント、誰が何時許可してたか知りたいね     お～い、朝日新聞よォ。汚名挽回だ。調査しろやい！   チョンに牛耳られてるから無理かい？ コノ、スコタン！
textdetox@01907546324b0330d2d8b7669648cc18823323e5/ja/002129	ja	1	このチョンモメンはまだテレビに出てやがるな   早く吉本に法則発動してほしいわ
textdetox@01907546324b0330d2d8b7669648cc18823323e5/ja/002130	ja	1	女は三日殴らないと狐になる・・・     って教わって育ったんじゃないかな？
textdetox@01907546324b0330d2d8b7669648cc18823323e5/ja/002131	ja	1	歴史の教え方が変だったんですよ   江戸時代の農民は重い年貢に喘いで米の飯が食えなかった自体が嘘ですからね   比率で言えば全人口の8割が農民と教えられたはずですが、   その8割が作った米を誰が消費したのかが抜けているのです
textdetox@01907546324b0330d2d8b7669648cc18823323e5/ja/002132	ja	1	朝鮮戦争は休戦中とはいえ終結してないわけだが   その朝鮮戦争で韓国が戦った相手は中国と北朝鮮の連合軍だった   つまり、これは降伏宣言なのか
textdetox@01907546324b0330d2d8b7669648cc18823323e5/ja/002133	ja	1	一見するとパヨクの共倒れに見えるが、選管が票のすり替えをできると証明されてるからな   この４万票の実態はそういう意味合いもあったりする     伏見の件とかな
textdetox@01907546324b0330d2d8b7669648cc18823323e5/ja/002134	ja	1	どうやらリベラル派の連中は難民と極右の台頭をプーチンのせいにして現実逃避する事にしたようだ。
textdetox@01907546324b0330d2d8b7669648cc18823323e5/ja/002135	ja	1	アメリカが韓国を助けるとは限らないのが現状。   日本はアメリカが介入するまでは高みの見物。     間違っても日本単独で韓国を助けてはダメ。
textdetox@01907546324b0330d2d8b7669648cc18823323e5/ja/002136	ja	1	刑期ってどのくらい？   初犯だとするとやっぱ執行猶予ついちゃう？
textdetox@01907546324b0330d2d8b7669648cc18823323e5/ja/002137	ja	1	嫌韓デモは結構やってると思う   最近のだと札幌のがある
textdetox@01907546324b0330d2d8b7669648cc18823323e5/ja/002138	ja	1	毎年のように似たような事故が起きるが   アニメ叩きには繋がらない     きちんと鍵をかけるなり対策を取らないと危険
textdetox@01907546324b0330d2d8b7669648cc18823323e5/ja/002139	ja	1	お前ら冷静になれ。   駅に行くだけでハゲが治るなら、   銚子電鉄沿線の住民や増毛町民はみんなフサフサなはずだろ(´；ω；｀)
textdetox@01907546324b0330d2d8b7669648cc18823323e5/ja/002140	ja	1	それを言うやつは工作員かバカと思っていい   隠れ共産支持者の池上は前者ってこったな
textdetox@01907546324b0330d2d8b7669648cc18823323e5/ja/002141	ja	1	バカかｗ   AIIBは中国の銀行で全ては中国の利益となる     この12兆は日本の為の投資
textdetox@01907546324b0330d2d8b7669648cc18823323e5/ja/002142	ja	1	アホですみません。   何度練習しても上手くできなかった。   ちなみに左右盲気味。
textdetox@01907546324b0330d2d8b7669648cc18823323e5/ja/002143	ja	1	慣れない日本語を必死に操っているのは偉いと思うよｗ
textdetox@01907546324b0330d2d8b7669648cc18823323e5/ja/002144	ja	1	チョンモメンは常に全国各地でやらかしてますよ
textdetox@01907546324b0330d2d8b7669648cc18823323e5/ja/002145	ja	1	リビア方式を受け入れるつもりかねえ、決裂したらどうすんだろう。   ソウルを占領して、韓国を併合して、アメリカ人を出国禁止にして交渉かな。
textdetox@01907546324b0330d2d8b7669648cc18823323e5/ja/002146	ja	1	昭和の大横綱 千代の富士   私の中では横綱と言えばこの人でした     ご冥福をお祈りいたします
textdetox@01907546324b0330d2d8b7669648cc18823323e5/ja/002147	ja	1	でもロリコンのことは気持ち悪いと言って毛嫌いするんでしょ？
textdetox@01907546324b0330d2d8b7669648cc18823323e5/ja/002148	ja	1	後任は少子化やら男女共同参画絡みの女か   糖質患者よりマシだが相変わらずアカいな
textdetox@01907546324b0330d2d8b7669648cc18823323e5/ja/002149	ja	1	２，３年でゴミのように捨てられるのが知れ渡ってんのに行くかな韓国？
textdetox@01907546324b0330d2d8b7669648cc18823323e5/ja/002150	ja	1	馬鹿げているとしか言いようが無いな…。   ホント、マジで。
textdetox@01907546324b0330d2d8b7669648cc18823323e5/ja/002151	ja	1	慰安婦合意の10億かな。   でも、慰安婦合意は「最終的、不可逆的に解決」という文言を入れられたのが良かったと思う。   韓国以外の国でまた慰安婦像を建てようとしたら、この合意内容やそれを韓国が全く守っていないことをアピールすればいいと思う。
textdetox@01907546324b0330d2d8b7669648cc18823323e5/ja/002152	ja	1	韓国は、反日教育を常道でしているという、日本にとっての敵国です。
textdetox@01907546324b0330d2d8b7669648cc18823323e5/ja/002153	ja	1	「自己責任」大いに結構。だったら、殺害を煽った連中の「自己責任」も同様に追及されるべきだろ。   「法的責任」「道義的責任」という「他者責任」も併せてね。   少なくとも、被害者は「俺は悪くない！俺の責任はない！」とは一言も言ってないわけだから。
textdetox@01907546324b0330d2d8b7669648cc18823323e5/ja/002154	ja	1	日本人の民度って   ひょっとして朝鮮人とそんなに変わらないのか？   なんか日本人である事に自信が持てなくなってきたんだが
textdetox@01907546324b0330d2d8b7669648cc18823323e5/ja/002155	ja	1	そろそろあほのそれなりの遠吠えはスルーする   それなり@トリ無は、トリをつければ相手してやってもいい   最新のトリで頼む
textdetox@01907546324b0330d2d8b7669648cc18823323e5/ja/002156	ja	1	こういう手口で中国の日本人達が皆殺しにあったそうだけど   まったく気にしないバカ日本人も呆れる程のバカ
textdetox@01907546324b0330d2d8b7669648cc18823323e5/ja/002157	ja	1	日本の法律はアホだからこういうのは   刑事的のは民家の塀の落書きも国宝への落書きも   同じ器物破損程度なんだろ。   民事は損害額だから別だろうけど。
textdetox@01907546324b0330d2d8b7669648cc18823323e5/ja/002158	ja	1	文くんも逮捕か暗殺されるんだろうと考えるとなんとも言えなくなるな
textdetox@01907546324b0330d2d8b7669648cc18823323e5/ja/002159	ja	1	脱法賭博は別にパチンコにスロットじゃなくてもいいよね？   ポーカーしたいポーカー
textdetox@01907546324b0330d2d8b7669648cc18823323e5/ja/002160	ja	1	逆に聞きたいよ   何故外人は街でマッドマックスしたがるのか、と
textdetox@01907546324b0330d2d8b7669648cc18823323e5/ja/002161	ja	1	戦争＝即特攻とか言い出す子が一番知能に障害持ってると思う   尊敬する竹内くんが馬鹿にされてて悔しくて思わずでてきてしまったんかもしれないけどもう少し我慢覚えないとあかんよ？
textdetox@01907546324b0330d2d8b7669648cc18823323e5/ja/002162	ja	1	てゆうか抜いて良いって初めて知ったわｗ
textdetox@01907546324b0330d2d8b7669648cc18823323e5/ja/002163	ja	1	案内表示に複数言語表示されている   日本の例の方が世界的に稀な例だと思うがね。     もう馬鹿新聞の個人主観的記事なんぞ捨て置けばいいと思うわ。
textdetox@01907546324b0330d2d8b7669648cc18823323e5/ja/002164	ja	1	他の在日はもっと過激な発言しないのか?   仲間が逮捕されちゃってびびっちゃったの?wwwん?www   9cmが9mmになっちゃってるよ?wwww早く故郷にお帰りwww
textdetox@01907546324b0330d2d8b7669648cc18823323e5/ja/002165	ja	1	<丶｀∀´> 朝総連や民団、韓統連もブームにするニダ！
textdetox@01907546324b0330d2d8b7669648cc18823323e5/ja/002166	ja	1	と言うかクソアカに保育士なんかやって欲しくないんですけどｗ   子供に悪影響だわ
textdetox@01907546324b0330d2d8b7669648cc18823323e5/ja/002167	ja	1	宗教の後ろ盾でもないと、沖縄左翼の行動を暴露できない   こんな状態だったら怖いな
textdetox@01907546324b0330d2d8b7669648cc18823323e5/ja/002168	ja	1	ゲルマン系。ローマ人に教化されてフランク王国にこぎ着けた。   斧振り族はアングロサクソンでブリテンに渡った。   ♣♥♣
textdetox@01907546324b0330d2d8b7669648cc18823323e5/ja/002169	ja	1	＞筆者も経験上 ～ 経験がある     見たまえ、この下手くそな文章を。
textdetox@01907546324b0330d2d8b7669648cc18823323e5/ja/002170	ja	1	いやいや、天皇や皇族方を侮辱しまくるカルト教団なんぞの関与があれば   動画事態がヤラせでは無いかと疑うのが普通だ
textdetox@01907546324b0330d2d8b7669648cc18823323e5/ja/002171	ja	1	自民党に入っていたら将来があったろうに   クズのグループを選んだばかりに日本人に小馬鹿にされる   役目とはいえ辛いのお
textdetox@01907546324b0330d2d8b7669648cc18823323e5/ja/002172	ja	1	今日からもう２チョンのカキコみ止めて   こっちに移るわｗ
textdetox@01907546324b0330d2d8b7669648cc18823323e5/ja/002173	ja	1	それもスペース食らい過ぎて邪魔だから10番艦で用済みになって11番艦からはリチウムイオン電池搭載の   通常動力なのに1ヶ月以上潜行かつ原潜並の高速航行出来るマジキチ仕様になるからな。
textdetox@01907546324b0330d2d8b7669648cc18823323e5/ja/002174	ja	1	政治家なら政治の仕事をしろよ   売名のための余計な発言は仕事じゃないだろ   こんなバカに投票している連中はこいつよりもバカ確定
textdetox@01907546324b0330d2d8b7669648cc18823323e5/ja/002175	ja	1	放送しない自由どころか、率先して売国しているのが腹立つ。     平均的な、オリンピックメインスタジアムの１０倍という建設費用の   ＮＨＫ新社屋建設は、断固阻止すべき(・ω・)ノ
textdetox@01907546324b0330d2d8b7669648cc18823323e5/ja/002176	ja	1	こいつ元々在職中からパヨクだぞ？   朝鮮学校無償化推進、領土問題を教科書に載せるべきという意見に「右翼め！」と怒鳴り散らし   挙句アンポガーと国会前のチンドン屋に参加までしてる   それらを天下り斡旋しながらやってたクズ中のクズ
textdetox@01907546324b0330d2d8b7669648cc18823323e5/ja/002177	ja	1	何かある度に野党のせいにしてるバカってなんなんだろうね？   責任を取らずに野党のせいにしてたいのなら、さっと政権下野して信者と共に隅っこでミンスが～キョーサンが～と僻んでたらいいじゃないかよｗｗ     安倍信者バカ過ぎだわなｗ
textdetox@01907546324b0330d2d8b7669648cc18823323e5/ja/002178	ja	1	サヨクの暴力は綺麗な暴力なので平和主義者はだんまり
textdetox@01907546324b0330d2d8b7669648cc18823323e5/ja/002179	ja	1	ISIL関連で出てくるやつって臭いのばかりだな
textdetox@01907546324b0330d2d8b7669648cc18823323e5/ja/002180	ja	1	よほど有能でない限りは神輿は軽いほど良く、バカとハサミは使いようだ   ただ操縦不能だからそれで都合の良い人以外は誰も要らんだけで
textdetox@01907546324b0330d2d8b7669648cc18823323e5/ja/002181	ja	1	どこが荒らしなんだよ、クズが     ま、言うべき事は言ったし、これで去るか   ここまで言ってもなお続けるようなら真正のクズ確定だし
textdetox@01907546324b0330d2d8b7669648cc18823323e5/ja/002182	ja	1	抗議殺到してんのか。。。よし、あともう二押しくらいしてみようか
textdetox@01907546324b0330d2d8b7669648cc18823323e5/ja/002183	ja	1	アカっていうかアホ狩りだよね。   今対象になりそうなの見てるとさ
textdetox@01907546324b0330d2d8b7669648cc18823323e5/ja/002184	ja	1	何の感情も沸かないが同情もない   冥福も祈らない   東北を下に見る奴を東北は見限るだけだ
textdetox@01907546324b0330d2d8b7669648cc18823323e5/ja/002185	ja	1	蓮舫に１００万票とか、キチ中核太郎を当選させたりとか都民はアホだからなー   小池ファウストのイケメン・横領タイラーも当選させちゃうのかな？
textdetox@01907546324b0330d2d8b7669648cc18823323e5/ja/002186	ja	1	てか作品見るとわかるんだけど、手塚ってかなり変態の上級者やしな
textdetox@01907546324b0330d2d8b7669648cc18823323e5/ja/002187	ja	1	ネトウヨ連呼は改憲を妨げ、自民をおとしめたいようだな   中国様は好きか？
textdetox@01907546324b0330d2d8b7669648cc18823323e5/ja/002188	ja	1	当初は、支那に空気を着せる洋服屋がごまんといる。   英国のFTとかそうだし、欧州は詐欺服屋になるだろう。   米の学者・マスコミも詐欺洋服屋になるだろうな。
textdetox@01907546324b0330d2d8b7669648cc18823323e5/ja/002189	ja	1	嘘か真か分からんが、   ツイッターで湯川遥菜さん＝模型屋のおじさんだというのが出回っている。     もしそうなら朝日のライターはISISに嘘教えて一般人を殺した事になるが
textdetox@01907546324b0330d2d8b7669648cc18823323e5/ja/002190	ja	1	反原発が強い地域ではしっかり池田が票を積んでいるからな   パヨクが地方そっちのけでアベガーをやったのが敗因の一つではあろうな
textdetox@01907546324b0330d2d8b7669648cc18823323e5/ja/002191	ja	1	パヨクマスコミがすぐ世間から無かった事にすべく偏向煽動報道を発動して来る一件だろうな
textdetox@01907546324b0330d2d8b7669648cc18823323e5/ja/002192	ja	1	そしてまた国籍透視かｗ   現実に目を向けたら？   ぶっちゃけ22人のうち、一人もチョンは混ざってないと思うぜ
textdetox@01907546324b0330d2d8b7669648cc18823323e5/ja/002193	ja	1	イスラエル大統領の訪韓の話がマジで全く伝わってこないね   怒られたのかどうかだけでも知りたいわ
textdetox@01907546324b0330d2d8b7669648cc18823323e5/ja/002194	ja	1	クソアカがいい勝負しちゃう土地柄って時点でもうダメだわ新潟
textdetox@01907546324b0330d2d8b7669648cc18823323e5/ja/002195	ja	1	ジャーナリストって阿呆でもなれる専門性のない職業なんだなｗ
textdetox@01907546324b0330d2d8b7669648cc18823323e5/ja/002196	ja	1	そのとおり。   邪魔する奴は、蹴散らせばいい。     もしかして帰国させないのは、口実作りのためか？
textdetox@01907546324b0330d2d8b7669648cc18823323e5/ja/002197	ja	1	女はバカだからな   肝心な時に役に立たないし
textdetox@01907546324b0330d2d8b7669648cc18823323e5/ja/002198	ja	1	オーストコリアが支那に乗っ取られて行くニダアアアァァァッ！
textdetox@01907546324b0330d2d8b7669648cc18823323e5/ja/002199	ja	1	在日が多いと、お町もいろいろ進化できないってことか。   普通川崎規模の都市なら、こんな事件、防犯カメラですぐ画像公開して、犯人を見つけられるよな。   もうこれくらい在日が蔓延ると、警察もまともに動けなくて、犯罪の摘発もまともにできないってことだな。
textdetox@01907546324b0330d2d8b7669648cc18823323e5/ja/002200	ja	1	若者の反発という括りだけでは見誤る     今のマスゴミの中心は全共闘世代の下あたりだしな   反国家主義者の尺度でしかない
textdetox@01907546324b0330d2d8b7669648cc18823323e5/ja/002201	ja	1	ナマポ朝鮮人     【AERA dot.】 浜矩子 『また（安倍政権の）悪口を言い続けなければならない一年が始まる。また楽しからずや。』［H30/1/31］(38)   26.ID:tY0 安倍を叩くぞ！叩くぞ叩くぞ叩くぞ！
textdetox@01907546324b0330d2d8b7669648cc18823323e5/ja/002202	ja	1	放火＝韓国の国技     韓人（はんにん）の国籍分かっちゃったお(´・ω・`)
textdetox@01907546324b0330d2d8b7669648cc18823323e5/ja/002203	ja	1	自主的に引き籠もってるクズよりも、介護離職の介護明けの俺を支援しろよ！
textdetox@01907546324b0330d2d8b7669648cc18823323e5/ja/002204	ja	1	結局メディアによって支持率を落としてる現状を見るに   今解散したら、この国の民は想像以上に馬鹿なんだということが露呈するだけだと思うぞ
textdetox@01907546324b0330d2d8b7669648cc18823323e5/ja/002205	ja	1	ほんとそう     ご冥福をお祈りします
textdetox@01907546324b0330d2d8b7669648cc18823323e5/ja/002206	ja	1	朝鮮人に優しいっていうか、このいじめ自体、主犯は朝鮮人だろう
textdetox@01907546324b0330d2d8b7669648cc18823323e5/ja/002207	ja	1	陰謀・裏切り・殺人が渦巻く法王庁の幹部になるなんて勇者だなあ   今でもやっぱりラテン語で会話しているのかな
textdetox@01907546324b0330d2d8b7669648cc18823323e5/ja/002208	ja	1	その通りだよ。九条なんてとっくの昔に死文化してたって事だよ
textdetox@01907546324b0330d2d8b7669648cc18823323e5/ja/002209	ja	1	この問題に有利も不利もないんだよ馬鹿が   英霊のために日本のために参拝に行くか行かないかだろ
textdetox@01907546324b0330d2d8b7669648cc18823323e5/ja/002210	ja	1	なんか、悪いのは韓国限定じゃ無いみたいなイメージをばらまいてるね、君。
textdetox@01907546324b0330d2d8b7669648cc18823323e5/ja/002211	ja	1	今のところ感染確定が36人で亡くなったのが3人   言われていた致死率40%には及ばないけど、1割でも相当高いよね
textdetox@01907546324b0330d2d8b7669648cc18823323e5/ja/002212	ja	1	だからこそ自民にもおかしい部分があると   アベガーに興じる連中の矛盾が際立つってオチ     戦後、これだけ官僚やマスゴミに抵抗できる政権なんて無いのに
textdetox@01907546324b0330d2d8b7669648cc18823323e5/ja/002213	ja	1	いじめってワードの響きが、   自殺教唆や暴行 傷害 恐喝等の   犯罪を矮小化している。
textdetox@01907546324b0330d2d8b7669648cc18823323e5/ja/002214	ja	1	南米とかメキシコ辺りはタバスコとかハラペーニョで   脳ミソが韓流になってると思う
textdetox@01907546324b0330d2d8b7669648cc18823323e5/ja/002215	ja	1	アメリカはメキシコにそれやって欲しそうだよなぁｗ
textdetox@01907546324b0330d2d8b7669648cc18823323e5/ja/002216	ja	1	勉強そっちのけでバイトに明け暮れてるじゃんwww
textdetox@01907546324b0330d2d8b7669648cc18823323e5/ja/002217	ja	1	それは殺人思想だからだろ   いくらＯＰ２ｃｈが自由だからって殺人教唆が許されてるわけじゃない
textdetox@01907546324b0330d2d8b7669648cc18823323e5/ja/002218	ja	1	あんまり言ってやるなよ   バカにバカって言ったら可哀想だろw
textdetox@01907546324b0330d2d8b7669648cc18823323e5/ja/002219	ja	1	そもそも靖国神社に参拝することは英霊を拝みにいくわけで   倫理的な、高尚な、無粋な政治的思惑が関わるべきでない行為なわけだ   それを外交カードとか言っちゃう時点で愛国心がまるで無いばかりか   純粋に日本の精神性、宗教を守る気が無いのがわかるよな
textdetox@01907546324b0330d2d8b7669648cc18823323e5/ja/002220	ja	1	TV放映された日にゃあ、ラピュタの「バルス」を抜くツイート数を記録するだろうな。   Twitter社には気の毒だが。
textdetox@01907546324b0330d2d8b7669648cc18823323e5/ja/002221	ja	1	マスゴミ芸能の奴らが助長して在日がボラみたいに釣られたフリで手口を拡散しとるんやろな。
textdetox@01907546324b0330d2d8b7669648cc18823323e5/ja/002222	ja	1	つべのひるおびのLIVEでパヨクがホルホルしてるよ
textdetox@01907546324b0330d2d8b7669648cc18823323e5/ja/002223	ja	1	オープンには旧チャンみたいなアホはおらんぞｗ     さっさと、カエレ。
textdetox@01907546324b0330d2d8b7669648cc18823323e5/ja/002224	ja	1	次は   創価のリストだな   把握しきれるかな
textdetox@01907546324b0330d2d8b7669648cc18823323e5/ja/002225	ja	1	きちんと適用するなら別に構わないのよ   「被シャベチュ者」だから、無かったことにしようとか   アカの大群からの嫌がらせが厄介だからもみ消そうとかしなければね
textdetox@01907546324b0330d2d8b7669648cc18823323e5/ja/002226	ja	1	実際、先進国の寿命は伸びてるだろ。   子供が死なないという平均寿命マジックや、寝たきりみたいな健康寿命マジックも抜きにしても、だ。
textdetox@01907546324b0330d2d8b7669648cc18823323e5/ja/002227	ja	1	俺なんか素で言われたぞ   「日本は悪い事した！」と散髪屋の60オヤジに・・・   唖然とした
textdetox@01907546324b0330d2d8b7669648cc18823323e5/ja/002228	ja	1	逆にこういう記事が増えれば増えるほど   韓国製品を買わなくなるやつが増えるからいい感じ
textdetox@01907546324b0330d2d8b7669648cc18823323e5/ja/002229	ja	1	韓国製のタイヤが破裂してタイヤ交換中の女性隊員が死亡したのはあまりにもかわいそう   当時は民主党政権だったな。子ども手当をねん出するため、あちこちにしわ寄せと韓国優遇をやってたんだっけ？
textdetox@01907546324b0330d2d8b7669648cc18823323e5/ja/002230	ja	1	テロは「政治的動機による犯罪行為」を指す訳で今回の場合動機が不明   故にテロと断定も出来ない
textdetox@01907546324b0330d2d8b7669648cc18823323e5/ja/002231	ja	1	こういう言い方されると余計なあ   在日というかヘンに使命感持っちゃった偽善者だと思う
textdetox@01907546324b0330d2d8b7669648cc18823323e5/ja/002232	ja	1	明確に区別するなら、フルタングでセレーションが無く血溝の在る物がコンバットナイフかな。   要するに銃剣に近い物。     サバイバルナイフはセレーションが有ったり刺すより斬る為に反りが有ったりとかではなかろうか。
textdetox@01907546324b0330d2d8b7669648cc18823323e5/ja/002233	ja	1	さすがにｗ     こんなスレだと、在日だらけだなｗｗｗ
textdetox@01907546324b0330d2d8b7669648cc18823323e5/ja/002234	ja	1	阿呆か軍の関与イコール国の関与だ   玉虫色は日本だけの話   世界は軍の関与にこだわるんだよ
textdetox@01907546324b0330d2d8b7669648cc18823323e5/ja/002235	ja	1	韓国に対しては、愛国心なんか無いなぁ(笑)
textdetox@01907546324b0330d2d8b7669648cc18823323e5/ja/002236	ja	1	でも氷河期はパヨクの方が嫌いだってよｗ
textdetox@01907546324b0330d2d8b7669648cc18823323e5/ja/002237	ja	1	正義のためなら法を犯すのも容認か   チョンみたいだな
textdetox@01907546324b0330d2d8b7669648cc18823323e5/ja/002238	ja	1	かかわらない間に、政治家も企業の役員も、官僚も、公務員も、ついでにスポーツ界のトップも、全部在日または帰化の朝鮮人になってしまいましたとさ。
textdetox@01907546324b0330d2d8b7669648cc18823323e5/ja/002239	ja	1	だってキリストさんが宗教革命をしたら十字架に貼り付けたのが当時のイスラエル人だし…
textdetox@01907546324b0330d2d8b7669648cc18823323e5/ja/002240	ja	1	元々朝鮮なんて、支那から見たらこういうポジションの国だろ？
textdetox@01907546324b0330d2d8b7669648cc18823323e5/ja/002241	ja	1	以前うちの会社に元自衛隊の人が居たけど韓国の女が結構着たと言っていた。
textdetox@01907546324b0330d2d8b7669648cc18823323e5/ja/002242	ja	1	くそう、羅針盤が言う事を聞かない   そろそろ寝ないと明日やべえのになあ
textdetox@01907546324b0330d2d8b7669648cc18823323e5/ja/002243	ja	1	出したったらええやん   出したのに出て行かんかったら詐欺だわｗ
textdetox@01907546324b0330d2d8b7669648cc18823323e5/ja/002244	ja	1	鳥頭は未決になってるルールの中に存在してる文章が気に入らないらしいｗ   先月の今頃に捏造と改変を勝手に入れ替えて必死になってたバカと同一だったら笑うｗ
textdetox@01907546324b0330d2d8b7669648cc18823323e5/ja/002245	ja	1	誰得？   日韓交流を口実に税金のおこぼれを貰うのは、どこの組織ですか？
textdetox@01907546324b0330d2d8b7669648cc18823323e5/ja/002246	ja	1	つまりあれは事実であってよっぽど都合が悪い連中がいるってことだよね   消した連中には信憑性を担保してくれてありがとうってとこかな   消せば増える、攻撃は真実性を高めるってネットの法則を理解しないバカがまだ多い
textdetox@01907546324b0330d2d8b7669648cc18823323e5/ja/002247	ja	1	韓国なんてTPP参加したら、日米に骨の髄までしゃぶり尽くされる運命しか待ってないだろｗｗｗｗ
textdetox@01907546324b0330d2d8b7669648cc18823323e5/ja/002248	ja	1	チョンドルもやってたしウジテレビもやってたから   原爆に対する異常とも言える執着心が窺えるね   多分鮮人は悪い日本人をアメリカが原爆で懲らしめたという認識を持ってんじゃないかな
textdetox@01907546324b0330d2d8b7669648cc18823323e5/ja/002249	ja	1	天邪鬼の使い方間違ってるやんｗ   支那共産党はもちっと日本語の勉強しろよー世界に恥晒してるぞ
textdetox@01907546324b0330d2d8b7669648cc18823323e5/ja/002250	ja	1	皆殺しのあとに自殺してくれるなら最高だな
textdetox@01907546324b0330d2d8b7669648cc18823323e5/ja/002251	ja	1	土井が死んだ時もID:C7Dと全く似たようなのが沸いてたなぁ
textdetox@01907546324b0330d2d8b7669648cc18823323e5/ja/002252	ja	1	日本義務教育があれば、殺人なんてかんたん。中国では少し難しいかも、
textdetox@01907546324b0330d2d8b7669648cc18823323e5/ja/002253	ja	1	さぞかし台灣人は蔡英文を選んだ自分たちを誇りに思っているだろうよ。   こんな支那のバカたちといっしょにされるのはたまらんだろうからな。
textdetox@01907546324b0330d2d8b7669648cc18823323e5/ja/002254	ja	1	昨日からこれマルチ荒らししてたカス居てたな。     朝日新聞の方かな？
textdetox@01907546324b0330d2d8b7669648cc18823323e5/ja/002255	ja	1	あんた悪口しか書いてないやん     【武装難民問題】 韓国外交部「非常に遺憾」 麻生氏の「武装難民射殺」発言を批判 ［H29/9/27］(34)   31.ID:B7z ほんと日本人て屑だよな難民すら受け入れる度量もないケチだし
textdetox@01907546324b0330d2d8b7669648cc18823323e5/ja/002256	ja	1	いつもの東洋経済の嘘記事じゃねいか     ×故障が続出   ○車両の整備が出来ない
textdetox@01907546324b0330d2d8b7669648cc18823323e5/ja/002257	ja	1	この夫婦は韓国文化が大好きだよね   夫は焼肉で嫁は韓流
textdetox@01907546324b0330d2d8b7669648cc18823323e5/ja/002258	ja	1	メキシコの時給は3ドル   アメリカの時給は20ドル   35%掛けても勝負にならないな
textdetox@01907546324b0330d2d8b7669648cc18823323e5/ja/002259	ja	1	一般的なアニヲタならいいんだけど、ロリコン兼アニヲタだと犯罪を犯す可能性があるからね   周り、特に子供達には危険な存在だよね
textdetox@01907546324b0330d2d8b7669648cc18823323e5/ja/002260	ja	1	一方日本では、為政者を「ハゲ」と言っても逮捕されない。
textdetox@01907546324b0330d2d8b7669648cc18823323e5/ja/002261	ja	1	朝日新聞読んでるようなやつにこそ知って欲しいのに掲載拒否とは   朝日社員は読者のために働けよクズ
textdetox@01907546324b0330d2d8b7669648cc18823323e5/ja/002262	ja	1	マスゴミもISILに電話取材を試みたら話が出来る相手かどうかすぐに分かるだろ。   ガンタンクのツイッターの件といい、何で今使ってるツールで試さずに発言するかな。
textdetox@01907546324b0330d2d8b7669648cc18823323e5/ja/002263	ja	1	20年以上前から   痴漢強姦立命館いわれてまんがなw
textdetox@01907546324b0330d2d8b7669648cc18823323e5/ja/002264	ja	1	日経新聞は、半年以上過去の統計（調査法も不明確）を、さも今現在のデータのように記事にしたり   国外の記事の翻訳のふりして、意図的に書き換えたりするし     詐欺の手練れは、事実に嘘を混ぜ込む
textdetox@01907546324b0330d2d8b7669648cc18823323e5/ja/002265	ja	1	センターに問い合わせてみたよ。   JRの見解では六枚綴りの利用券の一部が抜けていたから秘書を待たせて上部に確認し、券がないのは駄目という決定になって発券しなかったのだとさ。   ただ、それでは日ころ云々の話が欠落しているし、出札側の言い訳だけだと片手落ちになる。
textdetox@01907546324b0330d2d8b7669648cc18823323e5/ja/002266	ja	1	家にピンポン来るのが鬱陶しいから、Amazonのコンビニ受取は大変有り難い
textdetox@01907546324b0330d2d8b7669648cc18823323e5/ja/002267	ja	1	日本が中露並の独裁国家だったらパヨクは１ヶ月も生き延びられないだろうにな
textdetox@01907546324b0330d2d8b7669648cc18823323e5/ja/002268	ja	1	だろうな。朝鮮人はラテン系より火が付き易いからなぁ   そう言えば、中国の天安門で歌ったら同じ事が起こるよ   中国や韓国の多くの観光客は道徳や礼儀作法を身につけていない   中国や韓国は反日教育するより、道徳教育をするべきだな
textdetox@01907546324b0330d2d8b7669648cc18823323e5/ja/002269	ja	1	韓国のポッサムって   ゆでた豚肉とキムチとかと一緒に食べるものみたい   飯と合いそうでイイね
textdetox@01907546324b0330d2d8b7669648cc18823323e5/ja/002270	ja	1	橋下市長には、こんな学校給食導入を決めた奴をボロクソに叩いて罵って欲しい
textdetox@01907546324b0330d2d8b7669648cc18823323e5/ja/002271	ja	1	それが丸く収まる一番の理想なんだがね…。   まあ、ロスケや支那畜が黙っていないと思うしな。
textdetox@01907546324b0330d2d8b7669648cc18823323e5/ja/002272	ja	1	韓国するって意味が広すぎて使いづらくね？   とりあえず悪口罵倒って事は分かるが
textdetox@01907546324b0330d2d8b7669648cc18823323e5/ja/002273	ja	1	おまえ、あらゆるスレでバカなチョン擁護書き込んでるな
textdetox@01907546324b0330d2d8b7669648cc18823323e5/ja/002274	ja	1	うーん、スマホの汎用ブラウザだとaaが見づらい…
textdetox@01907546324b0330d2d8b7669648cc18823323e5/ja/002275	ja	1	騒ぎがあったのは事実だ。証拠もきっちりある。   日本は韓国人に迷惑をかけるな
textdetox@01907546324b0330d2d8b7669648cc18823323e5/ja/002276	ja	1	ふるえて眠ってる()ならいいけど、その内半島に高飛びしそう。   現状、半島は南北共に敵だから、犯罪者引き渡し無理だし。
textdetox@01907546324b0330d2d8b7669648cc18823323e5/ja/002277	ja	1	でも異種交配の生き物って生殖能力が無いと聞いたが。   特に哺乳類はね
textdetox@01907546324b0330d2d8b7669648cc18823323e5/ja/002278	ja	1	それは行き過ぎ。   銃持ってるのに包丁で刺殺された日本人警官がいただろ？   あんなの理不尽だよ。
textdetox@01907546324b0330d2d8b7669648cc18823323e5/ja/002279	ja	1	考案こそリテラではないもののネトウヨ在日ってワードなら既にある
textdetox@01907546324b0330d2d8b7669648cc18823323e5/ja/002280	ja	1	早く依頼さんが復活したレスはよ   お前のなかでは、「億円が依頼さんを殺した」はデマなんだろ？ｗ
textdetox@01907546324b0330d2d8b7669648cc18823323e5/ja/002281	ja	1	奴隷階級の普通の男は、特権階級に属する女との婚姻は許されてないことも   少子化の原因なんだよな
textdetox@01907546324b0330d2d8b7669648cc18823323e5/ja/002282	ja	1	法的責任については日本は突っぱねてるから   韓国としては目標達成とは言えない話のはずなのに   こんな内容でいったん飲むってのも妙だよ   韓国もやはり年内に何とか目途付けたかったとしか思えない
textdetox@01907546324b0330d2d8b7669648cc18823323e5/ja/002283	ja	1	ネット時代に戦車で轢き殺すのは結構度胸が居るよね   少なくともトルコのヘタレ兵士には難しかった。   ネットをバッサリ遮断するのだろうか？
textdetox@01907546324b0330d2d8b7669648cc18823323e5/ja/002284	ja	1	わざわざ他の救援隊を押し留めて、馬鹿ンス政権が外務副大臣をわざわざ   韓国救援隊のために成田までお出迎えにやったアレか   本気でこいつらゴミンスだと思ったわ。
textdetox@01907546324b0330d2d8b7669648cc18823323e5/ja/002285	ja	1	予報士は気付かないふりをしているみたいだが、平日の昼間にオープンやってる暇人は   予報士（一派）ぐらいしかいないから。   予報士は複数回線で一人数役をやってることをゲロッテるし、   予報士一派は仮に複数いるとしても、予報士の自演ぐらいにしか見られていないから。
textdetox@01907546324b0330d2d8b7669648cc18823323e5/ja/002286	ja	1	デモ会場でピースとかバカにしてるの？   普通に追悼集会でも開いていればいいのに
textdetox@01907546324b0330d2d8b7669648cc18823323e5/ja/002287	ja	1	国が死ねば国民が死ぬ   大量殺人そのものだ
textdetox@01907546324b0330d2d8b7669648cc18823323e5/ja/002288	ja	1	その人ら、偏狭な正義感で目が曇ってるんだろうけど   やってることテロリストと変わらんよ
textdetox@01907546324b0330d2d8b7669648cc18823323e5/ja/002289	ja	1	(*´∀`)ｱﾊﾊﾝ♪   おれ，嘲り笑ってんの     わかる？バカバーカって指差して笑ってんの
textdetox@01907546324b0330d2d8b7669648cc18823323e5/ja/002290	ja	1	ある程度のソース限定は必要だと思うよ。   実際にTwitterの香山リカスレなんかはどうでも良いつぶやきを晒してるだけにしか見えないし。     某記者は、万人の為のスレ立てをするボラ精神がない事が、問題を起こす原因だと俺は感じるんだ
textdetox@01907546324b0330d2d8b7669648cc18823323e5/ja/002291	ja	1	怒っているあなたの反応は、政府の読みどうりだよ。     韓国は、勝ったつもりだろうが結果的に韓国は、また嫌われる原因を作った。
textdetox@01907546324b0330d2d8b7669648cc18823323e5/ja/002292	ja	1	日韓含む21カ国のうち３分の２の得票が必要。   韓国はロビー活動頑張っているらしいけど、   ユネスコから勧告のあった遺産を否決するとなると   それなりに理由が必要だと思うんだが。
textdetox@01907546324b0330d2d8b7669648cc18823323e5/ja/002293	ja	1	馬鹿に付ける薬を飲ませても効かないだろｗ
textdetox@01907546324b0330d2d8b7669648cc18823323e5/ja/002294	ja	1	何かもう日韓、日中関係、イスラム原理主義とかどうでも良くなってきた   ただもう日本をきれいにしたい
textdetox@01907546324b0330d2d8b7669648cc18823323e5/ja/002295	ja	1	さすがにこれだけ不倫が騒がれている年に、これは駄目だろ？
textdetox@01907546324b0330d2d8b7669648cc18823323e5/ja/002296	ja	1	地下鉄サリン事件の経験があるから、ミサイル攻撃みたいな大規模攻撃にさらにテロリスト活動を予測したんだと思う。
textdetox@01907546324b0330d2d8b7669648cc18823323e5/ja/002297	ja	1	日本側が常識的で大人な対応すると   それを弱さや服従と取るのが韓国クオリティ
textdetox@01907546324b0330d2d8b7669648cc18823323e5/ja/002298	ja	1	愛国心溢れる人間の振りをして在特会に参加して内部情報（参加者の住所など）を探っていた在日スパイ、って可能性はないかな？
textdetox@01907546324b0330d2d8b7669648cc18823323e5/ja/002299	ja	1	日本のブラック企業なんて目じゃないのようなブラック加減でダンピングをやってるだけのクソ企業だからな……Amazon。   あの企業がこの世に存在し得てるだけで「外国ではブラック企業なんてない」という言葉が空々しく聞こえる。
textdetox@01907546324b0330d2d8b7669648cc18823323e5/ja/002300	ja	1	ドイツいけドイツ   ドイツにチョンのへんな会社たくさんあるだろ
textdetox@01907546324b0330d2d8b7669648cc18823323e5/ja/002301	ja	1	今日、新宿の舛添やめろデモみたが、朝鮮人に対する内容もあったが、主題はあくまで舛添批判なのに   ヘイトやめろで必死になってるカウンター連中がいたな     舛添を一番朝鮮人扱いしてんのって実はカウンター連中なんやなとおもったわ
textdetox@01907546324b0330d2d8b7669648cc18823323e5/ja/002302	ja	1	中国って、あれだけ大量の留学生を日本に送り込んでいるくせに、何を勉強させているんだよ。   日本が継承した支那の文化文明を勉強して故国に広めさせろよ
textdetox@01907546324b0330d2d8b7669648cc18823323e5/ja/002303	ja	1	消費税さえ無ければもっと盛り上がっていたろうに   目先の税収のために止められないとは本当にお馬鹿よ
textdetox@01907546324b0330d2d8b7669648cc18823323e5/ja/002304	ja	1	支那と南北朝鮮に対する政策をゴリ押ししたら国民から嫌われたニダ
textdetox@01907546324b0330d2d8b7669648cc18823323e5/ja/002305	ja	1	あれれ？   よくメディアで取上げられてる   日本に比べて児童虐待に厳しい国ってアメリカじゃなかったの？
textdetox@01907546324b0330d2d8b7669648cc18823323e5/ja/002306	ja	1	腹膨らんでくると母心ついちゃうんだよな   生理的に仕方ないこと
textdetox@01907546324b0330d2d8b7669648cc18823323e5/ja/002307	ja	1	>極端なメディア   アサヒる新聞とか変態新聞とか犬HKとかt豚sとか多すぎて書ききれない
textdetox@01907546324b0330d2d8b7669648cc18823323e5/ja/002308	ja	1	編集者に馬鹿チョンが入り込んでるのを知って、驚愕した。     これじゃあ、漫画もつまらなくなるわｗｗｗ
textdetox@01907546324b0330d2d8b7669648cc18823323e5/ja/002309	ja	1	で、流されたのが一番痛かった部分なんだと思う   金と暴力。この二点
textdetox@01907546324b0330d2d8b7669648cc18823323e5/ja/002310	ja	1	アイツの、在日で元会津小鉄の旦那がかちこんで来るから触らんわな。   口だけの小西辺りがヤクザにカマされたらひとたまりも無い筈。   ケツ割りと言えど旦那は野田の七光で、今はヤクザも利用価値有ると思われる。
textdetox@01907546324b0330d2d8b7669648cc18823323e5/ja/002311	ja	1	2ちゃんでも専門板だとネトウヨは少数派、パヨクはそもそも相手にされない   まぁ、関係ない板に政治思想持ち込む時点でおかしい奴扱いだが
textdetox@01907546324b0330d2d8b7669648cc18823323e5/ja/002312	ja	1	それにしても、ぱよぱよちん騒動を引き起こした最大の功労者が、   チバレイというのがなんだか癪に障るなｗ
textdetox@01907546324b0330d2d8b7669648cc18823323e5/ja/002313	ja	1	女としての利点を武器に社会で活躍するのと   女を盾にして社会で優遇や譲歩、免罪を求めるのは違う     明らかに山尾氏は後者 だから批判される
textdetox@01907546324b0330d2d8b7669648cc18823323e5/ja/002314	ja	1	普通、願書出す前にその会社の事調べると思うけど…     あっ、馬鹿だから朝日社員なのかｗｗｗ
textdetox@01907546324b0330d2d8b7669648cc18823323e5/ja/002315	ja	1	レイプ犯が捕まって申告する犯罪件数と、被害届の件数の違い。   空き巣、強盗も同じ
textdetox@01907546324b0330d2d8b7669648cc18823323e5/ja/002316	ja	1	まあ、愛知県（というか名古屋）はブスでもモテる土地柄だしな
textdetox@01907546324b0330d2d8b7669648cc18823323e5/ja/002317	ja	1	もういい加減   カジノ反対派＝パチンカスの手先   の印象操作はやめましょうよ
textdetox@01907546324b0330d2d8b7669648cc18823323e5/ja/002318	ja	1	どんな故障でもタダで直します3年保障ってやったらどうなんだろうね。   アンドロイドが嫌いならしょうがないが
textdetox@01907546324b0330d2d8b7669648cc18823323e5/ja/002319	ja	1	スレチで安倍批判はよいけど反論は許しませんってかｗ   見事なダブスタで実にパヨクらしい物言いだなｗ
textdetox@01907546324b0330d2d8b7669648cc18823323e5/ja/002320	ja	1	だよなあ   もう何でも良いから安倍引きずり下ろさないと死ぬ、みたいな悲壮感を感じる
textdetox@01907546324b0330d2d8b7669648cc18823323e5/ja/002321	ja	1	親中メディアが必死すぎるぐらい、ＡＩＩＢに参加しろっていう論調一色なのは、   ＡＩＩＢは日米が参加しないと運営が相当やばいってことなんだろうな。   だって、中国の５０％の出資金ってのは、投資詐欺の見せ金臭さプンプンだしｗ
textdetox@01907546324b0330d2d8b7669648cc18823323e5/ja/002322	ja	1	ネトウヨは韓国語にも韓国の歴史にも社会事情にも異常に詳しくて   翻訳掲示板では韓国人と論戦して韓国人の無知を暴いているくらいだからなw   お前ら韓国人のほうが韓国のことを知らないって。
textdetox@01907546324b0330d2d8b7669648cc18823323e5/ja/002323	ja	1	その理屈だと今から日本が韓国・北朝鮮・在日に宣戦布告して勝てば何をやってもよいということにもなるな？   日本人の望みはただひとつ、後顧の憂いを完全に絶つためにもチョンは地球上から完全に消滅してくれ
textdetox@01907546324b0330d2d8b7669648cc18823323e5/ja/002324	ja	1	テレビが極めてミクロな情報のみから妄想全開にして   可能性って言葉を付ければ何やっても良いんだと事実と異なる無いことまででっち上げる形で騒いでるけど   結局は総合的に見れば安全性に問題は無く大山鳴動して鼠一匹ってオチとなってる流ればかりなんだよな
textdetox@01907546324b0330d2d8b7669648cc18823323e5/ja/002325	ja	1	十円とか百円振り込んで、詐欺だ懲罰的慰謝料だってんで、十倍百倍返しウマーってなんないの？
textdetox@01907546324b0330d2d8b7669648cc18823323e5/ja/002326	ja	1	志位も整形し通名つけなアカンやろな。   無駄な高身長もひざからチョンギってまえや。
textdetox@01907546324b0330d2d8b7669648cc18823323e5/ja/002327	ja	1	こうやって国民の為に、言葉だけじゃないまさにリアルに「命を懸けて」   救助してくれてる自衛隊員の方々に対して、民主党の人達は   「殺人機械だ」って言い放ったんだよね
textdetox@01907546324b0330d2d8b7669648cc18823323e5/ja/002328	ja	1	なるほどね。自分で面倒見るのが嫌だから税金でやらせようって訳か。   屑過ぎwarota   こんな奴が人権派ぶるなよ。
textdetox@01907546324b0330d2d8b7669648cc18823323e5/ja/002329	ja	1	見ろ！人がゴミや排水のようだ！
textdetox@01907546324b0330d2d8b7669648cc18823323e5/ja/002330	ja	1	無音で潜りっぱなし。狙われたら終わり。     数年かけてようやく運用にこぎつけた空母でも、   熟練パイロット、整備員もろとも、数分で海の藻屑にできるね。
textdetox@01907546324b0330d2d8b7669648cc18823323e5/ja/002331	ja	1	きちんと確認してなかったって事だよな
textdetox@01907546324b0330d2d8b7669648cc18823323e5/ja/002332	ja	1	これはTBSを徹底追及しないとな   局全体でレイプの揉み消しを行われている可能性が高い
textdetox@01907546324b0330d2d8b7669648cc18823323e5/ja/002333	ja	1	バカヒの煽りはもう太平洋戦争だけでこりごりですよねｗ   てかこの無駄紙製造社がまだ廃刊にならないことに驚愕ですわ。
textdetox@01907546324b0330d2d8b7669648cc18823323e5/ja/002334	ja	1	ここがマスゴミに対抗した偏向板であることは間違いないだろ   誰かさんがマスゴミ板にしたがってたのを阻止して喜んでいたのがその証拠
textdetox@01907546324b0330d2d8b7669648cc18823323e5/ja/002335	ja	1	韓国経済を見たら、それはムリだろう   どういう理論になるか興味はあるが
textdetox@01907546324b0330d2d8b7669648cc18823323e5/ja/002336	ja	1	確かに傾向はあるよね。   歯止めが効かないのは自分や周囲に矛先ぐ向いたらと思うと、ちょっと怖い。     ネット民の人員構成にも偏り有りそうだけど、年寄り世代がボンクラ政治家やクソメディア信奉してるから、ある意味バランスは取れてきてる気がする。
textdetox@01907546324b0330d2d8b7669648cc18823323e5/ja/002337	ja	1	少年犯罪板なんか板開始以来スレ立ちっぱなしだからな   板開始がいつか知らんが
textdetox@01907546324b0330d2d8b7669648cc18823323e5/ja/002338	ja	1	日本の政治家は領土・歴史問題と経済は別、という糞みたいなお利口さんしかいないからね   他の国なら平然と取引材料にもするだろうけど     「与野党共に」だな、アベガージミンガーの馬鹿の一つ覚えがいるし
textdetox@01907546324b0330d2d8b7669648cc18823323e5/ja/002339	ja	1	彼は不死鳥   ここから挽回するしぶとさが見てみたいところではあるけども   だめかも、山本太郎はやばすぎる
textdetox@01907546324b0330d2d8b7669648cc18823323e5/ja/002340	ja	1	恐らくそのときにヤバいのは小泉   ゲル自体は小泉に食われて死んでる
textdetox@01907546324b0330d2d8b7669648cc18823323e5/ja/002341	ja	1	韓国のメディアで数日前にこの事件を扱ってるのを見た時は   野球ボール位のわさびをこんもり提供されたとか書いてあったぞ   んなバカなとは思ったが向こうではそう報道されていた
textdetox@01907546324b0330d2d8b7669648cc18823323e5/ja/002342	ja	1	だよね。つるのさんは、右とか左とか関係なく、   「日本死ね」への違和感など、当たり前のことしか言っていないよね。   以前からリベラルだと思ったいた自分が、いつの間にか   「○○さんって右翼なんですか？」と言われるようになった図と似てるかもww
textdetox@01907546324b0330d2d8b7669648cc18823323e5/ja/002343	ja	1	イエス： たった一隻の船でも、死ねば、豊かな大船団の実をつけるんやで＾＾     みたいなんがあるな、覚悟していってるんやろな、ご武運をみたいなかんじやね
textdetox@01907546324b0330d2d8b7669648cc18823323e5/ja/002344	ja	1	安倍政権が韓国を助けるに決まってんだろ！
textdetox@01907546324b0330d2d8b7669648cc18823323e5/ja/002345	ja	1	ラジオだけどＳＮＳは嘘ばかり、情報はテレビかラジオで得ましょうとプロパガンダしてるからなあ   改めてネットとか拒否反応の強そう。     まずは本人がプロパガンダに疑問を持たないとどうにもならない。観るだけならテレビと同じってか楽
textdetox@01907546324b0330d2d8b7669648cc18823323e5/ja/002346	ja	1	二次安倍政権以降、チョンがそれで得した例が何かある？
textdetox@01907546324b0330d2d8b7669648cc18823323e5/ja/002347	ja	1	サーチナ編集担当時代、欧米だったら憎悪扇動罪に問われても   不思議じゃないくらいに、日韓間の憎悪を煽る記事を   書き散らしていた北系の自称「在日人」の分際でよく言う。
textdetox@01907546324b0330d2d8b7669648cc18823323e5/ja/002348	ja	1	逆に韓国が「お前らもグルニダ」と脅しをかけてきたので   経済産業省自身が切れたという話も聞いた
textdetox@01907546324b0330d2d8b7669648cc18823323e5/ja/002349	ja	1	生活保護の案件で、嘘と偏見と認定を駆使して論じる奴って向こう側のクズだな
textdetox@01907546324b0330d2d8b7669648cc18823323e5/ja/002350	ja	1	自民の売国勢と公明をどうにかして次世代票に摩り替える   これが大阪でできれば大阪維新も多分あの馬鹿な条例に必死にはならなくなるだろうけどな
textdetox@01907546324b0330d2d8b7669648cc18823323e5/ja/002351	ja	1	復唱ガイジには言われたくないだろうよ
textdetox@01907546324b0330d2d8b7669648cc18823323e5/ja/002352	ja	1	韓国人をここまで興奮させる支局長の態度に問題がある   って持っていきたいだろね朝日は
textdetox@01907546324b0330d2d8b7669648cc18823323e5/ja/002353	ja	1	ネットでいろいろバレてきただけで奴らは昔からコソコソやってたと思う   ソウル五輪からこっちなら確信犯だろう   その某芸人がいまどうしてるか知らないけど
textdetox@01907546324b0330d2d8b7669648cc18823323e5/ja/002354	ja	1	別にドイツや韓国が中国様と仲良くするのは、大変良いことだと推奨いたしますが、   問題は、また日本のあちこちの金属が盗まれだすような気がすることだな。   墓場の蝋燭立てまでなくなったんだよなあ。
textdetox@01907546324b0330d2d8b7669648cc18823323e5/ja/002355	ja	1	今NHKのニュースを見たら、死者が3人に増えたんだってさ。
textdetox@01907546324b0330d2d8b7669648cc18823323e5/ja/002356	ja	1	罪に問えないにしても暴力を振るわれたんだから治療費や   多少なりとも損害賠償請求とかできないものかねえ。
textdetox@01907546324b0330d2d8b7669648cc18823323e5/ja/002357	ja	1	おそらく中国は、日本にだけわざと何も説明しないでいるだけで、   他の参加国にはきちんと説類しているに違いない。そうでなければ   あれだけの先進国が参加するわけがない。
textdetox@01907546324b0330d2d8b7669648cc18823323e5/ja/002358	ja	1	スタンガン、催涙ガス、金属バット、ゲバ棒、棘付き肩パット、   オフロードバイク、モヒカン     日本でも買えるものはあるぞｗ
textdetox@01907546324b0330d2d8b7669648cc18823323e5/ja/002359	ja	1	太平洋戦争の最大の戦犯（しかも意図的）だからしょうがない
textdetox@01907546324b0330d2d8b7669648cc18823323e5/ja/002360	ja	1	平均そのぐらい居るんだよあくまでも平均   日帰りもいりゃ二週間滞在もおるしなだいたいよ   入国の時に観光って書いた人の平均在韓人数な
textdetox@01907546324b0330d2d8b7669648cc18823323e5/ja/002361	ja	1	ネットで広まりやすくなっただけだよね。   せっせと○○ハラスメントって言葉作って広めてるのは人権屋とマスゴミ。
textdetox@01907546324b0330d2d8b7669648cc18823323e5/ja/002362	ja	1	不正もしてると思う人もいるだろうし、不正で勝てるほど投票してる馬鹿が多い県   という認識だね自分は
textdetox@01907546324b0330d2d8b7669648cc18823323e5/ja/002363	ja	1	虐殺が悪ってのはそうだろうけど   ＞そこに優劣も同等もない   どういうことだ？
textdetox@01907546324b0330d2d8b7669648cc18823323e5/ja/002364	ja	1	消費税導入されて社会保障充実したか？   厚生年金納付額も上がってんだけど？
textdetox@01907546324b0330d2d8b7669648cc18823323e5/ja/002365	ja	1	主導してないからセーフとでも言いたいのか、このあほは・・・   ところでKAZUYAは主導してるなんて言ってたか？   ニカちゃんが勝手に「自白」してしまっただけではなかった？ｗ
textdetox@01907546324b0330d2d8b7669648cc18823323e5/ja/002366	ja	1	センスが残念なくらい無いと先日中国人の普通の食卓風景を見て思った   中華、韓料理同じような炒め物油物を画像で並べると同じものでもなんか違うんだ。
textdetox@01907546324b0330d2d8b7669648cc18823323e5/ja/002367	ja	1	韓国政府「テロリストの方どうぞー」     アメリカと同盟国だったよな？
textdetox@01907546324b0330d2d8b7669648cc18823323e5/ja/002368	ja	1	それ多分、顕正会のことだと思うがな   強引な勧誘で逮捕者を出したり問題になっているとこだ   創価と同じく日蓮正宗から破門されてるのに正統を名乗ってる詐欺団体でもある
textdetox@01907546324b0330d2d8b7669648cc18823323e5/ja/002369	ja	1	既に創価は逃げたから五輪関係で共産がくっついてるだけだしな   豊洲のグダグダの背景でもある
textdetox@01907546324b0330d2d8b7669648cc18823323e5/ja/002370	ja	1	【慰安婦像の撤去など韓国政府の動きがなければ、帰任させない方針を確認した。】     きっちり書いてあったので、他にもあるけれど立ててみた。
textdetox@01907546324b0330d2d8b7669648cc18823323e5/ja/002371	ja	1	ほら、パヨクが物申すとかパフォーマンスやってるやつで   なぜかテレビクルーいるじゃない     あれと同じ
textdetox@01907546324b0330d2d8b7669648cc18823323e5/ja/002372	ja	1	そりゃ一歩間違えればけが人や死人が出るんだから駅員も   必死にならざるを得ないだろう。そうなったら鉄道会社の   責任になってしまうし。
textdetox@01907546324b0330d2d8b7669648cc18823323e5/ja/002373	ja	1	ＩＯＣは海の森水上競技場の整備費が高額であることから、過去にも韓国案を   選択肢として示しており、再度持ち出す可能性があるという。     前に言われたから、また言われるんじゃないかという妄想
textdetox@01907546324b0330d2d8b7669648cc18823323e5/ja/002374	ja	1	半数以上だろ   女性犯罪者の大部分が覚醒剤等の所持で逮捕   その麻薬類を売ってるのが朝鮮系の暴力団員なんだから   在日が居なくなったら下手すると犯罪総数は７割ぐらい減るんじゃないか
textdetox@01907546324b0330d2d8b7669648cc18823323e5/ja/002375	ja	1	アベガーとネトウヨガーしか言えんのかこのボキャ貧は
textdetox@01907546324b0330d2d8b7669648cc18823323e5/ja/002376	ja	1	漏れの予想では慰安婦カードはなくならないと思う   つまりクネ政権にそこまでの統率力はない
textdetox@01907546324b0330d2d8b7669648cc18823323e5/ja/002377	ja	1	引かないと中国艦隊が壊滅、中国の赤い舌がチョン切られて海洋覇権の野望が根こそぎ終りになる。     引けば、まだ海軍力増強の芽が残るが、さあどうするか？
textdetox@01907546324b0330d2d8b7669648cc18823323e5/ja/002378	ja	1	本家に比べりゃえらい少ないとは思うよ～   ・・・と、一服しながら嫌煙厨のレス見て楽しんでるw(´ω｀)
textdetox@01907546324b0330d2d8b7669648cc18823323e5/ja/002379	ja	1	ニュースで見たが、バッテリー上がりは不幸な故障だ。     けどスタックして動けないのは馬鹿だ。   いい加減に学習しろとしか言えん。
textdetox@01907546324b0330d2d8b7669648cc18823323e5/ja/002380	ja	1	でも、データ的には、日本の貧困や格差のほうが韓国よりもさらに深刻なんだよ。   日本は行政がこういうスラム街を撤去して強制排除してしまうだけ。   つい最近も30代男性がゲーセンの建物の隙間で凍死していたのが日本。   凍死だから餓死者数としては計上されないだろう。
textdetox@01907546324b0330d2d8b7669648cc18823323e5/ja/002381	ja	1	今度は在日朝鮮人女の貧困調査やるのかな   ほんと好きだねー   自分からハニトラに引っかかっていくなんてな   何度目？
textdetox@01907546324b0330d2d8b7669648cc18823323e5/ja/002382	ja	1	ありがとうございます。今のところはでしょうけれどね。   サイバーテロ対策本部立ち上げを、NHKで報道したばかりなのにアレラは何やってんでしょうね。
textdetox@01907546324b0330d2d8b7669648cc18823323e5/ja/002383	ja	1	リーバイスがまだ本国とフィリピンで作られていた頃、   本国製品は縫糸がオレンジではなくて黄色だった。     今じゃ中国製になってしまって、リーバイスを買っていない。
textdetox@01907546324b0330d2d8b7669648cc18823323e5/ja/002384	ja	1	高年収女子ってソープランド嬢のことだろ
textdetox@01907546324b0330d2d8b7669648cc18823323e5/ja/002385	ja	1	”違法行為”というパヨクにとって最も重要なファクターを忘れちゃいかん
textdetox@01907546324b0330d2d8b7669648cc18823323e5/ja/002386	ja	1	うるさいくらいにヘリが飛んでるなあ   被害状況を確認してるのかなあ
textdetox@01907546324b0330d2d8b7669648cc18823323e5/ja/002387	ja	1	ライブを見てた人によれば視認できた限りでは各国軍艦旗を掲揚してたとのこと   参加する各国に掲揚しないように要請したという韓国の言い分は   いつも通り、嘘だったんじゃないかなー
textdetox@01907546324b0330d2d8b7669648cc18823323e5/ja/002388	ja	1	爺党（次世代）に入れたら死に票になるから躊躇してたけど、投票するしかないのかな。
textdetox@01907546324b0330d2d8b7669648cc18823323e5/ja/002389	ja	1	支那と朝鮮に一気に攻め込まれるってどこのパラレルワールドだよ
textdetox@01907546324b0330d2d8b7669648cc18823323e5/ja/002390	ja	1	クソスレ立てでどんだけ文句が出たのかスルーかw   ダメだなこの人w×してスルーw
textdetox@01907546324b0330d2d8b7669648cc18823323e5/ja/002391	ja	1	鴻海の支援を受ければ信用無くして国内の売り上げが激減する事は予想できた。   そういった面を含め機構案を選択すべきだったのに経営者が馬鹿すぎた。
textdetox@01907546324b0330d2d8b7669648cc18823323e5/ja/002392	ja	1	それにしても、ぱよちん音頭で遊んでたのが遠い昔のことのようだな。
textdetox@01907546324b0330d2d8b7669648cc18823323e5/ja/002393	ja	1	どうやってbanするん？   川田倫也、高田誠さん、コンス竹田、ゆっくり保守、某国のイージス   などのヘイトチャンネル運営者のオナニーを邪魔すると駄目なん？
textdetox@01907546324b0330d2d8b7669648cc18823323e5/ja/002394	ja	1	しかもソースがバカヒだろ   お得意のブツ切り偏向があると見てかかったほうがいい
textdetox@01907546324b0330d2d8b7669648cc18823323e5/ja/002395	ja	1	すなわち日本は大陸に号令する権利がある   中国人は天皇を君子と認めその仁愛の下に統合されるべき
textdetox@01907546324b0330d2d8b7669648cc18823323e5/ja/002396	ja	1	男女共に全裸審査だと、男はチンコの大きさが審査基準になる可能性があるな
textdetox@01907546324b0330d2d8b7669648cc18823323e5/ja/002397	ja	1	パヨクは少数派でも総意って言い出すぞ？
textdetox@01907546324b0330d2d8b7669648cc18823323e5/ja/002398	ja	1	口先だけの正論ならカスでも言えるし
textdetox@01907546324b0330d2d8b7669648cc18823323e5/ja/002399	ja	1	＞「暴力的で過剰な警備は許さない」     こういうことホザく輩に限って暴力的なんだ
textdetox@01907546324b0330d2d8b7669648cc18823323e5/ja/002400	ja	1	何でも言えば良いってものじゃないんだよバカ
textdetox@01907546324b0330d2d8b7669648cc18823323e5/ja/002401	ja	1	在日朝鮮人を国外追放したら、日本の治安は大きく回復するよな
textdetox@01907546324b0330d2d8b7669648cc18823323e5/ja/002402	ja	1	馬鹿が二度と触れないように首にするのが最大の対策だろう
textdetox@01907546324b0330d2d8b7669648cc18823323e5/ja/002403	ja	1	司法が法を捩曲げる事を望むようなやつからは主権を剥奪すべきだろう。   己の地位を悪用し、とんちんかんな思想で賠償額を上げた裁判官どもは罷免すべきだろう。
textdetox@01907546324b0330d2d8b7669648cc18823323e5/ja/002404	ja	1	韓国は隠しきれなかったようだねーーーーｗ
textdetox@01907546324b0330d2d8b7669648cc18823323e5/ja/002405	ja	1	２０万人の人口の都市で３０万人虐殺できるという能力があったら日本軍は米国軍に負けてなかったワイ。   そう思わないか？
textdetox@01907546324b0330d2d8b7669648cc18823323e5/ja/002406	ja	1	まぁすぐにやめろというの現実的じゃないが、中長期で見ると地震大国日本での運用は事故対応コストの按分額まで見ると   そう安いものでもない   代替エネルギーの模索は進めるべき   オーランチオキトリウムや塗る太陽光発電はどうした？
textdetox@01907546324b0330d2d8b7669648cc18823323e5/ja/002407	ja	1	>「韓国人の多くが私と同じ考え」     はい撤収、撤収
textdetox@01907546324b0330d2d8b7669648cc18823323e5/ja/002408	ja	1	その小池が親韓だけどな。   外国人参政権も賛成じゃなかったか？
textdetox@01907546324b0330d2d8b7669648cc18823323e5/ja/002409	ja	1	支那鮮人「証拠とは、こういう風に創（や）るものだ
textdetox@01907546324b0330d2d8b7669648cc18823323e5/ja/002410	ja	1	364で出てるじゃん。   ID:VMJは、ただの最悪板住人キチガイか。
textdetox@01907546324b0330d2d8b7669648cc18823323e5/ja/002411	ja	1	韓国はネトウヨが法をねじ曲げ国を動かしていると思ってる俺もパヨクになれますかね？   では声高らかに     ぱよぱよt  ...やっぱ恥ずかしいわw
textdetox@01907546324b0330d2d8b7669648cc18823323e5/ja/002412	ja	1	この時期に韓国行くやつなんて、里帰りする奴ぐらいだろう
textdetox@01907546324b0330d2d8b7669648cc18823323e5/ja/002413	ja	1	もうさ、南京虐殺を朝鮮兵のせいにして中国と手打ちにしようぜ   そして２カ国で韓国と北朝鮮に謝罪と賠償を要求していこう
textdetox@01907546324b0330d2d8b7669648cc18823323e5/ja/002414	ja	1	転売＝収入だから1回でナマポ停止なんだよなあ
textdetox@01907546324b0330d2d8b7669648cc18823323e5/ja/002415	ja	1	韓国は被害者、欠陥品を押し付けられている
textdetox@01907546324b0330d2d8b7669648cc18823323e5/ja/002416	ja	1	チン力ス     【経済】ＧＤＰ年率２・５％減、設備投資の落ち込み響く［H30/12/10］(30)   11.ID:RxO 好景気連呼してた朝鮮人どもってほんとネトサポだったんだな
textdetox@01907546324b0330d2d8b7669648cc18823323e5/ja/002417	ja	1	ほんとレイプ大国韓国人と関わるとロクな事がないな
textdetox@01907546324b0330d2d8b7669648cc18823323e5/ja/002418	ja	1	ふと、「オウム真理教（アーレフに改称）」という表現を思い出したｗ   こいつらなら「しばき隊（CRACに改称）」といったところか。   アホな妄想で犯罪行為に及び続けてる様はどっちも似たようなもの。
textdetox@01907546324b0330d2d8b7669648cc18823323e5/ja/002419	ja	1	誰が正しい事をやろうとしてるのかは、見た目や表面上の   報道じゃほんとわからんね。スーチーにも胡散臭さが有るのを初めて知った
textdetox@01907546324b0330d2d8b7669648cc18823323e5/ja/002420	ja	1	大阪、潰れたな…。   これじゃあ、クレーム付ける在日外国人あたりのやりたい放題だぞ。   それを避けたい企業だったら、出て行くしかないよな…。
textdetox@01907546324b0330d2d8b7669648cc18823323e5/ja/002421	ja	1	あのとき民主党に１票を投じた俺を殺してやりたい   そしてもう二度と騙されない
textdetox@01907546324b0330d2d8b7669648cc18823323e5/ja/002422	ja	1	まぁ、「司法“権”の独立」って言葉はあるが   言ってるのは「司法の独立」だもんな   この２つの言葉の意味はちがう   法治の概念が根こそぎ抜け落ちてるんじゃね
textdetox@01907546324b0330d2d8b7669648cc18823323e5/ja/002423	ja	1	パリ解放後にドイツ兵相手に売春していたフランス人が   坊主にされて晒し者にされた後、処刑されたって話もあるぐらいだしな
textdetox@01907546324b0330d2d8b7669648cc18823323e5/ja/002424	ja	1	これからも日本人誘拐があったらスパイと騒いで殺させる、って言ってるな奴等
textdetox@01907546324b0330d2d8b7669648cc18823323e5/ja/002425	ja	1	バイトのJKにニヤニヤしながら渡すのやめて下さい＞＜
textdetox@01907546324b0330d2d8b7669648cc18823323e5/ja/002426	ja	1	クソでも犯人でもないならそもそもこんなに意地張って喚かんのやで
textdetox@01907546324b0330d2d8b7669648cc18823323e5/ja/002427	ja	1	上       それこそスターゲイザーやMSVなんかは良く出来てるのにね…
textdetox@01907546324b0330d2d8b7669648cc18823323e5/ja/002428	ja	1	まぁ、記事は「ネトウヨ」批判したいんだろうけど、多くのレスの指摘通りブーメランだわなｗ
textdetox@01907546324b0330d2d8b7669648cc18823323e5/ja/002429	ja	1	死にかけてたところを医者に助けて貰った、と仰ってたから、   闘病生活は過酷なんだろうな、と思ってた。   苦しみが長く続かなくて良かった…、なんて他人事だから言えることか。
textdetox@01907546324b0330d2d8b7669648cc18823323e5/ja/002430	ja	1	見た目じゃ解らない興味すら持ってもらえず、グレーのままスルーされ続けた池沼だからだろうな
textdetox@01907546324b0330d2d8b7669648cc18823323e5/ja/002431	ja	1	そういえば山本太郎はこの法案通ったら切腹でもするのかね   「自民党が死んだ日」とか喪服で本会議出席なんてパフォーマンスするぐらいならそれくらいやってもらわないと
textdetox@01907546324b0330d2d8b7669648cc18823323e5/ja/002432	ja	1	食い物とかはあまり嫌韓関係ないんじゃ
textdetox@01907546324b0330d2d8b7669648cc18823323e5/ja/002433	ja	1	ペルーは犯罪者が簡単に身元詐称し日系人として来日できる国     十数年前にもロリコンの性犯罪者が逃亡し日系人になりすまして入国し   広島で女児を強姦して殺人している
textdetox@01907546324b0330d2d8b7669648cc18823323e5/ja/002434	ja	1	リスト拡散のRTが犯罪になるかについては知らないですが、その画像は貼らない方がよろしいと思いますよ。
textdetox@01907546324b0330d2d8b7669648cc18823323e5/ja/002435	ja	1	(´～｀)ﾓｸﾞﾓｸﾞ   ご飯食べて戻って来たら   チョンモウ派遣団来てんの？必死だな。
textdetox@01907546324b0330d2d8b7669648cc18823323e5/ja/002436	ja	1	まぁ上が無能でクズってのは北朝鮮くりそつ大日本帝国の時から変わってないから。。これからの自衛隊に期待しようや
textdetox@01907546324b0330d2d8b7669648cc18823323e5/ja/002437	ja	1	マスゴミで一番ゲスイと思ったのはあれだな   池田小の事件の時に校庭に避難した児童に対しての最悪な質問だな   あれは人間じゃない
textdetox@01907546324b0330d2d8b7669648cc18823323e5/ja/002438	ja	1	百人殺そうが一万人殺そうが虐殺は等しく悪だろ   そこに優劣も同等もない   数の問題じゃないんだよ   歴史よりも倫理の勉強したら？
textdetox@01907546324b0330d2d8b7669648cc18823323e5/ja/002439	ja	1	ロシアも受けいれる準備はあるし   あとはプーチンの決断だけみたいな感じになってたはずなのにな
textdetox@01907546324b0330d2d8b7669648cc18823323e5/ja/002440	ja	1	と言うか、ハゲって今までに何か仕事した？
textdetox@01907546324b0330d2d8b7669648cc18823323e5/ja/002441	ja	1	防犯映像のキャプがでっちあげで無いのなら   学校名は、ほぼ確定なんじゃないの？しかも全員三年なら名前もバラしてるようなもの
textdetox@01907546324b0330d2d8b7669648cc18823323e5/ja/002442	ja	1	自衛できるように改正でしょ   左翼のすり替えには辟易してるわ   あとID変えるのうざい
textdetox@01907546324b0330d2d8b7669648cc18823323e5/ja/002443	ja	1	馬鹿ではないパヨクがいるなら見てみたい
textdetox@01907546324b0330d2d8b7669648cc18823323e5/ja/002444	ja	1	いや、これ全く反省してない証よ   「俺は日本のネオナチ野郎どものリンチで失職したんや」   こういうクソみたいな愚痴を言いたい写真
textdetox@01907546324b0330d2d8b7669648cc18823323e5/ja/002445	ja	1	在日チョンモメンがネトウヨ日本人を徹底的に狩るとか転載禁止騒動の時に舞い上がってたなあ   俺は9条教徒じゃないから自衛権発動するよ
textdetox@01907546324b0330d2d8b7669648cc18823323e5/ja/002446	ja	1	と、上げ荒らし以外に能がないクソBOTが語る
textdetox@01907546324b0330d2d8b7669648cc18823323e5/ja/002447	ja	1	不都合な事実の存在は、連中により「嫌なら見るな」では済まされんからな   シナチョンの伝統よ
textdetox@01907546324b0330d2d8b7669648cc18823323e5/ja/002448	ja	1	火暴 弓単 テ ロ   されて   口虚 に 金 キム う   アホがおるんか
textdetox@01907546324b0330d2d8b7669648cc18823323e5/ja/002449	ja	1	不治の病で残り一月とかになったらフグ食って死にたいな   冬の雪山で熱燗一升とフグチリ、フグ肝たらふく飲み食いして   全裸で酔っ払ってそのまま寝て死んで生きたい
textdetox@01907546324b0330d2d8b7669648cc18823323e5/ja/002450	ja	1	韓国の記事を有耶無耶にするために、やったんじゃないか   ネットをする悪人がやったと、印象付けるために
textdetox@01907546324b0330d2d8b7669648cc18823323e5/ja/002451	ja	1	そりゃあ、現在の無法ソマリアに犯罪なんて概念は無いだろう。   犯罪を取り締まる警察も法律も何もないだろうから「犯罪率」はゼロに決まっている。
textdetox@01907546324b0330d2d8b7669648cc18823323e5/ja/002452	ja	1	日韓基本条約を否定すれば、それは自ずと向こうから国交断絶したということです。   り地域との国交は、この基本条約によるので。   付帯文書で、在日り人は日本が面倒を見るとあるけど、これも当然ながら破棄されるので(ry
textdetox@01907546324b0330d2d8b7669648cc18823323e5/ja/002453	ja	1	ドローンが要人暗殺に使われる日も近いな
textdetox@01907546324b0330d2d8b7669648cc18823323e5/ja/002454	ja	1	公務員も焦るんじゃね。   警察がパチンコ業界の天下りって餌貰い続けて来たんだし。
textdetox@01907546324b0330d2d8b7669648cc18823323e5/ja/002455	ja	1	ついでに男と女を分けて離党に隔離するべき
textdetox@01907546324b0330d2d8b7669648cc18823323e5/ja/002456	ja	1	まあサンフランシスコ市長と市民なら数十万人の性奴隷を毎日引っ切り無しにレイプしながら   多方面で戦闘を繰り返し何十万人も大虐殺する事が出来る超人揃いだろうよ
textdetox@01907546324b0330d2d8b7669648cc18823323e5/ja/002457	ja	1	こういう背景も考慮の上で   米国は今の韓国が「敵国」となるシナリオも作っていると思う   その先の収支がプラスとなるならば現状破壊をためらわないと思う
textdetox@01907546324b0330d2d8b7669648cc18823323e5/ja/002458	ja	1	いちゃもんは国籍報道がされてからの話   これまでの膨大な通名報道見れば、キチガイ以外なら国籍を疑って当たり前
textdetox@01907546324b0330d2d8b7669648cc18823323e5/ja/002459	ja	1	これ現実には使ってる情報、@wikiクラックして抜いた個人情報から特定してるからな、異常に悪質。
textdetox@01907546324b0330d2d8b7669648cc18823323e5/ja/002460	ja	1	今私が住んでる所は測ると   0.1マイクロシーベルト/hですが、   貴方の住んでる所はいくらですか？   避難解除された所はいくらですか？
textdetox@01907546324b0330d2d8b7669648cc18823323e5/ja/002461	ja	1	いずれにせよ、本来イージーゲームだったはずの物を全力で取りに行ってなぜか負けた野党という構図   これはクソざまあという他はない。今日は新潟のお酒を買ってこようと思います
textdetox@01907546324b0330d2d8b7669648cc18823323e5/ja/002462	ja	1	パヨクの言う「話し合い」って   俺らの知ってる「話し合い」と意味が違うから困る
textdetox@01907546324b0330d2d8b7669648cc18823323e5/ja/002463	ja	1	メンドくさいことはしたくないけどカッコつけたいんだゼェ というバカ。
textdetox@01907546324b0330d2d8b7669648cc18823323e5/ja/002464	ja	1	ブームだし、韓国面も、思い出して下さい
textdetox@01907546324b0330d2d8b7669648cc18823323e5/ja/002465	ja	1	まあアメリカも東京大空襲で民間人虐殺したよな。
textdetox@01907546324b0330d2d8b7669648cc18823323e5/ja/002466	ja	1	警備員検定で刑法の現行犯逮捕、緊急避難、正当防衛は、問題に出てくるからそれ以外の言葉は、個人的にすごい気になる。
textdetox@01907546324b0330d2d8b7669648cc18823323e5/ja/002467	ja	1	億円の被害妄想によって立てられたら「かわら版」にはなにも言えない億円のケツ舐め奴隷
textdetox@01907546324b0330d2d8b7669648cc18823323e5/ja/002468	ja	1	白元帥は、日帝協力の売国奴として、名誉元帥を剥奪されたよ。
textdetox@01907546324b0330d2d8b7669648cc18823323e5/ja/002469	ja	1	青春時代に遊べなかった層の趣味への執着はすさまじい。   動ける年寄りは人生の遊び収めとばかりに、出かけまくってる。     今時暇な老人がゲートボールやろうと思っても仲間いない気もする。
textdetox@01907546324b0330d2d8b7669648cc18823323e5/ja/002470	ja	1	これなんだよなあ   印象付けに必死なのはお里が知れるという事ｗ
textdetox@01907546324b0330d2d8b7669648cc18823323e5/ja/002471	ja	1	失うものの大きさじゃないか。   暮らしが豊かになれば犯罪して失うものが大きい。
textdetox@01907546324b0330d2d8b7669648cc18823323e5/ja/002472	ja	1	多分校名が出ないのは李雄輝（＝在日北朝鮮人）が噛んでるからだと思う
textdetox@01907546324b0330d2d8b7669648cc18823323e5/ja/002473	ja	1	私は祝日に大祓祝詞を奏上するほど天皇陛下を敬愛して居るのにおかしいなぁ・・・？
textdetox@01907546324b0330d2d8b7669648cc18823323e5/ja/002474	ja	1	取材も何もコラムなんだけど...   「韓国ではこういう報道が出るほど大統領の求心力が落ちてます」って話なんで、   実際の韓国メディアの記事からの引用以外に何か必要なんですかね？
textdetox@01907546324b0330d2d8b7669648cc18823323e5/ja/002475	ja	1	他者の不倫叩いてたダブスタが気に食わないんだがな？   不倫そのものは極めて個人的な問題だと思うが     山尾パコリーヌの不倫は綺麗な不倫なの？
textdetox@01907546324b0330d2d8b7669648cc18823323e5/ja/002476	ja	1	パチ屋の家族がペット葬とか新興宗教とか始めてる時代に   パチ屋の売上げ減ったからってそれがどうしたとしか思わない   脱税の目くらましにパチ屋を続けてるだけなんじゃないのか
textdetox@01907546324b0330d2d8b7669648cc18823323e5/ja/002477	ja	1	優秀か？   こんな馬鹿が弁護士だなんて嘘だろ。
textdetox@01907546324b0330d2d8b7669648cc18823323e5/ja/002478	ja	1	そうだねキリスト教は白人以外人ではないとして   奴隷貿易してきたしね   不幸を撒き散らしてるよ全く
textdetox@01907546324b0330d2d8b7669648cc18823323e5/ja/002479	ja	1	怪しい   なにか裏があってこういうことをしているとしか思えない   韓国人に良心なんかあるはずがないからだ
textdetox@01907546324b0330d2d8b7669648cc18823323e5/ja/002480	ja	1	安らかというとやっぱり死後の世界を想像するね   おれはこの人とは違う感性なんだろうな   同様に産経の「壊れたテープレコーダー」の意味がわからない   壊れたレコード盤ならともかく壊れたテープレコーダーは作動停止する印象しかないのに
textdetox@01907546324b0330d2d8b7669648cc18823323e5/ja/002481	ja	1	なあに、支那様の1000年の教育に比べたら、日本の36年などたかが知れてまっせw
textdetox@01907546324b0330d2d8b7669648cc18823323e5/ja/002482	ja	1	マスゴミの支持率だけ追っていれば安倍政権はレームダックらしいが     沖縄のパヨクの相次ぐ敗北に   安倍政権の支持率が絡められなくなってるのは何故なんだろうなぁ（棒
textdetox@01907546324b0330d2d8b7669648cc18823323e5/ja/002483	ja	1	ソープ嬢の強制連行は事実だな   犯人もチョンコだけど
textdetox@01907546324b0330d2d8b7669648cc18823323e5/ja/002484	ja	1	民進党が打診してたのは片山だよ。   増田と似たような日本海側県の親韓知事だけど。
textdetox@01907546324b0330d2d8b7669648cc18823323e5/ja/002485	ja	1	おらワクワクしてきたぞ   左右で殺し会う時代来るかもな
textdetox@01907546324b0330d2d8b7669648cc18823323e5/ja/002486	ja	1	秀吉がキリスト教を禁止したのは、日本人が奴隷にされてるのを知ったからという話があるな   秀吉が魔女裁判とか知ったら、もっと強硬な態度になったかも
textdetox@01907546324b0330d2d8b7669648cc18823323e5/ja/002487	ja	1	.netがアホばっかと思ったらここもだった
textdetox@01907546324b0330d2d8b7669648cc18823323e5/ja/002488	ja	1	朝鮮人だから嫌われるんじゃなくて、こういうことをするから嫌われるんだよな。   さらに、差別にすり替えて日本人を悪人に仕立て上げようとするゴミが嫌われてるだけ。
textdetox@01907546324b0330d2d8b7669648cc18823323e5/ja/002489	ja	1	そんな事やったら北朝鮮みたいになりかねんやろ     日の丸、君が代がどうとか抜かすゴミは排除でええけど
textdetox@01907546324b0330d2d8b7669648cc18823323e5/ja/002490	ja	1	もろにチョンじゃないか   本人かどうかの確認が先、その次はスリーパーかどうか
textdetox@01907546324b0330d2d8b7669648cc18823323e5/ja/002491	ja	1	金平平というネタにマジになってるアホが居るのか
textdetox@01907546324b0330d2d8b7669648cc18823323e5/ja/002492	ja	1	日本になにか起こったときに在日が暴動起こしそうな場所に   小部隊を常設してくれよん
textdetox@01907546324b0330d2d8b7669648cc18823323e5/ja/002493	ja	1	ホント、毎年、毎年、うざいよな。   隣の騒がしい土人国家の入試なんか別に日本や日本人に関係あるのかよ？。   マスゴミはチョンに乗っ取られているって噂されても仕方ないわ。
textdetox@01907546324b0330d2d8b7669648cc18823323e5/ja/002494	ja	1	今だに橋下を保守だと思っている阿呆はここにはいないよな？
textdetox@01907546324b0330d2d8b7669648cc18823323e5/ja/002495	ja	1	不謹慎ネタなら何を言ってもいいって社会的に抹殺されても仕方ないだろうｗ
textdetox@01907546324b0330d2d8b7669648cc18823323e5/ja/002496	ja	1	韓国はほぼレッドチーム入りしたから、これからは日本も台湾と同じように前線になる   台湾を中国に取られると、距離的に尖閣の防衛は不可能になるから   ともに米国の同盟国として安全保障に協力するのは当然
textdetox@01907546324b0330d2d8b7669648cc18823323e5/ja/002497	ja	1	「ネトウヨ」「ジャップ」「JAP」は人種差別的な単語であることを米Twitter社スタッフに教えてあげればいいんですね
textdetox@01907546324b0330d2d8b7669648cc18823323e5/ja/002498	ja	1	民主党政権の頃嘘か本当か朝鮮系支那人て話も出てたからな   どこの馬の骨やら
textdetox@01907546324b0330d2d8b7669648cc18823323e5/ja/002499	ja	1	こういうのが、事故から何の教訓も得ていない愚か者なんだよな。   ほとんどあり得ないような事態に対しても対処の準備をしておくのが   安全対策だと、事故から学ばなかったのかね。
textdetox@01907546324b0330d2d8b7669648cc18823323e5/ja/002500	ja	0	赤くないよ   急にうまくいってるから何が起きてるのかわからないだけ
textdetox@01907546324b0330d2d8b7669648cc18823323e5/ja/002501	ja	0	職場でオブラートに包みつつこのこと広めてきたよｗ
textdetox@01907546324b0330d2d8b7669648cc18823323e5/ja/002502	ja	0	今帰宅だけどテレビ番組がどうかしてんのか？
textdetox@01907546324b0330d2d8b7669648cc18823323e5/ja/002503	ja	0	築地を他のことで利用したいからとにかく余所に移らせたいんだろ
textdetox@01907546324b0330d2d8b7669648cc18823323e5/ja/002504	ja	0	一定期間は保存義務あったと思う   いつまでだったかは失念、すまぬ
textdetox@01907546324b0330d2d8b7669648cc18823323e5/ja/002505	ja	0	それな   危機感持つのは結構だがその理由がノーベル賞ゼロだからというのはなんとも浅ましい
textdetox@01907546324b0330d2d8b7669648cc18823323e5/ja/002506	ja	0	同感、今年は1ヶ月季節の前倒しみたいな感じ   台風が少ないといいけどな
textdetox@01907546324b0330d2d8b7669648cc18823323e5/ja/002507	ja	0	アメリカが勝つのは間違いないが日本が無傷とは限らない
textdetox@01907546324b0330d2d8b7669648cc18823323e5/ja/002508	ja	0	え？関西弁じゃなかったのか？
textdetox@01907546324b0330d2d8b7669648cc18823323e5/ja/002509	ja	0	21年前に何があったのか...
textdetox@01907546324b0330d2d8b7669648cc18823323e5/ja/002510	ja	0	レディーススーツ派手なのやめーや   カラーもTPO意識してほしい
textdetox@01907546324b0330d2d8b7669648cc18823323e5/ja/002511	ja	0	少し先だがテロ朝で11月12日にシン・ゴジラを地上波で放送する。   それを機会に実況に人を呼び込んでは？
textdetox@01907546324b0330d2d8b7669648cc18823323e5/ja/002512	ja	0	あのかねどこから調達してんだろ   一回で数千万行くこと有るだろ
textdetox@01907546324b0330d2d8b7669648cc18823323e5/ja/002513	ja	0	住んでなくても住民票の移動だけでOkじゃなかったっけ。
textdetox@01907546324b0330d2d8b7669648cc18823323e5/ja/002514	ja	0	政令指定都市はひとつで１００万だから、ひとつぶん   札幌市がひとつみたいなイメージ   多いな
textdetox@01907546324b0330d2d8b7669648cc18823323e5/ja/002515	ja	0	そのうちハングル表記になるんじゃないかな
textdetox@01907546324b0330d2d8b7669648cc18823323e5/ja/002516	ja	0	そうなの？   だったら本名で報道すればいいだけなのに   報道機関は名前を伏せるという方向になってるの？
textdetox@01907546324b0330d2d8b7669648cc18823323e5/ja/002517	ja	0	他のところで入れるんじゃないか？
textdetox@01907546324b0330d2d8b7669648cc18823323e5/ja/002518	ja	0	「バージニア工科大学銃乱射事件」と「禹範坤事件」は、朝鮮人が行ったスプリー・キラー。
textdetox@01907546324b0330d2d8b7669648cc18823323e5/ja/002519	ja	0	減ってたのか、情報が3万人で止まってた
textdetox@01907546324b0330d2d8b7669648cc18823323e5/ja/002520	ja	0	「（-@∀@）あなたに断る権利はない」     お気に入りにしたｗ
textdetox@01907546324b0330d2d8b7669648cc18823323e5/ja/002521	ja	0	九月になったのに暑いねー・・・。
textdetox@01907546324b0330d2d8b7669648cc18823323e5/ja/002522	ja	0	個人情報を金で買い取っているんだよな、これ。   しかも悪意を感じられる。   個人情報保護法に抵触しそうなんだけど、どうなんだろう
textdetox@01907546324b0330d2d8b7669648cc18823323e5/ja/002523	ja	0	もろにチョンじゃないか   本人かどうかの確認が先、その次はスリーパーかどうか
textdetox@01907546324b0330d2d8b7669648cc18823323e5/ja/002524	ja	0	JJの予言 ってやつ   あれは恣意的に作られてるんだろうが   いろいろ興味深い
textdetox@01907546324b0330d2d8b7669648cc18823323e5/ja/002525	ja	0	学校給食は廃止、お弁当又は学食（有料）で対応したらよいんだよ
textdetox@01907546324b0330d2d8b7669648cc18823323e5/ja/002526	ja	0	日本は蚊帳の外さんどこいった？
textdetox@01907546324b0330d2d8b7669648cc18823323e5/ja/002527	ja	0	元ミンスと素人に差があるとでも？   フラワーロックに違いがあるとでも？
textdetox@01907546324b0330d2d8b7669648cc18823323e5/ja/002528	ja	0	(◎＿◎;)スッゴい冗談を思いついたんですが、   自粛しておきます。
textdetox@01907546324b0330d2d8b7669648cc18823323e5/ja/002529	ja	0	軍があの体質だから全然否定できませんな…
textdetox@01907546324b0330d2d8b7669648cc18823323e5/ja/002530	ja	0	出したったらええやん   出したのに出て行かんかったら詐欺だわｗ
textdetox@01907546324b0330d2d8b7669648cc18823323e5/ja/002531	ja	0	次期大統領なんだろ？   期待してるよんｗ
textdetox@01907546324b0330d2d8b7669648cc18823323e5/ja/002532	ja	0	大企業はノンケ、L、G、B、Tをそれぞれ20%ずつの割合で採用する義務がある
textdetox@01907546324b0330d2d8b7669648cc18823323e5/ja/002533	ja	0	明らかなパチモン摑まされて   本物見たらショックだろうとは思うが…   いや、本物をみる機会がないのがいかんのだろうか？(-_-;)
textdetox@01907546324b0330d2d8b7669648cc18823323e5/ja/002534	ja	0	政府も情報収集してるだろうからいいかもね
textdetox@01907546324b0330d2d8b7669648cc18823323e5/ja/002535	ja	0	金属で作っちゃいけないって話だな。
textdetox@01907546324b0330d2d8b7669648cc18823323e5/ja/002536	ja	0	Gとか言っちゃダメ！(；´Д｀)   そう見えて来ちゃう…
textdetox@01907546324b0330d2d8b7669648cc18823323e5/ja/002537	ja	0	地震がこれだけ頻発するんだから考えものだわな。   見てくれよりも、非常時にすぐ対応できるようなものにしてくれないと…。
textdetox@01907546324b0330d2d8b7669648cc18823323e5/ja/002538	ja	0	新規に作ったら違法だけど、法改正前に作った物をそのままにしておくのは問題無い     でも、公共施設なんだから管理責任は問われるよね
textdetox@01907546324b0330d2d8b7669648cc18823323e5/ja/002539	ja	0	ほとんどビョーキ、という死語を思い出した
textdetox@01907546324b0330d2d8b7669648cc18823323e5/ja/002540	ja	0	被害が大きいって事は票集めに利用できるって事だよね。   あんな適当なブロック塀作るのに関連団体が関わってないといいけどね
textdetox@01907546324b0330d2d8b7669648cc18823323e5/ja/002541	ja	0	どの局の番組でもイッチョカミして猛プッシュしてるな   こうなってくると、組織的な物を感じて出てくる度にチャンネル変えたりTV番組自体観なくなる   ま、せいぜい頑張ってね   こっちは、買い貯めてたBlu-ray観る時間が増えて助かるわ
textdetox@01907546324b0330d2d8b7669648cc18823323e5/ja/002542	ja	0	ほんとだぐぐるといっぱい書き物が出てくる
textdetox@01907546324b0330d2d8b7669648cc18823323e5/ja/002543	ja	0	まじめな話有り得なくは無いと思うよ
textdetox@01907546324b0330d2d8b7669648cc18823323e5/ja/002544	ja	0	南米で生産は出来ない   ホンダが何十年もかけてブラジルでそれを証明している。   形は作れても本物の実用品は作れない。
textdetox@01907546324b0330d2d8b7669648cc18823323e5/ja/002545	ja	0	あれだけしつこくネガティブキャンペーンばかりされたら   そりゃ反動も起きるわな
textdetox@01907546324b0330d2d8b7669648cc18823323e5/ja/002546	ja	0	ありがとうございますm(_ _)m     アク禁の正しい使い方を示すつもりです(・ω・)ノ   一部のアンチには負けません。
textdetox@01907546324b0330d2d8b7669648cc18823323e5/ja/002547	ja	0	エネルギーの強さ以外の方向性もあるしね
textdetox@01907546324b0330d2d8b7669648cc18823323e5/ja/002548	ja	0	もう特定されてるのかよｗ   お前らさすがだな
textdetox@01907546324b0330d2d8b7669648cc18823323e5/ja/002549	ja	0	もうね、百田氏の危険だけじゃなくて、参加者の危険が懸念される事態だからなぁ
textdetox@01907546324b0330d2d8b7669648cc18823323e5/ja/002550	ja	0	一匹目の泥鰌はいたのか？
textdetox@01907546324b0330d2d8b7669648cc18823323e5/ja/002551	ja	0	オレもピンとこなかったんだけどその後トイレいったら   あ、まさかっ！てなったぞ
textdetox@01907546324b0330d2d8b7669648cc18823323e5/ja/002552	ja	0	うるさいくらいにヘリが飛んでるなあ   被害状況を確認してるのかなあ
textdetox@01907546324b0330d2d8b7669648cc18823323e5/ja/002553	ja	0	おれも、それだと思うんだよなぁ
textdetox@01907546324b0330d2d8b7669648cc18823323e5/ja/002554	ja	0	空気や湿気を含むから実際は綿の方が重くなる
textdetox@01907546324b0330d2d8b7669648cc18823323e5/ja/002555	ja	0	そういう脅しで移動をためらってたスレが複数あるという過去の話だ
textdetox@01907546324b0330d2d8b7669648cc18823323e5/ja/002556	ja	0	桶はよく見るが、ケロリン自体を見た事がないんだ。
textdetox@01907546324b0330d2d8b7669648cc18823323e5/ja/002557	ja	0	電波法 第五十九条   何人も法律に別段の定めがある場合を除くほか、特定の相手方に対して行われる無線通信を傍受してその存在若しくは内容を漏らし、又はこれを窃用してはならない。
textdetox@01907546324b0330d2d8b7669648cc18823323e5/ja/002558	ja	0	選挙終わってちゃんと平と築地移転の説明責任果たしたら納得するわ。
textdetox@01907546324b0330d2d8b7669648cc18823323e5/ja/002559	ja	0	なるほどねえ   組織的に誘導してたわけか
textdetox@01907546324b0330d2d8b7669648cc18823323e5/ja/002560	ja	0	作られた芸人と天然の芸人には大きな差があるってことだわな
textdetox@01907546324b0330d2d8b7669648cc18823323e5/ja/002561	ja	0	無期限か。   残念な気がする。   校正のチャンスあっても良いんじゃない？   ところで立件されたの？
textdetox@01907546324b0330d2d8b7669648cc18823323e5/ja/002562	ja	0	昨日のNHKの報道で、出産子育てで休んでた保育士の女が『保育士不足で子供を預けられる保育所が無いから仕事に復帰できない』って言ってたんだけど、   あんた何処に勤めてるの？仕事場に相談しないの？って思ったよ
textdetox@01907546324b0330d2d8b7669648cc18823323e5/ja/002563	ja	0	へー、南部なんて保守的な人多そうなのにね
textdetox@01907546324b0330d2d8b7669648cc18823323e5/ja/002564	ja	0	あと青年誌だと   くじらいいく子とか山下和美とか
textdetox@01907546324b0330d2d8b7669648cc18823323e5/ja/002565	ja	0	そりゃ来るだろうさｗ   来なけりゃ「負け」を認めたことになるんだからｗ
textdetox@01907546324b0330d2d8b7669648cc18823323e5/ja/002566	ja	0	近隣ってのは道路一本隣って意味じゃないぞ
textdetox@01907546324b0330d2d8b7669648cc18823323e5/ja/002567	ja	0	>日本上空でＶＸ     その攻撃意味あるのか…
textdetox@01907546324b0330d2d8b7669648cc18823323e5/ja/002568	ja	0	去年がそうならなかったっけ？   今年は10年ぶりくらいの40度超えと思ってる
textdetox@01907546324b0330d2d8b7669648cc18823323e5/ja/002569	ja	0	今年最大のニュース     SMAP、年内で解散
textdetox@01907546324b0330d2d8b7669648cc18823323e5/ja/002570	ja	0	重さの定義じゃなくて質量の定義
textdetox@01907546324b0330d2d8b7669648cc18823323e5/ja/002571	ja	0	あったなーあれやばいわ   運営が流したのかあれ？
textdetox@01907546324b0330d2d8b7669648cc18823323e5/ja/002572	ja	0	都民50人立候補中の43人が当選   落選確実は1人
textdetox@01907546324b0330d2d8b7669648cc18823323e5/ja/002573	ja	0	さらに同王子は、この財産をどのように利用していくかを計画する信託基金のトップに就任することも発表した。     ここ大事
textdetox@01907546324b0330d2d8b7669648cc18823323e5/ja/002574	ja	0	これは普天間問題解決するまで沖縄にポケモンを出現させないフラグ？
textdetox@01907546324b0330d2d8b7669648cc18823323e5/ja/002575	ja	0	なつかしいなぁ。   学部のときだったかな、友達がゲームギアで桃鉄をやってて   カラー画面で衝撃をうけた。いまみたら、CPU は Z80A なんだな。
textdetox@01907546324b0330d2d8b7669648cc18823323e5/ja/002576	ja	0	64のを入れるべきかも毎度意見が別れる。
textdetox@01907546324b0330d2d8b7669648cc18823323e5/ja/002577	ja	0	フッ化水素を歯に塗られて死んだ時は痛かったで
textdetox@01907546324b0330d2d8b7669648cc18823323e5/ja/002578	ja	0	そう、ほんと間に合って良かったよ   契約書を保管もせず居間に出しっぱなしだったから   わかったんだ、┐(´д｀)┌だよ
textdetox@01907546324b0330d2d8b7669648cc18823323e5/ja/002579	ja	0	つい20～30年前には神奈川の緑山スタジオって所に世界でも有名な城があったんだけどな。
textdetox@01907546324b0330d2d8b7669648cc18823323e5/ja/002580	ja	0	昔のアニメ絵の方が可愛いよね   たまに貼られてるの見るけど、同一の女の子キャラクターを各年代のアニメ絵のタッチで描いたやつ   60年代と70年代がめちゃくちゃ可愛かった
textdetox@01907546324b0330d2d8b7669648cc18823323e5/ja/002581	ja	0	事実が広まる&さとるが板の統廃合をしてくれる   これやろなぁ
textdetox@01907546324b0330d2d8b7669648cc18823323e5/ja/002582	ja	0	政府の管理責任を問われたくないんだろうね
textdetox@01907546324b0330d2d8b7669648cc18823323e5/ja/002583	ja	0	マウスコンピュータってどうなの？   日本組み立て？
textdetox@01907546324b0330d2d8b7669648cc18823323e5/ja/002584	ja	0	と聞いて   緋王伝というゲームを思い出したが、   何故思い出したかはモヤモヤだ。
textdetox@01907546324b0330d2d8b7669648cc18823323e5/ja/002585	ja	0	以前も凧やレーザーポインターでオスプレイ妨害とかあったな
textdetox@01907546324b0330d2d8b7669648cc18823323e5/ja/002586	ja	0	友達と遊んでいたんだぜ！
textdetox@01907546324b0330d2d8b7669648cc18823323e5/ja/002587	ja	0	ビョルン・アンドレセンかー   「ヴェニスに死す」だよね。恐ろしいくらい美しいよね   中年になったら…あの面影はどこに…だけど   とにかく映画の中の彼は美しい
textdetox@01907546324b0330d2d8b7669648cc18823323e5/ja/002588	ja	0	日本には責任を取るべき人を決めていない事項が数多くあります
textdetox@01907546324b0330d2d8b7669648cc18823323e5/ja/002589	ja	0	なんかWikipediaによくある本人乙記事みたいな感じで痛い   「～～（大言壮語的な修飾）として広く知られる」   マッハで[誰によって?]タグ貼られるみたいな
textdetox@01907546324b0330d2d8b7669648cc18823323e5/ja/002590	ja	0	つか、遠くで笑われてもなぁw     こんな時どんな顔をすればいいの？w
textdetox@01907546324b0330d2d8b7669648cc18823323e5/ja/002591	ja	0	1ヶ月後が本当の祭りであって   今はまだ「前夜祭」といったところですね
textdetox@01907546324b0330d2d8b7669648cc18823323e5/ja/002592	ja	0	猫、どーやってスパゲティ食べるの？   うちの母が、うちの猫が子猫の頃にラーメンを一本食べさせたそうなんだけど、上手に啜って食べたと言って聞かない   猫って麺類啜れるもんなの？？
textdetox@01907546324b0330d2d8b7669648cc18823323e5/ja/002593	ja	0	そういうことがあったのか。   それは知らなかった。
textdetox@01907546324b0330d2d8b7669648cc18823323e5/ja/002594	ja	0	魚拓とってリンクを配りまくるしかないな。
textdetox@01907546324b0330d2d8b7669648cc18823323e5/ja/002595	ja	0	時間かけて水から柔らかくなるまで煮ると   和菓子の中に入ってる梅みたいになる
textdetox@01907546324b0330d2d8b7669648cc18823323e5/ja/002596	ja	0	しかし世界大統領（）は全力でスルーするのであった
textdetox@01907546324b0330d2d8b7669648cc18823323e5/ja/002597	ja	0	関連ニュース漁ったら、記者の氏名・年次の公表は無し、処分内容についても公表なし、   連載についても問題が無いと判断して継続するって     結局何もしてないのと同じだろ・・・
textdetox@01907546324b0330d2d8b7669648cc18823323e5/ja/002598	ja	0	で、この子たちの国籍と支持政党は？
textdetox@01907546324b0330d2d8b7669648cc18823323e5/ja/002599	ja	0	ネットが普及してから、”ほんとうのこと”が知れるようになったのは有難いことだが、   ”寛容さ”が無くなっているようにも思えるな…。
textdetox@01907546324b0330d2d8b7669648cc18823323e5/ja/002600	ja	0	極左から見たら真ん中は右に見えるらしいゾ
textdetox@01907546324b0330d2d8b7669648cc18823323e5/ja/002601	ja	0	綺麗なお姉さんなら通報されなかったかもな。
textdetox@01907546324b0330d2d8b7669648cc18823323e5/ja/002602	ja	0	実名報道が始まってから特にそれ思うわ
textdetox@01907546324b0330d2d8b7669648cc18823323e5/ja/002603	ja	0	事故れば電車止まるから、迷惑するのは駅員だけじゃないしな。
textdetox@01907546324b0330d2d8b7669648cc18823323e5/ja/002604	ja	0	この前もどっかで配線をねずみーだかがかじって火事か   電車が止まらなかったけっけ？
textdetox@01907546324b0330d2d8b7669648cc18823323e5/ja/002605	ja	0	証拠写真って別の場所のもんだと証明されてなかったっけ
textdetox@01907546324b0330d2d8b7669648cc18823323e5/ja/002606	ja	0	カラテカと聞いて一瞬矢部太郎がなんかやったのかと思った。
textdetox@01907546324b0330d2d8b7669648cc18823323e5/ja/002607	ja	0	100日の根拠なんて無いね。   だから108日でも99日でもいいんですよ。
textdetox@01907546324b0330d2d8b7669648cc18823323e5/ja/002608	ja	0	だって、ヘタリア同人誌や進撃のピクシスにマジギレする人たちですし。
textdetox@01907546324b0330d2d8b7669648cc18823323e5/ja/002609	ja	0	日テレでは中国ODAの廃止と報じていたが…
textdetox@01907546324b0330d2d8b7669648cc18823323e5/ja/002610	ja	0	協力という観念が無いんかな。常に上下関係なんかな。
textdetox@01907546324b0330d2d8b7669648cc18823323e5/ja/002611	ja	0	なるほどな…   つまり１ｋｇの鉄と１ｋｇの綿はどっちが重いんだ？
textdetox@01907546324b0330d2d8b7669648cc18823323e5/ja/002612	ja	0	この辺の基準は各自治体ごとの判断なのか？
textdetox@01907546324b0330d2d8b7669648cc18823323e5/ja/002613	ja	0	本土に本土に本土に本土にかえりなさーい
textdetox@01907546324b0330d2d8b7669648cc18823323e5/ja/002614	ja	0	カードは作らなくてもいい。   日本は公的な身分証明書がないだろ。   だから運転免許証が身分証明書の代わりになってる。   でもそのために２０万ぐらい出して、教習所に通って、バカ高い費用がかかる。マイナンバーカードが身分証明書として扱われれば、助かる。
textdetox@01907546324b0330d2d8b7669648cc18823323e5/ja/002615	ja	0	小沢さんはどうなったのかな   悲しいな
textdetox@01907546324b0330d2d8b7669648cc18823323e5/ja/002616	ja	0	2020改憲はまだ無理になったわけではない   どっちにしろ衆院選が控えてるし2019参院選もある     衆院選で負けたら投了だがな
textdetox@01907546324b0330d2d8b7669648cc18823323e5/ja/002617	ja	0	13世紀の話にノアをぶっ込む余地なんて無いだろ。   所で、北部九州に湖と呼べる湖沼は無いわけだがどこを調べたんだろうか。
textdetox@01907546324b0330d2d8b7669648cc18823323e5/ja/002618	ja	0	今日の早朝地鳴りしてたと思う   一度目が覚めてもう一度寝たけど、暫く煩くて眠れなかった   寝ぼけてて何時くらいだったか覚えていないが
textdetox@01907546324b0330d2d8b7669648cc18823323e5/ja/002619	ja	0	…そして、誰もいなくなった…。
textdetox@01907546324b0330d2d8b7669648cc18823323e5/ja/002620	ja	0	デモ隊の踏ん張りが足りない     「ここに集まった全員で多数決をやってみましょうよと委員長に提案するべき」
textdetox@01907546324b0330d2d8b7669648cc18823323e5/ja/002621	ja	0	フィリピン軍にそんなに艦船や戦闘機があったか？
textdetox@01907546324b0330d2d8b7669648cc18823323e5/ja/002622	ja	0	飛龍の乗員以外は肯定的   必死で探してもこれしかいないと言うこととも言える
textdetox@01907546324b0330d2d8b7669648cc18823323e5/ja/002623	ja	0	総裁選に負けたあと、石破はどこの党に逃げるんだろ？
textdetox@01907546324b0330d2d8b7669648cc18823323e5/ja/002624	ja	0	なるほど、そこが問題になるのか。
textdetox@01907546324b0330d2d8b7669648cc18823323e5/ja/002625	ja	0	青山ブログによると、政府は何が何でも登録させることを指示しただけで、外務省が作った文書もチェックしなかったらしいな。
textdetox@01907546324b0330d2d8b7669648cc18823323e5/ja/002626	ja	0	継ぎ足しすらせずにオイル切らして   エンジン焼きつかせるってオチは勘弁な
textdetox@01907546324b0330d2d8b7669648cc18823323e5/ja/002627	ja	0	なぁに３日もたてば   元通りさw
textdetox@01907546324b0330d2d8b7669648cc18823323e5/ja/002628	ja	0	受信はOK問題無い   誰々が何々って話をと話すのはNG   完全NGは自衛隊向けの周波数で出力してると思われること   電波法違反で特定されりゃ免許没収もありだったきがする
textdetox@01907546324b0330d2d8b7669648cc18823323e5/ja/002629	ja	0	あ、、、その一部が日本からとかみたいな展開も、、、
textdetox@01907546324b0330d2d8b7669648cc18823323e5/ja/002630	ja	0	そんなん河野呼び出しもできなかったのにできるのかね？
textdetox@01907546324b0330d2d8b7669648cc18823323e5/ja/002631	ja	0	経営者がどれだけマスコミやメディアとのコネを持ってるかってことじゃないの？
textdetox@01907546324b0330d2d8b7669648cc18823323e5/ja/002632	ja	0	笑いのつぼが違うんでしょ   基本的価値観を共有しないとは例えばこういうこと
textdetox@01907546324b0330d2d8b7669648cc18823323e5/ja/002633	ja	0	ペルソナ・ノン・グラータは外交官に対するもの。
textdetox@01907546324b0330d2d8b7669648cc18823323e5/ja/002634	ja	0	おそらく様子見してると思うぞ   おーぷんが賑わえばまとめはこぞって移住するやろ
textdetox@01907546324b0330d2d8b7669648cc18823323e5/ja/002635	ja	0	便りがないのは良い知らせとも言うし、   マスコミがアレでも何かあれば一般人による情報が上がってくるだろう
textdetox@01907546324b0330d2d8b7669648cc18823323e5/ja/002636	ja	0	球場、スタジアム、国技館等でプロの入り方を配ったら犯罪ですか？
textdetox@01907546324b0330d2d8b7669648cc18823323e5/ja/002637	ja	0	こっわ…((( ；ﾟДﾟ)))ｶﾞｸｶﾞｸﾌﾞﾙﾌﾞﾙ
textdetox@01907546324b0330d2d8b7669648cc18823323e5/ja/002638	ja	0	赤旗とか読んでるんだよね？わかるわかる
textdetox@01907546324b0330d2d8b7669648cc18823323e5/ja/002639	ja	0	ここはライブドア系   管理人は予告in作った矢野さとる
textdetox@01907546324b0330d2d8b7669648cc18823323e5/ja/002640	ja	0	「朝日新聞が抱える『三つ目の吉田問題』」として今後も語り継ごう
textdetox@01907546324b0330d2d8b7669648cc18823323e5/ja/002641	ja	0	世界中に隠蔽指令だしましたって記事かな
textdetox@01907546324b0330d2d8b7669648cc18823323e5/ja/002642	ja	0	今の若者もいいおっさんになって金に余裕が出てからスポーツカーを求めるようになるんじゃないかね
textdetox@01907546324b0330d2d8b7669648cc18823323e5/ja/002643	ja	0	本来なら日本のマスコミが動いてもよさそうな案件
textdetox@01907546324b0330d2d8b7669648cc18823323e5/ja/002644	ja	0	救助して欲しくない家族も居たりするからね！
textdetox@01907546324b0330d2d8b7669648cc18823323e5/ja/002645	ja	0	まあ、アストロ球団が連載されてた当時は、そういう目線で   読んでた読者はいなかったろうと思う。
textdetox@01907546324b0330d2d8b7669648cc18823323e5/ja/002646	ja	0	寿司を食べながらアニメを見るのがクールジャパンなのだろうか？   何か違う気がするんだが
textdetox@01907546324b0330d2d8b7669648cc18823323e5/ja/002647	ja	0	湯葉みたいに見えるー。   引き上げ湯葉が食べたくなったw
textdetox@01907546324b0330d2d8b7669648cc18823323e5/ja/002648	ja	0	ツイで『#Walkaway』で調べるだけで簡単に出るし、   結構広がってるね。
textdetox@01907546324b0330d2d8b7669648cc18823323e5/ja/002649	ja	0	知識を持っているのは良いがひけらかすのが良くない。黙っていて後でこっそりいればスマートだわな。
textdetox@01907546324b0330d2d8b7669648cc18823323e5/ja/002650	ja	0	よく使っていたのはチャウチャウだな
textdetox@01907546324b0330d2d8b7669648cc18823323e5/ja/002651	ja	0	だから、それだけの人数が「同時に」韓国いるんじゃなくて、   ある一定期間の延べ数じゃないの？ってこと。
textdetox@01907546324b0330d2d8b7669648cc18823323e5/ja/002652	ja	0	それだよな…。   マハティールさんの思想を受け継いでくれるまともな人が後継者が現われれば良いのだが…。
textdetox@01907546324b0330d2d8b7669648cc18823323e5/ja/002653	ja	0	都市部の方が文字に触れる機会も多いだろうし、識字率を押し上げる地域だと考えれば   、開国時に江戸やら大阪に来た外国人が8割という感想を持っても不思議ではないだろうな。   5割強くらいだったらしいが。
textdetox@01907546324b0330d2d8b7669648cc18823323e5/ja/002654	ja	0	なるほど、そう言う話があるんですね
textdetox@01907546324b0330d2d8b7669648cc18823323e5/ja/002655	ja	0	後期高齢者は選挙権取り上げるとか、運転免許みたいに投票免許を与えるとか
textdetox@01907546324b0330d2d8b7669648cc18823323e5/ja/002656	ja	0	あれが冨田じゃないとなると写っているのは冨田にカメラをくれた人物ということだね？
textdetox@01907546324b0330d2d8b7669648cc18823323e5/ja/002657	ja	0	まあいくらでも回避できるんだけどね   わざわざ荒らしに来る人ならそのあたりも分かっそう
textdetox@01907546324b0330d2d8b7669648cc18823323e5/ja/002658	ja	0	さすがに一年以上も下がり続けるのはおかしい
textdetox@01907546324b0330d2d8b7669648cc18823323e5/ja/002659	ja	0	134人がたったの22人になったwww
textdetox@01907546324b0330d2d8b7669648cc18823323e5/ja/002660	ja	0	野菜…高くなるかな？（もうなってるけど）
textdetox@01907546324b0330d2d8b7669648cc18823323e5/ja/002661	ja	0	法案可決した？肝心なところで寝てもうたぁ〜(笑)
textdetox@01907546324b0330d2d8b7669648cc18823323e5/ja/002662	ja	0	毎日有益情報貼ってくれてる人ありがとう！
textdetox@01907546324b0330d2d8b7669648cc18823323e5/ja/002663	ja	0	比較的優良な物件から無くなっていっちゃうよね   どうせなら、条件いい方から借りたいもの
textdetox@01907546324b0330d2d8b7669648cc18823323e5/ja/002664	ja	0	多数決は民主主義ではないけど、たくさん集まってるんだから俺たちのいうことを聞け   意味わかんねｗ
textdetox@01907546324b0330d2d8b7669648cc18823323e5/ja/002665	ja	0	地球全体を見れば増えすぎた人類って思う。   偏在、国ごとの増減が問題なんだよなぁ。
textdetox@01907546324b0330d2d8b7669648cc18823323e5/ja/002666	ja	0	あの騒動のときにStyleからDoe Viewに切り替えたわ   微妙に使い勝手が…
textdetox@01907546324b0330d2d8b7669648cc18823323e5/ja/002667	ja	0	それが通るなら、同じ理由ですべての店を禁酒にしてもいいことになるが。
textdetox@01907546324b0330d2d8b7669648cc18823323e5/ja/002668	ja	0	新聞だと少なくとも朝日、毎日、日経ではないしな   新聞ではなく別のメディアなんかな
textdetox@01907546324b0330d2d8b7669648cc18823323e5/ja/002669	ja	0	そうたな、こういうのは政治家から動いてもらった方がいい気がする
textdetox@01907546324b0330d2d8b7669648cc18823323e5/ja/002670	ja	0	こんなのは駅員に任せるのではなく、鉄道会社レベルで規制をかけるべきじゃないの？
textdetox@01907546324b0330d2d8b7669648cc18823323e5/ja/002671	ja	0	アカが印象操作に必死   まあ、いつも通りっちゃいつも通りだね
textdetox@01907546324b0330d2d8b7669648cc18823323e5/ja/002672	ja	0	コレは富の再分配ですわｗ   当然やるんだろ？ｗｗ
textdetox@01907546324b0330d2d8b7669648cc18823323e5/ja/002673	ja	0	初期の対戦車ミサイルが本体にカメラを搭載してモニターを見ながら誘導する方式だったはず。
textdetox@01907546324b0330d2d8b7669648cc18823323e5/ja/002674	ja	0	特アが全部まとめてなくなればいいのに
textdetox@01907546324b0330d2d8b7669648cc18823323e5/ja/002675	ja	0	寿命が延びることと少子化は相関があったとしても因果関係はない。
textdetox@01907546324b0330d2d8b7669648cc18823323e5/ja/002676	ja	0	このスレも削除依頼→削除とかありえるなあ   これまでだって辻褄の合わない削除あったしな
textdetox@01907546324b0330d2d8b7669648cc18823323e5/ja/002677	ja	0	おみごと！なんという慧眼。   たぶん、大正解です。
textdetox@01907546324b0330d2d8b7669648cc18823323e5/ja/002678	ja	0	いいっぱなしチャイナとかいう   新しいプロレス技が開発されたようだな
textdetox@01907546324b0330d2d8b7669648cc18823323e5/ja/002679	ja	0	良いかもしれんね   Ingressみたいにポケステ申請も受け付けるようにしたら田舎でもポケステ増えるかも
textdetox@01907546324b0330d2d8b7669648cc18823323e5/ja/002680	ja	0	個人が電話するのと対応違いすぎていて笑た(笑)
textdetox@01907546324b0330d2d8b7669648cc18823323e5/ja/002681	ja	0	ホンマ、どこでもおるもんな…。   やかましゅうてかなんわ。
textdetox@01907546324b0330d2d8b7669648cc18823323e5/ja/002682	ja	0	分からないです   どこかに消えました
textdetox@01907546324b0330d2d8b7669648cc18823323e5/ja/002683	ja	0	本屋とCD屋が街から消えた。   読書と音楽鑑賞が趣味の俺にとってこれ以上の痛手はない。
textdetox@01907546324b0330d2d8b7669648cc18823323e5/ja/002684	ja	0	こういう事実が広まれば移住者も増えそう
textdetox@01907546324b0330d2d8b7669648cc18823323e5/ja/002685	ja	0	ワタミさんですかね？。   アウト・オブ・眼中の人なので、ノーマークですw
textdetox@01907546324b0330d2d8b7669648cc18823323e5/ja/002686	ja	0	地方が重要だと大阪、沖縄で勉強せいｗｗ
textdetox@01907546324b0330d2d8b7669648cc18823323e5/ja/002687	ja	0	増えてきてる、東亜に張られてるから来た、東亜+にもどります
textdetox@01907546324b0330d2d8b7669648cc18823323e5/ja/002688	ja	0	報道扱ってるテレビ局よりかは幾分マシだね
textdetox@01907546324b0330d2d8b7669648cc18823323e5/ja/002689	ja	0	よしっ、ロムってきました。     次スレも準備完了(・ω・)ノ
textdetox@01907546324b0330d2d8b7669648cc18823323e5/ja/002690	ja	0	俺もモンゴル軍の小型の弓矢は日本のよりも強力だったって習ったけど、あれ絶対嘘だよな。   高校でアーチェリー始めてはっきり分かったわ。
textdetox@01907546324b0330d2d8b7669648cc18823323e5/ja/002691	ja	0	きっこも大概だし     この件は、カネの貸し借りが原因のような・・・
textdetox@01907546324b0330d2d8b7669648cc18823323e5/ja/002692	ja	0	でもオバマさんはまたへたれるんでしょ(´･ω･｀)
textdetox@01907546324b0330d2d8b7669648cc18823323e5/ja/002693	ja	0	どちらかというと有線ワイヤーが切断されたのを適当にひっつけただけでも接触不良気にせずに通信しちゃうよという感じ？
textdetox@01907546324b0330d2d8b7669648cc18823323e5/ja/002694	ja	0	さらに現実で周囲の人間みるとまた絶望的になる
textdetox@01907546324b0330d2d8b7669648cc18823323e5/ja/002695	ja	0	日本企業で手頃なのが売りではあるよ
textdetox@01907546324b0330d2d8b7669648cc18823323e5/ja/002696	ja	0	だね。とりあえず、ここに人を集めたいねぇ。
textdetox@01907546324b0330d2d8b7669648cc18823323e5/ja/002697	ja	0	ふむ・・・ｗ     しかし早いなぁ、まだ九時前なんだからゆっくりしてきゃいいのに。
textdetox@01907546324b0330d2d8b7669648cc18823323e5/ja/002698	ja	0	Ｑの鬼女の事件に関するスレ、で昨日の     おれも又聞きだから詳しくはわからず申し訳ない
textdetox@01907546324b0330d2d8b7669648cc18823323e5/ja/002699	ja	0	戦闘機と技術実証機ではまるで別物だぞ。   ステルス性も妥協してるから簡単に捉えられるし。
textdetox@01907546324b0330d2d8b7669648cc18823323e5/ja/002700	ja	0	読むのが大変すぐる   頭痛くなってきたわ
textdetox@01907546324b0330d2d8b7669648cc18823323e5/ja/002701	ja	0	いくら日本の首都と言っても地方議会の結果が国政に反映されるとは、思えん。
textdetox@01907546324b0330d2d8b7669648cc18823323e5/ja/002702	ja	0	名前を「爆笑問題」から「失笑問題」に変えた方がいいと思う。
textdetox@01907546324b0330d2d8b7669648cc18823323e5/ja/002703	ja	0	震源から離れてれば震度は下がるからヘーキヘーキ   なおどこが震源になるかはわからんもよう
textdetox@01907546324b0330d2d8b7669648cc18823323e5/ja/002704	ja	0	ローラ姫を助けた後の宿屋がすごいリアルな描写になって、   Z指定になってしまうよ。
textdetox@01907546324b0330d2d8b7669648cc18823323e5/ja/002705	ja	0	選挙後だろうね本番は   絶望→ヒステリー
textdetox@01907546324b0330d2d8b7669648cc18823323e5/ja/002706	ja	0	親のどちらかが日本人じゃなかったっけ？   日本国籍を選択してたら持ってるんじゃね？
textdetox@01907546324b0330d2d8b7669648cc18823323e5/ja/002707	ja	0	あのミンジョクは投げる前から刺さってるのがデフォだからな・・・
textdetox@01907546324b0330d2d8b7669648cc18823323e5/ja/002708	ja	0	へえ   それなら意味あるのか   最大600万円分だか買った人は割り増し分が120万円くらいになるから、それだけで安い車一台買えるよね   それでもやっぱり720万円も半年足らずでどうすんだって思うけど
textdetox@01907546324b0330d2d8b7669648cc18823323e5/ja/002709	ja	0	金魚が自然大繁殖するってその池、他に何もいないんじゃ・・・
textdetox@01907546324b0330d2d8b7669648cc18823323e5/ja/002710	ja	0	三菱自動車がアメリカでの製造をやめたのはこういうわけか
textdetox@01907546324b0330d2d8b7669648cc18823323e5/ja/002711	ja	0	今回のはそもそも違法だったけど   古い学校ならブロックは普通に使われてる気がする   ＠東京
textdetox@01907546324b0330d2d8b7669648cc18823323e5/ja/002712	ja	0	payって付いてるのは中華コンテンツだと思ってるけど違うの？
textdetox@01907546324b0330d2d8b7669648cc18823323e5/ja/002713	ja	0	【日米以外しか参加してないAIIB】
textdetox@01907546324b0330d2d8b7669648cc18823323e5/ja/002714	ja	0	明治以来のいろんな歴史的出来事は人口論   でも説明できるね。
textdetox@01907546324b0330d2d8b7669648cc18823323e5/ja/002715	ja	0	「我が」じゃなくて「軍」の方が従来の政府見解と違うって話だろ
textdetox@01907546324b0330d2d8b7669648cc18823323e5/ja/002716	ja	0	試験では、中国軍機を中国製レーダーで探すから発見できないんだろうなｗ
textdetox@01907546324b0330d2d8b7669648cc18823323e5/ja/002717	ja	0	明日は台風の状況で待機かもしれん   もし休みなら午前から飲める
textdetox@01907546324b0330d2d8b7669648cc18823323e5/ja/002718	ja	0	うわぁ郵貯もこんなの始めてたのか   民営化してからはあながち間違いとも言えないような気もするw
textdetox@01907546324b0330d2d8b7669648cc18823323e5/ja/002719	ja	0	datを消さないとも言ってないな     ＞譲渡時の権利問題をクリアにするため10月末を目処とし、すべてのログを破棄、及びログの保持機能を停止します。   つまり今立ってるスレッドは全て破棄ってこととも取れる
textdetox@01907546324b0330d2d8b7669648cc18823323e5/ja/002720	ja	0	900超えましたね   艦隊さんはまだお休みのようなので私が次スレ準備します
textdetox@01907546324b0330d2d8b7669648cc18823323e5/ja/002721	ja	0	そうみたいね。なんの言い訳もないです。
textdetox@01907546324b0330d2d8b7669648cc18823323e5/ja/002722	ja	0	え！ 知らなかった。   何日かネットに接続できなかったけど、   やっぱりテレビと新聞だけでは意味がわからないですね。
textdetox@01907546324b0330d2d8b7669648cc18823323e5/ja/002723	ja	0	俺的には、今年のコーカン族とのもめ事で軍事政権の変わりに、中国との交渉で、一定の成果を上げた事と、政権委譲を中国が評価したと思っている
textdetox@01907546324b0330d2d8b7669648cc18823323e5/ja/002724	ja	0	保守速報から来たから、保守速報とNusあじあにゅーすで拡散しとく
textdetox@01907546324b0330d2d8b7669648cc18823323e5/ja/002725	ja	0	本当初めてそれ知った時半信半疑だったけど   画像とか資料見た瞬間、ちょっと鳥肌立ったわ
textdetox@01907546324b0330d2d8b7669648cc18823323e5/ja/002726	ja	0	テレビを必要とする人が減って、PC用としてもノートとかの小型なのを求める人が多くて   大型液晶の需要がそんなに無かったんだろうな。   小型なら大型ほどの技術力要らんだろうし。
textdetox@01907546324b0330d2d8b7669648cc18823323e5/ja/002727	ja	0	どうだろうか、デカイ画面のほうがやりやすいゲームってのはあるからね
textdetox@01907546324b0330d2d8b7669648cc18823323e5/ja/002728	ja	0	東京生まれ東京育ちで実家が大久保にあったら可能じゃない？
textdetox@01907546324b0330d2d8b7669648cc18823323e5/ja/002729	ja	0	経営者側の人が「現実問題としてコストと考えざるをえない」っていうならわかるけど   外部の人間が「コストとして考えろ」っていうのはおかしい
textdetox@01907546324b0330d2d8b7669648cc18823323e5/ja/002730	ja	0	高純度のフッ化水素は森田化学工業で90%のシェア、ステラケミファ、森田化学、ダイキンで100%かも。   ひょっとしたらインテルも森田化学工業からフッ化水素輸入してるかもね。   どっちにしろアメリカなら安心だ。
textdetox@01907546324b0330d2d8b7669648cc18823323e5/ja/002731	ja	0	レポハラなんて言葉もあるんだな   レポートハラスメントの略称でいいんだろうか   今のところはGoogle検索でも数百件のヒット数だけれど   メディアが対応を誤るとどんどん増える事になるかも知れない
textdetox@01907546324b0330d2d8b7669648cc18823323e5/ja/002732	ja	0	生みたくなるシステムはつくるべきだな   赤ちゃんから小学生入学まで、預かることが出来るとこは必要だ
textdetox@01907546324b0330d2d8b7669648cc18823323e5/ja/002733	ja	0	どっちもどっち作戦、まだやってんのかチョンｗ
textdetox@01907546324b0330d2d8b7669648cc18823323e5/ja/002734	ja	0	生中継で観戦したが、結構な苦行だった。   排気音がないレースって、マジで退屈w
textdetox@01907546324b0330d2d8b7669648cc18823323e5/ja/002735	ja	0	整備兵を大事にせんと命に関わるからパイロットは整備兵を大事にしてたんだけど？
textdetox@01907546324b0330d2d8b7669648cc18823323e5/ja/002736	ja	0	オートチャージしたかったら、Suicaとビューカードを持てばいいよ。   私はオートチャージを必要としてないからビューカードは作って無いけど。
textdetox@01907546324b0330d2d8b7669648cc18823323e5/ja/002737	ja	0	個人情報保護法って、個人情報を何千名だったか   取り扱う業者に課せられた規則だから、これは関係ないんじゃないかな   別の法律には引っ掛からないの？   予備罪だっけ？あれは？
textdetox@01907546324b0330d2d8b7669648cc18823323e5/ja/002738	ja	0	某所では車のナンバーまで出ちゃってますねw
textdetox@01907546324b0330d2d8b7669648cc18823323e5/ja/002739	ja	0	話は「聞く」が「聞き入れる」とは言ってないし、「聞き間違えない」とも言ってない
textdetox@01907546324b0330d2d8b7669648cc18823323e5/ja/002740	ja	0	寄付金で旅行って前にもなかったか？
textdetox@01907546324b0330d2d8b7669648cc18823323e5/ja/002741	ja	0	＞当日同じものを食べたボランティア団は健康に異常がないことが分かった。   鍛え方が違いすぎる
textdetox@01907546324b0330d2d8b7669648cc18823323e5/ja/002742	ja	0	まあ、この件は警備課案件だから時間は動くには時間掛かりそうだよね。
textdetox@01907546324b0330d2d8b7669648cc18823323e5/ja/002743	ja	0	小動物が配電盤のコードかじってショートしたっていうだけらしい。テロでもなんでもない。
textdetox@01907546324b0330d2d8b7669648cc18823323e5/ja/002744	ja	0	（； ﾟДﾟ）あ～あ・・・
textdetox@01907546324b0330d2d8b7669648cc18823323e5/ja/002745	ja	0	いやマイナンバー自体を考えろよw   防衛情報まで漏れてるんだからw
textdetox@01907546324b0330d2d8b7669648cc18823323e5/ja/002746	ja	0	トンスルでそれをやろうとしてるね   AO木の僕一もそれを企んでた
textdetox@01907546324b0330d2d8b7669648cc18823323e5/ja/002747	ja	0	妹さんは父がやってたことも良く知ってたのかな
textdetox@01907546324b0330d2d8b7669648cc18823323e5/ja/002748	ja	0	水車作りから始める大切さが分かったろ   まあそれも出来なかったみたいだけど
textdetox@01907546324b0330d2d8b7669648cc18823323e5/ja/002749	ja	0	リアルタイムだと短文スキルも重要だが   本とか過去の情報を利用するしたり   未来へ情報を遺したりするためには   長文スキルも必要じゃん
textdetox@01907546324b0330d2d8b7669648cc18823323e5/ja/002750	ja	0	救急車まで呼ぶ事態になったら   『笑い話』では済まない、と考えそうなものだが
textdetox@01907546324b0330d2d8b7669648cc18823323e5/ja/002751	ja	0	強酸は名指しこそされなかったが、暗にスパイ呼ばわりされたことにファビョっているねw。
textdetox@01907546324b0330d2d8b7669648cc18823323e5/ja/002752	ja	0	それって添田くんの事やないかｗｗｗｗ
textdetox@01907546324b0330d2d8b7669648cc18823323e5/ja/002753	ja	0	「我が国」「我が社」という言い方があるように、   当然に「我が軍」も個人を指すものではない。
textdetox@01907546324b0330d2d8b7669648cc18823323e5/ja/002754	ja	0	フランスは今でも犬のふんは街中至る所にあるのじゃね。♥♦♦
textdetox@01907546324b0330d2d8b7669648cc18823323e5/ja/002755	ja	0	天候を理由にしてるが   アメリカから上陸を許可されなかったのが真相
textdetox@01907546324b0330d2d8b7669648cc18823323e5/ja/002756	ja	0	化学的に安定で1週間程度は効果があるらしいので   上空でばらまかれたらかなり厄介。
textdetox@01907546324b0330d2d8b7669648cc18823323e5/ja/002757	ja	0	よく読み直すか治療を受けるかするといい
textdetox@01907546324b0330d2d8b7669648cc18823323e5/ja/002758	ja	0	拒否したところでいつかは勝手に登録されてる気がする
textdetox@01907546324b0330d2d8b7669648cc18823323e5/ja/002759	ja	0	妊娠してないことが確実になったって医学的にどうやるんだろうな。
textdetox@01907546324b0330d2d8b7669648cc18823323e5/ja/002760	ja	0	タバコの健康被害がなくても人間いずれは健康でなくなるので医療費がかかるのは同じだろ   むしろ寿命が増えて老人が増加し医療費自体は増えることになる
textdetox@01907546324b0330d2d8b7669648cc18823323e5/ja/002761	ja	0	これなんだよなあ   印象付けに必死なのはお里が知れるという事ｗ
textdetox@01907546324b0330d2d8b7669648cc18823323e5/ja/002762	ja	0	ぜひ畑を耕してくださいませ。   2ch.netだって最初から人がいたわけではありません。初期のねらーの努力によって人が増えたわけです。   次は、ここおーぷん2ちゃんねるを耕す番ですね。きっと素敵な芽が生え、一面綺麗な花が咲くと思いますよ。
textdetox@01907546324b0330d2d8b7669648cc18823323e5/ja/002763	ja	0	フォゲット能力www   ただの物忘れじゃないか
textdetox@01907546324b0330d2d8b7669648cc18823323e5/ja/002764	ja	0	日本が参加できなくても健全に運営できるなら、早く始めればいいのに。   早くしないとADBで主要なインフラ整備に投資してしまうぞwww
textdetox@01907546324b0330d2d8b7669648cc18823323e5/ja/002765	ja	0	赤影とかライオン丸とかシルバー仮面とか仮面ライダーとか、テレビ放映の始めから、実写だったからなあ。   あれはあれでよかったと思う。   仮面ライダーも初期の方が好き。   キカイダーも良かった。
textdetox@01907546324b0330d2d8b7669648cc18823323e5/ja/002766	ja	0	そうなんだよな。   荷物預ける駅のロッカーとか満杯だろうね。   どうしよ。
textdetox@01907546324b0330d2d8b7669648cc18823323e5/ja/002767	ja	0	まあ誰もが知ってる巨大プロバイダーでしかも首都圏だし、一定期間でIP変わるし特定なんか出来ないだろうけど   ワッチョイとIPは違うものだと思ってただけにあれはちょっとヤバイと思いました
textdetox@01907546324b0330d2d8b7669648cc18823323e5/ja/002768	ja	0	先代のP-3Cには、対艦ミサイルを4発搭載する能力があります。
textdetox@01907546324b0330d2d8b7669648cc18823323e5/ja/002769	ja	0	「ハイヤーにガソリンを入れるのは、バスへの対抗心だ」って言ってたような
textdetox@01907546324b0330d2d8b7669648cc18823323e5/ja/002770	ja	0	そしてまた千葉県で地震(；´Д｀)   揺れすぎだろ最近
textdetox@01907546324b0330d2d8b7669648cc18823323e5/ja/002771	ja	0	今ぐぐったらそこは前回から認められてたらしい   問題は奪われたっていう証拠だのなんだの
textdetox@01907546324b0330d2d8b7669648cc18823323e5/ja/002772	ja	0	すっかり忘れてたわ   またモモ弄り倒そうかな     そういやサガフロンティアもリメイクはよ
textdetox@01907546324b0330d2d8b7669648cc18823323e5/ja/002773	ja	0	uLlでuLiじゃないから⊂（＾ω＾）⊃ｾﾌｾﾌ
textdetox@01907546324b0330d2d8b7669648cc18823323e5/ja/002774	ja	0	いつもの、あのかっこで、就職活動して、とる会社ある？
textdetox@01907546324b0330d2d8b7669648cc18823323e5/ja/002775	ja	0	仮面ライダーBLACK見てたのでは？www
textdetox@01907546324b0330d2d8b7669648cc18823323e5/ja/002776	ja	0	健康食品とか、サプリメント系かな。それとも、おまけもついてこの値段的な奴かなｗ
textdetox@01907546324b0330d2d8b7669648cc18823323e5/ja/002777	ja	0	ノマノマは完全に割れたってことでいいのかね
textdetox@01907546324b0330d2d8b7669648cc18823323e5/ja/002778	ja	0	お今5人目か   いよいよだなｗ
textdetox@01907546324b0330d2d8b7669648cc18823323e5/ja/002779	ja	0	移住してきました   ここは平和でいいなー
textdetox@01907546324b0330d2d8b7669648cc18823323e5/ja/002780	ja	0	韓国のポッサムって   ゆでた豚肉とキムチとかと一緒に食べるものみたい   飯と合いそうでイイね
textdetox@01907546324b0330d2d8b7669648cc18823323e5/ja/002781	ja	0	20代で死ぬやつもいるし   人の人生なんてのはわからんよ
textdetox@01907546324b0330d2d8b7669648cc18823323e5/ja/002782	ja	0	それなら最初から水でよくないか？
textdetox@01907546324b0330d2d8b7669648cc18823323e5/ja/002783	ja	0	アイシスの戦闘車両に対してヴェルファイアで攻撃したらトヨタ内戦だな。
textdetox@01907546324b0330d2d8b7669648cc18823323e5/ja/002784	ja	0	ディベートなら第三者が客観的に判断出来る一次資料、最悪二次資料を用意するのが当たり前なんだけどな   これだと双方共にそういう用意すらしてないみたいだが
textdetox@01907546324b0330d2d8b7669648cc18823323e5/ja/002785	ja	0	いきなりそれはないw   やるなら、来年オリンピック終わってからだろうね   ボイコット確定したらやるかもしれんけど
textdetox@01907546324b0330d2d8b7669648cc18823323e5/ja/002786	ja	0	なんか不思議だよねー。   旦那さんも生活スタイルとかが判定の原因じゃないのかな？ って不思議がってた。
textdetox@01907546324b0330d2d8b7669648cc18823323e5/ja/002787	ja	0	出来たばかりの頃から今日まで見てきたけど、此にてようやく活気が出てくるのかな。
textdetox@01907546324b0330d2d8b7669648cc18823323e5/ja/002788	ja	0	ソフトバンクの接続料が高いってのは聞いた事有るけど
textdetox@01907546324b0330d2d8b7669648cc18823323e5/ja/002789	ja	0	でも、安定のミヤネ。   最後は「日米韓の協力が必要なんですよね」とまとめやがった。
textdetox@01907546324b0330d2d8b7669648cc18823323e5/ja/002790	ja	0	版権はナムコが持ってるのかな？   アレが持ってたら無理だろうけど…
textdetox@01907546324b0330d2d8b7669648cc18823323e5/ja/002791	ja	0	なるほど・・山崎裁判官な。日曜日まで覚えておくよ
textdetox@01907546324b0330d2d8b7669648cc18823323e5/ja/002792	ja	0	安倍首相は2年前のASEAN首脳会議の際、晩餐会にAKBとEXILEを呼んで、クールジャパンを各国の首脳にアピールしたんだよね
textdetox@01907546324b0330d2d8b7669648cc18823323e5/ja/002793	ja	0	近々国そのものがステルス化するかもね。
textdetox@01907546324b0330d2d8b7669648cc18823323e5/ja/002794	ja	0	世界的に容認の方向だからな   これに反対する奴は少数派ってことだ
textdetox@01907546324b0330d2d8b7669648cc18823323e5/ja/002795	ja	0	これはオーストラリア向けの潜水艦を日本の艦体とアメリカの兵器システムを統合して作るって話だぞ？   アメリカが日本の通常潜水艦を採用するなんて話は全くない
textdetox@01907546324b0330d2d8b7669648cc18823323e5/ja/002796	ja	0	安重根の記念碑があるのは栗原市だな   大崎市内にある古川駅から東北新幹線で北へ一駅
textdetox@01907546324b0330d2d8b7669648cc18823323e5/ja/002797	ja	0	俺が小学生の頃は9/1が始業式だったんたんだがなぁ   地域によるのかも知れんが
textdetox@01907546324b0330d2d8b7669648cc18823323e5/ja/002798	ja	0	今朝もアプデしたけど、今もまたアプデしたー。   ありー。
textdetox@01907546324b0330d2d8b7669648cc18823323e5/ja/002799	ja	0	これに尽きる   安全法制の問題でなぜこの問題が材料にされないか不思議でしょうがない
textdetox@01907546324b0330d2d8b7669648cc18823323e5/ja/002800	ja	0	エンジンかわいそうす     おそらくオイル継ぎ足しでここまでにしたと思う
textdetox@01907546324b0330d2d8b7669648cc18823323e5/ja/002801	ja	0	アニメでも第１話は本気出すだろ！
textdetox@01907546324b0330d2d8b7669648cc18823323e5/ja/002802	ja	0	ＮＨＫで１０時からテレビ中継あるんかね？
textdetox@01907546324b0330d2d8b7669648cc18823323e5/ja/002803	ja	0	どこの訛りか知らないけれど   whatをウォットという人いるよね
textdetox@01907546324b0330d2d8b7669648cc18823323e5/ja/002804	ja	0	何の為に挑発してるんかわからんけど、町歩けなくなるんじゃね？
textdetox@01907546324b0330d2d8b7669648cc18823323e5/ja/002805	ja	0	ひとりでできるもんの初代まいちゃん33歳で死去、、、
textdetox@01907546324b0330d2d8b7669648cc18823323e5/ja/002806	ja	0	とりあえずは問題ありそうなツイートを保存しとくことじゃないか
textdetox@01907546324b0330d2d8b7669648cc18823323e5/ja/002807	ja	0	核兵器開発製造関係の原発ならある。
textdetox@01907546324b0330d2d8b7669648cc18823323e5/ja/002808	ja	0	ほんとにこんな感じの意味合いで説いたんでないの？
textdetox@01907546324b0330d2d8b7669648cc18823323e5/ja/002809	ja	0	反証を積み上げる事をしてけばいいものを、いきなり言論統制にいくからおかしくなるんだよ。
textdetox@01907546324b0330d2d8b7669648cc18823323e5/ja/002810	ja	0	ダーティボムも実際には大したことないけどね。   回収するのが面倒くさいだけだし。   測定器とロボットを使えば簡単に発見回収できるしね。
textdetox@01907546324b0330d2d8b7669648cc18823323e5/ja/002811	ja	0	官邸機密費で温泉旅行をプレゼントしてあげて欲しい。   向こうはそれでなくても寒かったと思うし…。
textdetox@01907546324b0330d2d8b7669648cc18823323e5/ja/002812	ja	0	サブプライムのS&Pさんが何だって？
textdetox@01907546324b0330d2d8b7669648cc18823323e5/ja/002813	ja	0	自分一人のために生きるのは楽だよ   でもそれじゃいけないんだよ、楽なのは「皆が皆の為に作ってきた仕組み」を一人で食い潰しているからなんだ   共同体のインフラを使うなら共同体存続のための義務を果たさないといけないんだよ
textdetox@01907546324b0330d2d8b7669648cc18823323e5/ja/002814	ja	0	やwめwwてwww   直視できないじゃないwww
textdetox@01907546324b0330d2d8b7669648cc18823323e5/ja/002815	ja	0	俺は寝るからお茶出しておいて。   ちょっとジョロっとお茶出して紙コップ入れて置いてくわ。
textdetox@01907546324b0330d2d8b7669648cc18823323e5/ja/002816	ja	0	夜中にチョンモが暴れて勝利宣言でもしに来るかもなｗ
textdetox@01907546324b0330d2d8b7669648cc18823323e5/ja/002817	ja	0	スレが無いって   依頼は出したの？
textdetox@01907546324b0330d2d8b7669648cc18823323e5/ja/002818	ja	0	TRONの資産は生きてるかもしれないが再度の隆盛を迎える事はないだろう。
textdetox@01907546324b0330d2d8b7669648cc18823323e5/ja/002819	ja	0	宇宙人が存在する条件の項目を増やしていくと   宇宙人の存在する確率はどんどん下がっていくけど   宇宙には星がいっぱいあるから、可能性ゼロにはならない
textdetox@01907546324b0330d2d8b7669648cc18823323e5/ja/002820	ja	0	カネの件は、はっきりさせないといけない。
textdetox@01907546324b0330d2d8b7669648cc18823323e5/ja/002821	ja	0	誰のを破ったんだろうなぁ   まあ察しはつくが
textdetox@01907546324b0330d2d8b7669648cc18823323e5/ja/002822	ja	0	金に余裕があるならセカンドカーを持つだろうし、敢えて手動運転のスポーツカーという選択肢もあるだろう
textdetox@01907546324b0330d2d8b7669648cc18823323e5/ja/002823	ja	0	( ﾟдﾟ) ｶﾞﾀｯ  急がないと！   /  ヾ   ＿_L| /￣￣￣/＿   ＼/  /
textdetox@01907546324b0330d2d8b7669648cc18823323e5/ja/002824	ja	0	クレーマーには、息が臭いので呼吸しないで下さいって言ったやりたいね
textdetox@01907546324b0330d2d8b7669648cc18823323e5/ja/002825	ja	0	トイレ行ったついで？！   夏で汗だくになった時は洗うけども
textdetox@01907546324b0330d2d8b7669648cc18823323e5/ja/002826	ja	0	２０本もみれるか   大体が見るに耐えれないアニメばかりだぞ、   ４本くらいに絞ったほうがいい。
textdetox@01907546324b0330d2d8b7669648cc18823323e5/ja/002827	ja	0	日帝の土木技術で川幅を狭くしたアル
textdetox@01907546324b0330d2d8b7669648cc18823323e5/ja/002828	ja	0	宇宙太陽光パネルで地球の日当たりが悪くなる   ↓   地球温暖化を止める切り札になるのか？
textdetox@01907546324b0330d2d8b7669648cc18823323e5/ja/002829	ja	0	ソースだして、それかなり重要なことだよ   むやみに拡散される前に確かなソースを   まじで
textdetox@01907546324b0330d2d8b7669648cc18823323e5/ja/002830	ja	0	アベジコーさんお久   まだやってるのかね
textdetox@01907546324b0330d2d8b7669648cc18823323e5/ja/002831	ja	0	ほんとにそう思うわ   この商品券作戦のために、割増分以外に結構な金額が必要経費として消えてるし     でもきっと、朝から長蛇の列をという光景を作らせて「こんなに人気！市民に還元！」というパフォーマンスをやりたかったのかなと思う
textdetox@01907546324b0330d2d8b7669648cc18823323e5/ja/002832	ja	0	逆に問いたい。   日本は好きですか？。
textdetox@01907546324b0330d2d8b7669648cc18823323e5/ja/002833	ja	0	給与は手渡しになるから本社へ来なさい   各種手続き（確定申告、納税、etc）は自分でしなさい
textdetox@01907546324b0330d2d8b7669648cc18823323e5/ja/002834	ja	0	もうこうなるとギレンの野望だな   おーぷんは新生2ちゃんねるを名乗るべきだと思うが。   ビグザム量産で。
textdetox@01907546324b0330d2d8b7669648cc18823323e5/ja/002835	ja	0	うん。 それと同じことを野間も言ってるんだよｗ     よしりんと野間が同じルートで繋がってるんだね。
textdetox@01907546324b0330d2d8b7669648cc18823323e5/ja/002836	ja	0	その割に最近スーパーの安売りが以前より下がってるんだが   また量減らして安く見せてるのかと思ったがそうでもないし
textdetox@01907546324b0330d2d8b7669648cc18823323e5/ja/002837	ja	0	それも体験もしていない戦争を思い出しちゃったりするんだぜ
textdetox@01907546324b0330d2d8b7669648cc18823323e5/ja/002838	ja	0	社長、想定外のところで心折れるw   いきなりコロッケということはやはり台風のせい？
textdetox@01907546324b0330d2d8b7669648cc18823323e5/ja/002839	ja	0	んなわけない   中長期的に人口の抑制にはある程度の効果はあるが、同時に再生産力も落ちて社会は維持できなくなる
textdetox@01907546324b0330d2d8b7669648cc18823323e5/ja/002840	ja	0	国家とは国民を守るための制度やしな一応
textdetox@01907546324b0330d2d8b7669648cc18823323e5/ja/002841	ja	0	甘やかしてきたツケはデカすぎるよ。   ２０数年くらい前にあったいろんな出来事はデカすぎる。
textdetox@01907546324b0330d2d8b7669648cc18823323e5/ja/002842	ja	0	ああ、あれは帰化人じゃ無かったな、ちょっとカン違いした。
textdetox@01907546324b0330d2d8b7669648cc18823323e5/ja/002843	ja	0	名前を書けないとセンター試験も受けられませんよw
textdetox@01907546324b0330d2d8b7669648cc18823323e5/ja/002844	ja	0	アレらなら状況に拠ったら平気で踏むんやろな。
textdetox@01907546324b0330d2d8b7669648cc18823323e5/ja/002845	ja	0	（； ﾟДﾟ）技術者さんか！
textdetox@01907546324b0330d2d8b7669648cc18823323e5/ja/002846	ja	0	とりあえず電線の異常は電力会社に通報しておけよ
textdetox@01907546324b0330d2d8b7669648cc18823323e5/ja/002847	ja	0	米のDNAも半島と違うんだよね   つまり稲作は半島からつたわっていないという
textdetox@01907546324b0330d2d8b7669648cc18823323e5/ja/002848	ja	0	このあおりで、うちの近所のセブンイレブンの   美人店員のモロズミさんが辞めたりしないかが心配だ。
textdetox@01907546324b0330d2d8b7669648cc18823323e5/ja/002849	ja	0	マジで！？   ソースとかある？
textdetox@01907546324b0330d2d8b7669648cc18823323e5/ja/002850	ja	0	ごめん。なんか違う方向にいっちゃったね。
textdetox@01907546324b0330d2d8b7669648cc18823323e5/ja/002851	ja	0	なぜ？   わりとたかいグランがうれてんよ
textdetox@01907546324b0330d2d8b7669648cc18823323e5/ja/002852	ja	0	今の所漁師飯を食ってるくらいで報告はないのだ   でも気になる
textdetox@01907546324b0330d2d8b7669648cc18823323e5/ja/002853	ja	0	出してるんとちゃうかな   通報もしてる人はいるみたいやで
textdetox@01907546324b0330d2d8b7669648cc18823323e5/ja/002854	ja	0	これは失礼した   いちいち応じてしまう性分なもんでな
textdetox@01907546324b0330d2d8b7669648cc18823323e5/ja/002855	ja	0	イニシャルコストだけやたら気にして、ランニングコスト無視するタイプか
textdetox@01907546324b0330d2d8b7669648cc18823323e5/ja/002856	ja	0	続報知らないんだけど行政の上の方の人が動いたの？
textdetox@01907546324b0330d2d8b7669648cc18823323e5/ja/002857	ja	0	稼働させながら限界突破か廃炉の管理で失敗するか、どちらが被害が少ないのだろう？
textdetox@01907546324b0330d2d8b7669648cc18823323e5/ja/002858	ja	0	マスクはともかく、解熱剤を買ってなんになるんだ？
textdetox@01907546324b0330d2d8b7669648cc18823323e5/ja/002859	ja	0	リッパートの時の対応が甘すぎたから、日米には何をしても問題ないと思われているんだろうな。
textdetox@01907546324b0330d2d8b7669648cc18823323e5/ja/002860	ja	0	ちなみにうどんで好きなのは、あっさりした稲庭うどんー。
textdetox@01907546324b0330d2d8b7669648cc18823323e5/ja/002861	ja	0	東レの情報は全く無いですね   そのうちカーボン持ってかれそう
textdetox@01907546324b0330d2d8b7669648cc18823323e5/ja/002862	ja	0	アカの本音とアカの中の設定が観察できる貴重なメディアなのにｗｗｗ
textdetox@01907546324b0330d2d8b7669648cc18823323e5/ja/002863	ja	0	腕を曲げると肘の内側ちょい上に横線が出ます   遺伝的な特徴らしいです
textdetox@01907546324b0330d2d8b7669648cc18823323e5/ja/002864	ja	0	その企業が潰れたり、売りに出されると得する人達がどれだけいるかってのも重要かと
textdetox@01907546324b0330d2d8b7669648cc18823323e5/ja/002865	ja	0	保守速はどっからまとめるんだろうか今後
textdetox@01907546324b0330d2d8b7669648cc18823323e5/ja/002866	ja	0	((((゜д゜;))))   もう戻らない？よな…
textdetox@01907546324b0330d2d8b7669648cc18823323e5/ja/002867	ja	0	最近働き方改革とかいうやん？   改革の前になあ、こんな日ぐらいは   仕事休もうや。休ませてくれや。
textdetox@01907546324b0330d2d8b7669648cc18823323e5/ja/002868	ja	0	EEZ内にミサイル撃ちこまれてるんだけどなぁ
textdetox@01907546324b0330d2d8b7669648cc18823323e5/ja/002869	ja	0	完璧な証拠あって被害者も求めてるならそれでもいいんじゃない   去勢してしまうのが一番だとは思うが
textdetox@01907546324b0330d2d8b7669648cc18823323e5/ja/002870	ja	0	密室でストーブなら何度か   小屋で火をともすというのは色々な意味でヤバイですね
textdetox@01907546324b0330d2d8b7669648cc18823323e5/ja/002871	ja	0	それはそれ、これはこれでもミンスが瀕死になるジレンマｗｗｗ   どうすんだろうねｗ
textdetox@01907546324b0330d2d8b7669648cc18823323e5/ja/002872	ja	0	それは俺も何となく覚えがあるな   まだまだ残留孤児はいる！ってくだりで始まりかけたやつだったかね
textdetox@01907546324b0330d2d8b7669648cc18823323e5/ja/002873	ja	0	それを党本部の石破と石原が承認した
textdetox@01907546324b0330d2d8b7669648cc18823323e5/ja/002874	ja	0	次世代規格だな。オイル交換フリーの時代が来るかも。
textdetox@01907546324b0330d2d8b7669648cc18823323e5/ja/002875	ja	0	NHKの予想は自民に関しては幅があるからわからないけど予想でもファーストは確定が多くてかなり席取ってる感じ
textdetox@01907546324b0330d2d8b7669648cc18823323e5/ja/002876	ja	0	自分実はスレ立て依頼一度も出したこと無いけど、今ちょっと探したけど、スレ立て依頼スレが見つからなかった。   この頃新スレが立たないなと思っていたが、スレ立て依頼スレがなくなってたんだな。
textdetox@01907546324b0330d2d8b7669648cc18823323e5/ja/002877	ja	0	一番いいのは、アメリカンスクールみたいに、ムスリムスクールを、ムスリム団体に作ってもらうことだよ。
textdetox@01907546324b0330d2d8b7669648cc18823323e5/ja/002878	ja	0	ハプログループD2ってかなり前からネットで見る
textdetox@01907546324b0330d2d8b7669648cc18823323e5/ja/002879	ja	0	これ、失言的にポロッと言っちゃったんじゃなくて、確信的に言ったのかな？
textdetox@01907546324b0330d2d8b7669648cc18823323e5/ja/002880	ja	0	転落という言葉の使い方がおかしい   書き直しｗ
textdetox@01907546324b0330d2d8b7669648cc18823323e5/ja/002881	ja	0	ワンセグが繋がるとこに来た。   どの番組見ればいいんだ？
textdetox@01907546324b0330d2d8b7669648cc18823323e5/ja/002882	ja	0	意味がわからん   マネージャーは試合に出たいわけじゃないだろｗ
textdetox@01907546324b0330d2d8b7669648cc18823323e5/ja/002883	ja	0	これって議会の賛同が必要なの？   その場合、議会は通りそうなの？
textdetox@01907546324b0330d2d8b7669648cc18823323e5/ja/002884	ja	0	＞場合によっては特別背任罪」ってコトになるんですが   ならんよ。   地裁から「訴え自体が不適法」と判断して訴訟の内容は審理していない。   最高裁は下級審の判断を支持しただけ。
textdetox@01907546324b0330d2d8b7669648cc18823323e5/ja/002885	ja	0	コテでも無い限り過去の書き込みは無関係を装える。   必死に火消しする名無しは、まあそういう事だ
textdetox@01907546324b0330d2d8b7669648cc18823323e5/ja/002886	ja	0	新羅って今ある国とまったく関係なくね？
textdetox@01907546324b0330d2d8b7669648cc18823323e5/ja/002887	ja	0	冬季オリンピックのほうが高い技術を要求されるから運営がんばってねー（棒
textdetox@01907546324b0330d2d8b7669648cc18823323e5/ja/002888	ja	0	こんな事件に付き合わされる裁判員も大変だ
textdetox@01907546324b0330d2d8b7669648cc18823323e5/ja/002889	ja	0	こういうのは寄付より自分でシステムを作ったほうが無駄にならないと思う。
textdetox@01907546324b0330d2d8b7669648cc18823323e5/ja/002890	ja	0	左翼的にはよかったんじゃね？
textdetox@01907546324b0330d2d8b7669648cc18823323e5/ja/002891	ja	0	夕方のニュース見る限りまた支持率下がるだろうな
textdetox@01907546324b0330d2d8b7669648cc18823323e5/ja/002892	ja	0	東淀川区で外壁に当たった男性が心肺停止か…。
textdetox@01907546324b0330d2d8b7669648cc18823323e5/ja/002893	ja	0	日本の名残の建造物なんかもあって、現地のロシア人は   それを日本人が作ったものと理解してるようだけど   やはり使用言語に影響されるものだと思う
textdetox@01907546324b0330d2d8b7669648cc18823323e5/ja/002894	ja	0	ヒュンダイ自動車が日本再進出するって2ヶ月くらい前に言ってたけど厳しいんじゃないか(´・ω・`)
textdetox@01907546324b0330d2d8b7669648cc18823323e5/ja/002895	ja	0	テレビの価格にNHKの料金も入ってるからじゃね。
textdetox@01907546324b0330d2d8b7669648cc18823323e5/ja/002896	ja	0	2chmateって、アプデしても大丈夫なのか？   旧のAPIに対応する直前に、あぶないと思ってアプデ停止したまま特に困ってはいないけど。
textdetox@01907546324b0330d2d8b7669648cc18823323e5/ja/002897	ja	0	安全に風習保てるようにするのが理想ではある。
textdetox@01907546324b0330d2d8b7669648cc18823323e5/ja/002898	ja	0	＞我々の選手は二度とこのようなことを起こしません。     全員代表から外すって事か
textdetox@01907546324b0330d2d8b7669648cc18823323e5/ja/002899	ja	0	そんなことを言ったら趣味の大部分は何の役にもたたないわけだが。
textdetox@01907546324b0330d2d8b7669648cc18823323e5/ja/002900	ja	0	新潟県知事が何かつぶやきそうだな
textdetox@01907546324b0330d2d8b7669648cc18823323e5/ja/002901	ja	0	どっちかて言うとボロってほどボロでもないんだけど、それを仕立て上げられるってのに味をしめてんのがまずいと思う
textdetox@01907546324b0330d2d8b7669648cc18823323e5/ja/002902	ja	0	この人の言うとおり、広告出す企業は不買とかをやらないとだめだよ
textdetox@01907546324b0330d2d8b7669648cc18823323e5/ja/002903	ja	0	ノーベル賞貰うために研究や開発してるわけじゃないしな
textdetox@01907546324b0330d2d8b7669648cc18823323e5/ja/002904	ja	0	ハーバードにしては足りてないなと思ったら留学かよ
textdetox@01907546324b0330d2d8b7669648cc18823323e5/ja/002905	ja	0	あれだ、せっかく現在の空模様書いてくれるならどこ県なのかまで書いた方が他県の人も参考になるのでは？     災害対策ではないが予測出来るとこは出来た方が良いと思う。
textdetox@01907546324b0330d2d8b7669648cc18823323e5/ja/002906	ja	0	ラタトゥイユとか作っとけば色々手抜きができるからうちではよく使うわ
textdetox@01907546324b0330d2d8b7669648cc18823323e5/ja/002907	ja	0	確かにそれはある。   本気でぶつかりあって両方が通る、みたいなのが自民の強さでね。   そのへんはその選挙区の候補者の資質に左右されるんで、いい候補がいるかどうかなんだよね。
textdetox@01907546324b0330d2d8b7669648cc18823323e5/ja/002908	ja	0	って言っても、日本発のキャラクターのゲームで勝ち誇られてもな
textdetox@01907546324b0330d2d8b7669648cc18823323e5/ja/002909	ja	0	一つ一つなら、なんて事のないこじつけにしか見えんけど   これだけ多くのネタがあるとねえ
textdetox@01907546324b0330d2d8b7669648cc18823323e5/ja/002910	ja	0	この芸人を見たこと無いボクは幸せなのかな(´･ω･｀)
textdetox@01907546324b0330d2d8b7669648cc18823323e5/ja/002911	ja	0	どこで物議を醸してたん？(´・ω・`)
textdetox@01907546324b0330d2d8b7669648cc18823323e5/ja/002912	ja	0	2chMateがスマホからの2ch閲覧数ダントツだから、影響力が大きいんだよねえ。   俺がスマホに変えた頃(auのCMでガガが歌ってた頃 2.0が最新だった)は、今みたいに2chMate一人勝ち状態じゃなかったんだが。
textdetox@01907546324b0330d2d8b7669648cc18823323e5/ja/002913	ja	0	画像のνガンダムと値段的には同じくらいなんだけど   外装だけの組立てで8000円だから、このでかい奴に   内部メカの部品を加えるとしたら   軽く三万は行くでしょうねw
textdetox@01907546324b0330d2d8b7669648cc18823323e5/ja/002914	ja	0	なにがまずいんだ？   結局、自民党と公明党でなにが違うんだ？
textdetox@01907546324b0330d2d8b7669648cc18823323e5/ja/002915	ja	0	このタイミングでこの発言はね。   なんか追い詰められている感がヒシヒシと。
textdetox@01907546324b0330d2d8b7669648cc18823323e5/ja/002916	ja	0	良かったな！   大事にならないのが一番だよ。     しかし明日の出勤が憂鬱だ（；ω；）
textdetox@01907546324b0330d2d8b7669648cc18823323e5/ja/002917	ja	0	<丶｀∀´> 同胞を庇うのは当然ﾆﾀﾞ！
textdetox@01907546324b0330d2d8b7669648cc18823323e5/ja/002918	ja	0	まあ常時4,5人で話せると良いんですけどね。。。
textdetox@01907546324b0330d2d8b7669648cc18823323e5/ja/002919	ja	0	板によっては全く人がいないから
textdetox@01907546324b0330d2d8b7669648cc18823323e5/ja/002920	ja	0	いやなら視るながここまで祟るとはなw。   ナイナイのおかげでフジもこの世からないないかw。
textdetox@01907546324b0330d2d8b7669648cc18823323e5/ja/002921	ja	0	24時間TVドラマの結構重要な役だったんだっけ
textdetox@01907546324b0330d2d8b7669648cc18823323e5/ja/002922	ja	0	どうだろ、イスラム系ネタってお笑い以外にもあるからね。     シンドバッドとかのアラビア系のネタはどうなるんだろ？アニメとかであるし。
textdetox@01907546324b0330d2d8b7669648cc18823323e5/ja/002923	ja	0	うーん、幻冬舎的にはどっちも守るべき作家さんとして、対外的にはな、事情を漏らさない方が良かった。
textdetox@01907546324b0330d2d8b7669648cc18823323e5/ja/002924	ja	0	1Kのスマホだと30字くらいまで、2Kだと35字くらいで改行が必要。
textdetox@01907546324b0330d2d8b7669648cc18823323e5/ja/002925	ja	0	これは今の琵琶湖にブルーギルを放流するくらい影響ない
textdetox@01907546324b0330d2d8b7669648cc18823323e5/ja/002926	ja	0	今のマックは高級路線じゃないからな   グランシリーズもセットで650円と大して高くないし   ビッグマックとドリンクで400円台ってのもある   結局、日本人は安いものに飛び付くってこと
textdetox@01907546324b0330d2d8b7669648cc18823323e5/ja/002927	ja	0	意外と、真の先進国への第一歩になるかもよ
textdetox@01907546324b0330d2d8b7669648cc18823323e5/ja/002928	ja	0	まずは整備士や技術者を育てないとね
textdetox@01907546324b0330d2d8b7669648cc18823323e5/ja/002929	ja	0	タバコを吸わない代わりに毎日コーヒーばかり飲んでいるが、   これも体に悪いんだろうなー
textdetox@01907546324b0330d2d8b7669648cc18823323e5/ja/002930	ja	0	取り敢えず人が来そうなスレをニュー速でまとめりゃいいのにな   人が増えたら細分化していけばいいんだし
textdetox@01907546324b0330d2d8b7669648cc18823323e5/ja/002931	ja	0	対話で解決できるなら早く解決してきてください。   どうぞご自由に。
textdetox@01907546324b0330d2d8b7669648cc18823323e5/ja/002932	ja	0	案外この爺さん、背乗りされてるかも。   当時の思い出を尋ねたら、朝鮮戦争とかベトナム戦争とかの話が出てくるかな。
textdetox@01907546324b0330d2d8b7669648cc18823323e5/ja/002933	ja	0	あ、違った   国立大生ではなかった気がする   どこだっけ
textdetox@01907546324b0330d2d8b7669648cc18823323e5/ja/002934	ja	0	歯応えが欲しい俺には不向きだな。
textdetox@01907546324b0330d2d8b7669648cc18823323e5/ja/002935	ja	0	いらっしゃい   まずは駆け付けトンスル3杯を
textdetox@01907546324b0330d2d8b7669648cc18823323e5/ja/002936	ja	0	緑化推進はしているだろう。でなきゃ塗料撒いたりしない。
textdetox@01907546324b0330d2d8b7669648cc18823323e5/ja/002937	ja	0	おつかれさ〜ん！(*｀Д´)ノ
textdetox@01907546324b0330d2d8b7669648cc18823323e5/ja/002938	ja	0	ロッテリア系が伸してくるのも嫌だなと思ってポツポツ利用するようになったのです
textdetox@01907546324b0330d2d8b7669648cc18823323e5/ja/002939	ja	0	一応傭兵はスイス軍じゃないことになるからなｗ
textdetox@01907546324b0330d2d8b7669648cc18823323e5/ja/002940	ja	0	靖国訴訟でもそうだけど乱訴規定が必要だよな
textdetox@01907546324b0330d2d8b7669648cc18823323e5/ja/002941	ja	0	そんな簡単な話じゃないんだ   一度失効してる条約を再構築するには   すべて最初から交渉やり直しということになる
textdetox@01907546324b0330d2d8b7669648cc18823323e5/ja/002942	ja	0	ビタミンC高濃度点滴療法の効果は、どんなものでしょうか？   あと自分の血を採取、２週間培養して免疫細胞を増やしてから体内に戻す療法、   芸能人が大勢通ったことで知られるようになった鹿児島県にある先端治療施設・・・
textdetox@01907546324b0330d2d8b7669648cc18823323e5/ja/002943	ja	0	居住地が変わる以外に何か違いがあるか？
textdetox@01907546324b0330d2d8b7669648cc18823323e5/ja/002944	ja	0	おお、おかえりなさいまし   おいらは明日の仕事に差し支えるのでここらで失敬します   みんなおやしみー(´・ω・)ノシ
textdetox@01907546324b0330d2d8b7669648cc18823323e5/ja/002945	ja	0	PVもできてるよ   朝の愛の会話？なんかそういう感じで昇格してるｗ
textdetox@01907546324b0330d2d8b7669648cc18823323e5/ja/002946	ja	0	自分に関係のない記事には大声を張り上げるけど   関係してくることには及び腰になるんだろ。
textdetox@01907546324b0330d2d8b7669648cc18823323e5/ja/002947	ja	0	橋下「、、、、、」旧赤線弁護士アウト！弁なし弁護士て、、、アウトーーーっ！。
textdetox@01907546324b0330d2d8b7669648cc18823323e5/ja/002948	ja	0	印刷機もってるから、   ＧＤＰさえ粉飾してれば   いくらでも金刷れる。
textdetox@01907546324b0330d2d8b7669648cc18823323e5/ja/002949	ja	0	以前見たNHKスペシャルの巨大災害シリーズで、東日本以来、日本近辺の地殻の動きが活発になって、それまでの常識が通用しなくなりつつあるって言ってたぞ。   活動期に入ってるらしい。     九州に幾つもあるカルデラ火山が、破局噴火起こさない事だけを祈ろう。
textdetox@01907546324b0330d2d8b7669648cc18823323e5/ja/002950	ja	0	私の給料低すぎ？ってなんて会社だっけみたいな感じ
textdetox@01907546324b0330d2d8b7669648cc18823323e5/ja/002951	ja	0	(´・ω・`)ある意味テキサス親父がやってくれてることに意義がある   日本が率先してやらなきゃとも思うが、生粋のアメリカ人が調べて考えた結果活動してくれてることが重要   影に陽向にサポートしなきゃだよ
textdetox@01907546324b0330d2d8b7669648cc18823323e5/ja/002952	ja	0	よくわからないんだがワッチョイスレではIPが出るの？
textdetox@01907546324b0330d2d8b7669648cc18823323e5/ja/002953	ja	0	今は小学生の方が政治に詳しいんじゃね。
textdetox@01907546324b0330d2d8b7669648cc18823323e5/ja/002954	ja	0	全く使ってない郵貯に150円くらい入ってた   これ下ろしておくか   ATMで1000円以下下ろせたっけ
textdetox@01907546324b0330d2d8b7669648cc18823323e5/ja/002955	ja	0	これ   言いたいことは分かるが例えが間違っとる
textdetox@01907546324b0330d2d8b7669648cc18823323e5/ja/002956	ja	0	猪木の入った風呂の残り湯の事やぞ
textdetox@01907546324b0330d2d8b7669648cc18823323e5/ja/002957	ja	0	揮発して蒸気を吸い込むと結構毒性が高いから   住んでる市町村のホームページからゴミ収集の情報を探して   所定の方法で廃棄するほうがいいかもね   もう安くて高性能の電子体温計が買える時代だし
textdetox@01907546324b0330d2d8b7669648cc18823323e5/ja/002958	ja	0	そこは山陰本線だろ   寂れ具合といい
textdetox@01907546324b0330d2d8b7669648cc18823323e5/ja/002959	ja	0	批判くらいなら何の問題もないと思うけどなぁ   旧ちゃんてそんなに厳しいの？
textdetox@01907546324b0330d2d8b7669648cc18823323e5/ja/002960	ja	0	参院で可決したんだな、やったぜ！
textdetox@01907546324b0330d2d8b7669648cc18823323e5/ja/002961	ja	0	橋下といい石原といいヒトラーが沢山いますねｗ
textdetox@01907546324b0330d2d8b7669648cc18823323e5/ja/002962	ja	0	そうかメガテンでモルゲッソヨみたいなの見たと思ったらミシャグジさまだったか
textdetox@01907546324b0330d2d8b7669648cc18823323e5/ja/002963	ja	0	京都新聞から3回   共同通信から1回ある   女性のコンピュータ音声で質問に答えていくよ
textdetox@01907546324b0330d2d8b7669648cc18823323e5/ja/002964	ja	0	ちょっと違う。   離婚後に再婚すると嫡出推定が100日重複するので、再婚禁止期間を設けた。   禁止期間は100日あればいいが、現規定では80日余分なのでそれを違憲だとした。
textdetox@01907546324b0330d2d8b7669648cc18823323e5/ja/002965	ja	0	あぁ、そういえば俺は●の騒ぎで懲りたんだった。   ●を買ってたのはちょっとした黒歴史だなw
textdetox@01907546324b0330d2d8b7669648cc18823323e5/ja/002966	ja	0	ロシアの寒さに比べらたかが-10度台で何言ってるんだろうって感じだろうな
textdetox@01907546324b0330d2d8b7669648cc18823323e5/ja/002967	ja	0	ノミネートって単に登録されただけの意味だからね。
textdetox@01907546324b0330d2d8b7669648cc18823323e5/ja/002968	ja	0	続々と逃げ出してるけど、今更逃げてもとんでもなく遅いよね
textdetox@01907546324b0330d2d8b7669648cc18823323e5/ja/002969	ja	0	仮に行ったとしても、予約をドタキャンされそうなホテルぐらいしか無いような所へなんか、   危なくて行けないよ。
textdetox@01907546324b0330d2d8b7669648cc18823323e5/ja/002970	ja	0	出会いが奇跡って、山奥に住んでいるの？   何か努力した？
textdetox@01907546324b0330d2d8b7669648cc18823323e5/ja/002971	ja	0	だから、旦那さんと格安SIMが弾かれるのなら浪人でも買って書き込めば、自分から生協ですって言わなくて済んだのにねー、って話してた。
textdetox@01907546324b0330d2d8b7669648cc18823323e5/ja/002972	ja	0	断崖絶壁にまた一歩近づいた訳かｗ
textdetox@01907546324b0330d2d8b7669648cc18823323e5/ja/002973	ja	0	グリコ森永事件で得をしたロッテは最近不振らしいね
textdetox@01907546324b0330d2d8b7669648cc18823323e5/ja/002974	ja	0	後始末が面倒だし日本人も巻き込まれないとも限らないから、もっとスマートに追い出したいけど、   どうすれば世論が変わるかね～？
textdetox@01907546324b0330d2d8b7669648cc18823323e5/ja/002975	ja	0	不安をあおるような言い回しって、誰が不安に思うんですかね
textdetox@01907546324b0330d2d8b7669648cc18823323e5/ja/002976	ja	0	選挙こそ国民の力。   裁判所が決めた事を国民の力とするのは的外れ。
textdetox@01907546324b0330d2d8b7669648cc18823323e5/ja/002977	ja	0	核兵器よりつおい兵器なら核保有ではないという事で
textdetox@01907546324b0330d2d8b7669648cc18823323e5/ja/002978	ja	0	学校の名前を出せ！   でないと本当に日本の学校か、分からない。
textdetox@01907546324b0330d2d8b7669648cc18823323e5/ja/002979	ja	0	最近やたらとテレビでも円安円安って言ってるけどさ   ほんの６～７年前は今と同じくらいのレートだっただろ   その頃に円安って騒いでた人はあまりいなかったと思うけどな
textdetox@01907546324b0330d2d8b7669648cc18823323e5/ja/002980	ja	0	ほぼ合格偏差値：48以上、見込みアリ偏差値：42以上、ランク：E
textdetox@01907546324b0330d2d8b7669648cc18823323e5/ja/002981	ja	0	それｗｗｗｗ   いや、笑ってられないのかもしれないけど。
textdetox@01907546324b0330d2d8b7669648cc18823323e5/ja/002982	ja	0	郊外の書店が増えた   旧市街の老舗書店は全滅した
textdetox@01907546324b0330d2d8b7669648cc18823323e5/ja/002983	ja	0	上に学校のステマ描いた者だけど、うちの学校の授業でも佐野案のエンブレムを講師が擁護していた。   トコロさんのエンブレムになると、今度はトコロそんを褒めていた。
textdetox@01907546324b0330d2d8b7669648cc18823323e5/ja/002984	ja	0	米にドバドバかける醤油なんて日本人には信じ難い     今の日本人と言うべきでしょうね、昔は結構かけて食ってる人居ましたから。
textdetox@01907546324b0330d2d8b7669648cc18823323e5/ja/002985	ja	0	佃煮って何を食っても同じような味にしかならんだろ。   イナゴならエビと同じ。
textdetox@01907546324b0330d2d8b7669648cc18823323e5/ja/002986	ja	0	インドネアってサッカーや野球みたいに年俸が沢山貰える競技なにかあるんですかね。。。。
textdetox@01907546324b0330d2d8b7669648cc18823323e5/ja/002987	ja	0	それでもなんとかねじ伏せてやろうと、無理矢理な回答を捻り出してる時点で同情できない
textdetox@01907546324b0330d2d8b7669648cc18823323e5/ja/002988	ja	0	Wi-Fi…今時ADSLなんておらだけ   ひかり来る予定まったく無し
textdetox@01907546324b0330d2d8b7669648cc18823323e5/ja/002989	ja	0	「いよいよ俺たちも万引世界デビューwwww」みたいなノリだったんかな     試食好きの俺も、タイのスーパーで初めて試食した時は「これが世界か」みたいな高揚感あったもんなw
textdetox@01907546324b0330d2d8b7669648cc18823323e5/ja/002990	ja	0	海外スポーツニュースは、日本人の悪口ばっかなんだが、2ちゃんは。
textdetox@01907546324b0330d2d8b7669648cc18823323e5/ja/002991	ja	0	もともとあるルールを守るだけの話じゃないの
textdetox@01907546324b0330d2d8b7669648cc18823323e5/ja/002992	ja	0	クリスピークリームドーナツな     つられて一瞬買いそうになったものの、結局買わなかった俺は今、ハッキリと白の中にいると感じるぜ…！
textdetox@01907546324b0330d2d8b7669648cc18823323e5/ja/002993	ja	0	うちの選挙区も次世代の候補者いなかったら   同じ感じだな
textdetox@01907546324b0330d2d8b7669648cc18823323e5/ja/002994	ja	0	全部過剰反応かいちゃもんにしか見えないわけだが
textdetox@01907546324b0330d2d8b7669648cc18823323e5/ja/002995	ja	0	納豆のタレとカラシ   好きな納豆にはタレとカラシがデフォルトで添付されてる   されてないのも売ってるけど美味しくない…
textdetox@01907546324b0330d2d8b7669648cc18823323e5/ja/002996	ja	0	リッパートも20日で離任後任は不明   なんだか日本とアメリカがリンクしている感   案外何かあるかもよォ
textdetox@01907546324b0330d2d8b7669648cc18823323e5/ja/002997	ja	0	あれ？一定期間過ぎたら     発行手続きに費用かかるんだっけ？
textdetox@01907546324b0330d2d8b7669648cc18823323e5/ja/002998	ja	0	恵方巻もそうだもんな。     次はイースターくるで。   間違いない。
textdetox@01907546324b0330d2d8b7669648cc18823323e5/ja/002999	ja	0	まさか保育園の保育士が優先的に入園できると思ってるのか？     まぁでも面白い話だなそれ。   保育士さんなら優先的に入れてやっても良い気がする。
textdetox@01907546324b0330d2d8b7669648cc18823323e5/ja/003000	ja	0	頑張って30分だな。   限界。
textdetox@01907546324b0330d2d8b7669648cc18823323e5/ja/003001	ja	0	そもそも道路一本隣が14億で   ほぼ同じくらいの広さが9億ってのも解せないけどね   8億かかる浄化費用の明細はどこかにあるのかね？
textdetox@01907546324b0330d2d8b7669648cc18823323e5/ja/003002	ja	0	NHKのタクシー料とか騒いでる場合じゃないだろこれ
textdetox@01907546324b0330d2d8b7669648cc18823323e5/ja/003003	ja	0	負けっぷり次第で国政にも影響出かねんぜ？
textdetox@01907546324b0330d2d8b7669648cc18823323e5/ja/003004	ja	0	本当に心配になるから   そろそろ群衆に飛び込むのは控えて欲しい…
textdetox@01907546324b0330d2d8b7669648cc18823323e5/ja/003005	ja	0	そういえば文はキャンプ・ハンフリーズには勝手に押しかけてたなｗ
textdetox@01907546324b0330d2d8b7669648cc18823323e5/ja/003006	ja	0	統計のとり方を変えたのかなあ？
textdetox@01907546324b0330d2d8b7669648cc18823323e5/ja/003007	ja	0	だよな。別に今から現物を作るわけじゃないし。   基礎研究すらムダというなら高速増殖炉や核融合炉はどうなんの
textdetox@01907546324b0330d2d8b7669648cc18823323e5/ja/003008	ja	0	これ、アリバイで募集かけてるけど   もう決まってんでしょどうせｗ
textdetox@01907546324b0330d2d8b7669648cc18823323e5/ja/003009	ja	0	もう一人って誰だ？   Twitterの方かね
textdetox@01907546324b0330d2d8b7669648cc18823323e5/ja/003010	ja	0	零戦って   いずもに降りられる？飛べる？   よね？
textdetox@01907546324b0330d2d8b7669648cc18823323e5/ja/003011	ja	0	ユニフォームを着ていれば練習には参加できる   制服のままならばグラウンドには入れない
textdetox@01907546324b0330d2d8b7669648cc18823323e5/ja/003012	ja	0	「事実」を「思想」とか言い出す始末w
textdetox@01907546324b0330d2d8b7669648cc18823323e5/ja/003013	ja	0	余命三年時事日記アーカイブ。削除されたね   また、消されるとは。。
textdetox@01907546324b0330d2d8b7669648cc18823323e5/ja/003014	ja	0	議員や首長の選挙と違って選挙期間内にも特別な制限はない   好きなだけやったら良い
textdetox@01907546324b0330d2d8b7669648cc18823323e5/ja/003015	ja	0	山梨の別荘にいるときマックで食事してたってのは、ひるおびでやってたね
textdetox@01907546324b0330d2d8b7669648cc18823323e5/ja/003016	ja	0	日本にいい働き場所があるよ     役所の窓口に行って、生活保護者の就業コンサルタントとして雇ってもらうといい   豊富な求職活動経験を、日本の公共福祉に役立てよう
textdetox@01907546324b0330d2d8b7669648cc18823323e5/ja/003017	ja	0	うむ、人が死んでるから茶化せないんだよなぁ
textdetox@01907546324b0330d2d8b7669648cc18823323e5/ja/003018	ja	0	何が問題か、聞かせてくれよwww
textdetox@01907546324b0330d2d8b7669648cc18823323e5/ja/003019	ja	0	弄られてるだろ、支持率６０％くらいあったのだって。   聞き方にもよるし、誰に聞いてるかわかったもんじゃないし。   普通に弄られてる。
textdetox@01907546324b0330d2d8b7669648cc18823323e5/ja/003020	ja	0	来るといいね、1000年に一度の大寒波w
textdetox@01907546324b0330d2d8b7669648cc18823323e5/ja/003021	ja	0	いや、てか最初からそいつらが中心だからｗ
textdetox@01907546324b0330d2d8b7669648cc18823323e5/ja/003022	ja	0	インスタント・コーヒー（瓶）が６００円代から９００円代になっててビックリしたわ。   これが値上げか、と。
textdetox@01907546324b0330d2d8b7669648cc18823323e5/ja/003023	ja	0	上に動画があるんだけど、たくさん店舗の入ったビルみたいな感じ
textdetox@01907546324b0330d2d8b7669648cc18823323e5/ja/003024	ja	0	元々、ブラックリストに入ってるんじゃね？
textdetox@01907546324b0330d2d8b7669648cc18823323e5/ja/003025	ja	0	お疲れ様です。   万一寝過ごしても、こちらで手の空いた時があれば対応はできるかと思います。
textdetox@01907546324b0330d2d8b7669648cc18823323e5/ja/003026	ja	0	自分の意見が通るまでに決まってるじゃん
textdetox@01907546324b0330d2d8b7669648cc18823323e5/ja/003027	ja	0	家宅捜索すれば、ラジオ放送で読み上げられる、   数字の並びを解読できる暗号表が出てくるんだろうな。
textdetox@01907546324b0330d2d8b7669648cc18823323e5/ja/003028	ja	0	つまり、今日？   最近、Xデー多すぎでわからん(^_^;)
textdetox@01907546324b0330d2d8b7669648cc18823323e5/ja/003029	ja	0	台風で停電したのか…ただでさえ糞暑いのにキッツいよな
textdetox@01907546324b0330d2d8b7669648cc18823323e5/ja/003030	ja	0	いや、そういう排他的だって意味ではないんだ、うん
textdetox@01907546324b0330d2d8b7669648cc18823323e5/ja/003031	ja	0	それでも「酒飲んで赤ら顔」とか叩かれてなかったっけ？
textdetox@01907546324b0330d2d8b7669648cc18823323e5/ja/003032	ja	0	やっぱ公共放送って法律でも決まってるんだな？
textdetox@01907546324b0330d2d8b7669648cc18823323e5/ja/003033	ja	0	たしかに聞こえんわ     第一、身近にバーガーキング無いんだから   無くなっても、なんの問題もない
textdetox@01907546324b0330d2d8b7669648cc18823323e5/ja/003034	ja	0	敬礼って脱帽状態でも挙手の敬礼してるの？   お辞儀の敬礼しても隊員さんたち認識してくださるかな？
textdetox@01907546324b0330d2d8b7669648cc18823323e5/ja/003035	ja	0	何故か「俺たちの戦いはこれからだ 未完」   というネームが脳裏をよぎった
textdetox@01907546324b0330d2d8b7669648cc18823323e5/ja/003036	ja	0	デーブが長年起用され続けているわけだから   推して知るべしかもな
textdetox@01907546324b0330d2d8b7669648cc18823323e5/ja/003037	ja	0	東北、関東、関西、九州がそれぞれ属国をもってそこで日本語を普及させた感じみたい。
textdetox@01907546324b0330d2d8b7669648cc18823323e5/ja/003038	ja	0	竜田揚げ好きだったから   大人になってから食べたベーコンのマズさには参った
textdetox@01907546324b0330d2d8b7669648cc18823323e5/ja/003039	ja	0	「法的な意味」が理解できない50代か
textdetox@01907546324b0330d2d8b7669648cc18823323e5/ja/003040	ja	0	ヘビーな勉強するのはいいんだが、この知識がなんとも別の事に再利用しにくい。
textdetox@01907546324b0330d2d8b7669648cc18823323e5/ja/003041	ja	0	「やらせてみたらダメだった」ということを、   経験して知っている世代だからだよ。
textdetox@01907546324b0330d2d8b7669648cc18823323e5/ja/003042	ja	0	でもさあ、ジャミングが極まってきたら   案外戦艦に先祖返りしていくかもねと言うロマン思考
textdetox@01907546324b0330d2d8b7669648cc18823323e5/ja/003043	ja	0	新大久保や鶯谷に設置する分には別に文句言わないけどｗ
textdetox@01907546324b0330d2d8b7669648cc18823323e5/ja/003044	ja	0	翁長が貰った琉球王印を受け継いでるはずだぞ
textdetox@01907546324b0330d2d8b7669648cc18823323e5/ja/003045	ja	0	この永明っていう爺さんパンダが、すごい子作り名人らしいじゃん。
textdetox@01907546324b0330d2d8b7669648cc18823323e5/ja/003046	ja	0	セブンで台風10号の募金をしてた   募金してきた
textdetox@01907546324b0330d2d8b7669648cc18823323e5/ja/003047	ja	0	これ。   死亡した作業員が本当に名簿にある当人かどうか鑑定しないといけないからね
textdetox@01907546324b0330d2d8b7669648cc18823323e5/ja/003048	ja	0	意味不明なんだけど・・・・
textdetox@01907546324b0330d2d8b7669648cc18823323e5/ja/003049	ja	0	初めてやってきました   落ち着ける雰囲気ですね、ここ   ぱよちんもまた懐かしいｗ
textdetox@01907546324b0330d2d8b7669648cc18823323e5/ja/003050	ja	0	窃盗は絶対にあかんけど、言いたい事はわかる
textdetox@01907546324b0330d2d8b7669648cc18823323e5/ja/003051	ja	0	＞艦内通信を傍受して、ひけらかすような内容の信号を送ってくる。   これって電波法とかには抵触しないの？
textdetox@01907546324b0330d2d8b7669648cc18823323e5/ja/003052	ja	0	だとしてもタイトルくらいは宣伝で出しそうなんだがな   地方紙とかの紙面オンリー記事なんかね？
textdetox@01907546324b0330d2d8b7669648cc18823323e5/ja/003053	ja	0	いや・・・別にそこはどーとも思わんけど？
textdetox@01907546324b0330d2d8b7669648cc18823323e5/ja/003054	ja	0	YU-NOは今度リメイクするんだけど....
textdetox@01907546324b0330d2d8b7669648cc18823323e5/ja/003055	ja	0	早茹で２分マカロニを、動画見るのに夢中になって１０分茹でてしまいあわてて確認したら   鍋の中で全部直立してフジツボみたいになっててびびった
textdetox@01907546324b0330d2d8b7669648cc18823323e5/ja/003056	ja	0	今日笑点に出てた。     まぁ、生ではないけどさ。
textdetox@01907546324b0330d2d8b7669648cc18823323e5/ja/003057	ja	0	空き家を改修すればいいのにな。
textdetox@01907546324b0330d2d8b7669648cc18823323e5/ja/003058	ja	0	一概に昔がよかっとも言えない   例えばこんなショッキングなシーンが少年誌にあっていいのか   という議論も起こりうる
textdetox@01907546324b0330d2d8b7669648cc18823323e5/ja/003059	ja	0	どちらかというと社会的弱者がアウトロー志向ってどういうことなの
textdetox@01907546324b0330d2d8b7669648cc18823323e5/ja/003060	ja	0	あとは、集合的無意識の正体とかね。
textdetox@01907546324b0330d2d8b7669648cc18823323e5/ja/003061	ja	0	スレタイの「旧米海軍」ってどういう意味？   古い艦艇を置くの？
textdetox@01907546324b0330d2d8b7669648cc18823323e5/ja/003062	ja	0	ペブシを鍋で煮て炭酸飛ばすと   滅茶苦茶美味しいハーブティが出来るよ     騙されたと思って是非一度体験して
textdetox@01907546324b0330d2d8b7669648cc18823323e5/ja/003063	ja	0	なおこの記事はヤフートップ、グーグルニューストップにはない。MSNトップにあったのを拾ってきた
textdetox@01907546324b0330d2d8b7669648cc18823323e5/ja/003064	ja	0	ストパンは戦闘機ではなく、パイロットの女体化やしな
textdetox@01907546324b0330d2d8b7669648cc18823323e5/ja/003065	ja	0	任期内に北と統一出来れば文の勝ち
textdetox@01907546324b0330d2d8b7669648cc18823323e5/ja/003066	ja	0	なあに、あと10日で会期末だから不逮捕特権も行使出来なくなるよ。
textdetox@01907546324b0330d2d8b7669648cc18823323e5/ja/003067	ja	0	ま、さすがに事後法で裁かれるようになったら、   もうおしまいですわ。
textdetox@01907546324b0330d2d8b7669648cc18823323e5/ja/003068	ja	0	ミヤネ屋 デーブスペクターも解説してんのか・・・
textdetox@01907546324b0330d2d8b7669648cc18823323e5/ja/003069	ja	0	サービスを受ける側の稼ぎが少ないから   だから金持ちに尽くす仕事をすればいい
textdetox@01907546324b0330d2d8b7669648cc18823323e5/ja/003070	ja	0	自分の買い物を感覚で語っちゃいけないかい？
textdetox@01907546324b0330d2d8b7669648cc18823323e5/ja/003071	ja	0	って言うか、返さなければ損をすると思わせれば、良いんだよな   本来なら武力がものを言うのだが、、、
textdetox@01907546324b0330d2d8b7669648cc18823323e5/ja/003072	ja	0	おっと、このスレは立ててから一カ月か   どうやってもあがらなくなる時期がきた
textdetox@01907546324b0330d2d8b7669648cc18823323e5/ja/003073	ja	0	それで吸い取られたらしいぱよぱよ1号と2号の発言リストもってるw   ここで誰かにもらったw
textdetox@01907546324b0330d2d8b7669648cc18823323e5/ja/003074	ja	0	骨董品の水銀入の体温計あるけど壊すと大変かな
textdetox@01907546324b0330d2d8b7669648cc18823323e5/ja/003075	ja	0	前の好景気は4年連続で下がった   最短でもあと2年は下がるよ
textdetox@01907546324b0330d2d8b7669648cc18823323e5/ja/003076	ja	0	小康状態のときにあえて苦い薬を飲みたくない、ってのが正直な心情だけどね・・・   悪化する前に何とかしたいね・・・
textdetox@01907546324b0330d2d8b7669648cc18823323e5/ja/003077	ja	0	これ地検の特捜が動いてるってホント？
textdetox@01907546324b0330d2d8b7669648cc18823323e5/ja/003078	ja	0	無いだろ、捕獲された奴は持ち帰られるし   取りこぼしは川魚や鳥獣の餌だわ   観賞用に改良された脆弱生物が生き残れるほど自然は甘くない
textdetox@01907546324b0330d2d8b7669648cc18823323e5/ja/003079	ja	0	攻殻は、唯一の生身だったトグサが   みんなに追いつくためにしなくてもいい改造してるよ。
textdetox@01907546324b0330d2d8b7669648cc18823323e5/ja/003080	ja	0	おはようございます(・ω・)ノ     次スレは、タヌキ記者さんにお願い致します。
textdetox@01907546324b0330d2d8b7669648cc18823323e5/ja/003081	ja	0	根本的に治したりウイルス根絶対策とかそういうんじゃないのか…こりゃまだまだ収束しないな
textdetox@01907546324b0330d2d8b7669648cc18823323e5/ja/003082	ja	0	小笠原の時もいろいろあったような気はする   ずっと前だからよくわからんけどな
textdetox@01907546324b0330d2d8b7669648cc18823323e5/ja/003083	ja	0	AIIBは参加国が100国越えたようなニュースをここ両日で見た。
textdetox@01907546324b0330d2d8b7669648cc18823323e5/ja/003084	ja	0	じゃあ2ちゃんで犯人のものだと思われてるTwitterも本物だったのか…
textdetox@01907546324b0330d2d8b7669648cc18823323e5/ja/003085	ja	0	日本が鳩山のようになっちまった感じだね。ノー天気日本ッ、チャチャチャ！！
textdetox@01907546324b0330d2d8b7669648cc18823323e5/ja/003086	ja	0	俺もすぐワンピ思い出したわ     この説っていつくらいから出た説なんだろ？？
textdetox@01907546324b0330d2d8b7669648cc18823323e5/ja/003087	ja	0	「日本人の老人」とは書けない事情が有るとみたw
textdetox@01907546324b0330d2d8b7669648cc18823323e5/ja/003088	ja	0	6人公述人がいて今2人目   彼は最後だな
textdetox@01907546324b0330d2d8b7669648cc18823323e5/ja/003089	ja	0	そりゃテレビ朝日にいるエリート様だから偉いんだよw
textdetox@01907546324b0330d2d8b7669648cc18823323e5/ja/003090	ja	0	銀行から借入れする人数より、サラ金から借りる人間が多いっていうニュースだね。
textdetox@01907546324b0330d2d8b7669648cc18823323e5/ja/003091	ja	0	ちょび髭のおじさんも正当な選挙で選ばれたんだよな。
textdetox@01907546324b0330d2d8b7669648cc18823323e5/ja/003092	ja	0	トピックに関連することを書きましょうよ。
textdetox@01907546324b0330d2d8b7669648cc18823323e5/ja/003093	ja	0	おう、たまに変なコピペ厨とか電通連呼沸くけど気にしないでな   よろしくデース
textdetox@01907546324b0330d2d8b7669648cc18823323e5/ja/003094	ja	0	過去のアーケードゲーム、家庭用ハードのゲーム   インストール済みでプレイできる新ハードで、   新作も出していくなら売れるだろう。
textdetox@01907546324b0330d2d8b7669648cc18823323e5/ja/003095	ja	0	国有地が格安で払い下げられた問題の経緯に関し、   めぢあが十分に「放送していると思わない」との回答は８２・５％
textdetox@01907546324b0330d2d8b7669648cc18823323e5/ja/003096	ja	0	●流出と@wikiの個人情報漏れから色々掘られた
textdetox@01907546324b0330d2d8b7669648cc18823323e5/ja/003097	ja	0	別ゲーすぎてあかんと思うわｗ
textdetox@01907546324b0330d2d8b7669648cc18823323e5/ja/003098	ja	0	食べ物で好き嫌いをしちゃいけません！
textdetox@01907546324b0330d2d8b7669648cc18823323e5/ja/003099	ja	0	U-2ってまだ現役なのか   もう60年以上飛んでるだろ
textdetox@01907546324b0330d2d8b7669648cc18823323e5/ja/003100	ja	0	下の方は入ってたよね？映像で折れてるの見たんだが・・   控壁と鉄筋の太さ、本数が足りんかったって事か？   上の方もばらばらにならずにまとめて折れてたからあれは鉄筋入ってたんじゃ   ないのか？
textdetox@01907546324b0330d2d8b7669648cc18823323e5/ja/003101	ja	0	ID変えるソフトについては2chもopenも変わらんね
textdetox@01907546324b0330d2d8b7669648cc18823323e5/ja/003102	ja	0	行かんと思うな。個人的な見解だが。   24時間滞空するようなドローンはそれこそ省エネでないとならないし、   今回の対地ミサイル撃ったりするドローンと共用するには無駄が多い。   問題のある地域に急行・攻撃・回収・帰還というのがこの方式のメリットだよ。
textdetox@01907546324b0330d2d8b7669648cc18823323e5/ja/003103	ja	0	＞戦後レジウム     もう少し日本語の勉強をｗ
textdetox@01907546324b0330d2d8b7669648cc18823323e5/ja/003104	ja	0	八月から九月にかけて共産党の支持率落ちてるから、たぶんやればやっただけ落ちるんだよね。
textdetox@01907546324b0330d2d8b7669648cc18823323e5/ja/003105	ja	0	もともと、近年のODAは額としては少額で、   金額的なインパクトはほとんどなかった。   中国としては米中貿易戦争で厳しい分、   商売相手としての日本にすり寄っている、というだけのことだろう。
textdetox@01907546324b0330d2d8b7669648cc18823323e5/ja/003106	ja	0	最低でも大阪に拠点があるのはわかった
textdetox@01907546324b0330d2d8b7669648cc18823323e5/ja/003107	ja	0	9遺体事件の呼び名で押し通すつもりなのか。変やろ。
textdetox@01907546324b0330d2d8b7669648cc18823323e5/ja/003108	ja	0	あれ、不思議とたまに食いたくなるんだよね…   日本のより塩分が半分くらいで、しょっぱくないのが良い     日本製で辛いラーメンのスープを半分だけ使ってカイエンペッパーとか足せば、同じ味になるかな～？
textdetox@01907546324b0330d2d8b7669648cc18823323e5/ja/003109	ja	0	それをやった結果の中世の教会に謝ろうな…
textdetox@01907546324b0330d2d8b7669648cc18823323e5/ja/003110	ja	0	主導してないからセーフとでも言いたいのか、このあほは・・・   ところでKAZUYAは主導してるなんて言ってたか？   ニカちゃんが勝手に「自白」してしまっただけではなかった？ｗ
textdetox@01907546324b0330d2d8b7669648cc18823323e5/ja/003111	ja	0	普通はそうだよな。普通はね。
textdetox@01907546324b0330d2d8b7669648cc18823323e5/ja/003112	ja	0	うちの近くの基地も大人気   イベントやる時は渋滞して困るレベル
textdetox@01907546324b0330d2d8b7669648cc18823323e5/ja/003113	ja	0	バターかマーガリンを1さじ一緒に混ぜると美味しいよ
textdetox@01907546324b0330d2d8b7669648cc18823323e5/ja/003114	ja	0	こんばんはー、画像は運営板でもはれないみたいな話が
textdetox@01907546324b0330d2d8b7669648cc18823323e5/ja/003115	ja	0	ヒント：地域の歴史   今だからこそ、むしろ検証できるというべきか
textdetox@01907546324b0330d2d8b7669648cc18823323e5/ja/003116	ja	0	言ってたのは石野のほうだった   んで、実行すると不正アクセスが云々だからやらないけどーとは言っていた   無論ツールの件がマジならこれは嘘だと思う   というか単純にFセキュ絡みで監視してたってだけかも知れんがｗ
textdetox@01907546324b0330d2d8b7669648cc18823323e5/ja/003117	ja	0	だと思うね。焼け太りかな。
textdetox@01907546324b0330d2d8b7669648cc18823323e5/ja/003118	ja	0	とりあえずビザを復活させるとこから始めていいのでは
textdetox@01907546324b0330d2d8b7669648cc18823323e5/ja/003119	ja	0	パレード見て感心した。   いまだにT34が現役   物持ちいいなあｗ
textdetox@01907546324b0330d2d8b7669648cc18823323e5/ja/003120	ja	0	ほんとそれ。   わずか１日で野田がこういう事抜かすから、何のギャグかと思った
textdetox@01907546324b0330d2d8b7669648cc18823323e5/ja/003121	ja	0	現状ですらもはや尖閣方面にパチモンスホーイを飛ばせないレベルにまで稼働率落ちちゃってるのに   帳簿上の数はあっても必要な時に投入できなきゃ意味がない。
textdetox@01907546324b0330d2d8b7669648cc18823323e5/ja/003122	ja	0	寧ろ鍍金が剥がれたんだよ・・・
textdetox@01907546324b0330d2d8b7669648cc18823323e5/ja/003123	ja	0	祝！可決！！！かんぱーい！！！！   ヒャッハーーー！！！！！
textdetox@01907546324b0330d2d8b7669648cc18823323e5/ja/003124	ja	0	戦闘行為ではなく衝突だと言い張った誰かさんみたいやね
textdetox@01907546324b0330d2d8b7669648cc18823323e5/ja/003125	ja	0	いわゆるメイト服には、大きく分けると二種類あって大きな邸宅の女性使用人が着るヴィクトリアンメイドと   主に酒場などで給仕するフレンチメイドがあって日本のメイド喫茶で主流なのは、フレンチメイドの方。
textdetox@01907546324b0330d2d8b7669648cc18823323e5/ja/003126	ja	0	系列会社と一緒に技術もリストラしたからな
textdetox@01907546324b0330d2d8b7669648cc18823323e5/ja/003127	ja	0	うちの故郷ではとんじる呼びの人が多かったけど   一般的にはぶたじる派の方が多いよな   別に東西で分かれてる風でも無く気になる
textdetox@01907546324b0330d2d8b7669648cc18823323e5/ja/003128	ja	0	自分と戦って禁煙中なんじゃないかな
textdetox@01907546324b0330d2d8b7669648cc18823323e5/ja/003129	ja	0	だよなー妥結したらあとは注視しかあるまいに。
textdetox@01907546324b0330d2d8b7669648cc18823323e5/ja/003130	ja	0	離党があるとすれば沖縄県知事選挙の結果次第だろうな
textdetox@01907546324b0330d2d8b7669648cc18823323e5/ja/003131	ja	0	韓国料理が本当に美味しかったら、とっくの昔に   日本料理になってたはずなんだよ、カレーやラーメンみたいにさ
textdetox@01907546324b0330d2d8b7669648cc18823323e5/ja/003132	ja	0	いやいや、アメの結論はとっくに出ている   行こうがサボろうが関係ない
textdetox@01907546324b0330d2d8b7669648cc18823323e5/ja/003133	ja	0	14秒だったかな   短い時間に連投するとそのスレに書けなくなることがあるよ
textdetox@01907546324b0330d2d8b7669648cc18823323e5/ja/003134	ja	0	【徳洲会】がすべての発端     スキャンダルを好きに報道出来るのは羨ましい
textdetox@01907546324b0330d2d8b7669648cc18823323e5/ja/003135	ja	0	西武線に限らず関東近郊を走る鉄道は英語アナウンスしてるし電車に不馴れな外国人のために路線ナンバリング表記を一斉に導入してる。
textdetox@01907546324b0330d2d8b7669648cc18823323e5/ja/003136	ja	0	星天弓やったら、全部自分に降ってきてるぐらいの状態かと。
textdetox@01907546324b0330d2d8b7669648cc18823323e5/ja/003137	ja	0	そうは言っても諦める理由にはならないさ
textdetox@01907546324b0330d2d8b7669648cc18823323e5/ja/003138	ja	0	開催地には興味が無いが、フォーミュラeとはどんなものかってwiki見たら   動力性能的にはF3マシンと同等レベルらしいね     せっかくの電気なんだから0-1、0%-100%で瞬間でもF1を凌駕する性能を見せてほしいねぇ
textdetox@01907546324b0330d2d8b7669648cc18823323e5/ja/003139	ja	0	命名は、「ヴェートーベン」か「ホルスト」だな？ｗｗ
textdetox@01907546324b0330d2d8b7669648cc18823323e5/ja/003140	ja	0	てかさー太鼓叩くのやめて、トランス解けたらさ   いきなりお通夜になってるなｗ
textdetox@01907546324b0330d2d8b7669648cc18823323e5/ja/003141	ja	0	そもそも何でこの2人と橋下を対決させようとしてんの？
textdetox@01907546324b0330d2d8b7669648cc18823323e5/ja/003142	ja	0	言動まで含めたら、CM明けにぬいぐるみを置かれているレベル。
textdetox@01907546324b0330d2d8b7669648cc18823323e5/ja/003143	ja	0	いやいやひろゆきが奪還に成功して2ちゃんに戻ってるのかもよw
textdetox@01907546324b0330d2d8b7669648cc18823323e5/ja/003144	ja	0	メーテルが天海祐希で鉄郎が伊藤淳史。
textdetox@01907546324b0330d2d8b7669648cc18823323e5/ja/003145	ja	0	俺の論拠は国会議事録だから彼の動画は関係ないかなw
textdetox@01907546324b0330d2d8b7669648cc18823323e5/ja/003146	ja	0	昨日まで存在をしらなかったのと、きかたがわからなかった。   向こうの既女板でしったから来れたｗ
textdetox@01907546324b0330d2d8b7669648cc18823323e5/ja/003147	ja	0	そのメンテ中のゲームも最近は進化していてな   RPGみたいなのになってるぞ     まあ、滅多にメンテ中にならないんだがな
textdetox@01907546324b0330d2d8b7669648cc18823323e5/ja/003148	ja	0	昨年まではマイナンバーなしでやってたけど？
textdetox@01907546324b0330d2d8b7669648cc18823323e5/ja/003149	ja	0	いやいや、まだあるんだがｗ   正確には復活したっつーのが正しいか
textdetox@01907546324b0330d2d8b7669648cc18823323e5/ja/003150	ja	0	はっきり言っておくと、国産でもそれは同じ結果になるだろう。   春一番クラスの突風をしのぐには、24本骨以上でグラスファイバー製を選ばなければお話にならない。
textdetox@01907546324b0330d2d8b7669648cc18823323e5/ja/003151	ja	0	どこまで使っていいのかは詳しくは知らない。     ただ、今度通名禁止になっても   単に名乗るだけであれば通名を阻止できないと思う。
textdetox@01907546324b0330d2d8b7669648cc18823323e5/ja/003152	ja	0	これマ？   これなら公益通報で全然アタックできんじゃん
textdetox@01907546324b0330d2d8b7669648cc18823323e5/ja/003153	ja	0	で、外務省は誰が責任とるんですか？
textdetox@01907546324b0330d2d8b7669648cc18823323e5/ja/003154	ja	0	あっちでおーぷんのURL貼れないんだよねー
textdetox@01907546324b0330d2d8b7669648cc18823323e5/ja/003155	ja	0	無かったことにするのに丁度いいネタもあることだしな   ヘッドラインレベルで報道するかどうかも怪しい
textdetox@01907546324b0330d2d8b7669648cc18823323e5/ja/003156	ja	0	スウェーデンはポルノの国のイメージがあった。
textdetox@01907546324b0330d2d8b7669648cc18823323e5/ja/003157	ja	0	2chビューアー系を排除したときもひどかったな
textdetox@01907546324b0330d2d8b7669648cc18823323e5/ja/003158	ja	0	少しは外に出たほうが健康に良いぞ   桜の季節は終わったけど、紅葉が残っている
textdetox@01907546324b0330d2d8b7669648cc18823323e5/ja/003159	ja	0	大阪の人、よくわからんので解説よろ
textdetox@01907546324b0330d2d8b7669648cc18823323e5/ja/003160	ja	0	俺もそう思ったが、   防大コースも視野にあるのかな？
textdetox@01907546324b0330d2d8b7669648cc18823323e5/ja/003161	ja	0	予算的には、国費率が極めて高いので、国営的ではあるんだが、   その高い国費率で、県の裁量の大きな「交付金」でやってるんだよなぁ。
textdetox@01907546324b0330d2d8b7669648cc18823323e5/ja/003162	ja	0	どうやら、予想していたほどの積雪にはならなさそう＠山梨東部   今回は東京都心のほうがたくさん積もった印象だな。   むしろ、木曜日あたりの気温のほうが心配だ。
textdetox@01907546324b0330d2d8b7669648cc18823323e5/ja/003163	ja	0	見下さないと少子化が進んでしまう
textdetox@01907546324b0330d2d8b7669648cc18823323e5/ja/003164	ja	0	ああ、増毛、なくなる方向で動いてるぞ
textdetox@01907546324b0330d2d8b7669648cc18823323e5/ja/003165	ja	0	沖ノ鳥島の環礁を完全埋め立てして   農場をつくる、とかどうだろう？   それとも、そんなことをすると   アイソスタシーの関係で島が水没するのだろうか？
textdetox@01907546324b0330d2d8b7669648cc18823323e5/ja/003166	ja	0	座間SNSさつじん事件とか？   →ネットは危険！(有識者A・ｺﾒﾝﾃｰﾀｰＢ)
textdetox@01907546324b0330d2d8b7669648cc18823323e5/ja/003167	ja	0	各国と個別にFTA結べばいいってこと。   アメリカとのFTA（TPP）は交渉決裂にしろってことよ。
textdetox@01907546324b0330d2d8b7669648cc18823323e5/ja/003168	ja	0	これ、単なる素人がpmcってベンチャー企業立ち上げただけなんだな
textdetox@01907546324b0330d2d8b7669648cc18823323e5/ja/003169	ja	0	日本刀なんて武士しか持ってなかったもんだしな   鍛冶は必要だけど日本刀に特化する必要はないんじゃないか？
textdetox@01907546324b0330d2d8b7669648cc18823323e5/ja/003170	ja	0	お友達人事といえば、   アメリカ大統領なんて典型的なお友達人事なんだよなぁ。
textdetox@01907546324b0330d2d8b7669648cc18823323e5/ja/003171	ja	0	眼鏡男が特定されたらしい   もうだめかもな
textdetox@01907546324b0330d2d8b7669648cc18823323e5/ja/003172	ja	0	これがダメならヨシフとかコニタンとかどうなるんだろうって思うんだけど
textdetox@01907546324b0330d2d8b7669648cc18823323e5/ja/003173	ja	0	のび太とnobyってそんなに設定が違うのかい   まるで別物だな
textdetox@01907546324b0330d2d8b7669648cc18823323e5/ja/003174	ja	0	別に100日とか決めなくても、   「妊娠してないことが確実になった」時点で再婚オッケーにすれば良いと思うんだけどな。
textdetox@01907546324b0330d2d8b7669648cc18823323e5/ja/003175	ja	0	この自爆体質は、多分朝鮮系ですね。
textdetox@01907546324b0330d2d8b7669648cc18823323e5/ja/003176	ja	0	俺もそれ思ったわ。   ホロン部の頃に言われてた1レス20円をもじってるだけだよな。   ヒネリが足りないって言うかさあw
textdetox@01907546324b0330d2d8b7669648cc18823323e5/ja/003177	ja	0	やめるのはスポーツ交流だけでいいのか？
textdetox@01907546324b0330d2d8b7669648cc18823323e5/ja/003178	ja	0	だから内ゲバが絶えないのよ   逆にいえば悲しいかな   そこまでやらないとアイデンティティが保てないとも言える
textdetox@01907546324b0330d2d8b7669648cc18823323e5/ja/003179	ja	0	統合失調症で善悪の判断ができず優先席の近くでスマホから電波を飛ばしたのが被告じゃないのか？
textdetox@01907546324b0330d2d8b7669648cc18823323e5/ja/003180	ja	0	スパイ活動の拠点「孔子学院」が知識人、メディアをオルグ・・   オウムのサティアンみたいなもんか
textdetox@01907546324b0330d2d8b7669648cc18823323e5/ja/003181	ja	0	周りじゃ全然物議を醸してないよね。   ていうか、みんな面白がって忖度そんたくってネタにしてるし。
textdetox@01907546324b0330d2d8b7669648cc18823323e5/ja/003182	ja	0	ソース出せばごめんなさいするなら、次にこのスレを観た時に探してきてやる。
textdetox@01907546324b0330d2d8b7669648cc18823323e5/ja/003183	ja	0	オージーっていや潜水艦でこんな事するからな   なんか変な方向性を，やって欲しいような欲しくないような
textdetox@01907546324b0330d2d8b7669648cc18823323e5/ja/003184	ja	0	軍政時代にあったとは思えないから   あったことは無いんじゃないかな
textdetox@01907546324b0330d2d8b7669648cc18823323e5/ja/003185	ja	0	そんな話なのかよ。本当ならひどい。
textdetox@01907546324b0330d2d8b7669648cc18823323e5/ja/003186	ja	0	主戦場がTwitterとかに移行しつつあるから、ここはまだマシなんじゃねーの？
textdetox@01907546324b0330d2d8b7669648cc18823323e5/ja/003187	ja	0	というか米軍のドローン空虚2t強、満載5tくらいあるはず。
textdetox@01907546324b0330d2d8b7669648cc18823323e5/ja/003188	ja	0	はあ？日本国内にあんなモン置かせるわけないやろ？
textdetox@01907546324b0330d2d8b7669648cc18823323e5/ja/003189	ja	0	大海軍に金が掛かるのは、事細かに説明しなくても自明ｗ   いまやってるように海外に多数の海軍根拠地を設ければ   さらに金が掛かるし、戦時の負担も増える
textdetox@01907546324b0330d2d8b7669648cc18823323e5/ja/003190	ja	0	話半分でいいんで参考までに教えて欲しい   どんな動きとどんな通信してた？
textdetox@01907546324b0330d2d8b7669648cc18823323e5/ja/003191	ja	0	ソース、ジュレにして固めてくれねーかなと思う   パティの香ばしさも残るし
textdetox@01907546324b0330d2d8b7669648cc18823323e5/ja/003192	ja	0	日本でのスルーされっぷりがまた小気味よい
textdetox@01907546324b0330d2d8b7669648cc18823323e5/ja/003193	ja	0	そんなわけないじゃん   現実に侵攻されたら誰も助けてくれないよ
textdetox@01907546324b0330d2d8b7669648cc18823323e5/ja/003194	ja	0	プードルもなってるよ～   試験に合格すれば犬種は関係ないのかもね
textdetox@01907546324b0330d2d8b7669648cc18823323e5/ja/003195	ja	0	あれ良いと思った方なんだよね   後々ランドマークにもなりそうだし   ああいう遊びできるの、こんな時ぐらいでしょ
textdetox@01907546324b0330d2d8b7669648cc18823323e5/ja/003196	ja	0	いや今回はみんなトンファー勝ちそうでヤバイと言ってたが
textdetox@01907546324b0330d2d8b7669648cc18823323e5/ja/003197	ja	0	たまには都民にも苦労してもらわないとね
textdetox@01907546324b0330d2d8b7669648cc18823323e5/ja/003198	ja	0	月曜にはウソのようにいなくなるから我慢ｗ
textdetox@01907546324b0330d2d8b7669648cc18823323e5/ja/003199	ja	0	ネタにマジレスはやめてもらおうか。泣くぞ？ｗ     色々ググってたら高校受験ナビってとこの掲示板にいくつか書き込みあるね   なんか前から近所の店でもやってたというのがあった
textdetox@01907546324b0330d2d8b7669648cc18823323e5/ja/003200	ja	0	何の団体に所属してる高校生だろう。
textdetox@01907546324b0330d2d8b7669648cc18823323e5/ja/003201	ja	0	openとscではopenの方が人が多そうだな
textdetox@01907546324b0330d2d8b7669648cc18823323e5/ja/003202	ja	0	土壌汚鮮が懸念されるから使っちゃダメです
textdetox@01907546324b0330d2d8b7669648cc18823323e5/ja/003203	ja	0	去年の4月は消費税の増税で大幅に消費が落ちているから   今年の4月は大幅な回復となるわけかｗ
textdetox@01907546324b0330d2d8b7669648cc18823323e5/ja/003204	ja	0	>ブログは(内容から比べると)かなり楽に読める   とは書いたけれど、自分は小坪さんのブログは楽しく読んでますけどね
textdetox@01907546324b0330d2d8b7669648cc18823323e5/ja/003205	ja	0	子供の仮装は可愛いけど、大人はちょっとな…
textdetox@01907546324b0330d2d8b7669648cc18823323e5/ja/003206	ja	0	軌道エレベーターができたとして、このエレベーターを設置したとする。   分速６００ｍって事は時速３６ｋｍだろ。高度４００ｋｍの宇宙ステーションまでやく１１時間かあ。   エレベーターに１１時間乗ってるのも大変だよね…。
textdetox@01907546324b0330d2d8b7669648cc18823323e5/ja/003207	ja	0	日本もA-10のような航空機を海上保安庁に配備しようぜ！
textdetox@01907546324b0330d2d8b7669648cc18823323e5/ja/003208	ja	0	そっちも捕まるかな+（0ﾟ・∀・） + ﾜｸﾃｶ +
textdetox@01907546324b0330d2d8b7669648cc18823323e5/ja/003209	ja	0	もう、火葬場で灰になったやろ。
textdetox@01907546324b0330d2d8b7669648cc18823323e5/ja/003210	ja	0	北海道8区   函館市や北斗市などの道南     なお同選挙区で逢坂に負けた自民党候補が比例復活してる
textdetox@01907546324b0330d2d8b7669648cc18823323e5/ja/003211	ja	0	もうテレビに繋ぐゲーム機は衰退してくんじゃないか？
textdetox@01907546324b0330d2d8b7669648cc18823323e5/ja/003212	ja	0	その書き込めなくなるまでの書き込みを連中に管理されるぞ？
textdetox@01907546324b0330d2d8b7669648cc18823323e5/ja/003213	ja	0	食べるラー油みたいに、食べる醤油ってしたら売れるかも
textdetox@01907546324b0330d2d8b7669648cc18823323e5/ja/003214	ja	0	履歴書にその偽名書いてもいいのか？
textdetox@01907546324b0330d2d8b7669648cc18823323e5/ja/003215	ja	0	納得するまでって、１０００年後まで納得しないぞ
textdetox@01907546324b0330d2d8b7669648cc18823323e5/ja/003216	ja	0	「大声を出してゴメンナサイ」じゃないもんな   「大声を出してないけど大声に聞えちゃったみたいだねｗ」   「大声じゃないけど大声に感じさせちゃってごめんねｗ」
textdetox@01907546324b0330d2d8b7669648cc18823323e5/ja/003217	ja	0	観光ビザ発給した連中でも途中で取り上げるぐらいの処置は必要だろ
textdetox@01907546324b0330d2d8b7669648cc18823323e5/ja/003218	ja	0	おーぷん2ちゃんねるのニュー速+板はこういうニュースばかりが伸びるな
textdetox@01907546324b0330d2d8b7669648cc18823323e5/ja/003219	ja	0	内実を伴っていればまだ見てられるんだけど   カッコだけつけてて中身が残念なので要するに笑いを取りにいってるんだろ
textdetox@01907546324b0330d2d8b7669648cc18823323e5/ja/003220	ja	0	民辛「…最近は、仕事がやりにくくなりましたよ…。ケチを付けても受けないし…。   論破はされる…。とても簡単な御仕事じゃなくなりました…。（涙目）」
textdetox@01907546324b0330d2d8b7669648cc18823323e5/ja/003221	ja	0	「我が」を発言者一個人のことと解釈することって普通ないよねぇ   ほとんどの場合、発言者が所属する組織や集団を意味する言葉として解釈する     一部の方言では「わが」を自分一個人という意味で使うことがあるけどｗ
textdetox@01907546324b0330d2d8b7669648cc18823323e5/ja/003222	ja	0	落ちるような株価なんて、最初から無かっただろｗｗ
textdetox@01907546324b0330d2d8b7669648cc18823323e5/ja/003223	ja	0	激薄軽量化とんがりコーン重ねみたいな感じ？
textdetox@01907546324b0330d2d8b7669648cc18823323e5/ja/003224	ja	0	キレ芸とかブーメランとか、見たことないもん見たわw
textdetox@01907546324b0330d2d8b7669648cc18823323e5/ja/003225	ja	0	まじ日本人の感性でいろいろ準備しようよ   当初の新国立競技場もそうだったけど、大事な部分を日本人以外の感性で作ろうとするかなぁ
textdetox@01907546324b0330d2d8b7669648cc18823323e5/ja/003226	ja	0	細切れの具なんだろうね   温度も重要だよな   熱くてもぬるくてもイヤだよね
textdetox@01907546324b0330d2d8b7669648cc18823323e5/ja/003227	ja	0	記事のメインの目的をマイナンバー叩きにするかどうかでもめてたりしてなｗ
textdetox@01907546324b0330d2d8b7669648cc18823323e5/ja/003228	ja	0	（ ｀ハ´） 数年後はココをワタシの土地にするアル
textdetox@01907546324b0330d2d8b7669648cc18823323e5/ja/003229	ja	0	×人手不足   ○経営者の努力不足
textdetox@01907546324b0330d2d8b7669648cc18823323e5/ja/003230	ja	0	地方公務員など既に一割以上外国人だよ
textdetox@01907546324b0330d2d8b7669648cc18823323e5/ja/003231	ja	0	よく読もう   最近のアンケートは全て賛否自体は聞いてない   「今国会の成立」これに絞ってる   賛否で賛成多いという記事が出たあとそうなったｗ
textdetox@01907546324b0330d2d8b7669648cc18823323e5/ja/003232	ja	0	それな、都議選後にもっと危機感持って対策する様子がなかったよね   あれはがっかりした
textdetox@01907546324b0330d2d8b7669648cc18823323e5/ja/003233	ja	0	F-15J改の稼働率90%以上かつAAM-4、AAM-5等撃ち放しミサイルによる同時攻撃可能数6標的   vs 稼働率5割以下の露助製の劣化コピーで一応まだ優勢は取れてるんだがな。
textdetox@01907546324b0330d2d8b7669648cc18823323e5/ja/003234	ja	0	「心の友よ」とかどう訳されるんですかね
textdetox@01907546324b0330d2d8b7669648cc18823323e5/ja/003235	ja	0	そうなんだけど黙ってたらずけずけ調子に乗るからねぇ…
textdetox@01907546324b0330d2d8b7669648cc18823323e5/ja/003236	ja	0	あんまり流行ってこっちに飛び火しても嫌だから   収束するなら早く収束してほしい
textdetox@01907546324b0330d2d8b7669648cc18823323e5/ja/003237	ja	0	煮物を外で作るって時間掛からない？   って毎回思う
textdetox@01907546324b0330d2d8b7669648cc18823323e5/ja/003238	ja	0	俺も今日初めてです。そういう人多いみたいですよ。   快適です。
textdetox@01907546324b0330d2d8b7669648cc18823323e5/ja/003239	ja	0	何でイナゴの佃煮をソフトクリームに入れようと思ったか   400字詰め原稿用紙に書いてもらいたい。
textdetox@01907546324b0330d2d8b7669648cc18823323e5/ja/003240	ja	0	それはただの博学な人なのでは
textdetox@01907546324b0330d2d8b7669648cc18823323e5/ja/003241	ja	0	兵役庁「本国の政治に参加してくれてもええんやで(ニッコリ」
textdetox@01907546324b0330d2d8b7669648cc18823323e5/ja/003242	ja	0	信頼度は品質＋サービス＋話題性（CM頻度等含む）だから   一概には言えないかな。同じGMのキャデラックはずっと下だし。   （詳しくは知らんがシャシーの共通化とかやってるんじゃない？）
textdetox@01907546324b0330d2d8b7669648cc18823323e5/ja/003243	ja	0	そらもう「最高に楽しい」んじゃないの？   ご本人もそう言うてはるしｗ
textdetox@01907546324b0330d2d8b7669648cc18823323e5/ja/003244	ja	0	爆発ではないかもしれないから、爆発音としか報道出来ない。
textdetox@01907546324b0330d2d8b7669648cc18823323e5/ja/003245	ja	0	電力、ガス、水道、交通とかのインフラは無理でしょ   そうでない大手企業も、名前に傷が付けられる   恐れが大有りだから身辺調査はきっちりやるだろうし
textdetox@01907546324b0330d2d8b7669648cc18823323e5/ja/003246	ja	0	時間をかけて選別排除していくしかないですね。   既に昭博の乗っ取り完了宣言が出たくらいですから。
textdetox@01907546324b0330d2d8b7669648cc18823323e5/ja/003247	ja	0	40年前から安倍政権だった！？
textdetox@01907546324b0330d2d8b7669648cc18823323e5/ja/003248	ja	0	いまは初動を落ち着かせるために平穏を保ってるけど   選挙が始まったら一斉に言葉狩りがスタートすると予想
textdetox@01907546324b0330d2d8b7669648cc18823323e5/ja/003249	ja	0	黒の日傘ってなんかしっくりこないな。   やっぱ白でしょ。
textdetox@01907546324b0330d2d8b7669648cc18823323e5/ja/003250	ja	0	どちらもバグというより仕様のせいだからな。   かなり上の方がやられてる。
textdetox@01907546324b0330d2d8b7669648cc18823323e5/ja/003251	ja	0	遠すぎるが、そんな遠くにいる方をご近所様にまぜて   いいものだろうか。
textdetox@01907546324b0330d2d8b7669648cc18823323e5/ja/003252	ja	0	常識的に考えられない人達とはお近づきになりたくありませんなぁ
textdetox@01907546324b0330d2d8b7669648cc18823323e5/ja/003253	ja	0	利用してない人のも？   非会員でもアクセスしたIPの情報を蓄積するってこと？
textdetox@01907546324b0330d2d8b7669648cc18823323e5/ja/003254	ja	0	すっかり雲隠れしてたなお前   やっと出てきたか
textdetox@01907546324b0330d2d8b7669648cc18823323e5/ja/003255	ja	0	そうですね^^   スレ立てるといいね(適切なソースとともに
textdetox@01907546324b0330d2d8b7669648cc18823323e5/ja/003256	ja	0	あのときの騒ぎは、あれはあれで面白かったけどな。   自分も当事者だったけど。
textdetox@01907546324b0330d2d8b7669648cc18823323e5/ja/003257	ja	0	まあ、肯定的な生き残りこそ   アメリカがそういう人を選んで   式典に招いたんだろうとは思うが
textdetox@01907546324b0330d2d8b7669648cc18823323e5/ja/003258	ja	0	ボタンの開けすぎとの批判は想定済み。     意味がよく解らん。
textdetox@01907546324b0330d2d8b7669648cc18823323e5/ja/003259	ja	0	2800万だけどね     ソースは11/11
textdetox@01907546324b0330d2d8b7669648cc18823323e5/ja/003260	ja	0	ストライキ へその理由   に空目して悩んだ
textdetox@01907546324b0330d2d8b7669648cc18823323e5/ja/003261	ja	0	今日の夕食はそれだったよ   美味いんだよね
textdetox@01907546324b0330d2d8b7669648cc18823323e5/ja/003262	ja	0	ムスリムとイスラムの違いが全然分からん。
textdetox@01907546324b0330d2d8b7669648cc18823323e5/ja/003263	ja	0	日立HDDは高いけど信頼できる     SSDは未導入   どこのメーカーのがいいかなあ
textdetox@01907546324b0330d2d8b7669648cc18823323e5/ja/003264	ja	0	でもコンビニでプリペおいてあったりするんだよな   買ってる人見たこと無いけど
textdetox@01907546324b0330d2d8b7669648cc18823323e5/ja/003265	ja	0	これまでの事例を考えると、禁止されてても平気でやりそうな気がする
textdetox@01907546324b0330d2d8b7669648cc18823323e5/ja/003266	ja	0	写真を貧弱にする他ないが   来てくれる？
textdetox@01907546324b0330d2d8b7669648cc18823323e5/ja/003267	ja	0	ネットを見る程度ならLinuxのUbuntuなら拍子抜けするほど簡単だよ。
textdetox@01907546324b0330d2d8b7669648cc18823323e5/ja/003268	ja	0	20からの流れで翁長のズラの事かとオモタ
textdetox@01907546324b0330d2d8b7669648cc18823323e5/ja/003269	ja	0	個人や企業のポケットマネーでやるにはどうぞご自由にだけど   クールジャパン戦略として税金投入して企業を支えるのはおかしいよね
textdetox@01907546324b0330d2d8b7669648cc18823323e5/ja/003270	ja	0	日枝はカジノに賭けてるみたいだけどｗｗｗ     まぁ、実現はきびしいんじゃねｗ今の感じだと
textdetox@01907546324b0330d2d8b7669648cc18823323e5/ja/003271	ja	0	なんで嫌者の巣の話なのに   OPで消える消えないになるんだ？
textdetox@01907546324b0330d2d8b7669648cc18823323e5/ja/003272	ja	0	ジュンク堂ならデカイからまず見つからない本ってのは無いな   昔はよく利用してた   けど最近本当に本を読まなくなった
textdetox@01907546324b0330d2d8b7669648cc18823323e5/ja/003273	ja	0	スーツの袖のボタンを考案したの、ナポレオンなんだよね   袖で鼻を拭わないようにするために・・・ｗ
textdetox@01907546324b0330d2d8b7669648cc18823323e5/ja/003274	ja	0	さすがに、りchからこっちに引っ越してきたわ。お前ら宜しくな
textdetox@01907546324b0330d2d8b7669648cc18823323e5/ja/003275	ja	0	<｀Д´>     そっくりだなｗもう最近はあいつにしか見えないわｗｗｗ
textdetox@01907546324b0330d2d8b7669648cc18823323e5/ja/003276	ja	0	むせるｗｗｗ   パチモン( ＾∀＾)ｹﾞﾗｹﾞﾗ
textdetox@01907546324b0330d2d8b7669648cc18823323e5/ja/003277	ja	0	２ちゃんから来たよー。   いよいよ移住せにゃならんかのう。
textdetox@01907546324b0330d2d8b7669648cc18823323e5/ja/003278	ja	0	フェンスの金網に赤リボン   風船飛ばし   凧揚げ   レーザー照射←new!
textdetox@01907546324b0330d2d8b7669648cc18823323e5/ja/003279	ja	0	日本人が拘束された事実は変わらない
textdetox@01907546324b0330d2d8b7669648cc18823323e5/ja/003280	ja	0	今年出生数は95万人割るペースらしいなあ
textdetox@01907546324b0330d2d8b7669648cc18823323e5/ja/003281	ja	0	本能の結果の責任は自分で負おうよ、子供じゃないんだからさ
textdetox@01907546324b0330d2d8b7669648cc18823323e5/ja/003282	ja	0	メガドライブには内蔵のアンプをパスしてチップの足から直接音を抜く改造方法があるね
textdetox@01907546324b0330d2d8b7669648cc18823323e5/ja/003283	ja	0	そう言えばイノシシはどうなんだろうな？   生物学的にはどの類、種、科が駄目なんだろう？
textdetox@01907546324b0330d2d8b7669648cc18823323e5/ja/003284	ja	0	設備維持費は定額   収入金額よめれば設備更新対応し易い     従量制にしてもそんなに安くならないような
textdetox@01907546324b0330d2d8b7669648cc18823323e5/ja/003285	ja	0	私は祝日に大祓祝詞を奏上するほど天皇陛下を敬愛して居るのにおかしいなぁ・・・？
textdetox@01907546324b0330d2d8b7669648cc18823323e5/ja/003286	ja	0	最新の分類では、確か旧D2はD1bになってる。   要はより根本の分岐が見つかったとかの理由。   チベットのD1はD1aに、D3はD1cに。
textdetox@01907546324b0330d2d8b7669648cc18823323e5/ja/003287	ja	0	日本人の高校生という表記ではないのね。
textdetox@01907546324b0330d2d8b7669648cc18823323e5/ja/003288	ja	0	粉飾って発想はないと思うぜ   公表数字は都合よく作るもんだと普通に思ってるだろ
textdetox@01907546324b0330d2d8b7669648cc18823323e5/ja/003289	ja	0	一番の問題はそこに人が残ってるってことだわな   めんどくさいから残るって書き込みみるけど   あれも工作かもしれん
textdetox@01907546324b0330d2d8b7669648cc18823323e5/ja/003290	ja	0	それはそれは・・・負けるべくしてって感じか
textdetox@01907546324b0330d2d8b7669648cc18823323e5/ja/003291	ja	0	立件は出来ないんだよ、これ現行犯のみだから   故の社会的制裁の大きさだと認識してるけどね。仮にも世界トップクラスな訳だし
textdetox@01907546324b0330d2d8b7669648cc18823323e5/ja/003292	ja	0	JR束がインドネシアでやってるパッケージね。
textdetox@01907546324b0330d2d8b7669648cc18823323e5/ja/003293	ja	0	マジかよ、ここ行った事あるわw   ケンタッキーレイクってバスフィッシングの大きな大会が行われてる湖じゃん。     知り合いにメールしとこw
textdetox@01907546324b0330d2d8b7669648cc18823323e5/ja/003294	ja	0	動員されていったら、恐喝にあった？
textdetox@01907546324b0330d2d8b7669648cc18823323e5/ja/003295	ja	0	九条ナイフですね？わかりま…ちょ、何と言うタイムリーなIDw
textdetox@01907546324b0330d2d8b7669648cc18823323e5/ja/003296	ja	0	防衛大受かって、4年間過ごせるって優秀な人材だと思う。   そういう人材の交流を分断するようなのってどうかなとも思う。   官民癒着とか利益供与とかはマズイけど人材間のネットワークは宝だ。
textdetox@01907546324b0330d2d8b7669648cc18823323e5/ja/003297	ja	0	そういうことなのか   呟くアカウントを間違えたとか
textdetox@01907546324b0330d2d8b7669648cc18823323e5/ja/003298	ja	0	俺明日仕事だよ   どうせ寝れないから諦めた
textdetox@01907546324b0330d2d8b7669648cc18823323e5/ja/003299	ja	0	キーロガーを疑え   感染しているかもしれないぞ
textdetox@01907546324b0330d2d8b7669648cc18823323e5/ja/003300	ja	0	最近のアニメはかわいい女の子やイケメンがキャッキャうふふしているイメージしか思い浮かばない
textdetox@01907546324b0330d2d8b7669648cc18823323e5/ja/003301	ja	0	市況板の元の住人ってどこいったんだろうね・・・
textdetox@01907546324b0330d2d8b7669648cc18823323e5/ja/003302	ja	0	これだったら雨量の少ない砂漠で太陽光発電の方がいいな、   と思ったらすでにサハラ砂漠でやっているらしいな。     鳥取砂丘の時代キタ
textdetox@01907546324b0330d2d8b7669648cc18823323e5/ja/003303	ja	0	そうかしそうなると、なぜ民主党がTPP交渉参加を決めたのかが疑問だ
textdetox@01907546324b0330d2d8b7669648cc18823323e5/ja/003304	ja	0	また青空マンガ喫茶でもやるのかな？
textdetox@01907546324b0330d2d8b7669648cc18823323e5/ja/003305	ja	0	俺もメガテンでよく見かけ、それで覚えた口だw。   あれは、妖怪だとか神さんだとかの「図鑑」みたいなゲームだなw。
textdetox@01907546324b0330d2d8b7669648cc18823323e5/ja/003306	ja	0	せめて小学校から半径300m圏内のブロック塀は、全国的に点検すべきと思う。
textdetox@01907546324b0330d2d8b7669648cc18823323e5/ja/003307	ja	0	わたしゃ夏場はともかくガッタガタなんだけど、夕暮れから夜にかけて歩いてる方が調子はいいのは確かかなー。 微熱は殆ど変わらんが、感覚的にはだいぶマシなんだよね。
textdetox@01907546324b0330d2d8b7669648cc18823323e5/ja/003308	ja	0	下火にしちゃだめだろ。   全ての国会議員だけでなく、地方議員も、全部調査すべき。
textdetox@01907546324b0330d2d8b7669648cc18823323e5/ja/003309	ja	0	そんな本には需要が無いから｡｡｡
textdetox@01907546324b0330d2d8b7669648cc18823323e5/ja/003310	ja	0	普通に人民に支援されても、   「体制の安定」に寄与するので、よくはないのですよ。
textdetox@01907546324b0330d2d8b7669648cc18823323e5/ja/003311	ja	0	俺の自慢はラングリッサーの一面で普通なら逃げるところを   逆に敵を全滅させてしまったことさ。   ただ二面の展開は逃げた場合と変わらない。
textdetox@01907546324b0330d2d8b7669648cc18823323e5/ja/003312	ja	0	もう５チャン＝旧２チャンは終わったな
textdetox@01907546324b0330d2d8b7669648cc18823323e5/ja/003313	ja	0	これって侵略だよね。現代の戦争？
textdetox@01907546324b0330d2d8b7669648cc18823323e5/ja/003314	ja	0	政治は政争ではないぞ   そこんとこよろしくな
textdetox@01907546324b0330d2d8b7669648cc18823323e5/ja/003315	ja	0	こういうのも不良っていうのかねえ
textdetox@01907546324b0330d2d8b7669648cc18823323e5/ja/003316	ja	0	統計なんて抽出法によって変わるのは当たり前だとおもうが   怪しいと思う事もあるが確信に至るまでの理由が無いからなぁ
textdetox@01907546324b0330d2d8b7669648cc18823323e5/ja/003317	ja	0	うちもADSLだ   基地局が近いから何の不満もない
textdetox@01907546324b0330d2d8b7669648cc18823323e5/ja/003318	ja	0	拾い物。   弁護士PACU、7/9以降はどうなる？
textdetox@01907546324b0330d2d8b7669648cc18823323e5/ja/003319	ja	0	比例廃止か、それかのどちらかだよな。
textdetox@01907546324b0330d2d8b7669648cc18823323e5/ja/003320	ja	0	((.;.;)ω；)はい
textdetox@01907546324b0330d2d8b7669648cc18823323e5/ja/003321	ja	0	日本のサッカー協会って皇室が関係してなかったか？
textdetox@01907546324b0330d2d8b7669648cc18823323e5/ja/003322	ja	0	ここにきて、発展途上国を模しはじめようとするのはなぜなのか   若者に負担をかけるんじゃなく   老人が負担すれば解決できること多いと思うんだけど
textdetox@01907546324b0330d2d8b7669648cc18823323e5/ja/003323	ja	0	ソウルに落ちても同じ事言ったら認めてやる
textdetox@01907546324b0330d2d8b7669648cc18823323e5/ja/003324	ja	0	パスワード変更で別メアドに送れるようにしたのは、スマホ以外にパソコンを使う人に対する配慮みたいだそうだ   いやそれは
textdetox@01907546324b0330d2d8b7669648cc18823323e5/ja/003325	ja	0	じゃ、大阪市がヘイトスピーチしてると訴えられたら、誰がどういう処罰するんだよ
textdetox@01907546324b0330d2d8b7669648cc18823323e5/ja/003326	ja	0	人類が電波で通信を始めて100年、50光年以内に恒星は815個あるらしいのでその中には地球文明レベルの生き物は無いという事だね
textdetox@01907546324b0330d2d8b7669648cc18823323e5/ja/003327	ja	0	あれ？   慰安婦合意で、国連などの場で政府として言及するのは無しになったとかじゃなかった？
textdetox@01907546324b0330d2d8b7669648cc18823323e5/ja/003328	ja	0	低層にも木造、鉄骨造色々とある。   今回みたいに低層の間口の広いＲＣ建築で倒壊した建物あるの？
textdetox@01907546324b0330d2d8b7669648cc18823323e5/ja/003329	ja	0	>最近マスコミの誤報が多い   今はネットで情報の拡散・共有が容易になった分、その手の情報を知る機会が増えたからそう思うのかもしれない
textdetox@01907546324b0330d2d8b7669648cc18823323e5/ja/003330	ja	0	俺が感情論で弄ったからてすかねぇ…
textdetox@01907546324b0330d2d8b7669648cc18823323e5/ja/003331	ja	0	自分らもこの条例の対象に入ってる、とは露にも思わんだろうな
textdetox@01907546324b0330d2d8b7669648cc18823323e5/ja/003332	ja	0	あれ？   その他が急に減ったぞ!!
textdetox@01907546324b0330d2d8b7669648cc18823323e5/ja/003333	ja	0	いや他の市に引っ越す方が早いだろ。   扶養家族を抱えた者だけの市って税収少なそうだなw
textdetox@01907546324b0330d2d8b7669648cc18823323e5/ja/003334	ja	0	バーベキューではないけど芋煮会は楽しいよ。   マナー守って楽しもう！！
textdetox@01907546324b0330d2d8b7669648cc18823323e5/ja/003335	ja	0	「死んだ人間は救えないから、生きてる人間（犯人）を救う」とか言ったのがいたよな
textdetox@01907546324b0330d2d8b7669648cc18823323e5/ja/003336	ja	0	だいたいJimが捜査に協力するかどうか、CIAとかで鯖を差し押さえとかなら面白そうだけど(´･ω･｀)
textdetox@01907546324b0330d2d8b7669648cc18823323e5/ja/003337	ja	0	これマジにヤバない？そっち系だって自白やん
textdetox@01907546324b0330d2d8b7669648cc18823323e5/ja/003338	ja	0	モスはスプーンとトーストも欲しいよね   包み紙に残ったあれこれをスプーンですくってトーストへ
textdetox@01907546324b0330d2d8b7669648cc18823323e5/ja/003339	ja	0	足りない筋肉は、鍛えられる   足りない脳ミソは、鍛えられない
textdetox@01907546324b0330d2d8b7669648cc18823323e5/ja/003340	ja	0	一方日本では、為政者を「ハゲ」と言っても逮捕されない。
textdetox@01907546324b0330d2d8b7669648cc18823323e5/ja/003341	ja	0	ガン予防効果があるとはいわれてる   胃には悪いが
textdetox@01907546324b0330d2d8b7669648cc18823323e5/ja/003342	ja	0	蠱毒スレだからあれはあれでいいんやで
textdetox@01907546324b0330d2d8b7669648cc18823323e5/ja/003343	ja	0	日立の800Gのハードディスク、ぜんぜん壊れん   バッキャローの2T奴は、エラー出始めたんで、先月SSDに交換と相成ったら   バッキャローの方が後に買ったのに…   技術の日立ですなぁって
textdetox@01907546324b0330d2d8b7669648cc18823323e5/ja/003344	ja	0	こういうのって訂正記事だして謝罪したりするの？
textdetox@01907546324b0330d2d8b7669648cc18823323e5/ja/003345	ja	0	マジで！？あんなに強気だったのにw   無事を祈ろう
textdetox@01907546324b0330d2d8b7669648cc18823323e5/ja/003346	ja	0	ガス管のストーブで壁をふっ飛ばしたやつね。   イワタニ、今、あれの室内用作ってるんだよねー。   勇気あるなと思うけど、原理はカセットコンロと同じ、扱い次第か。
textdetox@01907546324b0330d2d8b7669648cc18823323e5/ja/003347	ja	0	来てみた   平和だねここは   昔の2chの雰囲気に近い
textdetox@01907546324b0330d2d8b7669648cc18823323e5/ja/003348	ja	0	今でも何かと日本のせいじゃんw
textdetox@01907546324b0330d2d8b7669648cc18823323e5/ja/003349	ja	0	こっちは基本的に嫌儲用語が嫌われてるからね   移住の経緯からして当たり前だが
textdetox@01907546324b0330d2d8b7669648cc18823323e5/ja/003350	ja	0	小西ダイブでだいぶやばい立場になったんじゃないの？ｗ
textdetox@01907546324b0330d2d8b7669648cc18823323e5/ja/003351	ja	0	最近、左よりの不正記事が表に出てくるようになったな   外部からの指摘ってやっぱりネットなのかな
textdetox@01907546324b0330d2d8b7669648cc18823323e5/ja/003352	ja	0	核融合より莫大なエネルギーを生み出す方法があるんだろうか
textdetox@01907546324b0330d2d8b7669648cc18823323e5/ja/003353	ja	0	一揆のFPS版   ネットで集団対戦ができるように
textdetox@01907546324b0330d2d8b7669648cc18823323e5/ja/003354	ja	0	大作先生の国会喚問が口を開けて待っている…。
textdetox@01907546324b0330d2d8b7669648cc18823323e5/ja/003355	ja	0	まだ何とか押さえ込める。押さえ込めさえすれば選挙区で百万票取れる人気の党首候補を見放すメリットはない   こういう算段なだけと思う
textdetox@01907546324b0330d2d8b7669648cc18823323e5/ja/003356	ja	0	（あっちょっと待て。国会は東京やんか。）
textdetox@01907546324b0330d2d8b7669648cc18823323e5/ja/003357	ja	0	ぱよの娘の友達はやっぱり同じぱよ仲間だと思うけどね・・・     いいね！が８９０人はすごいｗ
textdetox@01907546324b0330d2d8b7669648cc18823323e5/ja/003358	ja	0	魔物に興味はないがやっぱり＋は移住しか無いだろうなと思ってみてみたらやっぱりか
textdetox@01907546324b0330d2d8b7669648cc18823323e5/ja/003359	ja	0	いろいろバレてやばくなったから   無かったことにするんじゃないかと
textdetox@01907546324b0330d2d8b7669648cc18823323e5/ja/003360	ja	0	TVKってカナロコと東京新聞のCMがやたらに多い印象
textdetox@01907546324b0330d2d8b7669648cc18823323e5/ja/003361	ja	0	単発にマジレスもなんだが、立候補者数より多く当選するってことかい？
textdetox@01907546324b0330d2d8b7669648cc18823323e5/ja/003362	ja	0	確実な念書でもない限りはびた一文出す必要は無いわな
textdetox@01907546324b0330d2d8b7669648cc18823323e5/ja/003363	ja	0	酒のんで自転車運転するのが違法って事すら知らなかったんだね
textdetox@01907546324b0330d2d8b7669648cc18823323e5/ja/003364	ja	0	来月は10%増になりそうだけど、   それは記事にしないんだろうなw
textdetox@01907546324b0330d2d8b7669648cc18823323e5/ja/003365	ja	0	ガス管のストーブが爆発した爆発した前例もあるらしいからね
textdetox@01907546324b0330d2d8b7669648cc18823323e5/ja/003366	ja	0	面接で喫煙者かどうか申告するの？
textdetox@01907546324b0330d2d8b7669648cc18823323e5/ja/003367	ja	0	流石に三輪は違うんじゃね？   寂聴はそーだけどｗ
textdetox@01907546324b0330d2d8b7669648cc18823323e5/ja/003368	ja	0	ズズズ・・って、何かまた余震らしいの来よった   今のは震度１ぐらい？
textdetox@01907546324b0330d2d8b7669648cc18823323e5/ja/003369	ja	0	そのままだと梅子がそっぽ向いちゃうもんね
textdetox@01907546324b0330d2d8b7669648cc18823323e5/ja/003370	ja	0	チョンによる乗っ取り完了   10月末には過去ログ消却の可能性有り
textdetox@01907546324b0330d2d8b7669648cc18823323e5/ja/003371	ja	0	撮影禁止すべきだな、人身事故が起こる前に。
textdetox@01907546324b0330d2d8b7669648cc18823323e5/ja/003372	ja	0	最近みてなかったけどそんなことになってたのか   えげつないなあ
textdetox@01907546324b0330d2d8b7669648cc18823323e5/ja/003373	ja	0	停電からのエアコン停止は勘弁してつかぁさい…
textdetox@01907546324b0330d2d8b7669648cc18823323e5/ja/003374	ja	0	たぶん日本は湧き水が多かったので清水で調理できたのが大きいと思う   外国は煮沸消毒と茶等でごまかすしかないレベルだしね
textdetox@01907546324b0330d2d8b7669648cc18823323e5/ja/003375	ja	0	アカはヴァカの構成要素   自分で答かいてんじゃん
textdetox@01907546324b0330d2d8b7669648cc18823323e5/ja/003376	ja	0	ユニクロが海外展開の初期に大失敗した原因の一つがまさにそれと同じ   何で日本から来たのにメイドインジャパンじゃないんだ？ってことで客足が遠のいたらしい
textdetox@01907546324b0330d2d8b7669648cc18823323e5/ja/003377	ja	0	この感じだから無事でいれるのかもね
textdetox@01907546324b0330d2d8b7669648cc18823323e5/ja/003378	ja	0	百合ちゃんが都知事になってくれたからよかったものの、   これがマスダやトリなんかだったら…。
textdetox@01907546324b0330d2d8b7669648cc18823323e5/ja/003379	ja	0	週刊ポストが元記事か   一昨年の騒動を嫌儲民目線で、異様な速度で記事にしてたあのポストか
textdetox@01907546324b0330d2d8b7669648cc18823323e5/ja/003380	ja	0	DNA鑑定を義務付けりゃ男と同じで即再婚OKで良いのではないか…とも思ったが、産まれてからでは遅いって事もあるのかな？   残念な事ではあるが…
textdetox@01907546324b0330d2d8b7669648cc18823323e5/ja/003381	ja	0	サングラスしてるから本人かどうかわからないよね
textdetox@01907546324b0330d2d8b7669648cc18823323e5/ja/003382	ja	0	同感だ。   志位に「めんどうみたよ。こんどはアンタの番だ」ってネ
textdetox@01907546324b0330d2d8b7669648cc18823323e5/ja/003383	ja	0	リメイクというか「ザ・ブラックオニキス・オンライン」   があったらと思うと胸がときめくな
textdetox@01907546324b0330d2d8b7669648cc18823323e5/ja/003384	ja	0	新潟って北陸じゃないのか、東北？
textdetox@01907546324b0330d2d8b7669648cc18823323e5/ja/003385	ja	0	でも誰一人としてブレークしないよね
textdetox@01907546324b0330d2d8b7669648cc18823323e5/ja/003386	ja	0	ゲームとか別れてるから個人的には見やすい
textdetox@01907546324b0330d2d8b7669648cc18823323e5/ja/003387	ja	0	そういえば、旧の管理人ってjimだよな？
textdetox@01907546324b0330d2d8b7669648cc18823323e5/ja/003388	ja	0	しらないよ   旧２ちゃんねるでそう呼ばれ続けたので仕方なく呼ばれるまんまに対話してただけだ
textdetox@01907546324b0330d2d8b7669648cc18823323e5/ja/003389	ja	0	もう戦時であることを認識した方がいいよ
textdetox@01907546324b0330d2d8b7669648cc18823323e5/ja/003390	ja	0	なんか病院のエアコンフィルターからMERSウイルスが検出されたことからエアコンでウイルスがばら撒かれた可能性があるらしい
textdetox@01907546324b0330d2d8b7669648cc18823323e5/ja/003391	ja	0	多少なりとも２chの看板があったから専門板にはいたが   その看板すら降ろすならここや他の掲示板に行くわ
textdetox@01907546324b0330d2d8b7669648cc18823323e5/ja/003392	ja	0	家の周りの水田は板で水量を調整してるので、   水田にバルブを設置するという発想がなかった
textdetox@01907546324b0330d2d8b7669648cc18823323e5/ja/003393	ja	0	したらばの避難所にも嫌儲が来てたんじゃないの   昨日か一昨日辺りから、避難所に行けなくなってたし
textdetox@01907546324b0330d2d8b7669648cc18823323e5/ja/003394	ja	0	ゲロッテ、チョフトバンク、サムﾁｮﾝ、チョラクシー（）、チョレイコップ（）などなどまだまだあるよ！     あ、アイリスチョー山も！ｗｗｗ
textdetox@01907546324b0330d2d8b7669648cc18823323e5/ja/003395	ja	0	自己顕示欲強いしな   その割り最近大人しいからここぞとばかりにw
textdetox@01907546324b0330d2d8b7669648cc18823323e5/ja/003396	ja	0	デビルワールド、マジおもろかった。     協力プレイの集大成だね(・ω・)ノ
textdetox@01907546324b0330d2d8b7669648cc18823323e5/ja/003397	ja	0	現場の作業は孫請けで日雇いとかじゃないの？知らんけどw
textdetox@01907546324b0330d2d8b7669648cc18823323e5/ja/003398	ja	0	副校長の会見動画はまだないのかな
textdetox@01907546324b0330d2d8b7669648cc18823323e5/ja/003399	ja	0	いらっしゃい   おーぷん東亜はもうスレが立たなくなってるからこっちでどうぞ
textdetox@01907546324b0330d2d8b7669648cc18823323e5/ja/003400	ja	0	ここでギャラクチョンの出番なのか   恐ろしい…
textdetox@01907546324b0330d2d8b7669648cc18823323e5/ja/003401	ja	0	そんな在庫してたっけ？   全銘柄合わせるとできる？   どー見ても不審。
textdetox@01907546324b0330d2d8b7669648cc18823323e5/ja/003402	ja	0	本庄ってことは神保原駅の近くかな   そこだけ行ったことあるわ
textdetox@01907546324b0330d2d8b7669648cc18823323e5/ja/003403	ja	0	ぺヤングの持ち上げ方が気味が悪かった   何かの団体が動いたよね？
textdetox@01907546324b0330d2d8b7669648cc18823323e5/ja/003404	ja	0	これを真っ先に思い出した・・・   ※画像には一部モザイクをかけております。
textdetox@01907546324b0330d2d8b7669648cc18823323e5/ja/003405	ja	0	コミュニケーションツールというのは相手があって成り立つもの   自分では見られてもかまわなくとも、相手がそうだとは限らんよ   たとえばアドレス帳流が出すれば相手も被害こうむるわけで   自分だけならだいじょうぶとはならんだろう
textdetox@01907546324b0330d2d8b7669648cc18823323e5/ja/003406	ja	0	プラントの健全な運転を維持する為という意味では、復水器の塩分濃度上昇を警戒することは大事だけどね
textdetox@01907546324b0330d2d8b7669648cc18823323e5/ja/003407	ja	0	ニコニコ、虎ノ門がどうかで逆に消された手口がわかりそうな
textdetox@01907546324b0330d2d8b7669648cc18823323e5/ja/003408	ja	0	難民とは別の理由で退去を求められてたんだろ？   結果的に後に住むのが難民になるだけの話で。
textdetox@01907546324b0330d2d8b7669648cc18823323e5/ja/003409	ja	0	なんかねえ？ちょっとあれしかそれ関連の書き込みがなくてな   反応も誰もしてないんでどういうことか詳しいことがさっぱりわからんかった
textdetox@01907546324b0330d2d8b7669648cc18823323e5/ja/003410	ja	0	ん、23これちょっとひよってる？   昨日より電波濃度減ってる
textdetox@01907546324b0330d2d8b7669648cc18823323e5/ja/003411	ja	0	これがほんとだとしたらこの二人って相当凄いんじゃない？かなり頭いいよね。
textdetox@01907546324b0330d2d8b7669648cc18823323e5/ja/003412	ja	0	ボロボロなのに支持率が下がりません！>_<
textdetox@01907546324b0330d2d8b7669648cc18823323e5/ja/003413	ja	0	こうやって目くらましをして、絶対に自分達の利権見直しには着手させない。
textdetox@01907546324b0330d2d8b7669648cc18823323e5/ja/003414	ja	0	スマホやタブレットのCPUってどこが作ってんだろ？
textdetox@01907546324b0330d2d8b7669648cc18823323e5/ja/003415	ja	0	ほんとだ、ニュース見たら確かに出頭って書いてあったよ、     でも問題点はそこじゃないｗ
textdetox@01907546324b0330d2d8b7669648cc18823323e5/ja/003416	ja	0	母と姉はよくうちの体重計がおかしいと嘆いている   基準が曖昧なせいだなきっと
textdetox@01907546324b0330d2d8b7669648cc18823323e5/ja/003417	ja	0	言論の自由というもののありがたみが解る戦いになりそうだねw。
textdetox@01907546324b0330d2d8b7669648cc18823323e5/ja/003418	ja	0	はっきり言うと昨日は賛否の賛がこの世に存在してないような勢いの構成ｗ
textdetox@01907546324b0330d2d8b7669648cc18823323e5/ja/003419	ja	0	そう言う奴はごくわずかだし、今どき軍事に絡まない理系の研究ってあるのかよ。
textdetox@01907546324b0330d2d8b7669648cc18823323e5/ja/003420	ja	0	すがすがしい朝。     気分は日本晴れ(^○^)だね。誰か1000ゲット決めてね。
textdetox@01907546324b0330d2d8b7669648cc18823323e5/ja/003421	ja	0	ですよねー   おやつがわりに野菜をたべるのがほんとうは一番なんでしょうけど
textdetox@01907546324b0330d2d8b7669648cc18823323e5/ja/003422	ja	0	株式市場の顛末を見たら誰も信用しないと思う。
textdetox@01907546324b0330d2d8b7669648cc18823323e5/ja/003423	ja	0	本丸はNHKだな   相当手強いけど何とかなる！
textdetox@01907546324b0330d2d8b7669648cc18823323e5/ja/003424	ja	0	まだ3人なの？   交通事故よりペース遅いじゃん   普通に終息しちゃうのかな
textdetox@01907546324b0330d2d8b7669648cc18823323e5/ja/003425	ja	0	人が増えれば自然と細分化して住み分けするのと違うか？
textdetox@01907546324b0330d2d8b7669648cc18823323e5/ja/003426	ja	0	ニュース系ある程度まとめてレスに勢いがつけば可能性はあると思う
textdetox@01907546324b0330d2d8b7669648cc18823323e5/ja/003427	ja	0	今回は告発委任状のコピーが付録で付いているらしいです   それを集めて行動に移すそうですね
textdetox@01907546324b0330d2d8b7669648cc18823323e5/ja/003428	ja	0	寝てんじゃねえよ！   と思ったらIDか
textdetox@01907546324b0330d2d8b7669648cc18823323e5/ja/003429	ja	0	何より日本は二重国籍を認めていないので、クリミアに籍を置いた時点で   自動的に日本人ではなくなる。
textdetox@01907546324b0330d2d8b7669648cc18823323e5/ja/003430	ja	0	日本もがんばっている。たとえば恵方巻きが季節毎に増えたりしている。
textdetox@01907546324b0330d2d8b7669648cc18823323e5/ja/003431	ja	0	それってつまり、「大金かかるなら助けなくていいです」ってことだろ。
textdetox@01907546324b0330d2d8b7669648cc18823323e5/ja/003432	ja	0	彼らの言うところの「戦犯企業」になるはずなのにね。
textdetox@01907546324b0330d2d8b7669648cc18823323e5/ja/003433	ja	0	扇で応援する みたいなイメージらしいよ   応援団とかからなのかね
textdetox@01907546324b0330d2d8b7669648cc18823323e5/ja/003434	ja	0	有感地震じゃなくても、地鳴りは結構続くから、トラウマにならないようにな。
textdetox@01907546324b0330d2d8b7669648cc18823323e5/ja/003435	ja	0	半島で大会開く決定をしている時点でお察し
textdetox@01907546324b0330d2d8b7669648cc18823323e5/ja/003436	ja	0	最近自転車使わずにちょっと離れたスーパーでも歩いて行ってるな   おかげで汗疹出来たけど
textdetox@01907546324b0330d2d8b7669648cc18823323e5/ja/003437	ja	0	上町断層は本気を出していないな   まだ本震が残っていると思って   用心してくれ関西圏   特に京都は古い建物は多いから要注意
textdetox@01907546324b0330d2d8b7669648cc18823323e5/ja/003438	ja	0	ケロヨンとかケロタンとかなかった？はて
textdetox@01907546324b0330d2d8b7669648cc18823323e5/ja/003439	ja	0	スマホ厨ざまあ   いい教訓だなｗｗ
textdetox@01907546324b0330d2d8b7669648cc18823323e5/ja/003440	ja	0	ワイの開発したセンサも   戦略物資に指定されてて草
textdetox@01907546324b0330d2d8b7669648cc18823323e5/ja/003441	ja	0	外国人でもその地域に住んでりゃ「市民」を名乗れるからな。
textdetox@01907546324b0330d2d8b7669648cc18823323e5/ja/003442	ja	0	いや、嫡出推定の規定の整合性を取るために100日にしたんだろ。   適当な日数ではダメだ。
textdetox@01907546324b0330d2d8b7669648cc18823323e5/ja/003443	ja	0	生まれたときから日本人なら関係ないけど？
textdetox@01907546324b0330d2d8b7669648cc18823323e5/ja/003444	ja	0	おｋ要望出した     ついでに防衛省にも出した
textdetox@01907546324b0330d2d8b7669648cc18823323e5/ja/003445	ja	0	んだんだ   知人は事実婚だわ   一度は結婚したけど、離婚してる   でも結婚生活は続けてる
textdetox@01907546324b0330d2d8b7669648cc18823323e5/ja/003446	ja	0	スパイの暗躍に本気で警鐘を促しているなら問題ないけど、   リークの仕方やタイミング、取材源が一方からのたれ込みだった場合は   変なのもいるから要注意だけどね。
textdetox@01907546324b0330d2d8b7669648cc18823323e5/ja/003447	ja	0	台本に決まってるじゃないか   ハシゲはまだ終わってない！って
textdetox@01907546324b0330d2d8b7669648cc18823323e5/ja/003448	ja	0	むしろ知識階層が米国の外交姿勢が諸外国からどのように見られているか   研究するために視聴とかシュールな展開にならないとも限らない。
textdetox@01907546324b0330d2d8b7669648cc18823323e5/ja/003449	ja	0	受験シーズンになればそそくさと募集要項を表示します
textdetox@01907546324b0330d2d8b7669648cc18823323e5/ja/003450	ja	0	ロシアのスパイの体験談の本とか出てたけどあんなのほんの一部なんだろうね。
textdetox@01907546324b0330d2d8b7669648cc18823323e5/ja/003451	ja	0	おんｊも似たような感じだけどな
textdetox@01907546324b0330d2d8b7669648cc18823323e5/ja/003452	ja	0	>米軍が駐留している間は問題ない     そうでもない   リバランシングが必要な段階に入った
textdetox@01907546324b0330d2d8b7669648cc18823323e5/ja/003453	ja	0	実写化でよかったのはのだめカンタービレくらいしか覚えてない   あれも漫画のほうを見てないけど   ファンタジー系なんかの非現実的描写ある作品の実写化は地雷率高いだろー
textdetox@01907546324b0330d2d8b7669648cc18823323e5/ja/003454	ja	0	スレ読んだら何か書くルールが有るとでも？
textdetox@01907546324b0330d2d8b7669648cc18823323e5/ja/003455	ja	0	ただの賢い版のガッツさんやないか
textdetox@01907546324b0330d2d8b7669648cc18823323e5/ja/003456	ja	0	汚い単語がアク禁されるかどうかは板住人の役に立ってるか立ってないかで分かるが、   ID:en3にはその区別が難しいんだろうな
textdetox@01907546324b0330d2d8b7669648cc18823323e5/ja/003457	ja	0	だって、根無し草だもん   しょ～～～が ね～～～よ
textdetox@01907546324b0330d2d8b7669648cc18823323e5/ja/003458	ja	0	どっちも見るしどっちも書くし   結局どんなふうにしたってポイント押さえてしっかり書けばどっちもどっちで
textdetox@01907546324b0330d2d8b7669648cc18823323e5/ja/003459	ja	0	書き込む度に日の丸踏ませるシステムにしたら移住増えそうやな
textdetox@01907546324b0330d2d8b7669648cc18823323e5/ja/003460	ja	0	過去に遡って開発をやめさせられれば一番なんだけどね   それはできないからね   税金以外にこれだけ巨額の金が出るところがあればいいが   とにかく金をかけ続けないとダメだから、よく考えて行かないと
textdetox@01907546324b0330d2d8b7669648cc18823323e5/ja/003461	ja	0	クーリングオフ間に合って良かったな   というか、よく契約してることに気がついたね
textdetox@01907546324b0330d2d8b7669648cc18823323e5/ja/003462	ja	0	てかね、これ実際にそういう意思表示よね
textdetox@01907546324b0330d2d8b7669648cc18823323e5/ja/003463	ja	0	損失＝熱だから距離じゃ判断できないぞ
textdetox@01907546324b0330d2d8b7669648cc18823323e5/ja/003464	ja	0	ツイッターで反対派が賛成議員の落選運動やってた   はーーーー
textdetox@01907546324b0330d2d8b7669648cc18823323e5/ja/003465	ja	0	億ウォンと同じじゃないか     ホントに極右と極左って似てるよな
textdetox@01907546324b0330d2d8b7669648cc18823323e5/ja/003466	ja	0	え、俺不器用だからそんなのできないよ？
textdetox@01907546324b0330d2d8b7669648cc18823323e5/ja/003467	ja	0	美味いよねー   熱々のハフハフしながら食べるの好きだ－
textdetox@01907546324b0330d2d8b7669648cc18823323e5/ja/003468	ja	0	訳     「勝つためならなにやってもいい。   勝っちまえば、どんな外道も正当化出来る」
textdetox@01907546324b0330d2d8b7669648cc18823323e5/ja/003469	ja	0	2ch mateで見て来た。   <丶｀∀´> ←本当にこれ消えてたわ。     なんと露骨な。
textdetox@01907546324b0330d2d8b7669648cc18823323e5/ja/003470	ja	0	バンゲリングベイをフルリメイクすると、   すげ～話になりそうだな。     「いずも」がモデルになりそう(・ω・)ノ
textdetox@01907546324b0330d2d8b7669648cc18823323e5/ja/003471	ja	0	ほんと、「小馬鹿にした笑い」の見本で百科事典に使えそうな写真だよな
textdetox@01907546324b0330d2d8b7669648cc18823323e5/ja/003472	ja	0	まて、胸の大きさと年収に相関関係があるのかもしれん
textdetox@01907546324b0330d2d8b7669648cc18823323e5/ja/003473	ja	0	そうだよ。俺も今日こっちにきた。
textdetox@01907546324b0330d2d8b7669648cc18823323e5/ja/003474	ja	0	なんか、おーぷんにまで続々変なの入って来てない？
textdetox@01907546324b0330d2d8b7669648cc18823323e5/ja/003475	ja	0	保守陣営が攻め込んでますが、どこもかしこも大戦ですね
textdetox@01907546324b0330d2d8b7669648cc18823323e5/ja/003476	ja	0	記事に出てる演説にコメントしてるのは式典に招いてる人間ではないぞ？
textdetox@01907546324b0330d2d8b7669648cc18823323e5/ja/003477	ja	0	じゃあ、ウェブを使った新しいジャーナリズムの実践者として知られるジャーナリストでメディア・アクティビストの津田大介は、自著を無断で海賊版サイトに貼られてタダで読めるようにされても文句は言わないと？
textdetox@01907546324b0330d2d8b7669648cc18823323e5/ja/003478	ja	0	訓示とかが任官する人向けの内容で拒否側がいたたまれないだろ……
textdetox@01907546324b0330d2d8b7669648cc18823323e5/ja/003479	ja	0	ちょび髭のA「国営なら軍需工場だな」
textdetox@01907546324b0330d2d8b7669648cc18823323e5/ja/003480	ja	0	予想通りの反応してくれてありがとうございます。
textdetox@01907546324b0330d2d8b7669648cc18823323e5/ja/003481	ja	0	法制化っつー重大案件を   価値観の違い、で片付けられたら話にならんのだが
textdetox@01907546324b0330d2d8b7669648cc18823323e5/ja/003482	ja	0	まあ世論ってのは常にわかりやすい形を求めるものだが、   希望的観測を抱かせて放置するのだけは無しにして欲しいわ
textdetox@01907546324b0330d2d8b7669648cc18823323e5/ja/003483	ja	0	前にも同じ原因で2人辞めたけど   言った言わないの水掛け論になると思うから無理だと思う   さて出よう
textdetox@01907546324b0330d2d8b7669648cc18823323e5/ja/003484	ja	0	学内の反対派の集会の参加者は１３０名とか言ってたぞｗ
textdetox@01907546324b0330d2d8b7669648cc18823323e5/ja/003485	ja	0	たまるかな、ﾄﾞｷﾄﾞｷするよね   駅前行って香川のうどん食べちゃったよ
textdetox@01907546324b0330d2d8b7669648cc18823323e5/ja/003486	ja	0	大統領の近くの席だった人たち事前に身元調べてたらしいしな
textdetox@01907546324b0330d2d8b7669648cc18823323e5/ja/003487	ja	0	おんJ、VIP、ブラゲがおーぷん3強
textdetox@01907546324b0330d2d8b7669648cc18823323e5/ja/003488	ja	0	壁が安全だと思って近くに寄っていたならやりきれんな
textdetox@01907546324b0330d2d8b7669648cc18823323e5/ja/003489	ja	0	水に触れると分裂してもおかしくはないな(´・ω・｀)
textdetox@01907546324b0330d2d8b7669648cc18823323e5/ja/003490	ja	0	うちの近所はモスの接客が最低だな     マクドナルドもロッテリアも客が少ないから、モス店員が一番横柄になっている
textdetox@01907546324b0330d2d8b7669648cc18823323e5/ja/003491	ja	0	それ   協会に反抗的な監督は必ずこういう話題が出る   オシムもそうだった
textdetox@01907546324b0330d2d8b7669648cc18823323e5/ja/003492	ja	0	よくわかんない   ブロックしたということかね
textdetox@01907546324b0330d2d8b7669648cc18823323e5/ja/003493	ja	0	今日はバイトくんが総出動か？w
textdetox@01907546324b0330d2d8b7669648cc18823323e5/ja/003494	ja	0	通名とペンネームの違いくらい理解しようか？     ワンパターンだよ？
textdetox@01907546324b0330d2d8b7669648cc18823323e5/ja/003495	ja	0	よかったね！   これでまた押し神が増える
textdetox@01907546324b0330d2d8b7669648cc18823323e5/ja/003496	ja	0	昔ハワイで食った白米のまずさに驚いたことがある。   なんというか、味も香りも全く無くて、消臭剤と一緒に炊いたのか？   ってレベルだったな。
textdetox@01907546324b0330d2d8b7669648cc18823323e5/ja/003497	ja	0	募集工に対する第3国仲裁委手続き設置に対する返答期限
textdetox@01907546324b0330d2d8b7669648cc18823323e5/ja/003498	ja	0	ですよね。     これでニコニコや虎ノ門関連にも来たら真っ黒ですな。
textdetox@01907546324b0330d2d8b7669648cc18823323e5/ja/003499	ja	0	その沖縄の利益というのは、具体的に何ですか
textdetox@01907546324b0330d2d8b7669648cc18823323e5/ja/003500	ja	0	女というのは実に海外経験豊富だな
textdetox@01907546324b0330d2d8b7669648cc18823323e5/ja/003501	ja	0	はいはいお金に色はついてませんからね
textdetox@01907546324b0330d2d8b7669648cc18823323e5/ja/003502	ja	0	おはようございます。今やっと「こっぷら」の意味が分かりました(・ω・)ノ
textdetox@01907546324b0330d2d8b7669648cc18823323e5/ja/003503	ja	0	「スレを盛り上げるために」って供述してるから、むしろ韓国の記事を注目させようとしてたみたいなんだが
textdetox@01907546324b0330d2d8b7669648cc18823323e5/ja/003504	ja	0	エジプトってナイル川あるし、ダムも多いだろうに、それで足りないなら、他の地区は推して知るべしかな
textdetox@01907546324b0330d2d8b7669648cc18823323e5/ja/003505	ja	0	わお！ それで爆発音になっちゃったのか！   実家で配電盤の中で、ドブネズミが感電死してた事あるのよ。(当時飼ってたハスキーが、ふんふんふんふんかぎまわって落ち着かないので調べてビックリ)   危ないんだねえー。
textdetox@01907546324b0330d2d8b7669648cc18823323e5/ja/003506	ja	0	原料費に輸送コストもあるんですが。   まあそれらひっくるめてアメリカ国内に産業戻ってくるのか知らんけどさ。
textdetox@01907546324b0330d2d8b7669648cc18823323e5/ja/003507	ja	0	影響がないのに告訴するぞと震え声
textdetox@01907546324b0330d2d8b7669648cc18823323e5/ja/003508	ja	0	＞どうしたら３日でこんな   至高の焼き鳥を大行列焼きまくりだったとか
textdetox@01907546324b0330d2d8b7669648cc18823323e5/ja/003509	ja	0	撮影したり覗いたりはＮＧですが、スカートの中を想像して観察するのはＯＫです
textdetox@01907546324b0330d2d8b7669648cc18823323e5/ja/003510	ja	0	やっと本気だすの？   50年遅いんだけど。
textdetox@01907546324b0330d2d8b7669648cc18823323e5/ja/003511	ja	0	３０字って意外と短いな。 気をつけよう。
textdetox@01907546324b0330d2d8b7669648cc18823323e5/ja/003512	ja	0	問責って、何に対する誰の責任を問うたの？
textdetox@01907546324b0330d2d8b7669648cc18823323e5/ja/003513	ja	0	空爆した時点で米中開戦してしまうがなｗ
textdetox@01907546324b0330d2d8b7669648cc18823323e5/ja/003514	ja	0	はっきり禁止にした結果、訴訟を起こされて   そして憲法違反と判決されたら強制的に廃止させられる   そのことを恐れているんじゃないかと思う。
textdetox@01907546324b0330d2d8b7669648cc18823323e5/ja/003515	ja	0	毒にならない物は薬にもならないからな
textdetox@01907546324b0330d2d8b7669648cc18823323e5/ja/003516	ja	0	ちょうどエンブレムで揉めてる最中で、   その関係だったかな。
textdetox@01907546324b0330d2d8b7669648cc18823323e5/ja/003517	ja	0	据え置き値には目が白黒したわ   懐かしいなぁ
textdetox@01907546324b0330d2d8b7669648cc18823323e5/ja/003518	ja	0	基本的価値観が異なる人とは深い付き合いはできないよな   比較的距離が近いので、表面上仕方なく
textdetox@01907546324b0330d2d8b7669648cc18823323e5/ja/003519	ja	0	マスコミだけを見ていたら日本も同じだよ
textdetox@01907546324b0330d2d8b7669648cc18823323e5/ja/003520	ja	0	あのね…   建物にはそれぞれ高さ、形状によって固有周期がある   低層の建物なんて地盤が劣悪でない限り適当に設計してもそんな簡単に倒壊しないよー
textdetox@01907546324b0330d2d8b7669648cc18823323e5/ja/003521	ja	0	こういうのって内部告発なんだろうな。   愛知でも一応観察がちゃんと機能するんで公表かな。
textdetox@01907546324b0330d2d8b7669648cc18823323e5/ja/003522	ja	0	どこのデータだよ。   ちょっと見せろよ。
textdetox@01907546324b0330d2d8b7669648cc18823323e5/ja/003523	ja	0	↑もっと評価されても良いと思うw
textdetox@01907546324b0330d2d8b7669648cc18823323e5/ja/003524	ja	0	スマホ板だよ   昔の話だけどね
textdetox@01907546324b0330d2d8b7669648cc18823323e5/ja/003525	ja	0	なんとかバリューでやらかしたのに消費者なに考えてるの
textdetox@01907546324b0330d2d8b7669648cc18823323e5/ja/003526	ja	0	テレビ見てると絶望的になるが、   ニコ動のコメやここみてると少し希望がわいてくるよ
textdetox@01907546324b0330d2d8b7669648cc18823323e5/ja/003527	ja	0	そえは関節じゃないｗｗ   輸入してなお安く作ろうってなればしゃーないべ。   高くしても結果は同じだと思うけど。
textdetox@01907546324b0330d2d8b7669648cc18823323e5/ja/003528	ja	0	滞在費って言ってるし、旅行するだけなんじゃないのか？
textdetox@01907546324b0330d2d8b7669648cc18823323e5/ja/003529	ja	0	解釈を拡大するよりは憲法を変えるべきだよな   現実に対応できない憲法を経典のように大事にするのは危険すぎる
textdetox@01907546324b0330d2d8b7669648cc18823323e5/ja/003530	ja	0	あの会見は神妙でしんどそうな顔にしか見えなかったけど   ニヤリとしたってどういう感性してるんだ…。
textdetox@01907546324b0330d2d8b7669648cc18823323e5/ja/003531	ja	0	コンビニで雑誌売ってるからな   あれで小さい本屋の売り上げ殆ど奪ってる
textdetox@01907546324b0330d2d8b7669648cc18823323e5/ja/003532	ja	0	「このF-35は、私が今まで見た中で最もクリーンで、非常に良く組み立てられた航空機の1つです」     乗ってみてわかるんだね
textdetox@01907546324b0330d2d8b7669648cc18823323e5/ja/003533	ja	0	いやそれは知らんけど、昨日の新聞では出るように書いてあった
textdetox@01907546324b0330d2d8b7669648cc18823323e5/ja/003534	ja	0	うん、まだ子猫だから危ないしなー   舐めないように気をつけてるｗ
textdetox@01907546324b0330d2d8b7669648cc18823323e5/ja/003535	ja	0	最初に見つけたのは海外IPからのクレジットカードチャージだったんだって
textdetox@01907546324b0330d2d8b7669648cc18823323e5/ja/003536	ja	0	無限の住人も忘れないで下さい     ポスターしか見てないけど
textdetox@01907546324b0330d2d8b7669648cc18823323e5/ja/003537	ja	0	懐かしい～(´；ω；`)   AMラジオでよくCM流れてたな～
textdetox@01907546324b0330d2d8b7669648cc18823323e5/ja/003538	ja	0	> 世銀など既存機関が築き上げてきた基準を採用すれば、     これ前から言ってるじゃん
textdetox@01907546324b0330d2d8b7669648cc18823323e5/ja/003539	ja	0	この娘にどこに問題があるのか、よくわからん
textdetox@01907546324b0330d2d8b7669648cc18823323e5/ja/003540	ja	0	鳩山だいじょうぶなの？   マジで心配になってきた
textdetox@01907546324b0330d2d8b7669648cc18823323e5/ja/003541	ja	0	と言うことは、嵐でひっりかえるのか？
textdetox@01907546324b0330d2d8b7669648cc18823323e5/ja/003542	ja	0	鼻に日本酒入ったじゃねーか(・ω・)ノ
textdetox@01907546324b0330d2d8b7669648cc18823323e5/ja/003543	ja	0	差別してない国はどこなの？
textdetox@01907546324b0330d2d8b7669648cc18823323e5/ja/003544	ja	0	内縁の朴がやってたんだっけ？
textdetox@01907546324b0330d2d8b7669648cc18823323e5/ja/003545	ja	0	マイナンバーは国籍を問わず、日本に住民登録のある全ての人に出ます。
textdetox@01907546324b0330d2d8b7669648cc18823323e5/ja/003546	ja	0	結局、舛添の使い込みは調査されないのかなあ
textdetox@01907546324b0330d2d8b7669648cc18823323e5/ja/003547	ja	0	ホームページのメンテナンスより   学校のメンテナンスに時間がかかりそう
textdetox@01907546324b0330d2d8b7669648cc18823323e5/ja/003548	ja	0	外野から見ていても(今までから比べると)下準備十分なのだろうと思うのですが、あまりに大型の案件ばかりでくらくらする
textdetox@01907546324b0330d2d8b7669648cc18823323e5/ja/003549	ja	0	手打ちに失敗したのを「名物です」とハッタリかまして   振る舞ってるように見えなくもないw
textdetox@01907546324b0330d2d8b7669648cc18823323e5/ja/003550	ja	0	同意、自分が成長してしまったからかなぁ、と思ったりもするが…
textdetox@01907546324b0330d2d8b7669648cc18823323e5/ja/003551	ja	0	消費税率10％時の低減税率による利権を得るのが大事だから
textdetox@01907546324b0330d2d8b7669648cc18823323e5/ja/003552	ja	0	自作デスクトップ派が多いのね、ここ。
textdetox@01907546324b0330d2d8b7669648cc18823323e5/ja/003553	ja	0	震源が本震より北にズレてるのが不気味   これが最大余震だといいけど
textdetox@01907546324b0330d2d8b7669648cc18823323e5/ja/003554	ja	0	仲間の存在も匂わせていたよね。   単独犯ではない可能性も高い。
textdetox@01907546324b0330d2d8b7669648cc18823323e5/ja/003555	ja	0	スマホで一度機内モードにして新しいIP取得し   その後が書き込み終わったら再度機内モード選択して新しいIP取得すればいいと思う   基本的にIP変わったら向こうは追えないから
textdetox@01907546324b0330d2d8b7669648cc18823323e5/ja/003556	ja	0	全部禁煙にすりゃそれで客足が落ちる心配も無いな。   世界標準とやらに合わせたいんだろ。   これでも現状日本は喫煙者に寛容な方。
textdetox@01907546324b0330d2d8b7669648cc18823323e5/ja/003557	ja	0	今はまだしも、今後、少子化で国力が落ちてきた時に、どうしようもならない事態になりそうな予感が。
textdetox@01907546324b0330d2d8b7669648cc18823323e5/ja/003558	ja	0	ウチも一時キリスト教(亜種かもしれん)の人達がしょっちゅう来てたが来なくなった。
textdetox@01907546324b0330d2d8b7669648cc18823323e5/ja/003559	ja	0	昔、アメリカで   泥棒がプール付きの大邸宅に侵入して   プールに落ち込んで死亡した後に   遺族が「プールの管理責任に落ち度があった」と裁判に訴えたことがありました。
textdetox@01907546324b0330d2d8b7669648cc18823323e5/ja/003560	ja	0	5弱ぐらいまではそんなに被害でかくならないけど、5強以上は危険が危ない（）
textdetox@01907546324b0330d2d8b7669648cc18823323e5/ja/003561	ja	0	それがなくても現行fitがリコールストームでな…
textdetox@01907546324b0330d2d8b7669648cc18823323e5/ja/003562	ja	0	「元日放送の『オールハワイナイトフジ２０１５』はバブル時代を彷彿（ほうふつ）とさせる作り。時代錯誤」（４２歳・女性）     フジＴＶのバラエティは全体にバブル臭がきついんだよなー
textdetox@01907546324b0330d2d8b7669648cc18823323e5/ja/003563	ja	0	民進党内ではむしろ同情票を集める要素なのかもね
textdetox@01907546324b0330d2d8b7669648cc18823323e5/ja/003564	ja	0	行政サービスの手続きが簡便化される。   横断的に情報管理が出来るので縦割り行政の弊害か減る。
textdetox@01907546324b0330d2d8b7669648cc18823323e5/ja/003565	ja	0	バスとか電車の運転手さん同士の挨拶ってすごい好きなんですけど
textdetox@01907546324b0330d2d8b7669648cc18823323e5/ja/003566	ja	0	急いでカロリーメートをパサパサするけど水も買っておいてよかった。
textdetox@01907546324b0330d2d8b7669648cc18823323e5/ja/003567	ja	0	メンテが必要な生垣は雇用創出だと思うの。   街路樹のコストには異論が少ないのに、学校の校舎には   コスト意識が出るのはある種の縦割りに囚われてるんじゃないの。
textdetox@01907546324b0330d2d8b7669648cc18823323e5/ja/003568	ja	0	床屋さんの卵がアレはちょっといいのだろうか   でもプロにな流人なら逆にいいのかな
textdetox@01907546324b0330d2d8b7669648cc18823323e5/ja/003569	ja	0	とっくに引退したかと思ってたら現役かよ。
textdetox@01907546324b0330d2d8b7669648cc18823323e5/ja/003570	ja	0	お維新も最初は自民からの離脱組なんかが合流したのも大勝の理由だったからね
textdetox@01907546324b0330d2d8b7669648cc18823323e5/ja/003571	ja	0	昭和白黒の時代の「悪魔くん」「ジャイアント・ロボ」「忍者ハットリくん」もよかったぞ   一方、「鉄腕アトム」「鉄人28号」の実写化は大失敗であった
textdetox@01907546324b0330d2d8b7669648cc18823323e5/ja/003572	ja	0	関わるな 関わるな 関わるな   君は狙われている～
textdetox@01907546324b0330d2d8b7669648cc18823323e5/ja/003573	ja	0	しかも感謝の言葉を聞いたことがないwww
textdetox@01907546324b0330d2d8b7669648cc18823323e5/ja/003574	ja	0	残念ながら被告人の扱いは、犯行当時の年齢で決まるんでな。   少年法を改正しない限りどうしようもない。
textdetox@01907546324b0330d2d8b7669648cc18823323e5/ja/003575	ja	0	向こうでも、家から学校や職場にサンドイッチを作って持ってくとかの習慣は普通にあったけど   弁当方式ってそんなに珍しいのだろうか
textdetox@01907546324b0330d2d8b7669648cc18823323e5/ja/003576	ja	0	そういう人に「マスクしたら？」と言うと、「心配してくれて有り難う。でも大丈夫だから」と返してくる     「誰も心配してない。迷惑なんだよ。」と言いたいが言えない
textdetox@01907546324b0330d2d8b7669648cc18823323e5/ja/003577	ja	0	石破はなんの情報を見せたんだろうね…
textdetox@01907546324b0330d2d8b7669648cc18823323e5/ja/003578	ja	0	アルビノではないのねー。   タヌキは懐くとめっちゃ可愛いんだけどなあー。 ＞つべに動画が結構ある。
textdetox@01907546324b0330d2d8b7669648cc18823323e5/ja/003579	ja	0	文言そのまま検索して当たると思ってんのならおめでてーな
textdetox@01907546324b0330d2d8b7669648cc18823323e5/ja/003580	ja	0	もはや隔離ｃｈなので潰さんでもよろし
textdetox@01907546324b0330d2d8b7669648cc18823323e5/ja/003581	ja	0	何故、速攻で、住所の削除依頼出したぱよ？
textdetox@01907546324b0330d2d8b7669648cc18823323e5/ja/003582	ja	0	大阪府北部と京都市南部で最大震度4
textdetox@01907546324b0330d2d8b7669648cc18823323e5/ja/003583	ja	0	wikiみたら思いっきり俗説と書いてあって吹いたｗ
textdetox@01907546324b0330d2d8b7669648cc18823323e5/ja/003584	ja	0	普通に考えたらそうなんだけどなぁ・・・。
textdetox@01907546324b0330d2d8b7669648cc18823323e5/ja/003585	ja	0	普通の火災扱いだったのかねー？
textdetox@01907546324b0330d2d8b7669648cc18823323e5/ja/003586	ja	0	ダンマスのクローンならフリーであったはずだぞ
textdetox@01907546324b0330d2d8b7669648cc18823323e5/ja/003587	ja	0	今とは状況が違う。   2ch初期1999年は、あめぞう掲示板破たん、NIFTY無策、   SNSまだ未登場、と2ch以外選択肢が無かった。
textdetox@01907546324b0330d2d8b7669648cc18823323e5/ja/003588	ja	0	警察にとって「事件ではない」ことに、   光を当てるのがジャーナリズム！！（キリッ）じゃねーのかよｗｗｗ
textdetox@01907546324b0330d2d8b7669648cc18823323e5/ja/003589	ja	0	なんか、生の遺体て発見されたとか微妙な表現なんだって？   こええよな。
textdetox@01907546324b0330d2d8b7669648cc18823323e5/ja/003590	ja	0	これって国は関係ないよ   日本だって都心の人が地方に行くと同じ反応する、子供は特に
textdetox@01907546324b0330d2d8b7669648cc18823323e5/ja/003591	ja	0	人の話を聞く耳を持っている(笑)     自分に都合の悪い話を聞く耳は、持っていないようですね。
textdetox@01907546324b0330d2d8b7669648cc18823323e5/ja/003592	ja	0	日本大使館の前のは違法建造物だそうなので、許可出してないと思う
textdetox@01907546324b0330d2d8b7669648cc18823323e5/ja/003593	ja	0	地球の資源は有限なんだから   むしろ全世界的に少子化を推し進めなければならない。
textdetox@01907546324b0330d2d8b7669648cc18823323e5/ja/003594	ja	0	FB利用者の非公開情報が漏れたどころの話じゃなかった
textdetox@01907546324b0330d2d8b7669648cc18823323e5/ja/003595	ja	0	普通の通貨みたいに国が価値を保証するんじゃない事までは知ってる。   参加(出資)者達自身が価値を保証してるんだっけ？
textdetox@01907546324b0330d2d8b7669648cc18823323e5/ja/003596	ja	0	敵基地攻撃の話も出てたと思う   シェルターと同時に進めるべき   攻撃し損ねることだってある
textdetox@01907546324b0330d2d8b7669648cc18823323e5/ja/003597	ja	0	だってそのために土日に騒いだんですもの
textdetox@01907546324b0330d2d8b7669648cc18823323e5/ja/003598	ja	0	その可能性が高くなったかもね   清掃業者って線が浮かんでたけど狙ってるのが身内にもいるとの選択肢が増えてしまったw
textdetox@01907546324b0330d2d8b7669648cc18823323e5/ja/003599	ja	0	お、久々に変わったー。＞忍法帖
textdetox@01907546324b0330d2d8b7669648cc18823323e5/ja/003600	ja	0	あんなのただの混乱じゃないか…   途上国でなら良くあることだわ
textdetox@01907546324b0330d2d8b7669648cc18823323e5/ja/003601	ja	0	魚雷どころか、レーザー砲で戦艦は片っ端から沈められるでしょう。
textdetox@01907546324b0330d2d8b7669648cc18823323e5/ja/003602	ja	0	日報がどうだのやってる場合じゃないのに
textdetox@01907546324b0330d2d8b7669648cc18823323e5/ja/003603	ja	0	中国の半導体産業の影響？CPUはアメリカ製だと思っていたんだが。
textdetox@01907546324b0330d2d8b7669648cc18823323e5/ja/003604	ja	0	残念、それは私のおいなりさんだ(aary
textdetox@01907546324b0330d2d8b7669648cc18823323e5/ja/003605	ja	0	ワッチョイのあとに自分のIPが出たことある   それ以来旧chには書き込んでない
textdetox@01907546324b0330d2d8b7669648cc18823323e5/ja/003606	ja	0	アナログだが積雪時は鉄のチェーンが最強
textdetox@01907546324b0330d2d8b7669648cc18823323e5/ja/003607	ja	0	それにしても、今回の日本政府の対応   海外から全く反応がないのも凄いよね
textdetox@01907546324b0330d2d8b7669648cc18823323e5/ja/003608	ja	0	そういやAIIBバスは今どうなってたんだっけ？
textdetox@01907546324b0330d2d8b7669648cc18823323e5/ja/003609	ja	0	俺も協力しようかと思ったことあったんやけど有用でシンプルにまとめようとか考えるとなかなか集中せんとできんのよねえ
textdetox@01907546324b0330d2d8b7669648cc18823323e5/ja/003610	ja	0	実際の審議拒否は6日間だけだしな   それも理由は政府が文書を出さないから審議の意味が無いという正当なものだ
textdetox@01907546324b0330d2d8b7669648cc18823323e5/ja/003611	ja	0	マネージャーが男子だった場合は、現状でどういった扱いになってるの？
textdetox@01907546324b0330d2d8b7669648cc18823323e5/ja/003612	ja	0	そんなん程度問題だよ   日本だけがって話ではない。     まあ程度が酷いなら変えよう、ってのは正しい判断とは思うが。
textdetox@01907546324b0330d2d8b7669648cc18823323e5/ja/003613	ja	0	まだ隠居って訳に行かないから古舘にとっては痛い記事だろ   今後どこが使うかって・・・なっ
textdetox@01907546324b0330d2d8b7669648cc18823323e5/ja/003614	ja	0	同級生が出てこないってところで確定だな
textdetox@01907546324b0330d2d8b7669648cc18823323e5/ja/003615	ja	0	最近の単発は勢いも面白みも無いねw
textdetox@01907546324b0330d2d8b7669648cc18823323e5/ja/003616	ja	0	カップと1回分のお茶漬けの元で、83円は高い高すぎる   おにぎりと合わせて200円超えるじゃないか   だったらカップ麺とおにぎり喰うわ
textdetox@01907546324b0330d2d8b7669648cc18823323e5/ja/003617	ja	0	そう思う   サウジが原油で稼いだ資産だから、サウジが発展するために使うべきだし、そうでなければいけないと思う   緑化か淡水化、それとも、アラブがAMDに資本を注入したときみたく、投資や産業誘致になるのかな
textdetox@01907546324b0330d2d8b7669648cc18823323e5/ja/003618	ja	0	ケーズデンキ内に店舗持ってるみたいだけど、もしかしてケーズデンキも怪しい企業？
textdetox@01907546324b0330d2d8b7669648cc18823323e5/ja/003619	ja	0	みんすの票の食い合いみたいなもんだからねえ。
textdetox@01907546324b0330d2d8b7669648cc18823323e5/ja/003620	ja	0	なんかおーぷんが保守派多くて心地良い。   これからもよろしくです。
textdetox@01907546324b0330d2d8b7669648cc18823323e5/ja/003621	ja	0	二階も離党届を預かっているだけで受理してないもんね
textdetox@01907546324b0330d2d8b7669648cc18823323e5/ja/003622	ja	0	そう言えば昔は占有屋なんかあったな
textdetox@01907546324b0330d2d8b7669648cc18823323e5/ja/003623	ja	0	リピーターになった奴等は･････････っていう、実に判り易い踏み絵でもあったけどな。
textdetox@01907546324b0330d2d8b7669648cc18823323e5/ja/003624	ja	0	xbox初代機の復刻もしてくれないかなあ   oneでも360でも遊べないゲームが遊びたいのに
textdetox@01907546324b0330d2d8b7669648cc18823323e5/ja/003625	ja	0	あのサザエさんみてェーな髪形を再現しちゃうのか…すげー
textdetox@01907546324b0330d2d8b7669648cc18823323e5/ja/003626	ja	0	そうかも知れんし、名無しでおるんかも知れんし
textdetox@01907546324b0330d2d8b7669648cc18823323e5/ja/003627	ja	0	まだこのスレは平成なのさ(￣▽￣;)ﾌﾊﾊ
textdetox@01907546324b0330d2d8b7669648cc18823323e5/ja/003628	ja	0	モスバーガーやモスチーズはソースが特に美味い   甘いトマトソースにきざんだ玉葱の辛味が加わっていい塩梅   あのソースがあるからモスに行く
textdetox@01907546324b0330d2d8b7669648cc18823323e5/ja/003629	ja	0	上杉辞退したってのはウソなの？
textdetox@01907546324b0330d2d8b7669648cc18823323e5/ja/003630	ja	0	ファーストキッチンとかちょっとだけまた出店したウエンディーズはどうなの？   ファーストキッチンは卵焼き挟んだやつおいしいし、   ウエンディーズも好きな味なんだが。
textdetox@01907546324b0330d2d8b7669648cc18823323e5/ja/003631	ja	0	ヒントは暗号解読と無線傍受の違い（ガノタなら知ってると思うが）
textdetox@01907546324b0330d2d8b7669648cc18823323e5/ja/003632	ja	0	ピースポートがみっともなく護衛頼んでたよ。
textdetox@01907546324b0330d2d8b7669648cc18823323e5/ja/003633	ja	0	一縷の望みはガースーが言ったように、外国人労働者も不当に給与が低くならず、   日本人雇用者の賃金に影響しないように祈る。   あと、研修生制度がその賃金が上がって実質廃止になりますように。
textdetox@01907546324b0330d2d8b7669648cc18823323e5/ja/003634	ja	0	ロケ地は大井川鐵道だな   いろんなゲテモノ車両が走ってるから撮影に丁度良い   たまにトーマスの顔が映り込んでくるかもだが…
textdetox@01907546324b0330d2d8b7669648cc18823323e5/ja/003635	ja	0	いや、わいせつ物陳列罪で立派に事件なんですが
textdetox@01907546324b0330d2d8b7669648cc18823323e5/ja/003636	ja	0	Amazonでの買い物を辞めて、地元のスーパーで購入するだけでも全然違うんだけどね……   もっと言えば、普段はAmazonで買う物をケーズやヤマダで買うだけでも効果はあるぞ
textdetox@01907546324b0330d2d8b7669648cc18823323e5/ja/003637	ja	0	それっぽいですよね   名前忘れてます、自分
textdetox@01907546324b0330d2d8b7669648cc18823323e5/ja/003638	ja	0	連続台風が日本を冷やしたのは確かだ。熱帯夜地域が激減した。   まさに秋だ。
textdetox@01907546324b0330d2d8b7669648cc18823323e5/ja/003639	ja	0	職業選択の自由があるからこそ、待遇の低い保育士になり手が無くて、施設には空きがあるのに保育士不足で待機児童が出てるってのも問題の一つなんだよね。
textdetox@01907546324b0330d2d8b7669648cc18823323e5/ja/003640	ja	0	保守速報とかのURLは貼れなく   なってるらしいね、他にもNGワードも増えてるし   左の連中に圧力かけられたんじゃないかと   思ってたけど、こんな事になろうとは。
textdetox@01907546324b0330d2d8b7669648cc18823323e5/ja/003641	ja	0	この話の肝は「寄付金詐欺を疑われるようなツイート内容」だと思うのよ？ｗ
textdetox@01907546324b0330d2d8b7669648cc18823323e5/ja/003642	ja	0	まぁ、物価も公共料金も上がってるから厳しいのは変わらないね   高齢者は年金カット＆医療費負担アップだし
textdetox@01907546324b0330d2d8b7669648cc18823323e5/ja/003643	ja	0	そういや、どっかに中国や韓国の国旗を持ってた画像があったような
textdetox@01907546324b0330d2d8b7669648cc18823323e5/ja/003644	ja	0	普通の家電量販店にも液晶ディスプレイ(デジタルテレビでも代用化)、キーボード、マウスが売っているからね。
textdetox@01907546324b0330d2d8b7669648cc18823323e5/ja/003645	ja	0	それは事実上「ザ・ファイヤークリスタル・オンライン」になると思うｗ
textdetox@01907546324b0330d2d8b7669648cc18823323e5/ja/003646	ja	0	いや、京都でも伏見の大地震が有った。   伏見の城はそれで崩れてしもた。   あれで、太閤さんが寸でのところで助かったんは有名な話や。
textdetox@01907546324b0330d2d8b7669648cc18823323e5/ja/003647	ja	0	近所ではなく、町内だとおもう。   町の端からさらに遠距離通勤なんだよ！
textdetox@01907546324b0330d2d8b7669648cc18823323e5/ja/003648	ja	0	とりあえずBasicでも教えとくんだな。VBじゃなくてBasic。   簡単だからそれでいいよ。
textdetox@01907546324b0330d2d8b7669648cc18823323e5/ja/003649	ja	0	具体的に何をどのようにすれば何が漏洩するのか例示してみろ
textdetox@01907546324b0330d2d8b7669648cc18823323e5/ja/003650	ja	0	しっかり警護するための高須院長の提案かと   でももしずっとつきまとわれたらもうフォローできないし   どうしたらいいんだろう
textdetox@01907546324b0330d2d8b7669648cc18823323e5/ja/003651	ja	0	田舎住みの俺のまわりですら7:3でスマホが多い   ゲームしたりLINE使ったり音楽聞いている奴が多いかな   通話とメール機能だけならガラケーの方が使いやすいし、ポケットに突っ込んでいても気にならない
textdetox@01907546324b0330d2d8b7669648cc18823323e5/ja/003652	ja	0	「父ちゃんは日本一の日雇い人夫だ」ってセリフ、アニメでは   カットされてるんだよなあ。
textdetox@01907546324b0330d2d8b7669648cc18823323e5/ja/003653	ja	0	廃炉の道のりは険しいが、何も悲観的な話題ばかりでもないということだな
textdetox@01907546324b0330d2d8b7669648cc18823323e5/ja/003654	ja	0	池田大作が動いてるのを見たことが無い
textdetox@01907546324b0330d2d8b7669648cc18823323e5/ja/003655	ja	0	点数を稼ぐことしか考えてないからな
textdetox@01907546324b0330d2d8b7669648cc18823323e5/ja/003656	ja	0	これこれ   同様の映像を見たんかね？   JOCにはあらためて会見開いてほしいわ
textdetox@01907546324b0330d2d8b7669648cc18823323e5/ja/003657	ja	0	所詮、広告から巷の話題まで出所は同じだしな
textdetox@01907546324b0330d2d8b7669648cc18823323e5/ja/003658	ja	0	URLの最後に「i」を入れればいいのかな
textdetox@01907546324b0330d2d8b7669648cc18823323e5/ja/003659	ja	0	単に賃金上げて将来に希望を持てば解決するだろ
textdetox@01907546324b0330d2d8b7669648cc18823323e5/ja/003660	ja	0	ドローンて言っても巷で普及してるヘリタイプじゃなくて無人航空機みたいなデッカイやつでしょ
textdetox@01907546324b0330d2d8b7669648cc18823323e5/ja/003661	ja	0	ネット掲示板は常に少数派が暗躍する場所である
textdetox@01907546324b0330d2d8b7669648cc18823323e5/ja/003662	ja	0	wikiで見たら、駅に行く道はなくて崖を上り下りして駅に   行くしか方法がないとのこと。道くらい作れよ。
textdetox@01907546324b0330d2d8b7669648cc18823323e5/ja/003663	ja	0	登録申請は誰でもできるから毎年ノミネートされたって   報道されるとかなんとか解説してくれた人いたっけ。
textdetox@01907546324b0330d2d8b7669648cc18823323e5/ja/003664	ja	0	IPS細胞でなんとかなるよね多分
textdetox@01907546324b0330d2d8b7669648cc18823323e5/ja/003665	ja	0	そろそろかまってアピールが洒落にならなくなってきてるわけで
textdetox@01907546324b0330d2d8b7669648cc18823323e5/ja/003666	ja	0	NOLOANじゃなくてNOPLANだっていうダブルミーニングもあるよね
textdetox@01907546324b0330d2d8b7669648cc18823323e5/ja/003667	ja	0	そもそも優先席「近く」って曖昧だよね
textdetox@01907546324b0330d2d8b7669648cc18823323e5/ja/003668	ja	0	主題のメディア不信に「ネットの偏向」は関係ないだろ（呆れ
textdetox@01907546324b0330d2d8b7669648cc18823323e5/ja/003669	ja	0	2ch 移住先 でググるといいよ。
textdetox@01907546324b0330d2d8b7669648cc18823323e5/ja/003670	ja	0	公明党23人立候補中の23人が当選   組織票すげぇな
textdetox@01907546324b0330d2d8b7669648cc18823323e5/ja/003671	ja	0	地方選や住民投票は基本的にその地域以外の人の願望が混ざるのもあるから見えにくかったのはあるね   注意深く洗うとむしろよくひっくり返して否決したなあって感想だったよ
textdetox@01907546324b0330d2d8b7669648cc18823323e5/ja/003672	ja	0	野間くんS説のパターンやね   どうじゃろね   ないとはいえないとは思うけど、可能性が高いって程でもないと思うｗ
textdetox@01907546324b0330d2d8b7669648cc18823323e5/ja/003673	ja	0	マジか…よく見つけてきたなこんなん
textdetox@01907546324b0330d2d8b7669648cc18823323e5/ja/003674	ja	0	それは警察官の範疇、そういうところには１０メートルごとに交番を設置するほうが話がはやい   普段から物騒なんだし需要はあるはず
textdetox@01907546324b0330d2d8b7669648cc18823323e5/ja/003675	ja	0	( ´д)ヒソ(´д｀)ヒソ(д｀ )
textdetox@01907546324b0330d2d8b7669648cc18823323e5/ja/003676	ja	0	やっぱり、漢字だと直接的に理解できるや。
textdetox@01907546324b0330d2d8b7669648cc18823323e5/ja/003677	ja	0	＞少子化対策にあててくれ     減らしてあまった分をどうするのかな？   たとえばどんな対策かな？是非具体的な案を聞きたいなあ～
textdetox@01907546324b0330d2d8b7669648cc18823323e5/ja/003678	ja	0	軍事力の裏付けのない外交の辛さ…
textdetox@01907546324b0330d2d8b7669648cc18823323e5/ja/003679	ja	0	いや逃げてない。息子の会社に譲渡しただけ
textdetox@01907546324b0330d2d8b7669648cc18823323e5/ja/003680	ja	0	口座番号くらい取引相手にはいくらでも渡すだろｗ
textdetox@01907546324b0330d2d8b7669648cc18823323e5/ja/003681	ja	0	国対委員長自らが「疑惑」の中心だからね。
textdetox@01907546324b0330d2d8b7669648cc18823323e5/ja/003682	ja	0	というかいつまでシールズの宣伝してんだよｗ   もしかしてずっとか？
textdetox@01907546324b0330d2d8b7669648cc18823323e5/ja/003683	ja	0	覆面していたのになんで３０～４０代だとわかるんだよ？
textdetox@01907546324b0330d2d8b7669648cc18823323e5/ja/003684	ja	0	しばらく前から東進に圧されて田舎に活路を見出してる河合塾ですかw
textdetox@01907546324b0330d2d8b7669648cc18823323e5/ja/003685	ja	0	これ、外国人が疑問に思ってたみたいよ   ようやく、これは恥ずかしいことだと認識するようになったのかなｗ
textdetox@01907546324b0330d2d8b7669648cc18823323e5/ja/003686	ja	0	お里の便りも絶え果ててるから、幸せとは言い難いな。
textdetox@01907546324b0330d2d8b7669648cc18823323e5/ja/003687	ja	0	そうだな。   韓国を好きになる要素が有れば、ぜひ教えていただきたいわ。
textdetox@01907546324b0330d2d8b7669648cc18823323e5/ja/003688	ja	0	全国比例って社民公式ではなってる。
textdetox@01907546324b0330d2d8b7669648cc18823323e5/ja/003689	ja	0	あそこはマジで工作員張り付いてそうだよ。
textdetox@01907546324b0330d2d8b7669648cc18823323e5/ja/003690	ja	0	スワップもそうだけどTPP加盟も無理になったな   日本を含む最初の11ヶ国は新規加盟国に対して拒否権があったはず
textdetox@01907546324b0330d2d8b7669648cc18823323e5/ja/003691	ja	0	わざわざsageてるあたり、察しとるんやろなぁ
textdetox@01907546324b0330d2d8b7669648cc18823323e5/ja/003692	ja	0	本当に保育士志望というわけでもないんじゃないかな。
textdetox@01907546324b0330d2d8b7669648cc18823323e5/ja/003693	ja	0	あれのせいで都心に海風が入ってこなくなり、夏の暑さや   ゲリラ豪雨がひどくなっという説を見たことがある。
textdetox@01907546324b0330d2d8b7669648cc18823323e5/ja/003694	ja	0	それもお巡りさんに言うて通じるとええなあ
textdetox@01907546324b0330d2d8b7669648cc18823323e5/ja/003695	ja	0	一つ思うのは国会前等でデモをしてるのを見るとちょっと楽しそう   スパイシーモスバーガー食べながら参加してみたいと少し思う
textdetox@01907546324b0330d2d8b7669648cc18823323e5/ja/003696	ja	0	みんなが虐めるからもう寝るんだからね！
textdetox@01907546324b0330d2d8b7669648cc18823323e5/ja/003697	ja	0	そうだな。   本屋はまだなんとかほそぼそと続いてるが、CD屋こそ見なくなった。   まあ、CDなんてもう買わないから何も困ってはいないけど。
textdetox@01907546324b0330d2d8b7669648cc18823323e5/ja/003698	ja	0	弱者だと思って受け入れたら、集団で「俺たち弱者なんだぞ！」と暴れまくるわ、犯罪率が高い奴らで、とんでもない物を抱えるもんね。   トランプの「アメリカ（白人）・ファースト」が支持されるのも仕方ないわ。
textdetox@01907546324b0330d2d8b7669648cc18823323e5/ja/003699	ja	0	よろしくお願いします   つり災証明書
textdetox@01907546324b0330d2d8b7669648cc18823323e5/ja/003700	ja	0	だとしても、マックと比べるまでもない話だわ。これに限って言えばｗ   カスタマーサービスは地域の品性で支えられてるから、場所による差はあるかも。
textdetox@01907546324b0330d2d8b7669648cc18823323e5/ja/003701	ja	0	まぁ、確かにイスラム方式なら人口は増えるかもな
textdetox@01907546324b0330d2d8b7669648cc18823323e5/ja/003702	ja	0	多分企業とのコラボが手っ取り早いと思う   あとは、地方おこしのためのイベント企画して   その期間モンスター出現数増やすとかかな   田舎のマンパワーだけでは頼りない
textdetox@01907546324b0330d2d8b7669648cc18823323e5/ja/003703	ja	0	全てを板長のせいにするっていうのは今流行りのネタやねんけど何でマジレスしてるん？     え？僕捕まるんですか？すいせんでした！許して下さい！
textdetox@01907546324b0330d2d8b7669648cc18823323e5/ja/003704	ja	0	正義の無い戦争は無い   それぞれの正義がぶつかって戦争になる
textdetox@01907546324b0330d2d8b7669648cc18823323e5/ja/003705	ja	0	耐えられなくなって、この部分のソースは？
textdetox@01907546324b0330d2d8b7669648cc18823323e5/ja/003706	ja	0	飽きたけど日付が変わるとまた思い出して見に来てしまう   不思議だなー
textdetox@01907546324b0330d2d8b7669648cc18823323e5/ja/003707	ja	0	そうね、パチンコはなくそう。     本題に戻るけどカジノはなぜ必要なの？
textdetox@01907546324b0330d2d8b7669648cc18823323e5/ja/003708	ja	0	人間は感情的な生き物だから、嫌がる人もいるだろう   しかし、人には理性というものがあって、そういった感情を抑えることもできるのだ
textdetox@01907546324b0330d2d8b7669648cc18823323e5/ja/003709	ja	0	ためしにスマホアプリ板に好きなゲームの話題あるかな？と思って見たらハロプロに占拠されてて草
textdetox@01907546324b0330d2d8b7669648cc18823323e5/ja/003710	ja	0	ほんとにあがってないのにね   海外産が多いPB,イオンPBなんかはあがったのかね   セブンPBはほとんど変わらない
textdetox@01907546324b0330d2d8b7669648cc18823323e5/ja/003711	ja	0	まだメラゾーマではないメラすら披露してないんですが……
textdetox@01907546324b0330d2d8b7669648cc18823323e5/ja/003712	ja	0	まだ訂正記事出すだけ良心的かもｗ
textdetox@01907546324b0330d2d8b7669648cc18823323e5/ja/003713	ja	0	次は   創価のリストだな   把握しきれるかな
textdetox@01907546324b0330d2d8b7669648cc18823323e5/ja/003714	ja	0	行方不明を把握した段階で通報義務はないのか？
textdetox@01907546324b0330d2d8b7669648cc18823323e5/ja/003715	ja	0	まずは警察に連絡して、鯖を落とすべき？
textdetox@01907546324b0330d2d8b7669648cc18823323e5/ja/003716	ja	0	世の中にはライターって職業がありまして
textdetox@01907546324b0330d2d8b7669648cc18823323e5/ja/003717	ja	0	しかし何処も誰も違法だとは言ってないような
textdetox@01907546324b0330d2d8b7669648cc18823323e5/ja/003718	ja	0	だよなぁ   選挙のたびによく考えて投票して   当選者のその後の活動見てて   次の選挙の時に反映させるのが普通だよな
textdetox@01907546324b0330d2d8b7669648cc18823323e5/ja/003719	ja	0	このトラブル自体は深刻なものではないとしても、再稼働からたった10日で   いきなりこんなトラブルが出るようじゃ、そもそも安全審査とは   一体何だったのかという話になる   問題はそこだよ
textdetox@01907546324b0330d2d8b7669648cc18823323e5/ja/003720	ja	0	YESでもあり、NOでもある   WINWINの関係なんだろうけど
textdetox@01907546324b0330d2d8b7669648cc18823323e5/ja/003721	ja	0	柿ピーだと三幸も悪くないけどでん六の方が好みだなあ、売ってるとこ少ないけど。   三幸は亀田の次くらいによく見る
textdetox@01907546324b0330d2d8b7669648cc18823323e5/ja/003722	ja	0	弾道ミサイルは放物線を描いて着弾するらしい
textdetox@01907546324b0330d2d8b7669648cc18823323e5/ja/003723	ja	0	それが本当なら、日立も終わりだな
textdetox@01907546324b0330d2d8b7669648cc18823323e5/ja/003724	ja	0	この盛り上がりは、2012年冬の衆議院選挙の開票速報のときに匹敵するな
textdetox@01907546324b0330d2d8b7669648cc18823323e5/ja/003725	ja	0	IPアドレスそのものは出ないんじゃないかな   IDは日によって変わるけどIPアドレスから生成された文字列が出るから数日特定できる。
textdetox@01907546324b0330d2d8b7669648cc18823323e5/ja/003726	ja	0	心配のあまりストーカーにならないように注意してね。
textdetox@01907546324b0330d2d8b7669648cc18823323e5/ja/003727	ja	0	昨夜のフジの特番もこの対策とやらの一環かw
textdetox@01907546324b0330d2d8b7669648cc18823323e5/ja/003728	ja	0	じゃあ事実婚でいいじゃないですかｗ
textdetox@01907546324b0330d2d8b7669648cc18823323e5/ja/003729	ja	0	どこかの国の大統領も辞任したねｗ
textdetox@01907546324b0330d2d8b7669648cc18823323e5/ja/003730	ja	0	でも、正直な話、いなくなって欲しいわ
textdetox@01907546324b0330d2d8b7669648cc18823323e5/ja/003731	ja	0	いまさらですよ   既婚女性板とか一時強制IP表示になってた
textdetox@01907546324b0330d2d8b7669648cc18823323e5/ja/003732	ja	0	この時間にってのは「枕を高くして眠れると思うな」という脅しも含んでるんではないか
textdetox@01907546324b0330d2d8b7669648cc18823323e5/ja/003733	ja	0	琉球、毎日、朝日新聞は、フィリピンの現実を見ないふり。
textdetox@01907546324b0330d2d8b7669648cc18823323e5/ja/003734	ja	0	シャドウプロファイルを大っぴらにしたのが   LINE   ってことでいいのかな？
textdetox@01907546324b0330d2d8b7669648cc18823323e5/ja/003735	ja	0	＞「今は（日本に）制裁されている状況だ。日本側に問題があるのではないか」   ＞と言われたことを明らかにした。     制裁する側が悪いってすごい言い分だな・・・
textdetox@01907546324b0330d2d8b7669648cc18823323e5/ja/003736	ja	0	外から鍵かけて火を放たれそう
textdetox@01907546324b0330d2d8b7669648cc18823323e5/ja/003737	ja	0	VPN通せば海外からも書き込めるので、   海外赴任者、留学生にもやさしい。
textdetox@01907546324b0330d2d8b7669648cc18823323e5/ja/003738	ja	0	龍野出身で、東大法学部出て、旧自治省の元官僚。
textdetox@01907546324b0330d2d8b7669648cc18823323e5/ja/003739	ja	0	いざという時の切り札とかカードに取っといたんじゃないの
textdetox@01907546324b0330d2d8b7669648cc18823323e5/ja/003740	ja	0	推定では、男性で5割強、女性で3割程度というのが実態だったのでは？   というところらしい。
textdetox@01907546324b0330d2d8b7669648cc18823323e5/ja/003741	ja	0	解った、すまんね。   ただ印象操作と言われるのは違うな。
textdetox@01907546324b0330d2d8b7669648cc18823323e5/ja/003742	ja	0	あとから法律をつくって未来永劫金をむしり取るって   どっかに似てるな・・・あ、隣かｗ
textdetox@01907546324b0330d2d8b7669648cc18823323e5/ja/003743	ja	0	ライブドアニュースね   番号はハッキリわかるけど地域はどこだろうな
textdetox@01907546324b0330d2d8b7669648cc18823323e5/ja/003744	ja	0	工場見学いいね。   綺麗な工場見学が出来れば信頼回復も可能だろうし。
textdetox@01907546324b0330d2d8b7669648cc18823323e5/ja/003745	ja	0	あと、聖剣伝説4早く出てほしい。
textdetox@01907546324b0330d2d8b7669648cc18823323e5/ja/003746	ja	0	NTT系列も居るのか   残りの文字読めないけど
textdetox@01907546324b0330d2d8b7669648cc18823323e5/ja/003747	ja	0	おー、昔から自分の腕にあったの知ってたけど、   そういうものなのか
textdetox@01907546324b0330d2d8b7669648cc18823323e5/ja/003748	ja	0	なにぶんにも初めてのことですので…
textdetox@01907546324b0330d2d8b7669648cc18823323e5/ja/003749	ja	0	いらっしゃい。どんどんまとめてね。     まとめたら、このスレからそのまとめサイトにリンクすることもできますよ。   詳しくはスレの上の方にある「まとめる」をクリックしてね。
textdetox@01907546324b0330d2d8b7669648cc18823323e5/ja/003750	ja	0	たぶんね   スレッドの見てる人数も、いままでと一桁違う感じ。いま52人とか出てるしさ
textdetox@01907546324b0330d2d8b7669648cc18823323e5/ja/003751	ja	0	教科書に書いてなくても、日教組謹製の「副資料」で時間を割いて教えてるよ。
textdetox@01907546324b0330d2d8b7669648cc18823323e5/ja/003752	ja	0	マックスバリュやイオンのレジで必ずイオンカードはお持ちですか？と聞かれるけど、持ってませんと答えて、銀行系列のVISAカード使ってる。   割引率やポイントなどはイオンカード持ってたほうがお得なんだろうけど、イオングループに私の個人情報を渡したく無いから。
textdetox@01907546324b0330d2d8b7669648cc18823323e5/ja/003753	ja	0	また単発か？   ルールスレはいいの？
textdetox@01907546324b0330d2d8b7669648cc18823323e5/ja/003754	ja	0	20代ならギリギリわかるけど40代でそれはねーよ。   甘ちゃんだよ。甘ったれだね。
textdetox@01907546324b0330d2d8b7669648cc18823323e5/ja/003755	ja	0	安定の神奈川県警を忘れないで(＞＜)
textdetox@01907546324b0330d2d8b7669648cc18823323e5/ja/003756	ja	0	本家でリテラソースはスレストやスレ削除対象なったっぽい   本家のニュー速+
textdetox@01907546324b0330d2d8b7669648cc18823323e5/ja/003757	ja	0	ワッチョイ－222.444111みたいに表示されてなんかこれIPみたいだなって思ったので   自分のIP分かるサイトに飛んで調べてみたらワッチョイの後の数字がまんまIPでしたとさ…     ヤバイなこれって思ったのでもう書き込んでないです
textdetox@01907546324b0330d2d8b7669648cc18823323e5/ja/003758	ja	0	俺、好きだわ。こういうのw   always的な雰囲気。
textdetox@01907546324b0330d2d8b7669648cc18823323e5/ja/003759	ja	0	ここの前スレか前前スレにも写真貼られてなかったかな？ｗ
textdetox@01907546324b0330d2d8b7669648cc18823323e5/ja/003760	ja	0	というか、機会の平等が必要なのであって、無理に数字を合わせるのはおかしいのよね     海外は数字合わせするからおかしくなってると言うこと
textdetox@01907546324b0330d2d8b7669648cc18823323e5/ja/003761	ja	0	今日は釧路のミンククジラをたべまーす
textdetox@01907546324b0330d2d8b7669648cc18823323e5/ja/003762	ja	0	難しいね   ただあんまりハデにしないほうがいいような気もする
textdetox@01907546324b0330d2d8b7669648cc18823323e5/ja/003763	ja	0	週に1，2回ぐらいしか２ｃｈにいかない人間には今もう何が何だかさっぱりわからないね。
textdetox@01907546324b0330d2d8b7669648cc18823323e5/ja/003764	ja	0	今の若者がいいおっさんになるころには自動運転が実現するので、   寝心地が良い車とか、求められるのは全然違う方向性になると思う
textdetox@01907546324b0330d2d8b7669648cc18823323e5/ja/003765	ja	0	保守系さえこっちに来れば、まとめサイト的ジャーナリズムは成り立つ。
textdetox@01907546324b0330d2d8b7669648cc18823323e5/ja/003766	ja	0	わかる   そこまでむきになるようなことかな？って思いながら見てた   ちょっとやっぱり感覚が違うんだろうね
textdetox@01907546324b0330d2d8b7669648cc18823323e5/ja/003767	ja	0	起きたら可決してた   いい朝だ   連休も仕事だけどがんばれそう
textdetox@01907546324b0330d2d8b7669648cc18823323e5/ja/003768	ja	0	書き込んだ当人を特定できるだけの情報が無い場所にログ提出を依頼する事は無いだろうな
textdetox@01907546324b0330d2d8b7669648cc18823323e5/ja/003769	ja	0	TPPバスもまだ発車してないから(白目)
textdetox@01907546324b0330d2d8b7669648cc18823323e5/ja/003770	ja	0	上から下まで幅広く見た方がいいだろ。   比較対象が多いほど物の善し悪しがわかるんだよ。
textdetox@01907546324b0330d2d8b7669648cc18823323e5/ja/003771	ja	0	話し合いは否定しないよ   自分達で団体でも立ち上げて交渉してみたらいい   で、何を「話し合う」わけ？
textdetox@01907546324b0330d2d8b7669648cc18823323e5/ja/003772	ja	0	そういうのって大概メーカー社員は自分で食べないですからねえ・・・
textdetox@01907546324b0330d2d8b7669648cc18823323e5/ja/003773	ja	0	この輸送機自体を空母鑑から離発着できるようにすれば最強だな。
textdetox@01907546324b0330d2d8b7669648cc18823323e5/ja/003774	ja	0	地域によるだろうけど、うちの地域はディーラーでも使える
textdetox@01907546324b0330d2d8b7669648cc18823323e5/ja/003775	ja	0	ネット上にはその言論が山ほどある。   当人を特定する事も可能なほどね。
textdetox@01907546324b0330d2d8b7669648cc18823323e5/ja/003776	ja	0	野菜、豚丼だと玉葱かなあ   豚キムチ丼だったらキムチ当確なんだけどなあw
textdetox@01907546324b0330d2d8b7669648cc18823323e5/ja/003777	ja	0	不思議なことに、関西弁をしゃべる艦娘はいない。
textdetox@01907546324b0330d2d8b7669648cc18823323e5/ja/003778	ja	0	法案急いだのは来年の選挙に影響があるからだろ
textdetox@01907546324b0330d2d8b7669648cc18823323e5/ja/003779	ja	0	"あくまで""比較して""の話でしょうが…"
textdetox@01907546324b0330d2d8b7669648cc18823323e5/ja/003780	ja	0	フジといえばツイッター主に「その写真番組で使用したいけど黙っててね」って趣旨のツイートしてたのを思い出した
textdetox@01907546324b0330d2d8b7669648cc18823323e5/ja/003781	ja	0	どら焼き食ってるのは同じみたいよ   ただ名称がヤミーバンとかいう謎なものになってるけど   大食い描写がダメらしく、そういうシーンは量が減らされてるらしいw
textdetox@01907546324b0330d2d8b7669648cc18823323e5/ja/003782	ja	0	それって多分、国道沿いのスーパーマーケットやホームセンターとかとと同じ敷地に建ってて、ゲームやフィギュア、   トレカとかも売ってるような「書店」だよね？     漫画や雑誌、テレビで話題になった新刊本とか完全に特化し、他はほぼ切り捨てちゃった感じの。
textdetox@01907546324b0330d2d8b7669648cc18823323e5/ja/003783	ja	0	逆に、全校生徒が万引きしてると見るのが自然でしょw
textdetox@01907546324b0330d2d8b7669648cc18823323e5/ja/003784	ja	0	犯罪の成立要件として   犯人にはそれが犯罪行為だと理解できるだけの   知能と判断力が要求されるから。
textdetox@01907546324b0330d2d8b7669648cc18823323e5/ja/003785	ja	0	進んでいないどころか、工事は遅れるし、借金は増えるしで後退だろう
textdetox@01907546324b0330d2d8b7669648cc18823323e5/ja/003786	ja	0	夏風邪だったのか。お大事にね   日中と夜間じゃ温度差があるから体調崩しやすいよね
textdetox@01907546324b0330d2d8b7669648cc18823323e5/ja/003787	ja	0	だいたい10年くらいで再入国が許されるのが通例らしい
textdetox@01907546324b0330d2d8b7669648cc18823323e5/ja/003788	ja	0	アメリカが弱くなって行くんじゃないかな？競争力がなくなるだろうからね。
textdetox@01907546324b0330d2d8b7669648cc18823323e5/ja/003789	ja	0	日米二国だけで、世界経済の1/3ぐらいを支配してんだっけ？
textdetox@01907546324b0330d2d8b7669648cc18823323e5/ja/003790	ja	0	まあそれは多かれ少なかれ反体制じゃないと、笑いを生むって無理だからなー
textdetox@01907546324b0330d2d8b7669648cc18823323e5/ja/003791	ja	0	いや、それじゃない。そっちは結構前からあるただのログ抜きツール   勝手に攻撃対象のリスト作れる方法思いついたつってたはず   どこでスクショ見たんだったかな・・・
textdetox@01907546324b0330d2d8b7669648cc18823323e5/ja/003792	ja	0	去年、レクサス危うし！ジェネシス米国で高評価！みたいなニュースを見た気がするんだが…
textdetox@01907546324b0330d2d8b7669648cc18823323e5/ja/003793	ja	0	寺の宿坊みたいなもんでもあるんかね
textdetox@01907546324b0330d2d8b7669648cc18823323e5/ja/003794	ja	0	一般人でもダメになるように国籍法を厳格に運用するべき。
textdetox@01907546324b0330d2d8b7669648cc18823323e5/ja/003795	ja	0	イギリスが空母出してきてるのも戦後処理にいっちょ噛みしたいという   下心があるのかもしれない。
textdetox@01907546324b0330d2d8b7669648cc18823323e5/ja/003796	ja	0	日本以外とだったら好きなように分散してくれ
textdetox@01907546324b0330d2d8b7669648cc18823323e5/ja/003797	ja	0	地震対策は難しいと思う。   どんなに被災者に手厚くてもどうしても足りないところが出てくる。   そういうのが報道されて目についちゃうとね。
textdetox@01907546324b0330d2d8b7669648cc18823323e5/ja/003798	ja	0	任天堂に丸投げして何がＩＴ戦略特命委員会だって話しに尽きる
textdetox@01907546324b0330d2d8b7669648cc18823323e5/ja/003799	ja	0	<丶｀∀´>＜想像（創造）ニダ
textdetox@01907546324b0330d2d8b7669648cc18823323e5/ja/003800	ja	0	受給した金をパチンコで増やそうと努力してるんやし   何が悪いんかな？
textdetox@01907546324b0330d2d8b7669648cc18823323e5/ja/003801	ja	0	政府の借金は円だ、お金の価値を下げて物価の価値を上げれば、相対的に借金が減る。
textdetox@01907546324b0330d2d8b7669648cc18823323e5/ja/003802	ja	0	ロシアのEEZ内に着弾した時も別に何もなかったけどね
textdetox@01907546324b0330d2d8b7669648cc18823323e5/ja/003803	ja	0	冬季半分任せるから東京を半分よこせとか言い出しそう
textdetox@01907546324b0330d2d8b7669648cc18823323e5/ja/003804	ja	0	ゼノギアスとかグランディア出たら、筐体高くても買う。   ラジアータストーリーはもやもや残ったから、作り直して欲しいなー。
textdetox@01907546324b0330d2d8b7669648cc18823323e5/ja/003805	ja	0	モスは外国のハンバーガーとは別次元だよ。   週に一度はモスが食いたくなる。
textdetox@01907546324b0330d2d8b7669648cc18823323e5/ja/003806	ja	0	旧での2chウォッチというかまとめを板でやるのはガイドライン板なんだけど。     おーぷんはここかVIPでいいよな。
textdetox@01907546324b0330d2d8b7669648cc18823323e5/ja/003807	ja	0	友人がしばき隊とトラブル起こしたことがあったとかなんとかだいぶ前に言ってたはず
textdetox@01907546324b0330d2d8b7669648cc18823323e5/ja/003808	ja	0	本当にいいモノが売れて、悪いモノは淘汰されたと   まさに理想的な結果でめでたしめでたし
textdetox@01907546324b0330d2d8b7669648cc18823323e5/ja/003809	ja	0	あれ？   おーぷんではそんなコピペ爆弾ほとんどないけど？   どこの掲示板の話よｗ
textdetox@01907546324b0330d2d8b7669648cc18823323e5/ja/003810	ja	0	高校野球にエキサイティングシートなんかないし   ぼんやりしてファールボールに当たるくらいなら家で寝てれば？
textdetox@01907546324b0330d2d8b7669648cc18823323e5/ja/003811	ja	0	そろそろ出来てるという話もある。検証・アップデート作業待ち。   まあ来年アップデート予定でしょ。
textdetox@01907546324b0330d2d8b7669648cc18823323e5/ja/003812	ja	0	共産主義と民主主義は両立しない、必ず権力の集中独占がおこる。
textdetox@01907546324b0330d2d8b7669648cc18823323e5/ja/003813	ja	0	撮ってないんだわ、すまぬ(´・ω・`)   電柱側の分配部分みたいな塊が外れたみたいになってみょーんって落ちてた。
textdetox@01907546324b0330d2d8b7669648cc18823323e5/ja/003814	ja	0	グンマーって怖いんだな、初めて知ったわw
textdetox@01907546324b0330d2d8b7669648cc18823323e5/ja/003815	ja	0	完全に台本読んでるだけだったなｗ
textdetox@01907546324b0330d2d8b7669648cc18823323e5/ja/003816	ja	0	全員がオオカミ少年だから、ないんじゃないの。
textdetox@01907546324b0330d2d8b7669648cc18823323e5/ja/003817	ja	0	その件に関して、こういった格付機関にペナルティは無かったのか？   まともに考えればＢクラス行きだよな
textdetox@01907546324b0330d2d8b7669648cc18823323e5/ja/003818	ja	0	おねえ～さんはサンバをおどってる～   サンバサンバサンバ
textdetox@01907546324b0330d2d8b7669648cc18823323e5/ja/003819	ja	0	日本が併合するまでほぼ原始時代だった
textdetox@01907546324b0330d2d8b7669648cc18823323e5/ja/003820	ja	0	100円が100倍になってもたった1万円だぞ
textdetox@01907546324b0330d2d8b7669648cc18823323e5/ja/003821	ja	0	なんで二回目だと勝つの？   俺も同じ理由でひろゆきが持っててくれたほうがいいと思うよ
textdetox@01907546324b0330d2d8b7669648cc18823323e5/ja/003822	ja	0	そうだろうねえ   張り付いてられるやつて専業者か学生だろうな
textdetox@01907546324b0330d2d8b7669648cc18823323e5/ja/003823	ja	0	大本教から出された「金勝要の神」の意味の一つに気付く人が増えるかな？。   「金」に「勝」つが「要」の意味に。
textdetox@01907546324b0330d2d8b7669648cc18823323e5/ja/003824	ja	0	確固としたリバランスをオバマでやれるかな…
textdetox@01907546324b0330d2d8b7669648cc18823323e5/ja/003825	ja	0	経営、運営には問題点が見つからない   商品は完璧、販売戦略も完璧、現場の売上だけが足りない
textdetox@01907546324b0330d2d8b7669648cc18823323e5/ja/003826	ja	0	良く分からんんですね   成り済ましな気もするし、違う気もする
textdetox@01907546324b0330d2d8b7669648cc18823323e5/ja/003827	ja	0	「巨人の星」の替え歌で「お前～仕込んだ～な～」ってあったよね
textdetox@01907546324b0330d2d8b7669648cc18823323e5/ja/003828	ja	0	教えて   気になってごはんが口に入らない
textdetox@01907546324b0330d2d8b7669648cc18823323e5/ja/003829	ja	0	未だに排除された専ブラでこことscを閲覧してるよ   広告無くてスッキリ
textdetox@01907546324b0330d2d8b7669648cc18823323e5/ja/003830	ja	0	工作員さんちーす！   いくらもらえるの？
textdetox@01907546324b0330d2d8b7669648cc18823323e5/ja/003831	ja	0	放送局は総務省の管轄   高市は総務省の大臣     上でした
textdetox@01907546324b0330d2d8b7669648cc18823323e5/ja/003832	ja	0	ちゃんと書かないとダメかなw   国際ニュース+のことですw
textdetox@01907546324b0330d2d8b7669648cc18823323e5/ja/003833	ja	0	そも、「ハリウッド」とはなんぞや？
textdetox@01907546324b0330d2d8b7669648cc18823323e5/ja/003834	ja	0	こういう言い方はあれなんだが   戦争は戦争で文化と文明の発露の形ではあるんだよな   良い悪いは別にして
textdetox@01907546324b0330d2d8b7669648cc18823323e5/ja/003835	ja	0	凄いな・・・あの難民フェイスブックいいねからこうも広がるから面白い
textdetox@01907546324b0330d2d8b7669648cc18823323e5/ja/003836	ja	0	ダイエーがイオンに変わって周りがイオンしかない地域もありそう
textdetox@01907546324b0330d2d8b7669648cc18823323e5/ja/003837	ja	0	あと２年もあるんだ。   平昌では、日本とは比べ物にならない素晴らしい伝説になるオープニングを演出すればいい
textdetox@01907546324b0330d2d8b7669648cc18823323e5/ja/003838	ja	0	その意味のわからん理屈はどこから来るんだ
textdetox@01907546324b0330d2d8b7669648cc18823323e5/ja/003839	ja	0	虎の門ニュース見だけど、青山議員がキャッチオール規制について話をしたら経産省の人も知らなかった人もいたようだった。
textdetox@01907546324b0330d2d8b7669648cc18823323e5/ja/003840	ja	0	まぁ、問題は湯川の行動と言うよりも、   チョンモメンどもの活動だけどね。
textdetox@01907546324b0330d2d8b7669648cc18823323e5/ja/003841	ja	0	でもソフトがまだできてないんだよね   DASシステムができないとF-35Aの先制攻撃ができなくて   F-16にさえ勝ち目無いという
textdetox@01907546324b0330d2d8b7669648cc18823323e5/ja/003842	ja	0	フォーシーズンタイヤの俺。高みの見物
textdetox@01907546324b0330d2d8b7669648cc18823323e5/ja/003843	ja	0	青色LEDの後追ってみな   大好きな日本人たたきが出来るぞ
textdetox@01907546324b0330d2d8b7669648cc18823323e5/ja/003844	ja	0	逃げきれなかったのか 競輪だけに   と思って選手情報調べたらﾜﾛﾀ     脚質 逃
textdetox@01907546324b0330d2d8b7669648cc18823323e5/ja/003845	ja	0	自家発電は得意なんだが・・・
textdetox@01907546324b0330d2d8b7669648cc18823323e5/ja/003846	ja	0	あなたの近くにも、難民はいます――     はい、そうですか
textdetox@01907546324b0330d2d8b7669648cc18823323e5/ja/003847	ja	0	豚肉が入って無くて何が豚汁だ！
textdetox@01907546324b0330d2d8b7669648cc18823323e5/ja/003848	ja	0	ああ隼鷹か   あのキャラ嫌いじゃないんだよな
textdetox@01907546324b0330d2d8b7669648cc18823323e5/ja/003849	ja	0	いつ解散カードを切られるかと怯えていた連中が   今度はいつ解散か？とまた騒ぎ出すだろうな
textdetox@01907546324b0330d2d8b7669648cc18823323e5/ja/003850	ja	0	歴史教科書に載せる＋別の小冊子にして配布してもいいレベル
textdetox@01907546324b0330d2d8b7669648cc18823323e5/ja/003851	ja	0	炭酸ニガ手だから炭酸抜けてから飲んでるわ
textdetox@01907546324b0330d2d8b7669648cc18823323e5/ja/003852	ja	0	杞憂であることを期待するわ   ついぞ別件で予測が綺麗に当たってしまったもんでな
textdetox@01907546324b0330d2d8b7669648cc18823323e5/ja/003853	ja	0	インドネシアでもそういうサクセスストーリーあるのかなあ。   知らんや。そこらへんは。
textdetox@01907546324b0330d2d8b7669648cc18823323e5/ja/003854	ja	0	集団的自衛権で徴兵制とかいって騒いでっけど個別自衛権のみでやってく時こそ徴兵制が必要になるって少し考えればわかるよなぁ
textdetox@01907546324b0330d2d8b7669648cc18823323e5/ja/003855	ja	0	それはないね   雑談で言論弾圧されて可哀そうだとは思うけどな
textdetox@01907546324b0330d2d8b7669648cc18823323e5/ja/003856	ja	0	昭和アニメやディズニーも含めてと言う意味かと。
textdetox@01907546324b0330d2d8b7669648cc18823323e5/ja/003857	ja	0	訴える云々でなく、こんなん来ました～と警察に届けてきた報告や。
textdetox@01907546324b0330d2d8b7669648cc18823323e5/ja/003858	ja	0	まあそれでも本気で心配して寄付してくれた人には感謝してるよ
textdetox@01907546324b0330d2d8b7669648cc18823323e5/ja/003859	ja	0	( ﾟ∀ﾟ)ｱﾊﾊ八八ﾉヽﾉヽﾉヽﾉ ＼ / ＼/ ＼ ナイスジョーク
textdetox@01907546324b0330d2d8b7669648cc18823323e5/ja/003860	ja	0	twitter4/4で更新止まってんねｗ   鎮火待ちなんやろなｗｗｗ
textdetox@01907546324b0330d2d8b7669648cc18823323e5/ja/003861	ja	0	でもレーダー照射されたら回避するしかないだろ
textdetox@01907546324b0330d2d8b7669648cc18823323e5/ja/003862	ja	0	それだと数の多い中国が勝つって話じゃねえかｗ
textdetox@01907546324b0330d2d8b7669648cc18823323e5/ja/003863	ja	0	よく言われるのが対消滅(2017年現在兵器として実現可能とは言っていない)     核分裂, 核融合と同じく反応前後の質量の差が生じるエネルギーなわけだが、物質と反物質(例えば電子と陽電子)の対消滅の場合質量が０になるから、反応物質質量あたりのエネルギーは既存の核兵器と桁違い
textdetox@01907546324b0330d2d8b7669648cc18823323e5/ja/003864	ja	0	え？背中に★印が付いたやつが居るの？
textdetox@01907546324b0330d2d8b7669648cc18823323e5/ja/003865	ja	0	どこかで見たが、もう大和ほどの船体を作るだけの   技術を喪失してしまったらしいぞ   まあ、実用目的での話だろうから展示目的なら今でも可能だろうがな
textdetox@01907546324b0330d2d8b7669648cc18823323e5/ja/003866	ja	0	地下鉄でどうとか例の交差点でとか   そういうのでなければ問題ないやろ
textdetox@01907546324b0330d2d8b7669648cc18823323e5/ja/003867	ja	0	たしかにあやしいが、裏はとれないだろ。
textdetox@01907546324b0330d2d8b7669648cc18823323e5/ja/003868	ja	0	その通り   ここまでの発言して批判されないなんて
textdetox@01907546324b0330d2d8b7669648cc18823323e5/ja/003869	ja	0	それと、知り合いの警察が２年前にじゃあのｗｗｗさんの言ってた強制送還があるって知ってたし(｀･ω･´)ゞ     警察はそのシナリオで動いてる模様(＊｀Д´)ノ！！！
textdetox@01907546324b0330d2d8b7669648cc18823323e5/ja/003870	ja	0	ハリルに代わった時点ではそうだったね     でも、もうその2人の時代は終わってて、ほとんど試合に出てないよ
textdetox@01907546324b0330d2d8b7669648cc18823323e5/ja/003871	ja	0	マイナンバー関連の業務を受注してたんだっけ？
textdetox@01907546324b0330d2d8b7669648cc18823323e5/ja/003872	ja	0	沸騰なんて言ってないけどな     俺も思い浮かんだ
textdetox@01907546324b0330d2d8b7669648cc18823323e5/ja/003873	ja	0	一瞬考えちゃったよｗ   評価する。
textdetox@01907546324b0330d2d8b7669648cc18823323e5/ja/003874	ja	0	輸入銅銭が長いこと流通していたはずだが   高額取引とかどういう状態だったのかよくわからない
textdetox@01907546324b0330d2d8b7669648cc18823323e5/ja/003875	ja	0	そうかー   ビザ復活したらお祝いにアオキーズピザのニックロックのLサイズ1人で食うわ
textdetox@01907546324b0330d2d8b7669648cc18823323e5/ja/003876	ja	0	そっちのほうがまだ信憑性があるな
textdetox@01907546324b0330d2d8b7669648cc18823323e5/ja/003877	ja	0	スターリングが許されるなら熱源がマイクロ原発でも許されたかも
textdetox@01907546324b0330d2d8b7669648cc18823323e5/ja/003878	ja	0	このバス、まだ出発してなかったのねｗ
textdetox@01907546324b0330d2d8b7669648cc18823323e5/ja/003879	ja	0	別スレでも煽ってただろ   今日はあっちはお留守でいいのか？
textdetox@01907546324b0330d2d8b7669648cc18823323e5/ja/003880	ja	0	ガンホーやらフールーやら   あちらさん意外と中国語がお好き
textdetox@01907546324b0330d2d8b7669648cc18823323e5/ja/003881	ja	0	形だけの許可取ってたとしても、道路の真ん中で演説していいとは   許可出していないと思う。
textdetox@01907546324b0330d2d8b7669648cc18823323e5/ja/003882	ja	0	今の学説では気枯れとも書いて気が枯れているという意味だって
textdetox@01907546324b0330d2d8b7669648cc18823323e5/ja/003883	ja	0	一応、ソ連のように決戦の前に自滅する可能性もあるけどな。
textdetox@01907546324b0330d2d8b7669648cc18823323e5/ja/003884	ja	0	この方針だと、帰ってきたら帰ってきたで日本国内にかなりの面積の「日本人以外の民族が多数派な土地」を抱え込むよね。   案外たいした問題も無くうまく日本に組み込むことも可能なのかもしれないけど、やはりどういう結果を招くか計り知れなくて怖いな、という所。
textdetox@01907546324b0330d2d8b7669648cc18823323e5/ja/003885	ja	0	この手のスレがそうなるのは知ってる   他のスレにも急に数が増えていると言いたかった
textdetox@01907546324b0330d2d8b7669648cc18823323e5/ja/003886	ja	0	東日本大震災の後に、いろいろ買い集めたなんかわけわからんものが倉庫や部屋のあちこちに眠っている。   もはや、何を買ったかも覚えてなくて、片づけた方がよいのかとも思っていたが、まだ持ってた方がよさそうだな。   でももう、これ以上置く場所がない。orz
textdetox@01907546324b0330d2d8b7669648cc18823323e5/ja/003887	ja	0	あれこれって技術向上次第でテレパシーが可能になるってことか？
textdetox@01907546324b0330d2d8b7669648cc18823323e5/ja/003888	ja	0	実は人肉とは書いてないらしい   肉の塩漬けとだけあって何の肉かは謎
textdetox@01907546324b0330d2d8b7669648cc18823323e5/ja/003889	ja	0	この話題をきっかけに、元ネタであり、動機である「コリアンの記事」が   どれくらい広まるかはちょっと気になる     みんなまんまと踊ってそうにも見えるけどね
textdetox@01907546324b0330d2d8b7669648cc18823323e5/ja/003890	ja	0	香川県の水は、   高知県の早明浦ダム上流に雨が降ったかどうかで決まるからなぁ。     一応、早明浦ダムには現在のところはたっぷり水があるはずだが。
textdetox@01907546324b0330d2d8b7669648cc18823323e5/ja/003891	ja	0	これ前張り派からのリークってマジなん？
textdetox@01907546324b0330d2d8b7669648cc18823323e5/ja/003892	ja	0	順序立てて書いてあるから読みやすいよね
textdetox@01907546324b0330d2d8b7669648cc18823323e5/ja/003893	ja	0	小浜「…これで旗色が決まるなw。」
textdetox@01907546324b0330d2d8b7669648cc18823323e5/ja/003894	ja	0	ごくさ   ごくう   の支持者が混じると政治家はこうなるのですか？
textdetox@01907546324b0330d2d8b7669648cc18823323e5/ja/003895	ja	0	キングスフィールドを今の画質でリメイクしたら、確実に酔うなｗ
textdetox@01907546324b0330d2d8b7669648cc18823323e5/ja/003896	ja	0	それもどうかな   トルバドゥールみたいに文字持ってても口伝で伝えて結局失われた文化とかあったわけだし   口伝があったと言われても反応しないというのは文化を論じるものとしては怠慢じゃないか。   結局テクスト化されたものが残るんだ、というのはその通りだと思うが。
textdetox@01907546324b0330d2d8b7669648cc18823323e5/ja/003897	ja	0	乙ｗ   俺も旧２ｃｈで誰もいないところでずっと保守してたｗ
textdetox@01907546324b0330d2d8b7669648cc18823323e5/ja/003898	ja	0	削除されたデータまで拾ってる、っていうのが凄いですよね、ど根性だ
textdetox@01907546324b0330d2d8b7669648cc18823323e5/ja/003899	ja	0	すこしでも役に立てばと   被災すると自分で探す時間もなくなることがあったし
textdetox@01907546324b0330d2d8b7669648cc18823323e5/ja/003900	ja	0	左翼側にはKAZUYA氏みたいな人材がいないのかもしれないな
textdetox@01907546324b0330d2d8b7669648cc18823323e5/ja/003901	ja	0	むしろZちゃんねるだろ   字も2と似てるしｗ
textdetox@01907546324b0330d2d8b7669648cc18823323e5/ja/003902	ja	0	学校とかてしょぼいサーバーを使っているからな。
textdetox@01907546324b0330d2d8b7669648cc18823323e5/ja/003903	ja	0	うわ…本当に戦争しかけてきてるんだなあ
textdetox@01907546324b0330d2d8b7669648cc18823323e5/ja/003904	ja	0	現世利益を説く朝鮮カルトキリスト教は、クリスチャンのようでいて完全に異端の別宗教。
textdetox@01907546324b0330d2d8b7669648cc18823323e5/ja/003905	ja	0	そういえば１年くらい前に聞いたリコール署名を集める！はどうなった？   って、今の状況を見れば、へたれたことは明らかか
textdetox@01907546324b0330d2d8b7669648cc18823323e5/ja/003906	ja	0	赤旗は、かなり政治的な記事が多いけど   政教は、そういうの少ない。というか一面は大体SGIの話
textdetox@01907546324b0330d2d8b7669648cc18823323e5/ja/003907	ja	0	見てる分には無茶苦茶面白いけどなw
textdetox@01907546324b0330d2d8b7669648cc18823323e5/ja/003908	ja	0	どんなツイートを載せたんだ？   試しに１０個ぐらい披露してくれ
textdetox@01907546324b0330d2d8b7669648cc18823323e5/ja/003909	ja	0	もしくは成功しそうになったら共同開発だねｗ
textdetox@01907546324b0330d2d8b7669648cc18823323e5/ja/003910	ja	0	間接的にAIIBに参加しているとも言えるな
textdetox@01907546324b0330d2d8b7669648cc18823323e5/ja/003911	ja	0	まあチョンの快挙だな   引き立て役としてのｗ
textdetox@01907546324b0330d2d8b7669648cc18823323e5/ja/003912	ja	0	あのブロック塀は違法らしいね   塀に直角につける支えが無いそうだ
textdetox@01907546324b0330d2d8b7669648cc18823323e5/ja/003913	ja	0	こんだけ減ったなら喫煙所増やしてやれよ   十分に減ったし満足してやれよ
textdetox@01907546324b0330d2d8b7669648cc18823323e5/ja/003914	ja	0	わかっているけど一応な   すまんな
textdetox@01907546324b0330d2d8b7669648cc18823323e5/ja/003915	ja	0	全ての案件に対して、その辺の石ころのように思考しないなら   中立の立場といえるが、社会生活をしてる人間には不可能だろう。
textdetox@01907546324b0330d2d8b7669648cc18823323e5/ja/003916	ja	0	戦争の前にアカ狩りしなくては(提案)
textdetox@01907546324b0330d2d8b7669648cc18823323e5/ja/003917	ja	0	不純物を含まないケイ素の球体を使えば厳格に1kgを規定できる     基の１ｋｇって？
textdetox@01907546324b0330d2d8b7669648cc18823323e5/ja/003918	ja	0	日本刀の規制は材料とかも制限されてて、新素材を試せなかったはず。   で、外国人が鍛造方法を学んで帰国し、自由な発想で形も素材も新しいものを作って発展的に楽しんでいる。   日本刀の規制緩和は生産数量は当然として、素材や形状についても規制を撤廃して技術の発展を促す方向が望ましい。
textdetox@01907546324b0330d2d8b7669648cc18823323e5/ja/003919	ja	0	その時代にもいた事はアストロ球団の作者がインタビューで明かしてるんだよなあ
textdetox@01907546324b0330d2d8b7669648cc18823323e5/ja/003920	ja	0	消し飛ばして構わないなら40分とかからんが   島の面積減らすと関連国が真っ青になるんで   相当な手加減でいくのです
textdetox@01907546324b0330d2d8b7669648cc18823323e5/ja/003921	ja	0	昭恵の名前を籠池が勝手に使った所を   財務省が削除したんでしょ？   一年前ぐらいと同じ情報じゃねーか？
textdetox@01907546324b0330d2d8b7669648cc18823323e5/ja/003922	ja	0	はぁ、さいですか。     笑い方で温泉の歌思い出したわ。
textdetox@01907546324b0330d2d8b7669648cc18823323e5/ja/003923	ja	0	竹島踏んづけに行ってV字回復したら大笑いw
textdetox@01907546324b0330d2d8b7669648cc18823323e5/ja/003924	ja	0	でも大阪市が全国の人をヘイト認定することは可能だよ   ネットのものをヘイト認定すれば、大阪市に住んでいるとは限らないし
textdetox@01907546324b0330d2d8b7669648cc18823323e5/ja/003925	ja	0	そりゃまあ素直な本音だったんだろうけど、この人達の力になりたいとか自分の環境が恵まれてることに感謝するとかじゃなくて、いたくないって視察拒否とかすごいな…
textdetox@01907546324b0330d2d8b7669648cc18823323e5/ja/003926	ja	0	欧米の方は日本の同調圧力どころではない   言うなればファシズムに近いもの
textdetox@01907546324b0330d2d8b7669648cc18823323e5/ja/003927	ja	0	駅まで歩いただけで日焼けがすごいぞ。   腕時計の痕がくっきり。
textdetox@01907546324b0330d2d8b7669648cc18823323e5/ja/003928	ja	0	おれも新発見したゴリラとクジラでゴジラが生まれる
textdetox@01907546324b0330d2d8b7669648cc18823323e5/ja/003929	ja	0	そのニュースだと、保育士でないとできないところと、小学校教員ＯＢでできるところが分けてあったよ
textdetox@01907546324b0330d2d8b7669648cc18823323e5/ja/003930	ja	0	真ん中は小文字のeだったけど夜にやる三文字のワードが出た時には流石にブラウザ変えた
textdetox@01907546324b0330d2d8b7669648cc18823323e5/ja/003931	ja	0	なんか体制維持を保証すれば核放棄するなんてNHKで言ってたけどマジか？   経済封鎖が効いてるのかな
textdetox@01907546324b0330d2d8b7669648cc18823323e5/ja/003932	ja	0	狼煙上げるより今ある火種のそばにモロトフカクテル置きたい気分
textdetox@01907546324b0330d2d8b7669648cc18823323e5/ja/003933	ja	0	それどころか都民の判断は日本全体の総意だとか言い出すと思うぞ
textdetox@01907546324b0330d2d8b7669648cc18823323e5/ja/003934	ja	0	カミナリからパワーを貰ったウイスキー……   でも、SUNTORYなんでしょう？飲みたいような、飲みたくないような……
textdetox@01907546324b0330d2d8b7669648cc18823323e5/ja/003935	ja	0	どういう意図で言ったのか知らないがこれは過剰反応だろ
textdetox@01907546324b0330d2d8b7669648cc18823323e5/ja/003936	ja	0	スマン   頑張ったけどどうにもならん
textdetox@01907546324b0330d2d8b7669648cc18823323e5/ja/003937	ja	0	それはない     他国の事なんで、進んでpgrする程のモンでもないけど
textdetox@01907546324b0330d2d8b7669648cc18823323e5/ja/003938	ja	0	億円さんはなぜ結婚しないの？
textdetox@01907546324b0330d2d8b7669648cc18823323e5/ja/003939	ja	0	ビーチがあって行楽客用に作ったみたい
textdetox@01907546324b0330d2d8b7669648cc18823323e5/ja/003940	ja	0	国会で問題提示してから言えよなｗ
textdetox@01907546324b0330d2d8b7669648cc18823323e5/ja/003941	ja	0	警備を厳重にされると困るの？
textdetox@01907546324b0330d2d8b7669648cc18823323e5/ja/003942	ja	0	ストリーキングと聞くと   あぁ、道の王様ね、だよねみんな避けるもんね   と思っちゃう
textdetox@01907546324b0330d2d8b7669648cc18823323e5/ja/003943	ja	0	パートの主婦が世帯分買うんじゃないかなぁ     それでも一般的な家庭の主婦は長時間並ぶほど暇じゃないし   独身のサラリーマンはもってのほか
textdetox@01907546324b0330d2d8b7669648cc18823323e5/ja/003944	ja	0	禁止と変わらんくらいの金額になりますよ。
textdetox@01907546324b0330d2d8b7669648cc18823323e5/ja/003945	ja	0	「家をきれいにするには人間がいなければ良いんだ」って発想になる人は目標設定が間違ってるからAI開発に向いてないよ
textdetox@01907546324b0330d2d8b7669648cc18823323e5/ja/003946	ja	0	土地ねえ   我が県では平均の数字がｳﾝ10年前の半値だったりするけど   子供増える見込みが全く立ちませぬ
textdetox@01907546324b0330d2d8b7669648cc18823323e5/ja/003947	ja	0	メンテとどちらが大問題かはわからないが、   低温熱源が真空中だと取りづらいんじゃないか。
textdetox@01907546324b0330d2d8b7669648cc18823323e5/ja/003948	ja	0	帰化すれば、皆日本人です。   昔と違って、今は、帰化条件がかなり緩和されたらしいね。   親の代で帰化した人も多いでしょう
textdetox@01907546324b0330d2d8b7669648cc18823323e5/ja/003949	ja	0	これで少しは外務省も真面になるだろ
textdetox@01907546324b0330d2d8b7669648cc18823323e5/ja/003950	ja	0	ニュルンベルグのマイスタージンガーをみんなで歌い返していたら神
textdetox@01907546324b0330d2d8b7669648cc18823323e5/ja/003951	ja	0	そういう意味ではないのですがレスどうも
textdetox@01907546324b0330d2d8b7669648cc18823323e5/ja/003952	ja	0	引き止めてもらえない方が問題じゃないのか？
textdetox@01907546324b0330d2d8b7669648cc18823323e5/ja/003953	ja	0	その前に、有益な活動実態のないＮＰＯのお金をよそに回せる仕組みでも作ったら？
textdetox@01907546324b0330d2d8b7669648cc18823323e5/ja/003954	ja	0	まだまだ真実には遠い。   右傾化だろうがなんだろうが言わせておけばいい。
textdetox@01907546324b0330d2d8b7669648cc18823323e5/ja/003955	ja	0	都民に限らず、都市部の連中はそういう傾向にあるような気がする
textdetox@01907546324b0330d2d8b7669648cc18823323e5/ja/003956	ja	0	シュバルツシルト何作か積んであるわ。   完結しないだろうな。
textdetox@01907546324b0330d2d8b7669648cc18823323e5/ja/003957	ja	0	同姓でもいいが、別姓でも問題はない   選ぶ権利くらい合ってもいい
textdetox@01907546324b0330d2d8b7669648cc18823323e5/ja/003958	ja	0	これだって日米分断の工作かもよ
textdetox@01907546324b0330d2d8b7669648cc18823323e5/ja/003959	ja	0	知らなかったのかよ   以前の騒動ですっかり悪行が知れわたったぞ
textdetox@01907546324b0330d2d8b7669648cc18823323e5/ja/003960	ja	0	実はこのスレタイの   「佳子さま」と「2ちゃん」がくっついて   毎度「佳子ちゃん」に空目してしまい、ドキッとする
textdetox@01907546324b0330d2d8b7669648cc18823323e5/ja/003961	ja	0	例えば、蹴鞠とかオリンピックの種目に出来ないし   アジア発で競技に出来そうなスポーツってあるんですかね     テコンドーとか言う謎競技はあるみたいですが
textdetox@01907546324b0330d2d8b7669648cc18823323e5/ja/003962	ja	0	こんなにマウスが小さく見えたのは初めてだ（黒森峰）
textdetox@01907546324b0330d2d8b7669648cc18823323e5/ja/003963	ja	0	本格的に住所移したのは最近かもしれんが、前からフランスに住んで訴訟やってたので、   現状では多分やるだろう。多分。
textdetox@01907546324b0330d2d8b7669648cc18823323e5/ja/003964	ja	0	また委員長のメモをむしりとったんだってさ   でも委員長は暗記していたとｗ   ムスコーみたいに次々に懐からメモを出すのも面白いけど、暗記していたとはやるねえ
textdetox@01907546324b0330d2d8b7669648cc18823323e5/ja/003965	ja	0	護国神社は既に存在しているのに、さらに分祀するって言ってるから   じゃあ護国神社をもっと増やすのかなって
textdetox@01907546324b0330d2d8b7669648cc18823323e5/ja/003966	ja	0	どうせなら栄養成分表示画像もあると良かったね   そんなに米にドバドバかける醤油なんて日本人には信じ難いから   どんなものか気になるし納得すれば日本市場も狙える!?
textdetox@01907546324b0330d2d8b7669648cc18823323e5/ja/003967	ja	0	ホームの列車発車案内も日本語と英語以外はQRコードで対応出来る筈だ   言語増やしたら次に日本語が読めるまでに時間が掛かって不便になる
textdetox@01907546324b0330d2d8b7669648cc18823323e5/ja/003968	ja	0	人増えるまでは細分化せず同じ板でまとめて扱えばいいんじゃないかな
textdetox@01907546324b0330d2d8b7669648cc18823323e5/ja/003969	ja	0	＞「冷房は固定されており、風速、風向きを調節するシステムはない」   ＞空調電源のオンとオフを繰り返していたと説明。   さて矛盾している事柄について説明してもらおうか
textdetox@01907546324b0330d2d8b7669648cc18823323e5/ja/003970	ja	0	な？俺の方がいいよな？
textdetox@01907546324b0330d2d8b7669648cc18823323e5/ja/003971	ja	0	リカちゃんは「ハンJの姫」か「ハンJの女帝」か、どっちや？   ワイには分かれへんねや！！
textdetox@01907546324b0330d2d8b7669648cc18823323e5/ja/003972	ja	0	今日からもう２チョンのカキコみ止めて   こっちに移るわｗ
textdetox@01907546324b0330d2d8b7669648cc18823323e5/ja/003973	ja	0	全部のビルが倒れたのならまだしも、隣のビルは倒れなかったんだよね。   ニュージランドの地震の時もそうだったね。   その倒れたビルの設計施工会社はどこかな
textdetox@01907546324b0330d2d8b7669648cc18823323e5/ja/003974	ja	0	レーザー兵器も、馬鹿げてると言われてたけど、   実用化しつつあるからなぁ
textdetox@01907546324b0330d2d8b7669648cc18823323e5/ja/003975	ja	0	全面支持   というか、本来なら日本政府が率先して動かないといけないんだろうけども
textdetox@01907546324b0330d2d8b7669648cc18823323e5/ja/003976	ja	0	コンビニで売るんだから、出先で食う前提でしょ。
textdetox@01907546324b0330d2d8b7669648cc18823323e5/ja/003977	ja	0	さーてこれから各国水族館を追求しなきゃな   WAZAのみなさんよお
textdetox@01907546324b0330d2d8b7669648cc18823323e5/ja/003978	ja	0	御堂筋線が終日運休らしいけど、阪急線も復旧の目途が立ってないとか・・・。   近所の電線が下に落ちてたのには驚いた。   よく見ると所々で壁の一部とか落ちてきてるわ。
textdetox@01907546324b0330d2d8b7669648cc18823323e5/ja/003979	ja	0	もう沈黙は金、というわけにはいきませんよね   嘘も100回言えば本当になることには散々苦しめられましたし   余計な感情はいりません、事実を強く発信してくれることを望みます
textdetox@01907546324b0330d2d8b7669648cc18823323e5/ja/003980	ja	0	あれ、日本と考えが一致した。   お互い距離を置けばウィンウィンでいいね。   日本もこれで距離が置けるし。
textdetox@01907546324b0330d2d8b7669648cc18823323e5/ja/003981	ja	0	軍事作戦で行う狙撃には、観測員が付くのが普通の様子。
textdetox@01907546324b0330d2d8b7669648cc18823323e5/ja/003982	ja	0	ドラクエの1は   主人公一人を操作するんだから   オブリビオンとかスカイリムのシステムで   リメイク出来ると思うんだよな。
textdetox@01907546324b0330d2d8b7669648cc18823323e5/ja/003983	ja	0	大丈夫だよ同じ特アのお仲間だからw
textdetox@01907546324b0330d2d8b7669648cc18823323e5/ja/003984	ja	0	差別や排斥は無くさなければならないが、税金で支える意味はわからない
textdetox@01907546324b0330d2d8b7669648cc18823323e5/ja/003985	ja	0	年中出しててすみません   最近イベント連動型の広告が多くて、イベント参加すると自動的に求人広告出しちゃうんですよねー……     ウチはブラックではないはず！
textdetox@01907546324b0330d2d8b7669648cc18823323e5/ja/003986	ja	0	サングラスと赤い上下に意味はあるのかね
textdetox@01907546324b0330d2d8b7669648cc18823323e5/ja/003987	ja	0	行数多いと偉いんだろ？   あそこ目立って大きな声上げた奴が正義だし
textdetox@01907546324b0330d2d8b7669648cc18823323e5/ja/003988	ja	0	「将軍」という言い方はされるらしい   「元帥」の方が一般的らしいけど   永久欠番にした肩書きは「総書記」   だから自分は「第一書記」なんだと
textdetox@01907546324b0330d2d8b7669648cc18823323e5/ja/003989	ja	0	へー   アメリカに戦争をされると困る人なの？
textdetox@01907546324b0330d2d8b7669648cc18823323e5/ja/003990	ja	0	１０センチの積雪！！   もう駄目だぁ、雪に閉じこめられて食料も尽きてしまうんだぁ
textdetox@01907546324b0330d2d8b7669648cc18823323e5/ja/003991	ja	0	以前に別のスレにも書きましたが、『るろ剣』を大河仕立てで作っても面白いかも……主演は佐藤健さんで。   るろ剣なら、幕末が舞台だし、歴史上の有名人は、たくさん出てくるし、脚本がコケなければ、絶対に面白いと思います。
textdetox@01907546324b0330d2d8b7669648cc18823323e5/ja/003992	ja	0	そうなんだよな   まさか別の新聞がｗ
textdetox@01907546324b0330d2d8b7669648cc18823323e5/ja/003993	ja	0	ろくな友達が居ないのねｗ     知ってたけどｗｗｗｗ
textdetox@01907546324b0330d2d8b7669648cc18823323e5/ja/003994	ja	0	台風に助けられた、という考えを抜きにしても、元寇が700年以上昔だったのを考えれば、当時の日本人は本当に凄い戦いをしたんですよね。   敵の船の上、海の上で戦ったわけですから。   太古の昔から、日本人は海と共存していたので潮の流れとか、風向きとか戦いに応用していたのでしょう。
textdetox@01907546324b0330d2d8b7669648cc18823323e5/ja/003995	ja	0	まずグランプリシリーズが各地で6戦行われ、その中で各選手が選んで出場する2戦の成績で争われる   男女上位6人が7戦目のファイナルに出場できる
textdetox@01907546324b0330d2d8b7669648cc18823323e5/ja/003996	ja	0	うーん、都政が遅れてるのでやめるなら早い方がいいけど、   4年後じゃなくて今回国政に勝負に出たのは間違いだったね。
textdetox@01907546324b0330d2d8b7669648cc18823323e5/ja/003997	ja	0	インディ・なんたらさん「こりゃ、砂を撒く手間が省けていい♪」
textdetox@01907546324b0330d2d8b7669648cc18823323e5/ja/003998	ja	0	日本のは自主的にやってるから、イオンとか。
textdetox@01907546324b0330d2d8b7669648cc18823323e5/ja/003999	ja	0	でも朝日新聞社に知り合いがいるとか書いてた(´･ω･`)
textdetox@01907546324b0330d2d8b7669648cc18823323e5/ja/004000	ja	0	ちなみに、物語の「かぐや姫」にはモデルがいて   「記紀」の記述では、「讃岐垂根王」という皇族の姪っ子の「迦具夜比売命」と言う姫が、垂仁天皇に嫁いでいる
textdetox@01907546324b0330d2d8b7669648cc18823323e5/ja/004001	ja	0	ケントをテレビで見なくなったのは   もしかしてそういうことか？
textdetox@01907546324b0330d2d8b7669648cc18823323e5/ja/004002	ja	0	これだけやらかしても販売再開すれば売れるだろうから   多少借金が膨らんでも安泰だと思うよ
textdetox@01907546324b0330d2d8b7669648cc18823323e5/ja/004003	ja	0	あーそういえば京急の能見台駅前にも雪だと登れない名物の急坂があったことを思い出したｗ   駅の４方向が全部急坂だから大変だあそこは
textdetox@01907546324b0330d2d8b7669648cc18823323e5/ja/004004	ja	0	真鍋だけじゃ、同姓の人に迷惑がかかるから、ちゃんと「真鍋厚」って下の名前まで書かないと。   「まなべあつし」って読むのかな？
textdetox@01907546324b0330d2d8b7669648cc18823323e5/ja/004005	ja	0	もう一回くらい、やっぱ欠席って言い出すと思う
textdetox@01907546324b0330d2d8b7669648cc18823323e5/ja/004006	ja	0	今ニュースでやってたけど、駒崎が財務省と組んで出した法案だってさ
textdetox@01907546324b0330d2d8b7669648cc18823323e5/ja/004007	ja	0	そりゃあ「戦争法案」なんてありもしない法案の廃止を求めるくらいだからお察しでしょ
textdetox@01907546324b0330d2d8b7669648cc18823323e5/ja/004008	ja	0	速攻でラインがまわるんじゃないか？
textdetox@01907546324b0330d2d8b7669648cc18823323e5/ja/004009	ja	0	「波紋を呼びそうだ」「より深い議論が求められる」と同じ手法ですね。
textdetox@01907546324b0330d2d8b7669648cc18823323e5/ja/004010	ja	0	趣味系のスレだとアンチスレ住人は信者より分析するために読み込んでる・やり込んでるって言われるからなｗ
textdetox@01907546324b0330d2d8b7669648cc18823323e5/ja/004011	ja	0	よほど腹減ってないと2つはいらないけど、もう少しボリュームがあるといいなとは思う
textdetox@01907546324b0330d2d8b7669648cc18823323e5/ja/004012	ja	0	消えた年金と同じパターンだな。   厚労省の公務員は働き方を改革した方がよい。
textdetox@01907546324b0330d2d8b7669648cc18823323e5/ja/004013	ja	0	つか   昔のアニメ再放送増やせばいいんじゃないか？
textdetox@01907546324b0330d2d8b7669648cc18823323e5/ja/004014	ja	0	結構マジでそうなってるみたいだがなー…
textdetox@01907546324b0330d2d8b7669648cc18823323e5/ja/004015	ja	0	マジレスされるとは思わなかった.....
textdetox@01907546324b0330d2d8b7669648cc18823323e5/ja/004016	ja	0	ムーンストーンは開発中の時がピークやし
textdetox@01907546324b0330d2d8b7669648cc18823323e5/ja/004017	ja	0	ブシドーブレイド   あの一発喰らったら終わりという緊迫感をｗ
textdetox@01907546324b0330d2d8b7669648cc18823323e5/ja/004018	ja	0	あの日は朝に震度6強があって、大きいのはその夜に震度4の余震があっただけ。一発屋だったな。   油断してたらでかいのが来るんだろうか
textdetox@01907546324b0330d2d8b7669648cc18823323e5/ja/004019	ja	0	たぶんこれが正解   ファンロード誌がまさにそんな感じだった
textdetox@01907546324b0330d2d8b7669648cc18823323e5/ja/004020	ja	0	ところで、次期大統領最有力候補のムン・ジェインは、THAADについてはなんて言ってんの？
textdetox@01907546324b0330d2d8b7669648cc18823323e5/ja/004021	ja	0	そら、あれだけ本人や周りが問題を起こしていれば、やめろコールも起きるわなｗ
textdetox@01907546324b0330d2d8b7669648cc18823323e5/ja/004022	ja	0	今の若者って、この程度なんか？w
textdetox@01907546324b0330d2d8b7669648cc18823323e5/ja/004023	ja	0	日本のファストフード、牛丼が最強だわ。   ハンバーガー屋は喫茶店として頑張るしかないね。
textdetox@01907546324b0330d2d8b7669648cc18823323e5/ja/004024	ja	0	うまい！w。   座布団十枚w。
textdetox@01907546324b0330d2d8b7669648cc18823323e5/ja/004025	ja	0	君は今まで食べたパンの数を数えているのかね？
textdetox@01907546324b0330d2d8b7669648cc18823323e5/ja/004026	ja	0	ドックファイトに強い機体と言うとF-14かF-15以外ありえない。
textdetox@01907546324b0330d2d8b7669648cc18823323e5/ja/004027	ja	0	んで結局、わが国の少子化対策としてはどうすればいいんだ？
textdetox@01907546324b0330d2d8b7669648cc18823323e5/ja/004028	ja	0	一応の隔離になるけど、出来たら出来たでどこかの民族学校みたいなことになりそう
textdetox@01907546324b0330d2d8b7669648cc18823323e5/ja/004029	ja	0	あとさ   食に関してはやむ得ない場合食べても良い   って教えのなかにもあるんじゃなかった？
textdetox@01907546324b0330d2d8b7669648cc18823323e5/ja/004030	ja	0	イスラームは平和と寛容の教えだからね。きっと平和な紛争とか平和な対立とかを為し遂げてくれることだろう。
textdetox@01907546324b0330d2d8b7669648cc18823323e5/ja/004031	ja	0	これはいい傾向だね   ＮＴＴやパナソニックを見習おうぜ！
textdetox@01907546324b0330d2d8b7669648cc18823323e5/ja/004032	ja	0	身元も分からないくらいグチャグチャになっちゃったんだな･･･
textdetox@01907546324b0330d2d8b7669648cc18823323e5/ja/004033	ja	0	俺らはニュースで知るイメージしかないから   話し合ってみないと分からない部分はあるかもしれないな
textdetox@01907546324b0330d2d8b7669648cc18823323e5/ja/004034	ja	0	ジブリは時代に合わなくなった感があるな
textdetox@01907546324b0330d2d8b7669648cc18823323e5/ja/004035	ja	0	サンケイよくやってくれてるが、あとはSGIと手を切れ
textdetox@01907546324b0330d2d8b7669648cc18823323e5/ja/004036	ja	0	別になくそうというわけでない。   税金で特別に支える必要はないというだけ。
textdetox@01907546324b0330d2d8b7669648cc18823323e5/ja/004037	ja	0	こちらに移ってたんだ！   今知ったよ！
textdetox@01907546324b0330d2d8b7669648cc18823323e5/ja/004038	ja	0	噂ではよく聞くけど、ソースが欲しいところ
textdetox@01907546324b0330d2d8b7669648cc18823323e5/ja/004039	ja	0	脅迫状が来たなう♪ もう何番も煎じだけど、その後の身の振り方が気になる。
textdetox@01907546324b0330d2d8b7669648cc18823323e5/ja/004040	ja	0	あ、良かった   俺の認識が間違ってるのかと不安になったわ
textdetox@01907546324b0330d2d8b7669648cc18823323e5/ja/004041	ja	0	結局小売りが耐えれなくなって、セールしてるしな。
textdetox@01907546324b0330d2d8b7669648cc18823323e5/ja/004042	ja	0	というか、混乱なくソウル市内で何日間も一般車両の交通規制してコース作れるんか？
textdetox@01907546324b0330d2d8b7669648cc18823323e5/ja/004043	ja	0	core2duo世代までダメなんでしょ   biosも入れ替えないとだめらしいけど古すぎて放置だろうな
textdetox@01907546324b0330d2d8b7669648cc18823323e5/ja/004044	ja	0	市内の他の学校も違法かなぁ   お金の流れも気になるところ
textdetox@01907546324b0330d2d8b7669648cc18823323e5/ja/004045	ja	0	まだ改名したばかりだぞ。   ご、ご利益はこれからじゃないかっ！
textdetox@01907546324b0330d2d8b7669648cc18823323e5/ja/004046	ja	0	このスレ、GPファイナルを五輪のおまけか何かと勘違いしてる人が多いな
textdetox@01907546324b0330d2d8b7669648cc18823323e5/ja/004047	ja	0	栃木県って小さい頃に旅行で行ったけど   夜になると山林から落武者でも出そうで凄く怖かったな～
textdetox@01907546324b0330d2d8b7669648cc18823323e5/ja/004048	ja	0	逆じゃないかなあ。健在であることを示さないと商売に支障をきたすって部分があるんだと思う
textdetox@01907546324b0330d2d8b7669648cc18823323e5/ja/004049	ja	0	自然交配で作らなくても遺伝子組み換えた方が早いじゃんって話なんだろうな
textdetox@01907546324b0330d2d8b7669648cc18823323e5/ja/004050	ja	0	作るのがウリかもと思うと   何を混ぜられるやら、かなり怖いんだが
textdetox@01907546324b0330d2d8b7669648cc18823323e5/ja/004051	ja	0	で、これだからな。   日本人だという根拠は何だという。
textdetox@01907546324b0330d2d8b7669648cc18823323e5/ja/004052	ja	0	今でもメディアのヒステリー始まってる気もする
textdetox@01907546324b0330d2d8b7669648cc18823323e5/ja/004053	ja	0	民主党政権時代に決められた事だからだろう？
textdetox@01907546324b0330d2d8b7669648cc18823323e5/ja/004054	ja	0	勉強そっちのけでバイトに明け暮れてるじゃんwww
textdetox@01907546324b0330d2d8b7669648cc18823323e5/ja/004055	ja	0	唱えてみた   なんと！・・・やめとこｗ
textdetox@01907546324b0330d2d8b7669648cc18823323e5/ja/004056	ja	0	2012年の総裁選の議員票で石破を選ばなかっただけマシだろ     これは決定的事実だ
textdetox@01907546324b0330d2d8b7669648cc18823323e5/ja/004057	ja	0	大混乱過ぎだろ、投票無理じゃねこれ
textdetox@01907546324b0330d2d8b7669648cc18823323e5/ja/004058	ja	0	まあ地球は何十年も宇宙に電波放出してるから近くに高度文明の星があればリアクションがありそう   それがないってことは太陽系周辺には高度文明の星はない
textdetox@01907546324b0330d2d8b7669648cc18823323e5/ja/004059	ja	0	別にカジノなくてもロンだるやろ心配するな
textdetox@01907546324b0330d2d8b7669648cc18823323e5/ja/004060	ja	0	(_ﾟ∀ﾟ) まかされちゃった
textdetox@01907546324b0330d2d8b7669648cc18823323e5/ja/004061	ja	0	コテに限ったことではないが●流出時に個人情報が漏れた   過去レスをあさられて自分語りしている情報を分析して特定     合格証明書とか自分家から写真撮ったりしてそれを元に特定されたりしてる
textdetox@01907546324b0330d2d8b7669648cc18823323e5/ja/004062	ja	0	趣味の話は猛虎弁使えるならおんJゲーム行くのもありやで
textdetox@01907546324b0330d2d8b7669648cc18823323e5/ja/004063	ja	0	ゼロって…嘘だろうそれ。   一匹いないってことがあり得るのか？
textdetox@01907546324b0330d2d8b7669648cc18823323e5/ja/004064	ja	0	知らず知らずの内にアカに加担しないように気をつけたほうがいいよ
textdetox@01907546324b0330d2d8b7669648cc18823323e5/ja/004065	ja	0	＞ネタだから許せなんて誰も言ってないんだよなあ   いや言ってるから
textdetox@01907546324b0330d2d8b7669648cc18823323e5/ja/004066	ja	0	田母神によると全く面識がないらしいからそっち絡みの有名人ではないんじゃないかな？   と思ったが界隈によっては意外と知られているのかな？
textdetox@01907546324b0330d2d8b7669648cc18823323e5/ja/004067	ja	0	そ、目的は植物学でも何でもないのよねｗ
textdetox@01907546324b0330d2d8b7669648cc18823323e5/ja/004068	ja	0	確かに   なんかあったら矢面に出張ってくる事も多々あるしな
textdetox@01907546324b0330d2d8b7669648cc18823323e5/ja/004069	ja	0	本人が次の日になんであんなこと言ったのかわからないって訂正してたよ   自分もアニメ好きで規制する気はないってさ
textdetox@01907546324b0330d2d8b7669648cc18823323e5/ja/004070	ja	0	小説家は某田中さんのことで？     まぁ他にもいますが。
textdetox@01907546324b0330d2d8b7669648cc18823323e5/ja/004071	ja	0	無理無理無理   許して、ほんとめんどがりだから
textdetox@01907546324b0330d2d8b7669648cc18823323e5/ja/004072	ja	0	なんか、血圧の上げ下げが心配になったわw
textdetox@01907546324b0330d2d8b7669648cc18823323e5/ja/004073	ja	0	でも、ひろゆきはフランスで幸せに暮らしてるっぽいし、   面倒なことはもうやらないんじゃない？
textdetox@01907546324b0330d2d8b7669648cc18823323e5/ja/004074	ja	0	築地の跡地は、駐車場らしいよ。（森がそう言ってた）     これを聞いて、急いで移転する必要はないと思ってしまった。
textdetox@01907546324b0330d2d8b7669648cc18823323e5/ja/004075	ja	0	シソやミントと交配して   良い香りのするゴリラとかできないかな
textdetox@01907546324b0330d2d8b7669648cc18823323e5/ja/004076	ja	0	本会議で可決されたら誰かやるんじゃね
textdetox@01907546324b0330d2d8b7669648cc18823323e5/ja/004077	ja	0	エフセキュアが関与してる限り、管理側がああだから個人情報はすでにザル。
textdetox@01907546324b0330d2d8b7669648cc18823323e5/ja/004078	ja	0	それ正直宣戦布告なしでの攻撃と見做されても文句言えないよなあ
textdetox@01907546324b0330d2d8b7669648cc18823323e5/ja/004079	ja	0	衆生をお救いじゃ、ありがたやー(￣人￣)なむー
textdetox@01907546324b0330d2d8b7669648cc18823323e5/ja/004080	ja	0	補足   遺された家族に負担てのは葬儀が大掛かりって事に対して
textdetox@01907546324b0330d2d8b7669648cc18823323e5/ja/004081	ja	0	鎌倉武士はあの時代、最強クラスの強兵   蒙古騎兵も大陸を席巻した時期より大分過ぎてはいるけどな
textdetox@01907546324b0330d2d8b7669648cc18823323e5/ja/004082	ja	0	不覚にもﾜﾛﾀ   迂闊だった   疲れてるんだとおもう
textdetox@01907546324b0330d2d8b7669648cc18823323e5/ja/004083	ja	0	それな   商品券だと購買のキッカケにもなるだろうし
textdetox@01907546324b0330d2d8b7669648cc18823323e5/ja/004084	ja	0	ああ見えても、かつて小泉首相を応援する歌とか歌ってたんだぜ。
textdetox@01907546324b0330d2d8b7669648cc18823323e5/ja/004085	ja	0	こどもにはやたら受けてるのは間違いない   なんでなんだ
textdetox@01907546324b0330d2d8b7669648cc18823323e5/ja/004086	ja	0	＞これ場合によっては寄付金詐欺になるんでないかな     なるよ。
textdetox@01907546324b0330d2d8b7669648cc18823323e5/ja/004087	ja	0	一瞬ガングリオンに見えた   タイトルは知ってるけど
textdetox@01907546324b0330d2d8b7669648cc18823323e5/ja/004088	ja	0	自力で天然ガスの生産を始めたのかと思った
textdetox@01907546324b0330d2d8b7669648cc18823323e5/ja/004089	ja	0	万引きじゃなくて窃盗なんだよなあ
textdetox@01907546324b0330d2d8b7669648cc18823323e5/ja/004090	ja	0	明日の一般参賀に行く予定だけどメチャクチャ混むだろうなぁ
textdetox@01907546324b0330d2d8b7669648cc18823323e5/ja/004091	ja	0	正社員どころか、派遣社員にも採用してくれないよ。
textdetox@01907546324b0330d2d8b7669648cc18823323e5/ja/004092	ja	0	【吉報】韓国政府「徴用工問題の第三国仲裁について受け入れられない」 2019年7月16日16:04     【吉報】韓国政府「徴用工問題の第三国仲裁について受け入れられない」 2019年7月16日16:04
textdetox@01907546324b0330d2d8b7669648cc18823323e5/ja/004093	ja	0	発射する側の話だからな?   打ったら(自動的に飛んでいくから)忘れて良いって意味合いだぞ?
textdetox@01907546324b0330d2d8b7669648cc18823323e5/ja/004094	ja	0	忘れてた   最下位はウェンディーズとかいうのが、大昔にあったわ   超が付く程の激マズで速攻なくなったがw
textdetox@01907546324b0330d2d8b7669648cc18823323e5/ja/004095	ja	0	阪神大震災の時も、最初はこんな映像だったな   これは相当の被害が出てるのでは？
textdetox@01907546324b0330d2d8b7669648cc18823323e5/ja/004096	ja	0	もう失うものがない、ある意味最強かもしれん   個人的にはちょっと勘弁って感じだけど
textdetox@01907546324b0330d2d8b7669648cc18823323e5/ja/004097	ja	0	イスパニア方陣は初期の強計略だったのになぁ
textdetox@01907546324b0330d2d8b7669648cc18823323e5/ja/004098	ja	0	仙台レベルじゃないですかね   景気いいころは百道浜のあたりがちっちゃな東京湾岸エリアみたいになったようだけど   基本的に鉄道インフラが貧弱すぎるかと   自動車工場の多い苅田などは山脈の向こう側って感じで同じ経済圏になってない
textdetox@01907546324b0330d2d8b7669648cc18823323e5/ja/004099	ja	0	あまり深読みせんほうがええよｗ   行き過ぎると集団ストーカーとか言い出すかもしれん   自分を追いつめてはいけない
textdetox@01907546324b0330d2d8b7669648cc18823323e5/ja/004100	ja	0	1日1回数十万円掛けて店内の徹底洗浄をやってたら赤字になるだろ
textdetox@01907546324b0330d2d8b7669648cc18823323e5/ja/004101	ja	0	Ｂ－５２とＵ－２   この二つは、ほんと長く使われています
textdetox@01907546324b0330d2d8b7669648cc18823323e5/ja/004102	ja	0	テレビ無いんだけど動画見れるとこあるかな？
textdetox@01907546324b0330d2d8b7669648cc18823323e5/ja/004103	ja	0	payイメージガタ落ちでd払い１人勝ちの予感
textdetox@01907546324b0330d2d8b7669648cc18823323e5/ja/004104	ja	0	かなり先だがサッカーのワールドカップがだな････
textdetox@01907546324b0330d2d8b7669648cc18823323e5/ja/004105	ja	0	行動パターンのテンプレはどこにあるんだろ(´･ω･｀)
textdetox@01907546324b0330d2d8b7669648cc18823323e5/ja/004106	ja	0	半年に一度くらいは世論調査の電話かかってくるぞ   自動音声で回答の番号のボタン押すだけだが
textdetox@01907546324b0330d2d8b7669648cc18823323e5/ja/004107	ja	0	あっちは貰ったと言い張っているのでは   あー、改めて腹立ってきた
textdetox@01907546324b0330d2d8b7669648cc18823323e5/ja/004108	ja	0	「文科相が総連との密接な関係にある」   ちょっと待てよ。これってものすごく由々しい問題なんじゃないの
textdetox@01907546324b0330d2d8b7669648cc18823323e5/ja/004109	ja	0	答えに詰まったときは相手に考えさせてけむに巻こう
textdetox@01907546324b0330d2d8b7669648cc18823323e5/ja/004110	ja	0	そうだけど厚生省が注意勧告しているわけだから   別府市の行なった実態調査や支給額減額は   やりすぎという事になってしまうな
textdetox@01907546324b0330d2d8b7669648cc18823323e5/ja/004111	ja	0	私生活に踏み込んで会社の取捨の自由の範囲とします って宣言なんだよ、これ
textdetox@01907546324b0330d2d8b7669648cc18823323e5/ja/004112	ja	0	消費税駆け込み需要時期と比較する妙な記事ｗ
textdetox@01907546324b0330d2d8b7669648cc18823323e5/ja/004113	ja	0	だろうな。   なし崩しに軍隊化、なんて首相の考える事じゃない。   法制度を整えるのがやるべきことで。
textdetox@01907546324b0330d2d8b7669648cc18823323e5/ja/004114	ja	0	ozzio光のページ見たら月5500と書いてあるけど   色々上乗せして月2万になるのか？
textdetox@01907546324b0330d2d8b7669648cc18823323e5/ja/004115	ja	0	ああ、過去ログ吹っ飛ぶし専門板もこれ以上バブエに居続ける理由もなくなったのか
textdetox@01907546324b0330d2d8b7669648cc18823323e5/ja/004116	ja	0	あ、刑務所じゃなくて警察署だったw
textdetox@01907546324b0330d2d8b7669648cc18823323e5/ja/004117	ja	0	避難所にたどり着けたとしても、かなり興奮状態だからな。   通州事件みたいなことが起きないとは言い切れない。
textdetox@01907546324b0330d2d8b7669648cc18823323e5/ja/004118	ja	0	まぁ、ユーチューブというかグーグルというかw
textdetox@01907546324b0330d2d8b7669648cc18823323e5/ja/004119	ja	0	ハルノート受け入れしていたら   どうなっていたか
textdetox@01907546324b0330d2d8b7669648cc18823323e5/ja/004120	ja	0	TDCってもろに野間のアカウントなんだよなあ
textdetox@01907546324b0330d2d8b7669648cc18823323e5/ja/004121	ja	0	普段自分がやってることを   他人もやっていると思うこと自体・・・・
textdetox@01907546324b0330d2d8b7669648cc18823323e5/ja/004122	ja	0	マルチプレイならジャンピングフラッシュがやってみたい
textdetox@01907546324b0330d2d8b7669648cc18823323e5/ja/004123	ja	0	おや、二階が泰然としてるｗ
textdetox@01907546324b0330d2d8b7669648cc18823323e5/ja/004124	ja	0	上の方でも言っているが多分そう。
textdetox@01907546324b0330d2d8b7669648cc18823323e5/ja/004125	ja	0	事を起こそうとする人間の足を引っ張れば   いつまでも機運は生ませずに済むもんな     そうやって半世紀以上過ぎたわけだが
textdetox@01907546324b0330d2d8b7669648cc18823323e5/ja/004126	ja	0	前例が無いから放置して良いとは限らないし、悪しき前例になる前に断処するというのも考え方ではないかな。   昔は、大丈夫だったのだろうがこれからも大丈夫である保障はないからね。
textdetox@01907546324b0330d2d8b7669648cc18823323e5/ja/004127	ja	0	ガチャポン戦記   大航海時代２   信長の野望天翔記
textdetox@01907546324b0330d2d8b7669648cc18823323e5/ja/004128	ja	0	そのゲンダイ片手にこれが真実だって頑張ってる爺さんも上にいるんだぞ   少しは配慮してやれｗ
textdetox@01907546324b0330d2d8b7669648cc18823323e5/ja/004129	ja	0	鼻に午後の紅茶が…((((；ﾟДﾟ)))))))
textdetox@01907546324b0330d2d8b7669648cc18823323e5/ja/004130	ja	0	原チャリの交換なんて簡単なのにな   交換直後のトルクアップが体感できるあの喜びは至高
textdetox@01907546324b0330d2d8b7669648cc18823323e5/ja/004131	ja	0	オバマ政権時にグアムだかに米軍基地移設の為か何かの300億円の事ですか？(日本側が出すのは総額で28億ドルだそうですが。)
textdetox@01907546324b0330d2d8b7669648cc18823323e5/ja/004132	ja	0	なんとかしたいですね。   私はもうあっち行かないです。
textdetox@01907546324b0330d2d8b7669648cc18823323e5/ja/004133	ja	0	大企業の内部留保がさらに増えるのか
textdetox@01907546324b0330d2d8b7669648cc18823323e5/ja/004134	ja	0	応募者がシールズだらけになるんかな
textdetox@01907546324b0330d2d8b7669648cc18823323e5/ja/004135	ja	0	有楽町にある富山のアンテナショップ   東急ハンズ
textdetox@01907546324b0330d2d8b7669648cc18823323e5/ja/004136	ja	0	給料ももらっているって本当ですか？   学費だけじゃなく給料も返納だよな
textdetox@01907546324b0330d2d8b7669648cc18823323e5/ja/004137	ja	0	奴らはルールを守った事があったっけ？
textdetox@01907546324b0330d2d8b7669648cc18823323e5/ja/004138	ja	0	求められているのは「鬼島津」
textdetox@01907546324b0330d2d8b7669648cc18823323e5/ja/004139	ja	0	もう家族の同意取ってから救助したらええ   サインせなんだら助けんでええ
textdetox@01907546324b0330d2d8b7669648cc18823323e5/ja/004140	ja	0	若葉じゃ！若葉を吸うのじゃ！ｂｙＧ-ちゃん
textdetox@01907546324b0330d2d8b7669648cc18823323e5/ja/004141	ja	0	もう沖縄は国営地にしないとダメかも分からんね…。
textdetox@01907546324b0330d2d8b7669648cc18823323e5/ja/004142	ja	0	途中で漏れてないか？   メーターの弁を復旧して大丈夫？
textdetox@01907546324b0330d2d8b7669648cc18823323e5/ja/004143	ja	0	色々錯綜し過ぎてわけわかんなくなってるんじゃないか？ｗ
textdetox@01907546324b0330d2d8b7669648cc18823323e5/ja/004144	ja	0	今まで有線通信してると思ってたら、実際は無線通信してた   こうじゃね
textdetox@01907546324b0330d2d8b7669648cc18823323e5/ja/004145	ja	0	ですよね・・・。   簡単にできそうで。
textdetox@01907546324b0330d2d8b7669648cc18823323e5/ja/004146	ja	0	日本人女性との間に隠し子が居るといううわさのあの人？
textdetox@01907546324b0330d2d8b7669648cc18823323e5/ja/004147	ja	0	んで、オラの専ブラから見たら名前が ｢朴｣
textdetox@01907546324b0330d2d8b7669648cc18823323e5/ja/004148	ja	0	稀に「炊いたご飯の香りが苦手」という人がいる   そういう人には受け入れられるかもしれない
textdetox@01907546324b0330d2d8b7669648cc18823323e5/ja/004149	ja	0	思い出補正だろうけど子供の頃に食べたロッテ運営になる前のバーキンは美味かったな     ロッテ運営時代にも懐かしくて一度食べたが、正直ガッカリした
textdetox@01907546324b0330d2d8b7669648cc18823323e5/ja/004150	ja	0	逆に   取り入れたら破防法適用されそうなのばっかりだったとかw
textdetox@01907546324b0330d2d8b7669648cc18823323e5/ja/004151	ja	0	いやそれがですねぇ、参加を誘ったり意見を求めた人は、ことごとくブロックされたそうですよ。
textdetox@01907546324b0330d2d8b7669648cc18823323e5/ja/004152	ja	0	みんなにあげられないんですかね。
textdetox@01907546324b0330d2d8b7669648cc18823323e5/ja/004153	ja	0	すぐやめたけどあれはびびった   これは匿名掲示板じゃねえって思ったんで
textdetox@01907546324b0330d2d8b7669648cc18823323e5/ja/004154	ja	0	単にお札のデザインに合わせただけじゃないか   そもそもお札は肖像画であって写真そのまま使う義務もないのだし
textdetox@01907546324b0330d2d8b7669648cc18823323e5/ja/004155	ja	0	Aという場所の普通がBでは異常な行為だと、こういう反応になる。配慮だなんだで、均一になっていく。
textdetox@01907546324b0330d2d8b7669648cc18823323e5/ja/004156	ja	0	そうそう、ＡＩＩＢよりそっちのほうが注目されてるｗ
textdetox@01907546324b0330d2d8b7669648cc18823323e5/ja/004157	ja	0	ID:6WjzDXX26は結局なにがしたいの
textdetox@01907546324b0330d2d8b7669648cc18823323e5/ja/004158	ja	0	皆様、お疲れ様です(・ω・)ノ     レス伸びましたね〜。
textdetox@01907546324b0330d2d8b7669648cc18823323e5/ja/004159	ja	0	口座番号は渡しておいてマイナンバーは渋る謎価値観
textdetox@01907546324b0330d2d8b7669648cc18823323e5/ja/004160	ja	0	デマっていうか証拠の動画とかも上がってるからなぁ
textdetox@01907546324b0330d2d8b7669648cc18823323e5/ja/004161	ja	0	成立してからが正念場、とか言う謎理論
textdetox@01907546324b0330d2d8b7669648cc18823323e5/ja/004162	ja	0	んなもの、この手の調査は最初から結論ありきだからねえ。
textdetox@01907546324b0330d2d8b7669648cc18823323e5/ja/004163	ja	0	>前髪の生え際の流れ方とか、逆だっていいだろ     つまり本物はどんどん後退しているけど   肖像画では前進させても良いということだな
textdetox@01907546324b0330d2d8b7669648cc18823323e5/ja/004164	ja	0	昔から話題になっているのに気がつかなかったのか
textdetox@01907546324b0330d2d8b7669648cc18823323e5/ja/004165	ja	0	それは言える   でもやっぱりねえ、社会保障番号のように一元化されるわけですから
textdetox@01907546324b0330d2d8b7669648cc18823323e5/ja/004166	ja	0	ただの談話に閣議決定なんてするの？   しなければいけないの？
textdetox@01907546324b0330d2d8b7669648cc18823323e5/ja/004167	ja	0	最近マスコミの誤報「バレるのが」が多い
textdetox@01907546324b0330d2d8b7669648cc18823323e5/ja/004168	ja	0	失礼しました。   何スレか立ててしまいました。     今後、気をつけますm(_ _)m
textdetox@01907546324b0330d2d8b7669648cc18823323e5/ja/004169	ja	0	サーキットの狼がブームだったころはスーパースポーツカーと言っていたね   テレビで取り上げられるようになった頃に単にスーパーカーと言われ出した   だいたいテレビが流す頃はピーク超えてるもんだが名前まで変えたのには呆れた   もう40年も前の話だが
textdetox@01907546324b0330d2d8b7669648cc18823323e5/ja/004170	ja	0	ネタ報道の情報源がりchってのはなんとかしたいねえ。
textdetox@01907546324b0330d2d8b7669648cc18823323e5/ja/004171	ja	0	つい数年前に法改正されて、個人情報1件でも扱ったら個人情報取り扱い業者になったよ
textdetox@01907546324b0330d2d8b7669648cc18823323e5/ja/004172	ja	0	職務質問の検問で、いきなり｢俺は何してないっすよ！｣って怪しい自己紹介するようなもの
textdetox@01907546324b0330d2d8b7669648cc18823323e5/ja/004173	ja	0	特定アジア人に「理性」を求めるのは、人権侵害。
textdetox@01907546324b0330d2d8b7669648cc18823323e5/ja/004174	ja	0	台詞自体は、ちゃんと存在してる。   本放送じゃないけど、見た記憶がある。何よりその台詞を覚えてる。     昭和60年代以降はピー音でマスクされてる事が殆どだけど。
textdetox@01907546324b0330d2d8b7669648cc18823323e5/ja/004175	ja	0	ケント、さすがだよ。     日本人でここまで、皮肉を真面目に上手く書ける人を私はしらない。
textdetox@01907546324b0330d2d8b7669648cc18823323e5/ja/004176	ja	0	そういうことになるかね。   方針を前もって説明されたわけでもないならどうしようもない。
textdetox@01907546324b0330d2d8b7669648cc18823323e5/ja/004177	ja	0	SLAPPを世に知らしめたのは新聞社の押紙訴訟だった覚えがある
textdetox@01907546324b0330d2d8b7669648cc18823323e5/ja/004178	ja	0	これ、システム開発側と犯人が繋がっているという可能性はない？   あまりにも挙動が速すぎる
textdetox@01907546324b0330d2d8b7669648cc18823323e5/ja/004179	ja	0	トップのナビを使いやすくしてほしいな、一応あるんだっけ。
textdetox@01907546324b0330d2d8b7669648cc18823323e5/ja/004180	ja	0	オレが見たのもでかかった。   で、血色良いんで鮮やかなピンクで余計存在感があった。
textdetox@01907546324b0330d2d8b7669648cc18823323e5/ja/004181	ja	0	ほんとにこれだわ   最低限これだけは実現して欲しいわ
textdetox@01907546324b0330d2d8b7669648cc18823323e5/ja/004182	ja	0	大阪は北部の一部で停電、断水、ガス停止とか言う情報あるけど大丈夫？
textdetox@01907546324b0330d2d8b7669648cc18823323e5/ja/004183	ja	0	契約書に担当者の名前を入れないはずがない。   情報開示請求で明らかにできるはず。   どの省庁の、どの部門が担当したか判明すれば勇者が現れると思うw
textdetox@01907546324b0330d2d8b7669648cc18823323e5/ja/004184	ja	0	そもそも嫌儲発の呼称という時点でな
textdetox@01907546324b0330d2d8b7669648cc18823323e5/ja/004185	ja	0	だって全容がまだ見えてきてないからね、しゃーない   今は全力で情報収集する時間だべ
textdetox@01907546324b0330d2d8b7669648cc18823323e5/ja/004186	ja	0	つーかさぁ   上から軽く流せよ もろ出てるから
textdetox@01907546324b0330d2d8b7669648cc18823323e5/ja/004187	ja	0	じゃあ、facebookとYoutubeやGoogle+は同一人物だと言いたいの？
textdetox@01907546324b0330d2d8b7669648cc18823323e5/ja/004188	ja	0	世の中に軍事由来の物がどれだけあるか
textdetox@01907546324b0330d2d8b7669648cc18823323e5/ja/004189	ja	0	こういう震災の時は100均に行ってみるのもいいかも   店内の商品を物色してこれは使えそうとか考えるのも気分転換になる   役立ちそうな便利グッズに巡りあえるかもしれない
textdetox@01907546324b0330d2d8b7669648cc18823323e5/ja/004190	ja	0	正直公共物じゃないしどうにもならない
textdetox@01907546324b0330d2d8b7669648cc18823323e5/ja/004191	ja	0	あっごめん   今、真面目な話してるから後でな
textdetox@01907546324b0330d2d8b7669648cc18823323e5/ja/004192	ja	0	名状し難き生物かと思ったら違った
textdetox@01907546324b0330d2d8b7669648cc18823323e5/ja/004193	ja	0	50人の横の1315pvてのは何の数なの？   スレの閲覧者の累計？
textdetox@01907546324b0330d2d8b7669648cc18823323e5/ja/004194	ja	0	掴みOK   まあこの子の場合は質問された時だよな問題は
textdetox@01907546324b0330d2d8b7669648cc18823323e5/ja/004195	ja	0	市場移転問題がゴタゴタからドロドロに   オリンピック準備が延々と進まず、開催権みたいなものを国に取り上げられる   ・・・まではあるだろうなぁ
textdetox@01907546324b0330d2d8b7669648cc18823323e5/ja/004196	ja	0	手軽に効果があるのが、レーダーサイトと地対空ミサイルの配備だろうな。
textdetox@01907546324b0330d2d8b7669648cc18823323e5/ja/004197	ja	0	テレビ報道の編集技術を甜めないほうがいい
textdetox@01907546324b0330d2d8b7669648cc18823323e5/ja/004198	ja	0	あれは、タイミング悪かったんだよね     リコール可能日数とかなんかの選挙と被った記憶がある
textdetox@01907546324b0330d2d8b7669648cc18823323e5/ja/004199	ja	0	早速、.netにレス規制されて笑ったｗ
textdetox@01907546324b0330d2d8b7669648cc18823323e5/ja/004200	ja	0	俺もガラケーだけど、ちゃんと書ける。   メーカーで書けないのかもね。
textdetox@01907546324b0330d2d8b7669648cc18823323e5/ja/004201	ja	0	本部やSVの指導が変わるわけではないから、バイトが勝手に調子のるんかねえ？そういうのは   店長はノルマ的なものが楽に達成してるから指導を怠ってるのはあるだろうからそのせいか？
textdetox@01907546324b0330d2d8b7669648cc18823323e5/ja/004202	ja	0	まあ格付けより金利というのは確かだが   外国が気にしてるのはGDPの２５０％位ある借金だ   景気を良くして税収を増やすか 増税をするか   経費を削る必要がある
textdetox@01907546324b0330d2d8b7669648cc18823323e5/ja/004203	ja	0	んで、その理論を沖縄に当て嵌めるんだろ
textdetox@01907546324b0330d2d8b7669648cc18823323e5/ja/004204	ja	0	それを言ってしまったら職業によっては因数分解や第二外国語も当てはまるだろう？
textdetox@01907546324b0330d2d8b7669648cc18823323e5/ja/004205	ja	0	それな   「幕末男子の育て方」←これだけで観るのをやめた人間も多いはず
textdetox@01907546324b0330d2d8b7669648cc18823323e5/ja/004206	ja	0	オープンは、管理人が金の亡者じゃないから、長続きすると思う。   reddit民の感想。
textdetox@01907546324b0330d2d8b7669648cc18823323e5/ja/004207	ja	0	登録メアドが既に契約切れてて他のメアドに転送したい場合とかは   普通、お問い合わせ案件だな
textdetox@01907546324b0330d2d8b7669648cc18823323e5/ja/004208	ja	0	石野、あんな所から杉並まで通ってるのか。何時間通勤なんだろか。
textdetox@01907546324b0330d2d8b7669648cc18823323e5/ja/004209	ja	0	小額ならまだしも高額の現金って、結構扱いづらい代物だったりする。   新礼に切り替わると大変面倒になる。   現金決済が出来ないものもある。   口座が無いと遠隔地への送金が出来なくなる。
textdetox@01907546324b0330d2d8b7669648cc18823323e5/ja/004210	ja	0	確かに変な感じ   賢いのが違う方向に行ってる様な違和感が感じられる
textdetox@01907546324b0330d2d8b7669648cc18823323e5/ja/004211	ja	0	おれは5スレに1スレくらいの割合だとおもったら、   半数を超えていやがる。＼(^o^)／
textdetox@01907546324b0330d2d8b7669648cc18823323e5/ja/004212	ja	0	こういう分野じゃむしろ国側とつるむのは必須じゃないの？   現実とリンクさせるもんなんだから関連の整備とかでパイプあった方が話が早い   企業単独でやるのとは動かせる範囲が段違いで変わってくる
textdetox@01907546324b0330d2d8b7669648cc18823323e5/ja/004213	ja	0	もう返してもらわなくていいからあげちゃってください
textdetox@01907546324b0330d2d8b7669648cc18823323e5/ja/004214	ja	0	水トイレ食料、ビニール袋、着替え、軍手、とりあえずリュックにつめとくｗ   あと、ケータイ機器充電か。
textdetox@01907546324b0330d2d8b7669648cc18823323e5/ja/004215	ja	0	それ   国民の健康と命とか、海外拡散させない国際責任とか、普通あるよね
textdetox@01907546324b0330d2d8b7669648cc18823323e5/ja/004216	ja	0	早稲田出身ならピンと来るが   西早稲田のあそこと大久保二丁目はかなり近い
textdetox@01907546324b0330d2d8b7669648cc18823323e5/ja/004217	ja	0	アボガドロ。よくわからんが、サラダにしたらウマそうだな。
textdetox@01907546324b0330d2d8b7669648cc18823323e5/ja/004218	ja	0	やおい本はどうなるのか聞いてみたいものだ。
textdetox@01907546324b0330d2d8b7669648cc18823323e5/ja/004219	ja	0	4階建ての自宅ってすげえな     これは悪どい事やって地元にいられなくなるってパターンだな   大方、組のシャブにでも手をつけたんだろう
textdetox@01907546324b0330d2d8b7669648cc18823323e5/ja/004220	ja	0	あるねぇ。   このままだと手ぶらだし、岸田が色気出してる風だし w
textdetox@01907546324b0330d2d8b7669648cc18823323e5/ja/004221	ja	0	2ちゃんねる自体UIが古くて専ブラ依存が酷くて使いづらいんだよな
textdetox@01907546324b0330d2d8b7669648cc18823323e5/ja/004222	ja	0	やはりその数字は超えられないか・・・
textdetox@01907546324b0330d2d8b7669648cc18823323e5/ja/004223	ja	0	これだけの騒ぎでも再開出来る企業体力に驚いたけどな   騒動の真相には気になるが決着はともかく   発売されたらファンでもない俺でも買ってみようかなって気持ちになってるw
textdetox@01907546324b0330d2d8b7669648cc18823323e5/ja/004224	ja	0	漢籍に関しては日本の国文学者のほうが詳しかったりする
textdetox@01907546324b0330d2d8b7669648cc18823323e5/ja/004225	ja	0	『こんだけ騒ぎになったんだからその後は対策するっしょ』という、何の根拠も無い楽観かと
textdetox@01907546324b0330d2d8b7669648cc18823323e5/ja/004226	ja	0	とんがりコーンとかポテチみたいな硬さは無いよ。   うまい棒を立体構造にした感じ。
textdetox@01907546324b0330d2d8b7669648cc18823323e5/ja/004227	ja	0	大阪北部震源らしいけど、アベマTVで現在の様子みたら   倒壊もパニックも起きてなくて安心したｗ   日本の建築はすばらしいね。   あのあたり地盤弱いから震度浅くてもグラングラン揺れるからな…。
textdetox@01907546324b0330d2d8b7669648cc18823323e5/ja/004228	ja	0	なるほど     婦女子（手荷物カート）の方じゃないんだね   「カラコロ」
textdetox@01907546324b0330d2d8b7669648cc18823323e5/ja/004229	ja	0	見てきた   露骨すぎて草生えた
textdetox@01907546324b0330d2d8b7669648cc18823323e5/ja/004230	ja	0	驕りとは、恐ろしき敵だな…。
textdetox@01907546324b0330d2d8b7669648cc18823323e5/ja/004231	ja	0	内容による、どの程度のものがダメなのか提示してくれないと偏りがあるように思える。   まとめといってもいろんなところがあるから一概に擁護できない。
textdetox@01907546324b0330d2d8b7669648cc18823323e5/ja/004232	ja	0	トルマリンで電気分解・消毒できるシャワーヘッドですね
textdetox@01907546324b0330d2d8b7669648cc18823323e5/ja/004233	ja	0	戸籍やらなんやらはダメだけど、芸名・筆名を使うことは認められてるだろ。   だからこそ通名を簡単には取り締まれない。
textdetox@01907546324b0330d2d8b7669648cc18823323e5/ja/004234	ja	0	日本の良かった点ばかり強調して宣伝してたら   そんな誤解するやつも出てくるんじゃない？
textdetox@01907546324b0330d2d8b7669648cc18823323e5/ja/004235	ja	0	付け加えると、佐野案 エンブレムを擁護、手のひら返しでトコロエンブレム賞賛していた講師の名前は望月。   名前で遊ばれていたのかなと思う。
textdetox@01907546324b0330d2d8b7669648cc18823323e5/ja/004236	ja	0	どっちが首相になっても正恩大喜びだなw
textdetox@01907546324b0330d2d8b7669648cc18823323e5/ja/004237	ja	0	同じく。悪役なのに何だか憎めない感じで印象に残った
textdetox@01907546324b0330d2d8b7669648cc18823323e5/ja/004238	ja	0	ゴライオンの新作玩具なんてもう日本じゃ作ってくれないもんな！
textdetox@01907546324b0330d2d8b7669648cc18823323e5/ja/004239	ja	0	櫻井よしこ氏と対談すればいい。わざわざNYで言う事ではない
textdetox@01907546324b0330d2d8b7669648cc18823323e5/ja/004240	ja	0	自分たちで一覧表を作ったりしてないのかな   決まった文言だから難しくもないだろうに
textdetox@01907546324b0330d2d8b7669648cc18823323e5/ja/004241	ja	0	普通に漢音でいいんじゃないの。
textdetox@01907546324b0330d2d8b7669648cc18823323e5/ja/004242	ja	0	搭乗する戦闘機はF/A18スーパーホーネットだろうか   それともF35C？   空軍からラプターを強引に借りて出撃とか   GPzニンジャのかわりにH2ニンジャ
textdetox@01907546324b0330d2d8b7669648cc18823323e5/ja/004243	ja	0	油を注いでいくスタイルｗｗｗｗ     でも同意する
textdetox@01907546324b0330d2d8b7669648cc18823323e5/ja/004244	ja	0	終われば高評価と非難と両方があるだろうけど、   高評価は実行委の手柄で非難を国民全体の責任にするだろうからな     重要なのは都市開催であり責任は都にあり国民に無いという土壌を作っておくことかと
textdetox@01907546324b0330d2d8b7669648cc18823323e5/ja/004245	ja	0	パソコンでも、ルーターで接続を切断してつなぎ直せばIP変わるよ。
textdetox@01907546324b0330d2d8b7669648cc18823323e5/ja/004246	ja	0	放送法を守ればいいだけの話なんだが、守らないよねw
textdetox@01907546324b0330d2d8b7669648cc18823323e5/ja/004247	ja	0	ずっと原作は石ノ森だと思っていました
textdetox@01907546324b0330d2d8b7669648cc18823323e5/ja/004248	ja	0	なんとwwwww   こないだ紹介されてた、スコップコロッケなら爆発しないと思うw
textdetox@01907546324b0330d2d8b7669648cc18823323e5/ja/004249	ja	0	あいよ、おやすみー。またくるといいでー
textdetox@01907546324b0330d2d8b7669648cc18823323e5/ja/004250	ja	0	そう思わせるのが狙いかもしれない
textdetox@01907546324b0330d2d8b7669648cc18823323e5/ja/004251	ja	0	条例で外国人参政権   とか出てきそうで   怖いのだが
textdetox@01907546324b0330d2d8b7669648cc18823323e5/ja/004252	ja	0	LGBTPNZMSP   他にもまだまだあると思う。
textdetox@01907546324b0330d2d8b7669648cc18823323e5/ja/004253	ja	0	そのデータは何方が発注してどちらの民間会社が請け負ったのかな？
textdetox@01907546324b0330d2d8b7669648cc18823323e5/ja/004254	ja	0	ホンハイに関しては   台湾企業だけどトップが中国側だからその認識になるけど     一般の台湾育ちの台湾企業と一緒にするのは違うと思うぞ
textdetox@01907546324b0330d2d8b7669648cc18823323e5/ja/004255	ja	0	最高の求婚者として帝が出てくるんじゃないの？
textdetox@01907546324b0330d2d8b7669648cc18823323e5/ja/004256	ja	0	警報が鳴るだけじゃダメ、実力行使を用意する   軍備の重要性が良くわかる案件ですなぁ
textdetox@01907546324b0330d2d8b7669648cc18823323e5/ja/004257	ja	0	勘違いしてるようだが、ネットは単なる世論だぞ   公平公正で正確な情報を求められるマスメディアとは責任の重さが全く違う
textdetox@01907546324b0330d2d8b7669648cc18823323e5/ja/004258	ja	0	日本のバーベキューはなぜか串に刺して野菜をはさむ
textdetox@01907546324b0330d2d8b7669648cc18823323e5/ja/004259	ja	0	>保育園に落ちたの私だ   この垂れ幕見た時点で正体察したわ
textdetox@01907546324b0330d2d8b7669648cc18823323e5/ja/004260	ja	0	ところがそういう連中は、たぶん反応しないｗ
textdetox@01907546324b0330d2d8b7669648cc18823323e5/ja/004261	ja	0	今アメリカなら50万ありゃ1ヶ月ぐらい滞在できるだろ。     格安だけど
textdetox@01907546324b0330d2d8b7669648cc18823323e5/ja/004262	ja	0	人が定着するように   しばらくはここ盛り上げていこう
textdetox@01907546324b0330d2d8b7669648cc18823323e5/ja/004263	ja	0	まあ、お互いに少しずつ歩み寄る方が
textdetox@01907546324b0330d2d8b7669648cc18823323e5/ja/004264	ja	0	宗教に近いから止まらないのか、あるいは過去の成功体験が忘れられないのか   どっちだろうな
textdetox@01907546324b0330d2d8b7669648cc18823323e5/ja/004265	ja	0	ムクゲの木と言われて目に浮かぶ人間は日本では少数派と思われ
textdetox@01907546324b0330d2d8b7669648cc18823323e5/ja/004266	ja	0	だから何？   リコールを応援したらいかんのか？
textdetox@01907546324b0330d2d8b7669648cc18823323e5/ja/004267	ja	0	工業や農業系でもなければ、高1でそこまで進路固まってるとは思えないんだよなぁ
textdetox@01907546324b0330d2d8b7669648cc18823323e5/ja/004268	ja	0	全会一致で可決って恐ろしいことだぞｗ   同調圧力とか、軍靴の音が聞こえてこないかねｗ
textdetox@01907546324b0330d2d8b7669648cc18823323e5/ja/004269	ja	0	子ども手当あるらしくて、シングルマザーのバイト先になってるって。
textdetox@01907546324b0330d2d8b7669648cc18823323e5/ja/004270	ja	0	今まで気にならなかったのにーw
textdetox@01907546324b0330d2d8b7669648cc18823323e5/ja/004271	ja	0	昨日はサムネの脆弱性を突かれた不具合だったが、今回はコード書き込みのみで開かなくてもフリーズさせられる   今日の19時くらいから旧に貼られまくってdev版リリースが20時半くらいだったかな。2chMate 0.8.8.1 devってバージョンが最新
textdetox@01907546324b0330d2d8b7669648cc18823323e5/ja/004272	ja	0	それは大変ですねｗ   というか、ヨカッタネｗ
textdetox@01907546324b0330d2d8b7669648cc18823323e5/ja/004273	ja	0	確かに、オートチャージなしのPASMOでも現金よりはずっと便利だし、   このままで何の問題もないかもな。
textdetox@01907546324b0330d2d8b7669648cc18823323e5/ja/004274	ja	0	山田電機が天津加油って言ってたあるよ
textdetox@01907546324b0330d2d8b7669648cc18823323e5/ja/004275	ja	0	janestyleの開発者はJimとズブズブだから無理なんじゃ
textdetox@01907546324b0330d2d8b7669648cc18823323e5/ja/004276	ja	0	文殊を廃止して、その予算を軌道エレベーターを開発   軌道エレベーターが、完成したら、ソーラーレイ   これだろ 順番
textdetox@01907546324b0330d2d8b7669648cc18823323e5/ja/004277	ja	0	北摂に住んでるんだけど、情報レスしてくれてる人ありがとう。
textdetox@01907546324b0330d2d8b7669648cc18823323e5/ja/004278	ja	0	うむ、今回のタイプだと空中待機型はむりだろうな。   もっと遥かに省電力でなくてはならない。     現場急行ならばまさにこの方式のメリットだよな。
textdetox@01907546324b0330d2d8b7669648cc18823323e5/ja/004279	ja	0	駅ビルに24時間営業の託児所を。     これで通勤時に子供を預けるという時間的な制約から解放される。
textdetox@01907546324b0330d2d8b7669648cc18823323e5/ja/004280	ja	0	カードの審査が通ったからグラサンはさらされたんだがなｗ
textdetox@01907546324b0330d2d8b7669648cc18823323e5/ja/004281	ja	0	鴻池先生、東京新聞を読んでいたけど、他のも読んでいるのかな？。
textdetox@01907546324b0330d2d8b7669648cc18823323e5/ja/004282	ja	0	今回ばかりは眼鏡はがんばってると言わざるを得ない   カード会社も是非審査を通してやって欲しいものである
textdetox@01907546324b0330d2d8b7669648cc18823323e5/ja/004283	ja	0	本当にそうなの？   ガスは何処が漏れてるか分からないから復旧に手間取ってるという話。   ガスの配管よりケーブルの方が断線しづらい気もするけど、   ガス管と同様に何処が断線してるか分からず手間取るんじゃ無いの？
textdetox@01907546324b0330d2d8b7669648cc18823323e5/ja/004284	ja	0	思う存分やれば分かるが、国民の過半数を集票する難しさが骨身に染みるだけ。   憲法改正の難しさも思い知った。   周知活動は継続するけどな。
textdetox@01907546324b0330d2d8b7669648cc18823323e5/ja/004285	ja	0	真性で……かと     多分どこぞのシルバー部隊の方じゃないかなと推察します。   そう考えると忍びないのでご自愛いただきたいと思います。色々と
textdetox@01907546324b0330d2d8b7669648cc18823323e5/ja/004286	ja	0	都民ファースト圧倒的強さだな。元民主なのに。
textdetox@01907546324b0330d2d8b7669648cc18823323e5/ja/004287	ja	0	まず差別が悪であると言う認識を無くす事の方が重要だ
textdetox@01907546324b0330d2d8b7669648cc18823323e5/ja/004288	ja	0	心から謝罪していない。被害者が納得していない。（無限に金を請求したい）   だそうです。
textdetox@01907546324b0330d2d8b7669648cc18823323e5/ja/004289	ja	0	４月あたりから一斉に始まっているからオウムよりも北だろうな   まあ北とオウムがそもそも繋がってるがね
textdetox@01907546324b0330d2d8b7669648cc18823323e5/ja/004290	ja	0	あっ、５ｃｈのν速＋で禁止ソースにされたゲンダイさんだｗ
textdetox@01907546324b0330d2d8b7669648cc18823323e5/ja/004291	ja	0	そしてそのリボンの中には・・・有名な話よ
textdetox@01907546324b0330d2d8b7669648cc18823323e5/ja/004292	ja	0	ABCD包囲網を再現したいのかｗ
textdetox@01907546324b0330d2d8b7669648cc18823323e5/ja/004293	ja	0	社長その社員必死で探してた様だから生きてるのか気になってたわ
textdetox@01907546324b0330d2d8b7669648cc18823323e5/ja/004294	ja	0	ほんとそう。地震はやりすごしたらいいだけ。   建築技術と工事担当者に感謝！
textdetox@01907546324b0330d2d8b7669648cc18823323e5/ja/004295	ja	0	普通はそうだろ   公開するんだから実際と違っていても   他の企業に追いついたって言ったらいいのかもなw
textdetox@01907546324b0330d2d8b7669648cc18823323e5/ja/004296	ja	0	国民の反応みての   自民にも多様な意見がありますアピールかな？
textdetox@01907546324b0330d2d8b7669648cc18823323e5/ja/004297	ja	0	イスラエルと何か連動してるのかな
textdetox@01907546324b0330d2d8b7669648cc18823323e5/ja/004298	ja	0	なんかググったら農業機械化促進法も廃止されてるんだけど。   どうなの？農業の人！
textdetox@01907546324b0330d2d8b7669648cc18823323e5/ja/004299	ja	0	確かに。人に対して場所が大きすぎるんですかね。   お絵描き版見てきたけどとてもいいなぁと思いました。
textdetox@01907546324b0330d2d8b7669648cc18823323e5/ja/004300	ja	0	アメリカ軍が渡した武器を置いて逃げたのね
textdetox@01907546324b0330d2d8b7669648cc18823323e5/ja/004301	ja	0	学生の時厨房機器レンタル屋で洗浄のバイトをした事があるんだが、高火力の焼き鳥ヒーターがこんな状態で戻って来た事がある。どうしたら３日でこんなに汚れるんだよとボヤキながら分解して洗ったw
textdetox@01907546324b0330d2d8b7669648cc18823323e5/ja/004302	ja	0	そうなんだ。   何か裏があるのかなと思ったけど、いつものだったんですね。   やっぱりというか、なんというか………w
textdetox@01907546324b0330d2d8b7669648cc18823323e5/ja/004303	ja	0	せっかくだから、おーぷんへの移住を勧めてみてはどうか   みんなで一斉に引っ越せば、勢いは変わらないでしょ     お船や刀のゲームはそれに成功したよ
textdetox@01907546324b0330d2d8b7669648cc18823323e5/ja/004304	ja	0	これってつぶつぶジュースやぜんざいみたいに中身が飲み口に引っ掛からないか？   それに需要があるのか疑問
textdetox@01907546324b0330d2d8b7669648cc18823323e5/ja/004305	ja	0	＞すぐにニューヨーク市警察に連絡をとり、６人が一時拘束されたようだ。   さすがアメリカ、日本なら警察がこの６人を全力で守るんだろうな
textdetox@01907546324b0330d2d8b7669648cc18823323e5/ja/004306	ja	0	国内組ってのは日本人にことじゃないんだが？
textdetox@01907546324b0330d2d8b7669648cc18823323e5/ja/004307	ja	0	山本太郎氏と一緒の時点で小沢氏は…
textdetox@01907546324b0330d2d8b7669648cc18823323e5/ja/004308	ja	0	時が経つにつれそういう方向に持って行くだろうな
textdetox@01907546324b0330d2d8b7669648cc18823323e5/ja/004309	ja	0	一割で３０００人って…   どんだけ社員いるんだよ…
textdetox@01907546324b0330d2d8b7669648cc18823323e5/ja/004310	ja	0	ホテル大和と揶揄されたぐらいだからな。   この戦艦四隻分の予算を投入した地域があって、そこも戦後に手放している。
textdetox@01907546324b0330d2d8b7669648cc18823323e5/ja/004311	ja	0	なんというか、かまってちゃんにしても、雑だよね(^_^;)
textdetox@01907546324b0330d2d8b7669648cc18823323e5/ja/004312	ja	0	とりあえず、【いけはらとしゆき】でググるとトップに出てくるよ。
textdetox@01907546324b0330d2d8b7669648cc18823323e5/ja/004313	ja	0	では、お言葉に甘えさせてもらい   少し休みます。
textdetox@01907546324b0330d2d8b7669648cc18823323e5/ja/004314	ja	0	それは個々人で考えが違って当たり前だからな   俺を目障りだと思う人がいるのも当然だろうな   なもんで迷惑だとは思うがNGしてくれと毎度言っている次第だ
textdetox@01907546324b0330d2d8b7669648cc18823323e5/ja/004315	ja	0	是は見守るしかないな   マツダは良いデイーゼルとロータリーまで   開発してきたし ロータリーはルマン２４h   勝ってるから
textdetox@01907546324b0330d2d8b7669648cc18823323e5/ja/004316	ja	0	励ますつもりでやった。誤解を与えたのなら申し訳ない
textdetox@01907546324b0330d2d8b7669648cc18823323e5/ja/004317	ja	0	長期引きこもってると足腰が弱ってるからね…リハビリから…
textdetox@01907546324b0330d2d8b7669648cc18823323e5/ja/004318	ja	0	そういえば確かに煙草さんも居たな   どうなったんだろう   …と言うか煙草さん、最近見かけないな
textdetox@01907546324b0330d2d8b7669648cc18823323e5/ja/004319	ja	0	どんな病気でもそうだよね   だから、論争が起きる
textdetox@01907546324b0330d2d8b7669648cc18823323e5/ja/004320	ja	0	俺もまだ手続きしてないので同意見です
textdetox@01907546324b0330d2d8b7669648cc18823323e5/ja/004321	ja	0	流行は真ん中の車線を走ってたわけだから   左車線から真ん中の車線へ車線変更して接触したのが護送車で   結果として、流行が右車線に投げ出されたところを轢いたのはまた別の車じゃないか？
textdetox@01907546324b0330d2d8b7669648cc18823323e5/ja/004322	ja	0	日本刀方面もなんか乗っ取られてそうなんだよね・・・
textdetox@01907546324b0330d2d8b7669648cc18823323e5/ja/004323	ja	0	完璧に点検して再稼働したんじゃなかったのか
textdetox@01907546324b0330d2d8b7669648cc18823323e5/ja/004324	ja	0	チチ「ごくうさー！」   この場合はどちらに
textdetox@01907546324b0330d2d8b7669648cc18823323e5/ja/004325	ja	0	魚っちゅうより   過程と引っ掛けてみた
textdetox@01907546324b0330d2d8b7669648cc18823323e5/ja/004326	ja	0	観光1万9000人って、常時その人数がいるわけじゃないだろ？   どういうカウントしてるんだ？   その他がめちゃくちゃ多いんじゃないか？
textdetox@01907546324b0330d2d8b7669648cc18823323e5/ja/004327	ja	0	むしろ繋がってないって思う方が不思議じゃない？
textdetox@01907546324b0330d2d8b7669648cc18823323e5/ja/004328	ja	0	アメの大学はスポンサーを自分で用意しなくちゃならないから
textdetox@01907546324b0330d2d8b7669648cc18823323e5/ja/004329	ja	0	かわいいな   ハチ公のハリウッド版の影響で日本犬人気が世界に広がってるし、ええやん   今からでもこっちに替えてほしいわ
textdetox@01907546324b0330d2d8b7669648cc18823323e5/ja/004330	ja	0	流石鬼女さん   別人認定してくれたスレ教えて
textdetox@01907546324b0330d2d8b7669648cc18823323e5/ja/004331	ja	0	あいにくだが、ドラッグで事故だの傷害を起こしたなんてのは自由だのなんだので許される範囲ではない   自由と責任は表裏一体   責任から逃れられると思うな
textdetox@01907546324b0330d2d8b7669648cc18823323e5/ja/004332	ja	0	ありがとう。   細かいところまで見てなくて区別してなかった。
textdetox@01907546324b0330d2d8b7669648cc18823323e5/ja/004333	ja	0	まあこんなもんでしょ   なんでも中くらいが一番だね
textdetox@01907546324b0330d2d8b7669648cc18823323e5/ja/004334	ja	0	劇場やホテルや遊園地も併設したらいいね   F1も呼べるように道路もあらかじめ考慮しておくとなお良い
textdetox@01907546324b0330d2d8b7669648cc18823323e5/ja/004335	ja	0	そういや、出口調査で安倍の支持率43%とかいってたから割とマシなんだなと思った
textdetox@01907546324b0330d2d8b7669648cc18823323e5/ja/004336	ja	0	有田スゲーな。   ちゃんと年内の解散総選挙に追い込めたよ。   すげー！
textdetox@01907546324b0330d2d8b7669648cc18823323e5/ja/004337	ja	0	フィリピンはチョッと…(タガログ語だし)。インド人ではどう？(R音がドイツっぽいけど)   しかし…。オバマ大統領の発音はきれいだよね。
textdetox@01907546324b0330d2d8b7669648cc18823323e5/ja/004338	ja	0	粘膜部分に強アルカリ物質かあ   日常にはない刺激が味わえそうですね
textdetox@01907546324b0330d2d8b7669648cc18823323e5/ja/004339	ja	0	ただ、虎ノ門見た感じは続けそうな感じだよね。
textdetox@01907546324b0330d2d8b7669648cc18823323e5/ja/004340	ja	0	概念として信じるのはいいが   それで社会を作るとろくなことにならん
textdetox@01907546324b0330d2d8b7669648cc18823323e5/ja/004341	ja	0	村山談話は閣議決定された、つまり当時の政府の見解   安部首相はそれとは違う談話を出すと見られてる、閣議決定されなければ首相の個人的見解と見なされる   疑問は譲歩なのか要請に応えたのか?
textdetox@01907546324b0330d2d8b7669648cc18823323e5/ja/004342	ja	0	なぜか、第二次世界大戦では韓国軍と日本軍は交戦したことになっている。
textdetox@01907546324b0330d2d8b7669648cc18823323e5/ja/004343	ja	0	これ、どうも昨年の10月頃には発覚していたんだね。   IntelのCEOが昨年の10月～12月に持ち株を大量に売却していたというニュース記事が出てた。
textdetox@01907546324b0330d2d8b7669648cc18823323e5/ja/004344	ja	0	景気条項をはずしたから、   2017年 4月に 10％への増税は、確定的だ   このまま行けばとんでもない事になるだろう
textdetox@01907546324b0330d2d8b7669648cc18823323e5/ja/004345	ja	0	鬼軍曹みたいな人がいないと、それだけ急膨張すると、   問題頻発するだろうなぁ・・・
textdetox@01907546324b0330d2d8b7669648cc18823323e5/ja/004346	ja	0	モンスタークレーマーが一匹いるとこうなりますってお話
textdetox@01907546324b0330d2d8b7669648cc18823323e5/ja/004347	ja	0	「野党の質問時間は議席数に比例した配分で..」   とか言い出したら面白いなw
textdetox@01907546324b0330d2d8b7669648cc18823323e5/ja/004348	ja	0	しかも、朋美ちゃんが辞めたその日の晩だからな。   当てつけかよ？。
textdetox@01907546324b0330d2d8b7669648cc18823323e5/ja/004349	ja	0	チョンが寄り付かないってのは、逆にプラス要素になるよなｗｗ
textdetox@01907546324b0330d2d8b7669648cc18823323e5/ja/004350	ja	0	形を変えた炎上商法じゃないの？
textdetox@01907546324b0330d2d8b7669648cc18823323e5/ja/004351	ja	0	完全に違憲の条例だから、違憲審査請求しないとな。
textdetox@01907546324b0330d2d8b7669648cc18823323e5/ja/004352	ja	0	可決されちゃった（今最大の見世物はそれだ）からね   しかたないね
textdetox@01907546324b0330d2d8b7669648cc18823323e5/ja/004353	ja	0	戦後初開催となるであろう東京オリンピックをよろしくお願いします新議員の皆様
textdetox@01907546324b0330d2d8b7669648cc18823323e5/ja/004354	ja	0	電脳化の話というより、   脳細胞の仕組みそのものの話というべきかと。
textdetox@01907546324b0330d2d8b7669648cc18823323e5/ja/004355	ja	0	単語だけ羅列するとわかりやすいんだけどな   「事故」「○○駅」「電車」「遅れ」
textdetox@01907546324b0330d2d8b7669648cc18823323e5/ja/004356	ja	0	うちの近隣で24時間営業をしているのは、牛丼屋だけだからな。
textdetox@01907546324b0330d2d8b7669648cc18823323e5/ja/004357	ja	0	フィギュアのこと全然しらんけどさ、ファイナルじゃないグランプリとかあるの？
textdetox@01907546324b0330d2d8b7669648cc18823323e5/ja/004358	ja	0	何を謝るの？   募集に応募してきたのを雇ってごめんなさい？ｗ
textdetox@01907546324b0330d2d8b7669648cc18823323e5/ja/004359	ja	0	その地域は外れてるみたいで、電気ガス水道大丈夫です。ありがとう。
textdetox@01907546324b0330d2d8b7669648cc18823323e5/ja/004360	ja	0	「直ちに」っていう表現ははじめてだったっけ？   少し表現が変わった気がする
textdetox@01907546324b0330d2d8b7669648cc18823323e5/ja/004361	ja	0	少数意見もネットで広めて周知すべきｷﾘｯ！
textdetox@01907546324b0330d2d8b7669648cc18823323e5/ja/004362	ja	0	亡国のイージス的な話かと思ったらただの厨二病だった   ガッカリ
textdetox@01907546324b0330d2d8b7669648cc18823323e5/ja/004363	ja	0	値上げした分他の消費を削らないと、また市場経済が毛先ほど冷え込むなｗ
textdetox@01907546324b0330d2d8b7669648cc18823323e5/ja/004364	ja	0	コードネーム心神が9月に初飛行、YouTubeにアップされてる、誰か詳しくスレ建てして！
textdetox@01907546324b0330d2d8b7669648cc18823323e5/ja/004365	ja	0	なんだかなー   綺麗事じゃ世の中変えられないのはわかるけど   長い目で見たとき暴力的なやり方ってどうなんだろうな   綺麗事とかじゃなく現実的な話
textdetox@01907546324b0330d2d8b7669648cc18823323e5/ja/004366	ja	0	それよ   処分した事例はきっちり公表して残してくれないと   主観的な判断に基づく処分のボーダーラインを一般人は判断できない   個人名を晒して懲罰してるだけになってしまう
textdetox@01907546324b0330d2d8b7669648cc18823323e5/ja/004367	ja	0	本人が働いてても親兄弟呼び込むし
textdetox@01907546324b0330d2d8b7669648cc18823323e5/ja/004368	ja	0	俺みたいな小物でもか   怖いな
textdetox@01907546324b0330d2d8b7669648cc18823323e5/ja/004369	ja	0	電気は来とるん？   なら良いけど。
textdetox@01907546324b0330d2d8b7669648cc18823323e5/ja/004370	ja	0	勘弁してくれ（笑）     おそらくは、オープンではまだ２０世紀生まれの方が、多いと思うのだよ   今が、２１世紀初頭でないとすれば、中盤か？
textdetox@01907546324b0330d2d8b7669648cc18823323e5/ja/004371	ja	0	やっぱり一度は痛い目にあわないとわからない人は多いと思う。   民主党政権時に座り込み抗議をやったりしたけれども、   これで少しは報われた気がしたよ。
textdetox@01907546324b0330d2d8b7669648cc18823323e5/ja/004372	ja	0	ぱよくはどうしてすぐぱよってしまうん(´･ω･`)
textdetox@01907546324b0330d2d8b7669648cc18823323e5/ja/004373	ja	0	ああ、これか   これが理由かもしれないね
textdetox@01907546324b0330d2d8b7669648cc18823323e5/ja/004374	ja	0	ちょっと前に同じように乗っ取られて記事削除されたトコなかったっけ？
textdetox@01907546324b0330d2d8b7669648cc18823323e5/ja/004375	ja	0	得票率か2%を超えてしまったので残念ながら要件を満たしている。
textdetox@01907546324b0330d2d8b7669648cc18823323e5/ja/004376	ja	0	ただ、火消しでここまでしましたか？
textdetox@01907546324b0330d2d8b7669648cc18823323e5/ja/004377	ja	0	都構想のときは、ネット情報だと余裕で否決だったのに、リアルは接戦で危なかったんだよ
textdetox@01907546324b0330d2d8b7669648cc18823323e5/ja/004378	ja	0	え？俺も偽名使っていいの？
textdetox@01907546324b0330d2d8b7669648cc18823323e5/ja/004379	ja	0	ねえねえねえ。   日本には9条があるから絶対大丈夫なんでしょ？   ねえねえねえ。
textdetox@01907546324b0330d2d8b7669648cc18823323e5/ja/004380	ja	0	お寺が倒れてるな。   これは耐震工事が簡単にできなさそうだからな。
textdetox@01907546324b0330d2d8b7669648cc18823323e5/ja/004381	ja	0	飲食店でも時間制にしたらいかがなものかね   20時以降は喫煙OKとかさ     お酒楽しんでいいのに、たばこはダメとかちょっとかわいそうかな
textdetox@01907546324b0330d2d8b7669648cc18823323e5/ja/004382	ja	0	ほかにVWが売れている国はあるのか？
textdetox@01907546324b0330d2d8b7669648cc18823323e5/ja/004383	ja	0	揃いも揃って闇属性なのはなんなのか
textdetox@01907546324b0330d2d8b7669648cc18823323e5/ja/004384	ja	0	読み終わった。面白かったなこれ。   BGM的には姫神でww
textdetox@01907546324b0330d2d8b7669648cc18823323e5/ja/004385	ja	0	俺の中で大使館員に対する好感度が激増
textdetox@01907546324b0330d2d8b7669648cc18823323e5/ja/004386	ja	0	この人、どうしていつもこういう事を口走るのか
textdetox@01907546324b0330d2d8b7669648cc18823323e5/ja/004387	ja	0	信頼できるOSはiOSだけ？ 初心者にLinuxは難しそうだな･･･
textdetox@01907546324b0330d2d8b7669648cc18823323e5/ja/004388	ja	0	ゼノギアスを例のイベントシーンを短くしてリメイク
textdetox@01907546324b0330d2d8b7669648cc18823323e5/ja/004389	ja	0	そして、資産のうち現金と預貯金の割合の高い経済弱者も死ぬ。   資産を株や不動産で保有している上級国民は特に影響は無い。
textdetox@01907546324b0330d2d8b7669648cc18823323e5/ja/004390	ja	0	どうやらfacebookの人が逮捕された容疑者のようだね。   テレビで報じられているようで。
textdetox@01907546324b0330d2d8b7669648cc18823323e5/ja/004391	ja	0	強襲揚陸艦作るし似たようなのは将来的にはできそうだけどね   ただ9条改正しないと中々なぁ   まず法であったり方針の転換があって初めて装備が拡充されるわけだし   水陸機動団の整備だって安保法が通せたからだしなぁ
textdetox@01907546324b0330d2d8b7669648cc18823323e5/ja/004392	ja	0	麻生太郎「」     まあ、神宮参拝は評価するよ。   祈りに真心が込められていれば、神様は助けてくれるさ。
textdetox@01907546324b0330d2d8b7669648cc18823323e5/ja/004393	ja	0	四年後だと五輪が失敗してるかもわからんし   途中で投げる気ではいたかもしれないよ
textdetox@01907546324b0330d2d8b7669648cc18823323e5/ja/004394	ja	0	今NHKのニュースを見たら、死者が3人に増えたんだってさ。
textdetox@01907546324b0330d2d8b7669648cc18823323e5/ja/004395	ja	0	生命の危機をかんじて   戦争中にこそ芸術は輝く
textdetox@01907546324b0330d2d8b7669648cc18823323e5/ja/004396	ja	0	古市の空気読まない俺ｶｯｹｰ感がどうも見てて辛い
textdetox@01907546324b0330d2d8b7669648cc18823323e5/ja/004397	ja	0	ベネッセだのヤフーだの、民間企業に散々垂れ流されてるから   今更って気分なのは確か   流れたからと言って悪用されてないからだろうね
textdetox@01907546324b0330d2d8b7669648cc18823323e5/ja/004398	ja	0	タヌキさん、納豆キムチは髪にいいらしいよ
textdetox@01907546324b0330d2d8b7669648cc18823323e5/ja/004399	ja	0	赤旗も機関紙だし   定期的に立っているよ
textdetox@01907546324b0330d2d8b7669648cc18823323e5/ja/004400	ja	0	さぁ、祝いましょう。 ｲｲ!(・∀・)+1-0(・Ａ・)ｲｸﾅｲ!
textdetox@01907546324b0330d2d8b7669648cc18823323e5/ja/004401	ja	0	学校プールの壁のコンクリなのに鉄の芯が入ってない・・・・さすがおおさ・・   瓦が落ちてる＠ＮＨＫ     家が瓦の人は瓦が落ちたor落ちそうなときは役所に言って青いビニールシートを早めに貰って来て置いた方がいぃ（早い者勝ち）
textdetox@01907546324b0330d2d8b7669648cc18823323e5/ja/004402	ja	0	短期なら上手いと思うんよ、財を成してるのいるもの   ただグレー的な、もしくは焼畑的な商売だから一瞬よね   ロールケーキやドーナッツとかさw
textdetox@01907546324b0330d2d8b7669648cc18823323e5/ja/004403	ja	0	それは、過疎県の住民の選択だからな。   自民は別に公認候補を立てればよい   最初は落選するだろうけど比例で復活するだろうし、そこから実績を積ませればよい。   できれば、島根県議とかがいいな
textdetox@01907546324b0330d2d8b7669648cc18823323e5/ja/004404	ja	0	090金融を貼らなかっただけ優しさが見える
textdetox@01907546324b0330d2d8b7669648cc18823323e5/ja/004405	ja	0	汚染したいならそれSEALDsを先頭に持ってくるほうがええで
textdetox@01907546324b0330d2d8b7669648cc18823323e5/ja/004406	ja	0	さっきもそう言ってこっちに来た人がいた   パソコンで書けなくなったって
textdetox@01907546324b0330d2d8b7669648cc18823323e5/ja/004407	ja	0	そもそもハロウィンって何月何日なんだ？それすら知らん
textdetox@01907546324b0330d2d8b7669648cc18823323e5/ja/004408	ja	0	そうなの？   今 引越しの最中で受け取りできない状態なんだよね   住民票あとで動かすし
textdetox@01907546324b0330d2d8b7669648cc18823323e5/ja/004409	ja	0	また言葉遊びで無駄に時間を使うのか・・・・
textdetox@01907546324b0330d2d8b7669648cc18823323e5/ja/004410	ja	0	子供の頃見たフィクションだか再現ドキュメンタリーだかの映像で、海に潜ってた男の人がシャコ貝に足首を挟まれて浮上出来ず息が…（たぶん助からなかった）っていうのが強烈で   今でもシャコ貝が怖い   ほんとにそういう事ってあるのかや
textdetox@01907546324b0330d2d8b7669648cc18823323e5/ja/004411	ja	0	田   中   真  本名、綺麗な左右対称ですね
textdetox@01907546324b0330d2d8b7669648cc18823323e5/ja/004412	ja	0	本家のN+更新されてない？   ホントにもうお仕舞いっぽい雰囲気だね。
textdetox@01907546324b0330d2d8b7669648cc18823323e5/ja/004413	ja	0	今の立場は「ワイドショーのコメンテーター」でしょｗ
textdetox@01907546324b0330d2d8b7669648cc18823323e5/ja/004414	ja	0	ガスより電気の方がアテになるのか。   使ってない電気ケトルを処分しようと思ってたが取っておいた方が良さそうだな。
textdetox@01907546324b0330d2d8b7669648cc18823323e5/ja/004415	ja	0	動画を見て貰えばいい   ツイッターなら動画が貼れるからね
textdetox@01907546324b0330d2d8b7669648cc18823323e5/ja/004416	ja	0	多国間の最大公約数でルールが決まるからな
textdetox@01907546324b0330d2d8b7669648cc18823323e5/ja/004417	ja	0	じゃあ雀を狩るぬこをいっぱい飼うでし。
textdetox@01907546324b0330d2d8b7669648cc18823323e5/ja/004418	ja	0	つついていればそのうちぼろが出てなんとかなるだろうみたいなのに味をしめた方々は猿の一つ覚えのようにひたすらに繰り返すであろう
textdetox@01907546324b0330d2d8b7669648cc18823323e5/ja/004419	ja	0	ここは、管理人の道楽の掲示板だからね。     だから鯖の台数も少ないし、回線も決して太くはない。   今後人が増えたらどうするかは、皆で考えていかなければならない課題かな。
textdetox@01907546324b0330d2d8b7669648cc18823323e5/ja/004420	ja	0	なるほど、「モスソース」って商品の店頭販売はありだな。
textdetox@01907546324b0330d2d8b7669648cc18823323e5/ja/004421	ja	0	ぱっと見明らかに数日前と変わらんのに   急にIPv6蹴りおるw   なんかきもいわ。   今時新規格にわざわざ逆行するとか、IP逆引きで横着かましたいからなのかな？
textdetox@01907546324b0330d2d8b7669648cc18823323e5/ja/004422	ja	0	ようつべのアカウントが早速晒されてるな
textdetox@01907546324b0330d2d8b7669648cc18823323e5/ja/004423	ja	0	ツイートしてる人なら、嫌でも目に入るよ   今日何十回見ただろう   あれ、勝手に動くんだ
textdetox@01907546324b0330d2d8b7669648cc18823323e5/ja/004424	ja	0	サンモニや報ステは、中国韓国の本音を報じてくれる番組なので、貴重。
textdetox@01907546324b0330d2d8b7669648cc18823323e5/ja/004425	ja	0	原告の彼氏との話し合いの場をもった事まで認めてたら   もう事実無根の主張は無理なんじゃ.....
textdetox@01907546324b0330d2d8b7669648cc18823323e5/ja/004426	ja	0	メキシコの時給は3ドル   アメリカの時給は20ドル   35%掛けても勝負にならないな
textdetox@01907546324b0330d2d8b7669648cc18823323e5/ja/004427	ja	0	ずっと3万人だと思ってた   2万4000人という数値は大分減ってるな   民進あたりは少子化の影響である、とか言うかもしれんけど
textdetox@01907546324b0330d2d8b7669648cc18823323e5/ja/004428	ja	0	見下したいと言うより、協力して貰わんと困るってだけだと思うよ。
textdetox@01907546324b0330d2d8b7669648cc18823323e5/ja/004429	ja	0	同じく。ルールは追い追い決まってくることかと思います。
textdetox@01907546324b0330d2d8b7669648cc18823323e5/ja/004430	ja	0	朝鮮人は自分の都合の良いふうに解釈していっちゃうから、間違いばかりするんだ。
textdetox@01907546324b0330d2d8b7669648cc18823323e5/ja/004431	ja	0	本当は「いい加減頭を冷やせという天の声」なのにね
textdetox@01907546324b0330d2d8b7669648cc18823323e5/ja/004432	ja	0	うちの近所はファミマになった   潰れた跡地に何が建ったかの統計は重要かもしれんな
textdetox@01907546324b0330d2d8b7669648cc18823323e5/ja/004433	ja	0	>特定秘密にあたるような内部情報     どんな？
textdetox@01907546324b0330d2d8b7669648cc18823323e5/ja/004434	ja	0	中国籍や韓国籍もいるって     なんで言わないのですか？
textdetox@01907546324b0330d2d8b7669648cc18823323e5/ja/004435	ja	0	だったら尚更、誰がたかりをしてるんだって話だわな
textdetox@01907546324b0330d2d8b7669648cc18823323e5/ja/004436	ja	0	自分も結末を知らないんだよね・・・結局有耶無耶にされてる可能性あるのかな   実は現在進行形だったりしてｗ
textdetox@01907546324b0330d2d8b7669648cc18823323e5/ja/004437	ja	0	そろそろ「悲しい出来事」が起きるやろな～     わかる人います？
textdetox@01907546324b0330d2d8b7669648cc18823323e5/ja/004438	ja	0	それをなんで俺に言うんだよ。   レス番間違ってないか？
textdetox@01907546324b0330d2d8b7669648cc18823323e5/ja/004439	ja	0	む、デングウイルス持ちの蚊がり地域にて確認、現在のところ発症者なし()
textdetox@01907546324b0330d2d8b7669648cc18823323e5/ja/004440	ja	0	これからは日本派の議員が必須になってくるだろうな。   まだ先かもしれないけど。
textdetox@01907546324b0330d2d8b7669648cc18823323e5/ja/004441	ja	0	パンとか止めるやつ   何かに使う予定とかないけど、なんとなくビンに入れてためてる
textdetox@01907546324b0330d2d8b7669648cc18823323e5/ja/004442	ja	0	金日成広場の方が良くないか？
textdetox@01907546324b0330d2d8b7669648cc18823323e5/ja/004443	ja	0	赤旗刷るために一体何本の木が犠牲になったのですかねぇ？
textdetox@01907546324b0330d2d8b7669648cc18823323e5/ja/004444	ja	0	日本国内の外国人だけではなくて、   国外の外国人についてもだめと言われたことがあるぞ   もうこうなるとなんでもありなのかと
textdetox@01907546324b0330d2d8b7669648cc18823323e5/ja/004445	ja	0	あと、自社のTVKハウジングとか、ヨコカンとかね   地元企業密着なのかもしれないが、大手企業のcmは少ないね     たまに静岡のイノシシ最中のcmもあるけど
textdetox@01907546324b0330d2d8b7669648cc18823323e5/ja/004446	ja	0	twitterじゃなくてfacebookか、失礼   そうそうその事件のこと
textdetox@01907546324b0330d2d8b7669648cc18823323e5/ja/004447	ja	0	ぬーべーの実写なんか無かった。いいね？
textdetox@01907546324b0330d2d8b7669648cc18823323e5/ja/004448	ja	0	Oh~   イラッと来るのにスッキリした不思議
textdetox@01907546324b0330d2d8b7669648cc18823323e5/ja/004449	ja	0	両方同時に連想しましたが何か!?（逆ギレ）
textdetox@01907546324b0330d2d8b7669648cc18823323e5/ja/004450	ja	0	まさか「マニフェストはあるが公にできない」とかいうオチではないよね
textdetox@01907546324b0330d2d8b7669648cc18823323e5/ja/004451	ja	0	飲み口は大きめのスクリュータイプになってる
textdetox@01907546324b0330d2d8b7669648cc18823323e5/ja/004452	ja	0	優遇廃止を撤回しろとは言っていても   資料を提出しますから話し合いをしましょうは無いんじゃない？
textdetox@01907546324b0330d2d8b7669648cc18823323e5/ja/004453	ja	0	大風で底板（アクリルか？）が吹き飛ぶ
textdetox@01907546324b0330d2d8b7669648cc18823323e5/ja/004454	ja	0	ほならね？どの政党なら満足なん？
textdetox@01907546324b0330d2d8b7669648cc18823323e5/ja/004455	ja	0	動画ないのかな。世界にばらまこう。
textdetox@01907546324b0330d2d8b7669648cc18823323e5/ja/004456	ja	0	それ小学校の担任も言ってたな火山の噴火？   で焼けた動物の肉にさわったら   熱くて反射的に指を冷やすために口に入れたらいい味がしたので   それから肉を焼くようになったとか言ってた
textdetox@01907546324b0330d2d8b7669648cc18823323e5/ja/004457	ja	0	意図としては、夜食や職場での昼食あたりじゃなかろうか
textdetox@01907546324b0330d2d8b7669648cc18823323e5/ja/004458	ja	0	今後、彼らと彼らの芸のことは   8.6 2nd と原爆ダンスと呼べばいいのか
textdetox@01907546324b0330d2d8b7669648cc18823323e5/ja/004459	ja	0	知ってた速報   まあ、こういう記事がきちっと表に出ることが重要
textdetox@01907546324b0330d2d8b7669648cc18823323e5/ja/004460	ja	0	元号表記にこだわるなら   スレタイの日付も変えたら？   [R1/05/02]とか
textdetox@01907546324b0330d2d8b7669648cc18823323e5/ja/004461	ja	0	まじか   鬼女様来たら雰囲気変わるかもしれん
textdetox@01907546324b0330d2d8b7669648cc18823323e5/ja/004462	ja	0	岸から沖１ｋｍに着水   その時点では機体は健在だった   漂流して岩に揉まれたからバラバラになった   ということだね
textdetox@01907546324b0330d2d8b7669648cc18823323e5/ja/004463	ja	0	単発が沸いては消え、沸いては消えｗ   ID変更はルーター再起動かな。
textdetox@01907546324b0330d2d8b7669648cc18823323e5/ja/004464	ja	0	興味持つなって意味合いで書かれた記事だろうからねｗ
textdetox@01907546324b0330d2d8b7669648cc18823323e5/ja/004465	ja	0	あー…     そういや、代理出産を承諾しておいて   妊娠期間中に心変わりする「事件」が多発していたっけ
textdetox@01907546324b0330d2d8b7669648cc18823323e5/ja/004466	ja	0	おーぷん自体のトラブルのせいじゃね？
textdetox@01907546324b0330d2d8b7669648cc18823323e5/ja/004467	ja	0	職種によっては変わらないんじゃない？   サービス業とか
textdetox@01907546324b0330d2d8b7669648cc18823323e5/ja/004468	ja	0	ちょっとでも太郎も気になる。。
textdetox@01907546324b0330d2d8b7669648cc18823323e5/ja/004469	ja	0	そういや金男もとうとう逃げたんだってな
textdetox@01907546324b0330d2d8b7669648cc18823323e5/ja/004470	ja	0	別に宇宙発電じゃなくても   山や海上の電力が必要な施設に送電線引かないで電力送れる様になれば便利なんじゃね
textdetox@01907546324b0330d2d8b7669648cc18823323e5/ja/004471	ja	0	死者が出てるのですが、   それについて何か言及しないのですか。
textdetox@01907546324b0330d2d8b7669648cc18823323e5/ja/004472	ja	0	それなー   米中貿易戦も継続中なのにな
textdetox@01907546324b0330d2d8b7669648cc18823323e5/ja/004473	ja	0	日本国内でも東北のボロアパートなら室内温度マイナス10度台くらい普通だが
textdetox@01907546324b0330d2d8b7669648cc18823323e5/ja/004474	ja	0	犬の嗅覚なら判別可能だろうけど、食べるって判断はどうするんだよ。
textdetox@01907546324b0330d2d8b7669648cc18823323e5/ja/004475	ja	0	わかりやすい業績不振の理由がほしかった自作自演の線もありえる
textdetox@01907546324b0330d2d8b7669648cc18823323e5/ja/004476	ja	0	海自が潜水艦兵器システムの輸出に難色を示してるんだから   日本の希望が通ったと言える
textdetox@01907546324b0330d2d8b7669648cc18823323e5/ja/004477	ja	0	西武線は日本語と英語の両方のアナウンスが流れるんだがな
textdetox@01907546324b0330d2d8b7669648cc18823323e5/ja/004478	ja	0	そういや5ちゃんはワッチョイとか強制ID表示の板とかも   怪しいと思ったわ。
textdetox@01907546324b0330d2d8b7669648cc18823323e5/ja/004479	ja	0	15年くらい昔から、独特の朝鮮ヤクザテンションな輩の気配にネットストーキングの併せ技から、あそこは2チョンと揶揄していたが、やはりマジでしたと。
textdetox@01907546324b0330d2d8b7669648cc18823323e5/ja/004480	ja	0	そうりゅう・アスカ・ラングレーは性格が悪い。
textdetox@01907546324b0330d2d8b7669648cc18823323e5/ja/004481	ja	0	いや、でも今国政選挙やったら普通に自民党が勝つと思うぜ
textdetox@01907546324b0330d2d8b7669648cc18823323e5/ja/004482	ja	0	だって子供の頃も綺麗で   大人になっても（成長に伴う変化はあれど）それを維持してる例って   滅多に無いじゃない。
textdetox@01907546324b0330d2d8b7669648cc18823323e5/ja/004483	ja	0	まぁ、このPCでは決済やらはやっていないから、   せいぜい抜かれてもXVIDEOのIDとパスだけなんだけどね。     ……いや、それ、恥ずかしいなw
textdetox@01907546324b0330d2d8b7669648cc18823323e5/ja/004484	ja	0	入管も忘れずに(＊｀Д´)ノ！！！
textdetox@01907546324b0330d2d8b7669648cc18823323e5/ja/004485	ja	0	日頃は腐ったモン食っても何て事無いけど   栄養失調で免疫力落ちまくってるのかも…
textdetox@01907546324b0330d2d8b7669648cc18823323e5/ja/004486	ja	0	朝日新聞の捏造の歴史を、歴史教科書に記載を。
textdetox@01907546324b0330d2d8b7669648cc18823323e5/ja/004487	ja	0	貿易黒字になっても赤字の企業はあるだろうな
textdetox@01907546324b0330d2d8b7669648cc18823323e5/ja/004488	ja	0	キャンバラシャーン!!からゲンゲンにクラスチェンジか・・・
textdetox@01907546324b0330d2d8b7669648cc18823323e5/ja/004489	ja	0	スーパーや流通の利益を考えないのかw
textdetox@01907546324b0330d2d8b7669648cc18823323e5/ja/004490	ja	0	それ以前に戦争直後から行った数々の悪行について日本に一度も謝罪してない
textdetox@01907546324b0330d2d8b7669648cc18823323e5/ja/004491	ja	0	全部読んでくれて、ありがとうございますm(_ _)m
textdetox@01907546324b0330d2d8b7669648cc18823323e5/ja/004492	ja	0	> 昔みたいに親の意向で強制結婚なんてもう無理だよね。     親の意向って親のほうが本人よりも相手への要求度が一般に高いぞ。   本人よりもその親のほうが相手の男が高収入かどうかを気にする。
textdetox@01907546324b0330d2d8b7669648cc18823323e5/ja/004493	ja	0	中にじゃこいれとくとなおよし！（ｼﾞｭﾙﾘ
textdetox@01907546324b0330d2d8b7669648cc18823323e5/ja/004494	ja	0	景気の良い話しだなぁ。   次は全長1キロ越えの超巨大空母造ってよｗ
textdetox@01907546324b0330d2d8b7669648cc18823323e5/ja/004495	ja	0	佐野研二郎(著) 伝わらなければデザインじゃない   香山リカ(著) 悪いのは私じゃない症候群
textdetox@01907546324b0330d2d8b7669648cc18823323e5/ja/004496	ja	0	imgurが不調なのかね？ここからもアップ出来ないし   アプリから画像を削除する事すら出来ないのが２日続いてるよ
textdetox@01907546324b0330d2d8b7669648cc18823323e5/ja/004497	ja	0	アレだけの巨大企業は、トップが頑張っても向きが変わるのに時間がかかる。
textdetox@01907546324b0330d2d8b7669648cc18823323e5/ja/004498	ja	0	本当に切り捨てるとしたら、   引っ越し侍涙目だなｗ
textdetox@01907546324b0330d2d8b7669648cc18823323e5/ja/004499	ja	0	なにもおきないはずはなく...
textdetox@01907546324b0330d2d8b7669648cc18823323e5/ja/004500	ja	0	.   こんなんで、来週の ぱよぱよ大行進 できるぱよ？
textdetox@01907546324b0330d2d8b7669648cc18823323e5/ja/004501	ja	0	韓国の高速鉄道は動力集中方式なので加速減速に時間がかかるだろう。   昔フランスのＴＧＶに乗ってことがあるが動力分散方式の新幹線に比べて加速減速に時間が   かかったとの印象がある。
textdetox@01907546324b0330d2d8b7669648cc18823323e5/ja/004502	ja	0	というより、おーぷんはツイッターでスレ立てできるからね   既存メディアより動向が早い場合も普通にある
textdetox@01907546324b0330d2d8b7669648cc18823323e5/ja/004503	ja	0	いやこれが地方選の現実   だから注視しないといけない
textdetox@01907546324b0330d2d8b7669648cc18823323e5/ja/004504	ja	0	次はラーメン屋を作ればいい。   そうしていつの間にか、元原発敷地内に新しい街ができたりしてw
textdetox@01907546324b0330d2d8b7669648cc18823323e5/ja/004505	ja	0	禁煙外来はマジでヤバい   １日2箱だった漏れがあっさり禁煙だからね   禁煙したいなら行くべき
textdetox@01907546324b0330d2d8b7669648cc18823323e5/ja/004506	ja	0	着艦ワイヤーがないから発艦できたとしても降りられん。
textdetox@01907546324b0330d2d8b7669648cc18823323e5/ja/004507	ja	0	ふくしまみずほちゃんの妄言が現実に(*_ _)ﾉ彡☆ﾊﾞﾝﾊﾞﾝ！
textdetox@01907546324b0330d2d8b7669648cc18823323e5/ja/004508	ja	0	あなたは優しいな   来年有るかも怪しいと思ったが
textdetox@01907546324b0330d2d8b7669648cc18823323e5/ja/004509	ja	0	やっぱ震源の深さや震源からの距離の要素が大きいんだろうね。
textdetox@01907546324b0330d2d8b7669648cc18823323e5/ja/004510	ja	0	また!!ヽ(ﾟдﾟヽ)(ﾉﾟдﾟ)ﾉ!!
textdetox@01907546324b0330d2d8b7669648cc18823323e5/ja/004511	ja	0	それだったらなんかラクダが気の毒な気がしてしまう
textdetox@01907546324b0330d2d8b7669648cc18823323e5/ja/004512	ja	0	なぜ党支持率が上がらないのか、マジで分かってなさそうだしね…
textdetox@01907546324b0330d2d8b7669648cc18823323e5/ja/004513	ja	0	ここに書き込む人らが一つの思想で統一しているとは思わんが、   連呼リアンにはそう見えるのか。
textdetox@01907546324b0330d2d8b7669648cc18823323e5/ja/004514	ja	0	最近水揚げされた鯨がちょいちょいスーパーや魚屋各所に並ぶようだね   血抜きが調査捕鯨のものよりしっかりされてるから臭みが少ないのだとか
textdetox@01907546324b0330d2d8b7669648cc18823323e5/ja/004515	ja	0	この季節だとそれは暑いのではなかろうか。
textdetox@01907546324b0330d2d8b7669648cc18823323e5/ja/004516	ja	0	そう？ｗ   どん引きレベルのコレ見たら投票行動どうなるかな
textdetox@01907546324b0330d2d8b7669648cc18823323e5/ja/004517	ja	0	毎度毎度、今回みたいに近くまでいっては悪天候の為中止、とかやってるのかと思ってたよ   前に上陸した事あったんだっけ？
textdetox@01907546324b0330d2d8b7669648cc18823323e5/ja/004518	ja	0	普通の自衛官って願書出したら受かりそうイメージだけど、不採用になる人もいるんかな？
textdetox@01907546324b0330d2d8b7669648cc18823323e5/ja/004519	ja	0	そりゃシーチワワみたいに仕事だったりするプロ市民ですしw
textdetox@01907546324b0330d2d8b7669648cc18823323e5/ja/004520	ja	0	あれは保守系政党の李がやったからのインパクトもあったかと思うけどれここら辺でぜひやって欲しいねw
textdetox@01907546324b0330d2d8b7669648cc18823323e5/ja/004521	ja	0	話題作りかな？   演技力が問われる、とか緊張感がある、とか   テレビ黎明期にはドラマは生放送が当たり前だったらしいし
textdetox@01907546324b0330d2d8b7669648cc18823323e5/ja/004522	ja	0	人道支援をやったところで、物資を届けるべき弱い人民にちゃんと届くのか…。   解りきった事だろう…。
textdetox@01907546324b0330d2d8b7669648cc18823323e5/ja/004523	ja	0	日本エンジン、３つだね   福岡とかはどうなんだろ
textdetox@01907546324b0330d2d8b7669648cc18823323e5/ja/004524	ja	0	( ﾟ∀ﾟ)人(ﾟ∀ﾟ )
textdetox@01907546324b0330d2d8b7669648cc18823323e5/ja/004525	ja	0	地元のＡＭかＦＭラジオのほうが地域の情報が集まるよ。J-comとかツイッター・FBも   ガセに注意しながら情報集めてみて
textdetox@01907546324b0330d2d8b7669648cc18823323e5/ja/004526	ja	0	結婚するのを推奨するようなことは絶対に誰も言わないね。
textdetox@01907546324b0330d2d8b7669648cc18823323e5/ja/004527	ja	0	別に野党は移民受け入れに反対じゃない
textdetox@01907546324b0330d2d8b7669648cc18823323e5/ja/004528	ja	0	こんばんは～     小腹が空いたので   キムチ納豆ご飯食べてますｗ
textdetox@01907546324b0330d2d8b7669648cc18823323e5/ja/004529	ja	0	同じく、同じく。 ＞キリギリスだと思った   でも、線を引くとか言われると、そうなんだよねー。 閉じてるのもそう。
textdetox@01907546324b0330d2d8b7669648cc18823323e5/ja/004530	ja	0	自衛隊機が追い払われたのは事実か。
textdetox@01907546324b0330d2d8b7669648cc18823323e5/ja/004531	ja	0	最近の年寄りは、と思わせる事案ですね。
textdetox@01907546324b0330d2d8b7669648cc18823323e5/ja/004532	ja	0	IPは出ないけど半コテハンとして機能するんで特定が可能
textdetox@01907546324b0330d2d8b7669648cc18823323e5/ja/004533	ja	0	日本酒専門らしいけどどうですか？www
textdetox@01907546324b0330d2d8b7669648cc18823323e5/ja/004534	ja	0	制作の話がループしているから無理。
textdetox@01907546324b0330d2d8b7669648cc18823323e5/ja/004535	ja	0	フジテレビ調査部(著) 楽しくなければテレビじゃない
textdetox@01907546324b0330d2d8b7669648cc18823323e5/ja/004536	ja	0	街をきれいにしよう   おとうさん、おかあさんを大切にしよう     一日一善
textdetox@01907546324b0330d2d8b7669648cc18823323e5/ja/004537	ja	0	空梅雨が遠因の水不足が問題になったら言いそう
textdetox@01907546324b0330d2d8b7669648cc18823323e5/ja/004538	ja	0	マリオ並のキャラクターを世界に送り出してから言えよ
textdetox@01907546324b0330d2d8b7669648cc18823323e5/ja/004539	ja	0	既存の口座じゃ、   その理由で寄付されたとは思ってませんでしたと言って逃げられる可能性はあるな
textdetox@01907546324b0330d2d8b7669648cc18823323e5/ja/004540	ja	0	あなたは、築地に建て替えるべきと考えているの？
textdetox@01907546324b0330d2d8b7669648cc18823323e5/ja/004541	ja	0	添田の高橋、牧田の山口みたいに活動ネームってあるしな     まあ、そのうち誰かが散歩して見つけそうな気がする
textdetox@01907546324b0330d2d8b7669648cc18823323e5/ja/004542	ja	0	過剰なインフラが多い、それを削るのが先
textdetox@01907546324b0330d2d8b7669648cc18823323e5/ja/004543	ja	0	洞察力を嘆く前に「生体反応」について調べてみよう
textdetox@01907546324b0330d2d8b7669648cc18823323e5/ja/004544	ja	0	そうだな。年金管理も紙の台帳に戻そうぜ。
textdetox@01907546324b0330d2d8b7669648cc18823323e5/ja/004545	ja	0	そこなんだよ   発端となった記事に焦点あたらないと
textdetox@01907546324b0330d2d8b7669648cc18823323e5/ja/004546	ja	0	東日本の時はつべに沢山個人撮影の動画があったんだが   今回はニュースみたいなのしか出てこないな
textdetox@01907546324b0330d2d8b7669648cc18823323e5/ja/004547	ja	0	金になるうちは受け入れると思うよ     負債が増えれば態度は変わるだろうけどね
textdetox@01907546324b0330d2d8b7669648cc18823323e5/ja/004548	ja	0	さすがに、こんなソースでスレ立てするのはいかがなものか。
textdetox@01907546324b0330d2d8b7669648cc18823323e5/ja/004549	ja	0	米国、英国、国境なき記者団でしたっけ？
textdetox@01907546324b0330d2d8b7669648cc18823323e5/ja/004550	ja	0	逆説的にいえば、それだけの金を収奪可能ということでもある。   また、そうする見通しがある、ともいえる。
textdetox@01907546324b0330d2d8b7669648cc18823323e5/ja/004551	ja	0	どっかに出方によっちゃ追加措置しますｗって記事出てなかったかな   出方が日本批判だったわけなんで、追加措置は確定じゃないかねｗ
textdetox@01907546324b0330d2d8b7669648cc18823323e5/ja/004552	ja	0	1行って何文字で1行なんだよ   400字詰め原稿用紙準拠か?   1レス幾らのほうが、まだ信憑性があんのにな
textdetox@01907546324b0330d2d8b7669648cc18823323e5/ja/004553	ja	0	ええええええええええええええ(´・ω・`)   もう写真用意してるのにｗｗｗｗｗｗｗｗｗ
textdetox@01907546324b0330d2d8b7669648cc18823323e5/ja/004554	ja	0	国籍は日本だろうけどあの騒動のとき旧ちゃんで両親と姉の   勤務先とかいろいろ出たね。
textdetox@01907546324b0330d2d8b7669648cc18823323e5/ja/004555	ja	0	IDから察するに、ルビヤンカの方から来た人ですか？
textdetox@01907546324b0330d2d8b7669648cc18823323e5/ja/004556	ja	0	事実が違えば韓国の主張が間違いだとなるんだけど？
textdetox@01907546324b0330d2d8b7669648cc18823323e5/ja/004557	ja	0	あれは契約かなんかで最初だけ購入   今は自前
textdetox@01907546324b0330d2d8b7669648cc18823323e5/ja/004558	ja	0	主導していることを証明する必要は別にないので   俺はそう言われても全く困らんよ？
textdetox@01907546324b0330d2d8b7669648cc18823323e5/ja/004559	ja	0	そらなる前のやつよ   田舎だからかみんな買いこみなんかしないのか在庫はたんまりとあったｗ
textdetox@01907546324b0330d2d8b7669648cc18823323e5/ja/004560	ja	0	長崎、広島のタウン系サイトにも、ものすごく書き込みがあるわ。   スポンサーの不買運動も始まっているし
textdetox@01907546324b0330d2d8b7669648cc18823323e5/ja/004561	ja	0	物価が上がってる＝デフレ化解消ではない
textdetox@01907546324b0330d2d8b7669648cc18823323e5/ja/004562	ja	0	最初他の仲間と訴訟の準備を進めるらしいレスしてたけど、その後の進展は不明。   手の内がばれないように極秘に進めてるらしいから聞いても答えてくれないかも。
textdetox@01907546324b0330d2d8b7669648cc18823323e5/ja/004563	ja	0	個人情報まで？   アメリカでも？   テキサス親父が嘆いてたのはこういうことか
textdetox@01907546324b0330d2d8b7669648cc18823323e5/ja/004564	ja	0	さっきリア友のツイートで知った。   また寝てたwww 地震の事ならいいんだけどねー。
textdetox@01907546324b0330d2d8b7669648cc18823323e5/ja/004565	ja	0	ロスケはアメリカ相手にも日本相手にももっとおちゃらけてたぞ。     ウォトカが入ってるせいかもしれんが。
textdetox@01907546324b0330d2d8b7669648cc18823323e5/ja/004566	ja	0	本日発売のスピリッツ掲載中の「気まぐれコンセプト」   ラッスンゴレライが今年の流行語大賞なるとかなんとか   やってたわ。
textdetox@01907546324b0330d2d8b7669648cc18823323e5/ja/004567	ja	0	┌────────┐   │ 輸出管理に関する│   │ 事務的説明会 │   └────────┘
textdetox@01907546324b0330d2d8b7669648cc18823323e5/ja/004568	ja	0	まさかオープンに来ることになるとはな。
textdetox@01907546324b0330d2d8b7669648cc18823323e5/ja/004569	ja	0	まずいと思ったんだろうな、   短い挨拶だけで、あんまり喋らさなかった。
textdetox@01907546324b0330d2d8b7669648cc18823323e5/ja/004570	ja	0	入ってすら無いんじゃね？     だいたいアイコンに態々イラスト描いた時点で、   ツイをあまり使わないんだなぁとしか。
textdetox@01907546324b0330d2d8b7669648cc18823323e5/ja/004571	ja	0	夫婦別姓の何が悪いんでしょ？   お互いが話し合って納得しているなら問題ないのでわ？
textdetox@01907546324b0330d2d8b7669648cc18823323e5/ja/004572	ja	0	日本でしか味わえない   山奥の枯れた温泉宿とかを体験していって欲しい   グバグバと沸くアツアツの鍋をつつきながら   熱燗でキューっと
textdetox@01907546324b0330d2d8b7669648cc18823323e5/ja/004573	ja	0	そらageて教えてあげたら、恥ずかしくて泣くからな。かわいそうにｗｗｗ
textdetox@01907546324b0330d2d8b7669648cc18823323e5/ja/004574	ja	0	まぁ、グローバル企業が「アメリカ第一主義」を支持するのは   商売上マズい
textdetox@01907546324b0330d2d8b7669648cc18823323e5/ja/004575	ja	0	稲庭うどんいいなぁ   あごだしの五島うどんも好きだな
textdetox@01907546324b0330d2d8b7669648cc18823323e5/ja/004576	ja	0	アレルギーあるか聞かれるけど、   アルコールアレルギーの人はどーやってんのかね？
textdetox@01907546324b0330d2d8b7669648cc18823323e5/ja/004577	ja	0	近寄らなくなる前に、お仲間洗いざらい紹介してもらいましょうかね
textdetox@01907546324b0330d2d8b7669648cc18823323e5/ja/004578	ja	0	なぜ、炭酸水が好まれるのか、わかってないんだよね。
textdetox@01907546324b0330d2d8b7669648cc18823323e5/ja/004579	ja	0	資産とみなされる部分については領有権を争っている国が買い取る事になるんじゃないかと   負担割合によって領海も決まってきたりしてw
textdetox@01907546324b0330d2d8b7669648cc18823323e5/ja/004580	ja	0	批判とヘイトの違いを明確にしてもらわないとね
textdetox@01907546324b0330d2d8b7669648cc18823323e5/ja/004581	ja	0	実際ビスマルクだったか？   あれに打撃加えた航空機って旧型で木製部品だったんで電探にかからなかったんで近づけた   こういう例が昔の時点でもあったりするし、ステルスとジャミングのいたちごっこの果ては結局目視戦って話もどっかで仮説立てられてたような
textdetox@01907546324b0330d2d8b7669648cc18823323e5/ja/004582	ja	0	こっちでも頑張ってるよ眼鏡君www       みんなのおもちゃだけどwww
textdetox@01907546324b0330d2d8b7669648cc18823323e5/ja/004583	ja	0	これ、こっぷらでも何回かスレ立てしたんだけれど、モロッコめっちゃ怒ってるよ(^_^;)
textdetox@01907546324b0330d2d8b7669648cc18823323e5/ja/004584	ja	0	仮にそんな物持っていたら、彼女には振られる。   家族からはブーイング。職場では白い目で見られる。・・・・
textdetox@01907546324b0330d2d8b7669648cc18823323e5/ja/004585	ja	0	あれ、ネコマンマって言うけど塩分が多いからネコにやっちゃだめだよねw
textdetox@01907546324b0330d2d8b7669648cc18823323e5/ja/004586	ja	0	報ステで目一杯で見てませんでした   今日でも十分ひどいです
textdetox@01907546324b0330d2d8b7669648cc18823323e5/ja/004587	ja	0	同じ単語が多いのは併合時代の名残だそうで…
textdetox@01907546324b0330d2d8b7669648cc18823323e5/ja/004588	ja	0	選挙で不正っていうと、これまでは候補者や支援団体による選挙運動に関するものが中心だったけど   今回はあきらかに投票所での不正が疑われるケースが多いな
textdetox@01907546324b0330d2d8b7669648cc18823323e5/ja/004589	ja	0	車や家には使えないんじゃないの？   …使えるの？   何百万円分も買ってる人、あれ転売目的かと思ってたけど
textdetox@01907546324b0330d2d8b7669648cc18823323e5/ja/004590	ja	0	GENKINGには早急に画面から消えてもらいたい。
textdetox@01907546324b0330d2d8b7669648cc18823323e5/ja/004591	ja	0	鳩ポッポを呼べば、何度でもそっちに飛んでくよ
textdetox@01907546324b0330d2d8b7669648cc18823323e5/ja/004592	ja	0	連絡とったのがTwitterだから２ちょんは難しいんじゃね？   法的根拠の有無が問題かな   閉鎖しても別の所で同じこと出来るしね
textdetox@01907546324b0330d2d8b7669648cc18823323e5/ja/004593	ja	0	頭文字Ｄは新アニメやってるやんけ
textdetox@01907546324b0330d2d8b7669648cc18823323e5/ja/004594	ja	0	>次に『（相手が）ＴＢＳだから難しい』と言われた。
textdetox@01907546324b0330d2d8b7669648cc18823323e5/ja/004595	ja	0	『三つ目の吉田問題』って表現いいね！思い出しやすい。
textdetox@01907546324b0330d2d8b7669648cc18823323e5/ja/004596	ja	0	法則と言えばあの国だけに限らず   今年は車・家電メーカーとかもあったけど   今後不動産・建築関係になんかありそうでなぁ   もしくは金属関係で再び…最近のニュース見回してみてると
textdetox@01907546324b0330d2d8b7669648cc18823323e5/ja/004597	ja	0	ああ、とうとう地震のように感じる回り方をしている   酒も呑んでないのに。。。
textdetox@01907546324b0330d2d8b7669648cc18823323e5/ja/004598	ja	0	<｀Д´> 俺が酒呑んで話し合います！     まだいかないの？
textdetox@01907546324b0330d2d8b7669648cc18823323e5/ja/004599	ja	0	それで解決するの？   それとも八つ当たり？
textdetox@01907546324b0330d2d8b7669648cc18823323e5/ja/004600	ja	0	一応、議員なんだから内容を批判してほしいよな
textdetox@01907546324b0330d2d8b7669648cc18823323e5/ja/004601	ja	0	人がいるってのはそれだけで力になるんだよ
textdetox@01907546324b0330d2d8b7669648cc18823323e5/ja/004602	ja	0	ブラウザーでGoogleChromeとか使っていない？
textdetox@01907546324b0330d2d8b7669648cc18823323e5/ja/004603	ja	0	電波停止は良いからさ   免許取りやすくして競争させればいいよ   そうすれば今の局は勝手に凋落すると思うから
textdetox@01907546324b0330d2d8b7669648cc18823323e5/ja/004604	ja	0	台風が過ぎていたのが不幸中の幸いだったな   直撃食らってたらもっと大変なことになっていたかもしれない
textdetox@01907546324b0330d2d8b7669648cc18823323e5/ja/004605	ja	0	首長さんでツイッタやってる人は結構いるけど、   学園理事長だからねぇ。   本人の情報発信はあまり求められんだろうし、   期待薄。
textdetox@01907546324b0330d2d8b7669648cc18823323e5/ja/004606	ja	0	「市民」「反戦」「人権」辺りにはもう悪い意味がついてしまったからなあ
textdetox@01907546324b0330d2d8b7669648cc18823323e5/ja/004607	ja	0	PCデポってそういう店だったのか   知らなかったわ   毎月二万円の請求も高いなー
textdetox@01907546324b0330d2d8b7669648cc18823323e5/ja/004608	ja	0	本当だ   情報ありです     数十分で直る時もあるから微妙なんですよね～
textdetox@01907546324b0330d2d8b7669648cc18823323e5/ja/004609	ja	0	スレタイの「森元」に違和感がないw
textdetox@01907546324b0330d2d8b7669648cc18823323e5/ja/004610	ja	0	機械音声だけど地方でもあるよ。   東海の車掌さんの英語アナウンスはびびったけどw
textdetox@01907546324b0330d2d8b7669648cc18823323e5/ja/004611	ja	0	多分今日ぐらいに書き換えられるか、削除されそう
textdetox@01907546324b0330d2d8b7669648cc18823323e5/ja/004612	ja	0	統一地方選直前に何故か次世代のスキャンダルが出てくると予想   次世代に勝ってもらいたくない連中は少なくないからな
textdetox@01907546324b0330d2d8b7669648cc18823323e5/ja/004613	ja	0	じっくりは見られんかったから分からない   あの動画ではない
textdetox@01907546324b0330d2d8b7669648cc18823323e5/ja/004614	ja	0	混乱は終息してきたみたいかい。   現地人よ。
textdetox@01907546324b0330d2d8b7669648cc18823323e5/ja/004615	ja	0	ちょっと寿命長すぎませんかね……
textdetox@01907546324b0330d2d8b7669648cc18823323e5/ja/004616	ja	0	報道ワイドショーの殆どはイオンスポンサーだからねぇ
textdetox@01907546324b0330d2d8b7669648cc18823323e5/ja/004617	ja	0	孤独と戦う開拓者になろうよ   毎日１人でレスしてれば同情で人が寄ってくるかもしれない！
textdetox@01907546324b0330d2d8b7669648cc18823323e5/ja/004618	ja	0	普通に考えて、こういう攻撃する側のリスクが大き過ぎる   だから非現実的   不安を煽る効果以外は何もない
textdetox@01907546324b0330d2d8b7669648cc18823323e5/ja/004619	ja	0	そのとおり、自分の自由で選択するなら責任も取らなきゃいけないね。   それは最初から当たり前だ。   んでそれを踏まえたうえで、合法なのだから禁止することはできないぞ。
textdetox@01907546324b0330d2d8b7669648cc18823323e5/ja/004620	ja	0	「自分が使うから、日本人は使うな」って意味だと思うぞ
textdetox@01907546324b0330d2d8b7669648cc18823323e5/ja/004621	ja	0	ベンツ君も引っ越してきたんかｗ
textdetox@01907546324b0330d2d8b7669648cc18823323e5/ja/004622	ja	0	いやまあ新品だしそりゃクリーンではあるだろう
textdetox@01907546324b0330d2d8b7669648cc18823323e5/ja/004623	ja	0	つらいことだけど、死亡率はしばらくしないと正しく出てこない   まだ発病初期の人も患者数としてカウントされているからね
textdetox@01907546324b0330d2d8b7669648cc18823323e5/ja/004624	ja	0	かといって野球教えたら、マウンドに旗立てるしなぁ…     相手のある競技は無理だよ
textdetox@01907546324b0330d2d8b7669648cc18823323e5/ja/004625	ja	0	国を動かしている自覚は無いけど   金は懐に入ってくるから止められません
textdetox@01907546324b0330d2d8b7669648cc18823323e5/ja/004626	ja	0	後者であると思いたい   だが、日本のこころの他の所属者に事前に合流の根回しをしなかったのが腑に落ちない   先に根回しをすれば、反対されるのがわかっていたからなのかと
textdetox@01907546324b0330d2d8b7669648cc18823323e5/ja/004627	ja	0	ＷＨを手放して海外事業から撤退した某日本企業の判断を忖度した記事？
textdetox@01907546324b0330d2d8b7669648cc18823323e5/ja/004628	ja	0	外国企業がアメリカで生産した製品の輸出にも課税なんだろうな。   それがバランスだ。   関税はしかたがないが、赤字営業は禁止しないとな。
textdetox@01907546324b0330d2d8b7669648cc18823323e5/ja/004629	ja	0	とりあえず官邸に反対意見のメールしといたわ。   こんなもん見てないかも知れんけど、何もしないよりは・・・
textdetox@01907546324b0330d2d8b7669648cc18823323e5/ja/004630	ja	0	なーんだどんだけ賢いかじっくり鑑賞させてもらおうと思ったのに。
textdetox@01907546324b0330d2d8b7669648cc18823323e5/ja/004631	ja	0	主人公がチェーンソー回し始めるのを見た神の顔
textdetox@01907546324b0330d2d8b7669648cc18823323e5/ja/004632	ja	0	そもそも世界第二位の経済大国にＯＤＡ送ることからして意味不明   即刻停止すべし   でもキックバックもらってる連中がＯＤＡを停止するかどうかの決定権握ってるんだろうなぁ
textdetox@01907546324b0330d2d8b7669648cc18823323e5/ja/004633	ja	0	B面は「私はやってなーいー」だっけか？
textdetox@01907546324b0330d2d8b7669648cc18823323e5/ja/004634	ja	0	もしこれが日本で開催された大会だったら謝罪すらしなかっただろうな
textdetox@01907546324b0330d2d8b7669648cc18823323e5/ja/004635	ja	0	安倍「(個人的には)嫌な思いしてないから 」
textdetox@01907546324b0330d2d8b7669648cc18823323e5/ja/004636	ja	0	国外で使えそうにも見えないが何で海外ＩＰ弾いてないんだ？
textdetox@01907546324b0330d2d8b7669648cc18823323e5/ja/004637	ja	0	そもそも燃料電池て熱を発生させる   そしてスターリングエンジンは、温度差があれば動くとか。     潜水艦には、向かないが大きな建物なら燃料電池とスターリングエンジンによる発電とお湯の供給が出来るかもしれない。
textdetox@01907546324b0330d2d8b7669648cc18823323e5/ja/004638	ja	0	BTOで細かく設定出来るかもよ   無線式マウスとキーボードなら家電店にUSBにレシーバ差し込んで使うセットのがある   後付でも改善は出来る   タワー型は後からドライブ追加したりの拡張性に優れているから自作派にとっては必須
textdetox@01907546324b0330d2d8b7669648cc18823323e5/ja/004639	ja	0	寺か うちも300年前に立てたきり耐震工事とかしてないから地震怖いな
textdetox@01907546324b0330d2d8b7669648cc18823323e5/ja/004640	ja	0	元は三菱。富士重は、大量に作っただけ。
textdetox@01907546324b0330d2d8b7669648cc18823323e5/ja/004641	ja	0	なんか夜中に凄い伸びてたみたいだけど、昼間仕事できるのかなぁ？
textdetox@01907546324b0330d2d8b7669648cc18823323e5/ja/004642	ja	0	天の助け（大雨）が来たら、ヤバイだろがw   淀川が氾濫することはないだろうが、摂津峡が崩れたりして。
textdetox@01907546324b0330d2d8b7669648cc18823323e5/ja/004643	ja	0	いつもこんなもんだぞ。   ちなみにスレ落ちまで、ずっとレスをつけ続ける。
textdetox@01907546324b0330d2d8b7669648cc18823323e5/ja/004644	ja	0	うむ、俺が依頼したスレであるな
textdetox@01907546324b0330d2d8b7669648cc18823323e5/ja/004645	ja	0	総理にお帰りくださいと促すジェスチャーしてる人が画面左に写ってたよ
textdetox@01907546324b0330d2d8b7669648cc18823323e5/ja/004646	ja	0	＞騒動を収束させた   結局どうしたのかな
textdetox@01907546324b0330d2d8b7669648cc18823323e5/ja/004647	ja	0	ダイヤモンドって、こんな事書く媒体だったのか
textdetox@01907546324b0330d2d8b7669648cc18823323e5/ja/004648	ja	0	ただ今回の場合一回でた人はもうあっちには戻らん人多いかも   ここに定住するのとイコールではないけどね   ログなくなるって結構な衝撃と思うんだよ
textdetox@01907546324b0330d2d8b7669648cc18823323e5/ja/004649	ja	0	なにそれ、マネロンじゃん！つか横領じゃん？
textdetox@01907546324b0330d2d8b7669648cc18823323e5/ja/004650	ja	0	麻生と言ってること   何も変わらんやん
textdetox@01907546324b0330d2d8b7669648cc18823323e5/ja/004651	ja	0	国防のために税金から出すことになるのだから、当然のことなのだけど   疑問を差しはさむ余地があるのかい？
textdetox@01907546324b0330d2d8b7669648cc18823323e5/ja/004652	ja	0	内陸から、大量の廃水を毎日海まで捨てには行けないから、   塩を抜くなどの処理をして、その土地の下水に流すと思う
textdetox@01907546324b0330d2d8b7669648cc18823323e5/ja/004653	ja	0	ホンダが下がってるのはタカタの一件の影響かね……
textdetox@01907546324b0330d2d8b7669648cc18823323e5/ja/004654	ja	0	依頼は順番に立てていまして、コピペミスしただけです。   何ら意図はありません。     おやすみなさい(・ω・)ノ
textdetox@01907546324b0330d2d8b7669648cc18823323e5/ja/004655	ja	0	へえ   三か所か   2chなら大丈夫だが、おーぷんはそれでも消えることがあるぞ   気をつけなされ
textdetox@01907546324b0330d2d8b7669648cc18823323e5/ja/004656	ja	0	機械で読み取れない票か。折り目が付きにくい紙だったんだな。   一生懸命、折り目付けてたけど、どうだったんだろうねぇ。   そういう注意や開票作業の流れは投票所入り口に掲示すべきだろうね。
textdetox@01907546324b0330d2d8b7669648cc18823323e5/ja/004657	ja	0	ネットよりテレビのステマ広告のほうがすごいと思うんだけど・・・
textdetox@01907546324b0330d2d8b7669648cc18823323e5/ja/004658	ja	0	その通りだと思う   安保反対だけでしょう
textdetox@01907546324b0330d2d8b7669648cc18823323e5/ja/004659	ja	0	どこかで落としたら大変なので、さすがに個人カードは作りませんが、やはりマイナンバーは必要ですよ……   あとは個人情報を、どこまで守ってもらえるのか……それが心配です。
textdetox@01907546324b0330d2d8b7669648cc18823323e5/ja/004660	ja	0	ガスを使っていると止まるんだよね。
textdetox@01907546324b0330d2d8b7669648cc18823323e5/ja/004661	ja	0	米軍のステルス機もだけど、訓練の時は安全確認のため地上レーダーに映るよう反射板を付けるそうだが、その可能性は無いのか？
textdetox@01907546324b0330d2d8b7669648cc18823323e5/ja/004662	ja	0	でも昔は高校まで出せばよかったしリスクは今より軽かったのでは？
textdetox@01907546324b0330d2d8b7669648cc18823323e5/ja/004663	ja	0	もうどこかと合流するしかないな。
textdetox@01907546324b0330d2d8b7669648cc18823323e5/ja/004664	ja	0	暴言の内容云々の話じゃないわけなんだが   これだから○○○は・・・・
textdetox@01907546324b0330d2d8b7669648cc18823323e5/ja/004665	ja	0	官僚が認めて辞めたらそこで完全終了でもあるしな
textdetox@01907546324b0330d2d8b7669648cc18823323e5/ja/004666	ja	0	単に、アメリカの締め付けが厳しいんで、   日本にすり寄ってるだけよ。
textdetox@01907546324b0330d2d8b7669648cc18823323e5/ja/004667	ja	0	そこまで徹底するほどのものか？   あんまこだわってるわけではないので、大雑把なもので充分だと思ってるけど
textdetox@01907546324b0330d2d8b7669648cc18823323e5/ja/004668	ja	0	胴長短足w   うちの犬の親類かなんかかwww
textdetox@01907546324b0330d2d8b7669648cc18823323e5/ja/004669	ja	0	こういうことを一斉に言おう、という申し合わせが   アカ同士のネットワークであるんだろうな
textdetox@01907546324b0330d2d8b7669648cc18823323e5/ja/004670	ja	0	海外の左翼もしてないんですがそれは
textdetox@01907546324b0330d2d8b7669648cc18823323e5/ja/004671	ja	0	ウォーターボーイズのやつか   まだ聞いたことないなそういえば
textdetox@01907546324b0330d2d8b7669648cc18823323e5/ja/004672	ja	0	でも心斎橋のアメリカ村あたりと難波じゃ御堂筋で分かれているせいか性格が異なるよ
textdetox@01907546324b0330d2d8b7669648cc18823323e5/ja/004673	ja	0	キムチの酸味を   ミルクがマイルドにしてくれるから   食べやすくなるかもね
textdetox@01907546324b0330d2d8b7669648cc18823323e5/ja/004674	ja	0	確かにｗ   それなら超絶支持するわｗｗ
textdetox@01907546324b0330d2d8b7669648cc18823323e5/ja/004675	ja	0	普段なら自動的にカットされる映像だからな。   別のラインから流していいと言われた可能性はあるな。   正恩がそれを止められなかったということになる。
textdetox@01907546324b0330d2d8b7669648cc18823323e5/ja/004676	ja	0	適度がなくなりつつあるってのは当たってると思う
textdetox@01907546324b0330d2d8b7669648cc18823323e5/ja/004677	ja	0	１スレ消化ってすごいね   大体いつも割と勢いあっても勢い500くらい3～400書き込みくらいで終わるのに
textdetox@01907546324b0330d2d8b7669648cc18823323e5/ja/004678	ja	0	こんなんが隣やもんなあ…。   ホンマ、かなわんわ。
textdetox@01907546324b0330d2d8b7669648cc18823323e5/ja/004679	ja	0	普段は生活全般板しかみてないわ。
textdetox@01907546324b0330d2d8b7669648cc18823323e5/ja/004680	ja	0	セキュリティ業界が全力あげてぱよちんのために働いてるのだろうかｗ
textdetox@01907546324b0330d2d8b7669648cc18823323e5/ja/004681	ja	0	ハングルの案内板だらけだから、逃げるのが簡単そう。ベッドタウンのバス停とかまでハングルがあるのは、こういのを幇助するためか？
textdetox@01907546324b0330d2d8b7669648cc18823323e5/ja/004682	ja	0	これ、海流が逆なら、サラッと沈めて知らん振り出来るんだがなあ。
textdetox@01907546324b0330d2d8b7669648cc18823323e5/ja/004683	ja	0	いや、むしろ江戸時代の日本人が「ほとんど」字を読めたなんて   唱えてるのはさすがに見たことがない。
textdetox@01907546324b0330d2d8b7669648cc18823323e5/ja/004684	ja	0	別に続けなければいけない理由がないしやめりゃいいじゃん
textdetox@01907546324b0330d2d8b7669648cc18823323e5/ja/004685	ja	0	すべてあなたの推測だよねｗ   笑っちゃうね     >なりそうだな。
textdetox@01907546324b0330d2d8b7669648cc18823323e5/ja/004686	ja	0	興醒め？   楽しむような話題なの？   本気じゃないよね？
textdetox@01907546324b0330d2d8b7669648cc18823323e5/ja/004687	ja	0	一度間違われただけで人生終わるんやで？   そら騒ぐやろ
textdetox@01907546324b0330d2d8b7669648cc18823323e5/ja/004688	ja	0	これ、空中射出型やけど、   最終的には24時間空中待機可能な成層圏プラットフォーム版までゆくやろ？   GPSに依存しないリアルタイム定位・監視網の構築に結びつくし。
textdetox@01907546324b0330d2d8b7669648cc18823323e5/ja/004689	ja	0	刺し身って、少なくとも醤油が普及してからじゃないのかな。   それとも、昔は塩で食ってたの？
textdetox@01907546324b0330d2d8b7669648cc18823323e5/ja/004690	ja	0	つか、条約で判例出すのがおかしい
textdetox@01907546324b0330d2d8b7669648cc18823323e5/ja/004691	ja	0	高層ビルもマレーシアの双子ビルを見ると違いが歴然なんだけどね
textdetox@01907546324b0330d2d8b7669648cc18823323e5/ja/004692	ja	0	こま切れをカリカリに焼いて甘辛味にするの美味しい。   先日おまけ的に作ったら美味しかったのでレギュラー昇格しそう。
textdetox@01907546324b0330d2d8b7669648cc18823323e5/ja/004693	ja	0	田舎もんの自分からするとほんとそんな感じと   新宿駅そばで山手線沿いしょ
textdetox@01907546324b0330d2d8b7669648cc18823323e5/ja/004694	ja	0	この澱んだグリースが長持ちの秘訣だったんだ みたいな発見じゃないのか
textdetox@01907546324b0330d2d8b7669648cc18823323e5/ja/004695	ja	0	確かに、実際には30万人も来ないと見た。
textdetox@01907546324b0330d2d8b7669648cc18823323e5/ja/004696	ja	0	ここに東亜と＋と無印を統合して最強の保守系グループにしようぜ。
textdetox@01907546324b0330d2d8b7669648cc18823323e5/ja/004697	ja	0	でもさ、徴兵して町から若い男がいなくなると、移民がよけい暴れんか？
textdetox@01907546324b0330d2d8b7669648cc18823323e5/ja/004698	ja	0	日本国民の支持を得られないのだから   当然と言えば当然
textdetox@01907546324b0330d2d8b7669648cc18823323e5/ja/004699	ja	0	恐れられればね   でも今回はそうはいかないようだよ
textdetox@01907546324b0330d2d8b7669648cc18823323e5/ja/004700	ja	0	チョットマテ号ってのに衝撃受けたわ   あんなのあったんだな
textdetox@01907546324b0330d2d8b7669648cc18823323e5/ja/004701	ja	0	中詰めしてないブロック1個が12kgだからねぇ…   片側浮かすだけでも1tくらいかし？
textdetox@01907546324b0330d2d8b7669648cc18823323e5/ja/004702	ja	0	青山さんと文春の件以来、報道が少し控え目になった気がするわ
textdetox@01907546324b0330d2d8b7669648cc18823323e5/ja/004703	ja	0	たむけん＋辛坊って…   胡散臭く感じるのは俺だけ？
textdetox@01907546324b0330d2d8b7669648cc18823323e5/ja/004704	ja	0	個人番号カードによる本人確認はOK。   一方、個人番号で本人確認するのは恐らく番号法違反。
textdetox@01907546324b0330d2d8b7669648cc18823323e5/ja/004705	ja	0	国から貸与された電波であり、国民からお借りしている電波であるという前提を   忘れているか、意図的に無視していなければおよそ出てこない発言だもの
textdetox@01907546324b0330d2d8b7669648cc18823323e5/ja/004706	ja	0	ちょっと待って何それ怖い   一昨年にメール欄にぱよちんネタって仕込まれてたけど   あれまさか使ったらあかんかった系か
textdetox@01907546324b0330d2d8b7669648cc18823323e5/ja/004707	ja	0	何年前の話をしてるんだよｗ
textdetox@01907546324b0330d2d8b7669648cc18823323e5/ja/004708	ja	0	当時は円高ってのは考えの足しになると思うのですよ
textdetox@01907546324b0330d2d8b7669648cc18823323e5/ja/004709	ja	0	財務省の役人のことですかな？
textdetox@01907546324b0330d2d8b7669648cc18823323e5/ja/004710	ja	0	ゲルマン系。ローマ人に教化されてフランク王国にこぎ着けた。   斧振り族はアングロサクソンでブリテンに渡った。   ♣♥♣
textdetox@01907546324b0330d2d8b7669648cc18823323e5/ja/004711	ja	0	それどこに需要あるんだよ？ｗ
textdetox@01907546324b0330d2d8b7669648cc18823323e5/ja/004712	ja	0	ん？Wows世界大会エキシビジョンでの欧州連合キャプテンの赤城さんコスプレの話でもすりゅ？
textdetox@01907546324b0330d2d8b7669648cc18823323e5/ja/004713	ja	0	そうそう、こういう雰囲気の執拗さなｗ
textdetox@01907546324b0330d2d8b7669648cc18823323e5/ja/004714	ja	0	≡ﾟωﾟ) そういえば奇食の館って今どうなってるんだっけ？
textdetox@01907546324b0330d2d8b7669648cc18823323e5/ja/004715	ja	0	「現職でなくなったから無罪放免だ」みたいな書き込み何件か見ましたが、そんなものですか？   納得いかないです・・・
textdetox@01907546324b0330d2d8b7669648cc18823323e5/ja/004716	ja	0	液状化と空洞の危険性はイコールじゃなくね？
textdetox@01907546324b0330d2d8b7669648cc18823323e5/ja/004717	ja	0	そのスレ見てみたら垢残ってるぽいよ
textdetox@01907546324b0330d2d8b7669648cc18823323e5/ja/004718	ja	0	あの旨そうな漁師飯には意味があるんだな
textdetox@01907546324b0330d2d8b7669648cc18823323e5/ja/004719	ja	0	関西住みだけど、俺の生き甲斐だった水曜アンカー、青山氏のコーナーを返してくれ…。
textdetox@01907546324b0330d2d8b7669648cc18823323e5/ja/004720	ja	0	願ったりかなったりだなｗ   どうぞどうぞ二度と戻ってこないでｗ
textdetox@01907546324b0330d2d8b7669648cc18823323e5/ja/004721	ja	0	千葉県北西部でも揺れたみたいだが、深さが70kmと今までよりも深い。     大陸プレートと太平洋プレートの地震としたらそろそろヤバいかもな。   特に東方沖。
textdetox@01907546324b0330d2d8b7669648cc18823323e5/ja/004722	ja	0	それは対立であっていじめではない
textdetox@01907546324b0330d2d8b7669648cc18823323e5/ja/004723	ja	0	それもドン引きだよなw     銭ゲバだよな～
textdetox@01907546324b0330d2d8b7669648cc18823323e5/ja/004724	ja	0	ちょっと違うみたいよ   無限クレカリトライはないそうだよ
textdetox@01907546324b0330d2d8b7669648cc18823323e5/ja/004725	ja	0	全く意味が分からん。   『スレ』ってどういう意味で使っているんだ？
textdetox@01907546324b0330d2d8b7669648cc18823323e5/ja/004726	ja	0	世界遺産の件で、早速前言と異なることされたわけだけどｗ
textdetox@01907546324b0330d2d8b7669648cc18823323e5/ja/004727	ja	0	定員を超過した乗車を違法化すれば良い   満員の所に更に駅員が押し込むとかありえんだろ
textdetox@01907546324b0330d2d8b7669648cc18823323e5/ja/004728	ja	0	テレビってこんなに金が動く世界なのか。
textdetox@01907546324b0330d2d8b7669648cc18823323e5/ja/004729	ja	0	マウスやサイコムの製品を見てみたが、この時代にタワー式本体と   有線式マウスって、どうなのだろうかと悩んでしまった
textdetox@01907546324b0330d2d8b7669648cc18823323e5/ja/004730	ja	0	大久保２丁目とかまた一等地にお住まいでw
textdetox@01907546324b0330d2d8b7669648cc18823323e5/ja/004731	ja	0	それなら帰任を検討するのが1000年後、だな
textdetox@01907546324b0330d2d8b7669648cc18823323e5/ja/004732	ja	0	"そこで""Michael Park""みたいな第三の名前に進化するわけよ"
textdetox@01907546324b0330d2d8b7669648cc18823323e5/ja/004733	ja	0	具体名は記事にはないな   ＞伊万里湾に近い湖の底から掘り出した
textdetox@01907546324b0330d2d8b7669648cc18823323e5/ja/004734	ja	0	所用でいったん帰宅…   また辞める人が2人、今回は訴えたい言い出してるから   はてさてどーなることやら   他人事で時間潰されるって結構なストレスですね
textdetox@01907546324b0330d2d8b7669648cc18823323e5/ja/004735	ja	0	いやいや、まだ安心するのは早い。   「一時帰国」が解けて、赴任地に戻ってからが本番だぞ。
textdetox@01907546324b0330d2d8b7669648cc18823323e5/ja/004736	ja	0	アレは多分最終話での   締め方で評価が判れると思う
textdetox@01907546324b0330d2d8b7669648cc18823323e5/ja/004737	ja	0	それもあるし、今日流行語大賞発表で志位るず関連が確実にノミネートするから、そっち方面もあるかと。
textdetox@01907546324b0330d2d8b7669648cc18823323e5/ja/004738	ja	0	それは大きそう   今まで誰が介護していたかって話
textdetox@01907546324b0330d2d8b7669648cc18823323e5/ja/004739	ja	0	出てすぐに大規模にやられるとか、内部の人間が絡んでるとしか思えん。
textdetox@01907546324b0330d2d8b7669648cc18823323e5/ja/004740	ja	0	武力が内側に向いてたらの話なwそれw
textdetox@01907546324b0330d2d8b7669648cc18823323e5/ja/004741	ja	0	流通規模に応じて相応のセキュリティを付与すれば地域通貨としても   面白いな   何より所持してるだけで嬉しいお金って稀有だろう
textdetox@01907546324b0330d2d8b7669648cc18823323e5/ja/004742	ja	0	サイゾーじゃん   ただリテラの名前を変えただけだな
textdetox@01907546324b0330d2d8b7669648cc18823323e5/ja/004743	ja	0	名前ひらがなだと確かにわかりやすいですが・・・うーん。
textdetox@01907546324b0330d2d8b7669648cc18823323e5/ja/004744	ja	0	不安なんだが、この種のスレに書き込むと、   ヘイトスピーチと見做されて検挙されるとかないよな
textdetox@01907546324b0330d2d8b7669648cc18823323e5/ja/004745	ja	0	お疲れ様でしたw。   乾杯！w。
textdetox@01907546324b0330d2d8b7669648cc18823323e5/ja/004746	ja	0	被害届出してないんじゃないの？
textdetox@01907546324b0330d2d8b7669648cc18823323e5/ja/004747	ja	0	いつだったか忘れましたが、中国残留孤児の帰国事業を再開する話が出た時に「DNA鑑定の義務化」の案を出したら、急に立ち消えになった……   というのを、別のスレで読みましたよ。
textdetox@01907546324b0330d2d8b7669648cc18823323e5/ja/004748	ja	0	ちげえよ、いつも早すぎんだよセガは
textdetox@01907546324b0330d2d8b7669648cc18823323e5/ja/004749	ja	0	まー、自戒もこめて言うけど、独善はホント困るよな
textdetox@01907546324b0330d2d8b7669648cc18823323e5/ja/004750	ja	0	野党が反対してるんなら特定のアレを取り締まる形の法律なんだろう
textdetox@01907546324b0330d2d8b7669648cc18823323e5/ja/004751	ja	0	ajitoシリーズを版権取り直して出してくれ。
textdetox@01907546324b0330d2d8b7669648cc18823323e5/ja/004752	ja	0	そのうち半額弁当を奪い合う肉弾バトルに発展
textdetox@01907546324b0330d2d8b7669648cc18823323e5/ja/004753	ja	0	だからこの条件を出したんだろ？
textdetox@01907546324b0330d2d8b7669648cc18823323e5/ja/004754	ja	0	俺もそう思った   もしかしたら元は2m位で後から継ぎ足して3mにしたんじゃないかなって感じにも見える
textdetox@01907546324b0330d2d8b7669648cc18823323e5/ja/004755	ja	0	ストイック＝禁欲的で、厳格に身を持するさま。   というよりは享楽的な方だと思う   線を引くは当たってる
textdetox@01907546324b0330d2d8b7669648cc18823323e5/ja/004756	ja	0	いや 六本木のチキン屋の前がバーキンだってば
textdetox@01907546324b0330d2d8b7669648cc18823323e5/ja/004757	ja	0	井の頭通りの富ヶ谷交差点への急坂で     車が滑り落ちるのが、また見られるのか！！
textdetox@01907546324b0330d2d8b7669648cc18823323e5/ja/004758	ja	0	もともと命名のヒントって、それじゃね？     キングコング＋白鯨みたいな
textdetox@01907546324b0330d2d8b7669648cc18823323e5/ja/004759	ja	0	なにか一つくらい取り柄はないものだろうか？
textdetox@01907546324b0330d2d8b7669648cc18823323e5/ja/004760	ja	0	〇〇「二番じゃダメなんですか！？」
textdetox@01907546324b0330d2d8b7669648cc18823323e5/ja/004761	ja	0	他に転用可能な技術なら良いけどねぇ・・・   投資するなら現実的な計画に投資して欲しい   iPS細胞とかさ
textdetox@01907546324b0330d2d8b7669648cc18823323e5/ja/004762	ja	0	＞別の思想を持った人間を排除する傾向がある     だからこの部分がまさに自己紹介って事なんよ
textdetox@01907546324b0330d2d8b7669648cc18823323e5/ja/004763	ja	0	フルPCMと呼べるのはスーファミからだがメガドライブも一音をPCMとして扱える   だが設計が悪くPCMを使うときは他の音を止めないとノイズまみれになってしまう   （余談だがファミコンもPCM音源を積んでいる）
textdetox@01907546324b0330d2d8b7669648cc18823323e5/ja/004764	ja	0	一度安くしたところが高級路線にするのは無理だよ   安モンのイメージが強すぎる     安くてそこそこだから買う
textdetox@01907546324b0330d2d8b7669648cc18823323e5/ja/004765	ja	0	夜の公園では声を出さずに遊びましょう。
textdetox@01907546324b0330d2d8b7669648cc18823323e5/ja/004766	ja	0	糖質オフの梅酒はあるがアスパルKとかなんとかいうあの人工甘味料付。   梅酒にあれが入ってると喉がやられる。   だから飲まなくなってしまった。(´・ω・｀)
textdetox@01907546324b0330d2d8b7669648cc18823323e5/ja/004767	ja	0	いろんなとこに報告したほうがいいかもなさすがに・・・
textdetox@01907546324b0330d2d8b7669648cc18823323e5/ja/004768	ja	0	まあ過疎というデメリットもあるんだけどね
textdetox@01907546324b0330d2d8b7669648cc18823323e5/ja/004769	ja	0	分祀をするの？   何処へ？   皇居の中へ？   日本中のありとあらゆる自治体へ？
textdetox@01907546324b0330d2d8b7669648cc18823323e5/ja/004770	ja	0	逆に言えば、制裁が効いてる証拠でもある。   強制送還も含め制裁を強化したほうがいいな。
textdetox@01907546324b0330d2d8b7669648cc18823323e5/ja/004771	ja	0	エグチ・パペポ・ハムタス   日系人か？
textdetox@01907546324b0330d2d8b7669648cc18823323e5/ja/004772	ja	0	メーテルは宝塚出身の女優とかの方が雰囲気が出そうな気がするけどなあ
textdetox@01907546324b0330d2d8b7669648cc18823323e5/ja/004773	ja	0	村山富市首相の頃から何度も日本の総理が謝ってるじゃん。覚えてないの？
textdetox@01907546324b0330d2d8b7669648cc18823323e5/ja/004774	ja	0	こういう手口いつも使うから嫌われるってなんでわからないのだ
textdetox@01907546324b0330d2d8b7669648cc18823323e5/ja/004775	ja	0	実況に人がいないのが悲しいなあ
textdetox@01907546324b0330d2d8b7669648cc18823323e5/ja/004776	ja	0	日本軍は伊400を作ったけどね
textdetox@01907546324b0330d2d8b7669648cc18823323e5/ja/004777	ja	0	？？？「小四ですが、どうして解散するんですか？」
textdetox@01907546324b0330d2d8b7669648cc18823323e5/ja/004778	ja	0	離党はしたけど、除名ではないから復党が可能な模様
textdetox@01907546324b0330d2d8b7669648cc18823323e5/ja/004779	ja	0	５ちゃんにいたくない人は、ここに来ればいいの？
textdetox@01907546324b0330d2d8b7669648cc18823323e5/ja/004780	ja	0	公開されてるところは、突っ込みようが   なくすんじゃね？
textdetox@01907546324b0330d2d8b7669648cc18823323e5/ja/004781	ja	0	scが出来た時、「scは潰す」って息巻いてたのにgdgdしてるうちに.netが消えましたとさ
textdetox@01907546324b0330d2d8b7669648cc18823323e5/ja/004782	ja	0	そもそも、知能の高いｗ鯨の命を、日本人の命よりも上に置く時点で、     衣を変えた人種差別なのは、明らか。
textdetox@01907546324b0330d2d8b7669648cc18823323e5/ja/004783	ja	0	偏向はスポンサーの意向では？   そうでなけりゃ中立でやってりゃ問題起こら無いのに   わざわざ偏向させて叩かれる   理由が解らん。
textdetox@01907546324b0330d2d8b7669648cc18823323e5/ja/004784	ja	0	本人確認ができないという理由で給与振り込み不能、もしくは解雇？
textdetox@01907546324b0330d2d8b7669648cc18823323e5/ja/004785	ja	0	名目上別れてるだけって解説を例の７月９日のときに   散々見たわ。   あーあ、あのプログのとおりにはぜんぜんならなかったなｗ
textdetox@01907546324b0330d2d8b7669648cc18823323e5/ja/004786	ja	0	>小幌駅は列車か船でしかたどり着けないアクセスの悪さから     列車に乗る人が住んでいたから、駅作ったんだよね？。   でも、何を生業にしていた人なんだろう？。
textdetox@01907546324b0330d2d8b7669648cc18823323e5/ja/004787	ja	0	４番目を言いたくて   全部載せたみたいな
textdetox@01907546324b0330d2d8b7669648cc18823323e5/ja/004788	ja	0	なら何が問題なの？って話なんだよな   なんで騒いでるんだ？いや割とマジで
textdetox@01907546324b0330d2d8b7669648cc18823323e5/ja/004789	ja	0	そしてもっと過激なのになって帰ってきたりして
textdetox@01907546324b0330d2d8b7669648cc18823323e5/ja/004790	ja	0	流れを読まずにさっきのを投稿したので、何を話しているのかを少し追ってみます。
textdetox@01907546324b0330d2d8b7669648cc18823323e5/ja/004791	ja	0	ニュー速+で荒らしを見たことがない俺
textdetox@01907546324b0330d2d8b7669648cc18823323e5/ja/004792	ja	0	かつてストリーキングが流行った時は、この程度は日常茶飯事でニュースにすらならなかった   今の地本が平和だと言う証
textdetox@01907546324b0330d2d8b7669648cc18823323e5/ja/004793	ja	0	は？ 前にも事件を起こしたのか？
textdetox@01907546324b0330d2d8b7669648cc18823323e5/ja/004794	ja	0	本とかＣＤなんかよりもスマホだろ・・・   なんで生保なのにスマホ？
textdetox@01907546324b0330d2d8b7669648cc18823323e5/ja/004795	ja	0	戦闘機は、フィリピンでは一時期すべて退役したはず。
textdetox@01907546324b0330d2d8b7669648cc18823323e5/ja/004796	ja	0	問題になった書き込みは無印の物のようだね
textdetox@01907546324b0330d2d8b7669648cc18823323e5/ja/004797	ja	0	消費増税が原因やね。あの後からデフレになったから。   結局、一の筆者が主張する「経済状況」が重要なファクターってことやね。
textdetox@01907546324b0330d2d8b7669648cc18823323e5/ja/004798	ja	0	俺が言いたいのは   そんなら全部アメリカ製で良いんじゃないの？日本に何して欲しいの？   ってこと
textdetox@01907546324b0330d2d8b7669648cc18823323e5/ja/004799	ja	0	今回はオーク－しばき隊－有田ラインかな
textdetox@01907546324b0330d2d8b7669648cc18823323e5/ja/004800	ja	0	今回の件は前回と事情がかわってくるし、おーぷんの勢いさえつけば嫌完は移住すると思う
textdetox@01907546324b0330d2d8b7669648cc18823323e5/ja/004801	ja	0	光州事件をもう一回やれば大丈夫でしょ。
textdetox@01907546324b0330d2d8b7669648cc18823323e5/ja/004802	ja	0	ピカピカしてる系統のは怪しいの多しよ。
textdetox@01907546324b0330d2d8b7669648cc18823323e5/ja/004803	ja	0	重いものだと思って踏ん張って持ち上げたら   じつはすごく軽い物だったときが一番ギックリ腰になりやすい   重いものを持ち上げる筋力の勢いが全部腰に掛かるから   かなり痛いんだって
textdetox@01907546324b0330d2d8b7669648cc18823323e5/ja/004804	ja	0	？他を気にせず自分らで決めたらええがな。
textdetox@01907546324b0330d2d8b7669648cc18823323e5/ja/004805	ja	0	隣にあるから似たような国だと思うのが国際的な考え方なんだろう
textdetox@01907546324b0330d2d8b7669648cc18823323e5/ja/004806	ja	0	逆   ヒューマンエラーをあげつらって、   どさくさ紛れにマイナンバーを止めさせたい人がいるだけｗ   あなたもそうだろうけど
textdetox@01907546324b0330d2d8b7669648cc18823323e5/ja/004807	ja	0	名前がわかってる人がたくさん祀られてるよ
textdetox@01907546324b0330d2d8b7669648cc18823323e5/ja/004808	ja	0	墜落事故を起こした上で、事故を理由に基地批判の材料にするんだろう   基地が無ければ事故は起こらなかったという超理論で
textdetox@01907546324b0330d2d8b7669648cc18823323e5/ja/004809	ja	0	なんか矛盾してますね～～～～～
textdetox@01907546324b0330d2d8b7669648cc18823323e5/ja/004810	ja	0	新潟市の川田倫也があげてる動画で「主導」の二文字がはっきり出てるぜｗ
textdetox@01907546324b0330d2d8b7669648cc18823323e5/ja/004811	ja	0	Fラン大学だと名前を書けば合格するが…
textdetox@01907546324b0330d2d8b7669648cc18823323e5/ja/004812	ja	0	国会で言ったことはいくらYouTubeから消しても、   参議院や衆議院のライブラリーに残るわけで
textdetox@01907546324b0330d2d8b7669648cc18823323e5/ja/004813	ja	0	１クールアニメばっかりになっちゃったからしょうがないんだと思う   ２クール以上あるやつは大抵原作ありきだし
textdetox@01907546324b0330d2d8b7669648cc18823323e5/ja/004814	ja	0	Twitterで会って、すぐに相手の家に行くのはやめなさい！
textdetox@01907546324b0330d2d8b7669648cc18823323e5/ja/004815	ja	0	ここには常時5人くらいかな？
textdetox@01907546324b0330d2d8b7669648cc18823323e5/ja/004816	ja	0	何で日本には返還要求しないんだろうな（棒）
textdetox@01907546324b0330d2d8b7669648cc18823323e5/ja/004817	ja	0	きっとそこはアメリカ様の太陽光パネル技術で何とかするんですよ
textdetox@01907546324b0330d2d8b7669648cc18823323e5/ja/004818	ja	0	あれらはテレビでデマが流れればそれで目的は達成みたいなところある品
textdetox@01907546324b0330d2d8b7669648cc18823323e5/ja/004819	ja	0	>先祖代代、生っ粋の日本人だけど、的なんだろうな。
textdetox@01907546324b0330d2d8b7669648cc18823323e5/ja/004820	ja	0	これね   添田と木本の逮捕時ニュース
textdetox@01907546324b0330d2d8b7669648cc18823323e5/ja/004821	ja	0	DQNはそういうのに敏感そうだな
textdetox@01907546324b0330d2d8b7669648cc18823323e5/ja/004822	ja	0	個人情報なんて出したら   ネットで拡散されまくって   生活できなくなるかもな
textdetox@01907546324b0330d2d8b7669648cc18823323e5/ja/004823	ja	0	記事になっても会員制のサイトかも。
textdetox@01907546324b0330d2d8b7669648cc18823323e5/ja/004824	ja	0	1日で1200万ww   ディナーショー張りのサービスないと無理やろ   もしくは就活生向けにイオンの内定販売とか
textdetox@01907546324b0330d2d8b7669648cc18823323e5/ja/004825	ja	0	あれスクウェアじゃなかったのか   ナムコも関わってたのか
textdetox@01907546324b0330d2d8b7669648cc18823323e5/ja/004826	ja	0	だよね。ブルーリボンをつけている人は、外そう。
textdetox@01907546324b0330d2d8b7669648cc18823323e5/ja/004827	ja	0	日立造船はどこかと経営統合してなかったっけ？
textdetox@01907546324b0330d2d8b7669648cc18823323e5/ja/004828	ja	0	実際はアメリカが今までやってきた面倒事を日本が引き受けることになるよ   今はまだ大丈夫だよ   ただ20年先、30年先にはそうなってるよ
textdetox@01907546324b0330d2d8b7669648cc18823323e5/ja/004829	ja	0	いやちょっと待って、確かメーテルは生身の人間じゃなく機械の体だろ、メーテルみたいな機械の体が手に入るとしたら、すごい事なんじゃないか（色んな意味で）
textdetox@01907546324b0330d2d8b7669648cc18823323e5/ja/004830	ja	0	2chで専門板見てたのであれば、   おーぷん2chの専門板にも行ってもらえれば…
textdetox@01907546324b0330d2d8b7669648cc18823323e5/ja/004831	ja	0	おーぷん、新、ふたば、Twitter、まとめといろんな場所に移住したよね
textdetox@01907546324b0330d2d8b7669648cc18823323e5/ja/004832	ja	0	「旧基地」ということではなかろうか
textdetox@01907546324b0330d2d8b7669648cc18823323e5/ja/004833	ja	0	そういや韓国はどれくらい難民受け入れてるんだ？
textdetox@01907546324b0330d2d8b7669648cc18823323e5/ja/004834	ja	0	＞リークの仕方やタイミング、取材源   それを発信したら、なんでか突然、その内容がネットから削除されてることが恐ろしいのだと思う。
textdetox@01907546324b0330d2d8b7669648cc18823323e5/ja/004835	ja	0	このスレを依頼したのって、いつもの人だから
textdetox@01907546324b0330d2d8b7669648cc18823323e5/ja/004836	ja	0	こういった場合、定職を持たない方が強いんだよね・・・・・
textdetox@01907546324b0330d2d8b7669648cc18823323e5/ja/004837	ja	0	垢消し逃亡散々笑ってたら自分たちがそうなるとかｗｗｗｗ
textdetox@01907546324b0330d2d8b7669648cc18823323e5/ja/004838	ja	0	いまから千年前で壁画レベルなのか？？？
textdetox@01907546324b0330d2d8b7669648cc18823323e5/ja/004839	ja	0	「唐突なオセロゲーム」かな？   あれは、笑った
textdetox@01907546324b0330d2d8b7669648cc18823323e5/ja/004840	ja	0	ダンジョンマスターかな   ２は３部作と聞いたけど、１部リリースした時点で会社が潰れたんだっけ
textdetox@01907546324b0330d2d8b7669648cc18823323e5/ja/004841	ja	0	ここまで「マタンキー」と「わ〜かめ〜」なし
textdetox@01907546324b0330d2d8b7669648cc18823323e5/ja/004842	ja	0	告訴まだかー   といっても俺が書き込んだのは疑問だけだが   早く法廷で8.6秒の本名を知りたい
textdetox@01907546324b0330d2d8b7669648cc18823323e5/ja/004843	ja	0	かかわらない間に、政治家も企業の役員も、官僚も、公務員も、ついでにスポーツ界のトップも、全部在日または帰化の朝鮮人になってしまいましたとさ。
textdetox@01907546324b0330d2d8b7669648cc18823323e5/ja/004844	ja	0	この条例の対象って具体的に何を指すんだろうね   デモのみを対象にするのかネットの書き込みも対象にするのか
textdetox@01907546324b0330d2d8b7669648cc18823323e5/ja/004845	ja	0	例えば豚肉を扱ったことのある道具で調理するとアウトだったな。
textdetox@01907546324b0330d2d8b7669648cc18823323e5/ja/004846	ja	0	マイクロ波、怖い。   そろそろ電磁波から国民を守る法案も作って欲しいです。   どこかの誰かさんが団体で、さいーばーてろをやっている限りむりでしょうけど
textdetox@01907546324b0330d2d8b7669648cc18823323e5/ja/004847	ja	0	普通は全部の新聞に目を通す。     外国語が堪能な人だと、日本の新聞は読まずに、外国の新聞だけ読んでたりする。
textdetox@01907546324b0330d2d8b7669648cc18823323e5/ja/004848	ja	0	でも支持率また戻ってしまったよねｗ
textdetox@01907546324b0330d2d8b7669648cc18823323e5/ja/004849	ja	0	それと仲が悪い奴も怪しいね。   バレたときの予備が居るだろうし
textdetox@01907546324b0330d2d8b7669648cc18823323e5/ja/004850	ja	0	みんな、言われてしもたがなwww。
textdetox@01907546324b0330d2d8b7669648cc18823323e5/ja/004851	ja	0	受益者負担の原則っていつから聞かれなくなったんだろうな
textdetox@01907546324b0330d2d8b7669648cc18823323e5/ja/004852	ja	0	昔の人らのほうが金なくても結婚したし子供産んでたと思うよ   今の人らは賢くなりすぎて先をよく考えすぎていろんな苦労してる他人の話も   マイナスのところばっかり気になるものだろうし   一緒に苦労して子供育てるなんてありえねーって感じなんだろけど
textdetox@01907546324b0330d2d8b7669648cc18823323e5/ja/004853	ja	0	ビザ復活щ(ﾟдﾟщ)ｶﾓｰﾝ
textdetox@01907546324b0330d2d8b7669648cc18823323e5/ja/004854	ja	0	背乗りなんて、今の若い人は知らないだろうな。     居なくなった日本人になりすまして、なら未だ良い方で、   中には…
textdetox@01907546324b0330d2d8b7669648cc18823323e5/ja/004855	ja	0	ふぅ…   やっと追いついたわw   捏ステもヒドスだったみたいだし、23もろくでも無さそうだな。   仕事で全然TV見れなかったし、23ぐらい見とくか…
textdetox@01907546324b0330d2d8b7669648cc18823323e5/ja/004856	ja	0	よくまあこんな事で訴えようと思うね…
textdetox@01907546324b0330d2d8b7669648cc18823323e5/ja/004857	ja	0	前回の騒ぎの時に真っ先に切って撤退させて排除したはずだけど復活してる?
textdetox@01907546324b0330d2d8b7669648cc18823323e5/ja/004858	ja	0	起訴されるじゃなくて   起訴相当の意見を付けて送検だった
textdetox@01907546324b0330d2d8b7669648cc18823323e5/ja/004859	ja	0	あれ？   強いる図とISILはお友達じゃないの
textdetox@01907546324b0330d2d8b7669648cc18823323e5/ja/004860	ja	0	生垣だと防犯上良くないなら、フェンスと併用すればいいのではないかと
textdetox@01907546324b0330d2d8b7669648cc18823323e5/ja/004861	ja	0	TPPとアメリカとの二国間FTAだったら前者の方がだいぶマシだろ
textdetox@01907546324b0330d2d8b7669648cc18823323e5/ja/004862	ja	0	<丶｀∀´>ｳﾘの事嫌いﾆｶ？
textdetox@01907546324b0330d2d8b7669648cc18823323e5/ja/004863	ja	0	というか   総人口に対する動員率も総動員数も彼方のが上だったような
textdetox@01907546324b0330d2d8b7669648cc18823323e5/ja/004864	ja	0	工作員が入り込んでるんではないかね。   JAXAのロケットも徹底して工作員排除をやったらトラブル知らずになった。
textdetox@01907546324b0330d2d8b7669648cc18823323e5/ja/004865	ja	0	ですね   GJといわざるを得ない
textdetox@01907546324b0330d2d8b7669648cc18823323e5/ja/004866	ja	0	それまで被害者の家族の辛さを分かろうとしなかったろ
textdetox@01907546324b0330d2d8b7669648cc18823323e5/ja/004867	ja	0	日本のスタッフ、役員、コーチは、ビデオを富田と確認したと発表している。   確認したものたちの証言が嘘だったことになる。
textdetox@01907546324b0330d2d8b7669648cc18823323e5/ja/004868	ja	0	台湾人って言うのも怪しい   そう思ってたになるかも
textdetox@01907546324b0330d2d8b7669648cc18823323e5/ja/004869	ja	0	対応までにかかる時間が、   現場との距離感を示しているのだろうか
textdetox@01907546324b0330d2d8b7669648cc18823323e5/ja/004870	ja	0	逆に中高校生など、低年齢層を取り込みにいくのではないか？
textdetox@01907546324b0330d2d8b7669648cc18823323e5/ja/004871	ja	0	それはアチラではよくある事なんだ菜U^q^U
textdetox@01907546324b0330d2d8b7669648cc18823323e5/ja/004872	ja	0	自分らのレスだけは削除た上での、過去ログのバラマキとかやりそう
textdetox@01907546324b0330d2d8b7669648cc18823323e5/ja/004873	ja	0	何でここまで権力にしがみ付くのかね･･･
textdetox@01907546324b0330d2d8b7669648cc18823323e5/ja/004874	ja	0	こりゃ食べるの忘れて堅くなったおにぎり用ですな。
textdetox@01907546324b0330d2d8b7669648cc18823323e5/ja/004875	ja	0	１日２回 どことどこで行ったんでしょうね。     青森と和歌山とか？
textdetox@01907546324b0330d2d8b7669648cc18823323e5/ja/004876	ja	0	原潜とかいつまでも動いてるわけじゃないしな
textdetox@01907546324b0330d2d8b7669648cc18823323e5/ja/004877	ja	0	知事初登頂時の挨拶しないってのが今だに印象に残ってるからね・・・
textdetox@01907546324b0330d2d8b7669648cc18823323e5/ja/004878	ja	0	だがコレからかもね、憲法学者様方が裁判始めるらしいし…気を引き締めて行こう
textdetox@01907546324b0330d2d8b7669648cc18823323e5/ja/004879	ja	0	これでいいんじゃない？の「これ」↓。色んな皮肉をこめてて笑う
textdetox@01907546324b0330d2d8b7669648cc18823323e5/ja/004880	ja	0	政府は8人をご丁寧に送り返すと見た
textdetox@01907546324b0330d2d8b7669648cc18823323e5/ja/004881	ja	0	警備員の場合は、室内だと軽くお辞儀で室外だと挙手敬礼になる。
textdetox@01907546324b0330d2d8b7669648cc18823323e5/ja/004882	ja	0	こう言うクレームは、無視すべき。     この調子じゃ警備員の挙手敬礼 これ→／)・ω・´)   にもクレームを付ける。
textdetox@01907546324b0330d2d8b7669648cc18823323e5/ja/004883	ja	0	蒲焼のたれを飯にかけるような感覚か
textdetox@01907546324b0330d2d8b7669648cc18823323e5/ja/004884	ja	0	スマホとかタブレットが快適だからな…
textdetox@01907546324b0330d2d8b7669648cc18823323e5/ja/004885	ja	0	それだけのスペックになると、もう原潜不要になるんじゃないか。
textdetox@01907546324b0330d2d8b7669648cc18823323e5/ja/004886	ja	0	リーマンも話に混ざってくれてええんやで
textdetox@01907546324b0330d2d8b7669648cc18823323e5/ja/004887	ja	0	そらあ、電波の仕入れ代がただだしなｗ
textdetox@01907546324b0330d2d8b7669648cc18823323e5/ja/004888	ja	0	押入れには大型のHF帯送受信機と、電話帳のように分厚い暗号コード表。天井裏には１面張り巡らされたワイヤーアンテナ。机の灰皿には燃やされたフラッシュペーパーの灰の山。     だいたいこんな感じだろう。
textdetox@01907546324b0330d2d8b7669648cc18823323e5/ja/004889	ja	0	こにたん、太郎、その他もろもろ最高だったんだぞｗ
textdetox@01907546324b0330d2d8b7669648cc18823323e5/ja/004890	ja	0	ニート（イギリス英語: Not in Education, Employment or Training, NEET）がいるんだろ？
textdetox@01907546324b0330d2d8b7669648cc18823323e5/ja/004891	ja	0	喫煙との因果関係が証明できるならお願い
textdetox@01907546324b0330d2d8b7669648cc18823323e5/ja/004892	ja	0	その辺りも含めて、動いてくれそうな国会議員に対処を提案出来たらいいんだけどな
textdetox@01907546324b0330d2d8b7669648cc18823323e5/ja/004893	ja	0	メガドライブ・サターン・Mk3を融合して   ネプチューンを作れば良い。
textdetox@01907546324b0330d2d8b7669648cc18823323e5/ja/004894	ja	0	大賞になるかはともかく   ノミネートまでは予定通りだろう
textdetox@01907546324b0330d2d8b7669648cc18823323e5/ja/004895	ja	0	どっちもどっちじゃ無いだろ、地元民がムスリムに要求しているのはその国の法に基づいたもので不当でも差別でもない
textdetox@01907546324b0330d2d8b7669648cc18823323e5/ja/004896	ja	0	これだよね   ご当地ネタみたいな感じでしょ
textdetox@01907546324b0330d2d8b7669648cc18823323e5/ja/004897	ja	0	PSP版はセリエの台詞が無くなってるんやで無粋な
textdetox@01907546324b0330d2d8b7669648cc18823323e5/ja/004898	ja	0	なるほど、ツールと謳ってるけど、   ただのF-セキュ社員の覗き見の可能性もあるんだ。
textdetox@01907546324b0330d2d8b7669648cc18823323e5/ja/004899	ja	0	込められてるのは魔心だよｗ
textdetox@01907546324b0330d2d8b7669648cc18823323e5/ja/004900	ja	0	204を書き込んだ直後に思い立って、変な突っ込み入る前に但し書きを入れてみた！
textdetox@01907546324b0330d2d8b7669648cc18823323e5/ja/004901	ja	0	関西は微震が続いてるけど、   関東のほうも同じ程度色が変わってるのが気になる   連動してたら恐い
textdetox@01907546324b0330d2d8b7669648cc18823323e5/ja/004902	ja	0	防大コースは無理だろうね   工業高校卒に国立を要求するようなもの
textdetox@01907546324b0330d2d8b7669648cc18823323e5/ja/004903	ja	0	部品単位で選べるのっていいよね   ノートPCもHDDやメモリぐらいは交換したりできるけど、   デスクトップPCの方が使い回しも含めて選択肢が多い
textdetox@01907546324b0330d2d8b7669648cc18823323e5/ja/004904	ja	0	基本的にどう発言するかは個人の自由。   だから、誰に対し、どの民族に対し何も言おうとしても個人の自由。     ただ、ＴＶという公共の電波を使って、個人叩きをするのは、別問題。
textdetox@01907546324b0330d2d8b7669648cc18823323e5/ja/004905	ja	0	と思うんだが、上記の記事ではこの数字なんだ（●｀ε´●）
textdetox@01907546324b0330d2d8b7669648cc18823323e5/ja/004906	ja	0	まぁ酒はともかく、コーヒーはむしろガン予防効果があるとか言われてるけどな。
textdetox@01907546324b0330d2d8b7669648cc18823323e5/ja/004907	ja	0	送電線無しで電気送れるなんて   それこそ転用しまくれる技術なんじゃね
textdetox@01907546324b0330d2d8b7669648cc18823323e5/ja/004908	ja	0	ヨシフ・ポローリンからヨシフ・ノータリンへ格上げになったな
textdetox@01907546324b0330d2d8b7669648cc18823323e5/ja/004909	ja	0	SCをまとめてるみたいだよ。このスレのまとめ依頼をしに行ったけど、   ＳＣのurlをって書いてあった。
textdetox@01907546324b0330d2d8b7669648cc18823323e5/ja/004910	ja	0	平気な顔して来るかと思ったがなｗ   楽しみにしてそうなのが経済界当たりにいっぱい居そうだしｗ
textdetox@01907546324b0330d2d8b7669648cc18823323e5/ja/004911	ja	0	「R４の何をもって信頼できるのか？詳しく説明する義務」とオレ注文。
textdetox@01907546324b0330d2d8b7669648cc18823323e5/ja/004912	ja	0	それ、元歌を貼ってあげないと、分からない人が多数だと思うｗ
textdetox@01907546324b0330d2d8b7669648cc18823323e5/ja/004913	ja	0	歩兵から戦闘機まであの国の兵器は、当てにならない。
textdetox@01907546324b0330d2d8b7669648cc18823323e5/ja/004914	ja	0	時間帯と曜日で住人がかなり変化してるみたいだからなぁ   おーぷんは夜になった方が活気づくよね   本家と違ってニートは少ないんだろうな   学生は多そうだけど
textdetox@01907546324b0330d2d8b7669648cc18823323e5/ja/004915	ja	0	問責決議案が否決されて、今休憩になったよ
textdetox@01907546324b0330d2d8b7669648cc18823323e5/ja/004916	ja	0	エジプトを含めるかどうかではないか♣♣♣
textdetox@01907546324b0330d2d8b7669648cc18823323e5/ja/004917	ja	0	初めてクレーマーという言葉に好印象を持った
textdetox@01907546324b0330d2d8b7669648cc18823323e5/ja/004918	ja	0	それは本当に何もしない場合の維持費じゃないか？   空母打撃群といえば空母以外に原潜、イージス艦、補給艦も含むし。
textdetox@01907546324b0330d2d8b7669648cc18823323e5/ja/004919	ja	0	雪国の寒さは重ね着程度じゃ特に冷え性は凌げない   とマジレス
textdetox@01907546324b0330d2d8b7669648cc18823323e5/ja/004920	ja	0	あれいい作品ですよね   くじらいいく子先生は「マドンナ」で初めて知って   もともと女子用の漫画描いてる人だって後から知った
textdetox@01907546324b0330d2d8b7669648cc18823323e5/ja/004921	ja	0	短文でも、言いたいことを的確に表現しようとするとそれなりに難しいような気もする   ちょっとした言い回しで誤解されたり、意図が伝わらなかったりするし
textdetox@01907546324b0330d2d8b7669648cc18823323e5/ja/004922	ja	0	番長皿屋敷をイメージしただけで、まさかの時に備えたわけでは･･･
textdetox@01907546324b0330d2d8b7669648cc18823323e5/ja/004923	ja	0	しっかしぱよぱよちーんで、組織壊滅の危機とかどうなのよｗ
textdetox@01907546324b0330d2d8b7669648cc18823323e5/ja/004924	ja	0	ずっとさかのぼっていけばアフリカが最強だと思う♣♣♥
textdetox@01907546324b0330d2d8b7669648cc18823323e5/ja/004925	ja	0	単純に、ニュースとしての鮮度が落ちたからじゃね   さしたる被害も出てないし
textdetox@01907546324b0330d2d8b7669648cc18823323e5/ja/004926	ja	0	ヴァムピールの続編待ってる。 本編でも特別編でもどっちでもいいから出してーwww
textdetox@01907546324b0330d2d8b7669648cc18823323e5/ja/004927	ja	0	ぱよぱよ団見たいに住所バレすんじゃね？
textdetox@01907546324b0330d2d8b7669648cc18823323e5/ja/004928	ja	0	×公正な選挙管理   ○自分に都合の良い選挙操作
textdetox@01907546324b0330d2d8b7669648cc18823323e5/ja/004929	ja	0	同じくな南九州出身   ミルメークは出てたけど
textdetox@01907546324b0330d2d8b7669648cc18823323e5/ja/004930	ja	0	広告代理店が背後にいるのかな
textdetox@01907546324b0330d2d8b7669648cc18823323e5/ja/004931	ja	0	少なくとも手に職の付く資格取れるんだから、何もない文学部とかのF欄よりはマシな気はする。
textdetox@01907546324b0330d2d8b7669648cc18823323e5/ja/004932	ja	0	クジラの竜田揚げを超えるものは無い。
textdetox@01907546324b0330d2d8b7669648cc18823323e5/ja/004933	ja	0	大阪都構想のときもそうだったが、ネットの情報は当てにならないな
textdetox@01907546324b0330d2d8b7669648cc18823323e5/ja/004934	ja	0	AIロボットが発達すれば俺にも彼女が出来るかもと思ったが、   よく考えたらAIロボットの女の子が選ぶのはAIロボットの男かもしれない。   こわい未来だ。
textdetox@01907546324b0330d2d8b7669648cc18823323e5/ja/004935	ja	0	余り鯖落ちるイメージないけどね   旧chはよく聞くけど
textdetox@01907546324b0330d2d8b7669648cc18823323e5/ja/004936	ja	0	先日、うみほたるで小銭が切れてイオンのＡＴＭを使わざるを得なかった時は精神的苦痛を味わったよ
textdetox@01907546324b0330d2d8b7669648cc18823323e5/ja/004937	ja	0	事実は違うという主張も大事だけど、過去に起きたことで   現在生きてる日本人が韓国に永遠に償え、という主張と戦うことにも   目を向けないと。
textdetox@01907546324b0330d2d8b7669648cc18823323e5/ja/004938	ja	0	明治憲法にも「譲位」の規定・想定がないので   譲位とは書けないんでしょうね。
textdetox@01907546324b0330d2d8b7669648cc18823323e5/ja/004939	ja	0	やり方がそっくりだなっていう意味で
textdetox@01907546324b0330d2d8b7669648cc18823323e5/ja/004940	ja	0	ここは、熱湯フロで伝説を作るしか無いでしょ。
textdetox@01907546324b0330d2d8b7669648cc18823323e5/ja/004941	ja	0	当時の方が人が多かったとか？   6月くらいからいるけど、3桁まで行くスレですら少数派って感じだったのに。
textdetox@01907546324b0330d2d8b7669648cc18823323e5/ja/004942	ja	0	翁長氏になにを期待していたのだろう
textdetox@01907546324b0330d2d8b7669648cc18823323e5/ja/004943	ja	0	総務省の資料読む限りだと、優先席に乗っている人の心臓から15cm以内が「近く」だな   乗車率300%オーバーとかならありえなくもないから、混雑時には優先席付近では電源をお切りくださいになっている
textdetox@01907546324b0330d2d8b7669648cc18823323e5/ja/004944	ja	0	戦闘機の性能の違いが、戦力の決定的差でないことを教えてやる
textdetox@01907546324b0330d2d8b7669648cc18823323e5/ja/004945	ja	0	結局インテルだけは本当の意味で投機実行を実装できてた訳だ。
textdetox@01907546324b0330d2d8b7669648cc18823323e5/ja/004946	ja	0	基準に合わせろと言っているんだよね   要はやり方が変だよと・・・
textdetox@01907546324b0330d2d8b7669648cc18823323e5/ja/004947	ja	0	ビヨルン・アンドレセン、あれは絵画の中の人みたいだな。本当に美しい。   今はシワシワのオッサンになってるけれども。
textdetox@01907546324b0330d2d8b7669648cc18823323e5/ja/004948	ja	0	KY珊瑚の件につきましては既につくる会の教科書が子どもに説明しておりますので御心配なく。
textdetox@01907546324b0330d2d8b7669648cc18823323e5/ja/004949	ja	0	>謎の不審船     ヽJJJJJJ ＜ウチのこと呼んだー？
textdetox@01907546324b0330d2d8b7669648cc18823323e5/ja/004950	ja	0	ところが実際は尖閣の件で日本がアメリカを巻き込もうとしてる。
textdetox@01907546324b0330d2d8b7669648cc18823323e5/ja/004951	ja	0	人間がわざわざ加熱した肉を食うようになったのは、   山火事か何かで焼けた動物を食ったのが最初だろうが、   その方がやわらかくて美味かったからだというのをどこかで見た気がする。
textdetox@01907546324b0330d2d8b7669648cc18823323e5/ja/004952	ja	0	思い出しちゃったよ(((;ﾟДﾟ))) ｶﾞｸｶﾞｸﾌﾞﾙﾌﾞﾙ
textdetox@01907546324b0330d2d8b7669648cc18823323e5/ja/004953	ja	0	来年の夏の参院選の時にミンスの候補者が落選すればするほど、   また盛り上がりますよw。
textdetox@01907546324b0330d2d8b7669648cc18823323e5/ja/004954	ja	0	あーあこれで右からも総スカンですわ
textdetox@01907546324b0330d2d8b7669648cc18823323e5/ja/004955	ja	0	多分0が一番でかい広告がこれだったんでない？ｗ
textdetox@01907546324b0330d2d8b7669648cc18823323e5/ja/004956	ja	0	とっくに弁当持参は許可されているわけで、それ以上何を要求するのかという話
textdetox@01907546324b0330d2d8b7669648cc18823323e5/ja/004957	ja	0	あれ、麻生さんは間違えたわけではなく、一般的でない読み方しただけ。   学校で教えるのは「みぞう」だが、漢学者風の気取った読み方「みぞゆう」   でも間違いとは言えない。「みぞう」は仏教用語だから、あえて漢文風の   読み方するのは変わり者だけど。
textdetox@01907546324b0330d2d8b7669648cc18823323e5/ja/004958	ja	0	どのくらい質量が減ると月が居なくなるの？
textdetox@01907546324b0330d2d8b7669648cc18823323e5/ja/004959	ja	0	XBOXONEで最新作出てるよ。   ガッチャマンとかキャシャーンとか   タツノコプロ作品が初参戦してる。
textdetox@01907546324b0330d2d8b7669648cc18823323e5/ja/004960	ja	0	こんなお父さん持ちらくないよね。 まあ、親は選べないからな〜。www
textdetox@01907546324b0330d2d8b7669648cc18823323e5/ja/004961	ja	0	駅の端っこで肩身狭そうにしてるの見ると何とも言えん気分になる
textdetox@01907546324b0330d2d8b7669648cc18823323e5/ja/004962	ja	0	おや、オープンにしては珍しくスレ消化しそうじゃないかｗ
textdetox@01907546324b0330d2d8b7669648cc18823323e5/ja/004963	ja	0	日本が提案した徴用工の解決策の回答期限だよ。
textdetox@01907546324b0330d2d8b7669648cc18823323e5/ja/004964	ja	0	普段いわれてて、よっぽど悔しかったから   つい使っちゃったんだろうよwwww
textdetox@01907546324b0330d2d8b7669648cc18823323e5/ja/004965	ja	0	世論調査すると、一般国民はむしろ女の方が別姓反対なんだよな。
textdetox@01907546324b0330d2d8b7669648cc18823323e5/ja/004966	ja	0	わざわざ出すって事は居ないって事だろう
textdetox@01907546324b0330d2d8b7669648cc18823323e5/ja/004967	ja	0	「軍人になる者だけがタダで学べるのだ」
textdetox@01907546324b0330d2d8b7669648cc18823323e5/ja/004968	ja	0	「仮面の忍者赤影」の実写化は評価が分かれるな   ストイックな原作と、怪獣が何匹も出てきて赤影がビームで倒す実写化   どっちがいいかなあ
textdetox@01907546324b0330d2d8b7669648cc18823323e5/ja/004969	ja	0	誰が上手いことを言えと言った？
textdetox@01907546324b0330d2d8b7669648cc18823323e5/ja/004970	ja	0	何食べたんだ？気になるぜ
textdetox@01907546324b0330d2d8b7669648cc18823323e5/ja/004971	ja	0	のこったバーボンは   ジム・ビーム・サンダーボルトエディションとか   名づけて売ってみようか
textdetox@01907546324b0330d2d8b7669648cc18823323e5/ja/004972	ja	0	あれは、大変によく効いていますねw。
textdetox@01907546324b0330d2d8b7669648cc18823323e5/ja/004973	ja	0	ここで聞いていいことかわからないけど本家はIPv6設定だと書けなくなっちゃってる…   自分の設定がIPv6だなんて今まで知らなかった…（情弱）
textdetox@01907546324b0330d2d8b7669648cc18823323e5/ja/004974	ja	0	そうやっていつも出遅れてたから負けてきたのにな。   何回失敗を繰り返せば気が付くんだ？
textdetox@01907546324b0330d2d8b7669648cc18823323e5/ja/004975	ja	0	抗菌性の高いニンニク唐辛子にゴマ油ですかね、ｸﾞｴｯ あ、フェとか言うんだっけか。
textdetox@01907546324b0330d2d8b7669648cc18823323e5/ja/004976	ja	0	荒れさせないためにも。     使い回しでよければ   次スレ立てますが(・ω・)ノ
textdetox@01907546324b0330d2d8b7669648cc18823323e5/ja/004977	ja	0	そうそう、後から何を言われるかと思ったら、気味が悪くて対応なんかできないよ。
textdetox@01907546324b0330d2d8b7669648cc18823323e5/ja/004978	ja	0	みずぽが党首に復帰するのか？
textdetox@01907546324b0330d2d8b7669648cc18823323e5/ja/004979	ja	0	この場合の｢ドローン｣て市販されてるプロペラ機なのじゃなくて   「無人の固定翼戦闘機」のことだろ     あんまり小型だと気流に負けて空中収容とかそもそも不可能なはず
textdetox@01907546324b0330d2d8b7669648cc18823323e5/ja/004980	ja	0	アメリカはメキシコにそれやって欲しそうだよなぁｗ
textdetox@01907546324b0330d2d8b7669648cc18823323e5/ja/004981	ja	0	わりとこのオープンでも江戸時代の日本人の日本人の識字率が8割とか9割とかで、   世界で一番高かったと主張する連中はいたよ。
textdetox@01907546324b0330d2d8b7669648cc18823323e5/ja/004982	ja	0	というか二段認証なんて昨日今日に始まったわけじゃないし     パスワード初期化がほかのメールアドレスに通知できる仕様なんて   いまだかつて見たことがないんだが
textdetox@01907546324b0330d2d8b7669648cc18823323e5/ja/004983	ja	0	緊急提言みたいなこと言ってたのに、MERSのこと一切扱わなかったね
textdetox@01907546324b0330d2d8b7669648cc18823323e5/ja/004984	ja	0	問題はない   倉庫自体を海外に置き、実弾によるトレーニングはそちらで行ったり   国内では肉体鍛錬であるとか知識の修練であるとか、モデルガンを拳銃と見なしての想定訓練であるとかは可能
textdetox@01907546324b0330d2d8b7669648cc18823323e5/ja/004985	ja	0	俺は自民党に投票するわ。
textdetox@01907546324b0330d2d8b7669648cc18823323e5/ja/004986	ja	0	残ってるのって運命共同体みたいな企業ばかりなんじゃない？
textdetox@01907546324b0330d2d8b7669648cc18823323e5/ja/004987	ja	0	通報じゃなくて相談だね   事情を話せば何とかしてくれると思う   ストーカー事件とかは最終的にバッドエンドになることあるけど多くの事件を防いでるだろうしね
textdetox@01907546324b0330d2d8b7669648cc18823323e5/ja/004988	ja	0	最近はポテトに付けて食べるのをお薦めしてたり   スプーン付けたりしてる模様
textdetox@01907546324b0330d2d8b7669648cc18823323e5/ja/004989	ja	0	そもそもネットが偏ってたとしても、メディアが偏ってない事の証明にはならないって言う
textdetox@01907546324b0330d2d8b7669648cc18823323e5/ja/004990	ja	0	>譲渡時の権利問題をクリアにするため10月末を目処とし、すべてのログを破棄、及びログの保持機能を停止します。     過去ログ全破棄だとさ…
textdetox@01907546324b0330d2d8b7669648cc18823323e5/ja/004991	ja	0	AIIBをADBと同等の基準にしろって事なんだろーな   ならADBでいいじゃん
textdetox@01907546324b0330d2d8b7669648cc18823323e5/ja/004992	ja	0	それはすまなかった   単純に気に入らないという意図でやっているつもりは無いのだが   どうしても間違うことはあるのでな
textdetox@01907546324b0330d2d8b7669648cc18823323e5/ja/004993	ja	0	チェーン店が不信ならば個人経営のバーガー店に行けば良い。   これからはご当地バーガーの時代になるだろう。
textdetox@01907546324b0330d2d8b7669648cc18823323e5/ja/004994	ja	0	平和的なイスラム教のスンニ派とシーア派の平和的な抗争が始まるのですね。
textdetox@01907546324b0330d2d8b7669648cc18823323e5/ja/004995	ja	0	日本でビュイックなんて霊柩車くらいでしか見ないけど、そんなに品質いいのか？
textdetox@01907546324b0330d2d8b7669648cc18823323e5/ja/004996	ja	0	こうなった以上、勝っても負けても八百長疑わざるを得ないから仕方あるまい
textdetox@01907546324b0330d2d8b7669648cc18823323e5/ja/004997	ja	0	３１１後にも復旧してるとこの配電盤に鼠が入り込んで   こんがりきつね色に、もとい   配電盤に貼りついて   ローストマウスになってた映像が有ったなー
textdetox@01907546324b0330d2d8b7669648cc18823323e5/ja/004998	ja	0	む、あじあにゅーすでスレ立ってたが日付確認してなかったな   すまぬ
textdetox@01907546324b0330d2d8b7669648cc18823323e5/ja/004999	ja	0	ここは日本だし日本の都合優先でいいでしょ
