source_id	language	toxic	text
textdetox@01907546324b0330d2d8b7669648cc18823323e5/ru/000000	ru	0	я сегодня проезжала по рабочей и между домами снитенко и гомолысовой магазином ( на пустыре) бежала кошка похожего окраса.
textdetox@01907546324b0330d2d8b7669648cc18823323e5/ru/000001	ru	0	может, я и ошиблась, но необычный окрас бросился в глаза.
textdetox@01907546324b0330d2d8b7669648cc18823323e5/ru/000002	ru	0	зачем придумывать очередной налог на воздух, если можно обьявить инсульт и грипп- пандемией!
textdetox@01907546324b0330d2d8b7669648cc18823323e5/ru/000003	ru	0	ретро дежавю ... сложно понять чужое сердце , лиш ощутить музыкой видимо
textdetox@01907546324b0330d2d8b7669648cc18823323e5/ru/000004	ru	0	2 августа поздно вечером нашли вот такую потеряшку в районе высоток на победе.
textdetox@01907546324b0330d2d8b7669648cc18823323e5/ru/000005	ru	0	девочка явно домашняя, в новом ошейнике.
textdetox@01907546324b0330d2d8b7669648cc18823323e5/ru/000006	ru	0	а еще на стоянке никто не проверяет безопасность детей.
textdetox@01907546324b0330d2d8b7669648cc18823323e5/ru/000007	ru	0	возле порта на тарзанке стоит человек и смотрит за детьми, а на стоянке прыгает девочка, а вокруг никого.
textdetox@01907546324b0330d2d8b7669648cc18823323e5/ru/000008	ru	0	это просто дэлика зубилосовсем немного переделано кузово.
textdetox@01907546324b0330d2d8b7669648cc18823323e5/ru/000009	ru	0	вы живёте в россии, не оставляйте российских детей без вашей заботы.
textdetox@01907546324b0330d2d8b7669648cc18823323e5/ru/000010	ru	0	я на нем за 21 день марафона скинула 5кг и обьемы ушли по 8см.
textdetox@01907546324b0330d2d8b7669648cc18823323e5/ru/000011	ru	0	а потом я чего то расслабилась в принципе как всегда и все.
textdetox@01907546324b0330d2d8b7669648cc18823323e5/ru/000012	ru	0	пиши сразу путину раз такая смелая
textdetox@01907546324b0330d2d8b7669648cc18823323e5/ru/000013	ru	0	пока хвалиться нечем , не очень хочется затевать ремонт в зале и в коридоре .
textdetox@01907546324b0330d2d8b7669648cc18823323e5/ru/000014	ru	0	для вас ,я возьму на себя труд судить о вас ,по-моему большое открытие быть человеком￼ !
textdetox@01907546324b0330d2d8b7669648cc18823323e5/ru/000015	ru	0	как же здорово осознавать то, что людей поддерживают, помогают, стимулируют! )
textdetox@01907546324b0330d2d8b7669648cc18823323e5/ru/000016	ru	0	моя мама доживала со мной и когда заболела, я ухаживала за ней.
textdetox@01907546324b0330d2d8b7669648cc18823323e5/ru/000017	ru	0	очень правильные и верные слова - сказаны.
textdetox@01907546324b0330d2d8b7669648cc18823323e5/ru/000018	ru	0	с праздником дорогие, чистого неба над головой, мира на всей земле.
textdetox@01907546324b0330d2d8b7669648cc18823323e5/ru/000019	ru	0	интиресно как это - вода чистая но не из под крана, что то не понять
textdetox@01907546324b0330d2d8b7669648cc18823323e5/ru/000020	ru	0	а про этого извините но реально ломать мозг над этим людям думаю нестоит.
textdetox@01907546324b0330d2d8b7669648cc18823323e5/ru/000021	ru	0	про данный пост забудут через некоторое время, да и как про игру.
textdetox@01907546324b0330d2d8b7669648cc18823323e5/ru/000022	ru	0	и ездили на борту грузовика без всяких подписей и инструктажей.
textdetox@01907546324b0330d2d8b7669648cc18823323e5/ru/000023	ru	0	ты минут пятнадцать назад смотрела сис приходил
textdetox@01907546324b0330d2d8b7669648cc18823323e5/ru/000024	ru	0	очень жаль таких детишек,которые воспитываются с неадекватно- психическими отклонениями!
textdetox@01907546324b0330d2d8b7669648cc18823323e5/ru/000025	ru	0	на автобанах только толщина подушки перед основным полотном больше метра, неважно где, германия, франция, чехия, венгрия и т.д.
textdetox@01907546324b0330d2d8b7669648cc18823323e5/ru/000026	ru	0	выгодней им дать земельный участок и брать за него налоги😂
textdetox@01907546324b0330d2d8b7669648cc18823323e5/ru/000027	ru	0	все против народа.. учить историю надо фашистские отряды и полицаи были утинскиештурмовые отряды времен 1933 года как в германии
textdetox@01907546324b0330d2d8b7669648cc18823323e5/ru/000028	ru	0	а мне зять подарил э/ простыню на дачу, теперь радуюсь каждую прохладную ночь, дивлюсь себе-зачем насморк заводила, когда есть такое чудо!
textdetox@01907546324b0330d2d8b7669648cc18823323e5/ru/000029	ru	0	можно и в жару, попали в самое пекло, зоопарк в дендропарке находится, все в соснах, очень рекомендую))
textdetox@01907546324b0330d2d8b7669648cc18823323e5/ru/000030	ru	0	убери деньги изо всего что считаешь вечным, тот тоже исчезнет но вера никогда
textdetox@01907546324b0330d2d8b7669648cc18823323e5/ru/000031	ru	0	некоторым, очень трудно видеть красоту природы да, правда это чудо природы
textdetox@01907546324b0330d2d8b7669648cc18823323e5/ru/000032	ru	0	я прошу чтобы все последствия прошлых и нынешних ошибок и недоразумений рассеялись да будет так !
textdetox@01907546324b0330d2d8b7669648cc18823323e5/ru/000033	ru	0	если есть возможность возьмите пожалуйста у меня 3 кошки и 4 котенок ,вам добро вернётся
textdetox@01907546324b0330d2d8b7669648cc18823323e5/ru/000034	ru	0	ладно нам долго лететь.. - ааа,-отвечает,- зато вас первыми откопают...
textdetox@01907546324b0330d2d8b7669648cc18823323e5/ru/000035	ru	0	здравствуйте, можно узнать цену курочек?
textdetox@01907546324b0330d2d8b7669648cc18823323e5/ru/000036	ru	0	так он может терять свои позиции еще лет 100, а то и 500 и ни на шаг не сдвинулся.
textdetox@01907546324b0330d2d8b7669648cc18823323e5/ru/000037	ru	0	а медиков вообще не за что - приехать к больному, поставить диагноз орз, не сделав тест, и бросить на выживаемость!
textdetox@01907546324b0330d2d8b7669648cc18823323e5/ru/000038	ru	0	это я только тему коронки затронула, не говоря об остальном!
textdetox@01907546324b0330d2d8b7669648cc18823323e5/ru/000039	ru	0	кот само спойствие и пофигизм, а собачка боится??
textdetox@01907546324b0330d2d8b7669648cc18823323e5/ru/000040	ru	0	а ты не помнишь как русских гнали из всех союзных республик, а сколько вырезали в чечне, не в курсе или тебе кавказцы нравятся горячие парни, так поверь русские есть гораздо погорячее
textdetox@01907546324b0330d2d8b7669648cc18823323e5/ru/000041	ru	0	такой вещи простой в хозяйстве не оказалось!
textdetox@01907546324b0330d2d8b7669648cc18823323e5/ru/000042	ru	0	у меня тоже так накрылся,я его ликвидировала,буду новый сажать.
textdetox@01907546324b0330d2d8b7669648cc18823323e5/ru/000043	ru	0	как россия, семимильными шагами, путями и созиданиями.
textdetox@01907546324b0330d2d8b7669648cc18823323e5/ru/000044	ru	0	не было бы прогресса вы бы до сих пор на полях урожай в ручную собирали бы.
textdetox@01907546324b0330d2d8b7669648cc18823323e5/ru/000045	ru	0	вы сами готовы на поле урожай собирать или очищать от сорняков поля в любую погоду?
textdetox@01907546324b0330d2d8b7669648cc18823323e5/ru/000046	ru	0	в новополоцке отметили 90-летие вдв и открыли бюст-памятник герою советского союза василию маргелову
textdetox@01907546324b0330d2d8b7669648cc18823323e5/ru/000047	ru	0	это было бы многим удобно, так что не вижу в этом какого то кошмара
textdetox@01907546324b0330d2d8b7669648cc18823323e5/ru/000048	ru	0	мы тоже были в хорватии, на границе паспорта регистрировали и туда и обратно.
textdetox@01907546324b0330d2d8b7669648cc18823323e5/ru/000049	ru	0	из за этого немного дольше едешь, чем обычно.
textdetox@01907546324b0330d2d8b7669648cc18823323e5/ru/000050	ru	0	странно вы пишете - хочется верить, что он достойной актер....если он вам нравится, как актер, то нравится...почему хочется верить, еще и в достойного.
textdetox@01907546324b0330d2d8b7669648cc18823323e5/ru/000051	ru	0	ну а его личная жизнь, как и всех, ни вас, ни кого вообще не касается
textdetox@01907546324b0330d2d8b7669648cc18823323e5/ru/000052	ru	0	святый пророче божий илья,моли бога о нас грешных!!
textdetox@01907546324b0330d2d8b7669648cc18823323e5/ru/000053	ru	0	молодец что сумел найти силы воспитывать дочь а проблема с ногами это мелочь главное это любовь
textdetox@01907546324b0330d2d8b7669648cc18823323e5/ru/000054	ru	0	только помню мы и сейчас дружим хотя прошло более 40 лет наш 10в и сейчас иногда собирается смеемся друг.
textdetox@01907546324b0330d2d8b7669648cc18823323e5/ru/000055	ru	0	,над другом какие были и какие есть школьные годы чудесные а подружка с которой я сидела за партой была ещё у меня на свадьбе.
textdetox@01907546324b0330d2d8b7669648cc18823323e5/ru/000056	ru	0	ирина спасибо большое за поддержку и добрые слова 🌸💋🌼
textdetox@01907546324b0330d2d8b7669648cc18823323e5/ru/000057	ru	0	очень вкусный напиток 🥤 советую всем
textdetox@01907546324b0330d2d8b7669648cc18823323e5/ru/000058	ru	0	очень красиво и действительно раскошо,уютно.
textdetox@01907546324b0330d2d8b7669648cc18823323e5/ru/000059	ru	0	как говорил милославский- храните деньги в сбербанке- но нужно читать между строк- храните в долларах!
textdetox@01907546324b0330d2d8b7669648cc18823323e5/ru/000060	ru	0	байер-рейнджерс 2:2 севилья-рома 2:1 базель-айнтрахт ф 1:0 вулверхэмптон-олимпиакос 3:1 ман сити-реал м 3:2 ювентус-лион 3:0 бавария-челси 1:1 барселона-наполи 2:0
textdetox@01907546324b0330d2d8b7669648cc18823323e5/ru/000061	ru	0	вышлю почтой только переведите деньги.
textdetox@01907546324b0330d2d8b7669648cc18823323e5/ru/000062	ru	0	мальчику хоть какие-то проблемы в жизни , даже элементарные проблемы со здоровьем и все сразу изменится
textdetox@01907546324b0330d2d8b7669648cc18823323e5/ru/000063	ru	0	крепкого тебе здоровье и твоим малышам.
textdetox@01907546324b0330d2d8b7669648cc18823323e5/ru/000064	ru	0	обнищание крестьянских масс, это конечно не социальная проблема!
textdetox@01907546324b0330d2d8b7669648cc18823323e5/ru/000065	ru	0	мне раньше из москвы привозили а в этом году облом с вирусом.
textdetox@01907546324b0330d2d8b7669648cc18823323e5/ru/000066	ru	0	что то ни какого азарта в игре,напоминает плей офф игры с сибирью
textdetox@01907546324b0330d2d8b7669648cc18823323e5/ru/000067	ru	0	мне очень не нравится ограничения по открытию ракушек.
textdetox@01907546324b0330d2d8b7669648cc18823323e5/ru/000068	ru	0	у меня теперь выжидательная тактика: открываю ракушки только там, где уже открыты 5 и более.
textdetox@01907546324b0330d2d8b7669648cc18823323e5/ru/000069	ru	0	ну хоть чуть -чуть .что ж так все переживают ?
textdetox@01907546324b0330d2d8b7669648cc18823323e5/ru/000070	ru	0	женщину в любовь оденьте выглядит красиво она в ней
textdetox@01907546324b0330d2d8b7669648cc18823323e5/ru/000071	ru	0	можно было не пугать ребёнка пусть кушает
textdetox@01907546324b0330d2d8b7669648cc18823323e5/ru/000072	ru	0	делать нечего, хлеб у волочковой отнимает!хотя, у той, теперь, другой хлеб- скандалы!😄
textdetox@01907546324b0330d2d8b7669648cc18823323e5/ru/000073	ru	0	какой % кэшбека при оплате через телефое?
textdetox@01907546324b0330d2d8b7669648cc18823323e5/ru/000074	ru	0	а вот с местными людьми общались так никто и в глаза гумпомощь из россии не видели.говорят эта гуманитарка в магазинах на прилавках.. по магазинам походили .
textdetox@01907546324b0330d2d8b7669648cc18823323e5/ru/000075	ru	0	приглашаю в союз кот бегемот постоянного игрока.
textdetox@01907546324b0330d2d8b7669648cc18823323e5/ru/000076	ru	0	рейтинг союза 397. писать в личку
textdetox@01907546324b0330d2d8b7669648cc18823323e5/ru/000077	ru	0	я решила борщ сварить и пельмени отварим кто захочет
textdetox@01907546324b0330d2d8b7669648cc18823323e5/ru/000078	ru	0	о боже мой... о боже мой... не могу сдержать своих эмоций... я начинаю не ненавидеть людей... что же вы творите?!
textdetox@01907546324b0330d2d8b7669648cc18823323e5/ru/000079	ru	0	каждому военному по мастерку в руки пусть строят жилые дома для людей переплавить танки на велосипеды,стиральные машины,детские коляски и т.д.
textdetox@01907546324b0330d2d8b7669648cc18823323e5/ru/000080	ru	0	вот тогда россия начнёт цвести и пахнуть
textdetox@01907546324b0330d2d8b7669648cc18823323e5/ru/000081	ru	0	это был великий человек, не то что эти дешёвые правители – предатели нашей страны
textdetox@01907546324b0330d2d8b7669648cc18823323e5/ru/000082	ru	0	дамы сейчас действуют акции 1ая- ноги полностью + глубокое бикини + подмышечные впадины бесплатно 2ая- каждое воскресенье скидка 20%
textdetox@01907546324b0330d2d8b7669648cc18823323e5/ru/000083	ru	0	у каждого свои доходы и слово не дорогой для дачника- пенсионера, весьма важно
textdetox@01907546324b0330d2d8b7669648cc18823323e5/ru/000084	ru	0	с днём рождения тебя 💋💋💋🤗🤗🤗 здоровья счастья благополучия и береги себя , хорошо 😘😘😘🌹🌹🌹🌹🌹🌹🌹
textdetox@01907546324b0330d2d8b7669648cc18823323e5/ru/000085	ru	0	ворачиваются в прошлое, а зачем ведь это пройденый этап.
textdetox@01907546324b0330d2d8b7669648cc18823323e5/ru/000086	ru	0	я поздравляю всех с днём вмф и хочу отметить слаженную работу специалистов кашарского рдк в подготовке к интернет мероприятиям!
textdetox@01907546324b0330d2d8b7669648cc18823323e5/ru/000087	ru	0	на самом деле этот творческий труд в интернете очень кропотлив и ответственен!
textdetox@01907546324b0330d2d8b7669648cc18823323e5/ru/000088	ru	0	ваши видео версии программ интересны и легки для восприятия!
textdetox@01907546324b0330d2d8b7669648cc18823323e5/ru/000089	ru	0	а мы, посетители группы, ждем новых публикаций!
textdetox@01907546324b0330d2d8b7669648cc18823323e5/ru/000090	ru	0	сначала благополучно все разрушили,а теперь взялись строить.
textdetox@01907546324b0330d2d8b7669648cc18823323e5/ru/000091	ru	0	он поднимался все выше и выше, пока совсем не скрылся из виду.
textdetox@01907546324b0330d2d8b7669648cc18823323e5/ru/000092	ru	0	всем было грустно...утром мишу нашли целого и невредимого на воробьевых горах, после чего его отвезли на склад олимпийского комитета.
textdetox@01907546324b0330d2d8b7669648cc18823323e5/ru/000093	ru	0	никому не нужный миша пылился на складе, и про него вспомнили только за рубежом.одна немецкая коммерческая фирма предложила выкупить мишу за крупную сумму денег.
textdetox@01907546324b0330d2d8b7669648cc18823323e5/ru/000094	ru	0	а мишу на складе съели крысы и он остался только в воспоминаниях людей.
textdetox@01907546324b0330d2d8b7669648cc18823323e5/ru/000095	ru	0	очень жаль, что ему не нашлось место где-нибудь в музее или на выставке.
textdetox@01907546324b0330d2d8b7669648cc18823323e5/ru/000096	ru	0	плюшевый мишка, который вызвал столько положительных эмоций у людей, был достоин этого.
textdetox@01907546324b0330d2d8b7669648cc18823323e5/ru/000097	ru	0	малышу 55 лет если что.малыш жил ещё при брежневе и может сравнивать разные эпохи.
textdetox@01907546324b0330d2d8b7669648cc18823323e5/ru/000098	ru	0	ничто в мире не стоит слёз собаки!!!
textdetox@01907546324b0330d2d8b7669648cc18823323e5/ru/000099	ru	0	самый красивый город в беларуси,люблю свой город♥♥♥
textdetox@01907546324b0330d2d8b7669648cc18823323e5/ru/000100	ru	0	для джонса, главное чтобы тайсон не попал по нему, а то будет плохо
textdetox@01907546324b0330d2d8b7669648cc18823323e5/ru/000101	ru	0	нежная чешуя на солнце быстро загорает, пока над водой летает.
textdetox@01907546324b0330d2d8b7669648cc18823323e5/ru/000102	ru	0	да сплошь и рядом оставляют детей одних, и гуляют одни, и в магазин одних посылают, и мусор выносить, и не только девятилетних, но и меньше возрастом.
textdetox@01907546324b0330d2d8b7669648cc18823323e5/ru/000103	ru	0	перед чм по футболу убрали этот ужас с улиц виза и вот опять-оранжевые и белые на колёсах ржавые ужасные стоят как и прежде!!
textdetox@01907546324b0330d2d8b7669648cc18823323e5/ru/000104	ru	0	как и рекламные щиты-та же история, сперва пилим, потом снова ставим...
textdetox@01907546324b0330d2d8b7669648cc18823323e5/ru/000105	ru	0	а народ отблагодарит награжденных немного позднее.
textdetox@01907546324b0330d2d8b7669648cc18823323e5/ru/000106	ru	0	мед будет примерно 10—13 августа, хорошо, позвоним вам обязательно
textdetox@01907546324b0330d2d8b7669648cc18823323e5/ru/000107	ru	0	многие лета дари добро и любовь!
textdetox@01907546324b0330d2d8b7669648cc18823323e5/ru/000108	ru	0	?существует мнение ,счастливый человек не обижает других.
textdetox@01907546324b0330d2d8b7669648cc18823323e5/ru/000109	ru	0	самая лучшая картошка на домашнем сале и только на чугунной сковородке!!!!
textdetox@01907546324b0330d2d8b7669648cc18823323e5/ru/000110	ru	0	при брежневе леониде ильиче мы жили хорошо и жили хорошо порядок был во всем и законы соблюдались время это золотое не вернуть очень жаль а как хорошо жилось
textdetox@01907546324b0330d2d8b7669648cc18823323e5/ru/000111	ru	0	собачку ещё не отдали, если не отдали можно номер телефона
textdetox@01907546324b0330d2d8b7669648cc18823323e5/ru/000112	ru	0	народ,я люблю россию и не хочу,что бы вмешивались другие страны в нашу политику.
textdetox@01907546324b0330d2d8b7669648cc18823323e5/ru/000113	ru	0	детский транспорт нашёлся, его забрали в участковый пункт полиции, завтра вернут!😊😊😊
textdetox@01907546324b0330d2d8b7669648cc18823323e5/ru/000114	ru	0	будет тем кто ещё не получал, а кто получал уже не чего не будет
textdetox@01907546324b0330d2d8b7669648cc18823323e5/ru/000115	ru	0	точно , коса на камень нашла, в видео жители рассказывают , что сами сажали лес , но это на самом деле смешно.
textdetox@01907546324b0330d2d8b7669648cc18823323e5/ru/000116	ru	0	конечно, не хочется чтобы кто-то из молодежи вступил с тобой в дискуссию.
textdetox@01907546324b0330d2d8b7669648cc18823323e5/ru/000117	ru	0	а ты просто будешь удивлен последствиям безобидной критики.
textdetox@01907546324b0330d2d8b7669648cc18823323e5/ru/000118	ru	0	нужна мне помощь да поддержка дружеская, не хватает в хозяйстве вещи малой для дела важного.
textdetox@01907546324b0330d2d8b7669648cc18823323e5/ru/000119	ru	0	у меня сестра троюродная работает в больнице в красноярске санитарной, совмещая обязанности медсестры.
textdetox@01907546324b0330d2d8b7669648cc18823323e5/ru/000120	ru	0	в отделении уже почти весь персонал на больничном, но короновируса не ставят им.
textdetox@01907546324b0330d2d8b7669648cc18823323e5/ru/000121	ru	0	по факту большая часть персонала на больничном.
textdetox@01907546324b0330d2d8b7669648cc18823323e5/ru/000122	ru	0	пару дней назад эта участь постигла и её, она заболела.
textdetox@01907546324b0330d2d8b7669648cc18823323e5/ru/000123	ru	0	ни на какие кт и прочие анализы в её больнице её не отправили.
textdetox@01907546324b0330d2d8b7669648cc18823323e5/ru/000124	ru	0	больничный не выдают сейчас, он электронный, и она даже не знает что там за диагноз ей написали.
textdetox@01907546324b0330d2d8b7669648cc18823323e5/ru/000125	ru	0	какая красота, мы в прошлом году хорошо там отдохнули!!!
textdetox@01907546324b0330d2d8b7669648cc18823323e5/ru/000126	ru	0	если никогда такого не было, то почему опять?
textdetox@01907546324b0330d2d8b7669648cc18823323e5/ru/000127	ru	0	советский союз - это самое лучшее, что было в нашей истории !
textdetox@01907546324b0330d2d8b7669648cc18823323e5/ru/000128	ru	0	и как всегда, все смотрят и снимают.... никто не заступился...
textdetox@01907546324b0330d2d8b7669648cc18823323e5/ru/000129	ru	0	образование все страны дают, а высшее образование не ссср мне дал.
textdetox@01907546324b0330d2d8b7669648cc18823323e5/ru/000130	ru	0	прямо точно про моего бывшего мужа!
textdetox@01907546324b0330d2d8b7669648cc18823323e5/ru/000131	ru	0	значит есть двух клавишный выключатель
textdetox@01907546324b0330d2d8b7669648cc18823323e5/ru/000132	ru	0	полно таких жалельщиков и считают, что великое доброе дело делают - с улицы забрали, а то, что жизнь на улице продолжается невдомек.
textdetox@01907546324b0330d2d8b7669648cc18823323e5/ru/000133	ru	0	- так дорого же ж) и при этом поза: я спасаю животных
textdetox@01907546324b0330d2d8b7669648cc18823323e5/ru/000134	ru	0	да разве можно тебя забыть доцентты наш родной!
textdetox@01907546324b0330d2d8b7669648cc18823323e5/ru/000135	ru	0	очень круто,хорошо что есть такие люди,которые пишут такие прекрасные вещи...
textdetox@01907546324b0330d2d8b7669648cc18823323e5/ru/000136	ru	0	она, когда идёт не боится сломаться пополом?
textdetox@01907546324b0330d2d8b7669648cc18823323e5/ru/000137	ru	0	москвичи вас все ненавидят.а кто нас примет в москве.заболел и подыхай.
textdetox@01907546324b0330d2d8b7669648cc18823323e5/ru/000138	ru	0	смотришь и глаз не оторвать.это умнейшие животные.
textdetox@01907546324b0330d2d8b7669648cc18823323e5/ru/000139	ru	0	раньше врачи действительно лечили ,боролись за каждого больного ,а сейчас оказывают помощь !
textdetox@01907546324b0330d2d8b7669648cc18823323e5/ru/000140	ru	0	во время пандемии люди умирали от рака , инфарктов ,почему их не лечили ?
textdetox@01907546324b0330d2d8b7669648cc18823323e5/ru/000141	ru	0	она просто пытается заинтересовать людей, чтобы потом на них заработать.
textdetox@01907546324b0330d2d8b7669648cc18823323e5/ru/000142	ru	0	неужели есть ещё такие наивные, которые это не видят?
textdetox@01907546324b0330d2d8b7669648cc18823323e5/ru/000143	ru	0	восхищена вашей работой, кропотливым трудом!
textdetox@01907546324b0330d2d8b7669648cc18823323e5/ru/000144	ru	0	а на самом деле цвет берета - не самое главное.
textdetox@01907546324b0330d2d8b7669648cc18823323e5/ru/000145	ru	0	важно, чтобы человек в любой ситуации оставался человеком
textdetox@01907546324b0330d2d8b7669648cc18823323e5/ru/000146	ru	0	так могут и вообще фото выложить, вы что думаете она сама?
textdetox@01907546324b0330d2d8b7669648cc18823323e5/ru/000147	ru	0	а теперешнее поколение , даже не знает что это такое???
textdetox@01907546324b0330d2d8b7669648cc18823323e5/ru/000148	ru	0	здравствуйте, если рейс будет отменен вам поступит об этом оповещение а почту
textdetox@01907546324b0330d2d8b7669648cc18823323e5/ru/000149	ru	0	скончались с короновирусом от другого заболевания, а не от короновируса.
textdetox@01907546324b0330d2d8b7669648cc18823323e5/ru/000150	ru	0	владик сынок это тебе люблю тоскую без тебя мой ангел небесный
textdetox@01907546324b0330d2d8b7669648cc18823323e5/ru/000151	ru	0	чтобы все испортить..и не хватит целой вечности.
textdetox@01907546324b0330d2d8b7669648cc18823323e5/ru/000152	ru	0	прежде чем что-то сказать или что-то сделать...берегите друг друга люди!!
textdetox@01907546324b0330d2d8b7669648cc18823323e5/ru/000153	ru	0	!боль потери не лечит хмель..мы художники наших судеб..мы и кисти.
textdetox@01907546324b0330d2d8b7669648cc18823323e5/ru/000154	ru	0	и --акварель..относитесь к любви как к кладу..чтоб потом не рыдать ей вслед...без любви ничего не надо..без любви ничего и нет!!
textdetox@01907546324b0330d2d8b7669648cc18823323e5/ru/000155	ru	0	ты очень классная девочка, удачи тебе красавица
textdetox@01907546324b0330d2d8b7669648cc18823323e5/ru/000156	ru	0	кроме чехов я люблю только альпов в таком окрасе!!
textdetox@01907546324b0330d2d8b7669648cc18823323e5/ru/000157	ru	0	я разделяю вами с вашу печаль и скорблю вместе вами с
textdetox@01907546324b0330d2d8b7669648cc18823323e5/ru/000158	ru	0	знаю очень многих которые из не богатых,бедных семей которые добились многого.и так де тех кто из семей с достатком,которые не добились ничего.
textdetox@01907546324b0330d2d8b7669648cc18823323e5/ru/000159	ru	0	а я вместо алычи ложу маленький помидорчик чери.
textdetox@01907546324b0330d2d8b7669648cc18823323e5/ru/000160	ru	0	это действительно были лучшие годы жизни
textdetox@01907546324b0330d2d8b7669648cc18823323e5/ru/000161	ru	0	дааааа все хорошо базарят а как дело доходит до наказания то все всторону и тишина
textdetox@01907546324b0330d2d8b7669648cc18823323e5/ru/000162	ru	0	а между предложением и делом может пройти много лет.
textdetox@01907546324b0330d2d8b7669648cc18823323e5/ru/000163	ru	0	давно пора, опустить зарплаты депутатов, сенаторов и т.п.
textdetox@01907546324b0330d2d8b7669648cc18823323e5/ru/000164	ru	0	тогда в депутаты пойдут те, кто, действительно, заботится о россии и россиянах, а не те, кто рвется к кормушке, чтобы набить свой собственный карман!
textdetox@01907546324b0330d2d8b7669648cc18823323e5/ru/000165	ru	0	как хорошо вы написали, прочитала как про своего деда шляпина василия, правда после войны 22 года прожил, но ушёл на войну 18 летним парнем, а вернулся с медалями и осколком.
textdetox@01907546324b0330d2d8b7669648cc18823323e5/ru/000166	ru	0	осенью 1979 года меня после учебки направили служить на камчатку на скр резкий.
textdetox@01907546324b0330d2d8b7669648cc18823323e5/ru/000167	ru	0	товарищ мартиросян, в то время - кап-три, работал там командиром корабля.
textdetox@01907546324b0330d2d8b7669648cc18823323e5/ru/000168	ru	0	раз согласились работать от безвыходности за такую зарплату, зачем тогда жаловатся?
textdetox@01907546324b0330d2d8b7669648cc18823323e5/ru/000169	ru	0	у вас есть выбор, или работать или не работать за такие деньги.
textdetox@01907546324b0330d2d8b7669648cc18823323e5/ru/000170	ru	0	уменя тоже сын с разными глазами один карий другой голубой и он для нас все равно красавиц наш и ваша девочка очень красивая дай бог ей здоровья
textdetox@01907546324b0330d2d8b7669648cc18823323e5/ru/000171	ru	0	скажите пожалуйста а где этот город находится?
textdetox@01907546324b0330d2d8b7669648cc18823323e5/ru/000172	ru	0	достаточно посмотреть на флаг армии генерала власова.
textdetox@01907546324b0330d2d8b7669648cc18823323e5/ru/000173	ru	0	я использовала дюфалак, нам очень помогло, его совсем немного
textdetox@01907546324b0330d2d8b7669648cc18823323e5/ru/000174	ru	0	добрый день,можно приобрести рабочую программу для 2-3 лет
textdetox@01907546324b0330d2d8b7669648cc18823323e5/ru/000175	ru	0	если это правда,я преклоняюсь перед такими людьми,дай бог вам здоровья и ребёночек,вы умница.
textdetox@01907546324b0330d2d8b7669648cc18823323e5/ru/000176	ru	0	доця с зятем и мальчишки, а внучка со мной дома.
textdetox@01907546324b0330d2d8b7669648cc18823323e5/ru/000177	ru	0	мы бы тоже поехали, да муж на вахте, а у меня хозяйство.
textdetox@01907546324b0330d2d8b7669648cc18823323e5/ru/000178	ru	0	ты даже не знаешь когда масло пальмовое стали завозить .
textdetox@01907546324b0330d2d8b7669648cc18823323e5/ru/000179	ru	0	оплатила 76руб.21:42 с карты 1413 людмила алекс.к.передать в прохладный.
textdetox@01907546324b0330d2d8b7669648cc18823323e5/ru/000180	ru	0	10 лет карасю... конечно стал членом семьи... как кот или собака...
textdetox@01907546324b0330d2d8b7669648cc18823323e5/ru/000181	ru	0	действительно,мы весь год об иссык-куле мечтали и вдруг такое...:(
textdetox@01907546324b0330d2d8b7669648cc18823323e5/ru/000182	ru	0	поднятие пенсионного возраста.развал экономики.публикация это провокация и ложь.
textdetox@01907546324b0330d2d8b7669648cc18823323e5/ru/000183	ru	0	молодцы честь и хвала вам дай вам бог здоровья и вашему ребеночку🌼🌼🌼❤
textdetox@01907546324b0330d2d8b7669648cc18823323e5/ru/000184	ru	0	замечательно,все вы довольствуетесь,но дети без отцов растут
textdetox@01907546324b0330d2d8b7669648cc18823323e5/ru/000185	ru	0	где тот мертвый который поднялся после употребление этой смеси !
textdetox@01907546324b0330d2d8b7669648cc18823323e5/ru/000186	ru	0	счастья тебе ванечка, дай бог тебя возьмут добрые люди, будет у тебя семья и родня и все самое лучшее
textdetox@01907546324b0330d2d8b7669648cc18823323e5/ru/000187	ru	0	в ветклинику нужно обязательно , чтобы удостовериться , что не болен , чтобы не заразился ваш кот !
textdetox@01907546324b0330d2d8b7669648cc18823323e5/ru/000188	ru	0	если болен , то нужно лечить , не выкидывайте малыша , подарите ему дом , ласку , уход !
textdetox@01907546324b0330d2d8b7669648cc18823323e5/ru/000189	ru	0	а у вас предоплата , и сколько будет стоит в томск
textdetox@01907546324b0330d2d8b7669648cc18823323e5/ru/000190	ru	0	выходит так, без решения суда человека уже виновен ,а это не является давлением на суд.
textdetox@01907546324b0330d2d8b7669648cc18823323e5/ru/000191	ru	0	просто я не живу в квартире, а иногда сплю в ней.
textdetox@01907546324b0330d2d8b7669648cc18823323e5/ru/000192	ru	0	пусть будет ваше утро добрым всем хорошего букет настроения и от меня
textdetox@01907546324b0330d2d8b7669648cc18823323e5/ru/000193	ru	0	для такого количества квартир мизерные дворики.
textdetox@01907546324b0330d2d8b7669648cc18823323e5/ru/000194	ru	0	меня оскорблять за правдивую информацию это нормально.
textdetox@01907546324b0330d2d8b7669648cc18823323e5/ru/000195	ru	0	по вашему вашу ложь должны поддерживать все
textdetox@01907546324b0330d2d8b7669648cc18823323e5/ru/000196	ru	0	пусть он предатель , но сколько людей спас от гибели.
textdetox@01907546324b0330d2d8b7669648cc18823323e5/ru/000197	ru	0	но это 3- 4 раза в неделю спорт в зале плюс бег ежедневно ( хорошо поднимает настроение).
textdetox@01907546324b0330d2d8b7669648cc18823323e5/ru/000198	ru	0	только мяту не пейте ни в каком случае ато молоко потихоньку уйдет по себе знаю.
textdetox@01907546324b0330d2d8b7669648cc18823323e5/ru/000199	ru	0	нет в гибискусе создаются,кусты с бабочкаи их кормиш землниккой
textdetox@01907546324b0330d2d8b7669648cc18823323e5/ru/000200	ru	0	все хорошего качество ,плотное ,не марля ,после стирки не линяет форму не теряет в тряпку не превращается
textdetox@01907546324b0330d2d8b7669648cc18823323e5/ru/000201	ru	0	я тот ещё игрок... боялась этих котов и с свд их отщёлкивала.
textdetox@01907546324b0330d2d8b7669648cc18823323e5/ru/000202	ru	0	берет деньгами ,но от испуга и детской грыжи лечит .
textdetox@01907546324b0330d2d8b7669648cc18823323e5/ru/000203	ru	0	мое мнение я его написала а после колобка я уже много чего читала!
textdetox@01907546324b0330d2d8b7669648cc18823323e5/ru/000204	ru	0	светик, правильно в общалке ответили, надо из них другие создавать, более сложные.
textdetox@01907546324b0330d2d8b7669648cc18823323e5/ru/000205	ru	0	помидоры они самые сильные растут даже побывав в желудке
textdetox@01907546324b0330d2d8b7669648cc18823323e5/ru/000206	ru	0	не употребление матерных слов действует на организм успокаивающе, а выброс негативной энергии вместе с этими словами - снимают стресс накопившийся в организме.
textdetox@01907546324b0330d2d8b7669648cc18823323e5/ru/000207	ru	0	человек не находит ничего лучше как выругаться, употребляя при этом нецензурную брань.
textdetox@01907546324b0330d2d8b7669648cc18823323e5/ru/000208	ru	0	я конечно понимаю, что вы живёте не в тамбовской обл., но даже пусть так: откуда вы знаете, что фургал никуда не вкладывался, вам лично путин докладывал ?
textdetox@01907546324b0330d2d8b7669648cc18823323e5/ru/000209	ru	0	в офисах тоже пашут к вашему сведенью еще и как .
textdetox@01907546324b0330d2d8b7669648cc18823323e5/ru/000210	ru	0	странные люди есть, и поправки даже для их же улучшения.
textdetox@01907546324b0330d2d8b7669648cc18823323e5/ru/000211	ru	0	а лучше соберите инициативную группу и возьмите под шефство по одному ветерану.
textdetox@01907546324b0330d2d8b7669648cc18823323e5/ru/000212	ru	0	это скорей смешно,ведь наша молодежь тоже ходит с непонятными надписями чуть не на лбу.как то читала анекдот,ехала в автобусе дева,а на ней надпись гласила,что она замороженный цыпленок.
textdetox@01907546324b0330d2d8b7669648cc18823323e5/ru/000213	ru	0	но надпись была на заморском языка и девочка гордо несла ее на себе.
textdetox@01907546324b0330d2d8b7669648cc18823323e5/ru/000214	ru	0	ливня нет зато зато так холодно резко стало
textdetox@01907546324b0330d2d8b7669648cc18823323e5/ru/000215	ru	0	да-паразитов подкармливает америка им главное убрать путина-шибко умный и знает,что по чём,им новального подавай-второй ельцин.
textdetox@01907546324b0330d2d8b7669648cc18823323e5/ru/000216	ru	0	60 лет назад в обычной советской школе, мне сейчас 67
textdetox@01907546324b0330d2d8b7669648cc18823323e5/ru/000217	ru	0	владимир,ты не удачник ... всё в точку ,в 30 лет девушка набирается мудрости и цветёт
textdetox@01907546324b0330d2d8b7669648cc18823323e5/ru/000218	ru	0	в моем детстве сестра спасла братишку, а сама утонула.
textdetox@01907546324b0330d2d8b7669648cc18823323e5/ru/000219	ru	0	деток нельзя возле воды оставлять без присмотра, если они не умеют плавать.
textdetox@01907546324b0330d2d8b7669648cc18823323e5/ru/000220	ru	0	да нина..ему мало не покажется...он не прав...нельзя брать плату..а потом посреди дороги вышвыривать детей..
textdetox@01907546324b0330d2d8b7669648cc18823323e5/ru/000221	ru	0	почему не дали..?у меня писал в тейково и попал туда.
textdetox@01907546324b0330d2d8b7669648cc18823323e5/ru/000222	ru	0	​прочитал и сразу настроение скакнуло вверх!
textdetox@01907546324b0330d2d8b7669648cc18823323e5/ru/000223	ru	0	от чего , от чего , от чего мне хорошо , да потому что амеров свои и сбили...
textdetox@01907546324b0330d2d8b7669648cc18823323e5/ru/000224	ru	0	раньше говорили купил яву копай яму😊
textdetox@01907546324b0330d2d8b7669648cc18823323e5/ru/000225	ru	0	зато в деревне классно свежий воздух .вот только работы нето в сёлах это уже плоха час та и в городе тяжело найти работу
textdetox@01907546324b0330d2d8b7669648cc18823323e5/ru/000226	ru	0	в этот день пьяные священники будут размахивать хоругвиями на площадях , купаться в фонтанах и рвать на себе рясы с криком : а ты в каком храме служил ?
textdetox@01907546324b0330d2d8b7669648cc18823323e5/ru/000227	ru	0	я думаю скоро вся россия подымется только против хабаровска
textdetox@01907546324b0330d2d8b7669648cc18823323e5/ru/000228	ru	0	люди последние 100 руб отправляли для ваших собак, на питание и стерилки, не говоря что каждый месяц оплачивался газ.
textdetox@01907546324b0330d2d8b7669648cc18823323e5/ru/000229	ru	0	очень подло, низко и мерзко от вашего поступка!!!
textdetox@01907546324b0330d2d8b7669648cc18823323e5/ru/000230	ru	0	попробуйте отдавать и доверять людям, а не спать в одной постели с огромными дворовыми псами.
textdetox@01907546324b0330d2d8b7669648cc18823323e5/ru/000231	ru	0	казалось бы , видела всю эту нашу красоту сотни раз, но вот снова и снова радуюсь и восхищаюсь !
textdetox@01907546324b0330d2d8b7669648cc18823323e5/ru/000232	ru	0	самый вкусный хлеб пекла тетя маша у нас в поселке, все в ручную
textdetox@01907546324b0330d2d8b7669648cc18823323e5/ru/000233	ru	0	я могу 450 руб ,только гель -лак 89276206911
textdetox@01907546324b0330d2d8b7669648cc18823323e5/ru/000234	ru	0	не вредили, ветки не ломали, понимали что это нельзя делать.
textdetox@01907546324b0330d2d8b7669648cc18823323e5/ru/000235	ru	0	мне нравятся весёлые гномики,без бугорков и шипов ,очень урожайные, без горечи.семена продают в пятёрочке .
textdetox@01907546324b0330d2d8b7669648cc18823323e5/ru/000236	ru	0	не хватает тюбика с клеем резиновым,заплатки,и тёрки специальной.
textdetox@01907546324b0330d2d8b7669648cc18823323e5/ru/000237	ru	0	ему нечего просто сказать, все темы уже смылены 🤦🤦🤦
textdetox@01907546324b0330d2d8b7669648cc18823323e5/ru/000238	ru	0	шелуха, окурки, бутылки... ветер принёс?
textdetox@01907546324b0330d2d8b7669648cc18823323e5/ru/000239	ru	0	здоровья, счастья, благополучия, везения и всем самого прекрасного!
textdetox@01907546324b0330d2d8b7669648cc18823323e5/ru/000240	ru	0	с пассажирами представьте сейчас по телевизору показали как гепард выследил догнал съел газель и сяковлева
textdetox@01907546324b0330d2d8b7669648cc18823323e5/ru/000241	ru	0	у нас тоже кот, всегда первые огурцы пробовал он, и ещё любил арбузы.
textdetox@01907546324b0330d2d8b7669648cc18823323e5/ru/000242	ru	0	привет очень красивая фигуры у тебя даже очень
textdetox@01907546324b0330d2d8b7669648cc18823323e5/ru/000243	ru	0	моя тетя купала кота поместив его в авоську.
textdetox@01907546324b0330d2d8b7669648cc18823323e5/ru/000244	ru	0	девочки,прокопьевск.кто- нибудь получил сегодня?
textdetox@01907546324b0330d2d8b7669648cc18823323e5/ru/000245	ru	0	постепенно этот культ пьянства уйдет .
textdetox@01907546324b0330d2d8b7669648cc18823323e5/ru/000246	ru	0	про международный женский день 8 марта, а по старому 23 февраля отмечают только в 2ух странах в китае и россии.
textdetox@01907546324b0330d2d8b7669648cc18823323e5/ru/000247	ru	0	галина вы правильно все поняли, раньше этим занималась предприятие птс и со руководитель был шестов.
textdetox@01907546324b0330d2d8b7669648cc18823323e5/ru/000248	ru	0	а сейчас хотят только деньги сорвать
textdetox@01907546324b0330d2d8b7669648cc18823323e5/ru/000249	ru	0	поздравляем михаила андреевича и тамару георгиевну с 49 летней годовщиной свадьбы!
textdetox@01907546324b0330d2d8b7669648cc18823323e5/ru/000250	ru	0	самодельный, а у наших инженеров не хватает.а если хватит,то цену до обломков поднимут.
textdetox@01907546324b0330d2d8b7669648cc18823323e5/ru/000251	ru	0	а сегодня салуянов сказал, что россия предоставила кредит таджикистану под 1 % годовых, вот так!
textdetox@01907546324b0330d2d8b7669648cc18823323e5/ru/000252	ru	0	круг получился меньше))) а так хорошо утром пройтись.
textdetox@01907546324b0330d2d8b7669648cc18823323e5/ru/000253	ru	0	воздух свежий, птички поют, ароматы цветов отовсюду.
textdetox@01907546324b0330d2d8b7669648cc18823323e5/ru/000254	ru	0	детей в школу собирать надо тоже деньги
textdetox@01907546324b0330d2d8b7669648cc18823323e5/ru/000255	ru	0	мой папа работал на драге в1962 году васильев петр кузьмич
textdetox@01907546324b0330d2d8b7669648cc18823323e5/ru/000256	ru	0	моя лапонька!пусть дяде станет стыдно.
textdetox@01907546324b0330d2d8b7669648cc18823323e5/ru/000257	ru	0	я советую тебе купить айфон 20 и 30 про макс
textdetox@01907546324b0330d2d8b7669648cc18823323e5/ru/000258	ru	0	выражаю искреннее соболезнование семье и матери.очень скорблю:(
textdetox@01907546324b0330d2d8b7669648cc18823323e5/ru/000259	ru	0	в 71 год предьявить изнасилование - круто... каждый мужик в душе наверно немного завидует.
textdetox@01907546324b0330d2d8b7669648cc18823323e5/ru/000260	ru	0	многие уже и по согласию в таком возрасте не рискнут... а тут такое!
textdetox@01907546324b0330d2d8b7669648cc18823323e5/ru/000261	ru	0	и америка ещё возмущена протестами своих темнокожих граждан????
textdetox@01907546324b0330d2d8b7669648cc18823323e5/ru/000262	ru	0	здраствуйте меня тоже добавьте 89244740737
textdetox@01907546324b0330d2d8b7669648cc18823323e5/ru/000263	ru	0	в прошлом году делала все по рецепту, только без чеснока.
textdetox@01907546324b0330d2d8b7669648cc18823323e5/ru/000264	ru	0	добавляю виноградные листы и дольки яблок, вообще песня!!
textdetox@01907546324b0330d2d8b7669648cc18823323e5/ru/000265	ru	0	как красиво связано, а сама очаровательная и нежная такая.
textdetox@01907546324b0330d2d8b7669648cc18823323e5/ru/000266	ru	0	и зачем такое показывать, что бы тебя возненавидели, совершил подвиг.
textdetox@01907546324b0330d2d8b7669648cc18823323e5/ru/000267	ru	0	5-10 минут посиди возле врача на стуле, успокойся и всё будет окей.
textdetox@01907546324b0330d2d8b7669648cc18823323e5/ru/000268	ru	0	а то прибежал и сходу пройти тяжело: напрыгался вокруг авто.
textdetox@01907546324b0330d2d8b7669648cc18823323e5/ru/000269	ru	0	опыт на выпуске в транспортном цехе и в полевых условиях механиком
textdetox@01907546324b0330d2d8b7669648cc18823323e5/ru/000270	ru	0	здравствуйте, подскажите пож.имеет ли ценность фарфоровая фигурка собачки?
textdetox@01907546324b0330d2d8b7669648cc18823323e5/ru/000271	ru	0	около хвостика выдавлены цифры 66 и точка
textdetox@01907546324b0330d2d8b7669648cc18823323e5/ru/000272	ru	0	зачетная дама, для такой и лайка не жалко😏
textdetox@01907546324b0330d2d8b7669648cc18823323e5/ru/000273	ru	0	твои стихи созвучны моей душе... умница!
textdetox@01907546324b0330d2d8b7669648cc18823323e5/ru/000274	ru	0	они осень быстро растут и попадают в ипотеку!
textdetox@01907546324b0330d2d8b7669648cc18823323e5/ru/000275	ru	0	у меня было две штуки: простая для повседневной носки и шелковая для праздников и торжественных мероприятий
textdetox@01907546324b0330d2d8b7669648cc18823323e5/ru/000276	ru	0	а кроме детей больше деньги никому не нужны?
textdetox@01907546324b0330d2d8b7669648cc18823323e5/ru/000277	ru	0	ну если срок ещё не кончился, почему залежалое?
textdetox@01907546324b0330d2d8b7669648cc18823323e5/ru/000278	ru	0	здравствуй денис мне сегодня приснился сон железная дорога я по ней проходила и поезд ехал вдалеке медленно и ещё я покупала огурцы к чему снится этот сон спасибо за ответ
textdetox@01907546324b0330d2d8b7669648cc18823323e5/ru/000279	ru	0	зачем писать о своей страничке, если там ничего нет?!
textdetox@01907546324b0330d2d8b7669648cc18823323e5/ru/000280	ru	0	родители остаются на обочине жизни детей
textdetox@01907546324b0330d2d8b7669648cc18823323e5/ru/000281	ru	0	надо листать фото с последних до первых и вы увидите итог.
textdetox@01907546324b0330d2d8b7669648cc18823323e5/ru/000282	ru	0	лена, я чаще всего тоже так фильмы смотрю-рукодельничаю, глажу...
textdetox@01907546324b0330d2d8b7669648cc18823323e5/ru/000283	ru	0	пока готовится мясо,и капу-устка сойдет:)
textdetox@01907546324b0330d2d8b7669648cc18823323e5/ru/000284	ru	0	такой вещи простой в хозяйстве не оказалось!
textdetox@01907546324b0330d2d8b7669648cc18823323e5/ru/000285	ru	0	сильная женщина может быть успешной в жизни и при этом быть прекрасной хранительныцей домашнего уюта, очага.
textdetox@01907546324b0330d2d8b7669648cc18823323e5/ru/000286	ru	0	спасибо участницам онлайн - выставки за прекрасные работы о лете!
textdetox@01907546324b0330d2d8b7669648cc18823323e5/ru/000287	ru	0	увы, это не всегда кризис среднего возраста, у меня была такая ж ситуация, нашли силы решили эту проблему но в конце концов забрала дочь и вещи и ушла.
textdetox@01907546324b0330d2d8b7669648cc18823323e5/ru/000288	ru	0	оплатил александр николаевич с 428 руб передать в новопавловск
textdetox@01907546324b0330d2d8b7669648cc18823323e5/ru/000289	ru	0	ну вот понимаете...диски класс ,но вылет ет не подкорректирован ...зад норм перед ...увы
textdetox@01907546324b0330d2d8b7669648cc18823323e5/ru/000290	ru	0	видать, уже заканчивается у лехаима, но есть и другие источники оплаты подставных хабаровчан.
textdetox@01907546324b0330d2d8b7669648cc18823323e5/ru/000291	ru	0	всем доброго дня и приятной игры, добавляйтесь в друзья
textdetox@01907546324b0330d2d8b7669648cc18823323e5/ru/000292	ru	0	всюду знакомые милые лица, голубоглазые в большинстве.
textdetox@01907546324b0330d2d8b7669648cc18823323e5/ru/000293	ru	0	💋🌹🥰😘😘💐 с днем рождения бабуля здоровье тебе🌹🌹🌹🌹💕💞🌹🌹💕💞🎂🎂🎂🎂🎂🎂🎂🎂🎂🎂🎂
textdetox@01907546324b0330d2d8b7669648cc18823323e5/ru/000294	ru	0	сухого корма всего один пакет 800 гр.
textdetox@01907546324b0330d2d8b7669648cc18823323e5/ru/000295	ru	0	к сожалению в кошатник срочно необходимо было закупить лекарство юнидокс.
textdetox@01907546324b0330d2d8b7669648cc18823323e5/ru/000296	ru	0	сегодня срочно отправляю первую партию помощи.
textdetox@01907546324b0330d2d8b7669648cc18823323e5/ru/000297	ru	0	в точность тестов не верите, а в точности иммуноглобулинов, выходит, уверены ?)
textdetox@01907546324b0330d2d8b7669648cc18823323e5/ru/000298	ru	0	у них электроника главное, а нам бы потискать, погладить, поговорить с котиком...
textdetox@01907546324b0330d2d8b7669648cc18823323e5/ru/000299	ru	0	где можно приобрести такого кота и сколько стоит
textdetox@01907546324b0330d2d8b7669648cc18823323e5/ru/000300	ru	0	в белорусии этого не произойдет, можете быть спокойны
textdetox@01907546324b0330d2d8b7669648cc18823323e5/ru/000301	ru	0	очень люблю эту розу,радует каждый год своим цветением
textdetox@01907546324b0330d2d8b7669648cc18823323e5/ru/000302	ru	0	это такое точное высказывание, соответствует полностью действительности в настоящее время 👍👍👍
textdetox@01907546324b0330d2d8b7669648cc18823323e5/ru/000303	ru	0	сейчас сам гараж потерял свою значимость.
textdetox@01907546324b0330d2d8b7669648cc18823323e5/ru/000304	ru	0	весь ремонт сводится максим накачать колесо машины.
textdetox@01907546324b0330d2d8b7669648cc18823323e5/ru/000305	ru	0	очееь бестактно сказал про даниила, это неприлично делать такие заявления.пока у него нет результатов никаких, чтобы делать такие заявления.
textdetox@01907546324b0330d2d8b7669648cc18823323e5/ru/000306	ru	0	да и на джуме ещё дешевле... не говоря про пандао и алик.
textdetox@01907546324b0330d2d8b7669648cc18823323e5/ru/000307	ru	0	высоцкого, как могут быть лучшие песни?
textdetox@01907546324b0330d2d8b7669648cc18823323e5/ru/000308	ru	0	жалко,что женское воспитание одного единственного сына приводит к таким результатам.
textdetox@01907546324b0330d2d8b7669648cc18823323e5/ru/000309	ru	0	мама решит ,мама сделает, а потом тоже самое жена должна.а должна ли?
textdetox@01907546324b0330d2d8b7669648cc18823323e5/ru/000310	ru	0	умный, красивый, талантливый актёр и прекрасный человек, таких настоящих актёров мало
textdetox@01907546324b0330d2d8b7669648cc18823323e5/ru/000311	ru	0	нее девоньки ,у нас в кемеровской области в чете чет по серенькому....
textdetox@01907546324b0330d2d8b7669648cc18823323e5/ru/000312	ru	0	по определению никто из нас несможет купить,нас или завалят или посадят.
textdetox@01907546324b0330d2d8b7669648cc18823323e5/ru/000313	ru	0	знакомые летят с камчатки до новосибирска 4 августа.
textdetox@01907546324b0330d2d8b7669648cc18823323e5/ru/000314	ru	0	пусть ваша дружба будет вам в помощь!
textdetox@01907546324b0330d2d8b7669648cc18823323e5/ru/000315	ru	0	спасибо, была в почаеве на субботней службе, когда опускается икона к мирянам.
textdetox@01907546324b0330d2d8b7669648cc18823323e5/ru/000316	ru	0	а как же витамин с, который погибает при высокой температуре!
textdetox@01907546324b0330d2d8b7669648cc18823323e5/ru/000317	ru	0	хорошая собачка,дала хороший пример для человека
textdetox@01907546324b0330d2d8b7669648cc18823323e5/ru/000318	ru	0	интересно, кто против кого будет вести эту будущую биологическую войну?
textdetox@01907546324b0330d2d8b7669648cc18823323e5/ru/000319	ru	0	участвуют все континенты: америка, европа, китай, азия.
textdetox@01907546324b0330d2d8b7669648cc18823323e5/ru/000320	ru	0	мы желаем счастья вам, счастья в этом мире большом!
textdetox@01907546324b0330d2d8b7669648cc18823323e5/ru/000321	ru	0	мы желаем счастья вам, и оно должно быть таким, когда ты счастлив сам, счастьем поделись с другим!
textdetox@01907546324b0330d2d8b7669648cc18823323e5/ru/000322	ru	0	всё равно мне не понять... потому что был там один раз случайно...
textdetox@01907546324b0330d2d8b7669648cc18823323e5/ru/000323	ru	0	пропускаю редко,очень редко, особенно последние три года.
textdetox@01907546324b0330d2d8b7669648cc18823323e5/ru/000324	ru	0	хожу на службы с радостью и чем чаще тем лучше на душе.
textdetox@01907546324b0330d2d8b7669648cc18823323e5/ru/000325	ru	0	так вот пришла к выводу люди не ходят в храмы по двум причинам.
textdetox@01907546324b0330d2d8b7669648cc18823323e5/ru/000326	ru	0	при отсутствии веры и страха божиего, и по лени-это второе.
textdetox@01907546324b0330d2d8b7669648cc18823323e5/ru/000327	ru	0	зато со временем вам откроется такое ни с чем не сравненное чувство радости.
textdetox@01907546324b0330d2d8b7669648cc18823323e5/ru/000328	ru	0	вернут сейчас в половине сел фельдшеров даже нет
textdetox@01907546324b0330d2d8b7669648cc18823323e5/ru/000329	ru	0	да, чтоб это средство принять надо такое мужество иметь.
textdetox@01907546324b0330d2d8b7669648cc18823323e5/ru/000330	ru	0	в те времена эти сандалики были все из натуральной кожи и стоили очень дешево
textdetox@01907546324b0330d2d8b7669648cc18823323e5/ru/000331	ru	0	здравствуйте, а пораньше выехать можете?89236545627
textdetox@01907546324b0330d2d8b7669648cc18823323e5/ru/000332	ru	0	как моя бабушка говорила - пусть руки не болят никогда, это талант!
textdetox@01907546324b0330d2d8b7669648cc18823323e5/ru/000333	ru	0	и ничего еще не знала про свою будущую жизнь
textdetox@01907546324b0330d2d8b7669648cc18823323e5/ru/000334	ru	0	по закону они дети, если вам встречаются, такие дети, то значит в вращаетесь в таких кругах
textdetox@01907546324b0330d2d8b7669648cc18823323e5/ru/000335	ru	0	щас ведут новых боссов опять все в отшельники подадутся
textdetox@01907546324b0330d2d8b7669648cc18823323e5/ru/000336	ru	0	у меня двигатель на бочке навернулся,так за мкадом вручную редуктор крутил, вылил,но бочку спас.
textdetox@01907546324b0330d2d8b7669648cc18823323e5/ru/000337	ru	0	такую бомбу я делала сыну 40лет назад, он был спорсменом и это была большая поддержка для сердца.
textdetox@01907546324b0330d2d8b7669648cc18823323e5/ru/000338	ru	0	заказывайте просто я вам говорю как у меня было я точно ссылку не помню
textdetox@01907546324b0330d2d8b7669648cc18823323e5/ru/000339	ru	0	собаки,которые долго живут рядом с человеком точно понимают значение слов.
textdetox@01907546324b0330d2d8b7669648cc18823323e5/ru/000340	ru	0	и скажет здравствуйте, - ах, как вы мне должны... я разведу руками только: чем же мне отдавать за столько лет долги?
textdetox@01907546324b0330d2d8b7669648cc18823323e5/ru/000341	ru	0	а красота,здоровье?-время спросит... давайте... вот и будет наш расчёт.
textdetox@01907546324b0330d2d8b7669648cc18823323e5/ru/000342	ru	0	дополните пост реквизитами карты мамы или папы с указанием получателя.
textdetox@01907546324b0330d2d8b7669648cc18823323e5/ru/000343	ru	0	в 1981 году поступали с подружкой в техникум после 8 класса.
textdetox@01907546324b0330d2d8b7669648cc18823323e5/ru/000344	ru	0	средние баллы по свидетельствам о восьмилетке были таковыми: у подруги - 3.62, у меня - 4.12. ржали долго.
textdetox@01907546324b0330d2d8b7669648cc18823323e5/ru/000345	ru	0	отдам зеленое полотенце и повязку на голову
textdetox@01907546324b0330d2d8b7669648cc18823323e5/ru/000346	ru	0	без совести и чести жить легко , но это уже не человеческая жизнь .
textdetox@01907546324b0330d2d8b7669648cc18823323e5/ru/000347	ru	0	одно воспоминание только осталось, хороший был магазин и цены советские, не российские.
textdetox@01907546324b0330d2d8b7669648cc18823323e5/ru/000348	ru	0	и пусть оно будет таким: теплым, солнечным, милым и очень родным.
textdetox@01907546324b0330d2d8b7669648cc18823323e5/ru/000349	ru	0	от него зажигается радость в глазах, и улыбка играет у вас на губах.
textdetox@01907546324b0330d2d8b7669648cc18823323e5/ru/000350	ru	0	кинте пожалуйста ссылку вашей страницы.
textdetox@01907546324b0330d2d8b7669648cc18823323e5/ru/000351	ru	0	для завязи очень хорошо помогает борная кислота плюс подкормка для томатов.
textdetox@01907546324b0330d2d8b7669648cc18823323e5/ru/000352	ru	0	и самое главное ребенок 5 лет... и блин в кайф же🤣
textdetox@01907546324b0330d2d8b7669648cc18823323e5/ru/000353	ru	0	шанель больше на старший возраст подходит
textdetox@01907546324b0330d2d8b7669648cc18823323e5/ru/000354	ru	0	у нас прохладно,хорошо.много дел переделала на улице.опять набрала огурцов.
textdetox@01907546324b0330d2d8b7669648cc18823323e5/ru/000355	ru	0	вяжу, вышиваю,делаю кукол из полимерной глины,рисую
textdetox@01907546324b0330d2d8b7669648cc18823323e5/ru/000356	ru	0	здравствуйте можно цену таких конвертиков
textdetox@01907546324b0330d2d8b7669648cc18823323e5/ru/000357	ru	0	смотришь на этих весёлых гномов и непроизвольно начинаешь улыбаться...
textdetox@01907546324b0330d2d8b7669648cc18823323e5/ru/000358	ru	0	говорить можно много,а что он предложил,что бы улучшить положение в омске?
textdetox@01907546324b0330d2d8b7669648cc18823323e5/ru/000359	ru	0	гончаров ты неправ..тебя наверно обидела советская власть.
textdetox@01907546324b0330d2d8b7669648cc18823323e5/ru/000360	ru	0	это у животных чужих детей не бывает, а у некоторых людей свой ребёнок- чужой.
textdetox@01907546324b0330d2d8b7669648cc18823323e5/ru/000361	ru	0	учитесь люди у друзей наших меньших.
textdetox@01907546324b0330d2d8b7669648cc18823323e5/ru/000362	ru	0	но кто по слабее,безработные,пенсионеры и т.д.они хотят,чтобы развивалась страна,как когда то!
textdetox@01907546324b0330d2d8b7669648cc18823323e5/ru/000363	ru	0	интересно кто-нибудь когда собирает грибы думает о других грибниках?
textdetox@01907546324b0330d2d8b7669648cc18823323e5/ru/000364	ru	0	у них цель не в мерседес превратиться, а выудить владельца этого мерса
textdetox@01907546324b0330d2d8b7669648cc18823323e5/ru/000365	ru	0	даже готовы женщину на камаз посадить от своей злости .
textdetox@01907546324b0330d2d8b7669648cc18823323e5/ru/000366	ru	0	у одного моего знакомого живёт такая кошка.
textdetox@01907546324b0330d2d8b7669648cc18823323e5/ru/000367	ru	0	бюллетень выдают на участке, в почтовый ящик— приглашение
textdetox@01907546324b0330d2d8b7669648cc18823323e5/ru/000368	ru	0	татьяна, возврат по одевашке 2, прошу перевести по тел.
textdetox@01907546324b0330d2d8b7669648cc18823323e5/ru/000369	ru	0	вот и я про это...как пир во время чумы...зачем открывать театры,концертные залы???
textdetox@01907546324b0330d2d8b7669648cc18823323e5/ru/000370	ru	0	иисус христос подсказал, как определить, кто исповедует истинную религию, а кто нет.
textdetox@01907546324b0330d2d8b7669648cc18823323e5/ru/000371	ru	0	«разве с колючих растений собирают виноград или с чертополоха инжир?
textdetox@01907546324b0330d2d8b7669648cc18823323e5/ru/000372	ru	0	— говорил христос.— всякое хорошее дерево приносит хорошие плоды, а гнилое дерево приносит плохие плоды.
textdetox@01907546324b0330d2d8b7669648cc18823323e5/ru/000373	ru	0	хорошее дерево не может приносить плохих плодов, а гнилое дерево не может приносить хороших плодов.
textdetox@01907546324b0330d2d8b7669648cc18823323e5/ru/000374	ru	0	да, служителей истинного бога можно узнать по плодам, или делам.
textdetox@01907546324b0330d2d8b7669648cc18823323e5/ru/000375	ru	0	а в другом регионе твоего отца или мать так же упакуют !
textdetox@01907546324b0330d2d8b7669648cc18823323e5/ru/000376	ru	0	может тогда твоя единственная извилина выпямится и начнет соображать !
textdetox@01907546324b0330d2d8b7669648cc18823323e5/ru/000377	ru	0	5 тыс однокомнатная, ветеран труда, все пособия оформлены, московская область
textdetox@01907546324b0330d2d8b7669648cc18823323e5/ru/000378	ru	0	да,кстати у меня на этой санто тоже концевик мудрил.
textdetox@01907546324b0330d2d8b7669648cc18823323e5/ru/000379	ru	0	пусть будет вам хорошим сторожем надеюсь он будет служить вам верой и правдой и принесёт пользу
textdetox@01907546324b0330d2d8b7669648cc18823323e5/ru/000380	ru	0	была здесь 20 марта, город не узнать.
textdetox@01907546324b0330d2d8b7669648cc18823323e5/ru/000381	ru	0	группа новая нормальная есть, с живым админом.
textdetox@01907546324b0330d2d8b7669648cc18823323e5/ru/000382	ru	0	спасибо, интересует только старая станица.
textdetox@01907546324b0330d2d8b7669648cc18823323e5/ru/000383	ru	0	100 рублей в поддержку совхоза, грудинина, детей, уникального предприятия , нашей надежды, справедливости это та сумма, о которой месяц нужно рассуждать.
textdetox@01907546324b0330d2d8b7669648cc18823323e5/ru/000384	ru	0	мы так бедны материально или духовно или нас все устраивает и мы уверены, что грудинин такой плохой, он создал такой плохой совхоз и должен быть наказан согласно решениям самого справедливого суда.
textdetox@01907546324b0330d2d8b7669648cc18823323e5/ru/000385	ru	0	а чубайс, гайдар и другие ущерба никому не нанесли, предприятия не ликвидировали, люди работу не теряли.
textdetox@01907546324b0330d2d8b7669648cc18823323e5/ru/000386	ru	0	совхоз работает и просит просто ему не мешать.
textdetox@01907546324b0330d2d8b7669648cc18823323e5/ru/000387	ru	0	чтобы работать, люди совхоза попросили помочь материально для исполнения абсурдного решения суда.
textdetox@01907546324b0330d2d8b7669648cc18823323e5/ru/000388	ru	0	руки прочь от грудинина, руки прочь от совхоза.
textdetox@01907546324b0330d2d8b7669648cc18823323e5/ru/000389	ru	0	лучше б вообще не умничали и не злили друг друга.это б было вообще классно.
textdetox@01907546324b0330d2d8b7669648cc18823323e5/ru/000390	ru	0	привет , дайте пожалуйста номер телефона - соц защиты в калужской области горячей линии!
textdetox@01907546324b0330d2d8b7669648cc18823323e5/ru/000391	ru	0	но как живут в китае, нам и не снилось.. -разговаривал на пляже с мужчиной -инженером, создателем самолётов с дальнего востока, переехавшего в краснодар, и приезжающего на лето (на пенсии!)
textdetox@01907546324b0330d2d8b7669648cc18823323e5/ru/000392	ru	0	я очень уважаю всех железнодорожников,потому, что у них не только дорога железная, но и нервы,здоровье,семьи.счастья и успехов всеми и работы без проблем.
textdetox@01907546324b0330d2d8b7669648cc18823323e5/ru/000393	ru	0	пока он у руля, мы можем спать спокойно.
textdetox@01907546324b0330d2d8b7669648cc18823323e5/ru/000394	ru	0	столько времени там было всё в порядке, и ковидобесную истерию не раздували в отличие от нас, и вдруг лукашенко резко стал плохой.
textdetox@01907546324b0330d2d8b7669648cc18823323e5/ru/000395	ru	0	ищу соседей играющих каждый день и знающих фильт бесплаток, имеются торга, добавляю только с пометкой играем вместе,без пометки не приму даже
textdetox@01907546324b0330d2d8b7669648cc18823323e5/ru/000396	ru	0	у меня у одной в голове сразу: арабская нооочь...
textdetox@01907546324b0330d2d8b7669648cc18823323e5/ru/000397	ru	0	это потом расслабляются ,становятся неповоротливыми и толстыми.
textdetox@01907546324b0330d2d8b7669648cc18823323e5/ru/000398	ru	0	а я на даче ставлю около входа в домик обувь 46 размера как будто не одна на даче!!
textdetox@01907546324b0330d2d8b7669648cc18823323e5/ru/000399	ru	0	сми пишут неправду, хотя есть видео-правда , получают за это большие деньги.
textdetox@01907546324b0330d2d8b7669648cc18823323e5/ru/000400	ru	0	не верю про хаматову, возглавившую благотворительный фонд.
textdetox@01907546324b0330d2d8b7669648cc18823323e5/ru/000401	ru	0	она талант, её часто приглашают на съёмки, денег хватает, не будет она худруком.
textdetox@01907546324b0330d2d8b7669648cc18823323e5/ru/000402	ru	0	техподдержка!наведите порядок .уже второй раз не могу пройти бонус на 30 звёзд.поле пустое-но спустя определённое время пишут-вы не прошли-повторите.теперь только через 4 часа.верните бонус сейчас
textdetox@01907546324b0330d2d8b7669648cc18823323e5/ru/000403	ru	0	какие полоски наносить на свою машину не стоит?
textdetox@01907546324b0330d2d8b7669648cc18823323e5/ru/000404	ru	0	к таковым относятся полосы на спецтранспорте:полициипожарныхаварийной газовой службыскорой медицинской помощи
textdetox@01907546324b0330d2d8b7669648cc18823323e5/ru/000405	ru	0	не кажется, а на самом деле люди в ссср были добрее.
textdetox@01907546324b0330d2d8b7669648cc18823323e5/ru/000406	ru	0	какая грубиянка... правда- это одно, а оскорбление- совсем другое...
textdetox@01907546324b0330d2d8b7669648cc18823323e5/ru/000407	ru	0	человек старался показала нам работу .скрасиво.
textdetox@01907546324b0330d2d8b7669648cc18823323e5/ru/000408	ru	0	может кто-то глядя на эту красивую работу захочет своими руками для себя вышить.
textdetox@01907546324b0330d2d8b7669648cc18823323e5/ru/000409	ru	0	здраствуйте, если не отдали,можно мы заберём??
textdetox@01907546324b0330d2d8b7669648cc18823323e5/ru/000410	ru	0	беларусь этим действием определит с кем она пойдет в светлое и сытное завтра.
textdetox@01907546324b0330d2d8b7669648cc18823323e5/ru/000411	ru	0	там в акаунте справа должны быть три точки.
textdetox@01907546324b0330d2d8b7669648cc18823323e5/ru/000412	ru	0	если на них нажать, что в выскочившем списке можно выбрать пожаловаться.
textdetox@01907546324b0330d2d8b7669648cc18823323e5/ru/000413	ru	0	именно этих фото я там не нашла, убрали уже, очевидно.
textdetox@01907546324b0330d2d8b7669648cc18823323e5/ru/000414	ru	0	какой талант у человека.можно только позавидовать.
textdetox@01907546324b0330d2d8b7669648cc18823323e5/ru/000415	ru	0	этим трюком пользовался .. и не без успешно ,наш стаr - чарльз чаплин.
textdetox@01907546324b0330d2d8b7669648cc18823323e5/ru/000416	ru	0	ростовская обл, не укрываю, не поливаю, цветёт каждый год и размножается юкка нитчатая
textdetox@01907546324b0330d2d8b7669648cc18823323e5/ru/000417	ru	0	с прогулки в горах меня проводила до дома и в щелку ворот за мною шмыгнула следом луна, совсем расшалившись!..
textdetox@01907546324b0330d2d8b7669648cc18823323e5/ru/000418	ru	0	очень вкусно попробовала на дня сам прям пальчики оближешь
textdetox@01907546324b0330d2d8b7669648cc18823323e5/ru/000419	ru	0	это точно отключают свет на целый день, жара полива нет утром в поливные дни, бабульки едут на автобусе, а света нет, понятно работа, но а людях тоже надо думать.
textdetox@01907546324b0330d2d8b7669648cc18823323e5/ru/000420	ru	0	на фб глянула , она скрывает фото , но прочла комменты под экраном профиля с красными шариками
textdetox@01907546324b0330d2d8b7669648cc18823323e5/ru/000421	ru	0	если человек заходит в магазин (любое учреждение) без маски, ему обязаны её выдать.
textdetox@01907546324b0330d2d8b7669648cc18823323e5/ru/000422	ru	0	благодарю надежда, очень интересная информация и главное необходимая сейчас.
textdetox@01907546324b0330d2d8b7669648cc18823323e5/ru/000423	ru	0	в районе год-два.а кличка какая у вашего?
textdetox@01907546324b0330d2d8b7669648cc18823323e5/ru/000424	ru	0	выглядит аппетитно !дай рецепт и я тоже испеку.
textdetox@01907546324b0330d2d8b7669648cc18823323e5/ru/000425	ru	0	было бы мощное желание, а оно со временем исполнится и никогда не пожалеет о прекрасном
textdetox@01907546324b0330d2d8b7669648cc18823323e5/ru/000426	ru	0	если бы в россии были молодежные стройки, нулевые кредиты для открытия бизнеса молодым, мальчишки бы сейчас не прятали глаза, а трудились на благо семьи и родины.
textdetox@01907546324b0330d2d8b7669648cc18823323e5/ru/000427	ru	0	мальчишки все понимают, но пока чаша терпения еще не переполнилась.
textdetox@01907546324b0330d2d8b7669648cc18823323e5/ru/000428	ru	0	нового еще ни чего не придумала все думает кого то удивить своим шпагатом
textdetox@01907546324b0330d2d8b7669648cc18823323e5/ru/000429	ru	0	остольное на ваш вкус замените фон и можно несколько слов от себя добавить!
textdetox@01907546324b0330d2d8b7669648cc18823323e5/ru/000430	ru	0	чесночная настойка принимается раз в пять лет, она хорошо чистит сосуды головного мозга.
textdetox@01907546324b0330d2d8b7669648cc18823323e5/ru/000431	ru	0	тибетская настойка, улучшает общий тонус организма.
textdetox@01907546324b0330d2d8b7669648cc18823323e5/ru/000432	ru	0	нет таких людей как животные и учится бесполезно главное в наше время деньги и животных я люблю больше чем некоторых людей!
textdetox@01907546324b0330d2d8b7669648cc18823323e5/ru/000433	ru	0	мот под стант стоит собрать не мало,ну и научится)))
textdetox@01907546324b0330d2d8b7669648cc18823323e5/ru/000434	ru	0	коля живёт также в кустанае, все нормально.
textdetox@01907546324b0330d2d8b7669648cc18823323e5/ru/000435	ru	0	вот это настоящие герои, на таких и земля держиться.
textdetox@01907546324b0330d2d8b7669648cc18823323e5/ru/000436	ru	0	размер 14, цвет темно синий в горох
textdetox@01907546324b0330d2d8b7669648cc18823323e5/ru/000437	ru	0	миленький сыночек , счастья тебе и здоровья и всех благ в жизни !
textdetox@01907546324b0330d2d8b7669648cc18823323e5/ru/000438	ru	0	возьми новые поправки и почитай ,а ещё лучше посмотри видео ,где дума утверждала эти все поправки перед голосованием ,а потом делай выводы.
textdetox@01907546324b0330d2d8b7669648cc18823323e5/ru/000439	ru	0	даже когда духи закончились, коробочка еще год пахла, я ее поэтому и не выбрасывала.
textdetox@01907546324b0330d2d8b7669648cc18823323e5/ru/000440	ru	0	фото можно посмотреть на моей странице в альбоме кампанулы.
textdetox@01907546324b0330d2d8b7669648cc18823323e5/ru/000441	ru	0	не сложно, а вот играть заставить летом посложнее.
textdetox@01907546324b0330d2d8b7669648cc18823323e5/ru/000442	ru	0	каждый день без воды город живет, а на дворе 21 век, нанотехнологии ...
textdetox@01907546324b0330d2d8b7669648cc18823323e5/ru/000443	ru	0	здравствуйте в какую цену пух чесаный и где живете
textdetox@01907546324b0330d2d8b7669648cc18823323e5/ru/000444	ru	0	помогите разобраться с зеркальными звездами,все горят.
textdetox@01907546324b0330d2d8b7669648cc18823323e5/ru/000445	ru	0	я делала, очень вкусное пюре получается.
textdetox@01907546324b0330d2d8b7669648cc18823323e5/ru/000446	ru	0	ты уже взрослый парень, ты мужественный, не падай духом!!!
textdetox@01907546324b0330d2d8b7669648cc18823323e5/ru/000447	ru	0	красиво, вкусно это высший класс кулинарии.
textdetox@01907546324b0330d2d8b7669648cc18823323e5/ru/000448	ru	0	да,нам это скоро ,с самого утра обещают!теперь уже только в пять или шесть вечера,но мы это уже проходили.лучше бы уж ничего не обещали.
textdetox@01907546324b0330d2d8b7669648cc18823323e5/ru/000449	ru	0	бывают иногда такие интересные фото,добрые лица, но увидишь такую надпись и ставить лайк уже не хочется, как милостыню выпрашивают...
textdetox@01907546324b0330d2d8b7669648cc18823323e5/ru/000450	ru	0	да, я наверно читал о дипломатических контактах между ссср и японией, но честно говоря не помню - какие именно предложения японцы делали ссср.
textdetox@01907546324b0330d2d8b7669648cc18823323e5/ru/000451	ru	0	но я вам приведу цитату слов сказанных японским премьер - министром 9 августа 1945 года.
textdetox@01907546324b0330d2d8b7669648cc18823323e5/ru/000452	ru	0	а заречкой какая дорога, тоже стиральная доска.
textdetox@01907546324b0330d2d8b7669648cc18823323e5/ru/000453	ru	0	возле пекарни в дождь нельзя ни проехать, ни пройти.
textdetox@01907546324b0330d2d8b7669648cc18823323e5/ru/000454	ru	0	один ужас глина с дороги плывёт прямо под ворота.
textdetox@01907546324b0330d2d8b7669648cc18823323e5/ru/000455	ru	0	а по поводу влияния ультрафиолета на вирус это все грамотные знают.
textdetox@01907546324b0330d2d8b7669648cc18823323e5/ru/000456	ru	0	насчёт больных в больницах, так не надо в поликлиники ходить тем, кто простудился под сплитом, там же и наградят заразой.
textdetox@01907546324b0330d2d8b7669648cc18823323e5/ru/000457	ru	0	вы раньше много слышали про то, чтобы с орви и бронхитом в больницу клали?
textdetox@01907546324b0330d2d8b7669648cc18823323e5/ru/000458	ru	0	да мы дома тихонько лечились и к врачам не ходили.
textdetox@01907546324b0330d2d8b7669648cc18823323e5/ru/000459	ru	0	а теперь заразы боятся, но прутся за ней туда... берегите лёгкие, кушайте натуральные животные жиры, на солнышке витамин d получайте.
textdetox@01907546324b0330d2d8b7669648cc18823323e5/ru/000460	ru	0	ведь все наши знакомые продавцы, кассиры, сотрудники банков, кондукторы, которые контачат ежедневно с тысячами людей, не просто живы, но и здоровы.
textdetox@01907546324b0330d2d8b7669648cc18823323e5/ru/000461	ru	0	солдаты нато решают совершенно другую задачу.
textdetox@01907546324b0330d2d8b7669648cc18823323e5/ru/000462	ru	0	ее содержание заключается в защите стран входящих в этот блок от агрессивной россии.
textdetox@01907546324b0330d2d8b7669648cc18823323e5/ru/000463	ru	0	илюш с днем рождения рости хорошим достойным
textdetox@01907546324b0330d2d8b7669648cc18823323e5/ru/000464	ru	0	если не изменяет память,то такой фред аргоси один единственный,сделан полностью на заказ.
textdetox@01907546324b0330d2d8b7669648cc18823323e5/ru/000465	ru	0	внутри полноценный санузел,джакузи,две спальни,весь салон белой кожей отделан.
textdetox@01907546324b0330d2d8b7669648cc18823323e5/ru/000466	ru	0	в общем бабла немерено вбухано туда😊😊вроде они даже работают,ездят где то))
textdetox@01907546324b0330d2d8b7669648cc18823323e5/ru/000467	ru	0	молодцы ребята,защищайте нашу родину!!
textdetox@01907546324b0330d2d8b7669648cc18823323e5/ru/000468	ru	0	очень необычный храм, красивый, роспись необычная, там есть иконы плетеные из верёвочк, в последний раз, когда там была, их было 4
textdetox@01907546324b0330d2d8b7669648cc18823323e5/ru/000469	ru	0	сходите к психологу одна, расскажите ситуацию как есть, он подскажет как лучше поступить
textdetox@01907546324b0330d2d8b7669648cc18823323e5/ru/000470	ru	0	да, очень обидно, проработав всю жизнь приходится влачить жалкое существование
textdetox@01907546324b0330d2d8b7669648cc18823323e5/ru/000471	ru	0	сейчас окажется, что за рулём машины ефремова был водитель.
textdetox@01907546324b0330d2d8b7669648cc18823323e5/ru/000472	ru	0	какие алименты,если ябаров им никто по документам
textdetox@01907546324b0330d2d8b7669648cc18823323e5/ru/000473	ru	0	ну да только через 5 дней если не спрячет
textdetox@01907546324b0330d2d8b7669648cc18823323e5/ru/000474	ru	0	как можно было брать собаку не познакомившись с ней?
textdetox@01907546324b0330d2d8b7669648cc18823323e5/ru/000475	ru	0	собака испытывает стресс, плюс агрессия, если он сорвется это будет катастрофа.
textdetox@01907546324b0330d2d8b7669648cc18823323e5/ru/000476	ru	0	дай бог что бы она к вам привыкла и не дай бог таких неблагоразумных хозяев другим собакам!
textdetox@01907546324b0330d2d8b7669648cc18823323e5/ru/000477	ru	0	интересно, сколько машин получил волочек?
textdetox@01907546324b0330d2d8b7669648cc18823323e5/ru/000478	ru	0	класс можно было бы и предложить такую прекрасную картинку в группу для всех пользователей
textdetox@01907546324b0330d2d8b7669648cc18823323e5/ru/000479	ru	0	дети, это ощущение тепла остаётся на всю жизнь
textdetox@01907546324b0330d2d8b7669648cc18823323e5/ru/000480	ru	0	лично мне пенсионерке жалко что много молодежи бедствует.
textdetox@01907546324b0330d2d8b7669648cc18823323e5/ru/000481	ru	0	а сейчас жуткий кризис, так что всем не легко.
textdetox@01907546324b0330d2d8b7669648cc18823323e5/ru/000482	ru	0	давай побухаем и ещё в шарики воздушные поиграем..
textdetox@01907546324b0330d2d8b7669648cc18823323e5/ru/000483	ru	0	слушайте, 188 раз выставлять этого маляра - перебор.
textdetox@01907546324b0330d2d8b7669648cc18823323e5/ru/000484	ru	0	китайские палочки для крупных кусков мяса!!
textdetox@01907546324b0330d2d8b7669648cc18823323e5/ru/000485	ru	0	диван вообще ни к чему, места мало да и кто будет сидеть на нём?
textdetox@01907546324b0330d2d8b7669648cc18823323e5/ru/000486	ru	0	а ,что нынешние великие и даже сытые раскаялись в своих грехах и ушли жить в пустыню?
textdetox@01907546324b0330d2d8b7669648cc18823323e5/ru/000487	ru	0	я же ребенком была, даже не пробовала, только слово вермут помню.
textdetox@01907546324b0330d2d8b7669648cc18823323e5/ru/000488	ru	0	на такое количество яиц , берется стакан муки полный а не 150 гр , 4 яйца и 150 гр муки я ещё могу понять.
textdetox@01907546324b0330d2d8b7669648cc18823323e5/ru/000489	ru	0	не вводите людей в заблуждение 1 час и будут угли , выпекается от силы 4 яйца 25 мин.
textdetox@01907546324b0330d2d8b7669648cc18823323e5/ru/000490	ru	0	1 час выпекается пирог зебра, так как там много ингредиентов, а то и 50 минут.
textdetox@01907546324b0330d2d8b7669648cc18823323e5/ru/000491	ru	0	у вашей подруги плохая выпечка, раз даёт такие советы.
textdetox@01907546324b0330d2d8b7669648cc18823323e5/ru/000492	ru	0	админ, не вводите людей в заблуждение, это кадры из сериала глухарь.
textdetox@01907546324b0330d2d8b7669648cc18823323e5/ru/000493	ru	0	это актриса людмила гаврилова исполнявшая роль мамы в этом сериале...
textdetox@01907546324b0330d2d8b7669648cc18823323e5/ru/000494	ru	0	полиция переобулась, хозяин появился,команда фас прозвучала
textdetox@01907546324b0330d2d8b7669648cc18823323e5/ru/000495	ru	0	коломина доча туда бы попала чтоб мост быстрей сделали
textdetox@01907546324b0330d2d8b7669648cc18823323e5/ru/000496	ru	0	и сложно найти что-то понравившееся ранее.
textdetox@01907546324b0330d2d8b7669648cc18823323e5/ru/000497	ru	0	вымышленный персонаж депутат виталий наливкин около года участвует шуточных роликах.
textdetox@01907546324b0330d2d8b7669648cc18823323e5/ru/000498	ru	0	в них он боролся с лесными пожарами, вонью от канализации, коронавирусом и участвовал в разоблачении коррумпированного полковника мвд.
textdetox@01907546324b0330d2d8b7669648cc18823323e5/ru/000499	ru	0	после выходы последнего сюжета актёра, играющего наливкина, стала разыскивать полиция.
textdetox@01907546324b0330d2d8b7669648cc18823323e5/ru/000500	ru	0	позже его арестовали на пять суток за хулиганство.
textdetox@01907546324b0330d2d8b7669648cc18823323e5/ru/000501	ru	0	никто к тебе в друзья не тулица.это ты всё время набиваешся;послушайте моё мнение я пушкин,я правильно излагаю.
textdetox@01907546324b0330d2d8b7669648cc18823323e5/ru/000502	ru	0	просто слов нет...прелестно,добро,с прекрасным чувством юмора.спасибо!
textdetox@01907546324b0330d2d8b7669648cc18823323e5/ru/000503	ru	0	вы родители, вы и предлагайте!хотите здорового и живого ребёнка на дистанционку, нет, тогда в одну смену и без масок!
textdetox@01907546324b0330d2d8b7669648cc18823323e5/ru/000504	ru	0	все должны заботится и воспитывать ваших детей ,кроме вас!
textdetox@01907546324b0330d2d8b7669648cc18823323e5/ru/000505	ru	0	я с вами согластна со всеми кто коментирывал это чудо, добавить нечего.
textdetox@01907546324b0330d2d8b7669648cc18823323e5/ru/000506	ru	0	никакого сходства не вижу...вот родная дочка - копия папы...
textdetox@01907546324b0330d2d8b7669648cc18823323e5/ru/000507	ru	0	я тоже пью такой чай))) только чисто имбирь и лимон)))
textdetox@01907546324b0330d2d8b7669648cc18823323e5/ru/000508	ru	0	не знаю как сейчас,но в 60-е,70-е г арбузы и дыни на рынках точно продавали по весу.даже цены помню.арбузы 10 коп за 1 кг,дыни 15 коп.цены могли быть чуть ниже или выше,в зависимости от спроса.
textdetox@01907546324b0330d2d8b7669648cc18823323e5/ru/000509	ru	0	никогда это время не настанет 🤣 как промывали кости сплетники-так и будут промывать дальше😝
textdetox@01907546324b0330d2d8b7669648cc18823323e5/ru/000510	ru	0	на все праздники родители покупают дорогие подарки для учителя а тут нет не оценит .
textdetox@01907546324b0330d2d8b7669648cc18823323e5/ru/000511	ru	0	и сейчас встречаются, на разные квесты ходят, караоки.
textdetox@01907546324b0330d2d8b7669648cc18823323e5/ru/000512	ru	0	как то старшая их компанию на свою дачу пригласила.
textdetox@01907546324b0330d2d8b7669648cc18823323e5/ru/000513	ru	0	тоже было интересно с молодёжью пообщаться.
textdetox@01907546324b0330d2d8b7669648cc18823323e5/ru/000514	ru	0	так они теперь балдеют, что у иришки мама классная!
textdetox@01907546324b0330d2d8b7669648cc18823323e5/ru/000515	ru	0	с распространением практики поймал, отпусти многое может измениться.
textdetox@01907546324b0330d2d8b7669648cc18823323e5/ru/000516	ru	0	поймал, сделал фото, похвастал и отпустил.
textdetox@01907546324b0330d2d8b7669648cc18823323e5/ru/000517	ru	0	зинаида петровна троицкая — первая в ссср женщина-машинист паровоза.
textdetox@01907546324b0330d2d8b7669648cc18823323e5/ru/000518	ru	0	в дальнейшем - заместитель начальника управления в московском метрополитене.
textdetox@01907546324b0330d2d8b7669648cc18823323e5/ru/000519	ru	0	единственная в ссср/россии женщина, возглавлявшая региональную железную дорогу.
textdetox@01907546324b0330d2d8b7669648cc18823323e5/ru/000520	ru	0	идиотский наряд платок на распродаже рубля за три взяли и босоножки к тёплому костюму смешно и не профессионально
textdetox@01907546324b0330d2d8b7669648cc18823323e5/ru/000521	ru	0	где потерялся ?похожий ходит к нам 3 дня ,новоборское, полосатый ,ласковый, но больше немного
textdetox@01907546324b0330d2d8b7669648cc18823323e5/ru/000522	ru	0	сходите к другому вету... помимо клеща может быть и грибок, и отит... мы тоже лечим... сначала от клеща капали, теперь отит лечим... тоже долго не проходит
textdetox@01907546324b0330d2d8b7669648cc18823323e5/ru/000523	ru	0	возможно бы и рабочие места появились,а сейчас,только вахтовым методом.
textdetox@01907546324b0330d2d8b7669648cc18823323e5/ru/000524	ru	0	последняя демонстрация была 1.08. в берлине.
textdetox@01907546324b0330d2d8b7669648cc18823323e5/ru/000525	ru	0	подскажите где купить билет в россию в ту которая по телевизору
textdetox@01907546324b0330d2d8b7669648cc18823323e5/ru/000526	ru	0	в пятницу 7августа буду проездом в феодосии 2000 привезу
textdetox@01907546324b0330d2d8b7669648cc18823323e5/ru/000527	ru	0	перевела 500 рублей, с пометкой вашим подопечным.
textdetox@01907546324b0330d2d8b7669648cc18823323e5/ru/000528	ru	0	конечно.это вера павловна.был 1972.к сожалению она покинула этот мир.но память о ней будет вечна.
textdetox@01907546324b0330d2d8b7669648cc18823323e5/ru/000529	ru	0	отсюда юмор и остроюмие...рано ушел
textdetox@01907546324b0330d2d8b7669648cc18823323e5/ru/000530	ru	0	все эти рекомендации вполне сомнительные, а вот процесс очистки ячеек память после сдачи универсален и неоспорим.
textdetox@01907546324b0330d2d8b7669648cc18823323e5/ru/000531	ru	0	чб отдельный учебный полк специального назначения фуд спи вдв ссв ч чирчик к с а ппктп никто если не мы то
textdetox@01907546324b0330d2d8b7669648cc18823323e5/ru/000532	ru	0	да же слов нет, меня возможно не все поймут, у меня две дочери разница 19 лет, то что сейчас, это страшно, а вот раньше было все, как положено и стерильно, и врачи квалификацированые, и всё под постоянным наблюдением, а сейчас приписки, для премии?
textdetox@01907546324b0330d2d8b7669648cc18823323e5/ru/000533	ru	0	от варикоза помогает мускатный орех настоенный на спирту.
textdetox@01907546324b0330d2d8b7669648cc18823323e5/ru/000534	ru	0	а мешки с деньгами бесследно пропадут со склада вещ.
textdetox@01907546324b0330d2d8b7669648cc18823323e5/ru/000535	ru	0	можно ли узнать сроки обучения и стоимость?
textdetox@01907546324b0330d2d8b7669648cc18823323e5/ru/000536	ru	0	можем забрать прямо сейчас, за 1000
textdetox@01907546324b0330d2d8b7669648cc18823323e5/ru/000537	ru	0	может девочку возьмёте на горшок ходит приблудилась
textdetox@01907546324b0330d2d8b7669648cc18823323e5/ru/000538	ru	0	какой взгляд у этого парня(((смотрит прямо в душу!
textdetox@01907546324b0330d2d8b7669648cc18823323e5/ru/000539	ru	0	ну видно знает что не его полёта девушка ему только о такой мечтать
textdetox@01907546324b0330d2d8b7669648cc18823323e5/ru/000540	ru	0	спасибо, не зря говорят, в народе: век живи и век учись👍👍👍😄😄😄
textdetox@01907546324b0330d2d8b7669648cc18823323e5/ru/000541	ru	0	в одноклассники яндекс я с одноклассники о поражение те б зв поздравляет ты добыл ценны трофей перемести его запас чтобы он не исче потери потер сеггей от рман с ч нч
textdetox@01907546324b0330d2d8b7669648cc18823323e5/ru/000542	ru	0	значить надо самому высушить курагу, насабирать орехов и т.д.
textdetox@01907546324b0330d2d8b7669648cc18823323e5/ru/000543	ru	0	привет,мне хорошо помогает чай с молоком или со сгущенкой.
textdetox@01907546324b0330d2d8b7669648cc18823323e5/ru/000544	ru	0	сейчас скажут,помогите россия деньгами, город собрать ,наши точно раскошелятся ,как всегда.
textdetox@01907546324b0330d2d8b7669648cc18823323e5/ru/000545	ru	0	спасибо, всем кто был с нами рядом и разделил боль утраты, спасибо родственникам, друзьям, коллегам по работе, соседям за оказанную моральную и материальную поддержку.
textdetox@01907546324b0330d2d8b7669648cc18823323e5/ru/000546	ru	0	значит действительно хороший массажер ведь коты всегда выбирают самое лучшее.
textdetox@01907546324b0330d2d8b7669648cc18823323e5/ru/000547	ru	0	лето солнце море пляж я не там прям аж бесит
textdetox@01907546324b0330d2d8b7669648cc18823323e5/ru/000548	ru	0	славяне- сероглазые, зеленоглазые, голубоглазые и кареглазые.
textdetox@01907546324b0330d2d8b7669648cc18823323e5/ru/000549	ru	0	красивая фигура как хозяйка береги свою красоту
textdetox@01907546324b0330d2d8b7669648cc18823323e5/ru/000550	ru	0	и такая история была в моей жизни.
textdetox@01907546324b0330d2d8b7669648cc18823323e5/ru/000551	ru	0	сегодня в списке стран пэйпал россии нет.
textdetox@01907546324b0330d2d8b7669648cc18823323e5/ru/000552	ru	0	это, чтобы не пользовались чужими утерянными картами.
textdetox@01907546324b0330d2d8b7669648cc18823323e5/ru/000553	ru	0	ведущему спасибо,старался все сгладить шутками,умничка.
textdetox@01907546324b0330d2d8b7669648cc18823323e5/ru/000554	ru	0	отдали но есть маленькие только кошка как неделю окотилась
textdetox@01907546324b0330d2d8b7669648cc18823323e5/ru/000555	ru	0	и у меня бутончики появились, ждууууу не дышу не него😅весенняя закупка.
textdetox@01907546324b0330d2d8b7669648cc18823323e5/ru/000556	ru	0	у меня их семеро и выростила их без бабушек и дедушек т .к они все уже были на небесах и что и что мне тоже просить лайки я считаю это низко
textdetox@01907546324b0330d2d8b7669648cc18823323e5/ru/000557	ru	0	помидоры маринованные с маслом маринад: на 1 литр воды: 1 столовую ложку соли и 3 столовые ложки сахарного песка.
textdetox@01907546324b0330d2d8b7669648cc18823323e5/ru/000558	ru	0	и душистый (1-2), можно листики смородины, вишни, дуба, репчатый лук режем кольцами, помидоры на 2 части (если крупные на 4), заливаем холодным маринадом и ставим стерилизовать (15 мин.
textdetox@01907546324b0330d2d8b7669648cc18823323e5/ru/000559	ru	0	после стерилизации вливаем в банку 1 столовую ложку растительного масла и плотно закрываем прокипяченными винтовыми крышками.
textdetox@01907546324b0330d2d8b7669648cc18823323e5/ru/000560	ru	0	переворачивам банки, укутываем полотенцем до полного остывания.
textdetox@01907546324b0330d2d8b7669648cc18823323e5/ru/000561	ru	0	был любимый ленинград, а теперь самый любимый питер!
textdetox@01907546324b0330d2d8b7669648cc18823323e5/ru/000562	ru	0	какое счастье что есть люди с горячими сердцами, спасибо вам за вашу любовь и милосердие!
textdetox@01907546324b0330d2d8b7669648cc18823323e5/ru/000563	ru	0	кухня, стены потолок сделать пластиком, 6кв.м,цена?живем в деревне
textdetox@01907546324b0330d2d8b7669648cc18823323e5/ru/000564	ru	0	для работника фермы с лошадьми, ближе и правильно «рэнгле».
textdetox@01907546324b0330d2d8b7669648cc18823323e5/ru/000565	ru	0	как нам потом в школе англичанка пояснила w в начале слова не читается😊 так же из под полы у фарцовщиков, можно было приобрести levis, lee.
textdetox@01907546324b0330d2d8b7669648cc18823323e5/ru/000566	ru	0	извините за беспокойство, но можно ли второй лайн?
textdetox@01907546324b0330d2d8b7669648cc18823323e5/ru/000567	ru	0	обратитесь на центральном рынке, где продают деревянные бруски, лестницы, стульчики, раньше ребята там делали под заказ
textdetox@01907546324b0330d2d8b7669648cc18823323e5/ru/000568	ru	0	да меня вообще ничего не интересует, что тебя касается.
textdetox@01907546324b0330d2d8b7669648cc18823323e5/ru/000569	ru	0	сколько же надо терпения для создания такой красоты
textdetox@01907546324b0330d2d8b7669648cc18823323e5/ru/000570	ru	0	у нас в школе был лагерь труда и отдыха, мы пололи свеклу, убирали фрукты в саду, собирали клубнику.
textdetox@01907546324b0330d2d8b7669648cc18823323e5/ru/000571	ru	0	работали 4 часа, затем обед, тихий час, а вечером спорт, фильмы, танцы.
textdetox@01907546324b0330d2d8b7669648cc18823323e5/ru/000572	ru	0	воспитателями были наши учителя, повара их школьной столовой.
textdetox@01907546324b0330d2d8b7669648cc18823323e5/ru/000573	ru	0	вечерние костры, игры, конкурсы, да нам в голову и мысли то дурные не приходили.
textdetox@01907546324b0330d2d8b7669648cc18823323e5/ru/000574	ru	0	уступить старшему место в автобусе или на тратуаре и влюбом другом месте было впитано с молоком матери.
textdetox@01907546324b0330d2d8b7669648cc18823323e5/ru/000575	ru	0	дают совет.... сами в городе не были... с интернета и не в попад.
textdetox@01907546324b0330d2d8b7669648cc18823323e5/ru/000576	ru	0	неспорю, у моей знакомой была ситуация, жить негде, работы нет и маленький ребёнок на руках.
textdetox@01907546324b0330d2d8b7669648cc18823323e5/ru/000577	ru	0	она пошла в специальное заведение договорилась о его временном прибывании и сейчас у них всё хорошо, но не бросила на улице возле дверей детского дома.
textdetox@01907546324b0330d2d8b7669648cc18823323e5/ru/000578	ru	0	я тоже токой марку хочу купить
textdetox@01907546324b0330d2d8b7669648cc18823323e5/ru/000579	ru	0	думаете народ не видит, что вся структура власти создано на основе родственнических отношениях?!
textdetox@01907546324b0330d2d8b7669648cc18823323e5/ru/000580	ru	0	от самых верхних эшелонах власти до самых низовья связаны как звенья на цепи!
textdetox@01907546324b0330d2d8b7669648cc18823323e5/ru/000581	ru	0	президент родит президента, министр-министра, судья-судью, милиционер-милиционера, врач врача, рабочий-рабочего, крестьянин-крестьянина, трудовой мигрант-трудового мигранта и т.д и т.п
textdetox@01907546324b0330d2d8b7669648cc18823323e5/ru/000582	ru	0	так и я ощутил это на себе!она нож втыкать мне в спину,а ей ещё и помогают!!
textdetox@01907546324b0330d2d8b7669648cc18823323e5/ru/000583	ru	0	ни татьяна, ни владимир в силу занятости моё поручение по выкладке скринов не выполнили.
textdetox@01907546324b0330d2d8b7669648cc18823323e5/ru/000584	ru	0	с себя ответственнности также не снимаю, но... ввиду всего вышесказанного, предлагаю избрать нового главу зеона, а посему ставлю на открытое голосование командного состава нашего альянса.
textdetox@01907546324b0330d2d8b7669648cc18823323e5/ru/000585	ru	0	прошу внести от себя по одной кандидатуре.
textdetox@01907546324b0330d2d8b7669648cc18823323e5/ru/000586	ru	0	у нас только разговоры разговаривать все могут.... и визжать о том, что закон не работает...сколько просила помощив сборе информации, когда у меня не было даже доступа к интернету?
textdetox@01907546324b0330d2d8b7669648cc18823323e5/ru/000587	ru	0	даже этого никто не захотел сделать.
textdetox@01907546324b0330d2d8b7669648cc18823323e5/ru/000588	ru	0	зато есть аж две группы помощи животным.
textdetox@01907546324b0330d2d8b7669648cc18823323e5/ru/000589	ru	0	а то вы через год начнёте женщин с темными волосами и иными взглядами сжигать на костре!
textdetox@01907546324b0330d2d8b7669648cc18823323e5/ru/000590	ru	0	об этом подробно изложено в 21 томе полного собрания обещанных обещаний народного вождя всех времён ввпутина
textdetox@01907546324b0330d2d8b7669648cc18823323e5/ru/000591	ru	0	очень хорошо сказал один известный политик- плохо быть врагом америки,но ещё хуже быть её другом!!!!
textdetox@01907546324b0330d2d8b7669648cc18823323e5/ru/000592	ru	0	со временем сдают и уничтожают всех кто им верно прислуживал в странах ( по ихнему-3го мира)
textdetox@01907546324b0330d2d8b7669648cc18823323e5/ru/000593	ru	0	?я так понимаю это белоруссия....вообще там все дорого...
textdetox@01907546324b0330d2d8b7669648cc18823323e5/ru/000594	ru	0	а там внутри, волшебная, ручная подольская швейная машинка!!!!
textdetox@01907546324b0330d2d8b7669648cc18823323e5/ru/000595	ru	0	ага а в пяти метра от этого призедента охраны 20 человек!
textdetox@01907546324b0330d2d8b7669648cc18823323e5/ru/000596	ru	0	много интересных секретиков узнала о выращивании клематиса, спасибо
textdetox@01907546324b0330d2d8b7669648cc18823323e5/ru/000597	ru	0	пока карантин по приезду остается, но надеемся что в ближайшие дни его снимут
textdetox@01907546324b0330d2d8b7669648cc18823323e5/ru/000598	ru	0	новый прикол в группах-делать ссылки не активными.
textdetox@01907546324b0330d2d8b7669648cc18823323e5/ru/000599	ru	0	я думаю потому что пьет очень мало.а как сделать что б пила даже не представляю.и молоко в воду добавляла и простоквашу чистую и сыворотку,непьет и все.
textdetox@01907546324b0330d2d8b7669648cc18823323e5/ru/000600	ru	0	лидер партии должен быть , военно обязанный под присягой!
textdetox@01907546324b0330d2d8b7669648cc18823323e5/ru/000601	ru	0	у себя в хозяйсве держал такой, как на фото, только у меня коробка и задний мост были от газ - 53.
textdetox@01907546324b0330d2d8b7669648cc18823323e5/ru/000602	ru	0	не всё в жизни сложилось-ну так мы не все святы... жалко человека!
textdetox@01907546324b0330d2d8b7669648cc18823323e5/ru/000603	ru	0	по фамильно пожалуйста,чтобы мы принемать меры.
textdetox@01907546324b0330d2d8b7669648cc18823323e5/ru/000604	ru	0	а она забилась между забором и летней кухней под полы.
textdetox@01907546324b0330d2d8b7669648cc18823323e5/ru/000605	ru	0	и выйти не может и орет ночь на дворе мы не спим.
textdetox@01907546324b0330d2d8b7669648cc18823323e5/ru/000606	ru	0	а потом утром встали а он её на чердак на баню привел и полёживают там вдвоем.
textdetox@01907546324b0330d2d8b7669648cc18823323e5/ru/000607	ru	0	спасибо вам за активную гражданскую позицию и неравнодушное отношение к облику своего поселка.
textdetox@01907546324b0330d2d8b7669648cc18823323e5/ru/000608	ru	0	по информации администрации майского сельсовета, детская площадка на ул.
textdetox@01907546324b0330d2d8b7669648cc18823323e5/ru/000609	ru	0	кооперативной обустроена силами местных жителей.
textdetox@01907546324b0330d2d8b7669648cc18823323e5/ru/000610	ru	0	благоустройство площадки и поддержание её в чистоте также обеспечивается местными жителями.
textdetox@01907546324b0330d2d8b7669648cc18823323e5/ru/000611	ru	0	я знаю как это больно, но надо найти в себе силы и отпустить .
textdetox@01907546324b0330d2d8b7669648cc18823323e5/ru/000612	ru	0	отец по моральным принцыпам был не не много лучше сына
textdetox@01907546324b0330d2d8b7669648cc18823323e5/ru/000613	ru	0	протестующие против существующего режима откровенно говорят об этом и требуют справедливости.
textdetox@01907546324b0330d2d8b7669648cc18823323e5/ru/000614	ru	0	такой вещи простой в хозяйстве не оказалось!
textdetox@01907546324b0330d2d8b7669648cc18823323e5/ru/000615	ru	0	все равно это не стандартный размер, иногда вообще не совпадает
textdetox@01907546324b0330d2d8b7669648cc18823323e5/ru/000616	ru	0	не надо здесь умничать все могут за себя ответить
textdetox@01907546324b0330d2d8b7669648cc18823323e5/ru/000617	ru	0	худейте ешьте и диетическое вегетарианское меню и
textdetox@01907546324b0330d2d8b7669648cc18823323e5/ru/000618	ru	0	сейчас смысл слова иной... но подлость - аноним благородству и сейчас.
textdetox@01907546324b0330d2d8b7669648cc18823323e5/ru/000619	ru	0	стесняюсь спросить, а как вы нормальность задания определяете?
textdetox@01907546324b0330d2d8b7669648cc18823323e5/ru/000620	ru	0	меняю перчатки на щипцы или молот, подкову
textdetox@01907546324b0330d2d8b7669648cc18823323e5/ru/000621	ru	0	помним ,самые лучшие времена,скорбим со смою согласятся надеюсь многим.
textdetox@01907546324b0330d2d8b7669648cc18823323e5/ru/000622	ru	0	куплю рыбные чипсы за банановый шейк,бутылки,ведра,глиняный фонарь,острый шоколад,пачаток с маслом, гаспачо
textdetox@01907546324b0330d2d8b7669648cc18823323e5/ru/000623	ru	0	кому то понравилось каждый месяц по два рубля добавлять .
textdetox@01907546324b0330d2d8b7669648cc18823323e5/ru/000624	ru	0	в июне были выплаты от 3 до 16,а в июле от 0 до 16.поэтому вы получили 1 раз.
textdetox@01907546324b0330d2d8b7669648cc18823323e5/ru/000625	ru	0	очень хорошие кружки , прочные и вечные, у меня тоже есть
textdetox@01907546324b0330d2d8b7669648cc18823323e5/ru/000626	ru	0	в соседнем доме сделали панорамный балкон.
textdetox@01907546324b0330d2d8b7669648cc18823323e5/ru/000627	ru	0	друзья мои верные, выручайте в трудном деле!
textdetox@01907546324b0330d2d8b7669648cc18823323e5/ru/000628	ru	0	для того чтобы задачу непростую выполнить нужна мне вещь редкая.
textdetox@01907546324b0330d2d8b7669648cc18823323e5/ru/000629	ru	0	я не читала комментарии, просто порадовалась за людей... и немножко пофантазировала в лучшую сторону... неужели это было непонятно?😳😛
textdetox@01907546324b0330d2d8b7669648cc18823323e5/ru/000630	ru	0	спасибо за неравнодушие, может найдутся добрые люди, кто приютит их.
textdetox@01907546324b0330d2d8b7669648cc18823323e5/ru/000631	ru	0	у меня есть знакомые которые и без семечек могут ржать пол часа без причины
textdetox@01907546324b0330d2d8b7669648cc18823323e5/ru/000632	ru	0	мою первую учительницу звали радченко светлана ивановна с кузнецово-михайловка тельмановского района донецкой области 1981год
textdetox@01907546324b0330d2d8b7669648cc18823323e5/ru/000633	ru	0	светлая память тебе спи спокойной наш дорогой
textdetox@01907546324b0330d2d8b7669648cc18823323e5/ru/000634	ru	0	я тоже у дерматолога была)) с алергической сыпью, сначала он утверждал,,это часотка,, я говорю ему ,,делайте анализ,, а он и говорит ,,ладно я вам поверю что у вас аллергия,,!
textdetox@01907546324b0330d2d8b7669648cc18823323e5/ru/000635	ru	0	это по всему миру идёт, просто не афишируют .
textdetox@01907546324b0330d2d8b7669648cc18823323e5/ru/000636	ru	0	напишите, как проверяют на самоизоляции, или вы тест сдавали?
textdetox@01907546324b0330d2d8b7669648cc18823323e5/ru/000637	ru	0	это что, их лечить будут бесплатно на общих основаниях ?
textdetox@01907546324b0330d2d8b7669648cc18823323e5/ru/000638	ru	0	но заразились они по своей воле, наверное заразили других, зная о своей проблеме.
textdetox@01907546324b0330d2d8b7669648cc18823323e5/ru/000639	ru	0	доски можно было разложить тонким слоем там где низкий уровень и засыпать землёй
textdetox@01907546324b0330d2d8b7669648cc18823323e5/ru/000640	ru	0	элина бренд в клячах всплывает изредка, это енка, по-моему.
textdetox@01907546324b0330d2d8b7669648cc18823323e5/ru/000641	ru	0	мне и второй лепить лениво))) да и все равно узнаваемы люди по стилю общения, манере письма.
textdetox@01907546324b0330d2d8b7669648cc18823323e5/ru/000642	ru	0	джорджевич снова травмировался и вернётся на поле не раньше сентября
textdetox@01907546324b0330d2d8b7669648cc18823323e5/ru/000643	ru	0	9 соток земли, газ, вода, большая комната, кухня, коридор.
textdetox@01907546324b0330d2d8b7669648cc18823323e5/ru/000644	ru	0	прекрасное место, рядом речка, остановка маршрутного такси.
textdetox@01907546324b0330d2d8b7669648cc18823323e5/ru/000645	ru	0	виктория, замеры сарафана, платья и рубашки написали вам в лс
textdetox@01907546324b0330d2d8b7669648cc18823323e5/ru/000646	ru	0	мужчина и я пятерых воспитываю одна , может обьяденим наши силы ?😉
textdetox@01907546324b0330d2d8b7669648cc18823323e5/ru/000647	ru	0	меня одного смутило, что одноцилиндровый двигатель стал троить?
textdetox@01907546324b0330d2d8b7669648cc18823323e5/ru/000648	ru	0	плох тот муж, который будет выбирать жену по принципу, что с ней точно с голоду не помрет!!
textdetox@01907546324b0330d2d8b7669648cc18823323e5/ru/000649	ru	0	здравствуйте ок, аккаунт здесь я с него вам пишу.
textdetox@01907546324b0330d2d8b7669648cc18823323e5/ru/000650	ru	0	не знаю почему, но такое впечатление, что у меня их специально отключили, цензура в работе )) если бы не работало на сайте, но вы уточнили что на сайте работает
textdetox@01907546324b0330d2d8b7669648cc18823323e5/ru/000651	ru	0	планируемая подача воды 05.08.2020 - на северную часть города, пос.
textdetox@01907546324b0330d2d8b7669648cc18823323e5/ru/000652	ru	0	можно и без врача: тонким молоточком тюкнуть по ожерелью, оно и рассыпется...
textdetox@01907546324b0330d2d8b7669648cc18823323e5/ru/000653	ru	0	как тебя твои родные терпят... не завидую им..
textdetox@01907546324b0330d2d8b7669648cc18823323e5/ru/000654	ru	0	человек занимается любимым делом,молодец,что ещё скажешь,красота
textdetox@01907546324b0330d2d8b7669648cc18823323e5/ru/000655	ru	0	такого чифиром не возьмёшь, крупным калибром надо.
textdetox@01907546324b0330d2d8b7669648cc18823323e5/ru/000656	ru	0	не могли бы вы мне сказать откуда появляются вазы с сокровищами?
textdetox@01907546324b0330d2d8b7669648cc18823323e5/ru/000657	ru	0	побойтесь бога такое писать.как прихожанка этого храма заявляю,что с людей деньги никто не собирает,тот кто желает делает пожертвование,никого не принуждают и не ставят никаких условий.
textdetox@01907546324b0330d2d8b7669648cc18823323e5/ru/000658	ru	0	девочки, а я всегда делала засолки с фруктовым уксусом мне кажется он мягче в засолке
textdetox@01907546324b0330d2d8b7669648cc18823323e5/ru/000659	ru	0	это ваше право не покупать билеты на ее концерт, а если есть спрос на ее концерт, она будет их давать.
textdetox@01907546324b0330d2d8b7669648cc18823323e5/ru/000660	ru	0	не ходите, не покупайте билеты вот и без запрета прекратятся ее выступления.
textdetox@01907546324b0330d2d8b7669648cc18823323e5/ru/000661	ru	0	выше, что он есть на данное время, не куда не прыгнет.
textdetox@01907546324b0330d2d8b7669648cc18823323e5/ru/000662	ru	0	черчесов спартаковец, но он будет смотреть и думать?!
textdetox@01907546324b0330d2d8b7669648cc18823323e5/ru/000663	ru	0	да, да отец приносил остатки молока в бутылке и кусочки хлеба и говорил что от зайчика гостиниц.
textdetox@01907546324b0330d2d8b7669648cc18823323e5/ru/000664	ru	0	если навсегда удалить они ничего не смогут делать
textdetox@01907546324b0330d2d8b7669648cc18823323e5/ru/000665	ru	0	как минимум административка и выговор с лишением премии, а вообще таких надо убирать со службы.
textdetox@01907546324b0330d2d8b7669648cc18823323e5/ru/000666	ru	0	зачем обвинять людей которые пришли к вам на помощь
textdetox@01907546324b0330d2d8b7669648cc18823323e5/ru/000667	ru	0	с чего это вы взяли , что я собираюсь рвать связь с россией ?
textdetox@01907546324b0330d2d8b7669648cc18823323e5/ru/000668	ru	0	это право если нет своей души чужую не понять
textdetox@01907546324b0330d2d8b7669648cc18823323e5/ru/000669	ru	0	гепариновая мазь очень хорошо рассасывает уплотнения, образовавшиеся после инъекций.
textdetox@01907546324b0330d2d8b7669648cc18823323e5/ru/000670	ru	0	mw325r создает сеть wi-fi, которая обеспечит покрытие на площади до 500 м².
textdetox@01907546324b0330d2d8b7669648cc18823323e5/ru/000671	ru	0	вы сможете воспользоваться высокоскоростным соединением в гостиной, в спальне и даже во внутреннем дворе
textdetox@01907546324b0330d2d8b7669648cc18823323e5/ru/000672	ru	0	очень душевные жизненные стихи если ив жизни все также заканчивалось
textdetox@01907546324b0330d2d8b7669648cc18823323e5/ru/000673	ru	0	марина, две одинаковые темы подряд, одна удалена, как повторная
textdetox@01907546324b0330d2d8b7669648cc18823323e5/ru/000674	ru	0	и вот почему-то в других странах никто не возникает, а понимает всю серьёзность этой ситуации с вирусом и добровольно носят маски.
textdetox@01907546324b0330d2d8b7669648cc18823323e5/ru/000675	ru	0	хватит плодить ненависть ко всему и всем вокруг, противно читать!
textdetox@01907546324b0330d2d8b7669648cc18823323e5/ru/000676	ru	0	вера в душе , это конечно хорошо, но вы попробуйте в душе получать зарплату, ходить в больницу даже просто покушать, что получится?
textdetox@01907546324b0330d2d8b7669648cc18823323e5/ru/000677	ru	0	а мне, котика жалко:( котик обиделся на собаку
textdetox@01907546324b0330d2d8b7669648cc18823323e5/ru/000678	ru	0	этот забор один из самых дешёвых, продается секциями и отдельно калитка.
textdetox@01907546324b0330d2d8b7669648cc18823323e5/ru/000679	ru	0	у меня сосед на даче такой поставил.
textdetox@01907546324b0330d2d8b7669648cc18823323e5/ru/000680	ru	0	можно применить линолеум (старый), порезать на полоски.
textdetox@01907546324b0330d2d8b7669648cc18823323e5/ru/000681	ru	0	я тоже не понимаю когда все личное выставляется напоказ.
textdetox@01907546324b0330d2d8b7669648cc18823323e5/ru/000682	ru	0	моя первая учительница сидорова-ермакова нина степановна
textdetox@01907546324b0330d2d8b7669648cc18823323e5/ru/000683	ru	0	не плачь золотце,у тебя все будет хорошо!!
textdetox@01907546324b0330d2d8b7669648cc18823323e5/ru/000684	ru	0	принцип--получить не работая забил совесть
textdetox@01907546324b0330d2d8b7669648cc18823323e5/ru/000685	ru	0	только надо наоборот сделать мужикам 55
textdetox@01907546324b0330d2d8b7669648cc18823323e5/ru/000686	ru	0	хорошая лавочка, мне вот интересно, она по-моему как то раскладывается?
textdetox@01907546324b0330d2d8b7669648cc18823323e5/ru/000687	ru	0	здоровья, счастья удачи, чтоб все было хорошо и не возвращаться.
textdetox@01907546324b0330d2d8b7669648cc18823323e5/ru/000688	ru	0	не прошла,госдеп решил,что надо теперь попробовать мужчинку,не удивлюсь,если в след.
textdetox@01907546324b0330d2d8b7669648cc18823323e5/ru/000689	ru	0	замечательному композитору, прекрасному музыканту, браво!многая лета вам, игорь!
textdetox@01907546324b0330d2d8b7669648cc18823323e5/ru/000690	ru	0	крепкого здоровья, всех земных благ!
textdetox@01907546324b0330d2d8b7669648cc18823323e5/ru/000691	ru	0	да, наша проблема дышать этим воздухом
textdetox@01907546324b0330d2d8b7669648cc18823323e5/ru/000692	ru	0	знаю,нас ни в поселок ни обратно не пускают,плитами дороги перегородили....но жизнь не стоит на месте!
textdetox@01907546324b0330d2d8b7669648cc18823323e5/ru/000693	ru	0	а сейчас главное деньги, а как они тебе достанутся не важно.
textdetox@01907546324b0330d2d8b7669648cc18823323e5/ru/000694	ru	0	люди просто озлобились, и это отчего, потому что зарплаты копейки, все в кридитах и долгах.
textdetox@01907546324b0330d2d8b7669648cc18823323e5/ru/000695	ru	0	пользуюсь и мегафоном и мтс- качество отвратительное!
textdetox@01907546324b0330d2d8b7669648cc18823323e5/ru/000696	ru	0	продам гармонь в хорошем состоянии 5000 р звонить 8914 1361247
textdetox@01907546324b0330d2d8b7669648cc18823323e5/ru/000697	ru	0	и натвоей улице грузовик с пряниками перевернется👍
textdetox@01907546324b0330d2d8b7669648cc18823323e5/ru/000698	ru	0	года рождения укажите своих родных для поиска.
textdetox@01907546324b0330d2d8b7669648cc18823323e5/ru/000699	ru	0	у нас когда много малины продают по 90-100 руб литр.
textdetox@01907546324b0330d2d8b7669648cc18823323e5/ru/000700	ru	0	видела эти водопады около города антальи.
textdetox@01907546324b0330d2d8b7669648cc18823323e5/ru/000701	ru	0	!удачи вам в вашем творчестве,вы творите чудеса!!
textdetox@01907546324b0330d2d8b7669648cc18823323e5/ru/000702	ru	0	знакомая молодая женщина, очень даже симпатичная по уши загружена работой по хозяйству (огород, лес, куры, поросята, дом, готовка, приборка, полное отсутствие благ цивилизации), трое детей.
textdetox@01907546324b0330d2d8b7669648cc18823323e5/ru/000703	ru	0	язык не поворачивается требовать ухоженности и бодрого вида.
textdetox@01907546324b0330d2d8b7669648cc18823323e5/ru/000704	ru	0	завтра утром позвони бы сильно занят не мог номер кинуть
textdetox@01907546324b0330d2d8b7669648cc18823323e5/ru/000705	ru	0	счастье это главная цель нашей жизни, по настоящему которой мы достигаем и понимаем, когда наше время жить подходит к концу.
textdetox@01907546324b0330d2d8b7669648cc18823323e5/ru/000706	ru	0	счастье для каждого свое и каждый поймёт его в конце своего пути по своему
textdetox@01907546324b0330d2d8b7669648cc18823323e5/ru/000707	ru	0	возможна доставка в нижний тагил но по 100% предоплате.
textdetox@01907546324b0330d2d8b7669648cc18823323e5/ru/000708	ru	0	в дед-дом ей надо сходить и пусть там ей дети расскажут свои судьбы.
textdetox@01907546324b0330d2d8b7669648cc18823323e5/ru/000709	ru	0	вот тогда она поймёт что вполне счастливо живёт.
textdetox@01907546324b0330d2d8b7669648cc18823323e5/ru/000710	ru	0	а еще сейчас появились люди, которые просто пишут в комментариях....поздравляю.!!!
textdetox@01907546324b0330d2d8b7669648cc18823323e5/ru/000711	ru	0	всем добрый вечер, трудовские-чертков тишина и красота, берегите себя💋
textdetox@01907546324b0330d2d8b7669648cc18823323e5/ru/000712	ru	0	молодцы ребята очень хорошая идея.
textdetox@01907546324b0330d2d8b7669648cc18823323e5/ru/000713	ru	0	да выдаётся в налоговой, хотя у нас в асино год назат не выдали, поехал на вахту без инн не брали получил в новосибирске без проблем.
textdetox@01907546324b0330d2d8b7669648cc18823323e5/ru/000714	ru	0	нет, дверку приоткрываю чуть , постоянно помешиваю, плюс нынче вентилятор ставил , не большой, от старой микроволновки , побыстрее получается .
textdetox@01907546324b0330d2d8b7669648cc18823323e5/ru/000715	ru	0	нет слов, чтобы выразить благодарность моей мамулечке:$
textdetox@01907546324b0330d2d8b7669648cc18823323e5/ru/000716	ru	0	я хотел снова напомнить участникам иска, о том, что исполнительные листы необходимо передать в ссп для возбуждения производства...т.к.
textdetox@01907546324b0330d2d8b7669648cc18823323e5/ru/000717	ru	0	каждый видел то что хотел и я видел, то о чём пишу и что выкладываю, всякое было и хорошее и плохое, поэтому ссср больше нет к сожалению...
textdetox@01907546324b0330d2d8b7669648cc18823323e5/ru/000718	ru	0	а наши модницы и модники с татушками на китайском типа: повторно не размораживать.... мы тоже тотально не знаем значений иероглифов, так что чего смеяться то?
textdetox@01907546324b0330d2d8b7669648cc18823323e5/ru/000719	ru	0	где-то - как в европе (это для себя любимых), а где-то осталось как и сто лет назад
textdetox@01907546324b0330d2d8b7669648cc18823323e5/ru/000720	ru	0	это начало создания балтийско-черноморского военно-политического союза,но без россии.
textdetox@01907546324b0330d2d8b7669648cc18823323e5/ru/000721	ru	0	интересно а кому он с ухмылкой средний палец показывает
textdetox@01907546324b0330d2d8b7669648cc18823323e5/ru/000722	ru	0	глядя на такое чудо бросишь не только пить.
textdetox@01907546324b0330d2d8b7669648cc18823323e5/ru/000723	ru	0	вечная память и покой людям,которые реализовали свой талант и оставили след в душах поклонников!
textdetox@01907546324b0330d2d8b7669648cc18823323e5/ru/000724	ru	0	давно пора принять такой закон
textdetox@01907546324b0330d2d8b7669648cc18823323e5/ru/000725	ru	0	количество измеряльщиков ну никак добавить нельзя?
textdetox@01907546324b0330d2d8b7669648cc18823323e5/ru/000726	ru	0	я практику проходила в заводской столовой, питание очень хорошее было
textdetox@01907546324b0330d2d8b7669648cc18823323e5/ru/000727	ru	0	ещё фильмов 5 совместной работы и в ишимбае будет свой оскар!!!
textdetox@01907546324b0330d2d8b7669648cc18823323e5/ru/000728	ru	0	представляю, какие дети, у таких замечательных родителей!!!
textdetox@01907546324b0330d2d8b7669648cc18823323e5/ru/000729	ru	0	в аптеке продают прополис для наружного применения,прежде чем покупать смотрите внимательно,лучше сделать настойку самой или купить в местах,где мёд и медовые составляющие продают
textdetox@01907546324b0330d2d8b7669648cc18823323e5/ru/000730	ru	0	похоже этот мальчик только желудок тренировал😂🙂😂
textdetox@01907546324b0330d2d8b7669648cc18823323e5/ru/000731	ru	0	расписания от псоу до сухум не существует, катаются как хотят и после 20.30 -лучше такси)))
textdetox@01907546324b0330d2d8b7669648cc18823323e5/ru/000732	ru	0	две республики, а разные, они сидят там как в буферной зоне, проезда нет ни в какую сторону!
textdetox@01907546324b0330d2d8b7669648cc18823323e5/ru/000733	ru	0	да,свисти не свести денег на пенсии все равно не будет
textdetox@01907546324b0330d2d8b7669648cc18823323e5/ru/000734	ru	0	для алтая это в порядке вещей- сервис ужасный повсюду.
textdetox@01907546324b0330d2d8b7669648cc18823323e5/ru/000735	ru	0	кредиты умерших не переходят на родственников для этого когда берут кредит навязывают страховку.
textdetox@01907546324b0330d2d8b7669648cc18823323e5/ru/000736	ru	0	попов виталий афанасьевич 1945- 1996
textdetox@01907546324b0330d2d8b7669648cc18823323e5/ru/000737	ru	0	и помогите мне пожалуйста я тоже содержу подброшеных кошек и собак,но моих денег на корм мне не хватает.
textdetox@01907546324b0330d2d8b7669648cc18823323e5/ru/000738	ru	0	моих денег даже мне не хватает, но я стараюсь что б и им хватало.
textdetox@01907546324b0330d2d8b7669648cc18823323e5/ru/000739	ru	0	помогите если можно мы не против даже если просто кормом.
textdetox@01907546324b0330d2d8b7669648cc18823323e5/ru/000740	ru	0	а семья у нас прибавилась на 5щенят,и на одну подброшеную киску.
textdetox@01907546324b0330d2d8b7669648cc18823323e5/ru/000741	ru	0	рогалики будут вкусными и рассыпчатыми, если сделать тесто соединив все ингредиенты вместе.
textdetox@01907546324b0330d2d8b7669648cc18823323e5/ru/000742	ru	0	из лоскутков сотворить прекрасное, отражение вашей души.
textdetox@01907546324b0330d2d8b7669648cc18823323e5/ru/000743	ru	0	спасибо за ваш труд, очень приятно, смотреть, любоваться!
textdetox@01907546324b0330d2d8b7669648cc18823323e5/ru/000744	ru	0	девочки да не ждите вы этих выплат, если бы они были бы уже приказ бы подписан!
textdetox@01907546324b0330d2d8b7669648cc18823323e5/ru/000745	ru	0	у меня и у знакомых проблема сбой связи, перезайдите!
textdetox@01907546324b0330d2d8b7669648cc18823323e5/ru/000746	ru	0	оля продам алкатель в отличном состоянии оянии за 800 руб
textdetox@01907546324b0330d2d8b7669648cc18823323e5/ru/000747	ru	0	попова будут танцевальные вечера для людей старшего возраста????
textdetox@01907546324b0330d2d8b7669648cc18823323e5/ru/000748	ru	0	и тебе спрашивать не надо будет у меня разрешения.
textdetox@01907546324b0330d2d8b7669648cc18823323e5/ru/000749	ru	0	девочки мои дорогие чтобы снять очки надо сметься по полчаса каждый день и улыбаться по 2 часа и будете без очков
textdetox@01907546324b0330d2d8b7669648cc18823323e5/ru/000750	ru	0	у нас на мира разгон от вокзала с рёвом и грохотом музыки, да ещё на перегонки по встречки.
textdetox@01907546324b0330d2d8b7669648cc18823323e5/ru/000751	ru	0	на покупали права, никто не соблюдает правила.
textdetox@01907546324b0330d2d8b7669648cc18823323e5/ru/000752	ru	0	господи иисусе христе сохрани и помилуй милану !
textdetox@01907546324b0330d2d8b7669648cc18823323e5/ru/000753	ru	0	с таким взрывом и в таком месте погибших должно быть 1000-1500, или скрывают или ещё не разобрали завалы.
textdetox@01907546324b0330d2d8b7669648cc18823323e5/ru/000754	ru	0	в этот замечательный день — твой день рождения – я искренне хочу тебя поздравить!
textdetox@01907546324b0330d2d8b7669648cc18823323e5/ru/000755	ru	0	желаю тебе быть счастливым человеком, радоваться каждому новому дню, находить удовольствие в привычных вещах, словом — ценить то, что имеешь.
textdetox@01907546324b0330d2d8b7669648cc18823323e5/ru/000756	ru	0	и пусть судьба тебя обязательно любит и преподносит чудесные сюрпризы!
textdetox@01907546324b0330d2d8b7669648cc18823323e5/ru/000757	ru	0	существует официальный отстрел лебедей в таких местах, где их переизбыток; так как они мешают не только друг другу, но и разоряют гнезда других птиц и убивают их птенцов.
textdetox@01907546324b0330d2d8b7669648cc18823323e5/ru/000758	ru	0	хочется вглядываться и всматриваться в его удивительную внешность- глаза необыкновенно добрые и искренние , улыбка, мягкость и в тоже время строгость его взгляда.... забыть невозможно!!
textdetox@01907546324b0330d2d8b7669648cc18823323e5/ru/000759	ru	0	я пока без компа, через недельку только смогу зайти
textdetox@01907546324b0330d2d8b7669648cc18823323e5/ru/000760	ru	0	в масках должны ходить больные люди, а у нас кошмарят все здоровое население.
textdetox@01907546324b0330d2d8b7669648cc18823323e5/ru/000761	ru	0	кстати пандемии как таковой нет по всем показателям, а ходить в маске раба это уж извините, сегодня ты маску наденешь, а завтра поводок с ошейником накинешь на себя.
textdetox@01907546324b0330d2d8b7669648cc18823323e5/ru/000762	ru	0	самая умная порода это наша восточноевропейская овчарка.
textdetox@01907546324b0330d2d8b7669648cc18823323e5/ru/000763	ru	0	привет всем :-) а вы знали что именно вам полагается компенсация ндс до 80000 рублей??!
textdetox@01907546324b0330d2d8b7669648cc18823323e5/ru/000764	ru	0	вся информация на моей странице в закрепленном посте 629
textdetox@01907546324b0330d2d8b7669648cc18823323e5/ru/000765	ru	0	главное богатство в душе, а всё остальное приходит и уходит.
textdetox@01907546324b0330d2d8b7669648cc18823323e5/ru/000766	ru	0	роуд-муви- это фильм-путешествие, герои которого находятся в дороге.
textdetox@01907546324b0330d2d8b7669648cc18823323e5/ru/000767	ru	0	здравствуйте!только сегодня прочитали ваше сообщение.извините, что не ответили сразу.а по вашему вопросу ничего не можем сказать.
textdetox@01907546324b0330d2d8b7669648cc18823323e5/ru/000768	ru	0	он занимается своей родословной, может он вам поможет.
textdetox@01907546324b0330d2d8b7669648cc18823323e5/ru/000769	ru	0	а если и то и другое и третье в одном флаконе?
textdetox@01907546324b0330d2d8b7669648cc18823323e5/ru/000770	ru	0	мне было смешно от того, что она стесняется меня, а я её.
textdetox@01907546324b0330d2d8b7669648cc18823323e5/ru/000771	ru	0	чай пили, потом обедом покормила, они больше в комнате сидели (выходить же никуда нельзя было).
textdetox@01907546324b0330d2d8b7669648cc18823323e5/ru/000772	ru	0	самый лучший шашлык который приготовил сам !
textdetox@01907546324b0330d2d8b7669648cc18823323e5/ru/000773	ru	0	мария, а облицовочный кирпич в сумму 1.8 входит?
textdetox@01907546324b0330d2d8b7669648cc18823323e5/ru/000774	ru	0	давай упомянем, что вместе с другими переселенцами, а то получается не совсем честно по отношению к остальным ))
textdetox@01907546324b0330d2d8b7669648cc18823323e5/ru/000775	ru	0	или это в вашем пониманием не проявление агрессии, а акт добра и справедливости по отношению к россии?!?
textdetox@01907546324b0330d2d8b7669648cc18823323e5/ru/000776	ru	0	почему вы не задаете вопрос вашему президенту- для чего он это делает, а обвиняете всех россиян в агрессии к вашему народу?
textdetox@01907546324b0330d2d8b7669648cc18823323e5/ru/000777	ru	0	заметьте, на пара капель сока лимона, а ацетилсалициловая.
textdetox@01907546324b0330d2d8b7669648cc18823323e5/ru/000778	ru	0	по всем вопросам о наличии и бронирования номеров в адлере !
textdetox@01907546324b0330d2d8b7669648cc18823323e5/ru/000779	ru	0	можете узнать написав мне в личные сообщения !
textdetox@01907546324b0330d2d8b7669648cc18823323e5/ru/000780	ru	0	ты –маяк, что сквозь тьму мне пройти помогает … ты живешь в каждой строчке, что я сочиняю….
textdetox@01907546324b0330d2d8b7669648cc18823323e5/ru/000781	ru	0	ты мой север и юг, альфа ты и омега… ты домашний уют, нежность первого снега… ты мой ветер и дождь, мое счастье простое….
textdetox@01907546324b0330d2d8b7669648cc18823323e5/ru/000782	ru	0	и зачем?пишу админам,ну хоть бы слово написали..молчат!значит это они?
textdetox@01907546324b0330d2d8b7669648cc18823323e5/ru/000783	ru	0	и что самое интересное, он же всё это читает, неужели совесть не грызёт?
textdetox@01907546324b0330d2d8b7669648cc18823323e5/ru/000784	ru	0	европа промышленность там сразу уничтожит, а на одних колхозах много не протянешь!
textdetox@01907546324b0330d2d8b7669648cc18823323e5/ru/000785	ru	0	бабушка, милая, живи ещё столько же, крепко тебе здоровья.
textdetox@01907546324b0330d2d8b7669648cc18823323e5/ru/000786	ru	0	еще бы ссылку для перехода на материал прокуратуры в тексте
textdetox@01907546324b0330d2d8b7669648cc18823323e5/ru/000787	ru	0	золотые пески ,, завершити цепочку заданий интересно какую?
textdetox@01907546324b0330d2d8b7669648cc18823323e5/ru/000788	ru	0	все мото по своему хороши пока не ломаются
textdetox@01907546324b0330d2d8b7669648cc18823323e5/ru/000789	ru	0	любаша приветик ты чего вышла на работу????
textdetox@01907546324b0330d2d8b7669648cc18823323e5/ru/000790	ru	0	походу пшеницу детям давать будут😊😊😊
textdetox@01907546324b0330d2d8b7669648cc18823323e5/ru/000791	ru	0	назаровские сушеные сливки и молоко были у нас по талонам
textdetox@01907546324b0330d2d8b7669648cc18823323e5/ru/000792	ru	0	молодёжной и сельсоветской была сделана жителями посёлка своими силами, мы просили по самой улице молодёжной и сельсоветской засыпать щебенкой или другим более дешёвым материалом.
textdetox@01907546324b0330d2d8b7669648cc18823323e5/ru/000793	ru	0	а так хорошо на сделанную дорогу положили ещё, чего проще.
textdetox@01907546324b0330d2d8b7669648cc18823323e5/ru/000794	ru	0	нужно устраивать бои с таким же за деньги а то такой талант пропадает
textdetox@01907546324b0330d2d8b7669648cc18823323e5/ru/000795	ru	0	я тоже ранняя.. нам с сегодняшнего дня нужно делать 11 визитов очных к врачам .
textdetox@01907546324b0330d2d8b7669648cc18823323e5/ru/000796	ru	0	проблема номер раз - столько врачей сейчас нет
textdetox@01907546324b0330d2d8b7669648cc18823323e5/ru/000797	ru	0	bнешний блеск ничто по сравнению с духовной красотой и потому что все что снаружи это до первого дождя а то что внутри горит всегда
textdetox@01907546324b0330d2d8b7669648cc18823323e5/ru/000798	ru	0	сидят мальчишки ,даже не укладывается в голову ,что звери .
textdetox@01907546324b0330d2d8b7669648cc18823323e5/ru/000799	ru	0	прям все порядочные такие даже плюнуть негде
textdetox@01907546324b0330d2d8b7669648cc18823323e5/ru/000800	ru	0	в россии 9 месяцев холода, вот и сиди на диете, перед отпуском, чтоб не хуже (конечно для своего возраста)
textdetox@01907546324b0330d2d8b7669648cc18823323e5/ru/000801	ru	0	город шадринск .ударение на первый слог
textdetox@01907546324b0330d2d8b7669648cc18823323e5/ru/000802	ru	0	у нас на вичуге врачей нет остались одни престарелые и сколько не пишем не жалуемся всем до лампочки зато в иваново клиника на клинике и врачей хватает.
textdetox@01907546324b0330d2d8b7669648cc18823323e5/ru/000803	ru	0	так и на путина имеются уголовные дела за 90 годы!
textdetox@01907546324b0330d2d8b7669648cc18823323e5/ru/000804	ru	0	родная сестра моего деда - пантелеева кузьмы васильевича.
textdetox@01907546324b0330d2d8b7669648cc18823323e5/ru/000805	ru	0	как хороши старинные дома, но их так мало осталось.
textdetox@01907546324b0330d2d8b7669648cc18823323e5/ru/000806	ru	0	доброго здоровичка тебе и твоей семье!
textdetox@01907546324b0330d2d8b7669648cc18823323e5/ru/000807	ru	0	за все к ответу,пантюркская ультранационалистическую политику азерб.власти
textdetox@01907546324b0330d2d8b7669648cc18823323e5/ru/000808	ru	0	григорьевич намекнул что за своё воюют а чужое не жалко
textdetox@01907546324b0330d2d8b7669648cc18823323e5/ru/000809	ru	0	дай бог чтоб все удачно здоровья тебе малыш
textdetox@01907546324b0330d2d8b7669648cc18823323e5/ru/000810	ru	0	бб чббч доход бонус союзная полянки полянка зоо
textdetox@01907546324b0330d2d8b7669648cc18823323e5/ru/000811	ru	0	нужно эту песню сделать гимном хобаровского края.
textdetox@01907546324b0330d2d8b7669648cc18823323e5/ru/000812	ru	0	нам тоже в пелыме надо такой фонтан!
textdetox@01907546324b0330d2d8b7669648cc18823323e5/ru/000813	ru	0	такая миленькая роспись стен была
textdetox@01907546324b0330d2d8b7669648cc18823323e5/ru/000814	ru	0	как будто лекарства или продукты для пенсионеров дешевле
textdetox@01907546324b0330d2d8b7669648cc18823323e5/ru/000815	ru	0	придёт время и от плюшенко будет все уходить, все империи когда-то рушатся, а он похоже решил создать свою империю.
textdetox@01907546324b0330d2d8b7669648cc18823323e5/ru/000816	ru	0	что бы вернуть нашу родину, думаю для начала нужно во всех городах на площадях им.
textdetox@01907546324b0330d2d8b7669648cc18823323e5/ru/000817	ru	0	ты супер сотворить такую красоту ну ты просто мастер.
textdetox@01907546324b0330d2d8b7669648cc18823323e5/ru/000818	ru	0	в тяжине магазин вега, там всякие есть.
textdetox@01907546324b0330d2d8b7669648cc18823323e5/ru/000819	ru	0	ничего удивительного у нас самая читающая страна вот и транспорт стал грамотный
textdetox@01907546324b0330d2d8b7669648cc18823323e5/ru/000820	ru	0	катя проверь сердце, сходи к кардиологу.
textdetox@01907546324b0330d2d8b7669648cc18823323e5/ru/000821	ru	0	позвоночник конечно основа скилета, но молотком ,это ваще жёстко.
textdetox@01907546324b0330d2d8b7669648cc18823323e5/ru/000822	ru	0	третий поля кукурузой засеял,четвёртый за 18 лет создал то,что мы до сих пор вспоминаем:/я про брежнева/,а уж потом продал.
textdetox@01907546324b0330d2d8b7669648cc18823323e5/ru/000823	ru	0	а забыл :перед горбачёвым ещё один водку выпустил.
textdetox@01907546324b0330d2d8b7669648cc18823323e5/ru/000824	ru	0	да ладно вам живут и слава богу,никто их так любить не будет ,для них это будет такой стресс!
textdetox@01907546324b0330d2d8b7669648cc18823323e5/ru/000825	ru	0	оплатила модный товар детское сп 5 регина андреевна
textdetox@01907546324b0330d2d8b7669648cc18823323e5/ru/000826	ru	0	🐄 умная коровушка, сама себя впрягла!
textdetox@01907546324b0330d2d8b7669648cc18823323e5/ru/000827	ru	0	полный каталог с ценами у меня на странице в альбомах
textdetox@01907546324b0330d2d8b7669648cc18823323e5/ru/000828	ru	0	вопрос неправильный.ездил бы ты на таком если бы подарили?вот так писать надо.
textdetox@01907546324b0330d2d8b7669648cc18823323e5/ru/000829	ru	0	знаки препинания все проставлены правильно , по правилам пунктуации русского языка!
textdetox@01907546324b0330d2d8b7669648cc18823323e5/ru/000830	ru	0	такой вещи простой в хозяйстве не оказалось!
textdetox@01907546324b0330d2d8b7669648cc18823323e5/ru/000831	ru	0	заявка на лидерство в мировой энергетике – это амбициозная задача.
textdetox@01907546324b0330d2d8b7669648cc18823323e5/ru/000832	ru	0	и для ее решения недостаточно лишь наращивать объемы производства и экспорта энергоресурсов.
textdetox@01907546324b0330d2d8b7669648cc18823323e5/ru/000833	ru	0	россия должна стать инициатором и «законодателем мод» в энергетических инновациях, в новых технологиях, в поиске современных форм ресурсо- и недросбережения.
textdetox@01907546324b0330d2d8b7669648cc18823323e5/ru/000834	ru	0	убежден: наша страна, ее топливно-энергетический комплекс и отечественная наука готовы принять такой вызов».это в. путин, 2005 г., и его концепция энергетической сверхдержавы.
textdetox@01907546324b0330d2d8b7669648cc18823323e5/ru/000835	ru	0	а рф вместо энергетической сверхдержавы стало сырьевым придатком,в котором углеводороды на внутреннем рынке стоят дороже, чем идущие на экспорт!
textdetox@01907546324b0330d2d8b7669648cc18823323e5/ru/000836	ru	0	самый быстрый для болгарки и удобный, от велика держатель от бутылки толька железный.
textdetox@01907546324b0330d2d8b7669648cc18823323e5/ru/000837	ru	0	написано,что от единой россии,значит по спискам прошёл
textdetox@01907546324b0330d2d8b7669648cc18823323e5/ru/000838	ru	0	августа день железнодорожника день вдв и ильин день представьте в каком состоянии проснется утром железнодорожник служивший в вдв илья
textdetox@01907546324b0330d2d8b7669648cc18823323e5/ru/000839	ru	0	любимая певица здоровья и всех благ
textdetox@01907546324b0330d2d8b7669648cc18823323e5/ru/000840	ru	0	вы напишите адрес и во сколько..если можно то лучше вечером..
textdetox@01907546324b0330d2d8b7669648cc18823323e5/ru/000841	ru	0	с днём рождения здоровья и пусть вас бог хранит💐💐💐
textdetox@01907546324b0330d2d8b7669648cc18823323e5/ru/000842	ru	0	ну что ж у каждого своя работа.интересно,а зарплату он как получает,с пойком все понятно
textdetox@01907546324b0330d2d8b7669648cc18823323e5/ru/000843	ru	0	сейчас идеалы- деньги народ был дружный и добрый.
textdetox@01907546324b0330d2d8b7669648cc18823323e5/ru/000844	ru	0	поговорят, поговорят, да и отпустят по состоянию здоровья.
textdetox@01907546324b0330d2d8b7669648cc18823323e5/ru/000845	ru	0	молодец,талант,удачи вам молодой человек.
textdetox@01907546324b0330d2d8b7669648cc18823323e5/ru/000846	ru	0	18 метров забор ворота и калитку цену скажите пожалуйста
textdetox@01907546324b0330d2d8b7669648cc18823323e5/ru/000847	ru	0	представляете соседи сверху тоже ходят, а не летают!
textdetox@01907546324b0330d2d8b7669648cc18823323e5/ru/000848	ru	0	не устраивает живите в лесу в избушке там никто не мешает воду в туалете не смывает, ремонты не делает
textdetox@01907546324b0330d2d8b7669648cc18823323e5/ru/000849	ru	0	только хотела написать:и меня возьмите в свою команду!, а тут и вы это же пишите!
textdetox@01907546324b0330d2d8b7669648cc18823323e5/ru/000850	ru	0	да,я тоже на стороне водителя, теперь крутым всё можно
textdetox@01907546324b0330d2d8b7669648cc18823323e5/ru/000851	ru	0	он всего лишь участник этих событий.
textdetox@01907546324b0330d2d8b7669648cc18823323e5/ru/000852	ru	0	всегда есть недовольные и среди церкви,в том числе.
textdetox@01907546324b0330d2d8b7669648cc18823323e5/ru/000853	ru	0	а дворянский класс,жрал рябчиков и ананасы,как и теперь..все повторяется,увы..
textdetox@01907546324b0330d2d8b7669648cc18823323e5/ru/000854	ru	0	из дома, мой заказ положить вместе с дианой долгиновой
textdetox@01907546324b0330d2d8b7669648cc18823323e5/ru/000855	ru	0	приветик пообщаемся меня паша звать
textdetox@01907546324b0330d2d8b7669648cc18823323e5/ru/000856	ru	0	огни, огни, на небе огни, зачем так ярко светят они?
textdetox@01907546324b0330d2d8b7669648cc18823323e5/ru/000857	ru	0	большой контейнер вывезен , а два черных контейнера стоят битком набитые так же территория около контейнера очень грязная .
textdetox@01907546324b0330d2d8b7669648cc18823323e5/ru/000858	ru	0	проще через личный кабинет передавать!!
textdetox@01907546324b0330d2d8b7669648cc18823323e5/ru/000859	ru	0	жизнь его равна монашескому постригу, жизнь без страстей и грехов наших ежедневных..
textdetox@01907546324b0330d2d8b7669648cc18823323e5/ru/000860	ru	0	а в друг на самом деле сделают, ведь южный поток - 0 , северный поток -2 проблемы, а деньги нужны- с кого брать ?
textdetox@01907546324b0330d2d8b7669648cc18823323e5/ru/000861	ru	0	когда у меня будет мешок копченостей, то я и без вас сготовлю, ладно, поищу что-нибудь, попроще, но не менее вкусно
textdetox@01907546324b0330d2d8b7669648cc18823323e5/ru/000862	ru	0	да уже и на митинги ни кто не ходит, только приезжие которые приехали расшатать край.дегтярев ездит по краю и удивляешься, что денег то нет ни чего не сделано, а что и начато стоит и денег нет.
textdetox@01907546324b0330d2d8b7669648cc18823323e5/ru/000863	ru	0	а мы то всю жизнь думали,что сидит девчонка с персиками и не знает с чего же начать ей завтрак..
textdetox@01907546324b0330d2d8b7669648cc18823323e5/ru/000864	ru	0	у женщины собственность-её дети и они неприкосновенны,их защищает государство,дети - самое ценное в государстве и это прописано в конституци.
textdetox@01907546324b0330d2d8b7669648cc18823323e5/ru/000865	ru	0	если вы считаете,что водитель поступил правильно,то вы,видимо,поступили бы также с чужими детьми,и ещё.
textdetox@01907546324b0330d2d8b7669648cc18823323e5/ru/000866	ru	0	а вы можете подождать до 6числа,а я бы выписалась с больницы и сразу купила
textdetox@01907546324b0330d2d8b7669648cc18823323e5/ru/000867	ru	0	ангелочек, благодати тебе господней на всем пути жизни!
textdetox@01907546324b0330d2d8b7669648cc18823323e5/ru/000868	ru	0	вернее до конца года, т.е две четверти, а там видно будет.
textdetox@01907546324b0330d2d8b7669648cc18823323e5/ru/000869	ru	0	ровно на столько,на сколько автор этой темы..
textdetox@01907546324b0330d2d8b7669648cc18823323e5/ru/000870	ru	0	я прочитала, что эти маленькие красные пандочки становятся на задние лапы и растопыривают передние, чтобы казаться страшнее.
textdetox@01907546324b0330d2d8b7669648cc18823323e5/ru/000871	ru	0	кто получил в июне и июле,в августе не получат.
textdetox@01907546324b0330d2d8b7669648cc18823323e5/ru/000872	ru	0	нужна мне помощь да поддержка дружеская, не хватает в хозяйстве вещи малой для дела важного.
textdetox@01907546324b0330d2d8b7669648cc18823323e5/ru/000873	ru	0	мы - оптимисты :-)﻿ и поэтому уже послезавтра вечером: ориентация - север!
textdetox@01907546324b0330d2d8b7669648cc18823323e5/ru/000874	ru	0	мой ур 104. ид 353887337657. играю каждый день, но без фанатизма.
textdetox@01907546324b0330d2d8b7669648cc18823323e5/ru/000875	ru	0	аркадий бог тебе дал красивый голос ты пел и радовал нас своими песнями но очень жаль что ты ушел очень рано !
textdetox@01907546324b0330d2d8b7669648cc18823323e5/ru/000876	ru	0	светлая тебе память мы будем помнить тебя всегда !
textdetox@01907546324b0330d2d8b7669648cc18823323e5/ru/000877	ru	0	как можно заказать и сколько дней доставка.
textdetox@01907546324b0330d2d8b7669648cc18823323e5/ru/000878	ru	0	научись сначало без ошибок писать,а то от зависти чуть не лопнула!
textdetox@01907546324b0330d2d8b7669648cc18823323e5/ru/000879	ru	0	да ,только у зверей и бывает в наше время
textdetox@01907546324b0330d2d8b7669648cc18823323e5/ru/000880	ru	0	радуйтесь утром днём радуйтесь радуйтесь сном вечером и перед
textdetox@01907546324b0330d2d8b7669648cc18823323e5/ru/000881	ru	0	обратитесь к психиатру, это расстройство успешно лечится, и жить вам станет намного легче
textdetox@01907546324b0330d2d8b7669648cc18823323e5/ru/000882	ru	0	спаси господи всех и даруй нам всем здоровья!
textdetox@01907546324b0330d2d8b7669648cc18823323e5/ru/000883	ru	0	а я послушала и поставила класс.как посыпались,как посыпались... прямо не знаю - хоть на работу в 63 не ходи.
textdetox@01907546324b0330d2d8b7669648cc18823323e5/ru/000884	ru	0	подфартило в фортуне, мой выигрыш корм для кошки.
textdetox@01907546324b0330d2d8b7669648cc18823323e5/ru/000885	ru	0	от всей души поздравляю вас с днём рождения!
textdetox@01907546324b0330d2d8b7669648cc18823323e5/ru/000886	ru	0	желаю крепкого здоровья и долгой жизни🌹🌹🌹
textdetox@01907546324b0330d2d8b7669648cc18823323e5/ru/000887	ru	0	ну китайцам надо как-то напоминать об их промахах.
textdetox@01907546324b0330d2d8b7669648cc18823323e5/ru/000888	ru	0	надеюсь у вас сегодня день хорошо прошёл рядышком с зулей.
textdetox@01907546324b0330d2d8b7669648cc18823323e5/ru/000889	ru	0	манзаршо.я тоже хочу ,чтоб у вас все было хорошо.
textdetox@01907546324b0330d2d8b7669648cc18823323e5/ru/000890	ru	0	просто дома побыть,пока одна.
textdetox@01907546324b0330d2d8b7669648cc18823323e5/ru/000891	ru	0	получают те,кто не получил в июле и те у кого детям будет 3 года,рожденные в 2017 году.
textdetox@01907546324b0330d2d8b7669648cc18823323e5/ru/000892	ru	0	красивая пара вы похожи друг на друга здоровья
textdetox@01907546324b0330d2d8b7669648cc18823323e5/ru/000893	ru	0	таких сейчас не делают, от души от сердца все шло.вечная тебе память.
textdetox@01907546324b0330d2d8b7669648cc18823323e5/ru/000894	ru	0	третья дшр второй взвод, третье отделение!
textdetox@01907546324b0330d2d8b7669648cc18823323e5/ru/000895	ru	0	все равно спасибо 😊, у нас есть такие же лавки со специями, надо просто зайти.
textdetox@01907546324b0330d2d8b7669648cc18823323e5/ru/000896	ru	0	я беру всегда что-то определенное, муж ездит в магазин турецких товаров, там набирает.
textdetox@01907546324b0330d2d8b7669648cc18823323e5/ru/000897	ru	0	но много специй я не добавляю, это портит вкус еды.
textdetox@01907546324b0330d2d8b7669648cc18823323e5/ru/000898	ru	0	мужа почти отучила, а то его котлеты невозможно было есть.
textdetox@01907546324b0330d2d8b7669648cc18823323e5/ru/000899	ru	0	цена этих номеров 1300 с вентилятором удобства не в номере а во дворе и на 2 номера эконом на ваши даты забронированы уже
textdetox@01907546324b0330d2d8b7669648cc18823323e5/ru/000900	ru	0	меня вчера отказались обслуживать на открытом рынке....в зеленограде...продавец объяснил,что их будут штрафовать за продажу товара покупателю без маски (уговорить не удалось)...​
textdetox@01907546324b0330d2d8b7669648cc18823323e5/ru/000901	ru	0	они страшно переживают потерю хозяина, долго находятся в стрессе.
textdetox@01907546324b0330d2d8b7669648cc18823323e5/ru/000902	ru	0	с днем рождения,здоровья,счастья большого и всего самого светлого и доброго!
textdetox@01907546324b0330d2d8b7669648cc18823323e5/ru/000903	ru	0	можно с вывозом из деревень в любом обьеме
textdetox@01907546324b0330d2d8b7669648cc18823323e5/ru/000904	ru	0	!я в игре ребята сейчас буду разбираться что к чему
textdetox@01907546324b0330d2d8b7669648cc18823323e5/ru/000905	ru	0	​моё восхищение мужеством и жизнерадостью этого парня!
textdetox@01907546324b0330d2d8b7669648cc18823323e5/ru/000906	ru	0	легче не придумаешь,могу поменяться местами.
textdetox@01907546324b0330d2d8b7669648cc18823323e5/ru/000907	ru	0	какую ерунду пишут,ну что деревенские ,так не люди?
textdetox@01907546324b0330d2d8b7669648cc18823323e5/ru/000908	ru	0	кусочки неба на земле палящим августом согреты, на волевом своем челе вы поправляете береты.
textdetox@01907546324b0330d2d8b7669648cc18823323e5/ru/000909	ru	0	«ура» сегодня в вашу честь: за силу, доблесть и таланты; за то, что у страны вы есть; за день воздушного десанта!
textdetox@01907546324b0330d2d8b7669648cc18823323e5/ru/000910	ru	0	какой-то новый перевод есть у этого слова?
textdetox@01907546324b0330d2d8b7669648cc18823323e5/ru/000911	ru	0	старая застава законсервирована ,но питомник работает .
textdetox@01907546324b0330d2d8b7669648cc18823323e5/ru/000912	ru	0	да вы просто завидуете а какое должно быть обтянутое спорт костюм или с глубоким до пупа вырезом это ж торжество
textdetox@01907546324b0330d2d8b7669648cc18823323e5/ru/000913	ru	0	хорошо в исполкоме отвечают.кто нить знает за черниговский, когда вода будет?
textdetox@01907546324b0330d2d8b7669648cc18823323e5/ru/000914	ru	0	это прибор дёргать ресницы великанам из сказки про гулливера !
textdetox@01907546324b0330d2d8b7669648cc18823323e5/ru/000915	ru	0	звериноголовский район сколько не боролся,все равно далур начал раскопки
textdetox@01907546324b0330d2d8b7669648cc18823323e5/ru/000916	ru	0	на разных кустах может быть черемуха с разным вкусом.
textdetox@01907546324b0330d2d8b7669648cc18823323e5/ru/000917	ru	0	рот черный, одежда в пятнах, но радости море!
textdetox@01907546324b0330d2d8b7669648cc18823323e5/ru/000918	ru	0	вы займитесь таким же делом сделайте дешевле не о манывайте людей, а потом расскажете получилось или нет
textdetox@01907546324b0330d2d8b7669648cc18823323e5/ru/000919	ru	0	ну да,на костях куда удобней)))как говорит мой мужчина-я оцарапаться о любимую не хочу!!
textdetox@01907546324b0330d2d8b7669648cc18823323e5/ru/000920	ru	0	если раздавить вилкой , то наверно отварная.
textdetox@01907546324b0330d2d8b7669648cc18823323e5/ru/000921	ru	0	можно сделать отвар из ореховой листвы или лаврового листа и разбавить этот раствор водной тёплой и купать каждый день.
textdetox@01907546324b0330d2d8b7669648cc18823323e5/ru/000922	ru	0	один шаг москвы и экономика белой руси ухнется,белорусия держится на основе торговых договоренностей.
textdetox@01907546324b0330d2d8b7669648cc18823323e5/ru/000923	ru	0	— благодарю за комплимент,— но не успела она проронить и слова, как рэй словно молния потащила леди к воде.
textdetox@01907546324b0330d2d8b7669648cc18823323e5/ru/000924	ru	0	брюнетка и не заметила, как ее шляпа слетела с головы, а тело погружалось в воду.
textdetox@01907546324b0330d2d8b7669648cc18823323e5/ru/000925	ru	0	персефона начала прыскать водой на девушку и смеяться — я здесь персефона, юная леди!
textdetox@01907546324b0330d2d8b7669648cc18823323e5/ru/000926	ru	0	классы надо не набирать а заканчивать в школе!
textdetox@01907546324b0330d2d8b7669648cc18823323e5/ru/000927	ru	0	да у нас только одна партия принимает законы единая россия, такое ощущение что больше партий нет.
textdetox@01907546324b0330d2d8b7669648cc18823323e5/ru/000928	ru	0	одни налоги повышают, да сокращают простых рабочих.
textdetox@01907546324b0330d2d8b7669648cc18823323e5/ru/000929	ru	0	я делаю так: 3 яйца стакан сахара стакан муки ванилин 2-3 яблока
textdetox@01907546324b0330d2d8b7669648cc18823323e5/ru/000930	ru	0	таня, простуда для тебя конечно проблема,но, показатели крови говорят о том, что ты от инфекции не звщищена.вот и прилипла какая-то.а может и просто дунуло сквозняком и все.лечись травками, чайком с малиной.
textdetox@01907546324b0330d2d8b7669648cc18823323e5/ru/000931	ru	0	молчание их нам не понятно, ведь вы там все вершите законы.
textdetox@01907546324b0330d2d8b7669648cc18823323e5/ru/000932	ru	0	там и читать нечего наверно по виду дамы
textdetox@01907546324b0330d2d8b7669648cc18823323e5/ru/000933	ru	0	умница ребёнок, будут следы, на память круто 😎
textdetox@01907546324b0330d2d8b7669648cc18823323e5/ru/000934	ru	0	вещи добротные, обувь тоже, могли переходить от старшего к младшему и ничего не перекашивалось и не облазило👫, не то что теперь - разовое.
textdetox@01907546324b0330d2d8b7669648cc18823323e5/ru/000935	ru	0	свидетельницу тоже надо посадить на 50 лет тогда всё будет нормально а ефремова по жизнино
textdetox@01907546324b0330d2d8b7669648cc18823323e5/ru/000936	ru	0	а в данном случае класс это хорошо или плохо?
textdetox@01907546324b0330d2d8b7669648cc18823323e5/ru/000937	ru	0	пора определиться , чтобы была ясность.
textdetox@01907546324b0330d2d8b7669648cc18823323e5/ru/000938	ru	0	в великобританию и так самолёты летали, вывозили золото и элита летала
textdetox@01907546324b0330d2d8b7669648cc18823323e5/ru/000939	ru	0	я думала самой крепкой парой была семья софии ротару
textdetox@01907546324b0330d2d8b7669648cc18823323e5/ru/000940	ru	0	да сколько уже можно гонять это, надоело, новерно уже 4 или 5 раз,
textdetox@01907546324b0330d2d8b7669648cc18823323e5/ru/000941	ru	0	здравствуйте по какому адресу можно посмотреть костюмы
textdetox@01907546324b0330d2d8b7669648cc18823323e5/ru/000942	ru	0	спасибо вам что не оставили это дело,а вдруг собака жива,и вы ее найдете,я готова буду скинуть немного денег на лечение собака,лишь бы она была жива
textdetox@01907546324b0330d2d8b7669648cc18823323e5/ru/000943	ru	0	почему ни кто не даст объяснение по поводу ношения масок или распираторы на производствах?
textdetox@01907546324b0330d2d8b7669648cc18823323e5/ru/000944	ru	0	персонал, на таких производствах всю смену ходит в рапираторах, и так они ходят, каждый рабочий день, из месяца в месяц и из года в год.
textdetox@01907546324b0330d2d8b7669648cc18823323e5/ru/000945	ru	0	или с 1-11 пункт старая фамилия а 12 уже новая?
textdetox@01907546324b0330d2d8b7669648cc18823323e5/ru/000946	ru	0	да, рыбка бооооольшая, еще долго будет по ленте плавать😜😜😜😜😜
textdetox@01907546324b0330d2d8b7669648cc18823323e5/ru/000947	ru	0	вот агрессивная политика запада и сша , она явная и ничем не прикрытая и вообще в сё в мире работает и живёт с позиции силы .
textdetox@01907546324b0330d2d8b7669648cc18823323e5/ru/000948	ru	0	кто более сильный , того и больше уважают
textdetox@01907546324b0330d2d8b7669648cc18823323e5/ru/000949	ru	0	доброе утро хорошего настроения прекрасного дня и всего хромосом
textdetox@01907546324b0330d2d8b7669648cc18823323e5/ru/000950	ru	0	спасибо,дорогие земляки за добрые дела.в сентябре встретимся в библиотеке илека.
textdetox@01907546324b0330d2d8b7669648cc18823323e5/ru/000951	ru	0	привезу свою книгу, там и об илецком городке 1773 года.
textdetox@01907546324b0330d2d8b7669648cc18823323e5/ru/000952	ru	0	может кто знает, когда откроют границу с лнр?
textdetox@01907546324b0330d2d8b7669648cc18823323e5/ru/000953	ru	0	скорпион полностью доверяет только себе!
textdetox@01907546324b0330d2d8b7669648cc18823323e5/ru/000954	ru	0	хорошая защита доя дома и прекрасный друг для семьи!
textdetox@01907546324b0330d2d8b7669648cc18823323e5/ru/000955	ru	0	спосибо большое！ купили рахат лукуме, очень хорошее.
textdetox@01907546324b0330d2d8b7669648cc18823323e5/ru/000956	ru	0	димаш!с праздником тебя,творческих успехов,удачи во всем.
textdetox@01907546324b0330d2d8b7669648cc18823323e5/ru/000957	ru	0	форма ногтей очень красивая сколько стоят и где
textdetox@01907546324b0330d2d8b7669648cc18823323e5/ru/000958	ru	0	царица небесная,защити нас под покровом твоим.
textdetox@01907546324b0330d2d8b7669648cc18823323e5/ru/000959	ru	0	подарю розовый цветок аромамасло базальтовые камни початки кукурузы молоток шитый кошелек
textdetox@01907546324b0330d2d8b7669648cc18823323e5/ru/000960	ru	0	https://gvkg.rosgvard.ru/ ранее индекс был другой.
textdetox@01907546324b0330d2d8b7669648cc18823323e5/ru/000961	ru	0	актуальный адрес можно взять на официальном сайте.
textdetox@01907546324b0330d2d8b7669648cc18823323e5/ru/000962	ru	0	какие шутки, когда творится бог знает что.
textdetox@01907546324b0330d2d8b7669648cc18823323e5/ru/000963	ru	0	как жить в таком городе.... а потом удивляемся откуда у нас столько онкологических больных.
textdetox@01907546324b0330d2d8b7669648cc18823323e5/ru/000964	ru	0	а варежки в какую цену?и есть ли мужские
textdetox@01907546324b0330d2d8b7669648cc18823323e5/ru/000965	ru	0	по кретова вчера камазом-мусоровозом собирали, после суточного невывоза.
textdetox@01907546324b0330d2d8b7669648cc18823323e5/ru/000966	ru	0	привет сергей, его мат не шифруют потому что он слова пробелом делит
textdetox@01907546324b0330d2d8b7669648cc18823323e5/ru/000967	ru	0	значит два других острых угла равны
textdetox@01907546324b0330d2d8b7669648cc18823323e5/ru/000968	ru	0	а я могу сфоткать куст помидоров в пруду и ключике всю жизнь ездила на поездах, но не видела,что помидоры растут у ж д дороги
textdetox@01907546324b0330d2d8b7669648cc18823323e5/ru/000969	ru	0	а чтож его не удаляют .- тем более тот ком что я писал маришки - и там нет ругани
textdetox@01907546324b0330d2d8b7669648cc18823323e5/ru/000970	ru	0	очень старий рецепт, не могла найти пропорции - спасибо)))
textdetox@01907546324b0330d2d8b7669648cc18823323e5/ru/000971	ru	0	это всё деньги, деньги и ничего личного, когда только они подавятся ими.
textdetox@01907546324b0330d2d8b7669648cc18823323e5/ru/000972	ru	0	нужна мазь для лекаря в долине фараонов активен
textdetox@01907546324b0330d2d8b7669648cc18823323e5/ru/000973	ru	0	кто не может нести ответственность за своих домашних животных - не заводите их.
textdetox@01907546324b0330d2d8b7669648cc18823323e5/ru/000974	ru	0	в лихие 90-е это было весьма актуально, тогда каждый день кого-нибудь стреляли
textdetox@01907546324b0330d2d8b7669648cc18823323e5/ru/000975	ru	0	такое чувство, что доктор преображенский все ещё жив и активно продолжает оперировать «шариков»
textdetox@01907546324b0330d2d8b7669648cc18823323e5/ru/000976	ru	0	замечательный человек, справедливый, честный, мужественный, дай бог здоровья и сил.
textdetox@01907546324b0330d2d8b7669648cc18823323e5/ru/000977	ru	0	без крышки не стоит вообще брать,каждый день мусор выносим,но запах к вечеру уже ощущается 🤭
textdetox@01907546324b0330d2d8b7669648cc18823323e5/ru/000978	ru	0	желаю тебе всего самого наилучшего а главное здоровья
textdetox@01907546324b0330d2d8b7669648cc18823323e5/ru/000979	ru	0	матрасы можно посмотреть на сайте линто, цена такая же
textdetox@01907546324b0330d2d8b7669648cc18823323e5/ru/000980	ru	0	сколько стоит такая конструкция над стиральной машине?
textdetox@01907546324b0330d2d8b7669648cc18823323e5/ru/000981	ru	0	девочки, а с 3 до 7 платят вместе с обычными выплатами ?
textdetox@01907546324b0330d2d8b7669648cc18823323e5/ru/000982	ru	0	ну им лишь бы выть по любому поводу одним словом либшиза
textdetox@01907546324b0330d2d8b7669648cc18823323e5/ru/000983	ru	0	человек с большим и добрым сердцем , побольше бы таких !
textdetox@01907546324b0330d2d8b7669648cc18823323e5/ru/000984	ru	0	братишка с днём рождения тебя здоровья тебе остальное само придёт за пв !
textdetox@01907546324b0330d2d8b7669648cc18823323e5/ru/000985	ru	0	оксана, тебе надо срочно выйти замуж!
textdetox@01907546324b0330d2d8b7669648cc18823323e5/ru/000986	ru	0	вы правы,что то случилось.мы же ещё живы,жили и сейчас живём.всяко жили и властью были не довольны.но такого безумия,как сейчас не было.
textdetox@01907546324b0330d2d8b7669648cc18823323e5/ru/000987	ru	0	приезжай в москву, встретимся а там может и до загса не далеко, будет видно,при встречи.
textdetox@01907546324b0330d2d8b7669648cc18823323e5/ru/000988	ru	0	раз кредит ..значить опять воровать будут.такая примета
textdetox@01907546324b0330d2d8b7669648cc18823323e5/ru/000989	ru	0	топтать асфальт будут и до морозов, и всё равно будут топтать, только наверное ничего не вытопчат, неужели же не поняли ещё протестующие что ничего не выгорит.
textdetox@01907546324b0330d2d8b7669648cc18823323e5/ru/000990	ru	0	стоит как последняя шестёрка, на заднем плане.
textdetox@01907546324b0330d2d8b7669648cc18823323e5/ru/000991	ru	0	б тиll оd фильтр ч хит к крупный опт детские товары то де детская цвет горка синий к ч р
textdetox@01907546324b0330d2d8b7669648cc18823323e5/ru/000992	ru	0	может кому нужны куриные шкурки для собак.
textdetox@01907546324b0330d2d8b7669648cc18823323e5/ru/000993	ru	0	есть примерно кг 4 , забрать можно на селиванова.
textdetox@01907546324b0330d2d8b7669648cc18823323e5/ru/000994	ru	0	брянцы получают эффективное и своевременное лечение.
textdetox@01907546324b0330d2d8b7669648cc18823323e5/ru/000995	ru	0	особенно, учитывая то, что в брянске остался всего 1(!)
textdetox@01907546324b0330d2d8b7669648cc18823323e5/ru/000996	ru	0	госпиталь, принимающий заражённых, а больше половины положительных лечатся амбулаторно (читай - просто сидят дома, по предписанию, и ждут результатов повторных анализов)!
textdetox@01907546324b0330d2d8b7669648cc18823323e5/ru/000997	ru	0	для 20 очень даже шикарная девушка, класс.
textdetox@01907546324b0330d2d8b7669648cc18823323e5/ru/000998	ru	0	жизнь начинайте надежде с утра в что сегодня будет прежде еще лучше чем доброе утро и ар
textdetox@01907546324b0330d2d8b7669648cc18823323e5/ru/000999	ru	0	конфискации мало , для справедливости ещё и ответственность нужно ввести за не трудовые доходы и доходы преобретённые не законным путём
textdetox@01907546324b0330d2d8b7669648cc18823323e5/ru/001000	ru	0	водители тоже люди,всегда рискуешь, когда садишься в транспорт, даже в городской.соболезную, жалко людей
textdetox@01907546324b0330d2d8b7669648cc18823323e5/ru/001001	ru	0	хабаровска в аэропорт прибыл спецназ с но северного кавказа ребятам из спецназа что же пояснили сразу москва не здесь можно не улететь
textdetox@01907546324b0330d2d8b7669648cc18823323e5/ru/001002	ru	0	рано или поздно поймут люди потерять легко вернуть порою невозможно
textdetox@01907546324b0330d2d8b7669648cc18823323e5/ru/001003	ru	0	всем кого беспокоят шишки на ногах, делюсь методикой которой поможет полностью их убрать.
textdetox@01907546324b0330d2d8b7669648cc18823323e5/ru/001004	ru	0	лично сама по этому методу убрала их и соседки мои тоже восторге что без операции добились превосходного результата.
textdetox@01907546324b0330d2d8b7669648cc18823323e5/ru/001005	ru	0	не чего подобного, керамика частных минифабрик и мастеров на высшем уровне, цена во многом зависит от росписи.
textdetox@01907546324b0330d2d8b7669648cc18823323e5/ru/001006	ru	0	я тоже,хотя не был в белоруссии, были мои братишки, которые восхищаются ею.
textdetox@01907546324b0330d2d8b7669648cc18823323e5/ru/001007	ru	0	там порядка больше, чем даже в германии-всё чисто,аккуратно, даже внутри леса поболены камни, одним словом-молодец батька!
textdetox@01907546324b0330d2d8b7669648cc18823323e5/ru/001008	ru	0	лисклад хранения накладная циолковского выдачи пункт оо дата оов дрожжинова екатерина организатора о фио склад ип климова к в кому фио получателя кал ла товара наименование яшина наталья садовод
textdetox@01907546324b0330d2d8b7669648cc18823323e5/ru/001009	ru	0	бедная женщина.что же должен был творить отпрыск чтоб бы мать смогла такое сотворить
textdetox@01907546324b0330d2d8b7669648cc18823323e5/ru/001010	ru	0	в браузере опера голосовой помощник алиса недоступен и никогда не будет доступен-это с каких пор он недоступен-то?
textdetox@01907546324b0330d2d8b7669648cc18823323e5/ru/001011	ru	0	тебе вместо бровсека уже советовали расширение fast proxy-ты когда советы читать начнёшь?
textdetox@01907546324b0330d2d8b7669648cc18823323e5/ru/001012	ru	0	молодчина!обязательно разведу этот сорт.у анюты просто должна расти такая анюта.а это вы его сами так назвали или был такой сорт.я что-то никогда раньше не слышала о таком.
textdetox@01907546324b0330d2d8b7669648cc18823323e5/ru/001013	ru	0	ой ... я прямо смеюсь ... ведьма в наше время определяется совсем не фигурой ...
textdetox@01907546324b0330d2d8b7669648cc18823323e5/ru/001014	ru	0	этим бабушкам крест при жизни ставить надо
textdetox@01907546324b0330d2d8b7669648cc18823323e5/ru/001015	ru	0	у меня все любимые песни эмина ♥️♥️♥️✌️✊👍🔥🔥🔥
textdetox@01907546324b0330d2d8b7669648cc18823323e5/ru/001016	ru	0	и вместе вдох, и вместе выдох, и небо на двоих одно, и свет из глаз полуоткрытых... желания терпкое вино.
textdetox@01907546324b0330d2d8b7669648cc18823323e5/ru/001017	ru	0	дыхания жаркого волна.. нас с головою накрывает... и гребнем выгнута спина.
textdetox@01907546324b0330d2d8b7669648cc18823323e5/ru/001018	ru	0	собаке все равно,что он бездомный, зато с большой д
textdetox@01907546324b0330d2d8b7669648cc18823323e5/ru/001019	ru	0	наверное не надо от кого -то ничего ожидать и не будет разочарование..
textdetox@01907546324b0330d2d8b7669648cc18823323e5/ru/001020	ru	0	а если бы твоего мужа убили, что бы ты говорила 🤦
textdetox@01907546324b0330d2d8b7669648cc18823323e5/ru/001021	ru	0	зря показали, теперь во всех школах страны с первого класса введут!!!
textdetox@01907546324b0330d2d8b7669648cc18823323e5/ru/001022	ru	0	центральная, 46 с 9 00 до 20.00 позвонить по номеру 89142112005 фаридун.
textdetox@01907546324b0330d2d8b7669648cc18823323e5/ru/001023	ru	0	а если просто стиралкой и яичницу жарить не умеет, то фигня война, главное манёвры.
textdetox@01907546324b0330d2d8b7669648cc18823323e5/ru/001024	ru	0	красивая девушка вы прекрасны как боженский ангел
textdetox@01907546324b0330d2d8b7669648cc18823323e5/ru/001025	ru	0	друзья мои верные, выручайте в трудном деле!
textdetox@01907546324b0330d2d8b7669648cc18823323e5/ru/001026	ru	0	для того чтобы задачу непростую выполнить нужна мне вещь редкая.
textdetox@01907546324b0330d2d8b7669648cc18823323e5/ru/001027	ru	0	видел две фото, в одном фото иглы от шприца но только увеличенным микроскопом и иглу ёжика.
textdetox@01907546324b0330d2d8b7669648cc18823323e5/ru/001028	ru	0	всех навестила принимайте работу - кормила живность
textdetox@01907546324b0330d2d8b7669648cc18823323e5/ru/001029	ru	0	что- все певцы и певички рванули назад в россию!
textdetox@01907546324b0330d2d8b7669648cc18823323e5/ru/001030	ru	0	вы так точно описали, сам дух покоя и мира в душе, который присутствовал каждое утро в родительском доме.
textdetox@01907546324b0330d2d8b7669648cc18823323e5/ru/001031	ru	0	люди общались и не боялись ничего, кроме войны.
textdetox@01907546324b0330d2d8b7669648cc18823323e5/ru/001032	ru	0	читал отзывы, механизм поворота барабана глючит, как всегда после сборки обработать напильником.
textdetox@01907546324b0330d2d8b7669648cc18823323e5/ru/001033	ru	0	одни и те же слова, словарный запас очень маленький, не для ведущего федерального канала.
textdetox@01907546324b0330d2d8b7669648cc18823323e5/ru/001034	ru	0	присмотритесь и послушайте встретили свою любовь всей жизни, а как это случилось?, и т. д.
textdetox@01907546324b0330d2d8b7669648cc18823323e5/ru/001035	ru	0	девушки, привет, закиньте видео как научиться доче красивые косы делать.
textdetox@01907546324b0330d2d8b7669648cc18823323e5/ru/001036	ru	0	тел для справок: 8-9236927706 или стационарный в рабочее время 24-177
textdetox@01907546324b0330d2d8b7669648cc18823323e5/ru/001037	ru	0	уже и до наших кавминвод дотянулись федеральные руки.
textdetox@01907546324b0330d2d8b7669648cc18823323e5/ru/001038	ru	0	аэропорт строили наши деды, отцы , мужья минераловодцы , а теперь он и минеральным водам не принадлежит.
textdetox@01907546324b0330d2d8b7669648cc18823323e5/ru/001039	ru	0	вот у меня вопрос, даже не к автору, а вообще.
textdetox@01907546324b0330d2d8b7669648cc18823323e5/ru/001040	ru	0	когда пишут все вопросы и предложения в лс - это куда?
textdetox@01907546324b0330d2d8b7669648cc18823323e5/ru/001041	ru	0	чтобы была аджика сухая, грецкий орех ложить до края, сладкий перец ложить нельзя, будет много вода.
textdetox@01907546324b0330d2d8b7669648cc18823323e5/ru/001042	ru	0	сан саныч, не принимай это близко к сердцу - это новодельщики резвятся.
textdetox@01907546324b0330d2d8b7669648cc18823323e5/ru/001043	ru	0	сами себя воспитывали,сами за себя отвечали,а ответственность не только за себя был -дом,огород и скотины полный двор,ничего справлялись!
textdetox@01907546324b0330d2d8b7669648cc18823323e5/ru/001044	ru	0	в каменске- шахтинском, все подали заявления, вплоть до водителей скорой.по телеку показали, до кремля дошло, и сразу проверки, верю что деньги на з.п.
textdetox@01907546324b0330d2d8b7669648cc18823323e5/ru/001045	ru	0	зачем путину косить под русского мужика он ведь еврей
textdetox@01907546324b0330d2d8b7669648cc18823323e5/ru/001046	ru	0	это точно такие и были дети войны .по словам моей бабушки .
textdetox@01907546324b0330d2d8b7669648cc18823323e5/ru/001047	ru	0	дамам весомых достоинств изящные трусики от hm,размер xl(56),цвет черный, кружево и хлопок с кружевом, 700руб\шт, в наличии 2.
textdetox@01907546324b0330d2d8b7669648cc18823323e5/ru/001048	ru	0	а у меня было уже двое детей или мне было бы 26
textdetox@01907546324b0330d2d8b7669648cc18823323e5/ru/001049	ru	0	эколлаген вокруг глаз канча рубль
textdetox@01907546324b0330d2d8b7669648cc18823323e5/ru/001050	ru	0	я имела ввиду мальчика, он шикарен, а девочка всегда была милашка.
textdetox@01907546324b0330d2d8b7669648cc18823323e5/ru/001051	ru	0	и кстати, вот интересно браун скромный был и в детстве, таким и остался.
textdetox@01907546324b0330d2d8b7669648cc18823323e5/ru/001052	ru	0	по статистике - на одного мужчину приходится 3 женщины!!!!
textdetox@01907546324b0330d2d8b7669648cc18823323e5/ru/001053	ru	0	если применить ваш метод то они совсем исчезнут как динозавры или мамонты!!!!!
textdetox@01907546324b0330d2d8b7669648cc18823323e5/ru/001054	ru	0	так греки- православные.как и русские.грузины,албанцы,сербы,болгары - православные.такие же как русские.а армяне не православные.
textdetox@01907546324b0330d2d8b7669648cc18823323e5/ru/001055	ru	0	скажу как минимум от себя: мы все давали присягу беречь наших граждан и родину, и сейчас как родина так и наши рядовые граждане в беде!
textdetox@01907546324b0330d2d8b7669648cc18823323e5/ru/001056	ru	0	погранцы, и вмф с вами, и пора уже вставать плечом к плеку, и отстаивать наши интересы, интересы родины и её граждан, женщин, детей и стариков!!
textdetox@01907546324b0330d2d8b7669648cc18823323e5/ru/001057	ru	0	тебе самой не стыдно себя прелогать ?
textdetox@01907546324b0330d2d8b7669648cc18823323e5/ru/001058	ru	0	остался перец,если да то я весь заберу
textdetox@01907546324b0330d2d8b7669648cc18823323e5/ru/001059	ru	0	умница,да еще и красива,бес сомнения-это будет настоящая женщина и прекрасная мать.счастья тебе и только вперед.
textdetox@01907546324b0330d2d8b7669648cc18823323e5/ru/001060	ru	0	супер 👏 очень красиво 😍 какая цена на фуксии и сколько стоит пересылка ?
textdetox@01907546324b0330d2d8b7669648cc18823323e5/ru/001061	ru	0	1968-1970 дебрецен 74857, комаром 32468, т-62!
textdetox@01907546324b0330d2d8b7669648cc18823323e5/ru/001062	ru	0	андрей, я делаю тебе скидку и не обижаюсь, давай завтра поговорим.
textdetox@01907546324b0330d2d8b7669648cc18823323e5/ru/001063	ru	0	классные артисты- их знает по телефильмам весь мир
textdetox@01907546324b0330d2d8b7669648cc18823323e5/ru/001064	ru	0	да и фото, видно, только часть улова, остальное определили уже, куда следует.
textdetox@01907546324b0330d2d8b7669648cc18823323e5/ru/001065	ru	0	каждый день за 100 идет, а мы все открываем, карантине отменяем, туристов принимаем и т.д.
textdetox@01907546324b0330d2d8b7669648cc18823323e5/ru/001066	ru	0	подождём немного ему ещё медаль вручат что всего одного человека убил
textdetox@01907546324b0330d2d8b7669648cc18823323e5/ru/001067	ru	0	у деда случилось с головой, а кто её знает это скорей всего возрастное.
textdetox@01907546324b0330d2d8b7669648cc18823323e5/ru/001068	ru	0	ты этим словом оскорбил конкретно человека!!!!
textdetox@01907546324b0330d2d8b7669648cc18823323e5/ru/001069	ru	0	если чё я на племе,, салам алейкум всем и доброго вечер ✋
textdetox@01907546324b0330d2d8b7669648cc18823323e5/ru/001070	ru	0	оплатила 04 08.2020 в 21:39 сумма 713 руб с карты 7731 мацаценко нина в. мне, скорее всего посылкой.
textdetox@01907546324b0330d2d8b7669648cc18823323e5/ru/001071	ru	0	люблю ее творчество,люблю ее элегантные наряды,здоровья,здоровья и ещё раз здоровья!!
textdetox@01907546324b0330d2d8b7669648cc18823323e5/ru/001072	ru	0	а где вы сейчас видели абсолютную монархию,если только в каком нибудь африканском племени.
textdetox@01907546324b0330d2d8b7669648cc18823323e5/ru/001073	ru	0	мне кажется и порадоваться можно ,если пенсионер едет действительно отдыхать!
textdetox@01907546324b0330d2d8b7669648cc18823323e5/ru/001074	ru	0	и я рада за тех пенсионеров, что могут себе это позволить
textdetox@01907546324b0330d2d8b7669648cc18823323e5/ru/001075	ru	0	умничка золотые ручки желаю счастья и добра!!
textdetox@01907546324b0330d2d8b7669648cc18823323e5/ru/001076	ru	0	честно - предыдущий заблокировали, мол, такие сборы не по правилам одноклассников..
textdetox@01907546324b0330d2d8b7669648cc18823323e5/ru/001077	ru	0	они хоть знают как эти самые дороги выглядят?
textdetox@01907546324b0330d2d8b7669648cc18823323e5/ru/001078	ru	0	гриб рядом с машиной- работает всегда на 100%
textdetox@01907546324b0330d2d8b7669648cc18823323e5/ru/001079	ru	0	а вчера прибегала в наш двор охотиться за кошками... живем на самом краю города в многоэтажных домах.
textdetox@01907546324b0330d2d8b7669648cc18823323e5/ru/001080	ru	0	лисы перестали бояться и людей, и машин, и собак.
textdetox@01907546324b0330d2d8b7669648cc18823323e5/ru/001081	ru	0	человек при гриппе не получал подобные симптомы, когда у него происходило заболевание лёгких.
textdetox@01907546324b0330d2d8b7669648cc18823323e5/ru/001082	ru	0	дом отлично подойдёт для проживания пока идёт строительство нового.
textdetox@01907546324b0330d2d8b7669648cc18823323e5/ru/001083	ru	0	участок в 11,5 соток позволить строить без сноса.
textdetox@01907546324b0330d2d8b7669648cc18823323e5/ru/001084	ru	0	газовая труба рядом, вода рядом.
textdetox@01907546324b0330d2d8b7669648cc18823323e5/ru/001085	ru	0	дом требует определенного внимания, но вы должны понимать, что он продается почти по цене голой земли.
textdetox@01907546324b0330d2d8b7669648cc18823323e5/ru/001086	ru	0	подскажите пожалуйста, где можно сделать узи сердце?
textdetox@01907546324b0330d2d8b7669648cc18823323e5/ru/001087	ru	0	приезжают, оказывают помощь, уколы, таблетки и всё от них зависящее делают.
textdetox@01907546324b0330d2d8b7669648cc18823323e5/ru/001088	ru	0	и сопереживают и с рук на руки в приемный покой передают.
textdetox@01907546324b0330d2d8b7669648cc18823323e5/ru/001089	ru	0	если хочешь меня пиши личку
textdetox@01907546324b0330d2d8b7669648cc18823323e5/ru/001090	ru	0	так ты же можешь сказать базу, я голосовала онлайн кстати, иди, оформи на меня ипотеку
textdetox@01907546324b0330d2d8b7669648cc18823323e5/ru/001091	ru	0	я практику делала 3 дня подряд, видела как мы с дочерью бежали по траве и шел дождь
textdetox@01907546324b0330d2d8b7669648cc18823323e5/ru/001092	ru	0	у некоторых категорий бюджетников сейчас зарплаты такие - комбинатовские позавидуют
textdetox@01907546324b0330d2d8b7669648cc18823323e5/ru/001093	ru	0	всех что-то не устраивает, чем-то не довольны.
textdetox@01907546324b0330d2d8b7669648cc18823323e5/ru/001094	ru	0	у меня к вам вопрос что нужно делать и как это осуществить?
textdetox@01907546324b0330d2d8b7669648cc18823323e5/ru/001095	ru	0	адрес дай где машину посмотреть или трубку возьми
textdetox@01907546324b0330d2d8b7669648cc18823323e5/ru/001096	ru	0	такие маршрутки на канонерку ходили очень давно.
textdetox@01907546324b0330d2d8b7669648cc18823323e5/ru/001097	ru	0	он показал себя лживый непризнание своих поступков, для меня не человек моё мнение 👎👎👎
textdetox@01907546324b0330d2d8b7669648cc18823323e5/ru/001098	ru	0	особенно на сто такие цыфры озвучивают просто с неба .
textdetox@01907546324b0330d2d8b7669648cc18823323e5/ru/001099	ru	0	а с кяхты в бичуру есть вообще микрик?
textdetox@01907546324b0330d2d8b7669648cc18823323e5/ru/001100	ru	0	ты знаешь , бог , я сказочно богата : я вижу небо, желтую листву , как плачет солнце в лучиках заката , и прячется кузнечик за траву .
textdetox@01907546324b0330d2d8b7669648cc18823323e5/ru/001101	ru	0	я за водителя вижу таких пассажиров через день
textdetox@01907546324b0330d2d8b7669648cc18823323e5/ru/001102	ru	0	ищу связку трав или чашу углей жрице
textdetox@01907546324b0330d2d8b7669648cc18823323e5/ru/001103	ru	0	возможность у них есть и финансы есть,а вот желания нет лучше карманы свои набить для них это важно
textdetox@01907546324b0330d2d8b7669648cc18823323e5/ru/001104	ru	0	кстати,лаванда именно такая,а никакая не горная.
textdetox@01907546324b0330d2d8b7669648cc18823323e5/ru/001105	ru	0	я просто человеку объяснила что это не один и тот же магазин.чтобы потом не было недопонимания между людьми.
textdetox@01907546324b0330d2d8b7669648cc18823323e5/ru/001106	ru	0	или в собственной квартире, как было с преподавательницей одного из вузов, или со студенткой того же самого вуза.
textdetox@01907546324b0330d2d8b7669648cc18823323e5/ru/001107	ru	0	ужасно, что в городе есть такие преступники, и во всех случаях они должны понести наказание.
textdetox@01907546324b0330d2d8b7669648cc18823323e5/ru/001108	ru	0	при этом,как правило, просят отозваться свидетелей, практически всегда.
textdetox@01907546324b0330d2d8b7669648cc18823323e5/ru/001109	ru	0	даже если пропадают никому не известные пенсионеры, дети, или не вполне адекватные никому не известные люди.
textdetox@01907546324b0330d2d8b7669648cc18823323e5/ru/001110	ru	0	а грузовой речпорт находится ниже по течению.
textdetox@01907546324b0330d2d8b7669648cc18823323e5/ru/001111	ru	0	и не было сколиоза у школьников,с 1 по 8 класс сидела за такой партой
textdetox@01907546324b0330d2d8b7669648cc18823323e5/ru/001112	ru	0	составляющие жидкие, а мазь получилась - ложка стоит.
textdetox@01907546324b0330d2d8b7669648cc18823323e5/ru/001113	ru	0	мощность какая, чей завод делает, хоть в инете.
textdetox@01907546324b0330d2d8b7669648cc18823323e5/ru/001114	ru	0	а сейчас разрешена рубка леса для бама и транссиба !
textdetox@01907546324b0330d2d8b7669648cc18823323e5/ru/001115	ru	0	нет бы порадоваться за парня,показывает себя достаточно неплохо в одной из лучших лиг мира,зачем вот обязательно всё политизировать?
textdetox@01907546324b0330d2d8b7669648cc18823323e5/ru/001116	ru	0	в сысерти остановлено строительство ледового центра, средства на который привлекались в рамках государственно-частного партнерства с угмк.
textdetox@01907546324b0330d2d8b7669648cc18823323e5/ru/001117	ru	0	отчасти подтвердило несовершенство проекта возведение подпорной стены для ледового центра, однако и оно остановилось на середине из-за необходимости изменений используемых материалов.
textdetox@01907546324b0330d2d8b7669648cc18823323e5/ru/001118	ru	0	экс-подрядчик и действующий застройщик подпорной стены указывают на длительность согласительных процедур в администрации муниципалитета.
textdetox@01907546324b0330d2d8b7669648cc18823323e5/ru/001119	ru	0	спасибо, дозвонилась в соцзащиту , сказали сбой программы ,все доначислят
textdetox@01907546324b0330d2d8b7669648cc18823323e5/ru/001120	ru	0	пропала еще один источник доходів путинского режима
textdetox@01907546324b0330d2d8b7669648cc18823323e5/ru/001121	ru	0	говорят кто спасает собачку , тому бог помогает
textdetox@01907546324b0330d2d8b7669648cc18823323e5/ru/001122	ru	0	у меня запрос через7 минут подождете?
textdetox@01907546324b0330d2d8b7669648cc18823323e5/ru/001123	ru	0	люда, у меня вот столько вчера получилось из пол порции, указанных в рецепте ирины
textdetox@01907546324b0330d2d8b7669648cc18823323e5/ru/001124	ru	0	а я почему то решила, что леонтьева родилась в нашем пригороде.
textdetox@01907546324b0330d2d8b7669648cc18823323e5/ru/001125	ru	0	даже музей есть как не в языкове ли..... надо в инете глянуть.
textdetox@01907546324b0330d2d8b7669648cc18823323e5/ru/001126	ru	0	тоже самое , собрала вещи на три месяца , позвонила главе горбуновского поселения , он сказал , что девочке чуть больше года ...
textdetox@01907546324b0330d2d8b7669648cc18823323e5/ru/001127	ru	0	у меня племянница любит хлеб с маслом посыпанный сахаром,ей 4 года...﻿
textdetox@01907546324b0330d2d8b7669648cc18823323e5/ru/001128	ru	0	мой кошелек магнит для денег ,да будет так.аминь.
textdetox@01907546324b0330d2d8b7669648cc18823323e5/ru/001129	ru	0	то есть, если вы вдруг, дай бог, доживёте вместе до 102 лет (а эти старики, судя по их внешности, дожили) , то 80 совместных никак не насчитаете?
textdetox@01907546324b0330d2d8b7669648cc18823323e5/ru/001130	ru	0	с днем рождения малыш, будь здоровым и счастливым
textdetox@01907546324b0330d2d8b7669648cc18823323e5/ru/001131	ru	0	ты будешь сильно разочарована и очень скоро...и кстати, глянь в зеркало.
textdetox@01907546324b0330d2d8b7669648cc18823323e5/ru/001132	ru	0	может его и любят, как артиста, а как человек, у многих пал в глазах.... он виноват уже в том, что пьяный сел за руль... а закон для всех должен быть один!
textdetox@01907546324b0330d2d8b7669648cc18823323e5/ru/001133	ru	0	работа над данным 8-минутным видеороликом заняла 14 месяцев!
textdetox@01907546324b0330d2d8b7669648cc18823323e5/ru/001134	ru	0	или очень нужно набрать классы за чужую работу?
textdetox@01907546324b0330d2d8b7669648cc18823323e5/ru/001135	ru	0	как тонко подмечает,а ведь и правда за свою доброту приходится расчитываться.
textdetox@01907546324b0330d2d8b7669648cc18823323e5/ru/001136	ru	0	копейки интересно откуда,сумма 4500 в месяц как я прочитала , может кто знает,какие выплаты в месяц,подскажите пожалуйста.
textdetox@01907546324b0330d2d8b7669648cc18823323e5/ru/001137	ru	0	а предыдущее отключение, когда закончится (20-26), сегодня 31?
textdetox@01907546324b0330d2d8b7669648cc18823323e5/ru/001138	ru	0	она секретутка.ни какая страна, а какие правители и кому они служат и чьи интересы защищают.
textdetox@01907546324b0330d2d8b7669648cc18823323e5/ru/001139	ru	0	да, насчёт перца вы погорячились, два килограмма это уж перебор.
textdetox@01907546324b0330d2d8b7669648cc18823323e5/ru/001140	ru	0	а растяжку надо делать для себя, а не для показухи
textdetox@01907546324b0330d2d8b7669648cc18823323e5/ru/001141	ru	0	зато секс с кем попало особенно в марте.
textdetox@01907546324b0330d2d8b7669648cc18823323e5/ru/001142	ru	0	то есть если переезжаешь в другой город освободи квартиру
textdetox@01907546324b0330d2d8b7669648cc18823323e5/ru/001143	ru	0	достойно очень, будь здорова и счастлива с девочкой
textdetox@01907546324b0330d2d8b7669648cc18823323e5/ru/001144	ru	0	здравствуйте до какого размера идут джинсовки?
textdetox@01907546324b0330d2d8b7669648cc18823323e5/ru/001145	ru	0	у меня всё хорошо: работа, квартира, любящий муж, вот только солнца не хватает, а на машине поехать некуда, на общественном транспорте быстрее до работы добираться 😉.
textdetox@01907546324b0330d2d8b7669648cc18823323e5/ru/001146	ru	0	это надо под суд кто это егэ придумал .они сами то хоть грамотные .
textdetox@01907546324b0330d2d8b7669648cc18823323e5/ru/001147	ru	0	почему их не проверят .убрать этот закон и дать детям нормально учится .
textdetox@01907546324b0330d2d8b7669648cc18823323e5/ru/001148	ru	0	друзья мои верные, выручайте в трудном деле!
textdetox@01907546324b0330d2d8b7669648cc18823323e5/ru/001149	ru	0	для того чтобы задачу непростую выполнить нужна мне вещь редкая.
textdetox@01907546324b0330d2d8b7669648cc18823323e5/ru/001150	ru	0	подскажите, куда можно на плавание отдать?
textdetox@01907546324b0330d2d8b7669648cc18823323e5/ru/001151	ru	0	и, если, уж обратились к мастеру, то выполняйте то, что вам сказано.
textdetox@01907546324b0330d2d8b7669648cc18823323e5/ru/001152	ru	0	многие сами портят результат работы, а потом виноват мастер!
textdetox@01907546324b0330d2d8b7669648cc18823323e5/ru/001153	ru	0	многие пытаются проверить мастера на наличие способностей(таких сразу видно)!
textdetox@01907546324b0330d2d8b7669648cc18823323e5/ru/001154	ru	0	некоторые приходят и говорят:а другая ведьма мне не так сказала и прочее!
textdetox@01907546324b0330d2d8b7669648cc18823323e5/ru/001155	ru	0	многие приходят к мастеру, но не хотят слышать правду, а хотят услышать то, что они хотят!!!!
textdetox@01907546324b0330d2d8b7669648cc18823323e5/ru/001156	ru	0	через себя действительно многое пропускаешь... ко мне обращалась девушка!
textdetox@01907546324b0330d2d8b7669648cc18823323e5/ru/001157	ru	0	ей сказала магуя(из серии интернетовской, наверное), что на ней порча и она умрёт через 3 дня!!!
textdetox@01907546324b0330d2d8b7669648cc18823323e5/ru/001158	ru	0	привет григорий!на луке катушка с леской,а стрела гарпунного типа присмотрись.😊
textdetox@01907546324b0330d2d8b7669648cc18823323e5/ru/001159	ru	0	всё чаще кто то кого то вычеркивает, и подчеркивает другого, спустя маленько, подчеркнутый вычёркивает того, кто его подчеркнул, и теперь вычеркнутый сожалеет, что подчеркнув этого, вычеркнул первого и т.д
textdetox@01907546324b0330d2d8b7669648cc18823323e5/ru/001160	ru	0	почему не открывается игра,загружается на 100 процентов,а не открывается уже несколько дней.
textdetox@01907546324b0330d2d8b7669648cc18823323e5/ru/001161	ru	0	добрый вечер, красавицы хочу к вам обратиться!
textdetox@01907546324b0330d2d8b7669648cc18823323e5/ru/001162	ru	0	у многих замечаю на ножка выпирающие косточки, поэтому хочу предложить эффективный способ их убрать без помощи хирургии... очень подробно что и как расписала у себя❤
textdetox@01907546324b0330d2d8b7669648cc18823323e5/ru/001163	ru	0	поздравляю с днём рождения,желаю тебе здоровья счастья успехов.
textdetox@01907546324b0330d2d8b7669648cc18823323e5/ru/001164	ru	0	у мужчин и после 40 самый активный возраст!!!
textdetox@01907546324b0330d2d8b7669648cc18823323e5/ru/001165	ru	0	интересно по какой такой статье отстранили?
textdetox@01907546324b0330d2d8b7669648cc18823323e5/ru/001166	ru	0	моего мужа привезли на скорой 3дня пролежал нечего не делали ,даже капельницу не ставили
textdetox@01907546324b0330d2d8b7669648cc18823323e5/ru/001167	ru	0	поэты и барды то зачем в политику ударились??
textdetox@01907546324b0330d2d8b7669648cc18823323e5/ru/001168	ru	0	это особенности породы,до года они очень своенравны,а потом человечнее и семнйнее,наверное нет породы,но только если она воспитывается в любви и ласке...
textdetox@01907546324b0330d2d8b7669648cc18823323e5/ru/001169	ru	0	здравствуйте да во всех магазинах модный ребёнок
textdetox@01907546324b0330d2d8b7669648cc18823323e5/ru/001170	ru	0	за койко-место в сутки, в зависимости от степени благоустройства номера.
textdetox@01907546324b0330d2d8b7669648cc18823323e5/ru/001171	ru	0	принимает или нет сейчас посетителей, можно уточнить по номере 2-18-51.
textdetox@01907546324b0330d2d8b7669648cc18823323e5/ru/001172	ru	0	приморский край хасанский район пгт зарубино.
textdetox@01907546324b0330d2d8b7669648cc18823323e5/ru/001173	ru	0	я смотрю вам очен нравится етот поза
textdetox@01907546324b0330d2d8b7669648cc18823323e5/ru/001174	ru	0	тогда классов мы вам наставим в десять раз больше!!
textdetox@01907546324b0330d2d8b7669648cc18823323e5/ru/001175	ru	0	начинаете вязать платочной вязкой с того края, где шире, потом сокращаете петли
textdetox@01907546324b0330d2d8b7669648cc18823323e5/ru/001176	ru	0	новых уровней нет, жалко но придется удалять игру.мне надо 1091 уровень.
textdetox@01907546324b0330d2d8b7669648cc18823323e5/ru/001177	ru	0	старшему сыну мы намекнули,он сказал что как вы решите ,так и будет ,но мне кажется он не очень рад,а вот младший категорически против
textdetox@01907546324b0330d2d8b7669648cc18823323e5/ru/001178	ru	0	так же мучались в этом возрасте 🙈....нам тогда помог только респиридон, сейчас хлорпротексен пьём на ночь.
textdetox@01907546324b0330d2d8b7669648cc18823323e5/ru/001179	ru	0	а своим, пусть своеобразным, но трудом заробатывают.
textdetox@01907546324b0330d2d8b7669648cc18823323e5/ru/001180	ru	0	и вам ни кто не мешает морковкой торговать, выращенной на своём огороде.
textdetox@01907546324b0330d2d8b7669648cc18823323e5/ru/001181	ru	0	не обижайтесь, но они молодцы, что сделали себя сами, а не за счёт нас.
textdetox@01907546324b0330d2d8b7669648cc18823323e5/ru/001182	ru	0	очень вкусно, готовлю часто, особенно для гостей!!
textdetox@01907546324b0330d2d8b7669648cc18823323e5/ru/001183	ru	0	она благополучно одолела еще две конфеты, запила их целым литром зеленого чая, торжественно пообещала себе не прикасаться к сладкому еще лет двадцать и уснула, чрезвычайно довольная неизвестно чем.
textdetox@01907546324b0330d2d8b7669648cc18823323e5/ru/001184	ru	0	вероятно, просто собой и жизнью в целом.
textdetox@01907546324b0330d2d8b7669648cc18823323e5/ru/001185	ru	0	понятие «злость» имеет много синонимов, и нужно правильно использовать эти синонимы.
textdetox@01907546324b0330d2d8b7669648cc18823323e5/ru/001186	ru	0	иначе можно из-за негодования обидеть доброго человека.
textdetox@01907546324b0330d2d8b7669648cc18823323e5/ru/001187	ru	0	причем наша мука лучшего качества, вы ее выбирайте
textdetox@01907546324b0330d2d8b7669648cc18823323e5/ru/001188	ru	0	добро пожаловать и удачных сезонов за наш любимый клуб
textdetox@01907546324b0330d2d8b7669648cc18823323e5/ru/001189	ru	0	боролись вы за справедливость, вот если б вы объединились в борьбе с неправедным режимом и цель была бы достижима, - вас весь народ бы поддержал, а так... какой запал пропал!!!
textdetox@01907546324b0330d2d8b7669648cc18823323e5/ru/001190	ru	0	ведь веник тем он и силён - из многих веточек сложён.
textdetox@01907546324b0330d2d8b7669648cc18823323e5/ru/001191	ru	0	и возродится наша сила, чтоб уложить врага в могилу!
textdetox@01907546324b0330d2d8b7669648cc18823323e5/ru/001192	ru	0	а так... нас с каждым часом меньше на нашей русъкой же земле - всё больше наших братьев меньших, и все они уже в кремле.
textdetox@01907546324b0330d2d8b7669648cc18823323e5/ru/001193	ru	0	читаю и улыбаюсь , а ещё приятно перебрать детские вещи своих выросших детей
textdetox@01907546324b0330d2d8b7669648cc18823323e5/ru/001194	ru	0	спутника жизни они уже выбрали и на это время совсем не уходит.
textdetox@01907546324b0330d2d8b7669648cc18823323e5/ru/001195	ru	0	20:10. опускается олимпийский флаг – восемь спортсменов бережно снимают его и уносят со стадиона.
textdetox@01907546324b0330d2d8b7669648cc18823323e5/ru/001196	ru	0	медленно угасает в чаше огонь игр, рождённый в олимпии 19 июля.
textdetox@01907546324b0330d2d8b7669648cc18823323e5/ru/001197	ru	0	но огонь, угасший в чаше стадиона, навсегда останется в сердцах всех причастных к олимпийским играм в советском союзе.
textdetox@01907546324b0330d2d8b7669648cc18823323e5/ru/001198	ru	0	а на большом табло стадиона начинается показ короткометражного фильма, посвящённого самым ярким мгновениям олимпиады.
textdetox@01907546324b0330d2d8b7669648cc18823323e5/ru/001199	ru	0	нужна мне помощь да поддержка дружеская, не хватает в хозяйстве вещи малой для дела важного.
textdetox@01907546324b0330d2d8b7669648cc18823323e5/ru/001200	ru	0	потому что нельзя быть красивым таким
textdetox@01907546324b0330d2d8b7669648cc18823323e5/ru/001201	ru	0	вы назвали войну лучшим выходом из ситуации .
textdetox@01907546324b0330d2d8b7669648cc18823323e5/ru/001202	ru	0	а наши деды в том числе и терпением завоевали победу.
textdetox@01907546324b0330d2d8b7669648cc18823323e5/ru/001203	ru	0	да, и, мое мнение, художника надо оценивать по его творчеству, а не политическим убеждениям
textdetox@01907546324b0330d2d8b7669648cc18823323e5/ru/001204	ru	0	у нас зарплата небольшая, мы являемся малоимущей семьёй с 2 ребятишками и с ипотекой.
textdetox@01907546324b0330d2d8b7669648cc18823323e5/ru/001205	ru	0	на пособия имеет право каждый нуждающийся человек.
textdetox@01907546324b0330d2d8b7669648cc18823323e5/ru/001206	ru	0	б причин путин почему лучший россии для президент павел ф
textdetox@01907546324b0330d2d8b7669648cc18823323e5/ru/001207	ru	0	куплю 10 кукурузных палочек обмен на склад, амбар, расширение, пилы и топоры
textdetox@01907546324b0330d2d8b7669648cc18823323e5/ru/001208	ru	0	поклон мой низкий перед врачами...здоровья им и семейного благопалучия
textdetox@01907546324b0330d2d8b7669648cc18823323e5/ru/001209	ru	0	а зелененькие-это ромовая баба, муж их очень любит и зебра, еще не пробовали их.
textdetox@01907546324b0330d2d8b7669648cc18823323e5/ru/001210	ru	0	я вам поставила класс и ком, почему не ставите взаимно??
textdetox@01907546324b0330d2d8b7669648cc18823323e5/ru/001211	ru	0	и его исполнение песен величайшего нашего любимого, незабываемого муслима магомаева чем то похоже.
textdetox@01907546324b0330d2d8b7669648cc18823323e5/ru/001212	ru	0	а отделку для двери делаете внутри квартиры?
textdetox@01907546324b0330d2d8b7669648cc18823323e5/ru/001213	ru	0	жители побережья байкала должны жить достойно, а не выживать.
textdetox@01907546324b0330d2d8b7669648cc18823323e5/ru/001214	ru	0	осуществляем запись на суточных цыплят бройлер: 29 августа - росс 708 2 сентября - кобб 500 цена 55 руб.заказ принимаем от 10 шт, доставка по городу от 100 штук бесплатно ‼‼ горловка 5 квартал амстор.
textdetox@01907546324b0330d2d8b7669648cc18823323e5/ru/001215	ru	0	коростинский алексей иванович и беккель валерий карлович!
textdetox@01907546324b0330d2d8b7669648cc18823323e5/ru/001216	ru	0	малина сейчас ведёрко осталось одно 5 литров
textdetox@01907546324b0330d2d8b7669648cc18823323e5/ru/001217	ru	0	доброе дело делаете.дай бог и на вашем пути таких сердечных и не безразличных людей.спасибо вам.
textdetox@01907546324b0330d2d8b7669648cc18823323e5/ru/001218	ru	0	служил в гсвг с 1978 весна по 1979 осень г фогельзанг хим батальен вч пп 25497 да земы было время
textdetox@01907546324b0330d2d8b7669648cc18823323e5/ru/001219	ru	0	путин никого и ничего не боится и если он уйдёт с поста президента ,то ничего не потеряет потеряет россия и всё сразу кто ещё имеет столько терпения работать с таким не благодарным народом как мы
textdetox@01907546324b0330d2d8b7669648cc18823323e5/ru/001220	ru	0	тут даже сказать то не знаешь что.каждый день только страшные вести.люди перестали быть людьми.
textdetox@01907546324b0330d2d8b7669648cc18823323e5/ru/001221	ru	0	и в севастополе сегодня ооочень жарко и душно, +33 в тени!
textdetox@01907546324b0330d2d8b7669648cc18823323e5/ru/001222	ru	0	завтра нам обещают прохождение холодного фронта, дождь, грозу, ветер.
textdetox@01907546324b0330d2d8b7669648cc18823323e5/ru/001223	ru	0	хотя в севастополе вряд ли что-то будет такое, в крыму - да!
textdetox@01907546324b0330d2d8b7669648cc18823323e5/ru/001224	ru	0	почему пишут такое ,что тут стыдного .это тяжелый труд.а есть не стыдно?
textdetox@01907546324b0330d2d8b7669648cc18823323e5/ru/001225	ru	0	чего мучаешься с иголочкой, возьми спицу с зонтика, там ушко есть, подбери длину, заточи, я по 10 сразу сажу на иглу и потом сбрасываю на нить
textdetox@01907546324b0330d2d8b7669648cc18823323e5/ru/001226	ru	0	ошибка в слове пионеры)) разделение по слогам неверное, если я не ошибаюсь
textdetox@01907546324b0330d2d8b7669648cc18823323e5/ru/001227	ru	0	в твой день рождения муза не дремала: дала тебе упорство, голос и талант.
textdetox@01907546324b0330d2d8b7669648cc18823323e5/ru/001228	ru	0	так пусть же в твою честь фанфары прозвучат!
textdetox@01907546324b0330d2d8b7669648cc18823323e5/ru/001229	ru	0	о,у меня сённи денёк предстоит плодотворный,я дома занимаюсь в консервном цехе!
textdetox@01907546324b0330d2d8b7669648cc18823323e5/ru/001230	ru	0	чистотел самое эффективное и дешевое средство
textdetox@01907546324b0330d2d8b7669648cc18823323e5/ru/001231	ru	0	1. во время игры не видно сколько осталось монет, пока не закончется картина.
textdetox@01907546324b0330d2d8b7669648cc18823323e5/ru/001232	ru	0	2. почему изчезла помощь поиск с лупой
textdetox@01907546324b0330d2d8b7669648cc18823323e5/ru/001233	ru	0	я в этом ничего не понимаю, поэтому суть этой информации тоже не поняла.
textdetox@01907546324b0330d2d8b7669648cc18823323e5/ru/001234	ru	0	правильно будет чортковский, тернопольская область.
textdetox@01907546324b0330d2d8b7669648cc18823323e5/ru/001235	ru	0	наташенька, огромное спасибо за теплое поздравление
textdetox@01907546324b0330d2d8b7669648cc18823323e5/ru/001236	ru	0	где были родители ?почему ребенок один спасал в бане котенка ?
textdetox@01907546324b0330d2d8b7669648cc18823323e5/ru/001237	ru	0	фото платьев в вашем альбоме взяты с другого сайта, с сайта женской одежды из беларуси.
textdetox@01907546324b0330d2d8b7669648cc18823323e5/ru/001238	ru	0	нужно мерить,если хотите,я дам адрес,приходите
textdetox@01907546324b0330d2d8b7669648cc18823323e5/ru/001239	ru	0	обсолютная правда, когда курск топил, три недели никто его не видел.
textdetox@01907546324b0330d2d8b7669648cc18823323e5/ru/001240	ru	0	пусть видео посмотрит, память освежит.
textdetox@01907546324b0330d2d8b7669648cc18823323e5/ru/001241	ru	0	продам молокоотсос авент электронный, цена 2000
textdetox@01907546324b0330d2d8b7669648cc18823323e5/ru/001242	ru	0	говорят питомцы на хозяина похожи,возможно вы правы
textdetox@01907546324b0330d2d8b7669648cc18823323e5/ru/001243	ru	0	этих ребят мы знаем, а кто эта красивая девушка?
textdetox@01907546324b0330d2d8b7669648cc18823323e5/ru/001244	ru	0	слива забрала на себя весь вкус маринада, а помидоры получились пресные.
textdetox@01907546324b0330d2d8b7669648cc18823323e5/ru/001245	ru	0	в наше время актуально с экологической точки зрения.... главное не лениться.
textdetox@01907546324b0330d2d8b7669648cc18823323e5/ru/001246	ru	0	надюша, сестрёнка здоровья счастья и благополучия!!!!
textdetox@01907546324b0330d2d8b7669648cc18823323e5/ru/001247	ru	0	с днем рождения тебя девочка, всего тебе самого наилучшего в жизни.
textdetox@01907546324b0330d2d8b7669648cc18823323e5/ru/001248	ru	0	кто говорит, тому и будет хорошо, хотя им и сейчас неплохо .
textdetox@01907546324b0330d2d8b7669648cc18823323e5/ru/001249	ru	0	человек должен в любой ситуации оставаться человеком, в автобусе наверно у кого то была в запасе маска, можно было дать пассажиру...
textdetox@01907546324b0330d2d8b7669648cc18823323e5/ru/001250	ru	0	новая полянка или что то связанное с морем и небом.
textdetox@01907546324b0330d2d8b7669648cc18823323e5/ru/001251	ru	0	к сожалению, подрядчик не очень отзывчив, поэтому специалистам и руководителю ужкх приходится применять меры административного воздействия.
textdetox@01907546324b0330d2d8b7669648cc18823323e5/ru/001252	ru	0	господи, он хоть бы бога не гневил, церковь не трогал.
textdetox@01907546324b0330d2d8b7669648cc18823323e5/ru/001253	ru	0	самое важное для тебя — это твоя семья.
textdetox@01907546324b0330d2d8b7669648cc18823323e5/ru/001254	ru	0	ты заботишься о всех и вся, живешь для других и готова приносить себя в жертву бессчетное количество раз, лишь бы другим было хорошо.
textdetox@01907546324b0330d2d8b7669648cc18823323e5/ru/001255	ru	0	ты несешь своим близким добро и радость, тебя любят, и это делает тебя счастливой.
textdetox@01907546324b0330d2d8b7669648cc18823323e5/ru/001256	ru	0	всем привет ищу знакомство прост на карантине ппц как скучно а пообщаться не с кем пишите в лс
textdetox@01907546324b0330d2d8b7669648cc18823323e5/ru/001257	ru	0	к мясникову надо обратиться, чтобы связался с нашим губернатором и популярно объяснил ему, что такое здоровый образ жизни.
textdetox@01907546324b0330d2d8b7669648cc18823323e5/ru/001258	ru	0	разве убийца детей может быть переговорщиком ?
textdetox@01907546324b0330d2d8b7669648cc18823323e5/ru/001259	ru	0	так писали же, что когда закупили эти аппараты ивл, что они не те, только деньги зря потратили!
textdetox@01907546324b0330d2d8b7669648cc18823323e5/ru/001260	ru	0	о мальте не знаю.... но об испании и англии да
textdetox@01907546324b0330d2d8b7669648cc18823323e5/ru/001261	ru	0	прикольная и сколько она стоит такая банька?
textdetox@01907546324b0330d2d8b7669648cc18823323e5/ru/001262	ru	0	почитай ...что такое хорошо и что такое плохо?!
textdetox@01907546324b0330d2d8b7669648cc18823323e5/ru/001263	ru	0	ситуация с коронавирусом в кировской области на сегодня
textdetox@01907546324b0330d2d8b7669648cc18823323e5/ru/001264	ru	0	братское сердце,скорблю вместе с тобой!!
textdetox@01907546324b0330d2d8b7669648cc18823323e5/ru/001265	ru	0	как вариант попробуйте держать зерноядных птиц, которые живут в вашей местности.
textdetox@01907546324b0330d2d8b7669648cc18823323e5/ru/001266	ru	0	это вышка,на которой меня поднимали тысячи раз.
textdetox@01907546324b0330d2d8b7669648cc18823323e5/ru/001267	ru	0	молодец дед👍сейчас не каждый молодой так может 👍
textdetox@01907546324b0330d2d8b7669648cc18823323e5/ru/001268	ru	0	делать ближе к ночи и что бы ни кого рядом не было.
textdetox@01907546324b0330d2d8b7669648cc18823323e5/ru/001269	ru	0	чтобы пить или колоть антибиотики, конечно, нужно бы сначала убедиться, что это именно плеврит.
textdetox@01907546324b0330d2d8b7669648cc18823323e5/ru/001270	ru	0	проблемы с сердцем тоже могут быть причиной кашля.
textdetox@01907546324b0330d2d8b7669648cc18823323e5/ru/001271	ru	0	классная актриса обаятельная женщина супер
textdetox@01907546324b0330d2d8b7669648cc18823323e5/ru/001272	ru	0	группа по интересам и присылать материал можно всем..
textdetox@01907546324b0330d2d8b7669648cc18823323e5/ru/001273	ru	0	мишустин что ты творишь народ скоро попрет на вас войной
textdetox@01907546324b0330d2d8b7669648cc18823323e5/ru/001274	ru	0	с днем рождения ,малыш!здоровья тебе и счастья в жизни!
textdetox@01907546324b0330d2d8b7669648cc18823323e5/ru/001275	ru	0	как сказал один невролог=остеохондроз неизлечим ,он навсегда!
textdetox@01907546324b0330d2d8b7669648cc18823323e5/ru/001276	ru	0	но хороший доктор правильным лечением поможет избегать серьёзные болевые ситуации...🤗в своих болячках виновата я сама🙈
textdetox@01907546324b0330d2d8b7669648cc18823323e5/ru/001277	ru	0	нужна мне помощь да поддержка дружеская, не хватает в хозяйстве вещи малой для дела важного.
textdetox@01907546324b0330d2d8b7669648cc18823323e5/ru/001278	ru	0	принемаю заявки на цветочный мед, (светлый), 1литр 400 руб
textdetox@01907546324b0330d2d8b7669648cc18823323e5/ru/001279	ru	0	хочу купить флаг сколько будет стоить.
textdetox@01907546324b0330d2d8b7669648cc18823323e5/ru/001280	ru	0	это реальная фотка, сами сфоткали из окна
textdetox@01907546324b0330d2d8b7669648cc18823323e5/ru/001281	ru	0	а где описание твоих волшебных помидор одна пустая кастрюля да помидоры в банке
textdetox@01907546324b0330d2d8b7669648cc18823323e5/ru/001282	ru	0	там где время отправления есть значок-карандаш-можно делать исправления.
textdetox@01907546324b0330d2d8b7669648cc18823323e5/ru/001283	ru	0	сейчас патриоты покупают недвижимость и гражданство за кордоном, живут и зарабатывают в россии.
textdetox@01907546324b0330d2d8b7669648cc18823323e5/ru/001284	ru	0	были белочки,а в конечном результате-картинка ,как у бека.
textdetox@01907546324b0330d2d8b7669648cc18823323e5/ru/001285	ru	0	каунас похорошел, очень лайсвес аллея
textdetox@01907546324b0330d2d8b7669648cc18823323e5/ru/001286	ru	0	когда твоя страна ни чего не решает, а ты ни ничего не решаешь в своей стране, то можешь ни кого не бояться даже если ты и президент этой страны..ты никому на ненужен.
textdetox@01907546324b0330d2d8b7669648cc18823323e5/ru/001287	ru	0	согласны светлана духи качество делали на совесть и аромат запомниться на всю жизнь 😉🌺
textdetox@01907546324b0330d2d8b7669648cc18823323e5/ru/001288	ru	0	только год назад познакомилась с турецкими сериалами, больше ничего смотреть не хочу , турецкие, только турецкие!!!
textdetox@01907546324b0330d2d8b7669648cc18823323e5/ru/001289	ru	0	только не многие разумеют что же есть мудрость божия,и многие путают мудрость человеческую( лесть), с мудростью от бога.отсюда и неразумение многих, слова божия.
textdetox@01907546324b0330d2d8b7669648cc18823323e5/ru/001290	ru	0	ибо нужно иметь мудрость,знание,и разум божии; святого духа,чтобы разуметь слова мудрецов и загадки их.
textdetox@01907546324b0330d2d8b7669648cc18823323e5/ru/001291	ru	0	иисус христос знал что в человеке,потому не вверял себя никому.
textdetox@01907546324b0330d2d8b7669648cc18823323e5/ru/001292	ru	0	почему иисус христос не вверял себя никому?
textdetox@01907546324b0330d2d8b7669648cc18823323e5/ru/001293	ru	0	в каждом три духа нечистых,духа заблуждения; неразумия,глупости,лжи.
textdetox@01907546324b0330d2d8b7669648cc18823323e5/ru/001294	ru	0	до тех пор,пока на человека не изольется дух свыше,святой дух; мудрость,знание,и разум божии.
textdetox@01907546324b0330d2d8b7669648cc18823323e5/ru/001295	ru	0	у меня один из приюта, другую забрала на остановке грязную и голодную.
textdetox@01907546324b0330d2d8b7669648cc18823323e5/ru/001296	ru	0	троицк, к вашему сведенью, -это москва.
textdetox@01907546324b0330d2d8b7669648cc18823323e5/ru/001297	ru	0	и собянин ведёт ветку по территориям москвы вплоть до троицка.
textdetox@01907546324b0330d2d8b7669648cc18823323e5/ru/001298	ru	0	я писала пост о собаке.сейчас я ее не вижу.либо добрые соседи как и обещали обратились куда то с жалобой.либо ее кто то забрал.
textdetox@01907546324b0330d2d8b7669648cc18823323e5/ru/001299	ru	0	а сегодня разрушили, разворовали, всё что построили раньше.
textdetox@01907546324b0330d2d8b7669648cc18823323e5/ru/001300	ru	0	просто кружок умелые руки открывать срочно!!!!!
textdetox@01907546324b0330d2d8b7669648cc18823323e5/ru/001301	ru	0	оо перевод оо екатерина от владимировна в баланс сvиsа чввб оо сообщение на лечение поправляйтесь воз о ss s сообщение в
textdetox@01907546324b0330d2d8b7669648cc18823323e5/ru/001302	ru	0	обращайтесь к друзьям, знакомым у которых есть интернет.
textdetox@01907546324b0330d2d8b7669648cc18823323e5/ru/001303	ru	0	адвокат конечно придумал хорошую отмазку.
textdetox@01907546324b0330d2d8b7669648cc18823323e5/ru/001304	ru	0	господину адвокату нужно задумываться о своей семье.
textdetox@01907546324b0330d2d8b7669648cc18823323e5/ru/001305	ru	0	бумеранг настигает быстро, даже пикнуть не успеет.
textdetox@01907546324b0330d2d8b7669648cc18823323e5/ru/001306	ru	0	с богом спорить нельзя а тем более зная правду, так нагло врать.
textdetox@01907546324b0330d2d8b7669648cc18823323e5/ru/001307	ru	0	потому,что в россию едут из глухой провинции.
textdetox@01907546324b0330d2d8b7669648cc18823323e5/ru/001308	ru	0	то пьяные в фонтане ужасно позорят всех военных звезды
textdetox@01907546324b0330d2d8b7669648cc18823323e5/ru/001309	ru	0	в россии есть два рода войск, в которых помнят, ценят и уважают своих начальников: это начальник пограничных войск генерал армии матросов в. а. и генерал-полковник маргелов в.ф.
textdetox@01907546324b0330d2d8b7669648cc18823323e5/ru/001310	ru	0	на три переигрывала 47-ой.песочные часы от бм помогли пройти эпизод без больших потерь.
textdetox@01907546324b0330d2d8b7669648cc18823323e5/ru/001311	ru	0	о в зч в оз о ч изменить поделиться иван холодильник мобильный в в вочбобб написать о ч бо бб о ч бо бб аудиозвонок развернуть б б в июл исходящий вызов мобильный о мин в сек
textdetox@01907546324b0330d2d8b7669648cc18823323e5/ru/001312	ru	0	нет, слишком много пафоса, да и вообще есть покруче.
textdetox@01907546324b0330d2d8b7669648cc18823323e5/ru/001313	ru	0	никогда не устану любоваться такой красотой и грацией этого животного, спасибо тем кто растит эту красоту,удачи вам
textdetox@01907546324b0330d2d8b7669648cc18823323e5/ru/001314	ru	0	главное чтоб этот человек знал и понемал!!!!!!!
textdetox@01907546324b0330d2d8b7669648cc18823323e5/ru/001315	ru	0	куплю щенка мопса или французского бульдога.
textdetox@01907546324b0330d2d8b7669648cc18823323e5/ru/001316	ru	0	подскажите, если я инвалид каждый год группу продливаю мне тоже надо проходить актуализацию?
textdetox@01907546324b0330d2d8b7669648cc18823323e5/ru/001317	ru	0	могу ошибаться, но это моё мнение на этот момент.
textdetox@01907546324b0330d2d8b7669648cc18823323e5/ru/001318	ru	0	идея про изумрудный город просто классная
textdetox@01907546324b0330d2d8b7669648cc18823323e5/ru/001319	ru	0	с телефона можно отправить на платформу только одно фото.
textdetox@01907546324b0330d2d8b7669648cc18823323e5/ru/001320	ru	0	порекомендуйте, пожалуйста, хорошего врача проктолога в донецке или макеевке.
textdetox@01907546324b0330d2d8b7669648cc18823323e5/ru/001321	ru	0	администрацией принято решение публиковать ваши объявления платно, как и всех остальных.
textdetox@01907546324b0330d2d8b7669648cc18823323e5/ru/001322	ru	0	вам кто-то уполномочивал озвучивать здесь имена и должности и козырять своими связями?
textdetox@01907546324b0330d2d8b7669648cc18823323e5/ru/001323	ru	0	нужно обязательно законодательно запретить цирки во всех странах.
textdetox@01907546324b0330d2d8b7669648cc18823323e5/ru/001324	ru	0	животные должны жить в их естественной среде обитания
textdetox@01907546324b0330d2d8b7669648cc18823323e5/ru/001325	ru	0	сама там рожала в марте!замечательный персонал!
textdetox@01907546324b0330d2d8b7669648cc18823323e5/ru/001326	ru	0	отдельное огромная благодарность бочарову дмитрию александровичу!
textdetox@01907546324b0330d2d8b7669648cc18823323e5/ru/001327	ru	0	скоро уже и в гости прийти будет не к кому, кроме действительно как на сопку:(
textdetox@01907546324b0330d2d8b7669648cc18823323e5/ru/001328	ru	0	долгие лета костя тебе жизни и огромного здоровья,счастья и всех благ!!!!!!
textdetox@01907546324b0330d2d8b7669648cc18823323e5/ru/001329	ru	0	эту утрату забыть невозможно.вечная память вам ребята
textdetox@01907546324b0330d2d8b7669648cc18823323e5/ru/001330	ru	0	я вижу , но это повреждения не от трения и темболее она ногу не могла засунуть .она стоит в летнике и там исключено повреждение такого характера.
textdetox@01907546324b0330d2d8b7669648cc18823323e5/ru/001331	ru	0	у меня сейчас 28 голов крс но это только у одной.
textdetox@01907546324b0330d2d8b7669648cc18823323e5/ru/001332	ru	0	кушать варят раз в квартал.ни одной кастрюли
textdetox@01907546324b0330d2d8b7669648cc18823323e5/ru/001333	ru	0	песик не просто дополняет красоту, он её подчеркивает!
textdetox@01907546324b0330d2d8b7669648cc18823323e5/ru/001334	ru	0	спасибо, девочки:) сегодня сына видела, дали только 15 минут пообщаться, но и это счастье :)
textdetox@01907546324b0330d2d8b7669648cc18823323e5/ru/001335	ru	0	нет, от вранья и бесперспективы, как многие дяденьки от воров в кгб
textdetox@01907546324b0330d2d8b7669648cc18823323e5/ru/001336	ru	0	когда же теперь мужьям нашим ждать?
textdetox@01907546324b0330d2d8b7669648cc18823323e5/ru/001337	ru	0	отметила футболку в дозаказ, внесите в счет
textdetox@01907546324b0330d2d8b7669648cc18823323e5/ru/001338	ru	0	а эти дочери просто хладнокровные, расчетливые убийцы.
textdetox@01907546324b0330d2d8b7669648cc18823323e5/ru/001339	ru	0	светлая память и земля пухом людмиле.
textdetox@01907546324b0330d2d8b7669648cc18823323e5/ru/001340	ru	0	много лет я посещал этот сайт(еще до покупки его вами) и вынужден отметить значительное ухудшение его работы.
textdetox@01907546324b0330d2d8b7669648cc18823323e5/ru/001341	ru	0	а после того как мне отказали даже в тех двух лимитных играх вынужден покинуть его т.к.
textdetox@01907546324b0330d2d8b7669648cc18823323e5/ru/001342	ru	0	не имею возможностей оплачивать, я пенсионер и живу на государственную пенсию.
textdetox@01907546324b0330d2d8b7669648cc18823323e5/ru/001343	ru	0	есть куча других сайтов где я абсолютно бесплатно смогу встречаться со своими друзьями которых заберу с собой.
textdetox@01907546324b0330d2d8b7669648cc18823323e5/ru/001344	ru	0	я не против встретиться.я за обеими руками и ногами
textdetox@01907546324b0330d2d8b7669648cc18823323e5/ru/001345	ru	0	сказок насмотрелись и поэтому решила нам втюхать,свои не здоровые фантазии.
textdetox@01907546324b0330d2d8b7669648cc18823323e5/ru/001346	ru	0	чтобы так нарисовать надо закончить художку
textdetox@01907546324b0330d2d8b7669648cc18823323e5/ru/001347	ru	0	самый лучший руководитель, строгий, творческая личность, но справедливый👍👍👍
textdetox@01907546324b0330d2d8b7669648cc18823323e5/ru/001348	ru	0	славяне на всегда 14 уровень, дружный, слаженный и сплочённый коллектив ищет бойцов 50+ на пмж.
textdetox@01907546324b0330d2d8b7669648cc18823323e5/ru/001349	ru	0	здравствуйте.сколько стоит чехол на угловой диван?
textdetox@01907546324b0330d2d8b7669648cc18823323e5/ru/001350	ru	0	немцы, имеющие пенсию меньше прожиточного минимума, получают оставшуюся часть безвозмездно от государства.
textdetox@01907546324b0330d2d8b7669648cc18823323e5/ru/001351	ru	0	согласна, пенсия в 1000 евро для германии невысокая, но тем не менее, эти ваши выкладки про скорую помощь, налоги и всякую прочую хрень - враньё!
textdetox@01907546324b0330d2d8b7669648cc18823323e5/ru/001352	ru	0	если по 1000 на семью из 2х человек, то еще и в отпуск на море раз в год можно съездить, не говоря уже о безголодном проживании.
textdetox@01907546324b0330d2d8b7669648cc18823323e5/ru/001353	ru	0	я отнюдь не принижаю достоинства россии, тем более, что там никогда и не жила, но вступаюсь за германию, поскольку давно считаю её своим домом.
textdetox@01907546324b0330d2d8b7669648cc18823323e5/ru/001354	ru	0	добрый день.скажите пожал.как можно сменить название кооператива.долго искала слово редакт.но не нашла.
textdetox@01907546324b0330d2d8b7669648cc18823323e5/ru/001355	ru	0	татьяна у мамы сосед делал наличники,как у мамы.
textdetox@01907546324b0330d2d8b7669648cc18823323e5/ru/001356	ru	0	вася очень хочется почитать твою книгу
textdetox@01907546324b0330d2d8b7669648cc18823323e5/ru/001357	ru	0	если сделал доброе дело, и не хвалишься, оно будет господом зачтено как доброе дело.
textdetox@01907546324b0330d2d8b7669648cc18823323e5/ru/001358	ru	0	ну ,а если себя расхвалил за это, значит от высших сил не жди .
textdetox@01907546324b0330d2d8b7669648cc18823323e5/ru/001359	ru	0	а для гостей существуют стоянки, чтобы не было плачевных ситуаций и горя.
textdetox@01907546324b0330d2d8b7669648cc18823323e5/ru/001360	ru	0	административный ресурс, который присутствует везде, проблемы в селе, отсутствие саморазвития или деградация, нехватка финансивания и поддержки учителям.
textdetox@01907546324b0330d2d8b7669648cc18823323e5/ru/001361	ru	0	всё это звенья одной цепи и если не абстрагироваться от действительности, то нетрудно догадаться о причинах такой жизни на селе.
textdetox@01907546324b0330d2d8b7669648cc18823323e5/ru/001362	ru	0	я вас не понимаю,в начале вы восхищаетесь,что в 21 веке на вокзале открыта молельня,а теперь у вас светское государство!!
textdetox@01907546324b0330d2d8b7669648cc18823323e5/ru/001363	ru	0	объясните пожалуйста где есть на старице хорошее место для купания с детьми.
textdetox@01907546324b0330d2d8b7669648cc18823323e5/ru/001364	ru	0	потом половина этого урожая все равно сгнивала.
textdetox@01907546324b0330d2d8b7669648cc18823323e5/ru/001365	ru	0	вот вам и бесплатное образование, и бесплатные квартиры... и бесплатный труд
textdetox@01907546324b0330d2d8b7669648cc18823323e5/ru/001366	ru	0	скажите пожалуйста, в какую цену будет стоить эта красота в российских рублях?
textdetox@01907546324b0330d2d8b7669648cc18823323e5/ru/001367	ru	0	в алуште остановится, а от туда можно путешествовать по крыму.
textdetox@01907546324b0330d2d8b7669648cc18823323e5/ru/001368	ru	0	расстояния не большие, между города и достопримечательностями.
textdetox@01907546324b0330d2d8b7669648cc18823323e5/ru/001369	ru	0	за 2 недели можно везде побывать и отдохнуть.
textdetox@01907546324b0330d2d8b7669648cc18823323e5/ru/001370	ru	0	цена на жилье приемлены.все зависит от комфортности, как и везде.
textdetox@01907546324b0330d2d8b7669648cc18823323e5/ru/001371	ru	0	шикарное платье,а рукодельница просто- волшебница.👍
textdetox@01907546324b0330d2d8b7669648cc18823323e5/ru/001372	ru	0	рентген мы делаем да,но тут время очень поджимает,14 ехать уже,успею ли я все,больница от нас 40км а за путевкой вообще за 200 км ехать,как представлю сколько надо носится и ехать ни куда не охота
textdetox@01907546324b0330d2d8b7669648cc18823323e5/ru/001373	ru	0	первый парень на ле первый парень на деревне, красавчик!
textdetox@01907546324b0330d2d8b7669648cc18823323e5/ru/001374	ru	0	судя по рожам они бедного мишку сначала пытали,потом потрошили ещё живого и только затем съели
textdetox@01907546324b0330d2d8b7669648cc18823323e5/ru/001375	ru	0	я согласна с вами, больше всех пострадала она.
textdetox@01907546324b0330d2d8b7669648cc18823323e5/ru/001376	ru	0	штамп в паспорте никогда никого не удерживал, а вот при расставании , как оказалось , важен.
textdetox@01907546324b0330d2d8b7669648cc18823323e5/ru/001377	ru	0	подскажите пожалуйста куда можно скинуть схему.
textdetox@01907546324b0330d2d8b7669648cc18823323e5/ru/001378	ru	0	моя первая учительница бычкова марина витальевна ,дай бог ей крепкого здоровья !
textdetox@01907546324b0330d2d8b7669648cc18823323e5/ru/001379	ru	0	продаю угловой диван с креслом 89138673015
textdetox@01907546324b0330d2d8b7669648cc18823323e5/ru/001380	ru	0	а я с твоим братом учился в одном классе звали николай
textdetox@01907546324b0330d2d8b7669648cc18823323e5/ru/001381	ru	0	в переди написали мечеть- храм -по нашему харам.не воспримет харам.
textdetox@01907546324b0330d2d8b7669648cc18823323e5/ru/001382	ru	0	боже мой,как ее жалко...дрессировки ...я бы не смогла,нервы не выдержали бы.
textdetox@01907546324b0330d2d8b7669648cc18823323e5/ru/001383	ru	0	добрый вечер а почём продаете?и какой район?
textdetox@01907546324b0330d2d8b7669648cc18823323e5/ru/001384	ru	0	у нас в прошлом году наш песик умер , 16 лет с нами вместе прожил.
textdetox@01907546324b0330d2d8b7669648cc18823323e5/ru/001385	ru	0	очень сильно переживала, больше не хотела никого заводить.
textdetox@01907546324b0330d2d8b7669648cc18823323e5/ru/001386	ru	0	но без собачки скучно, а маруся нам понравилась, она в реале очень красивая, пушистая.
textdetox@01907546324b0330d2d8b7669648cc18823323e5/ru/001387	ru	0	это точно,с этого и начинаем покраску волос😂😂😜
textdetox@01907546324b0330d2d8b7669648cc18823323e5/ru/001388	ru	0	майор писарик и комбат 2 батальона кто знает как они ?
textdetox@01907546324b0330d2d8b7669648cc18823323e5/ru/001389	ru	0	я вот знаю где есть дома престарелых и там много одиноких и брошенных бабушек и дедушек может им начнём собирать???
textdetox@01907546324b0330d2d8b7669648cc18823323e5/ru/001390	ru	0	московские волонтёры открыли сбор средств на борьбу в короновирусной инфекцией.
textdetox@01907546324b0330d2d8b7669648cc18823323e5/ru/001391	ru	0	волонтеры планирует закупить средства защиты для медиков.
textdetox@01907546324b0330d2d8b7669648cc18823323e5/ru/001392	ru	0	руководитель благотворительного фонда, волонтёр екатерина воробьёва открыла сбор средств на борьбу с коронавирусом.
textdetox@01907546324b0330d2d8b7669648cc18823323e5/ru/001393	ru	0	сумма которую планирует собрать фонд состовляет 800 000 рублей.
textdetox@01907546324b0330d2d8b7669648cc18823323e5/ru/001394	ru	0	за собранные деньги волонтеры закупят средства защиты для медиков.
textdetox@01907546324b0330d2d8b7669648cc18823323e5/ru/001395	ru	0	в частности, защитные костюмы, респираторы, очки и перчатки.
textdetox@01907546324b0330d2d8b7669648cc18823323e5/ru/001396	ru	0	сбор денег будет проходить максимально прозрачно.
textdetox@01907546324b0330d2d8b7669648cc18823323e5/ru/001397	ru	0	по его завершению волонтёры предоставят выписки из банка и накладные.
textdetox@01907546324b0330d2d8b7669648cc18823323e5/ru/001398	ru	0	о передаче купленных средств защиты медикам сообщат дополнительно.
textdetox@01907546324b0330d2d8b7669648cc18823323e5/ru/001399	ru	0	пусть всех их отправят на глаза и воспитание на родину.
textdetox@01907546324b0330d2d8b7669648cc18823323e5/ru/001400	ru	0	радостно смотреть на вас в окруженье детских глаз!
textdetox@01907546324b0330d2d8b7669648cc18823323e5/ru/001401	ru	0	чтобы каждый ваш малыш настроение дарил!
textdetox@01907546324b0330d2d8b7669648cc18823323e5/ru/001402	ru	0	сочиняют их лишь те, у кого душа скудна.
textdetox@01907546324b0330d2d8b7669648cc18823323e5/ru/001403	ru	0	вам желаю долгих лет жить в любви и во внимании!
textdetox@01907546324b0330d2d8b7669648cc18823323e5/ru/001404	ru	0	цена какая костюм выставили, а цену написать забыли!!
textdetox@01907546324b0330d2d8b7669648cc18823323e5/ru/001405	ru	0	не какие пробки не какие столкновения и без аварий
textdetox@01907546324b0330d2d8b7669648cc18823323e5/ru/001406	ru	0	настоящая проблема в человекоподобных,которые не могут решить кому помогать нужнее !
textdetox@01907546324b0330d2d8b7669648cc18823323e5/ru/001407	ru	0	и на детей охотятся те,которым с детства не привита любовь к животным....по этому и милости у таких нет!!
textdetox@01907546324b0330d2d8b7669648cc18823323e5/ru/001408	ru	0	погиб человек по твоей вине тюрьма и ни каких сомнений.
textdetox@01907546324b0330d2d8b7669648cc18823323e5/ru/001409	ru	0	спасибо,значит она у меня есть,простите мою невнимательность !
textdetox@01907546324b0330d2d8b7669648cc18823323e5/ru/001410	ru	0	моль это точно запросити лариса уголовное дело 144248 и все поймете.
textdetox@01907546324b0330d2d8b7669648cc18823323e5/ru/001411	ru	0	ну это хотят показать не то что в республике есть, а какой техникой отбивались солдаты той войны.
textdetox@01907546324b0330d2d8b7669648cc18823323e5/ru/001412	ru	0	возмите те же музеи, там так же увидим не то что есть в пмр, а только то чем воевали солдаты.
textdetox@01907546324b0330d2d8b7669648cc18823323e5/ru/001413	ru	0	я поняла ваше желание увидеть, то что не возможно в преднестровье.
textdetox@01907546324b0330d2d8b7669648cc18823323e5/ru/001414	ru	0	ну я бы сказал что не только ссср но и до нынешнего времени некоторые фермеры их успешно эксплатируют
textdetox@01907546324b0330d2d8b7669648cc18823323e5/ru/001415	ru	0	пора вызывать психушку и в больницу за уколами.
textdetox@01907546324b0330d2d8b7669648cc18823323e5/ru/001416	ru	0	у меня тоже 4 детей самому старшему 12 лет но я исправляюсь, за то без них не скучно, мне с ними весело, особенно дочке 4 года будет, я начинаю чтоб нибудь делать и она все за мной повторяет
textdetox@01907546324b0330d2d8b7669648cc18823323e5/ru/001417	ru	0	с югов заразу вагонами прут, врят-ли что-то откроют, вирус снова вверх пополз
textdetox@01907546324b0330d2d8b7669648cc18823323e5/ru/001418	ru	0	я приобрела семена у владимира ивановича в 2019 году.
textdetox@01907546324b0330d2d8b7669648cc18823323e5/ru/001419	ru	0	помидоры вашей селекции очень вкусные
textdetox@01907546324b0330d2d8b7669648cc18823323e5/ru/001420	ru	0	она духом сильная была и мужчину такого же искала!!!
textdetox@01907546324b0330d2d8b7669648cc18823323e5/ru/001421	ru	0	другая бы махнула рукой лишь бы замуж , а у этой особый выбор!
textdetox@01907546324b0330d2d8b7669648cc18823323e5/ru/001422	ru	0	конечно хороший !.вот только для кого !
textdetox@01907546324b0330d2d8b7669648cc18823323e5/ru/001423	ru	0	здравствуйте девочки, подскажите сколько сейчас получают по потере кормильца?
textdetox@01907546324b0330d2d8b7669648cc18823323e5/ru/001424	ru	0	у меня на всех окнах сетка , проблем нет , окна настежь открыты и свет включён .
textdetox@01907546324b0330d2d8b7669648cc18823323e5/ru/001425	ru	0	в которой говорится правда ,что творится в россии.
textdetox@01907546324b0330d2d8b7669648cc18823323e5/ru/001426	ru	0	в новошахтинске тоже так сверкало, на соседней улице так разряд бабахнул, аж с кресла подскочила
textdetox@01907546324b0330d2d8b7669648cc18823323e5/ru/001427	ru	0	цены снижал сталин почти сразу после войны ,а за 20 лет правления современных правителей я регулярно узнаю о повышении цен на все ну и газ в том числе ведь его продают во все страны ,а россиянам дороже всех.
textdetox@01907546324b0330d2d8b7669648cc18823323e5/ru/001428	ru	0	если резко наклониться,голова закружится.постепенно наклониться и постепенно встать.а так здорово,легко выполняется..
textdetox@01907546324b0330d2d8b7669648cc18823323e5/ru/001429	ru	0	а у меня к вам вопрос: откуда у вас такая инфа???
textdetox@01907546324b0330d2d8b7669648cc18823323e5/ru/001430	ru	0	вот в феврале - марте 2021 года и можно будет обсудить если стабильно будет выступать.
textdetox@01907546324b0330d2d8b7669648cc18823323e5/ru/001431	ru	0	да конечно же хороший поступок, сейчас очень редко таких добрых людей можно встретить!
textdetox@01907546324b0330d2d8b7669648cc18823323e5/ru/001432	ru	0	это, наверное, большое счастье - жить, как кошка с собакой.
textdetox@01907546324b0330d2d8b7669648cc18823323e5/ru/001433	ru	0	я не пинсионер, но чтобы записать на прием к врачу я вспомнила всех богов всех народностей земли, но так и ни разу не смогла попасть по электронке на прием!
textdetox@01907546324b0330d2d8b7669648cc18823323e5/ru/001434	ru	0	хозяин я тебя сейчас спасу потерпи немножко
textdetox@01907546324b0330d2d8b7669648cc18823323e5/ru/001435	ru	0	хотелось,чтобы всем доступно было на такую красоту посмотреть!природа моей любимой башкирии великолепна и очень очаровывает!очень жаль,что всё это переводят на деньги!
textdetox@01907546324b0330d2d8b7669648cc18823323e5/ru/001436	ru	0	я тоже сейчас делаю вмиг, и сама чувствую когда пора ставить, чтобы остановить ухудшение
textdetox@01907546324b0330d2d8b7669648cc18823323e5/ru/001437	ru	0	меня интересовала судьба этого артиста как актёра кино, он играл роли второго плана, но запоминался
textdetox@01907546324b0330d2d8b7669648cc18823323e5/ru/001438	ru	0	парням в голубых беретах честь и хвала, с праздником, за вдв.
textdetox@01907546324b0330d2d8b7669648cc18823323e5/ru/001439	ru	0	я и так редко читаю здешних богинь, знающих как надо все делать правильно.
textdetox@01907546324b0330d2d8b7669648cc18823323e5/ru/001440	ru	0	человек это тоже животное, которое возомнило себя венцом творения природы.
textdetox@01907546324b0330d2d8b7669648cc18823323e5/ru/001441	ru	0	уважаемые односельчане прошу помочь в сборе денег на ремонт столовой.
textdetox@01907546324b0330d2d8b7669648cc18823323e5/ru/001442	ru	0	в планах в середине августа приступить к началу ремонта!!!
textdetox@01907546324b0330d2d8b7669648cc18823323e5/ru/001443	ru	0	прошу распростронить информацию в воцапе есть группа новомихайловка,кто хочет может присоединится.
textdetox@01907546324b0330d2d8b7669648cc18823323e5/ru/001444	ru	0	могу добавить пишите на номер 87018555526
textdetox@01907546324b0330d2d8b7669648cc18823323e5/ru/001445	ru	0	так хочется снова очутиться в московском кремле , походить там , все посмотреть, там так здорово - это достояние россии.
textdetox@01907546324b0330d2d8b7669648cc18823323e5/ru/001446	ru	0	вторая ели видна но это нормально у меня тоже так было и двойню родила мальчика и девочку удачи и здоровья маме и малышу
textdetox@01907546324b0330d2d8b7669648cc18823323e5/ru/001447	ru	0	земснаряд «gravel» 160 — плавучий, несамоходный, дизельный, палубного типа.
textdetox@01907546324b0330d2d8b7669648cc18823323e5/ru/001448	ru	0	сперва сами всё изгадите а потом жалуетесь
textdetox@01907546324b0330d2d8b7669648cc18823323e5/ru/001449	ru	0	может соседи , могут дополнительную информацию о ворах?
textdetox@01907546324b0330d2d8b7669648cc18823323e5/ru/001450	ru	0	талант,большой молодец,спасибо за красоту👍👏👏👏
textdetox@01907546324b0330d2d8b7669648cc18823323e5/ru/001451	ru	0	когда подписана так фотка, а это многие фото подобным способом подписывают, то и правда её хочется ставить лайки
textdetox@01907546324b0330d2d8b7669648cc18823323e5/ru/001452	ru	0	коня к амбару, книгу со свечой -у озера
textdetox@01907546324b0330d2d8b7669648cc18823323e5/ru/001453	ru	0	главное чтобы потом от топки не разваливалась!
textdetox@01907546324b0330d2d8b7669648cc18823323e5/ru/001454	ru	0	я думаю это дополнительный заработок, а что прогулялся с плакатиком погода хорошая.😃
textdetox@01907546324b0330d2d8b7669648cc18823323e5/ru/001455	ru	0	у хороших идей всегда найдутся помощники.
textdetox@01907546324b0330d2d8b7669648cc18823323e5/ru/001456	ru	0	водила смотрю одевает милицейскую фуражку и мне так приветливо в лобовое стекло помахал рукой,мол спасибо тебе,брат!!!
textdetox@01907546324b0330d2d8b7669648cc18823323e5/ru/001457	ru	0	умничка дай бог тебе здоровья и береги маму
textdetox@01907546324b0330d2d8b7669648cc18823323e5/ru/001458	ru	0	не чего брать с бирже не надо они сами заявку в соцзащите сделают только нужно сказать что вы там стоите
textdetox@01907546324b0330d2d8b7669648cc18823323e5/ru/001459	ru	0	тем временем в анапе в америке полиция просит прощения у негров
textdetox@01907546324b0330d2d8b7669648cc18823323e5/ru/001460	ru	0	в копилке народных рецептов имеются рецепты на основе лаврового листа, которые спасают человека от отечности.
textdetox@01907546324b0330d2d8b7669648cc18823323e5/ru/001461	ru	0	экстракт растения обладает очищающими качествами, которые способствуют эффективному освобождению организма от вредоносных компонентов, ядохимикатов и зашлакованности.
textdetox@01907546324b0330d2d8b7669648cc18823323e5/ru/001462	ru	0	лавровый лист при сахарном диабете показан в качестве сопутствующего лечения.
textdetox@01907546324b0330d2d8b7669648cc18823323e5/ru/001463	ru	0	наряду с медикаментозными препаратами рекомендовано включать в меню больного человека приправу.
textdetox@01907546324b0330d2d8b7669648cc18823323e5/ru/001464	ru	0	какже вы хотите разрушить и белоруссию,но увы вам это не под силу
textdetox@01907546324b0330d2d8b7669648cc18823323e5/ru/001465	ru	0	напиши мне в личку,а там видно будет возможность и отношения
textdetox@01907546324b0330d2d8b7669648cc18823323e5/ru/001466	ru	0	я бы тоже отдала .свою беду ,чужой не прикроешь.
textdetox@01907546324b0330d2d8b7669648cc18823323e5/ru/001467	ru	0	спасибо,людиа может кошечка нужна(дачная,троих уже пристроила очень хорошо)она оч оч хорошая,позитивная мурлыка,той жемасти,что и лея!!
textdetox@01907546324b0330d2d8b7669648cc18823323e5/ru/001468	ru	0	как вас туда взяли на работу,не судите людей по одежде
textdetox@01907546324b0330d2d8b7669648cc18823323e5/ru/001469	ru	0	доброе утро помощи и защиты вам богородиць пресвятой
textdetox@01907546324b0330d2d8b7669648cc18823323e5/ru/001470	ru	0	милое видео конечно, но перед тем как он добрался до магазина и прилавка, он покакал, пописил, по окуркам и плевкам дорожным пробежался.
textdetox@01907546324b0330d2d8b7669648cc18823323e5/ru/001471	ru	0	я смогла посмотреть на наше прошлое реальным взглядом.
textdetox@01907546324b0330d2d8b7669648cc18823323e5/ru/001472	ru	0	какая милая бабуленька, улыбается, душа светлая и ручки золотые!
textdetox@01907546324b0330d2d8b7669648cc18823323e5/ru/001473	ru	0	от таких бунтов экономика страны и региона падает
textdetox@01907546324b0330d2d8b7669648cc18823323e5/ru/001474	ru	0	вылет в 06.15 по вторникам,средам,четвергам и субботам
textdetox@01907546324b0330d2d8b7669648cc18823323e5/ru/001475	ru	0	нет я в августе пока не смогу его купить, чуть позже, спасибо
textdetox@01907546324b0330d2d8b7669648cc18823323e5/ru/001476	ru	0	добрый день со скольки до скольки работа?
textdetox@01907546324b0330d2d8b7669648cc18823323e5/ru/001477	ru	0	друзья мои верные, выручайте в трудном деле!
textdetox@01907546324b0330d2d8b7669648cc18823323e5/ru/001478	ru	0	для того чтобы задачу непростую выполнить нужна мне вещь редкая.
textdetox@01907546324b0330d2d8b7669648cc18823323e5/ru/001479	ru	0	зарядка вроде обычная, а вот где взять такую карту?
textdetox@01907546324b0330d2d8b7669648cc18823323e5/ru/001480	ru	0	ну так давно известно же что с точки зрения банальной эрудиции каждый индивидум может игнорировать тенденции монополистических абстракций
textdetox@01907546324b0330d2d8b7669648cc18823323e5/ru/001481	ru	0	друг делится энергией, принимаю, но, как было своей 100, так и осталось.
textdetox@01907546324b0330d2d8b7669648cc18823323e5/ru/001482	ru	0	после этой экстрадиции все белорусы с россии поедут копать картошку на родину за одно прихватив с собой креветки и ананасы.
textdetox@01907546324b0330d2d8b7669648cc18823323e5/ru/001483	ru	0	и можно после этого ставить крест над политической карьерой лукашенко!!!!
textdetox@01907546324b0330d2d8b7669648cc18823323e5/ru/001484	ru	0	лучше всего пользуйтесь бумажными полотенцами кухонные полотенца уже история
textdetox@01907546324b0330d2d8b7669648cc18823323e5/ru/001485	ru	0	кто работает с детьми, о добровольности речи нет, учитель отказался от вакцинации - директор получил втык.
textdetox@01907546324b0330d2d8b7669648cc18823323e5/ru/001486	ru	0	отдам копьё и ножик для охотницы за жемчугом
textdetox@01907546324b0330d2d8b7669648cc18823323e5/ru/001487	ru	0	молодцы, детишки и взрослые, которые всё это организовали!!
textdetox@01907546324b0330d2d8b7669648cc18823323e5/ru/001488	ru	0	я пацаном обедал в столовых, где ещё были официантки, именно в простых столовых.
textdetox@01907546324b0330d2d8b7669648cc18823323e5/ru/001489	ru	0	пусть теперь поют свой гимн !
textdetox@01907546324b0330d2d8b7669648cc18823323e5/ru/001490	ru	0	особенный идеальный не значит идеальный всегда а не ты моя счастье любовь ты ое рооно пусть рядом он или на дальнем расстоянии ты человека чувствусшь душой
textdetox@01907546324b0330d2d8b7669648cc18823323e5/ru/001491	ru	0	в журнале винтаж за 2014 г. выставлены их работы.
textdetox@01907546324b0330d2d8b7669648cc18823323e5/ru/001492	ru	0	где мои семнадцать лет... в своё время шила себе такие же... из того номера за 2014 год очень много отшила себе.
textdetox@01907546324b0330d2d8b7669648cc18823323e5/ru/001493	ru	0	особенно люблю платье с ластовицей в рукаве и пышной юбкой.
textdetox@01907546324b0330d2d8b7669648cc18823323e5/ru/001494	ru	0	хабаровчанам уважение за отстаивание их гражданской позиции.
textdetox@01907546324b0330d2d8b7669648cc18823323e5/ru/001495	ru	0	с трудом прошлым летом удалось пробиться, чтобы монетку бросить.
textdetox@01907546324b0330d2d8b7669648cc18823323e5/ru/001496	ru	0	мода была другой... туристы оставили... год перепутали 1987... замков на ширинке тогда не было точно!
textdetox@01907546324b0330d2d8b7669648cc18823323e5/ru/001497	ru	0	держись, ты красивая и сильная, у тебя будет все замечательно!!
textdetox@01907546324b0330d2d8b7669648cc18823323e5/ru/001498	ru	0	дпсо лиза алерт не разглашает данную информацию!
textdetox@01907546324b0330d2d8b7669648cc18823323e5/ru/001499	ru	0	я сюда масла лью2 стакана и пачку приправы для моркови по корейски и 2 головки чеснока
textdetox@01907546324b0330d2d8b7669648cc18823323e5/ru/001500	ru	0	настенька,дай бог тебе здоровья и сил преодолеть все трудности на пути к своей мечте
textdetox@01907546324b0330d2d8b7669648cc18823323e5/ru/001501	ru	0	вспомнила очень многих, доброе время было!!
textdetox@01907546324b0330d2d8b7669648cc18823323e5/ru/001502	ru	0	мы молемся своему богу а еврейская библия пусть им и остается
textdetox@01907546324b0330d2d8b7669648cc18823323e5/ru/001503	ru	0	ножной привод, рабочая, требуется замена ремня.
textdetox@01907546324b0330d2d8b7669648cc18823323e5/ru/001504	ru	0	я делаю тёплый салат в духовке, целиком запекать кабачки, баклажаны, перец, помидоры, нарезать кусочками, заправить растительным маслом, зелень, чеснок, можно лук мелко нарезанный
textdetox@01907546324b0330d2d8b7669648cc18823323e5/ru/001505	ru	0	олеся здравствуйте посылочку получила туфли хорошо такие легкие удобные подошли очень сегодня на работу босоножках пришла красота в огромное спасибо вам о ч
textdetox@01907546324b0330d2d8b7669648cc18823323e5/ru/001506	ru	0	господи иисусу христе,помилуй меня грешную!!
textdetox@01907546324b0330d2d8b7669648cc18823323e5/ru/001507	ru	0	однолетние кусты столько ягод не дадут.
textdetox@01907546324b0330d2d8b7669648cc18823323e5/ru/001508	ru	0	видимо снесли ведра с ягодами со всего дачного поселка.
textdetox@01907546324b0330d2d8b7669648cc18823323e5/ru/001509	ru	0	доброго утра дня хорошего отличного и настроениял
textdetox@01907546324b0330d2d8b7669648cc18823323e5/ru/001510	ru	0	в прошлом году в новом афоне поели.
textdetox@01907546324b0330d2d8b7669648cc18823323e5/ru/001511	ru	0	спасибо вам ольга за то что я через вас узнала это стихотворение ,а когда мне нравится стих мне всегда хочется знать кто автор!
textdetox@01907546324b0330d2d8b7669648cc18823323e5/ru/001512	ru	0	а вы думаете женщина может справиться с мужиком 60 лет?
textdetox@01907546324b0330d2d8b7669648cc18823323e5/ru/001513	ru	0	но начинать надо с кремля думы и чиновников.
textdetox@01907546324b0330d2d8b7669648cc18823323e5/ru/001514	ru	0	они вышли потому что граждане своей страны, а не просто население.
textdetox@01907546324b0330d2d8b7669648cc18823323e5/ru/001515	ru	0	перевела 100р.на карту,пока побольше не получается.
textdetox@01907546324b0330d2d8b7669648cc18823323e5/ru/001516	ru	0	ни запаха, ни вкуса после такого кипячения👎
textdetox@01907546324b0330d2d8b7669648cc18823323e5/ru/001517	ru	0	размер и цена спортивный костюм адидас,черно-розовый?
textdetox@01907546324b0330d2d8b7669648cc18823323e5/ru/001518	ru	0	​​4 сектора от ветеринаров ушли нашими заботами---оба новиковых++хитрый лис++белый волк --около нащево волф лоне
textdetox@01907546324b0330d2d8b7669648cc18823323e5/ru/001519	ru	0	не в этом спорте с таким противовесом бегать
textdetox@01907546324b0330d2d8b7669648cc18823323e5/ru/001520	ru	0	кнопки и катушки пускателей питаешь 24в, сам двигатель на 380в.
textdetox@01907546324b0330d2d8b7669648cc18823323e5/ru/001521	ru	0	тоесть силовая часть на 380в, а вторичная цепь на 24в
textdetox@01907546324b0330d2d8b7669648cc18823323e5/ru/001522	ru	0	здоровья, долгих лет жизни, внимание близких и родных.
textdetox@01907546324b0330d2d8b7669648cc18823323e5/ru/001523	ru	0	а то сидеть в интернете и горланить мастеров много, вы лично, что сделали,или делаете чтоб изменить ситуацию???
textdetox@01907546324b0330d2d8b7669648cc18823323e5/ru/001524	ru	0	это уникальная ворона .в нашем парке вороны вытаскивают из урн пакеты с остатками еды после пикников .видела это сама .
textdetox@01907546324b0330d2d8b7669648cc18823323e5/ru/001525	ru	0	у нас на кубани нету такой ягоды....спасибо.
textdetox@01907546324b0330d2d8b7669648cc18823323e5/ru/001526	ru	0	на расстояние два метра к нему меньше чем майора не поставят,не то что бы простого смертного
textdetox@01907546324b0330d2d8b7669648cc18823323e5/ru/001527	ru	0	в магазине 9 от горпо урал делают на заказ 650-700 руб за кг
textdetox@01907546324b0330d2d8b7669648cc18823323e5/ru/001528	ru	0	записьнужна мне помощь да поддержка дружеская, не хватает в хозяйстве вещи малой для дела важного.
textdetox@01907546324b0330d2d8b7669648cc18823323e5/ru/001529	ru	0	причем уже дважды на вопрос что же там,ответ был один вам пока этого не надо .
textdetox@01907546324b0330d2d8b7669648cc18823323e5/ru/001530	ru	0	облако или туман,общались мысленно,без эмоции,монотоннои речью очень спешили вернуться,были слова,что отпустили на минуты
textdetox@01907546324b0330d2d8b7669648cc18823323e5/ru/001531	ru	0	а им похрен,что детей до 3х надо и в садик тоже собрать.там не тысяча и не 2.а больше 10 выйдет.цены то бешеные.наверное для них до 3х это не дети.прям обидно будет
textdetox@01907546324b0330d2d8b7669648cc18823323e5/ru/001532	ru	0	долголетия,счастья вам и вашим семьям,удачи и праздничного настроения!
textdetox@01907546324b0330d2d8b7669648cc18823323e5/ru/001533	ru	0	в сибири испокон веков наказывали сами_ поэтому и преступность здесь не росла.
textdetox@01907546324b0330d2d8b7669648cc18823323e5/ru/001534	ru	0	а вот когда силовым методом изменили_ получаем результат.
textdetox@01907546324b0330d2d8b7669648cc18823323e5/ru/001535	ru	0	испытываю трепет и радость , как будто всё родное и дорогое сердцу и душе !
textdetox@01907546324b0330d2d8b7669648cc18823323e5/ru/001536	ru	0	смотрела с интересом, но последняя фраза испортила все видео.
textdetox@01907546324b0330d2d8b7669648cc18823323e5/ru/001537	ru	0	вода называется вода, потому что она водянистая
textdetox@01907546324b0330d2d8b7669648cc18823323e5/ru/001538	ru	0	валера живет в ст.георгиевской георгиевского района
textdetox@01907546324b0330d2d8b7669648cc18823323e5/ru/001539	ru	0	вам на какие даты нужно, вылет можно посмотреть из разных городов
textdetox@01907546324b0330d2d8b7669648cc18823323e5/ru/001540	ru	0	права выбора вас лишили депутаты славгородского городского собрания.
textdetox@01907546324b0330d2d8b7669648cc18823323e5/ru/001541	ru	0	нужны те, кто безусловно поддержат партию единая россия.
textdetox@01907546324b0330d2d8b7669648cc18823323e5/ru/001542	ru	0	даже если это идет вразрез с вашими желаниями.
textdetox@01907546324b0330d2d8b7669648cc18823323e5/ru/001543	ru	0	поближе фото этого листа сделайте,что зря растение травить.и будет ясно.
textdetox@01907546324b0330d2d8b7669648cc18823323e5/ru/001544	ru	0	я думаю дело не в деньгах, просто шугнулся он василия.
textdetox@01907546324b0330d2d8b7669648cc18823323e5/ru/001545	ru	0	да бесплатно,в плавске на октябрьской,звоните договоримся 89531880331.
textdetox@01907546324b0330d2d8b7669648cc18823323e5/ru/001546	ru	0	приобрела такую красоту помогите определить сорт.это фото продавца
textdetox@01907546324b0330d2d8b7669648cc18823323e5/ru/001547	ru	0	посмотрела открытие олимпийских игр, очень жаль что заглушают своим разговором двое комментаторов, ту прекрасную атмосферу олимпиады.
textdetox@01907546324b0330d2d8b7669648cc18823323e5/ru/001548	ru	0	не слышно было музыкального оформления , когда танцуют коллективы и валентину михайловну леонтьеву.
textdetox@01907546324b0330d2d8b7669648cc18823323e5/ru/001549	ru	0	я всегда сердцевину удаляю и кабачки очищаю.
textdetox@01907546324b0330d2d8b7669648cc18823323e5/ru/001550	ru	0	скорее это боксерчик.милашка.дай бог тебе,малыш,хорошего и любящего хозяина)
textdetox@01907546324b0330d2d8b7669648cc18823323e5/ru/001551	ru	0	у меня образец получился 24п на 40 рядов всетаки
textdetox@01907546324b0330d2d8b7669648cc18823323e5/ru/001552	ru	0	здравствуйте, нет на среду не будет, заказы есть
textdetox@01907546324b0330d2d8b7669648cc18823323e5/ru/001553	ru	0	куплю небольшой холодильник или морозильник за умеренную цену.
textdetox@01907546324b0330d2d8b7669648cc18823323e5/ru/001554	ru	0	песни татьяны снежиной трогают до слёз, до мурашек... она необыкновенная!!!
textdetox@01907546324b0330d2d8b7669648cc18823323e5/ru/001555	ru	0	царствие небесное талантливой и неповторимой танечка!!
textdetox@01907546324b0330d2d8b7669648cc18823323e5/ru/001556	ru	0	классно кажется так все легко а как начнёшь готовить столько нервов надо еще получится или нет 😩
textdetox@01907546324b0330d2d8b7669648cc18823323e5/ru/001557	ru	0	любимчики!и наш так спит,залазиет куда хочет
textdetox@01907546324b0330d2d8b7669648cc18823323e5/ru/001558	ru	0	в конце 1970-х и начале 80-х, командиром бригады в 55584 был полковник в.чертков.
textdetox@01907546324b0330d2d8b7669648cc18823323e5/ru/001559	ru	0	потом он пошел стремительно вверх - командующий пво югв, а потом начальником академии пво россии в смоленске, генерал-полковник.
textdetox@01907546324b0330d2d8b7669648cc18823323e5/ru/001560	ru	0	привет всем!ребята,как на счет 15 августа?очень хочется со всеми увидеться!💋
textdetox@01907546324b0330d2d8b7669648cc18823323e5/ru/001561	ru	0	у моей мамы тоже была такая прялка
textdetox@01907546324b0330d2d8b7669648cc18823323e5/ru/001562	ru	0	заказ примите улыбкой оплата доброе утро
textdetox@01907546324b0330d2d8b7669648cc18823323e5/ru/001563	ru	0	роза сколько соток у тебя участок?
textdetox@01907546324b0330d2d8b7669648cc18823323e5/ru/001564	ru	0	у тебя и фрукты и овощи , и теплица помещается, и цветочков немало...очень здорово, но работы тоже много
textdetox@01907546324b0330d2d8b7669648cc18823323e5/ru/001565	ru	0	нужны подвеска или ожерелье запрос активен
textdetox@01907546324b0330d2d8b7669648cc18823323e5/ru/001566	ru	0	если найдём один за два года, то счастья немерено
textdetox@01907546324b0330d2d8b7669648cc18823323e5/ru/001567	ru	0	наверное валуёв все мозги выросли в боксе
textdetox@01907546324b0330d2d8b7669648cc18823323e5/ru/001568	ru	0	до сих пор не пойму, за что погибал цвет нашей россии.
textdetox@01907546324b0330d2d8b7669648cc18823323e5/ru/001569	ru	0	ты умница, талант дай бог тебе здоровь и удачи!!!!
textdetox@01907546324b0330d2d8b7669648cc18823323e5/ru/001570	ru	0	такая она - животрепещущая : арест блогера... человека, который старался, как можно, ярче осветить проходившие , в городе, митинги... а вы ?
textdetox@01907546324b0330d2d8b7669648cc18823323e5/ru/001571	ru	0	вы оскорбляете сами себя и переходите на личности !
textdetox@01907546324b0330d2d8b7669648cc18823323e5/ru/001572	ru	0	тогда, милости просим ... в другом месте , пожалуйста !
textdetox@01907546324b0330d2d8b7669648cc18823323e5/ru/001573	ru	0	это - унижает и оскорбляет достоинство тех смелых и решительных людей, митингующих уже не одну (!)
textdetox@01907546324b0330d2d8b7669648cc18823323e5/ru/001574	ru	0	неделю , в борьбе за звание - человеком зваться !
textdetox@01907546324b0330d2d8b7669648cc18823323e5/ru/001575	ru	0	пусть у народа будет возможность высказать своё решительное - нет !
textdetox@01907546324b0330d2d8b7669648cc18823323e5/ru/001576	ru	0	никогда не пойму ведь знает, что опасно, знает что может навредить другим, но нет, все равно сбегает ...
textdetox@01907546324b0330d2d8b7669648cc18823323e5/ru/001577	ru	0	?простым смертным за пару тысяч реальный срок,а властным небожителям условно!
textdetox@01907546324b0330d2d8b7669648cc18823323e5/ru/001578	ru	0	а если я краснодарском крае, сюда не отправляете?
textdetox@01907546324b0330d2d8b7669648cc18823323e5/ru/001579	ru	0	не знаю новый адрес узнаю только в следующий выходной .пока узнала про мед комиссию и обувку полк , втб карту всё ок остальное в следующий выходной
textdetox@01907546324b0330d2d8b7669648cc18823323e5/ru/001580	ru	0	от такой красоты, на душе становится лучисто.
textdetox@01907546324b0330d2d8b7669648cc18823323e5/ru/001581	ru	0	каунас 108 полк 1966 68 год саперная рота , класс
textdetox@01907546324b0330d2d8b7669648cc18823323e5/ru/001582	ru	0	это хорошая девочка, пока не знаешь какие они песни поют по утру
textdetox@01907546324b0330d2d8b7669648cc18823323e5/ru/001583	ru	0	чтобы настоящему туристу быть в восторге ему достаточно быть в походе.
textdetox@01907546324b0330d2d8b7669648cc18823323e5/ru/001584	ru	0	я проходила мимо дерева с айвой, такой аромат стоит, на всю улицу.
textdetox@01907546324b0330d2d8b7669648cc18823323e5/ru/001585	ru	0	вообще-то в эмиратах всего два города если у нас была москва и питер
textdetox@01907546324b0330d2d8b7669648cc18823323e5/ru/001586	ru	0	почти как у нас только 4 сына а дочку уже поздно , будем внучек ждать
textdetox@01907546324b0330d2d8b7669648cc18823323e5/ru/001587	ru	0	на такое колличество участников не один приз нужно вручать
textdetox@01907546324b0330d2d8b7669648cc18823323e5/ru/001588	ru	0	земля ему пухом.😢 хороший, добрый был человек.
textdetox@01907546324b0330d2d8b7669648cc18823323e5/ru/001589	ru	0	чтобы закрепить результат на долгое время..
textdetox@01907546324b0330d2d8b7669648cc18823323e5/ru/001590	ru	0	группа регламента 83301 р первое отделение командир гидирим.
textdetox@01907546324b0330d2d8b7669648cc18823323e5/ru/001591	ru	0	букет лимон и мята с чабрецом традиционный с бергамотом
textdetox@01907546324b0330d2d8b7669648cc18823323e5/ru/001592	ru	0	дорый день.скажите пажалуста мне нужен в кухню потолок натяжной.4 на 2,6 и один выход под люстру..скажите сколько будет стоить.потолок белый хочу.
textdetox@01907546324b0330d2d8b7669648cc18823323e5/ru/001593	ru	0	конечно целует,столько чёрной икры приплыло😂
textdetox@01907546324b0330d2d8b7669648cc18823323e5/ru/001594	ru	0	алексей, тут все девушки пишут, что хотят серьёзные отношения,а сами молчат.
textdetox@01907546324b0330d2d8b7669648cc18823323e5/ru/001595	ru	0	в таком доме, живёт любовь и счастье!!
textdetox@01907546324b0330d2d8b7669648cc18823323e5/ru/001596	ru	0	красотка очаровашка прекрасная певица очень очень любим вас
textdetox@01907546324b0330d2d8b7669648cc18823323e5/ru/001597	ru	0	оксана посмотрела твое видео,красота,все то и все в тему,мне очень понравилось!!
textdetox@01907546324b0330d2d8b7669648cc18823323e5/ru/001598	ru	0	разваливают все.как дети и внуки будут жить?
textdetox@01907546324b0330d2d8b7669648cc18823323e5/ru/001599	ru	0	есть мнение,что так инопланетяне нашу воду качают
textdetox@01907546324b0330d2d8b7669648cc18823323e5/ru/001600	ru	0	малыш родился, это радость и счастье для родителей!
textdetox@01907546324b0330d2d8b7669648cc18823323e5/ru/001601	ru	0	американцев, за ловлю американского осетра и фотосессию, не сажают.
textdetox@01907546324b0330d2d8b7669648cc18823323e5/ru/001602	ru	0	за возможность поймать и отпустить, они платят деньги
textdetox@01907546324b0330d2d8b7669648cc18823323e5/ru/001603	ru	0	до стэлы на этой площади был прекрасный сиреневый сквер?
textdetox@01907546324b0330d2d8b7669648cc18823323e5/ru/001604	ru	0	абу-л-гази, потомок чингиз-хана, сын араб-мухаммед-хана, происходит из рода шейбана, 5 из поколения узбеков.
textdetox@01907546324b0330d2d8b7669648cc18823323e5/ru/001605	ru	0	будущий хивинский хан и историк родился в стольном городе своего отца — в ургенче, в пятницу, 12 августа 1603 г.
textdetox@01907546324b0330d2d8b7669648cc18823323e5/ru/001606	ru	0	канули в лету те времена, когда водоемы были читыми
textdetox@01907546324b0330d2d8b7669648cc18823323e5/ru/001607	ru	0	поставила склад, а как туда перемещать вещи и товар не знаю.
textdetox@01907546324b0330d2d8b7669648cc18823323e5/ru/001608	ru	0	красиво:жизнь состоит в дарении.от немногих-многим.от тех,кто знает и имеет,-тем,кто не знает и не имеет
textdetox@01907546324b0330d2d8b7669648cc18823323e5/ru/001609	ru	0	не всегда тот, кто умничает, говорит до конца правдиво.
textdetox@01907546324b0330d2d8b7669648cc18823323e5/ru/001610	ru	0	лукавит генерал, про расходы пенсионеров промолчал
textdetox@01907546324b0330d2d8b7669648cc18823323e5/ru/001611	ru	0	деньги закладывать для пенсионеров в общий бюджет первой строкой нет в бюджете средств значит и чиновникам тоже нет
textdetox@01907546324b0330d2d8b7669648cc18823323e5/ru/001612	ru	0	сколько будет стоить кружка .страна для жизни
textdetox@01907546324b0330d2d8b7669648cc18823323e5/ru/001613	ru	0	🙏🙏🙏отдельное спасибо семье, которая вернула нашего малыша домой!!
textdetox@01907546324b0330d2d8b7669648cc18823323e5/ru/001614	ru	0	друзья настоящие... подарили мужику нехватаюшую деталь.
textdetox@01907546324b0330d2d8b7669648cc18823323e5/ru/001615	ru	0	но не единственный в своём роде, у дмитрия тоже не плохой.
textdetox@01907546324b0330d2d8b7669648cc18823323e5/ru/001616	ru	0	а вы уже в июле получали вам сейчас ток за август пришло
textdetox@01907546324b0330d2d8b7669648cc18823323e5/ru/001617	ru	0	а я вообще под кроватью-не хотелось беспокоить ребенка после операции
textdetox@01907546324b0330d2d8b7669648cc18823323e5/ru/001618	ru	0	да не гордыня, а просто страх увидеть друг друга.
textdetox@01907546324b0330d2d8b7669648cc18823323e5/ru/001619	ru	0	добрый день наталья, вопрос поездка на бахчу цена 2.500-300₽ с чем связана такая разница
textdetox@01907546324b0330d2d8b7669648cc18823323e5/ru/001620	ru	0	когда-то на том месте,где сейчас находиться садик , ,росла картошка семьи кульковых.
textdetox@01907546324b0330d2d8b7669648cc18823323e5/ru/001621	ru	0	а наш четвертый класс шел мимо этого огорода еще в старую школу.
textdetox@01907546324b0330d2d8b7669648cc18823323e5/ru/001622	ru	0	у меня кажется именно такой,как на фото.мудрый,очень терпеливый и с большим чувством юмора.что бы не случилось,шепчет,держись.обожаю его.
textdetox@01907546324b0330d2d8b7669648cc18823323e5/ru/001623	ru	0	вставай страна огромная, вставай на смертный бой!!!!
textdetox@01907546324b0330d2d8b7669648cc18823323e5/ru/001624	ru	0	такой вещи простой в хозяйстве не оказалось!
textdetox@01907546324b0330d2d8b7669648cc18823323e5/ru/001625	ru	0	ужасно и страшно - ребенок в военной форме , мы что к войне готовимся , или я что-то не поняла ?
textdetox@01907546324b0330d2d8b7669648cc18823323e5/ru/001626	ru	0	смотреть как живут люди в других странах и строить свою прекрасную страну и прекрасную жизнь людей в ней.
textdetox@01907546324b0330d2d8b7669648cc18823323e5/ru/001627	ru	0	без нищеты, для этого все в нашей огромной богатейшей стране есть.
textdetox@01907546324b0330d2d8b7669648cc18823323e5/ru/001628	ru	0	надеюсь, что все-таки, в ближайшее время россия станет государством которое будет действовать во имя народа, во благо народа и от имени народа.
textdetox@01907546324b0330d2d8b7669648cc18823323e5/ru/001629	ru	0	идеальный коктейль для жизни авантюризм в пофигизм капля альтруизм эгоизма смешать взболтать тут же выпить
textdetox@01907546324b0330d2d8b7669648cc18823323e5/ru/001630	ru	0	это счастье, когда видишь бабушку с внуком.
textdetox@01907546324b0330d2d8b7669648cc18823323e5/ru/001631	ru	0	я сама бабушка и приятно смотреть на это фото.
textdetox@01907546324b0330d2d8b7669648cc18823323e5/ru/001632	ru	0	добрый вечер!.вы вообще то читаете просьбы игроков?
textdetox@01907546324b0330d2d8b7669648cc18823323e5/ru/001633	ru	0	что вы можете сказать по поводу того, что флеш плеер прекратит обслуживание в декабре?
textdetox@01907546324b0330d2d8b7669648cc18823323e5/ru/001634	ru	0	если конечно сможем вообще играть...игра стала коммерческая: акции на пополнение через день, других практически не осталось.на самом деле это уже становится не интересно.
textdetox@01907546324b0330d2d8b7669648cc18823323e5/ru/001635	ru	0	ведь все же видят,что как то ненормально все выглядит,игровая валюта уже не котируется,постоянные распродажи и акции,непроходимые дебри площадей.удивительное упорство с вашей стороны.
textdetox@01907546324b0330d2d8b7669648cc18823323e5/ru/001636	ru	0	книгу со свечой у кресла положу и по вечерам читать буду со свечой
textdetox@01907546324b0330d2d8b7669648cc18823323e5/ru/001637	ru	0	женщин злить нельзя - 33 богатыря не справятся!👍
textdetox@01907546324b0330d2d8b7669648cc18823323e5/ru/001638	ru	0	он стоит 500 р тогда если стоит 500р то продайти мне
textdetox@01907546324b0330d2d8b7669648cc18823323e5/ru/001639	ru	0	у вас номер телефона указан верно?осталось ещё суп набор
textdetox@01907546324b0330d2d8b7669648cc18823323e5/ru/001640	ru	0	раньше врагов народа расстреливали , а сейчас они глумятся над народом.всю жизнь рабочий класс был в почёте, а сейчас одни торгаши я за грудинина, платошкина
textdetox@01907546324b0330d2d8b7669648cc18823323e5/ru/001641	ru	0	фото супер очень тёплое и приятное
textdetox@01907546324b0330d2d8b7669648cc18823323e5/ru/001642	ru	0	самое лучшее что было в нашем детстве это фильмы- сказки открывалось окошко разрисованное яркими рисунками и таинственным голосом актриса вроде зуева.
textdetox@01907546324b0330d2d8b7669648cc18823323e5/ru/001643	ru	0	очень грустно что наши внуки не видят такие замечательные фильмы роу.
textdetox@01907546324b0330d2d8b7669648cc18823323e5/ru/001644	ru	0	скажите,а скидка 40% на муж.туалетную воду действует если мой заказ будет от 1000р или от общего заказа?
textdetox@01907546324b0330d2d8b7669648cc18823323e5/ru/001645	ru	0	добра не делаю уже много лет потому как после того как сделаю добро получаю только нож в спину хотя не то что требую а просто не прошу даже спасибо в ответ.
textdetox@01907546324b0330d2d8b7669648cc18823323e5/ru/001646	ru	0	я же эту репку сказал буду один я тянуть
textdetox@01907546324b0330d2d8b7669648cc18823323e5/ru/001647	ru	0	если говорите что не нравится человек, дак и скажите почему, так решили
textdetox@01907546324b0330d2d8b7669648cc18823323e5/ru/001648	ru	0	они бы лучше цены скорректировали на свои курорты.
textdetox@01907546324b0330d2d8b7669648cc18823323e5/ru/001649	ru	0	порой думаю что дешевле было бы слетать в какую-нибудь турцию, вместо того чтобы доехать до ближайших соленых озер
textdetox@01907546324b0330d2d8b7669648cc18823323e5/ru/001650	ru	0	конституция придумана раньше чем ты выводы для себя сделал
textdetox@01907546324b0330d2d8b7669648cc18823323e5/ru/001651	ru	0	есть у вас красная смородина и цена,черная и крупная малина цена
textdetox@01907546324b0330d2d8b7669648cc18823323e5/ru/001652	ru	0	фото где киса лежит на полу , глаза у нее на человеческие похожи.
textdetox@01907546324b0330d2d8b7669648cc18823323e5/ru/001653	ru	0	и зачем так разбиваться ради всех любимых?
textdetox@01907546324b0330d2d8b7669648cc18823323e5/ru/001654	ru	0	на машине , подьехал-купили, рядом в магазине- позвонили , подошли , принесли... все равно ваш подвиг никто не оценит, берегите себя!
textdetox@01907546324b0330d2d8b7669648cc18823323e5/ru/001655	ru	0	да))) справа муж, слева кот ... и такая спортивная посередине))))
textdetox@01907546324b0330d2d8b7669648cc18823323e5/ru/001656	ru	0	и родителей пускали на территорию лагеря и детей отпускали на всё время до отъезда родителей.
textdetox@01907546324b0330d2d8b7669648cc18823323e5/ru/001657	ru	0	вороны никому не дают спать- закройте мусорные баки хотя бы сетками , натянув их на квадратные деревянные бруски.укрепите над баками.
textdetox@01907546324b0330d2d8b7669648cc18823323e5/ru/001658	ru	0	давно люди придумали хотя бы так закрывать мусорные баки.
textdetox@01907546324b0330d2d8b7669648cc18823323e5/ru/001659	ru	0	а то вороны мусорят и живут на крышах домов... а так переселяться из города.
textdetox@01907546324b0330d2d8b7669648cc18823323e5/ru/001660	ru	0	1августа 2020года ушла из жизни соколова мария денисовна вечная память
textdetox@01907546324b0330d2d8b7669648cc18823323e5/ru/001661	ru	0	это понятно, просто сначала кажется, что собака
textdetox@01907546324b0330d2d8b7669648cc18823323e5/ru/001662	ru	0	что никак нельзя вход в игру сделать
textdetox@01907546324b0330d2d8b7669648cc18823323e5/ru/001663	ru	0	да и любая ночная смена в любом отделении будет в этом участвовать!!
textdetox@01907546324b0330d2d8b7669648cc18823323e5/ru/001664	ru	0	талантливый настолько что его последний фильм имеет 2.7 из 10
textdetox@01907546324b0330d2d8b7669648cc18823323e5/ru/001665	ru	0	а может лучше комбайны и трактора выпускать и сельское хозяйство восстановить как было.
textdetox@01907546324b0330d2d8b7669648cc18823323e5/ru/001666	ru	0	грусть и воспоминания, тряхнули мою душу и сердце!!!
textdetox@01907546324b0330d2d8b7669648cc18823323e5/ru/001667	ru	0	слушая эту песню, я по настоящему взглянул на жизнь.
textdetox@01907546324b0330d2d8b7669648cc18823323e5/ru/001668	ru	0	анатолий, ты творишь прекрасные чудеса своим творчеством!!!
textdetox@01907546324b0330d2d8b7669648cc18823323e5/ru/001669	ru	0	давая хорошее настроение и задуматься о правильном!!
textdetox@01907546324b0330d2d8b7669648cc18823323e5/ru/001670	ru	0	очень понравилось зелёное, лайм, внутри сливочное в лаймовом соке
textdetox@01907546324b0330d2d8b7669648cc18823323e5/ru/001671	ru	0	да и не стоит открывать кому то душу....не любит наш народ сквозняк...
textdetox@01907546324b0330d2d8b7669648cc18823323e5/ru/001672	ru	0	очень хороший стих!просто замечательный!спасибо,вам большое,за ваш талант!удачи в творчестве!♥♥♥♥
textdetox@01907546324b0330d2d8b7669648cc18823323e5/ru/001673	ru	0	у меня вторая беременность мальчик все лицо в пигментных пятнах с первым сыном так же было
textdetox@01907546324b0330d2d8b7669648cc18823323e5/ru/001674	ru	0	светлая память...вечный покой...земля ему пухом...
textdetox@01907546324b0330d2d8b7669648cc18823323e5/ru/001675	ru	0	это все счастье достаток удача добро мир здоровье любовь вам
textdetox@01907546324b0330d2d8b7669648cc18823323e5/ru/001676	ru	0	завтра начну верить😂😂😂, а то сегодня спать пора
textdetox@01907546324b0330d2d8b7669648cc18823323e5/ru/001677	ru	0	на таком автобусе я работал, но с такой надписью таких автобусов небыло.
textdetox@01907546324b0330d2d8b7669648cc18823323e5/ru/001678	ru	0	отдам декаративную белую крысу вместе с клеткой ребёнку за вкусняшки.
textdetox@01907546324b0330d2d8b7669648cc18823323e5/ru/001679	ru	0	очень жаль, семья погибла,дети, печально.
textdetox@01907546324b0330d2d8b7669648cc18823323e5/ru/001680	ru	0	хотя конечно и этот способ, для кого то, может иметь свое место существовать!?
textdetox@01907546324b0330d2d8b7669648cc18823323e5/ru/001681	ru	0	я конечно не в курсе что там у вас происходит, но иногда корова уходит, а хозяева ее ищут просто не могут найти
textdetox@01907546324b0330d2d8b7669648cc18823323e5/ru/001682	ru	0	кто знает чтобы продлить гсп надо собирать справки и идти в собез или всё автоматом продлевается?
textdetox@01907546324b0330d2d8b7669648cc18823323e5/ru/001683	ru	0	эта сирень слушала плач ребенка .видела как зарождалась любовь .видела встречи и разлуки.помнит руки посадившие .цветет.
textdetox@01907546324b0330d2d8b7669648cc18823323e5/ru/001684	ru	0	добрый вечер, ставила класс на лошадь, но подарков не получила
textdetox@01907546324b0330d2d8b7669648cc18823323e5/ru/001685	ru	0	6 - пепеляева наталья, 7- лузина галина, 8 - силина любовь, 9- дедова елена
textdetox@01907546324b0330d2d8b7669648cc18823323e5/ru/001686	ru	0	с 10 ухожу в отпуск ,калитку на замок , и буду сидеть дома ,прогенералю всё в доме , дел много , может начнут спеть помидоры , буду заниматься заготовками, дома работы много.
textdetox@01907546324b0330d2d8b7669648cc18823323e5/ru/001687	ru	0	умнички,что приютили,ура,целую просто света
textdetox@01907546324b0330d2d8b7669648cc18823323e5/ru/001688	ru	0	я всегда говорила, что они самые умные от природы!
textdetox@01907546324b0330d2d8b7669648cc18823323e5/ru/001689	ru	0	гнать уже всех надо за периметор работать как все люди работают
textdetox@01907546324b0330d2d8b7669648cc18823323e5/ru/001690	ru	0	как соблюдаете, хранить в сухом месте по - новому???
textdetox@01907546324b0330d2d8b7669648cc18823323e5/ru/001691	ru	0	это наши родители, это великая отечественная война.
textdetox@01907546324b0330d2d8b7669648cc18823323e5/ru/001692	ru	0	это люди которые под руководством сталина победили фашизм.
textdetox@01907546324b0330d2d8b7669648cc18823323e5/ru/001693	ru	0	я не уверен что люди будут так же бороться за жизнь при нынешнем руководстве.
textdetox@01907546324b0330d2d8b7669648cc18823323e5/ru/001694	ru	0	чувствуется запах леса слегка влажный и дурманящий.красота то какая!!
textdetox@01907546324b0330d2d8b7669648cc18823323e5/ru/001695	ru	0	сказать трудно мне что фёдор проиграет бой, а то что он старый саня или фёдор старый это бой старый молодой тем более они не просто люди а бойцы на высоком уровне и один удар может решить все.
textdetox@01907546324b0330d2d8b7669648cc18823323e5/ru/001696	ru	0	уточните какой курс лечения, год или два месяца.
textdetox@01907546324b0330d2d8b7669648cc18823323e5/ru/001697	ru	0	а с двумя детьми , это вообще , я не знаю как выразиться !
textdetox@01907546324b0330d2d8b7669648cc18823323e5/ru/001698	ru	0	не уж-то в ютубе нет этого мудрого человека?
textdetox@01907546324b0330d2d8b7669648cc18823323e5/ru/001699	ru	0	точно так же есть фильмы о пограничниках, о танкистах.
textdetox@01907546324b0330d2d8b7669648cc18823323e5/ru/001700	ru	0	про концерты сказать не могу, не смотрю я такие мероприятия, часто по тв концерты в честь кого то идут.
textdetox@01907546324b0330d2d8b7669648cc18823323e5/ru/001701	ru	0	вот этими своими гуляньями неадекватными они вызывают негатив.
textdetox@01907546324b0330d2d8b7669648cc18823323e5/ru/001702	ru	0	один фотки прислал, 2 числа в семьей на шашлыках, второй с мужем моим на рыбалку свалили.
textdetox@01907546324b0330d2d8b7669648cc18823323e5/ru/001703	ru	0	остальные не знаю, может и покатались по городу с флагом на машине.
textdetox@01907546324b0330d2d8b7669648cc18823323e5/ru/001704	ru	0	а интересно откуда известно что подошли двое забрали телефон и ушли ?
textdetox@01907546324b0330d2d8b7669648cc18823323e5/ru/001705	ru	0	девочки а если мне полы заливали я заказывла камазы песок щебёнку.мне от руки написали сколько чего цена и печать.пройдет?
textdetox@01907546324b0330d2d8b7669648cc18823323e5/ru/001706	ru	0	в ваших рассуждениях даже нечего особо понимать.
textdetox@01907546324b0330d2d8b7669648cc18823323e5/ru/001707	ru	0	лукашенко на своих первых выборах точно так же, как светлана тихановская, вёл предвыборную агитацию и тратил на это деньги.
textdetox@01907546324b0330d2d8b7669648cc18823323e5/ru/001708	ru	0	но была и есть одна существенная разница: соперниками лукашенко были относительно порядочные люди, которые не применяли репрессий ни к самому лукашенко, ни к его сторонникам.
textdetox@01907546324b0330d2d8b7669648cc18823323e5/ru/001709	ru	0	лукашенко же ведёт борьбу подлыми средствами.
textdetox@01907546324b0330d2d8b7669648cc18823323e5/ru/001710	ru	0	бабуля с днём раждения здоровье на долгие годы
textdetox@01907546324b0330d2d8b7669648cc18823323e5/ru/001711	ru	0	любимая женщина любима всегда и во все времена , если даже она катастрофа ходячая .
textdetox@01907546324b0330d2d8b7669648cc18823323e5/ru/001712	ru	0	хорошо провести время пиши в лс буду ждать
textdetox@01907546324b0330d2d8b7669648cc18823323e5/ru/001713	ru	0	ну не все могут пойти на стройку, и на какой завод так можно свободно прийти на работу?
textdetox@01907546324b0330d2d8b7669648cc18823323e5/ru/001714	ru	0	есть люди которые работают за копейки.
textdetox@01907546324b0330d2d8b7669648cc18823323e5/ru/001715	ru	0	люди хотят жить, работать, а не выживать
textdetox@01907546324b0330d2d8b7669648cc18823323e5/ru/001716	ru	0	я это так и поняла поэтому и спросила.скоро они в германию переедут
textdetox@01907546324b0330d2d8b7669648cc18823323e5/ru/001717	ru	0	пикули,паштет,пармезан,портвейн и пончики 😜
textdetox@01907546324b0330d2d8b7669648cc18823323e5/ru/001718	ru	0	да конторы практически все одно и тоже парни ищите по душе
textdetox@01907546324b0330d2d8b7669648cc18823323e5/ru/001719	ru	0	тысячи ребят погибли в афгане и чечне.
textdetox@01907546324b0330d2d8b7669648cc18823323e5/ru/001720	ru	0	наверно будем ждать до скончания века.
textdetox@01907546324b0330d2d8b7669648cc18823323e5/ru/001721	ru	0	там тишина и благодать отдыхаешь душой птички поют на все голоса.
textdetox@01907546324b0330d2d8b7669648cc18823323e5/ru/001722	ru	0	трактор 100р.р., сенокоска 10т.р, грабли-12 т.р., волокуша3 т.р.
textdetox@01907546324b0330d2d8b7669648cc18823323e5/ru/001723	ru	0	то же самое и у меня, чародей не хочет работать
textdetox@01907546324b0330d2d8b7669648cc18823323e5/ru/001724	ru	0	спасибо вам за ваши работы и участие в работе группы!
textdetox@01907546324b0330d2d8b7669648cc18823323e5/ru/001725	ru	0	кожа- условно, дематин -сорт искусственной кожы.
textdetox@01907546324b0330d2d8b7669648cc18823323e5/ru/001726	ru	0	девочки а за август по 10т будут с 3 до 16 или нет,все по разному говорят
textdetox@01907546324b0330d2d8b7669648cc18823323e5/ru/001727	ru	0	но если бы это были не дисантники, то дубинки пошли бы вход!
textdetox@01907546324b0330d2d8b7669648cc18823323e5/ru/001728	ru	0	если вы будете экспериментировать на себе , от вас ничего не останется.
textdetox@01907546324b0330d2d8b7669648cc18823323e5/ru/001729	ru	0	дарвина 2 2й этаж ,с 1.08.2020 по 17.08.2020 скидка 40 %.1ое фото размер :2,32 цена 74 790 р.-40 %=44 874 р.
textdetox@01907546324b0330d2d8b7669648cc18823323e5/ru/001730	ru	0	господи, спаси, сохрани и вразуми, отведи от зла наших детей.
textdetox@01907546324b0330d2d8b7669648cc18823323e5/ru/001731	ru	0	пять лет роста экономики сша испарились за несколько месяцев.
textdetox@01907546324b0330d2d8b7669648cc18823323e5/ru/001732	ru	0	бюро экономического анализа сша отчиталось о рекордном падении американской экономики во втором квартале — почти на 33% в пересчете на годовые темпы.
textdetox@01907546324b0330d2d8b7669648cc18823323e5/ru/001733	ru	0	спад перечеркнул весь экономический рост с 2015 года
textdetox@01907546324b0330d2d8b7669648cc18823323e5/ru/001734	ru	0	малыш, пусть у тебя все будет хорошо.
textdetox@01907546324b0330d2d8b7669648cc18823323e5/ru/001735	ru	0	а попробуйте ещё когда заглохнет снять мозги и проверить их на нагрев может быть греются?
textdetox@01907546324b0330d2d8b7669648cc18823323e5/ru/001736	ru	0	у меня есть подруга, приходя в гости вторую чашку чая встает и идёт сама себе наливать...на моей кухне это грех!
textdetox@01907546324b0330d2d8b7669648cc18823323e5/ru/001737	ru	0	нет не признаю, если студент доносит ошибки, работы дорабатываются и работы проходят!
textdetox@01907546324b0330d2d8b7669648cc18823323e5/ru/001738	ru	0	дальше диалог с вами вести не намерена!
textdetox@01907546324b0330d2d8b7669648cc18823323e5/ru/001739	ru	0	скажите ей это при встрече, зачем сюда писать!
textdetox@01907546324b0330d2d8b7669648cc18823323e5/ru/001740	ru	0	девочки, подскажите ссылочку где почитать про отлучение плавное, нам 1 год 2 месяца
textdetox@01907546324b0330d2d8b7669648cc18823323e5/ru/001741	ru	0	обычно на карантине держат новую птицу около двух недель, наблюдают за ее здоровьем и т.д и т.п
textdetox@01907546324b0330d2d8b7669648cc18823323e5/ru/001742	ru	0	камышане тож как пермяки умеют спасать тонущих .. живой цепь .. :-) правда, набережная у нас поменьше .. людей понадобилось меньше.
textdetox@01907546324b0330d2d8b7669648cc18823323e5/ru/001743	ru	0	такая маленькая взрослому не под силу как жаль тебя девочка
textdetox@01907546324b0330d2d8b7669648cc18823323e5/ru/001744	ru	0	и не только на главной улице сухие деревья.
textdetox@01907546324b0330d2d8b7669648cc18823323e5/ru/001745	ru	0	и надо производить не только спил деревьев,но и обрезку деревьев повсюду.
textdetox@01907546324b0330d2d8b7669648cc18823323e5/ru/001746	ru	0	друзья мои верные, выручайте в трудном деле!
textdetox@01907546324b0330d2d8b7669648cc18823323e5/ru/001747	ru	0	для того чтобы задачу непростую выполнить нужна мне вещь редкая.
textdetox@01907546324b0330d2d8b7669648cc18823323e5/ru/001748	ru	0	условие уже озвучил - моя подпись, денег не надо!
textdetox@01907546324b0330d2d8b7669648cc18823323e5/ru/001749	ru	0	значит, у лукошенко есть шанс не быть повешенным, раз народ шутит.
textdetox@01907546324b0330d2d8b7669648cc18823323e5/ru/001750	ru	0	записывали песни, секретики разные и подальше прятали от любопытных глаз!!
textdetox@01907546324b0330d2d8b7669648cc18823323e5/ru/001751	ru	0	всего самого доброго на многие лета!
textdetox@01907546324b0330d2d8b7669648cc18823323e5/ru/001752	ru	0	скажите пожалуйста, мужская обувь с какого размера у вас?
textdetox@01907546324b0330d2d8b7669648cc18823323e5/ru/001753	ru	0	станислав бондаренко очень талантливый и перспективный актер.все фильмы с его участием хочется смотреть.
textdetox@01907546324b0330d2d8b7669648cc18823323e5/ru/001754	ru	0	нет ничего вкуснее горячей картошечки в мундире , да с хорошей селедочкой, да под сто грамм холодненькой водочки !
textdetox@01907546324b0330d2d8b7669648cc18823323e5/ru/001755	ru	0	если такой умный-почему еще на диване.или с него все отчетливо видно?
textdetox@01907546324b0330d2d8b7669648cc18823323e5/ru/001756	ru	0	куда мог деться человек с корабля,замкнутое пространство?
textdetox@01907546324b0330d2d8b7669648cc18823323e5/ru/001757	ru	0	а их очень много и глаза у всех разные.
textdetox@01907546324b0330d2d8b7669648cc18823323e5/ru/001758	ru	0	не надо искать во всем только плохое.
textdetox@01907546324b0330d2d8b7669648cc18823323e5/ru/001759	ru	0	когда сталин умер, на сколь я знаю из личного одежды у него было всего два френча, про обувь сказать не могу, а из накоплений за 30 лет у него было, всего две тысячи рублей.
textdetox@01907546324b0330d2d8b7669648cc18823323e5/ru/001760	ru	0	если замужем и есть дети это не реально и если случиться момент когда ты не нужна, попахивает опасностью, пусть лучше дергают.
textdetox@01907546324b0330d2d8b7669648cc18823323e5/ru/001761	ru	0	я мелоежка покупала у вас мел алёнка вкуснющий хочу попробовать глину вышлите фото как она выглядит благодарю за ранее
textdetox@01907546324b0330d2d8b7669648cc18823323e5/ru/001762	ru	0	я и караулил через день на ремень, и коком 4 месяца тащился годком уже когда был.
textdetox@01907546324b0330d2d8b7669648cc18823323e5/ru/001763	ru	0	в караулах каждый поворот тропы до сих пор помню, хотя сейчас уже поменялось многое.
textdetox@01907546324b0330d2d8b7669648cc18823323e5/ru/001764	ru	0	дай бог здоровья и терпения этому замечательному актеру ,который отдаёт свои гонорары на лечение больных детей!
textdetox@01907546324b0330d2d8b7669648cc18823323e5/ru/001765	ru	0	первый раз вижу такую прелесть, куда попали мои люпинны🙏💞💞
textdetox@01907546324b0330d2d8b7669648cc18823323e5/ru/001766	ru	0	тогда молодая была, психовала, что иногда приходилось поухаживать за коровкой малинкой, как сейчас помню, а сейчас даже горжусь
textdetox@01907546324b0330d2d8b7669648cc18823323e5/ru/001767	ru	0	эти детки уже наверное в школу пошли.всем здоровья.
textdetox@01907546324b0330d2d8b7669648cc18823323e5/ru/001768	ru	0	ну сказали же что дума на каникулах, вот как явятся отдохнувшие к 1сентября так и будут придумывать как помочь бедным больным детям , и надо ли...?
textdetox@01907546324b0330d2d8b7669648cc18823323e5/ru/001769	ru	0	не долила воды, поэтому первое получилось суховатым.
textdetox@01907546324b0330d2d8b7669648cc18823323e5/ru/001770	ru	0	я масло вынимаю из морозилки и натираю его на терке смешивая с мукой.
textdetox@01907546324b0330d2d8b7669648cc18823323e5/ru/001771	ru	0	крошка получается очень рассыпчатая.на 500 г творога беру 200 г сахара и 200 кладу в тесто.
textdetox@01907546324b0330d2d8b7669648cc18823323e5/ru/001772	ru	0	для этого кол-ва творога мне надо 3 стакана муки.
textdetox@01907546324b0330d2d8b7669648cc18823323e5/ru/001773	ru	0	помочь нам может только один господь бог!
textdetox@01907546324b0330d2d8b7669648cc18823323e5/ru/001774	ru	0	если бы все люди встали на колени и покаялись перед ним, в один миг господь всё бы изменил.
textdetox@01907546324b0330d2d8b7669648cc18823323e5/ru/001775	ru	0	к сожалению нет у русского народа покаяния, вот и попускает нам господь всё это за наши грехи.
textdetox@01907546324b0330d2d8b7669648cc18823323e5/ru/001776	ru	0	жаль, что с красавиц-путешественниц вылетает либо заявка, либо витаминный корм, а нужно и то и другое.
textdetox@01907546324b0330d2d8b7669648cc18823323e5/ru/001777	ru	0	да и время между сбором довольно продолжительное.
textdetox@01907546324b0330d2d8b7669648cc18823323e5/ru/001778	ru	0	приходится использовать самоцветы, иначе не выполнить квест.
textdetox@01907546324b0330d2d8b7669648cc18823323e5/ru/001779	ru	0	олег ефремов был прекрасным артистом и человеком порядочным.
textdetox@01907546324b0330d2d8b7669648cc18823323e5/ru/001780	ru	0	если есть хоть один на миллион такой смельчак, то не зря наши предки отвоевывали земли руси!
textdetox@01907546324b0330d2d8b7669648cc18823323e5/ru/001781	ru	0	да зачем грузить заведомую ложь, ещё раз спрашиваю-какие автоматы от шойгу в93году?
textdetox@01907546324b0330d2d8b7669648cc18823323e5/ru/001782	ru	0	должны были сказать когда нужно
textdetox@01907546324b0330d2d8b7669648cc18823323e5/ru/001783	ru	0	нужно продемонстрировать видео как вы протираете щуп выбирая данный продукт и прокалываете его норма 60 мг.
textdetox@01907546324b0330d2d8b7669648cc18823323e5/ru/001784	ru	0	если же вода станет насыщенно красной .таким арбузом можно отравиться
textdetox@01907546324b0330d2d8b7669648cc18823323e5/ru/001785	ru	0	наркотики они искали, таких грибников, как вам встретились полно у нас в лесу, местные гоняют целыми днями
textdetox@01907546324b0330d2d8b7669648cc18823323e5/ru/001786	ru	0	очень радует, то, что ещё есть разумные люди, вроде вас.
textdetox@01907546324b0330d2d8b7669648cc18823323e5/ru/001787	ru	0	вы если говорите ловила на враньё то приводите пример .
textdetox@01907546324b0330d2d8b7669648cc18823323e5/ru/001788	ru	0	сорт графиня, к сожалению серьёзно заболел, подлежит удалению, но кто занимается разведением абрикосов в нашем регионе, собирают лучше урожаи, чем у меня
textdetox@01907546324b0330d2d8b7669648cc18823323e5/ru/001789	ru	0	значит есть граждане и они все в списке форбс.
textdetox@01907546324b0330d2d8b7669648cc18823323e5/ru/001790	ru	0	и не успела я войти в трамвай, как услышала в свой адрес реплику.
textdetox@01907546324b0330d2d8b7669648cc18823323e5/ru/001791	ru	0	приехав в канев., без брата вообще ходить одной было бесполезно.
textdetox@01907546324b0330d2d8b7669648cc18823323e5/ru/001792	ru	0	ибо все , на рынках, в магазинах отворачивались от тебя, игнорируя и не отвечая на твои вопросы и просьбы.
textdetox@01907546324b0330d2d8b7669648cc18823323e5/ru/001793	ru	0	я просто была поражена таким отношением к русским.
textdetox@01907546324b0330d2d8b7669648cc18823323e5/ru/001794	ru	0	в 1990 году, осенью, я побывала в закарпатье.
textdetox@01907546324b0330d2d8b7669648cc18823323e5/ru/001795	ru	0	шарп у меня есть -отлично работает --я в питере
textdetox@01907546324b0330d2d8b7669648cc18823323e5/ru/001796	ru	0	просто жалко, городок маленький, хочется, чтобы было красиво, но благодаря деткам, так и будем смотреть на обломки😟
textdetox@01907546324b0330d2d8b7669648cc18823323e5/ru/001797	ru	0	скорее в связи с невыплатой заработной платы за апрель месяц шахтам
textdetox@01907546324b0330d2d8b7669648cc18823323e5/ru/001798	ru	0	остались снасти и воспоминания живу не в том регионе но тоже рыбалка классная другие реки и рыба мир прекрасен
textdetox@01907546324b0330d2d8b7669648cc18823323e5/ru/001799	ru	0	мунтян людмила владимировна +7 919 593-69-45, медлайн мы к ней ходили, проблема у ребенка та же
textdetox@01907546324b0330d2d8b7669648cc18823323e5/ru/001800	ru	0	здравствуйте заливать молоком через сутки пить,очень полезный
textdetox@01907546324b0330d2d8b7669648cc18823323e5/ru/001801	ru	0	подскажите, пожалуйста, когда отправка заказа парфюма?
textdetox@01907546324b0330d2d8b7669648cc18823323e5/ru/001802	ru	0	да если бы это помогло все давно были здоровы.
textdetox@01907546324b0330d2d8b7669648cc18823323e5/ru/001803	ru	0	будем только святым духом питатся и жить в шалашах.!!
textdetox@01907546324b0330d2d8b7669648cc18823323e5/ru/001804	ru	0	с днём рождения, ты молодец у тебя всё будет хорошо
textdetox@01907546324b0330d2d8b7669648cc18823323e5/ru/001805	ru	0	в какой-то мере это повторение техники немецкого художника юккера, который рисует гвоздями, правда, без ниток...
textdetox@01907546324b0330d2d8b7669648cc18823323e5/ru/001806	ru	0	вот несколько раз писала и убирала свои комментарии, только из за одного высказывания, вот все равно, если есть бочка мёда, всегда найдётся ложка дёгтя.
textdetox@01907546324b0330d2d8b7669648cc18823323e5/ru/001807	ru	0	никуда не делось))) только благоустроенно всё🤷‍♀️
textdetox@01907546324b0330d2d8b7669648cc18823323e5/ru/001808	ru	0	короткое содержание статей: «все будет хорошо, кроме лечения больных».
textdetox@01907546324b0330d2d8b7669648cc18823323e5/ru/001809	ru	0	эта оптимизация не в пользу больниц и больных посетителя прямо при входе встречает стенд с надписью «прейскурант».
textdetox@01907546324b0330d2d8b7669648cc18823323e5/ru/001810	ru	0	полистав убеждаешься, что расписана стоимость каждой процедуры, а не только первичного и повторного приемов в чем разница между автономным и бюджетным учреждением?
textdetox@01907546324b0330d2d8b7669648cc18823323e5/ru/001811	ru	0	учредитель бюджетной организации несет субсидиарную ответственность по всем обязательствам при недостаточности финансирования бюджетного учреждения.
textdetox@01907546324b0330d2d8b7669648cc18823323e5/ru/001812	ru	0	учредитель автономного учреждения не несет ответственности за долги автономной организации, но доходы поступают на счета автономного учреждения
textdetox@01907546324b0330d2d8b7669648cc18823323e5/ru/001813	ru	0	хитро придумано гвоздики из китая дишманские и быстро ломаются:)
textdetox@01907546324b0330d2d8b7669648cc18823323e5/ru/001814	ru	0	73й( а во время вов 1й ) гвардейский ордена суворова севастопольльский мотострелковый полк!
textdetox@01907546324b0330d2d8b7669648cc18823323e5/ru/001815	ru	0	у меня была двойная и старшей 2,5 года, все выросли, чего и вам желаю
textdetox@01907546324b0330d2d8b7669648cc18823323e5/ru/001816	ru	0	йода конечно сюда ещё пиво нужно 👍👍👍👍👍
textdetox@01907546324b0330d2d8b7669648cc18823323e5/ru/001817	ru	0	прекрасное исполнение песни - глубокой, душещипательной!
textdetox@01907546324b0330d2d8b7669648cc18823323e5/ru/001818	ru	0	очень хорошо он талантливый и хороший человек он мне напоминает ведущую валентину которая вела передачу от всей души
textdetox@01907546324b0330d2d8b7669648cc18823323e5/ru/001819	ru	0	судить надо за выкладывание таких роликов в интернет.
textdetox@01907546324b0330d2d8b7669648cc18823323e5/ru/001820	ru	0	думаю, что эта женщина просто не написала заявление в полицию, а просто лукавит, а без заявления его никто держать просто так в полиции не будет
textdetox@01907546324b0330d2d8b7669648cc18823323e5/ru/001821	ru	0	наш сыночек уже 9 лет не с нами, но любовь она вечна, и он с нами в сердцах наших
textdetox@01907546324b0330d2d8b7669648cc18823323e5/ru/001822	ru	0	говорите да что вы столе я танцевала в на трусах да вы рано ушли
textdetox@01907546324b0330d2d8b7669648cc18823323e5/ru/001823	ru	0	как то проходила мимо учереждения где дают пособие по безработицы.
textdetox@01907546324b0330d2d8b7669648cc18823323e5/ru/001824	ru	0	безработные в основном на мерсах туда подъезжают.
textdetox@01907546324b0330d2d8b7669648cc18823323e5/ru/001825	ru	0	контейнеровоз самого высокого, седьмого ледового класса норникель стоит 8,5 млрд.
textdetox@01907546324b0330d2d8b7669648cc18823323e5/ru/001826	ru	0	сколько-же стоит каждый из 55-ти построенных, заложенных и запроектированных газгольдерных ледоколов для вывоза газа с ямала.
textdetox@01907546324b0330d2d8b7669648cc18823323e5/ru/001827	ru	0	хирург не выходит в 65,у медиков идет льготный стаж
textdetox@01907546324b0330d2d8b7669648cc18823323e5/ru/001828	ru	0	меня занесло на север в глухое село мыльджино.
textdetox@01907546324b0330d2d8b7669648cc18823323e5/ru/001829	ru	0	сюда можно добраться или на лодке, или на вертолете.
textdetox@01907546324b0330d2d8b7669648cc18823323e5/ru/001830	ru	0	живут в огороде, приходят на ужин трое.
textdetox@01907546324b0330d2d8b7669648cc18823323e5/ru/001831	ru	0	вот так же и в крыму ехал, песни пел, и погубил 8чел!
textdetox@01907546324b0330d2d8b7669648cc18823323e5/ru/001832	ru	0	а сарафаны на старших классов для девочек есть
textdetox@01907546324b0330d2d8b7669648cc18823323e5/ru/001833	ru	0	сергей, прошу прощения, но твои посты каким боком к лввпу относятся?
textdetox@01907546324b0330d2d8b7669648cc18823323e5/ru/001834	ru	0	такие высказывания говорят о уровне интеллекта комментатора.
textdetox@01907546324b0330d2d8b7669648cc18823323e5/ru/001835	ru	0	я ничего а вот вся страна была в долгах он нас поднял нас стали уважать и ценить!
textdetox@01907546324b0330d2d8b7669648cc18823323e5/ru/001836	ru	0	талантливого писателя, доброго и хорошего человека поздравляю с днём рождения.
textdetox@01907546324b0330d2d8b7669648cc18823323e5/ru/001837	ru	0	спасибо дворик,за душевную ласку и теплоту!
textdetox@01907546324b0330d2d8b7669648cc18823323e5/ru/001838	ru	0	биатлон--один из любимых видов спорта.
textdetox@01907546324b0330d2d8b7669648cc18823323e5/ru/001839	ru	0	человек работал в меру своих способностей и ума.
textdetox@01907546324b0330d2d8b7669648cc18823323e5/ru/001840	ru	0	мой дед отдавал половину зарплаты за бумажку займом называлась.
textdetox@01907546324b0330d2d8b7669648cc18823323e5/ru/001841	ru	0	иярегез тугел конечно ирегез монда просто кайчак хэрефлэре проскакивают.
textdetox@01907546324b0330d2d8b7669648cc18823323e5/ru/001842	ru	0	на казачке, как свернуть на право там кострище и она рядом в кумтах
textdetox@01907546324b0330d2d8b7669648cc18823323e5/ru/001843	ru	0	смешно отказываешься о народе который тебя имел и имеет
textdetox@01907546324b0330d2d8b7669648cc18823323e5/ru/001844	ru	0	женился или за муж чтоб вышли наши дети.
textdetox@01907546324b0330d2d8b7669648cc18823323e5/ru/001845	ru	0	но все ровно какая она не была бы спасибо за мужа ей .
textdetox@01907546324b0330d2d8b7669648cc18823323e5/ru/001846	ru	0	ищу свиток мишке мудрецу запрос стоит
textdetox@01907546324b0330d2d8b7669648cc18823323e5/ru/001847	ru	0	добро пожаловать месяц август о елена леготина будь пожалуйста тёплым и солнечным
textdetox@01907546324b0330d2d8b7669648cc18823323e5/ru/001848	ru	0	мы тоже планируем на месте огорода на даче сделать газон...интересует этот вопрос.
textdetox@01907546324b0330d2d8b7669648cc18823323e5/ru/001849	ru	0	есть белая смородина и черной осталось еще немного примерно на два литра
textdetox@01907546324b0330d2d8b7669648cc18823323e5/ru/001850	ru	0	во франции, например, люди идут, а их из водомёта.
textdetox@01907546324b0330d2d8b7669648cc18823323e5/ru/001851	ru	0	в сша полиция даже при малейшем намёке на сопротивление стреляет на поражение.
textdetox@01907546324b0330d2d8b7669648cc18823323e5/ru/001852	ru	0	полицейские застрелили бомжа-француза инвалида,когда тот всего лишь приподнял руку от земли, просил о помощи.
textdetox@01907546324b0330d2d8b7669648cc18823323e5/ru/001853	ru	0	20 лет тому... сейчас вместо части жилые дома, а часть в 50-тке
textdetox@01907546324b0330d2d8b7669648cc18823323e5/ru/001854	ru	0	кошечка жила на героев 33, видимо выпала и стала не нужна, очень славная, ласковая сразу пошла кр мнп на ручки, и ловить не пришлось!
textdetox@01907546324b0330d2d8b7669648cc18823323e5/ru/001855	ru	0	пенсия пришла кому- нибудь по почте?
textdetox@01907546324b0330d2d8b7669648cc18823323e5/ru/001856	ru	0	а насчёт бесплатного просто сравни зарплаты в ссср и сша.
textdetox@01907546324b0330d2d8b7669648cc18823323e5/ru/001857	ru	0	и поймёшь что государство просто 90% заработанных тобой денег оставляло себе что бы потом тебе «бесплатно» за твои деньги чего-то там дать.
textdetox@01907546324b0330d2d8b7669648cc18823323e5/ru/001858	ru	0	но в связи с отсутствием мозгов даже не понял этого.
textdetox@01907546324b0330d2d8b7669648cc18823323e5/ru/001859	ru	0	здравствуйте,сколько будет стоить разблокировать телефон
textdetox@01907546324b0330d2d8b7669648cc18823323e5/ru/001860	ru	0	не так, чтобы его постоянное место была кухня, но было бы замечательно иногда готовить обед или ужин по мере необходимости.
textdetox@01907546324b0330d2d8b7669648cc18823323e5/ru/001861	ru	0	ты этот способ проверил у себя в саду и огороде?
textdetox@01907546324b0330d2d8b7669648cc18823323e5/ru/001862	ru	0	сколько стран хочется повидать.... а то : я все испробывал, а вам и так хорошо:-)﻿
textdetox@01907546324b0330d2d8b7669648cc18823323e5/ru/001863	ru	0	ну конечно в этой цифре - не все участники группы, но большинство... вот такая цена!
textdetox@01907546324b0330d2d8b7669648cc18823323e5/ru/001864	ru	0	- обещаниям курировать животное при поступлении в приют.
textdetox@01907546324b0330d2d8b7669648cc18823323e5/ru/001865	ru	0	уже стемнеет бедный парень где будет ночиват?
textdetox@01907546324b0330d2d8b7669648cc18823323e5/ru/001866	ru	0	девочки добрый день,одобрили 2-ого августа,когда ждать выплаты?заранее спасибо.
textdetox@01907546324b0330d2d8b7669648cc18823323e5/ru/001867	ru	0	слава отцу и сыну и святому духу ныне и присно и во веки веков !
textdetox@01907546324b0330d2d8b7669648cc18823323e5/ru/001868	ru	0	сколько тумба стоит фото покажи
textdetox@01907546324b0330d2d8b7669648cc18823323e5/ru/001869	ru	0	скажите сколько будет стоить печка с одним кружком.
textdetox@01907546324b0330d2d8b7669648cc18823323e5/ru/001870	ru	0	то что будет твориться после сфабрикованых выборов в белорусии будет страшно, путин уже сейчас сажает всех ему не угодных ,вот такой у нас жалкий правитель.
textdetox@01907546324b0330d2d8b7669648cc18823323e5/ru/001871	ru	0	мрт первым делом, если болит постоянно и уже давно.
textdetox@01907546324b0330d2d8b7669648cc18823323e5/ru/001872	ru	0	а так обезболивать смысла нет, надо лечить причину, а не последствия.
textdetox@01907546324b0330d2d8b7669648cc18823323e5/ru/001873	ru	0	из относительно безопасных средств - разогревающие мази финалгон, апизартрон и т.д.
textdetox@01907546324b0330d2d8b7669648cc18823323e5/ru/001874	ru	0	в том то и дело, что я не подруга и историю знаю со слов ее детей, рассказали по секрету.
textdetox@01907546324b0330d2d8b7669648cc18823323e5/ru/001875	ru	0	нина, примите дружбу, у вас закрыт профиль, не могу отправить информацию))
textdetox@01907546324b0330d2d8b7669648cc18823323e5/ru/001876	ru	0	на кухне все отлично, но не увидела холодильник 🤷‍♀️
textdetox@01907546324b0330d2d8b7669648cc18823323e5/ru/001877	ru	0	алевтина,какие твои годы,ещё всё впереди(всё может быть)
textdetox@01907546324b0330d2d8b7669648cc18823323e5/ru/001878	ru	0	воровская с целью наживы в свой карман, зачем им о народе то, печься?
textdetox@01907546324b0330d2d8b7669648cc18823323e5/ru/001879	ru	0	более 17.участков по россии нефтегазовые месторождения строительство и обустройство
textdetox@01907546324b0330d2d8b7669648cc18823323e5/ru/001880	ru	0	проработать можно 10 лет и 40 и минималка справедливой системы нет к вам не пристали
textdetox@01907546324b0330d2d8b7669648cc18823323e5/ru/001881	ru	0	второе фото слишком похож на твой глаз
textdetox@01907546324b0330d2d8b7669648cc18823323e5/ru/001882	ru	0	хорошее дело, дай бог, хорошее начнётся с родника!
textdetox@01907546324b0330d2d8b7669648cc18823323e5/ru/001883	ru	0	клубнички прошу код на тройную гонку 1 уровень
textdetox@01907546324b0330d2d8b7669648cc18823323e5/ru/001884	ru	0	у нас черешня самая дешевая была по 260 рублей.
textdetox@01907546324b0330d2d8b7669648cc18823323e5/ru/001885	ru	0	жаль очень у меня лилии 3 сорта не соответствуют
textdetox@01907546324b0330d2d8b7669648cc18823323e5/ru/001886	ru	0	труженикам села вообще некогда такими делами заниматся
textdetox@01907546324b0330d2d8b7669648cc18823323e5/ru/001887	ru	0	да помню сома получила детский кефир и творожок не было и диатеза у детей все было бесплатно
textdetox@01907546324b0330d2d8b7669648cc18823323e5/ru/001888	ru	0	не всем же ехать в москву кто-то и на земле должен работать!
textdetox@01907546324b0330d2d8b7669648cc18823323e5/ru/001889	ru	0	вообще то лежала бы но очень быстро и в разных местах!!
textdetox@01907546324b0330d2d8b7669648cc18823323e5/ru/001890	ru	0	в 5 лет делали, я только руки держала, сын даже поплакать не успел.
textdetox@01907546324b0330d2d8b7669648cc18823323e5/ru/001891	ru	0	ребята,это не просто рыбак это по-видимому еще и волшебник при силе и мощи крокодила удержаться в такой лодке просто смешно.
textdetox@01907546324b0330d2d8b7669648cc18823323e5/ru/001892	ru	0	пусть ангел тебя оберегает тебя 🙏🙏🙏
textdetox@01907546324b0330d2d8b7669648cc18823323e5/ru/001893	ru	0	да , в пенсионный фонд направляют деньги , мне уже добавили 236 рублей , я рада и довольная хожу
textdetox@01907546324b0330d2d8b7669648cc18823323e5/ru/001894	ru	0	сколько случаев ,после такого хватанья вывих тазабеберного суставов,или ключицы.
textdetox@01907546324b0330d2d8b7669648cc18823323e5/ru/001895	ru	0	в нос , через клизму чай пьёт в который только что мышь опоражнилась.
textdetox@01907546324b0330d2d8b7669648cc18823323e5/ru/001896	ru	0	а кто вам дал право в таком тоне общаться с ириной?
textdetox@01907546324b0330d2d8b7669648cc18823323e5/ru/001897	ru	0	я просто тоже 20.06 подала через гос.
textdetox@01907546324b0330d2d8b7669648cc18823323e5/ru/001898	ru	0	записаться мне надо было к ним и спросила за одно про заявления, она мне сказала что через гос.
textdetox@01907546324b0330d2d8b7669648cc18823323e5/ru/001899	ru	0	действительно город стал одной большой свалкой .
textdetox@01907546324b0330d2d8b7669648cc18823323e5/ru/001900	ru	0	так вот у меня любые не играли, я пробовала ни один раз , а сейчас после просмотра вашего видео , я могу выстраивать по 3 в ряд , поняла суть игры.
textdetox@01907546324b0330d2d8b7669648cc18823323e5/ru/001901	ru	0	за один ход я почти прошла этот уровень... чему рада.
textdetox@01907546324b0330d2d8b7669648cc18823323e5/ru/001902	ru	0	одновременно таблетки надо принимать,пользы больше будет.
textdetox@01907546324b0330d2d8b7669648cc18823323e5/ru/001903	ru	0	брат себя береги тебя дома мама ждёт
textdetox@01907546324b0330d2d8b7669648cc18823323e5/ru/001904	ru	0	оксана поздравляю вас с профессиональным праздником 💋﻿💋﻿💋﻿
textdetox@01907546324b0330d2d8b7669648cc18823323e5/ru/001905	ru	0	да в наше время обсолютно всё надо в чёрный список чтобы преждевременно не угодить в могилу.по возможности больше надо уделять внимание натуральной еде домашнего приготовления
textdetox@01907546324b0330d2d8b7669648cc18823323e5/ru/001906	ru	0	здравствуйте, можно взять померить, я завтра на работе, можете зайти, они у меня там на работе, работаю в здании городского поселения в отделе образования
textdetox@01907546324b0330d2d8b7669648cc18823323e5/ru/001907	ru	0	давно не была в москве, а когда его установили?
textdetox@01907546324b0330d2d8b7669648cc18823323e5/ru/001908	ru	0	хорошее напоминание о всех военных временах хх столетия, как это пережили наши деды, родители , ведь времена были очень тяжелыми, но пришли же к миру.
textdetox@01907546324b0330d2d8b7669648cc18823323e5/ru/001909	ru	0	ведь только в единстве , взаимопонимании, взаимоподдержке мы сила.
textdetox@01907546324b0330d2d8b7669648cc18823323e5/ru/001910	ru	0	молодцы девочки здоровья, счастья и благополучия вам и вашему коллективу ну и конечно же вашему музыкальному руководителю.
textdetox@01907546324b0330d2d8b7669648cc18823323e5/ru/001911	ru	0	последний бокал... будем надеяться, что таких бокалов у нас будет ещё много!
textdetox@01907546324b0330d2d8b7669648cc18823323e5/ru/001912	ru	0	пусть земля будет пухом этому замечательному человеку и низкий ему поклон.
textdetox@01907546324b0330d2d8b7669648cc18823323e5/ru/001913	ru	0	саду, куда она водит своего ребенка.
textdetox@01907546324b0330d2d8b7669648cc18823323e5/ru/001914	ru	0	пока она сидела дома, обнаружила (не знаю подробностей как), что у неё самой позитивный результат.
textdetox@01907546324b0330d2d8b7669648cc18823323e5/ru/001915	ru	0	какая экономия, к черту салоны красоты.
textdetox@01907546324b0330d2d8b7669648cc18823323e5/ru/001916	ru	0	акция собираемся школу ии в от боо до ооо руб чек подарок б обложек ач формата чек от ооо руб подарок б обложек формата ач о тетрадей в линейку при покупке школьного рюкзака подарок б обложек формата ач о тетрадей в линейку
textdetox@01907546324b0330d2d8b7669648cc18823323e5/ru/001917	ru	0	да уж , пусть вернут ворота на место , явно в своё владение утащили !
textdetox@01907546324b0330d2d8b7669648cc18823323e5/ru/001918	ru	0	ругань руганью но спать надо дома.
textdetox@01907546324b0330d2d8b7669648cc18823323e5/ru/001919	ru	0	я б на вашем месте и писать звонить после этого не стала.
textdetox@01907546324b0330d2d8b7669648cc18823323e5/ru/001920	ru	0	если на то пошло,можно сказать так и в сторону женщины
textdetox@01907546324b0330d2d8b7669648cc18823323e5/ru/001921	ru	0	кинотеатр мир и танцплощадка--здесь прошло моё детство до 1964 года.
textdetox@01907546324b0330d2d8b7669648cc18823323e5/ru/001922	ru	0	лицей не узнать осень пели а дальше что зима.
textdetox@01907546324b0330d2d8b7669648cc18823323e5/ru/001923	ru	0	а почему мало вопросов выдается на день играю один раз в день по чуть чуть а потом пишут не хватает вопросов и переносят на следущий день
textdetox@01907546324b0330d2d8b7669648cc18823323e5/ru/001924	ru	0	привет всем аннам я всех очень люблю что же я вам сделал
textdetox@01907546324b0330d2d8b7669648cc18823323e5/ru/001925	ru	0	народ, который всё это лайкает на автомате - вы видели, как нарезана морковка на фото?
textdetox@01907546324b0330d2d8b7669648cc18823323e5/ru/001926	ru	0	давайте, отожмите её, посыпав парой щепоток соли, а я посмеюсь.
textdetox@01907546324b0330d2d8b7669648cc18823323e5/ru/001927	ru	0	вот реально натёртую ещё можно, но за вкус придётся извиняться долго - нарезка очень важна в приготовлении чего бы то ни было корейского.
textdetox@01907546324b0330d2d8b7669648cc18823323e5/ru/001928	ru	0	с тёркой - обычной тёркой - будет каша.
textdetox@01907546324b0330d2d8b7669648cc18823323e5/ru/001929	ru	0	спасибо.в нужное для меня время попались на глаза эти строки
textdetox@01907546324b0330d2d8b7669648cc18823323e5/ru/001930	ru	0	понравилась техника декупаж и роспись по стеклу
textdetox@01907546324b0330d2d8b7669648cc18823323e5/ru/001931	ru	0	никто не знает где и когда настигнет это чувство-любовь.
textdetox@01907546324b0330d2d8b7669648cc18823323e5/ru/001932	ru	0	да и не всем вообще дано испытать это чувство.
textdetox@01907546324b0330d2d8b7669648cc18823323e5/ru/001933	ru	0	любовь -это счастье, если взаимная и большое несчастье, если не взаимная.
textdetox@01907546324b0330d2d8b7669648cc18823323e5/ru/001934	ru	0	в крупивскои стали нет ничего особенного и стволы были разной длины.
textdetox@01907546324b0330d2d8b7669648cc18823323e5/ru/001935	ru	0	по моему автор с темой слабо знаком но зато есть о чем поспорить ведь статья то здесь для этого.
textdetox@01907546324b0330d2d8b7669648cc18823323e5/ru/001936	ru	0	ну и шуточки у папаши,аж жутковато от такой фантазии,можно было и помягче,поласковее чтоли
textdetox@01907546324b0330d2d8b7669648cc18823323e5/ru/001937	ru	0	дедушка походник))) а наш только про чебуреки мечтает... да работать до упаду.
textdetox@01907546324b0330d2d8b7669648cc18823323e5/ru/001938	ru	0	вот вам и музыкант, виолончелист, самое главное друг путина.
textdetox@01907546324b0330d2d8b7669648cc18823323e5/ru/001939	ru	0	в общем «протекло» или «потекло», скоро этот поток информации будет не остановить.
textdetox@01907546324b0330d2d8b7669648cc18823323e5/ru/001940	ru	0	счастья вам ребята и домашнего уюта с крохой
textdetox@01907546324b0330d2d8b7669648cc18823323e5/ru/001941	ru	0	могу с клеткой сразу семью родители и дети.
textdetox@01907546324b0330d2d8b7669648cc18823323e5/ru/001942	ru	0	и вновь продолжается жизнь, и сердцу тревожно в груди в
textdetox@01907546324b0330d2d8b7669648cc18823323e5/ru/001943	ru	0	спасибо, ребятки только учатся))) будем исправляться)
textdetox@01907546324b0330d2d8b7669648cc18823323e5/ru/001944	ru	0	всем доброе утро, не завтракаю, жду сашу со второй работы.пирог с мясом будем доедать.
textdetox@01907546324b0330d2d8b7669648cc18823323e5/ru/001945	ru	0	какая разница во сколько засыпать, если по утрам одинаково не хочется просыпаться!
textdetox@01907546324b0330d2d8b7669648cc18823323e5/ru/001946	ru	0	и тут я с вами не согласна.можно процедить сок через плотную х/б ткань и таким образом разделить сок на прозрачную жидкость и гущу.и не надо 6 часов у плиты заморачиваться.
textdetox@01907546324b0330d2d8b7669648cc18823323e5/ru/001947	ru	0	вам гонорар выплатили или только народная слава 😎
textdetox@01907546324b0330d2d8b7669648cc18823323e5/ru/001948	ru	0	ну все правильно, они же не будут на границе защищать родину, значит им и для ближнего боя оружие пойдет, бабулек-торгашек с овощами пугать да контрабандистов с водкой и сигаретами.
textdetox@01907546324b0330d2d8b7669648cc18823323e5/ru/001949	ru	0	ссылки на сторонние ресурсы запрещены, они будут удалены
textdetox@01907546324b0330d2d8b7669648cc18823323e5/ru/001950	ru	0	а средний походу скд-5р тоже сибиряк
textdetox@01907546324b0330d2d8b7669648cc18823323e5/ru/001951	ru	0	однозначно молоток, так же хочу стареть достойно!!
textdetox@01907546324b0330d2d8b7669648cc18823323e5/ru/001952	ru	0	а меняются именно на этой азс крайне редко!
textdetox@01907546324b0330d2d8b7669648cc18823323e5/ru/001953	ru	0	приходят молодые девочки и работать не хотят.
textdetox@01907546324b0330d2d8b7669648cc18823323e5/ru/001954	ru	0	особенно хорошо сыграл роль в фильме-30го уничтожить,фильм замечательный!
textdetox@01907546324b0330d2d8b7669648cc18823323e5/ru/001955	ru	0	молодчина, кто спас этого красавчика, большой плюсик тебе в карму будет!
textdetox@01907546324b0330d2d8b7669648cc18823323e5/ru/001956	ru	0	я поддерживаю тебя, наш дорогой президент путин!!!
textdetox@01907546324b0330d2d8b7669648cc18823323e5/ru/001957	ru	0	ненавижу нужно цунами сша спокойной спит вот так урок?
textdetox@01907546324b0330d2d8b7669648cc18823323e5/ru/001958	ru	0	больно...сказало сердце, забудешь...успокоило время .... но я буду постоянно возвращаться...усмехнулась память...
textdetox@01907546324b0330d2d8b7669648cc18823323e5/ru/001959	ru	0	откройте пожалуйста доступ, я скину вам описание🌹
textdetox@01907546324b0330d2d8b7669648cc18823323e5/ru/001960	ru	0	есть документы и опыт работы маляр и монтажник жбк.
textdetox@01907546324b0330d2d8b7669648cc18823323e5/ru/001961	ru	0	есть ещё пляжи; очень интересные экскурсии - как по историческим местам, так и на теплоходах; канатная дорога на г.ай-петри и в самом городе ялта; театр; кафе-рестораны.
textdetox@01907546324b0330d2d8b7669648cc18823323e5/ru/001962	ru	0	да разве обо всём расскажешь - дело вкуса!
textdetox@01907546324b0330d2d8b7669648cc18823323e5/ru/001963	ru	0	а вода с соком половины лимона очень даже хороша,особенно тем у кого понижена кислотность.
textdetox@01907546324b0330d2d8b7669648cc18823323e5/ru/001964	ru	0	да и чайная ложечка мёда не помешает обеспечить организму большой набор микроэлементов...
textdetox@01907546324b0330d2d8b7669648cc18823323e5/ru/001965	ru	0	да вы не веселите ,на два кг перца и чеснока ,пол килограмма соли, вы в своем уме
textdetox@01907546324b0330d2d8b7669648cc18823323e5/ru/001966	ru	0	оно, конечно же, понятно, да кабы так, то было бы вот этак...
textdetox@01907546324b0330d2d8b7669648cc18823323e5/ru/001967	ru	0	отдам перья, мороженое, корзинку, кусок мрамора, повязку на голову, массажный стол, аромамасло, спрей от солнца, ножик, зуб на веревке
textdetox@01907546324b0330d2d8b7669648cc18823323e5/ru/001968	ru	0	магазин где старая почта была хозяйка алёна манонова
textdetox@01907546324b0330d2d8b7669648cc18823323e5/ru/001969	ru	0	пейте на здоровье, хуже не будет, правда вкус специфический немного.
textdetox@01907546324b0330d2d8b7669648cc18823323e5/ru/001970	ru	0	сколько людей подкармливает, помогает животным, молча, потому что добрые, потому что жалко их и душа есть.
textdetox@01907546324b0330d2d8b7669648cc18823323e5/ru/001971	ru	0	а этим только попиариться, одна собачку *усыновила*, другая от безисходности трусы со стразами купила.
textdetox@01907546324b0330d2d8b7669648cc18823323e5/ru/001972	ru	0	скоро наверное пойдет ...что то комментарии закрыли к фото , наверное слишком хорошие были
textdetox@01907546324b0330d2d8b7669648cc18823323e5/ru/001973	ru	0	как правило, таких не вытянуть быть участником какого-либо кружка, не говорю уже о том чтобы быть руководителем, какого-либо кружка.
textdetox@01907546324b0330d2d8b7669648cc18823323e5/ru/001974	ru	0	девчонки спасибо нашла, только не понятно эта сумма на каждого ребенка или как?
textdetox@01907546324b0330d2d8b7669648cc18823323e5/ru/001975	ru	0	вот такими грязными методами действует мэр города душин.
textdetox@01907546324b0330d2d8b7669648cc18823323e5/ru/001976	ru	0	ну а что, вполне в его духе, честно то не может, потому что ни один нормальный человек за него голосовать не будет!
textdetox@01907546324b0330d2d8b7669648cc18823323e5/ru/001977	ru	0	помяни господи усопших во царствии своём
textdetox@01907546324b0330d2d8b7669648cc18823323e5/ru/001978	ru	0	пусть читают единая россия для них самое главное не потерять кормушку
textdetox@01907546324b0330d2d8b7669648cc18823323e5/ru/001979	ru	0	чтобы всегда водились деньги, надо воровать или сидеть в гос.
textdetox@01907546324b0330d2d8b7669648cc18823323e5/ru/001980	ru	0	это как про лису рассказ был, которая была старая и облезлая вот вот дух испустит.
textdetox@01907546324b0330d2d8b7669648cc18823323e5/ru/001981	ru	0	ей в вольер маленького лисёнка подсунули оставшегося без матери.
textdetox@01907546324b0330d2d8b7669648cc18823323e5/ru/001982	ru	0	позвоните по указанному номеру телефона пожалуйста
textdetox@01907546324b0330d2d8b7669648cc18823323e5/ru/001983	ru	0	вот бы у наших бабушек и дедушек спросить как им тогда весело жилось.... нам то, что мы детьми были, на всем готовеньком... ели, гуляли...
textdetox@01907546324b0330d2d8b7669648cc18823323e5/ru/001984	ru	0	я часто ,думаю,говорят:кричит как белуга(это кит) у нее такой рев....слышит все море,и она кричит только от боли,когда она теряет своего детёныша
textdetox@01907546324b0330d2d8b7669648cc18823323e5/ru/001985	ru	0	что вы все они да они, народ беларуси очень хорошо относится к россии, все остальные недоброжелательные действия исходят от руководства страны, белорусы чем виноваты?
textdetox@01907546324b0330d2d8b7669648cc18823323e5/ru/001986	ru	0	а почему не пять лет объект ведь огромный !
textdetox@01907546324b0330d2d8b7669648cc18823323e5/ru/001987	ru	0	почему тюменцев ичелябинцев строят мосты в разы быстре?
textdetox@01907546324b0330d2d8b7669648cc18823323e5/ru/001988	ru	0	огурчики мои))) в этом году и белые прут)
textdetox@01907546324b0330d2d8b7669648cc18823323e5/ru/001989	ru	0	в иркутске точно такая же столовая , кормят правда как в ресторане.
textdetox@01907546324b0330d2d8b7669648cc18823323e5/ru/001990	ru	0	сама турбаза полностью напоминает нашу березовку.
textdetox@01907546324b0330d2d8b7669648cc18823323e5/ru/001991	ru	0	тенденция,принизить мужчину под всякого рода шуточками.
textdetox@01907546324b0330d2d8b7669648cc18823323e5/ru/001992	ru	0	как мне набрать еще 2 очка, чтобы открыть сундук
textdetox@01907546324b0330d2d8b7669648cc18823323e5/ru/001993	ru	0	пока ноги ходят надо жить всем отдельно...и не в коем случае..не продавать свое жильё
textdetox@01907546324b0330d2d8b7669648cc18823323e5/ru/001994	ru	0	а можно ли яблочный уксус заменить уксусом спиртовым 9% ?
textdetox@01907546324b0330d2d8b7669648cc18823323e5/ru/001995	ru	0	лежала в больнице прошлым летом , затем дома пила цетрин один раз в день ,он лучше всего помогает при крапивнице .
textdetox@01907546324b0330d2d8b7669648cc18823323e5/ru/001996	ru	0	продам музыкальные книжки новые одна 250
textdetox@01907546324b0330d2d8b7669648cc18823323e5/ru/001997	ru	0	хотела бы назад...в далекое детство.как было хорошо!
textdetox@01907546324b0330d2d8b7669648cc18823323e5/ru/001998	ru	0	плотность разная, поэтому вода не смешивается.
textdetox@01907546324b0330d2d8b7669648cc18823323e5/ru/001999	ru	0	утер нос молодым, им до него очень далеко .
textdetox@01907546324b0330d2d8b7669648cc18823323e5/ru/002000	ru	0	часто бывает.и кнопку переключения спутников тоже путают
textdetox@01907546324b0330d2d8b7669648cc18823323e5/ru/002001	ru	0	галина,здравствуйте.вам просто надо набрать комбинацию цифр 222*11 на телефоне и нажать кнопкувызов т.е трубку зеленую.потом вам придёт уведомление,что со счёта списаны средства.если что,пишите в личку.
textdetox@01907546324b0330d2d8b7669648cc18823323e5/ru/002002	ru	0	кадр из фильма иваново детство валентина малявина и валентин зубков
textdetox@01907546324b0330d2d8b7669648cc18823323e5/ru/002003	ru	0	и получается только 3 тыс придут а не то что назначено 4500 и 6000
textdetox@01907546324b0330d2d8b7669648cc18823323e5/ru/002004	ru	0	сейчас и наши подростки ходят все с целлюлитом, молоденькие девочки, смотреть страшно!
textdetox@01907546324b0330d2d8b7669648cc18823323e5/ru/002005	ru	0	вспоминаю свои школьные годы, были пухленькие, но не было целюлита, даже не знали как он выглядит!
textdetox@01907546324b0330d2d8b7669648cc18823323e5/ru/002006	ru	0	мы хотим свою беларусь, а не ту, что показывают по зомби ящику бт
textdetox@01907546324b0330d2d8b7669648cc18823323e5/ru/002007	ru	0	628162 хмао тюменская обл., г. белоярский, мкр 6, дом 6, кв 1, ковалева вита юрьевна
textdetox@01907546324b0330d2d8b7669648cc18823323e5/ru/002008	ru	0	к сожалению, если человек без сознания, то, можно сомневаться в том, что он не утопит вместе с собой и пса.
textdetox@01907546324b0330d2d8b7669648cc18823323e5/ru/002009	ru	0	но не в этом дело - ведь все это на волне позитива!
textdetox@01907546324b0330d2d8b7669648cc18823323e5/ru/002010	ru	0	в деревне там связи нет ,поэтому была редко ,ходила в конец деревни за инетом
textdetox@01907546324b0330d2d8b7669648cc18823323e5/ru/002011	ru	0	лучше бы дом творчества с внешней стороны отделали-для детей.
textdetox@01907546324b0330d2d8b7669648cc18823323e5/ru/002012	ru	0	по моему он в трех степенях был, но могу ошибаться.
textdetox@01907546324b0330d2d8b7669648cc18823323e5/ru/002013	ru	0	ложка соли, 1 ст сахара, 1 ст масла, 1 ст уксуса, лавровый лист и перец горошек
textdetox@01907546324b0330d2d8b7669648cc18823323e5/ru/002014	ru	0	мы тоже всей семьей прививаемся,и всё прекрасно ,ни кто за зиму не болеет уже много лет
textdetox@01907546324b0330d2d8b7669648cc18823323e5/ru/002015	ru	0	школа номер 7 .ты лучшая была.а сейчас незнаю.
textdetox@01907546324b0330d2d8b7669648cc18823323e5/ru/002016	ru	0	извините а какие вы ещё ждёте от трёх до семи?
textdetox@01907546324b0330d2d8b7669648cc18823323e5/ru/002017	ru	0	раньше эту тираду о сибири приписывали мадлен олбрайт, теперь - кондолизе райс.
textdetox@01907546324b0330d2d8b7669648cc18823323e5/ru/002018	ru	0	вообще то, как то старо - райс была еще при буше - младшем, это еще до обамы, если кто забыл.
textdetox@01907546324b0330d2d8b7669648cc18823323e5/ru/002019	ru	0	автору нужно просто успокоится, подумать о трудностях поездки и не спокойной обстановкой ковида для крошечного ребенка.
textdetox@01907546324b0330d2d8b7669648cc18823323e5/ru/002020	ru	0	это будет не отдых.... про себя скажу так- сыну был месяц, когда муж уехал в гости на неделю.
textdetox@01907546324b0330d2d8b7669648cc18823323e5/ru/002021	ru	0	в городе осталась совсем одна, коммуналка без удобств, ребенок не спокойный... но!
textdetox@01907546324b0330d2d8b7669648cc18823323e5/ru/002022	ru	0	мне было очень комфортно, я уже не гонялась с кастрюлями, завтраками и т.д.
textdetox@01907546324b0330d2d8b7669648cc18823323e5/ru/002023	ru	0	поавильно, не было его, не было бы проблем таких в мире и у россиян так же.
textdetox@01907546324b0330d2d8b7669648cc18823323e5/ru/002024	ru	0	я думаю, что с таким шендаковым мы далеко не пойдем.
textdetox@01907546324b0330d2d8b7669648cc18823323e5/ru/002025	ru	0	я снимала а потом стало любопытно и выкинула из воды.
textdetox@01907546324b0330d2d8b7669648cc18823323e5/ru/002026	ru	0	добрый день, подскажите пожалуйста, а эта модель еще есть, размер и цена.
textdetox@01907546324b0330d2d8b7669648cc18823323e5/ru/002027	ru	0	это точно... люблю этот фильм, плачу и смеюсь.. какие актёры?
textdetox@01907546324b0330d2d8b7669648cc18823323e5/ru/002028	ru	0	пусть живет здоровеньким долго и счастливо
textdetox@01907546324b0330d2d8b7669648cc18823323e5/ru/002029	ru	0	я там запрос с одного из мультов отправила примите нет?
textdetox@01907546324b0330d2d8b7669648cc18823323e5/ru/002030	ru	0	какой процент муки и сахара в хлебе ?
textdetox@01907546324b0330d2d8b7669648cc18823323e5/ru/002031	ru	0	какой магазин и полный график можнг
textdetox@01907546324b0330d2d8b7669648cc18823323e5/ru/002032	ru	0	освещают политологи.а в группе каждый имеет право высказать только свое мнение.
textdetox@01907546324b0330d2d8b7669648cc18823323e5/ru/002033	ru	0	лена с наступающим вас очень крутым праздником я тоже служил в десантом взводе но войска были другие.
textdetox@01907546324b0330d2d8b7669648cc18823323e5/ru/002034	ru	0	член кпсс, гневно клеймил за антисоветчину пастернака, кавалер ордена трудового красного знамени и ордена знак почёта.
textdetox@01907546324b0330d2d8b7669648cc18823323e5/ru/002035	ru	0	и только после развала советского союза он так лихо переобулся.
textdetox@01907546324b0330d2d8b7669648cc18823323e5/ru/002036	ru	0	цена будет зависить от материала и размеров: можно сделать и как диван, и маленькие для 1, 2 человек.
textdetox@01907546324b0330d2d8b7669648cc18823323e5/ru/002037	ru	0	а сроки ,, все будет зависить когда вы решите и все на месте обговорим звоните 89084814593. делают в принципе быстро, если мастер не будет занят....10:22 профиль
textdetox@01907546324b0330d2d8b7669648cc18823323e5/ru/002038	ru	0	пресвятая богородица, моли бога о нас грешных 🙏
textdetox@01907546324b0330d2d8b7669648cc18823323e5/ru/002039	ru	0	да,я хочу вас поддержать и посоветовать некоторым сэкономить яд для больных спин
textdetox@01907546324b0330d2d8b7669648cc18823323e5/ru/002040	ru	0	никто не будет вводить туда войска.
textdetox@01907546324b0330d2d8b7669648cc18823323e5/ru/002041	ru	0	они не боятся - они мечтают, что вдруг это случится и можно устроить войнушку против россии.
textdetox@01907546324b0330d2d8b7669648cc18823323e5/ru/002042	ru	0	оля проектная актеришка такие и дочки будут тоже участницы этого дома семья.
textdetox@01907546324b0330d2d8b7669648cc18823323e5/ru/002043	ru	0	глазами жигулёвска оказывается прям таки сити!
textdetox@01907546324b0330d2d8b7669648cc18823323e5/ru/002044	ru	0	не задумываясь,рванула бы,назад в ссср- где не было опасения за день грядущий,за приближающуяся старость,тревоги за детей.все было другое- но все было стабильно,с гарантией- от техники и до пенсии
textdetox@01907546324b0330d2d8b7669648cc18823323e5/ru/002045	ru	0	в каждом времени свои спартаки и ленины
textdetox@01907546324b0330d2d8b7669648cc18823323e5/ru/002046	ru	0	последний пункт интересен - вынуждены получать.
textdetox@01907546324b0330d2d8b7669648cc18823323e5/ru/002047	ru	0	эмираты (1 место) - из песка превращают пустыни в города !
textdetox@01907546324b0330d2d8b7669648cc18823323e5/ru/002048	ru	0	развивается страна - люди живут достойно - достойно умирают , в россия ?
textdetox@01907546324b0330d2d8b7669648cc18823323e5/ru/002049	ru	0	просыпайся, улыбайся, новый день скорей встречай.
textdetox@01907546324b0330d2d8b7669648cc18823323e5/ru/002050	ru	0	с одеялом попрощайся, сон свой сладкий прогоняй.
textdetox@01907546324b0330d2d8b7669648cc18823323e5/ru/002051	ru	0	за окном щебечут пташки — просыпайся, не балуй.
textdetox@01907546324b0330d2d8b7669648cc18823323e5/ru/002052	ru	0	я так сильно наперёд не планирую.самое большее до послеобеда и то постоянно вношу коррективы.планировала заниматься огурцами с утра, но вот поела и я здесь.
textdetox@01907546324b0330d2d8b7669648cc18823323e5/ru/002053	ru	0	никакой минималки никаких грабов никакой стройки .
textdetox@01907546324b0330d2d8b7669648cc18823323e5/ru/002054	ru	0	​​у меня то же самое.я помидоры в теплице и на улице посадила,может что-то соберу.огурцы под навесиком и на свободе,пока держатся.в прошлом году огурцы вовсю ели...в это время.
textdetox@01907546324b0330d2d8b7669648cc18823323e5/ru/002055	ru	0	вот вот некоторые не вывозят имею ввиду в парах человеческих
textdetox@01907546324b0330d2d8b7669648cc18823323e5/ru/002056	ru	0	у нас было 4 подъезда три жилых, а четвёртый было организация трест мнгс
textdetox@01907546324b0330d2d8b7669648cc18823323e5/ru/002057	ru	0	ненадо кланятся а просто иметь уважение к матери и ценить то что имеет !
textdetox@01907546324b0330d2d8b7669648cc18823323e5/ru/002058	ru	0	золотые руки и светлая голова.здоровья тебе трудяга🙏🙏🙏🙏🙏
textdetox@01907546324b0330d2d8b7669648cc18823323e5/ru/002059	ru	0	просто думаешь что же дальше какие будут эти взрослые ?
textdetox@01907546324b0330d2d8b7669648cc18823323e5/ru/002060	ru	0	воттакая классная жизнь была в многонациональном грозном, где все звались грозненцы!!!!!
textdetox@01907546324b0330d2d8b7669648cc18823323e5/ru/002061	ru	0	здоровья вам на долгие годы и большого счастья
textdetox@01907546324b0330d2d8b7669648cc18823323e5/ru/002062	ru	0	у меня и сеййчас есть срок пять лет назад купила и выбрасывать не собираюсь
textdetox@01907546324b0330d2d8b7669648cc18823323e5/ru/002063	ru	0	очень рекомендую посмотреть эти 👇 видео на ютубе или на моей странице в заметках:
textdetox@01907546324b0330d2d8b7669648cc18823323e5/ru/002064	ru	0	садовый столик из паллета покрашен отработкой.
textdetox@01907546324b0330d2d8b7669648cc18823323e5/ru/002065	ru	0	вашу семью только в церкви ...либо любовь ваша ...вашей семьи ...любовь всё победит ...поверте
textdetox@01907546324b0330d2d8b7669648cc18823323e5/ru/002066	ru	0	идёт солдат по городу, по незнакомой улице, и от улыбок девичьих вся улица светла.
textdetox@01907546324b0330d2d8b7669648cc18823323e5/ru/002067	ru	0	не обижайтесь девушки, но для солдата главное, чтобы его далёкая любимая ждала.
textdetox@01907546324b0330d2d8b7669648cc18823323e5/ru/002068	ru	0	руки чистые, если литр собрать уже руки окрасятся, а тут... просто сфоткаться
textdetox@01907546324b0330d2d8b7669648cc18823323e5/ru/002069	ru	0	девушки сейчас смотрела новости сказали что выплоты будут семьям с детьми и безработным только не сказали когда в середине или конце или в начале месяца
textdetox@01907546324b0330d2d8b7669648cc18823323e5/ru/002070	ru	0	зачем им дворцы?они в кремле жили,большинство
textdetox@01907546324b0330d2d8b7669648cc18823323e5/ru/002071	ru	0	если из зила ничего не течет, значит из него все вытекло.
textdetox@01907546324b0330d2d8b7669648cc18823323e5/ru/002072	ru	0	только после того, как из общей коробки, прилюдно уколят всех мэров, губеров, депутатов, и т.д.
textdetox@01907546324b0330d2d8b7669648cc18823323e5/ru/002073	ru	0	вот у меня прабабушка тыловик сегодня день рождения 90 лет вот это да даже администрация города не поздравила зато про самсонову пишем как будто она герой нашего времени
textdetox@01907546324b0330d2d8b7669648cc18823323e5/ru/002074	ru	0	да помню такие автобусы я на нём ездил от школы домой
textdetox@01907546324b0330d2d8b7669648cc18823323e5/ru/002075	ru	0	дорогие коллеги всем терпения добра.
textdetox@01907546324b0330d2d8b7669648cc18823323e5/ru/002076	ru	0	завис компьютер.я очень люблю исполнение ирины круг,приятная внешность.ее женственность.здоровья вам ирина,творческих успехов.
textdetox@01907546324b0330d2d8b7669648cc18823323e5/ru/002077	ru	0	а вот , заставка с серпом и молотом , на красном флаге , видать и говорит , о возрасте .
textdetox@01907546324b0330d2d8b7669648cc18823323e5/ru/002078	ru	0	добрый день добавьте викторию шахнович в группу пожалуйста
textdetox@01907546324b0330d2d8b7669648cc18823323e5/ru/002079	ru	0	но это только маленькая часть актёров и артистов!
textdetox@01907546324b0330d2d8b7669648cc18823323e5/ru/002080	ru	0	ищу родственников якимовец лаврентия леонтьевича ( уроженец волынской об.устилугского р-.на.д.
textdetox@01907546324b0330d2d8b7669648cc18823323e5/ru/002081	ru	0	спасибо дорогой анатолий за теплоту твоей души.
textdetox@01907546324b0330d2d8b7669648cc18823323e5/ru/002082	ru	0	я вам написала , что в хабаровске никто никому не платит .
textdetox@01907546324b0330d2d8b7669648cc18823323e5/ru/002083	ru	0	во - вторых , мы жили в хабаровске в то время , в которое , якобы , бандитствовал фургал .
textdetox@01907546324b0330d2d8b7669648cc18823323e5/ru/002084	ru	0	в - третьих , я вам не подружка , поэтому , если пишете , потрудитесь корректнее .
textdetox@01907546324b0330d2d8b7669648cc18823323e5/ru/002085	ru	0	всех пенсионеров в тюрьму за капусту и свеклу
textdetox@01907546324b0330d2d8b7669648cc18823323e5/ru/002086	ru	0	сим карту вытащите и вставьте в свой телефон
textdetox@01907546324b0330d2d8b7669648cc18823323e5/ru/002087	ru	0	чудо-природы,никакая курочка перед ним не устоит!!!!!
textdetox@01907546324b0330d2d8b7669648cc18823323e5/ru/002088	ru	0	в госдуме россии это моё предложение нашло понимание на высшем уровне ,
textdetox@01907546324b0330d2d8b7669648cc18823323e5/ru/002089	ru	0	да я и сама уже, где скопление людей, без маски не пойду.
textdetox@01907546324b0330d2d8b7669648cc18823323e5/ru/002090	ru	0	вот и сынок, целые сутки не понятно кто в попутчиках.. волнуюсь
textdetox@01907546324b0330d2d8b7669648cc18823323e5/ru/002091	ru	0	пройдет время и вы на все будете смотреть другими глазами и , возможно , пожалеете о том , что обидели столько хороших , добрых и отзывчивых людей !
textdetox@01907546324b0330d2d8b7669648cc18823323e5/ru/002092	ru	0	может быть.... лично, я очень, надеюсь!!!
textdetox@01907546324b0330d2d8b7669648cc18823323e5/ru/002093	ru	0	вафли,вино,вобла, варенье, виноград,вермишель,вареники,ветчина
textdetox@01907546324b0330d2d8b7669648cc18823323e5/ru/002094	ru	0	на мой взгляд, автор данного снимка, даже если это фотошоп , желал через свои чувства обратить наше внимание на красоту родного национального достояния.
textdetox@01907546324b0330d2d8b7669648cc18823323e5/ru/002095	ru	0	к сожалению, сейчас сменилась мода, девочек очень сложно привлечь такими красиво вышитыми орнаментами, пышными платьицами.
textdetox@01907546324b0330d2d8b7669648cc18823323e5/ru/002096	ru	0	возродить традиции нашего народа очень сложно.
textdetox@01907546324b0330d2d8b7669648cc18823323e5/ru/002097	ru	0	огромное спасибо автору за такую красоту.
textdetox@01907546324b0330d2d8b7669648cc18823323e5/ru/002098	ru	0	с такой заправкой получится свекольник, свёклы много, лучше помидор 3кг:)
textdetox@01907546324b0330d2d8b7669648cc18823323e5/ru/002099	ru	0	ул.ленина 205б, отдел чайная лавка
textdetox@01907546324b0330d2d8b7669648cc18823323e5/ru/002100	ru	0	только там в думе их по одному больше половины!
textdetox@01907546324b0330d2d8b7669648cc18823323e5/ru/002101	ru	0	сколько дельных предложений президента, которые могли бы улучшить наше с вами положение, было отклонено думой?
textdetox@01907546324b0330d2d8b7669648cc18823323e5/ru/002102	ru	0	почему в сенатах, парламентах,других коллегиальных органах законотворческой власти германии, англии, франции, израиля нет у депутатов, сенаторов, лордов, пэров двойного гражданства?
textdetox@01907546324b0330d2d8b7669648cc18823323e5/ru/002103	ru	0	не с кондачка принята поправка в конституцию о том, что идущие во власть, не должны быть гражданами другого государства, кроме россии.
textdetox@01907546324b0330d2d8b7669648cc18823323e5/ru/002104	ru	0	вы можете быть гражданами какой угодно страны, рожать кучу детей и пусть они живут по всему глобусу - но не лезьте во власть, это вредно для государства.
textdetox@01907546324b0330d2d8b7669648cc18823323e5/ru/002105	ru	0	нужна мне помощь да поддержка дружеская, не хватает в хозяйстве вещи малой для дела важного.
textdetox@01907546324b0330d2d8b7669648cc18823323e5/ru/002106	ru	0	сайт с готовыми домашними заданиями научит всех
textdetox@01907546324b0330d2d8b7669648cc18823323e5/ru/002107	ru	0	5 лет неусловной тюрьмы, поднимется огромный общественный резонанс, о котором сегодня догадываются и суд и кремль
textdetox@01907546324b0330d2d8b7669648cc18823323e5/ru/002108	ru	0	нет, у меня два обследования и оба на снимке, причём большие.
textdetox@01907546324b0330d2d8b7669648cc18823323e5/ru/002109	ru	0	только почему-то фото и анкета разные
textdetox@01907546324b0330d2d8b7669648cc18823323e5/ru/002110	ru	0	а он, насчёт конституции высказал своё мнение в своё время, а жизнь требует жить не по америкоским правилам.
textdetox@01907546324b0330d2d8b7669648cc18823323e5/ru/002111	ru	0	и чем вам старая конституция больше нравится чем теперь народная?
textdetox@01907546324b0330d2d8b7669648cc18823323e5/ru/002112	ru	0	алекс хоннольд,посмотрите фильмы про него.он больной этим с десяти лет.
textdetox@01907546324b0330d2d8b7669648cc18823323e5/ru/002113	ru	0	девочки, давайте только не будем сравнивать мясо с кабачками.
textdetox@01907546324b0330d2d8b7669648cc18823323e5/ru/002114	ru	0	почему именно 25 лет, это же в какую сумму всё вылетит, уже получается не 2мил,а в 2 раза дороже?
textdetox@01907546324b0330d2d8b7669648cc18823323e5/ru/002115	ru	0	мне тоже леночка хотелось с первого раза назвать ее дурочкой!
textdetox@01907546324b0330d2d8b7669648cc18823323e5/ru/002116	ru	0	действительно ,а ещё оденьте крест и носите 👌...видно в вашей жизни будет всё зашибись!!!
textdetox@01907546324b0330d2d8b7669648cc18823323e5/ru/002117	ru	0	правда жизни ..... очень грустно...
textdetox@01907546324b0330d2d8b7669648cc18823323e5/ru/002118	ru	0	похоже, что он даже спит в маске, зачем же снял сейчас, так ведь и заразиться может.
textdetox@01907546324b0330d2d8b7669648cc18823323e5/ru/002119	ru	0	а за парочку мальков можно и штраф схлопотать!
textdetox@01907546324b0330d2d8b7669648cc18823323e5/ru/002120	ru	0	низкий поклон , на сердце стало теплее.
textdetox@01907546324b0330d2d8b7669648cc18823323e5/ru/002121	ru	0	думаю стыдно, раз сомневаешься видать средства есть купи самолет!
textdetox@01907546324b0330d2d8b7669648cc18823323e5/ru/002122	ru	0	а если решил похвастаться то зашибись !люди пешком топают.
textdetox@01907546324b0330d2d8b7669648cc18823323e5/ru/002123	ru	0	пусть наслаждается детством!оно пролетает мгновенно.
textdetox@01907546324b0330d2d8b7669648cc18823323e5/ru/002124	ru	0	хочу тебе написать служил как раз на памире и в новый год исполялясь твоя песня (1988) ты меня ни когда не забудешь.
textdetox@01907546324b0330d2d8b7669648cc18823323e5/ru/002125	ru	0	шок был от новых песен, пугачева пела королеву.
textdetox@01907546324b0330d2d8b7669648cc18823323e5/ru/002126	ru	0	уходил с одной страны, вернулся в другую.
textdetox@01907546324b0330d2d8b7669648cc18823323e5/ru/002127	ru	0	вообще интересная постановка вопроса, девочка пошла работать, чтобы мамаша содержала мелких, которых настрогала для себя
textdetox@01907546324b0330d2d8b7669648cc18823323e5/ru/002128	ru	0	спасибо за высокую оценку нашей работы!
textdetox@01907546324b0330d2d8b7669648cc18823323e5/ru/002129	ru	0	такой вещи простой в хозяйстве не оказалось!
textdetox@01907546324b0330d2d8b7669648cc18823323e5/ru/002130	ru	0	можна сумму у знать а-то не охото званить
textdetox@01907546324b0330d2d8b7669648cc18823323e5/ru/002131	ru	0	хорошо допросят и всё найдётся, сейчас много способов дознания!
textdetox@01907546324b0330d2d8b7669648cc18823323e5/ru/002132	ru	0	то что для перчаток я понял и так,аргон вреден, но достаточно просто нижней вентиляции, а это перебор уже
textdetox@01907546324b0330d2d8b7669648cc18823323e5/ru/002133	ru	0	да хотя бы начальную стадию заложить, как во дворах игровую не большую площадку.
textdetox@01907546324b0330d2d8b7669648cc18823323e5/ru/002134	ru	0	за какую цену купили бы уменя новый есть
textdetox@01907546324b0330d2d8b7669648cc18823323e5/ru/002135	ru	0	похоже на душистый табак ,листья как бархатные их любит колорадский жук.
textdetox@01907546324b0330d2d8b7669648cc18823323e5/ru/002136	ru	0	вопросы, касаемо посылок и оплаты к администрации сайта
textdetox@01907546324b0330d2d8b7669648cc18823323e5/ru/002137	ru	0	красотка во всех смыслах этого слова
textdetox@01907546324b0330d2d8b7669648cc18823323e5/ru/002138	ru	0	а примета?-невеста не должна готовить себе платье.
textdetox@01907546324b0330d2d8b7669648cc18823323e5/ru/002139	ru	0	да, во время великой отечественной войны люди были гораздо добрее.
textdetox@01907546324b0330d2d8b7669648cc18823323e5/ru/002140	ru	0	я родился в 50-м году, и очень хочу вернуть это время.
textdetox@01907546324b0330d2d8b7669648cc18823323e5/ru/002141	ru	0	какая разница чьи это слова,ведь это же правда.
textdetox@01907546324b0330d2d8b7669648cc18823323e5/ru/002142	ru	0	желаю нынешним спецам, понять суть истины до века !
textdetox@01907546324b0330d2d8b7669648cc18823323e5/ru/002143	ru	0	мы потом холодным покрывались по-началу от того, как у них ездят.
textdetox@01907546324b0330d2d8b7669648cc18823323e5/ru/002144	ru	0	там позволяют друг друга подрезать специально и даже сигналят, чтобы их обогнали.
textdetox@01907546324b0330d2d8b7669648cc18823323e5/ru/002145	ru	0	так они предупреждают друг друга, типа иду на обгон, иди...поворачиваю, поворачивай... на каждое действие сигналят.
textdetox@01907546324b0330d2d8b7669648cc18823323e5/ru/002146	ru	0	а на серпантинах в горох при повороте тоже всегда сигналят.
textdetox@01907546324b0330d2d8b7669648cc18823323e5/ru/002147	ru	0	но водители на столько уверенные, спокойные и неконфликтные, что постепенно и сам успокаиваешься
textdetox@01907546324b0330d2d8b7669648cc18823323e5/ru/002148	ru	0	сколько поколений выросло на этом мультике !
textdetox@01907546324b0330d2d8b7669648cc18823323e5/ru/002149	ru	0	если есть взрослые дети, разве не может быть и маленький?
textdetox@01907546324b0330d2d8b7669648cc18823323e5/ru/002150	ru	0	друзья мои верные, выручайте в трудном деле!
textdetox@01907546324b0330d2d8b7669648cc18823323e5/ru/002151	ru	0	для того чтобы задачу непростую выполнить нужна мне вещь редкая.
textdetox@01907546324b0330d2d8b7669648cc18823323e5/ru/002152	ru	0	желаю дальнейших достижений, удачи и успехов во всём!
textdetox@01907546324b0330d2d8b7669648cc18823323e5/ru/002153	ru	0	это когда оценивают совесть ниже зарплаты,это патология
textdetox@01907546324b0330d2d8b7669648cc18823323e5/ru/002154	ru	0	девочки подскажите как где находится мфц на арктическая 37 мне просто туда дали талон
textdetox@01907546324b0330d2d8b7669648cc18823323e5/ru/002155	ru	0	правительство сделало всё возможное и невозможное для обеспечения ветеранов и пенсионеров .
textdetox@01907546324b0330d2d8b7669648cc18823323e5/ru/002156	ru	0	правда ли что с биржи приостановили выплаты до сентября?
textdetox@01907546324b0330d2d8b7669648cc18823323e5/ru/002157	ru	0	сестрёнка, спасибо тебе огромное за торт!
textdetox@01907546324b0330d2d8b7669648cc18823323e5/ru/002158	ru	0	депутаты они такие,всё тащут домой,в хозяйстве и кусок асфальта пригодится
textdetox@01907546324b0330d2d8b7669648cc18823323e5/ru/002159	ru	0	цыганем очень хорошо помогут, они у нас матери одиночки и малоимущие ,
textdetox@01907546324b0330d2d8b7669648cc18823323e5/ru/002160	ru	0	хотела спросить телефон в каком состоянии?
textdetox@01907546324b0330d2d8b7669648cc18823323e5/ru/002161	ru	0	как же такую красоту сохранить,чтобы не сьесть
textdetox@01907546324b0330d2d8b7669648cc18823323e5/ru/002162	ru	0	у меня тоже, мать блокадница , дай вам бог здоровья
textdetox@01907546324b0330d2d8b7669648cc18823323e5/ru/002163	ru	0	умница красавица талантливая девочка класс
textdetox@01907546324b0330d2d8b7669648cc18823323e5/ru/002164	ru	0	а почему нет ролика , где он построил заводик или фабрику , по производству масок и перчаток ?
textdetox@01907546324b0330d2d8b7669648cc18823323e5/ru/002165	ru	0	жук лилейник.очень устоичив к ядам,только вручную собирать.мне пришлось,из-за этого все лилии выкинуть
textdetox@01907546324b0330d2d8b7669648cc18823323e5/ru/002166	ru	0	да мы рады были идти на такую работу
textdetox@01907546324b0330d2d8b7669648cc18823323e5/ru/002167	ru	0	какой нужен уровень для перехода на осеннюю полянку?
textdetox@01907546324b0330d2d8b7669648cc18823323e5/ru/002168	ru	0	а когда будет розыгрыш 1000000 оков?
textdetox@01907546324b0330d2d8b7669648cc18823323e5/ru/002169	ru	0	дочки, сыночки, младшие сестрёнки и братишки.
textdetox@01907546324b0330d2d8b7669648cc18823323e5/ru/002170	ru	0	пора русскому жить для себя любимого и для великой россии.
textdetox@01907546324b0330d2d8b7669648cc18823323e5/ru/002171	ru	0	а вы .опы подставляйте, чтобы доказать что вы для нас что-то значили.
textdetox@01907546324b0330d2d8b7669648cc18823323e5/ru/002172	ru	0	наталья у вас закрытый профиль, очень сложно общаться с вами хотелось бы кое что уточнить ?
textdetox@01907546324b0330d2d8b7669648cc18823323e5/ru/002173	ru	0	с кем может проживать ваш брат: жена, дети и сохранился ли у вас его старый адрес проживания?
textdetox@01907546324b0330d2d8b7669648cc18823323e5/ru/002174	ru	0	стол накрыт!а люди на карантине,нельзя собираться!😄
textdetox@01907546324b0330d2d8b7669648cc18823323e5/ru/002175	ru	0	интересный рецепт, надо будет сделать👍 уксус я так понимаю не идёт.
textdetox@01907546324b0330d2d8b7669648cc18823323e5/ru/002176	ru	0	номер телефона.если имеете ввиду ещё ниже-то это кот-мальчик.
textdetox@01907546324b0330d2d8b7669648cc18823323e5/ru/002177	ru	0	очень аппетитно и красиво смотрятся караваи
textdetox@01907546324b0330d2d8b7669648cc18823323e5/ru/002178	ru	0	папа ну скажи мне только по сикрету я тоже вырасту таким большим
textdetox@01907546324b0330d2d8b7669648cc18823323e5/ru/002179	ru	0	ливень стеной с градом и грозой прошёл в нижнем санчелеево.
textdetox@01907546324b0330d2d8b7669648cc18823323e5/ru/002180	ru	0	как земле возникла жизнь на рассказываю о первой эпохе рождения планеты докембрийской эре лукинский живая история
textdetox@01907546324b0330d2d8b7669648cc18823323e5/ru/002181	ru	0	этой группе путин цели поставил!
textdetox@01907546324b0330d2d8b7669648cc18823323e5/ru/002182	ru	0	вернёт россии убийц-наёмников, как пить дать!
textdetox@01907546324b0330d2d8b7669648cc18823323e5/ru/002183	ru	0	не ужели нельзя объяснить ребёнку что животине больно.что так делать нельзя.
textdetox@01907546324b0330d2d8b7669648cc18823323e5/ru/002184	ru	0	у меня взрослого человека сердце сжалось
textdetox@01907546324b0330d2d8b7669648cc18823323e5/ru/002185	ru	0	я,почему- то ,уверена что без наблюдателей победит лукашенко.
textdetox@01907546324b0330d2d8b7669648cc18823323e5/ru/002186	ru	0	на поводу у синульки пойдёшь - завтра он попросит крыс развести в сарае или скунсов дома содержать...
textdetox@01907546324b0330d2d8b7669648cc18823323e5/ru/002187	ru	0	хочеш знакомиться став своё фото а не чужую аватарку
textdetox@01907546324b0330d2d8b7669648cc18823323e5/ru/002188	ru	0	но лунь сегодня пришел к последней стоянке.
textdetox@01907546324b0330d2d8b7669648cc18823323e5/ru/002189	ru	0	всегда человек считал:я не такой,я не плохой,кто в этом разберется?
textdetox@01907546324b0330d2d8b7669648cc18823323e5/ru/002190	ru	0	похоже трудно понять ,услышать боль другого?
textdetox@01907546324b0330d2d8b7669648cc18823323e5/ru/002191	ru	0	даже родные не слышат порой др.др
textdetox@01907546324b0330d2d8b7669648cc18823323e5/ru/002192	ru	0	в. каверин два капитана, читаю, перечитываю, буду читать!!
textdetox@01907546324b0330d2d8b7669648cc18823323e5/ru/002193	ru	0	одна л.с.-довольно условная единица))-100 кг×1 метр))и,кажется,за одну секунду что ли...
textdetox@01907546324b0330d2d8b7669648cc18823323e5/ru/002194	ru	0	я за тебя молюсь всю жизнь ,володька мой любимый , хотя мы не вместе...
textdetox@01907546324b0330d2d8b7669648cc18823323e5/ru/002195	ru	0	цена платьев розовый цвет, с кошечкой, и белое( фото предпоследнее) и размер,на какой возраст?
textdetox@01907546324b0330d2d8b7669648cc18823323e5/ru/002196	ru	0	мое любимое стихотворение,для всех широт,земель,и стран.цветы,трава,шмель...лето,как расцвет жизни,ее краса и вкус ,и понимание недолговечности всего.и благодарность-итог создателю...
textdetox@01907546324b0330d2d8b7669648cc18823323e5/ru/002197	ru	0	зато на лечение деток, собираем смсками.
textdetox@01907546324b0330d2d8b7669648cc18823323e5/ru/002198	ru	0	лена, с днём рождения!❤🎂🎁 желаю, чтоб всё хорошее сбылось!🌹🌹🌹
textdetox@01907546324b0330d2d8b7669648cc18823323e5/ru/002199	ru	0	вторая просто супер,пробивает своим взглядом.
textdetox@01907546324b0330d2d8b7669648cc18823323e5/ru/002200	ru	0	моя старшая неделю шипела, не принимала подкидыша, которого я принесла.
textdetox@01907546324b0330d2d8b7669648cc18823323e5/ru/002201	ru	0	китя такой славный, потерпите немного, мои теперь душа в душу живут, ваша примет попозже.
textdetox@01907546324b0330d2d8b7669648cc18823323e5/ru/002202	ru	0	ка только вижу нашего президента сразу плакать хочется.
textdetox@01907546324b0330d2d8b7669648cc18823323e5/ru/002203	ru	0	огласите весь список компромисов.я не могу понять презедентов.
textdetox@01907546324b0330d2d8b7669648cc18823323e5/ru/002204	ru	0	на ул бриллиантовая бегает собака похожая на овчарку уже давно худая посмотрите может ваша
textdetox@01907546324b0330d2d8b7669648cc18823323e5/ru/002205	ru	0	не слушай ни кого, это хогвардс, скоро и дамлдор подъедит, так что приезжай учиться.
textdetox@01907546324b0330d2d8b7669648cc18823323e5/ru/002206	ru	0	я не очень в инете... есть телефон самскнг 3 ...если вас устроит
textdetox@01907546324b0330d2d8b7669648cc18823323e5/ru/002207	ru	0	свергли законного президента, живут по указке запада, войну на своей территории ведут новые олигархи.
textdetox@01907546324b0330d2d8b7669648cc18823323e5/ru/002208	ru	0	а народ стал жить ещё хуже, чем при янеке.
textdetox@01907546324b0330d2d8b7669648cc18823323e5/ru/002209	ru	0	помню как-то я в былые дни рвал цветы для милой на поляне, и глядели на меня они, как бы говоря: она обманет.
textdetox@01907546324b0330d2d8b7669648cc18823323e5/ru/002210	ru	0	я напрасно ждал, и звал я зря, бросил я цветы, они лежали, как бы глядя вдаль и говоря: не виновны мы в твоей печали.
textdetox@01907546324b0330d2d8b7669648cc18823323e5/ru/002211	ru	0	в час раздумий наших и тревог, в горький час беды и неудачи видел я, цветы, как люди плачут, и росу роняют на песок.
textdetox@01907546324b0330d2d8b7669648cc18823323e5/ru/002212	ru	0	мы уходим, и в прощальный час провожая из родного края, разные цветы глядят на нас, нам вослед головками кивая.
textdetox@01907546324b0330d2d8b7669648cc18823323e5/ru/002213	ru	0	осенью, когда сады грустны, листья на ветвях желты и гладки, вспоминая дни своей весны, глядя вдаль цветы грустят на грядке.
textdetox@01907546324b0330d2d8b7669648cc18823323e5/ru/002214	ru	0	кто не верит, всех зову я в сад, видите, моргая еле-еле, на людей доверчиво глядят все цветы, как дети в колыбели.
textdetox@01907546324b0330d2d8b7669648cc18823323e5/ru/002215	ru	0	в душу нам глядят цветы земли, добрым взглядом всех кто с нами рядом.
textdetox@01907546324b0330d2d8b7669648cc18823323e5/ru/002216	ru	0	или же потусторонним взглядом всех друзей, что навсегда ушли.
textdetox@01907546324b0330d2d8b7669648cc18823323e5/ru/002217	ru	0	видели бы вы первый новый год 2000 ный ,на пл нахимова встречали, что оствили после себя наши , даже не знаю, как их назвать.мне стыдно за них,кто это пишет, но это не все наши люди.
textdetox@01907546324b0330d2d8b7669648cc18823323e5/ru/002218	ru	0	господи сделай так чтобы эта золотце попало в хорошие заботливые любящие руки чтоб ей там было хорошо удачи тебе моя хорошая
textdetox@01907546324b0330d2d8b7669648cc18823323e5/ru/002219	ru	0	я вчера его нашла и позвонила дала ваши номера они должны были вам звонить но они потом написали мне смс что это не их собачка а по фото похожи я сама расстроился что это не она
textdetox@01907546324b0330d2d8b7669648cc18823323e5/ru/002220	ru	0	продаются свиньи,большой выбор.мясо с салом 200п/кг(голова и ливер в подарок,без сала 270р/кг,живым весом 120ркг.р.п.чернышковский.89604678297.
textdetox@01907546324b0330d2d8b7669648cc18823323e5/ru/002221	ru	0	очень хочется знать, для чего выставлено фото?
textdetox@01907546324b0330d2d8b7669648cc18823323e5/ru/002222	ru	0	как говорили старики пусти кусок хлеба по реке к тебе вернётся он с маслом
textdetox@01907546324b0330d2d8b7669648cc18823323e5/ru/002223	ru	0	детям до 6 лет вообще нельзя маски надевать, ни на улице, ни в помещении.
textdetox@01907546324b0330d2d8b7669648cc18823323e5/ru/002224	ru	0	дорогая с днем рождения здоровья тебе
textdetox@01907546324b0330d2d8b7669648cc18823323e5/ru/002225	ru	0	и очень было страшно и стыдно если не купил или обранил билет и зашёл контролёр.
textdetox@01907546324b0330d2d8b7669648cc18823323e5/ru/002226	ru	0	зачем такое количество, а если б был вагон, тоже собрали бы все.... не завидую, но меру нужно знать.
textdetox@01907546324b0330d2d8b7669648cc18823323e5/ru/002227	ru	0	самая счастливая мамочка; всем здоровья!!
textdetox@01907546324b0330d2d8b7669648cc18823323e5/ru/002228	ru	0	который уходит от ответственности давно пора запереть!
textdetox@01907546324b0330d2d8b7669648cc18823323e5/ru/002229	ru	0	извините, про какого масло идёт речь?
textdetox@01907546324b0330d2d8b7669648cc18823323e5/ru/002230	ru	0	мотор запасной цену можно, состояние?
textdetox@01907546324b0330d2d8b7669648cc18823323e5/ru/002231	ru	0	молодец это мы забыли а раньше наши бабушки и прабабушки сами приданное готовили ткали кружева вязали расшивали рубахи рушняки настоящия рукодельница савет да любовь
textdetox@01907546324b0330d2d8b7669648cc18823323e5/ru/002232	ru	0	здравствуйте, хочу заказать черепашка ниндзя гродненская обл г слоним ул циолковского25 а индекс 231893
textdetox@01907546324b0330d2d8b7669648cc18823323e5/ru/002233	ru	0	почему одинокому мужчину, если муж и жена?
textdetox@01907546324b0330d2d8b7669648cc18823323e5/ru/002234	ru	0	спарк можно бы прикупить, очень зарекомендовал себя, по цене и комплектации, надежности.
textdetox@01907546324b0330d2d8b7669648cc18823323e5/ru/002235	ru	0	на капитальный гараж можно с моей доплатой.
textdetox@01907546324b0330d2d8b7669648cc18823323e5/ru/002236	ru	0	название фильма совсем другое,нежели заявлено!!
textdetox@01907546324b0330d2d8b7669648cc18823323e5/ru/002237	ru	0	2 беременности спасалась от вирусов прополисом, перед выходом из дома жевала, все ок.
textdetox@01907546324b0330d2d8b7669648cc18823323e5/ru/002238	ru	0	чистый мужской голос который врезается в уши тяжелый но приятный класс!
textdetox@01907546324b0330d2d8b7669648cc18823323e5/ru/002239	ru	0	когда ломают ветки, или того хуже, рубят дерево - стресс!!
textdetox@01907546324b0330d2d8b7669648cc18823323e5/ru/002240	ru	0	пригодится разработчики периодически просят собирать его в квестах
textdetox@01907546324b0330d2d8b7669648cc18823323e5/ru/002241	ru	0	просим посетить группу все обо всем ссылки вышлю в сообщение
textdetox@01907546324b0330d2d8b7669648cc18823323e5/ru/002242	ru	0	они рулят россией с 1917 г. а вы и не заметили или не знали илине хотите знать.
textdetox@01907546324b0330d2d8b7669648cc18823323e5/ru/002243	ru	0	мой дед сапронов александр васильевич 1897 гр участник 3 х войн: с германией, призван совсем молодым.
textdetox@01907546324b0330d2d8b7669648cc18823323e5/ru/002244	ru	0	дай бог здоровья вам ребята из вас выросту настоящие мужчины.
textdetox@01907546324b0330d2d8b7669648cc18823323e5/ru/002245	ru	0	всех телят по деревни собрали, такого не может быть, двоих не больше.
textdetox@01907546324b0330d2d8b7669648cc18823323e5/ru/002246	ru	0	не важно на кого похож ребёнок главное жив здоров желанный смотрит улыбаясь обнимая маленькими ручками ведь это счастье
textdetox@01907546324b0330d2d8b7669648cc18823323e5/ru/002247	ru	0	от всей души поздравляю ярослава сумишевского!
textdetox@01907546324b0330d2d8b7669648cc18823323e5/ru/002248	ru	0	какая конспитуция еще вообще в курсе вы законы что у воров свои
textdetox@01907546324b0330d2d8b7669648cc18823323e5/ru/002249	ru	0	не пойму что случилось,играла с нормальной скоростью,был небольшой перерыв и когда продолжила игру скорость пропала,все еле двигается терпения нет,кто знает в чем дело и что делать?
textdetox@01907546324b0330d2d8b7669648cc18823323e5/ru/002250	ru	0	при таком способе чувствительность сигнализатора значительно падает!!
textdetox@01907546324b0330d2d8b7669648cc18823323e5/ru/002251	ru	0	всегда крепил маленькое колечко на тюльпан , а через большое -пропускал леску.
textdetox@01907546324b0330d2d8b7669648cc18823323e5/ru/002252	ru	0	поклевку хорошо видно даже при ветре(сторож колеблется вправо-влево, при поклевке - вверх-вниз)
textdetox@01907546324b0330d2d8b7669648cc18823323e5/ru/002253	ru	0	галина, вы меня простите и понимаете о чем я говорю.
textdetox@01907546324b0330d2d8b7669648cc18823323e5/ru/002254	ru	0	бабуля на фото глянь это ты в молодости или уже если что надо скорую в дурку
textdetox@01907546324b0330d2d8b7669648cc18823323e5/ru/002255	ru	0	мороженое купила за монетки, теперь нужно ожерелье.
textdetox@01907546324b0330d2d8b7669648cc18823323e5/ru/002256	ru	0	ушедшие в мир иной запечатлены и.е.репиным на века.
textdetox@01907546324b0330d2d8b7669648cc18823323e5/ru/002257	ru	0	везде аферисты -- хоть бога бы побоялись ведь можете потом и правда пропавшего искать.
textdetox@01907546324b0330d2d8b7669648cc18823323e5/ru/002258	ru	0	мне фильм вообще не интересно хотел смотреть на вас троих 😉
textdetox@01907546324b0330d2d8b7669648cc18823323e5/ru/002259	ru	0	аминь великий советский артист театра и кино.
textdetox@01907546324b0330d2d8b7669648cc18823323e5/ru/002260	ru	0	реунова валентина ивановна, - председатель президиума верховного совета ссср.
textdetox@01907546324b0330d2d8b7669648cc18823323e5/ru/002261	ru	0	ягоду, что-то полезное для дома, быт.химию, верх.одежду 44-46 и др.предложения тоже рассмотрю)
textdetox@01907546324b0330d2d8b7669648cc18823323e5/ru/002262	ru	0	хороший сюрприз😁👍❤ теперь пёсик будет обожать арбузики😁👍🥰
textdetox@01907546324b0330d2d8b7669648cc18823323e5/ru/002263	ru	0	все будет хорошо потому что плохо надоело уже да зарасти оно все чб ромашкамиц одобрым утром с
textdetox@01907546324b0330d2d8b7669648cc18823323e5/ru/002264	ru	0	дай бог тебе и твоей семье всех благ !
textdetox@01907546324b0330d2d8b7669648cc18823323e5/ru/002265	ru	0	фильтр 6ти ступенчатой очистки.с насосом.15 тр.торг
textdetox@01907546324b0330d2d8b7669648cc18823323e5/ru/002266	ru	0	но если твой дом всегда шумел, если играли и бегали дети, были тут и родители, и муж.
textdetox@01907546324b0330d2d8b7669648cc18823323e5/ru/002267	ru	0	а ты осталась одна в деревенской избе или квартире.
textdetox@01907546324b0330d2d8b7669648cc18823323e5/ru/002268	ru	0	рядом никого, кто раньше был так дорог, о ком заботилась.
textdetox@01907546324b0330d2d8b7669648cc18823323e5/ru/002269	ru	0	помогали ей, гуляли, напивались парного молока.
textdetox@01907546324b0330d2d8b7669648cc18823323e5/ru/002270	ru	0	теперь они с родителями едут на юг,за границу, только не к той с которой все начилось.
textdetox@01907546324b0330d2d8b7669648cc18823323e5/ru/002271	ru	0	уважаемые,кто не доволен своим бюджетом...вам не кажется,что в этом не ляйсан виновата?
textdetox@01907546324b0330d2d8b7669648cc18823323e5/ru/002272	ru	0	поздравляю вас с днем рождением жилаю вам крепкого здоровья долгих лет жизни и всех земных благ
textdetox@01907546324b0330d2d8b7669648cc18823323e5/ru/002273	ru	0	прям я весной хочу влезть во что-то прошлогоднее.
textdetox@01907546324b0330d2d8b7669648cc18823323e5/ru/002274	ru	0	а во втором ряду, вторая слева моя мама
textdetox@01907546324b0330d2d8b7669648cc18823323e5/ru/002275	ru	0	я скоро наверное так же буду выглядеть, с 5 детьми, на карантине
textdetox@01907546324b0330d2d8b7669648cc18823323e5/ru/002276	ru	0	когда дети рождаются им делают прививки чтоб они не болели ,той или иной болезнью.
textdetox@01907546324b0330d2d8b7669648cc18823323e5/ru/002277	ru	0	дети с младенчества должны слышать доброе о своих дедушках и бабушках.
textdetox@01907546324b0330d2d8b7669648cc18823323e5/ru/002278	ru	0	они должны видеть дела своих родителей по отношению к дедушкам и бабушкам.
textdetox@01907546324b0330d2d8b7669648cc18823323e5/ru/002279	ru	0	дети с младенчества впитывают как губка,тон голоса и поступки своих родителей.
textdetox@01907546324b0330d2d8b7669648cc18823323e5/ru/002280	ru	0	к великому сожалению на детей очень влияет и то что они смотрят по телевизору ... даже есть мультфильмы которые не приносят пользу ребенку а вред.
textdetox@01907546324b0330d2d8b7669648cc18823323e5/ru/002281	ru	0	всем крепкого здоровья сладкого дня хорошего настроения больше позитива радости и счастья
textdetox@01907546324b0330d2d8b7669648cc18823323e5/ru/002282	ru	0	верните водник - чемпион, трамваи, шхуну запад, деревянные мостовые - вот это визитки города.
textdetox@01907546324b0330d2d8b7669648cc18823323e5/ru/002283	ru	0	я слышала в струнино делают.. но не знаю точно.
textdetox@01907546324b0330d2d8b7669648cc18823323e5/ru/002284	ru	0	по сбору стоп 9.08. по всем вопросам в личку!
textdetox@01907546324b0330d2d8b7669648cc18823323e5/ru/002285	ru	0	он разрезан пополам, чтобы видно было , что внутри, и как выглядит на разрезе.
textdetox@01907546324b0330d2d8b7669648cc18823323e5/ru/002286	ru	0	всем большое спасибо за теплые слова😌 игра продолжается до понедельника🌸
textdetox@01907546324b0330d2d8b7669648cc18823323e5/ru/002287	ru	0	с вилки такого маленького ребенка не кормят, мамочка!
textdetox@01907546324b0330d2d8b7669648cc18823323e5/ru/002288	ru	0	вкус каймака да еще со свежей лепешкой!это незабываемо!
textdetox@01907546324b0330d2d8b7669648cc18823323e5/ru/002289	ru	0	я указываю ифо и место проживания только в электросетях,когда оплачиваю за свет.
textdetox@01907546324b0330d2d8b7669648cc18823323e5/ru/002290	ru	0	а про дедовический район вообще знают,что он есть?
textdetox@01907546324b0330d2d8b7669648cc18823323e5/ru/002291	ru	0	у всех своя история , я написал свою мнению , у всех это по разному получается , надо любить с головой .
textdetox@01907546324b0330d2d8b7669648cc18823323e5/ru/002292	ru	0	я давала кальция глицерофосфат в пойло и колола элеовит я новичок но моей помогло
textdetox@01907546324b0330d2d8b7669648cc18823323e5/ru/002293	ru	0	отдам-- весы, шитый кошелёк ,аромат.свечи ,зел.полотенце
textdetox@01907546324b0330d2d8b7669648cc18823323e5/ru/002294	ru	0	добрый день, дочь в пятницу приезжала, брала с собой кучу документов, подтверждающих, что жила раньше в горловке и едет к маме, все показывала и ее пропустили
textdetox@01907546324b0330d2d8b7669648cc18823323e5/ru/002295	ru	0	можете пожалуйста позвонить по этому номеру 89066622872, когда груши вновь будут в продаже.
textdetox@01907546324b0330d2d8b7669648cc18823323e5/ru/002296	ru	0	какие нужны документы что бы усыновить ребенка
textdetox@01907546324b0330d2d8b7669648cc18823323e5/ru/002297	ru	0	ирина владимировна мы так и останемся воображать из себя деловых!
textdetox@01907546324b0330d2d8b7669648cc18823323e5/ru/002298	ru	0	но дойдёт момент, когда я выставлю, диктафонную запись, как в сельсовете пилят уголь!!
textdetox@01907546324b0330d2d8b7669648cc18823323e5/ru/002299	ru	0	реэлторов у нас нет, а если хотите купить квартиру, просто пишите объявление о покупке.
textdetox@01907546324b0330d2d8b7669648cc18823323e5/ru/002300	ru	0	ольга, не уверена, что я всё правильно сделала, поэтому страхуюсь.
textdetox@01907546324b0330d2d8b7669648cc18823323e5/ru/002301	ru	0	вакцинироваться или нет, это ваше дело, что вы так остро всё воспринимаете.
textdetox@01907546324b0330d2d8b7669648cc18823323e5/ru/002302	ru	0	это всего лишь информация и всё,далее поступайте как знаете.
textdetox@01907546324b0330d2d8b7669648cc18823323e5/ru/002303	ru	0	из-за таких советов я чуть ребенка не потеряла.
textdetox@01907546324b0330d2d8b7669648cc18823323e5/ru/002304	ru	0	дочке было два месяца, когда у нее начался понос.
textdetox@01907546324b0330d2d8b7669648cc18823323e5/ru/002305	ru	0	теперь, когда думаю об этом, волосы дыбом становятся.
textdetox@01907546324b0330d2d8b7669648cc18823323e5/ru/002306	ru	0	ребенку в два месяца правильную смесь детскую не так просто выбрать, а тут такое.
textdetox@01907546324b0330d2d8b7669648cc18823323e5/ru/002307	ru	0	ещё хорошо, что вовремя успели скорую вызвать.
textdetox@01907546324b0330d2d8b7669648cc18823323e5/ru/002308	ru	0	иначе не было бы у меня сейчас дочки.
textdetox@01907546324b0330d2d8b7669648cc18823323e5/ru/002309	ru	0	спасибо за видео,хотелось бы узнать и финансовую сторону такой квартиры и переезда.
textdetox@01907546324b0330d2d8b7669648cc18823323e5/ru/002310	ru	0	видела ее лично на съемках фильма самая обаятельная и привлекательная осталось незабываемое впечатление браво !
textdetox@01907546324b0330d2d8b7669648cc18823323e5/ru/002311	ru	0	некоторые депутаты,опасаясь,что народ против единой россии,решили поменять партию,чтоб пролезть в депутаты...
textdetox@01907546324b0330d2d8b7669648cc18823323e5/ru/002312	ru	0	когда встреча в талимарджане?всем привет талимарджанцам.
textdetox@01907546324b0330d2d8b7669648cc18823323e5/ru/002313	ru	0	какой умный пёс.обожаю собак , ведь они самые верные.
textdetox@01907546324b0330d2d8b7669648cc18823323e5/ru/002314	ru	0	кто-то знает,будут ли выплачивать какую то помощь на август?
textdetox@01907546324b0330d2d8b7669648cc18823323e5/ru/002315	ru	0	где найти склад игрушек на союзной полянке?
textdetox@01907546324b0330d2d8b7669648cc18823323e5/ru/002316	ru	0	линдау - очень красивый и уютный курортный городок на острове, расположенный на границе трех стран: германии, швейцарии и австрии.
textdetox@01907546324b0330d2d8b7669648cc18823323e5/ru/002317	ru	0	здесь очень много отдыхающих, но как-то тихо и спокойно.
textdetox@01907546324b0330d2d8b7669648cc18823323e5/ru/002318	ru	0	море цветов и зелени и самые красивые виды, открывающиеся на боденское озеро.
textdetox@01907546324b0330d2d8b7669648cc18823323e5/ru/002319	ru	0	почему же, наоборот, очень даже мило.
textdetox@01907546324b0330d2d8b7669648cc18823323e5/ru/002320	ru	0	на свитерочках тоже будет очень кстати
textdetox@01907546324b0330d2d8b7669648cc18823323e5/ru/002321	ru	0	было у меня такое, на 240 р. хорошо я от кассы далеко не отошла... купила одни очки, а пробили двое.
textdetox@01907546324b0330d2d8b7669648cc18823323e5/ru/002322	ru	0	не уверена что он ничего не знает что происходит, - вопрос- зачем и что дальше???
textdetox@01907546324b0330d2d8b7669648cc18823323e5/ru/002323	ru	0	так значит это вы проложили дорогу от корейки , до тюратама , я по ней ездил за вином !
textdetox@01907546324b0330d2d8b7669648cc18823323e5/ru/002324	ru	0	светлая память всем тем кто войны с не вернул кто частичкой стал тишины кто лег проснухся в горах и не необъявленной от войны
textdetox@01907546324b0330d2d8b7669648cc18823323e5/ru/002325	ru	0	господи , сохрани , только в ссср не отправляй я уже там была 40 лет.
textdetox@01907546324b0330d2d8b7669648cc18823323e5/ru/002326	ru	0	ну, и мы чуток побегали) призы порадовали, как всегда, ресурсов подкопили) спасибо разработчикам!
textdetox@01907546324b0330d2d8b7669648cc18823323e5/ru/002327	ru	0	доброту нужно снимать а не издевательство над котом, не подавился хозяин где твое сердце?
textdetox@01907546324b0330d2d8b7669648cc18823323e5/ru/002328	ru	0	это на утро после встречи с друзьями , когда себя в зеркале увидел...
textdetox@01907546324b0330d2d8b7669648cc18823323e5/ru/002329	ru	0	я ловлю, но отпускаю, беру только трофейную
textdetox@01907546324b0330d2d8b7669648cc18823323e5/ru/002330	ru	0	на шею себе оденьте эти белые ленточки... и затягивайте потихоньку...
textdetox@01907546324b0330d2d8b7669648cc18823323e5/ru/002331	ru	0	а то все продлевают и продлевают режим повышенной готовности может я что то пропустил.
textdetox@01907546324b0330d2d8b7669648cc18823323e5/ru/002332	ru	0	дело в том, что в данном-то случае папа совсем не в ответе за детей...
textdetox@01907546324b0330d2d8b7669648cc18823323e5/ru/002333	ru	0	ну конечно фейковые картинки это прям новости века
textdetox@01907546324b0330d2d8b7669648cc18823323e5/ru/002334	ru	0	обязательно обильное питьё... а лучше клюквенный морс
textdetox@01907546324b0330d2d8b7669648cc18823323e5/ru/002335	ru	0	ошибка известно животные очень красивая
textdetox@01907546324b0330d2d8b7669648cc18823323e5/ru/002336	ru	0	с днем рождения дружище виктор-живи долго и счастливо -сегодня твой день и мы будем говорить то что ты заслужил в жизни-а это только добрые пожелания.
textdetox@01907546324b0330d2d8b7669648cc18823323e5/ru/002337	ru	0	показан ряд икон, которым более тысячи лет, на которых изображен фрагмент сан питера.
textdetox@01907546324b0330d2d8b7669648cc18823323e5/ru/002338	ru	0	а в каком году якобы петром 1 построен петербург ?
textdetox@01907546324b0330d2d8b7669648cc18823323e5/ru/002339	ru	0	соболезную.вечная память.пусть земля будет пухом.
textdetox@01907546324b0330d2d8b7669648cc18823323e5/ru/002340	ru	0	больной начал что то подозревать, когда врач при нём начал мерить его ботинки
textdetox@01907546324b0330d2d8b7669648cc18823323e5/ru/002341	ru	0	видимо они сами ее отсыпали и в свое время собирали на это деньги , но как всегда никто не захотел скинуться , а машину ставить хотят все
textdetox@01907546324b0330d2d8b7669648cc18823323e5/ru/002342	ru	0	2ряд, 4 с верха; 5 ряд,2 с верха; 7 ряд, 5 с верха.
textdetox@01907546324b0330d2d8b7669648cc18823323e5/ru/002343	ru	0	светлана желаю тебе занять всё таки первое место!
textdetox@01907546324b0330d2d8b7669648cc18823323e5/ru/002344	ru	0	не троньте вы вообще эти дискотеки, парни не нуждаются в ваших сравнениях.
textdetox@01907546324b0330d2d8b7669648cc18823323e5/ru/002345	ru	0	напишите просто - парни красавы, берите с них пример!
textdetox@01907546324b0330d2d8b7669648cc18823323e5/ru/002346	ru	0	есть проблема, когда долго работает пропадает звук, выкл и вкл работает опять, сумма ремонта составит 25 руб.
textdetox@01907546324b0330d2d8b7669648cc18823323e5/ru/002347	ru	0	может у кого есть сектора на примете с дефом.
textdetox@01907546324b0330d2d8b7669648cc18823323e5/ru/002348	ru	0	а медведка в высушеном виде поможет вылечить туберкулез
textdetox@01907546324b0330d2d8b7669648cc18823323e5/ru/002349	ru	0	это часы моего детства... когда ходили на пляж на левбердон с родителями)))
textdetox@01907546324b0330d2d8b7669648cc18823323e5/ru/002350	ru	0	чай и кофе разобрали и передали, следите за вашими цр!
textdetox@01907546324b0330d2d8b7669648cc18823323e5/ru/002351	ru	0	у организатора можно забирать по адресу шатило, 20, предварительно нужно звонить 89283039046
textdetox@01907546324b0330d2d8b7669648cc18823323e5/ru/002352	ru	0	нельзя их допускать к себе и к своим близким, если мы откажемся от всего-то что связаны с их ними планами то они проиграют и обламаются!
textdetox@01907546324b0330d2d8b7669648cc18823323e5/ru/002353	ru	0	слова должны поддерживаться делом и все встает на свои места!
textdetox@01907546324b0330d2d8b7669648cc18823323e5/ru/002354	ru	0	а какая разница,вы думаете в россии такого нет?
textdetox@01907546324b0330d2d8b7669648cc18823323e5/ru/002355	ru	0	хотите все нормально что бы было надо платить
textdetox@01907546324b0330d2d8b7669648cc18823323e5/ru/002356	ru	0	только в природе голубых лилий нет!это фотошоп
textdetox@01907546324b0330d2d8b7669648cc18823323e5/ru/002357	ru	0	запас на таких боссов нужен все равно!
textdetox@01907546324b0330d2d8b7669648cc18823323e5/ru/002358	ru	0	грамотная любовь, как оказалось, вас как раз учить русскому и надо.
textdetox@01907546324b0330d2d8b7669648cc18823323e5/ru/002359	ru	0	а у русских алфавит тоже пришлый, как и у многих народов.
textdetox@01907546324b0330d2d8b7669648cc18823323e5/ru/002360	ru	0	всё вот это выслушиваешь-читаешь, конечно это всё правильно, задевает душу простого народа, а в итоге всё как было.
textdetox@01907546324b0330d2d8b7669648cc18823323e5/ru/002361	ru	0	всё так остаётся и сдвинуть эту не справедливость в нашей жизни нам не под силу.
textdetox@01907546324b0330d2d8b7669648cc18823323e5/ru/002362	ru	0	наша молодость , без телефонов и интернета, она была прекрасна
textdetox@01907546324b0330d2d8b7669648cc18823323e5/ru/002363	ru	0	👍👍мне как раз нужен такой , схема есть ?
textdetox@01907546324b0330d2d8b7669648cc18823323e5/ru/002364	ru	0	продам шикарный дом (несколько вариантов (озерная, коммунистическая, степная улица, апрельская).
textdetox@01907546324b0330d2d8b7669648cc18823323e5/ru/002365	ru	0	8951-616-8162. документы в порядке, рассматриваем все варианты продаж.
textdetox@01907546324b0330d2d8b7669648cc18823323e5/ru/002366	ru	0	применительно к нынешнему времени можно было бы сказать: жертвы реновации
textdetox@01907546324b0330d2d8b7669648cc18823323e5/ru/002367	ru	0	без масок люди были бы людьми,а так это только театр
textdetox@01907546324b0330d2d8b7669648cc18823323e5/ru/002368	ru	0	муж оставил вас, но бог никогда не оставить вас, только довертесь ему, всем сердцем.
textdetox@01907546324b0330d2d8b7669648cc18823323e5/ru/002369	ru	0	вновь избравшись,он проявит вселенскую милость,отпустив наших ребят,думаю не безкорыстно.
textdetox@01907546324b0330d2d8b7669648cc18823323e5/ru/002370	ru	0	вдв если бьют, то уже мало кто сможет пожаловаться после.
textdetox@01907546324b0330d2d8b7669648cc18823323e5/ru/002371	ru	0	тут и дикий кабан,и медведи и рыбы и белоголовый орлан 5 птиц!
textdetox@01907546324b0330d2d8b7669648cc18823323e5/ru/002372	ru	0	добрых тебе ручек ,хорошей семьи !
textdetox@01907546324b0330d2d8b7669648cc18823323e5/ru/002373	ru	0	ведь именно они набрали зашкаливающий процент за.
textdetox@01907546324b0330d2d8b7669648cc18823323e5/ru/002374	ru	0	они в районе города частные что ли, что их нам же и надо передавать?
textdetox@01907546324b0330d2d8b7669648cc18823323e5/ru/002375	ru	0	это были хорошие времена.скорее это помощ совхозам и колхозам.дедь все взрослые были заняты уборкой на полях.да и вреда нет в этом.труд есть труд она сплачивала.это учила к коллективизаци.
textdetox@01907546324b0330d2d8b7669648cc18823323e5/ru/002376	ru	0	подскажите, можно как-то вызвать вредителей?
textdetox@01907546324b0330d2d8b7669648cc18823323e5/ru/002377	ru	0	очень красиво и необычно,девочка большая молодчинка:) 👍
textdetox@01907546324b0330d2d8b7669648cc18823323e5/ru/002378	ru	0	а чего ж папа цепкало с детьми сразу рванул в россию?
textdetox@01907546324b0330d2d8b7669648cc18823323e5/ru/002379	ru	0	надо будет как нибудь попробовать так сделать ))) спасибо за идею 😘😘😘
textdetox@01907546324b0330d2d8b7669648cc18823323e5/ru/002380	ru	0	а вообще обычно по каким числам приходят такие пособия, скажите пожалуйста?
textdetox@01907546324b0330d2d8b7669648cc18823323e5/ru/002381	ru	0	предложение сделать коллекции, например, цветы очага или магии, а награды шустрика и супер-веник.
textdetox@01907546324b0330d2d8b7669648cc18823323e5/ru/002382	ru	0	без них нечего уже в игре делать, а покупать скорость в игре игроки не должны вообще-то.
textdetox@01907546324b0330d2d8b7669648cc18823323e5/ru/002383	ru	0	скажите ,а автобус с антрацита до москвы прямой или только до таможни ?
textdetox@01907546324b0330d2d8b7669648cc18823323e5/ru/002384	ru	0	дзен упражнение: найдите в сети человека,который сильно заблуждается.
textdetox@01907546324b0330d2d8b7669648cc18823323e5/ru/002385	ru	0	соберите свою волю в кулак и...ничего ему не отвечайте.
textdetox@01907546324b0330d2d8b7669648cc18823323e5/ru/002386	ru	0	так там впереди по лестнице кто-то шёл, неужели не помогли
textdetox@01907546324b0330d2d8b7669648cc18823323e5/ru/002387	ru	0	ну не оставлять же на произвол судьбы, беспомощных родителей.
textdetox@01907546324b0330d2d8b7669648cc18823323e5/ru/002388	ru	0	у моей соседки две дочери, так вот они поочереди приезжали и жили с матерью до конца её жизни.
textdetox@01907546324b0330d2d8b7669648cc18823323e5/ru/002389	ru	0	варианты можно найти, было б желание.
textdetox@01907546324b0330d2d8b7669648cc18823323e5/ru/002390	ru	0	наталья николаевна сидит в доме быта.
textdetox@01907546324b0330d2d8b7669648cc18823323e5/ru/002391	ru	0	доставки нет сейчас уже продали я могу написать когда будет
textdetox@01907546324b0330d2d8b7669648cc18823323e5/ru/002392	ru	0	доброй ночи) а есть карта фестивального острова?
textdetox@01907546324b0330d2d8b7669648cc18823323e5/ru/002393	ru	0	беретка, это у женщин.у нас берет.а берутся они от водки.и не важно что у них на голове и в какую сторону полоска
textdetox@01907546324b0330d2d8b7669648cc18823323e5/ru/002394	ru	0	к нему не зарастет народная тропа, вознесся выше он главою непокорной александрийского столпа
textdetox@01907546324b0330d2d8b7669648cc18823323e5/ru/002395	ru	0	не кому не нужные галоши то же шли на экспорт за бугор
textdetox@01907546324b0330d2d8b7669648cc18823323e5/ru/002396	ru	0	тебе дарована возможность слышать музыку и видеть улыбку любимого человека.
textdetox@01907546324b0330d2d8b7669648cc18823323e5/ru/002397	ru	0	у тебя есть все что бы любить и дарить любовь.
textdetox@01907546324b0330d2d8b7669648cc18823323e5/ru/002398	ru	0	ты есть жизнь и ты можешь дарить жизнь.
textdetox@01907546324b0330d2d8b7669648cc18823323e5/ru/002399	ru	0	написала и выставила а рецепта нет кабачков ой икры.
textdetox@01907546324b0330d2d8b7669648cc18823323e5/ru/002400	ru	0	очень нравится борис корчевников,думаю у него большая и добрая душа,верю ему желаю здоровья и счастья.просто мой любимчик.
textdetox@01907546324b0330d2d8b7669648cc18823323e5/ru/002401	ru	0	желаем успешного творчества и новых идей .
textdetox@01907546324b0330d2d8b7669648cc18823323e5/ru/002402	ru	0	а как иначе, сам себя не похвалиш никто не похвалит,так и сбербанк себя сам нахваливает
textdetox@01907546324b0330d2d8b7669648cc18823323e5/ru/002403	ru	0	нужны инструменты меняю на зерно или лилии 1к 15
textdetox@01907546324b0330d2d8b7669648cc18823323e5/ru/002404	ru	0	меня интересует цена вот таких ворот и балкон.
textdetox@01907546324b0330d2d8b7669648cc18823323e5/ru/002405	ru	0	в аптеке здравствуйте можно мне корвалол новопассит валерьянку глицин мелаксен и у хорошо вас все да пришел аванс
textdetox@01907546324b0330d2d8b7669648cc18823323e5/ru/002406	ru	0	анна, согласна, обучение свелось к загрузке детей заданиями, а кто будет объяснять, никого не волнует.
textdetox@01907546324b0330d2d8b7669648cc18823323e5/ru/002407	ru	0	делайте!родители всего знать не могут, у нас нет педагогического образования.
textdetox@01907546324b0330d2d8b7669648cc18823323e5/ru/002408	ru	0	в советские времена электропоезд их минеральных вод до кисловодска ходил 1 час
textdetox@01907546324b0330d2d8b7669648cc18823323e5/ru/002409	ru	0	не, второй раз в одну и ту же игру я точно играть не стану.
textdetox@01907546324b0330d2d8b7669648cc18823323e5/ru/002410	ru	0	на буковине, председатель сельсовета , пацан и 30 нет, из поселка сделал конфетку.
textdetox@01907546324b0330d2d8b7669648cc18823323e5/ru/002411	ru	0	такой вещи простой в хозяйстве не оказалось!
textdetox@01907546324b0330d2d8b7669648cc18823323e5/ru/002412	ru	0	факты предоставте.балясины вообще не интересуют ,а проблема с водообеспечением города - вот что на1 месте ,а с этой прблемой - глухо ,лечше бордюрчики и плиточку ( смываемою)
textdetox@01907546324b0330d2d8b7669648cc18823323e5/ru/002413	ru	0	аллилуйя аминь слава и хвала тебе бог обильных благословений вам всем
textdetox@01907546324b0330d2d8b7669648cc18823323e5/ru/002414	ru	0	вам всем счастья, детишкам большое, крепкое здоровье, родителям -терпенья огромного здоровья
textdetox@01907546324b0330d2d8b7669648cc18823323e5/ru/002415	ru	0	да, были люди в наше время - могучее, лихое племя!
textdetox@01907546324b0330d2d8b7669648cc18823323e5/ru/002416	ru	0	раз тебе надоел сын отдай лучше добрым людям.
textdetox@01907546324b0330d2d8b7669648cc18823323e5/ru/002417	ru	0	справа это сараи 75гг пелагея вот что-то делает я иду в дом кто ещё не помню
textdetox@01907546324b0330d2d8b7669648cc18823323e5/ru/002418	ru	0	добрый вечер , в какую цену куртка ?
textdetox@01907546324b0330d2d8b7669648cc18823323e5/ru/002419	ru	0	я знал этого исполнителя очень давно и слушаю его песни💝
textdetox@01907546324b0330d2d8b7669648cc18823323e5/ru/002420	ru	0	радоваться ведь тоже не всякий может !
textdetox@01907546324b0330d2d8b7669648cc18823323e5/ru/002421	ru	0	друзья мои верные, выручайте в трудном деле!
textdetox@01907546324b0330d2d8b7669648cc18823323e5/ru/002422	ru	0	для того чтобы задачу непростую выполнить нужна мне вещь редкая.
textdetox@01907546324b0330d2d8b7669648cc18823323e5/ru/002423	ru	0	а ты меня обижаешь просто так наверное удовольствие от этого получаешь
textdetox@01907546324b0330d2d8b7669648cc18823323e5/ru/002424	ru	0	если есть или когда будут напишите пожалуйста
textdetox@01907546324b0330d2d8b7669648cc18823323e5/ru/002425	ru	0	за 7 часов до окончания игры исчез набор!!
textdetox@01907546324b0330d2d8b7669648cc18823323e5/ru/002426	ru	0	кaтя ,прогрaмму получилa, просмотрелa мельком, очень понрaвилось вaше меню.
textdetox@01907546324b0330d2d8b7669648cc18823323e5/ru/002427	ru	0	побольше таких пугачевых, чтобы дети жили в достатке.
textdetox@01907546324b0330d2d8b7669648cc18823323e5/ru/002428	ru	0	в нашей стране не будет такого никогда, так как правительство всё делает против своего народа.
textdetox@01907546324b0330d2d8b7669648cc18823323e5/ru/002429	ru	0	девочки, подскажите пожалуйста куда можно хорошие вещи на совсем ляльку отдать до годика.
textdetox@01907546324b0330d2d8b7669648cc18823323e5/ru/002430	ru	0	потому, что знают, зачем явились эти граждане российские в беларусь.
textdetox@01907546324b0330d2d8b7669648cc18823323e5/ru/002431	ru	0	привет а вы надом приезжаете и сколько будет стоить насос на отжиме
textdetox@01907546324b0330d2d8b7669648cc18823323e5/ru/002432	ru	0	добрый день скажите цену на синтезатор
textdetox@01907546324b0330d2d8b7669648cc18823323e5/ru/002433	ru	0	завтрак: яйцо 1 шт, салат овощной с маслом (1ч ложка).
textdetox@01907546324b0330d2d8b7669648cc18823323e5/ru/002434	ru	0	пропорции тепловоза с пригородным поездом не верные.
textdetox@01907546324b0330d2d8b7669648cc18823323e5/ru/002435	ru	0	здравствуйте)))ваш сын служит в/ч6681 .в какой батальон попал ваш сынок?,мой во второй и 2 рота
textdetox@01907546324b0330d2d8b7669648cc18823323e5/ru/002436	ru	0	согласитесь, никакие яхты и дворцы не способны придать привлекательности и благородства этой братии - ни дать-ни взять - романтики с большой дороги.
textdetox@01907546324b0330d2d8b7669648cc18823323e5/ru/002437	ru	0	одним словом, форма полностью соответствует содержанию
textdetox@01907546324b0330d2d8b7669648cc18823323e5/ru/002438	ru	0	я в контакте видела,там и фотки есть,у нас садик красивее,ну или мне так кажется 😊
textdetox@01907546324b0330d2d8b7669648cc18823323e5/ru/002439	ru	0	счастья вам и благополучия, терпения и крепкого здоровья.
textdetox@01907546324b0330d2d8b7669648cc18823323e5/ru/002440	ru	0	спрашивается вопрос, а сколько этих самых долларов компенсации получит человек сидя на карантине.
textdetox@01907546324b0330d2d8b7669648cc18823323e5/ru/002441	ru	0	у них быть законопослушным выгодно, в первую очередь финансово
textdetox@01907546324b0330d2d8b7669648cc18823323e5/ru/002442	ru	0	другая страничка и не выходите с той страницы несколько лет.
textdetox@01907546324b0330d2d8b7669648cc18823323e5/ru/002443	ru	0	по вашему виду кому надо,тот и определит,не сомневайтесь.
textdetox@01907546324b0330d2d8b7669648cc18823323e5/ru/002444	ru	0	я в июне получала тоже в конце месяца а в июле 17 пришли
textdetox@01907546324b0330d2d8b7669648cc18823323e5/ru/002445	ru	0	вы хоть мозгами думаете ,когда берёте животных взять и вас кому отдать
textdetox@01907546324b0330d2d8b7669648cc18823323e5/ru/002446	ru	0	вы над нами, мы над вами, ну а мода между нами!
textdetox@01907546324b0330d2d8b7669648cc18823323e5/ru/002447	ru	0	будет как с пл победы- сделали а потом сильно пожалели все
textdetox@01907546324b0330d2d8b7669648cc18823323e5/ru/002448	ru	0	не хотят никак внимательно прочесть правила группы.
textdetox@01907546324b0330d2d8b7669648cc18823323e5/ru/002449	ru	0	ведь сразу в первом пункте написано..1 оскорбление и переход на личности участников группы и администрации, обсуждение действий администратора и модераторов, любые действия, порочащие престиж группы.
textdetox@01907546324b0330d2d8b7669648cc18823323e5/ru/002450	ru	0	да какая вам разница,но класс она всегда заслуживает,потому что она ребенок!!
textdetox@01907546324b0330d2d8b7669648cc18823323e5/ru/002451	ru	0	счастья вам, любви и долгой долгой совместной жизни, вы очень красивая пара❤️❤️❤️❤️❤️
textdetox@01907546324b0330d2d8b7669648cc18823323e5/ru/002452	ru	0	моя любимая книга а. линдгрен малыш и карлсон, который живёт на крыше
textdetox@01907546324b0330d2d8b7669648cc18823323e5/ru/002453	ru	0	я сама работала в детской библиотеке г.асбест свердловской области.
textdetox@01907546324b0330d2d8b7669648cc18823323e5/ru/002454	ru	0	остриков никита владимирович скоро (примерно через 2-3 недели)будет принимать пациентов в своей клинике по адресу г.минусинск кретова 16 б.
textdetox@01907546324b0330d2d8b7669648cc18823323e5/ru/002455	ru	0	как буд-то история ожила, и сейчас древние смоляне захороводить.... удивительное, мистическое фото.
textdetox@01907546324b0330d2d8b7669648cc18823323e5/ru/002456	ru	0	очень часто игра тормозит не раскрывается и это стало как обновили игру а так игра норм
textdetox@01907546324b0330d2d8b7669648cc18823323e5/ru/002457	ru	0	если перевести лицо на душу, она чем то меня напоминает 🤨🤪🤪🤪😅😅😃
textdetox@01907546324b0330d2d8b7669648cc18823323e5/ru/002458	ru	0	в онлайн банке пишут что перевод по этому номеру карты на какого то георгий валерьевивч г.
textdetox@01907546324b0330d2d8b7669648cc18823323e5/ru/002459	ru	0	либо в терапии, либо в реанимации позже.
textdetox@01907546324b0330d2d8b7669648cc18823323e5/ru/002460	ru	0	при поступлении, мы были с ней, взяли кровь и сделали рентген, всё!
textdetox@01907546324b0330d2d8b7669648cc18823323e5/ru/002461	ru	0	осенью 1991 года доллар стоил чуть больше 40 рублей.
textdetox@01907546324b0330d2d8b7669648cc18823323e5/ru/002462	ru	0	замечательные картины, нельзя глаз оторвать.
textdetox@01907546324b0330d2d8b7669648cc18823323e5/ru/002463	ru	0	вот именно, что одна треть населения эти деньги пустили совсем в другое русло.
textdetox@01907546324b0330d2d8b7669648cc18823323e5/ru/002464	ru	0	да конечно, 3кор,8эт, 36кв, к 11 удобно будет подойти?
textdetox@01907546324b0330d2d8b7669648cc18823323e5/ru/002465	ru	0	да,сама с этим столкнулась-шить самой себе платье плохая примета
textdetox@01907546324b0330d2d8b7669648cc18823323e5/ru/002466	ru	0	я пенсионерка, что заработала, то и получаю, а детей без всяких выплат ростили
textdetox@01907546324b0330d2d8b7669648cc18823323e5/ru/002467	ru	0	позвонили сказали что 8числа будит известно вам позвонят говорят
textdetox@01907546324b0330d2d8b7669648cc18823323e5/ru/002468	ru	0	ведь живет человечество до тех пор, пока помнят и уважают предков истаршее поколение !
textdetox@01907546324b0330d2d8b7669648cc18823323e5/ru/002469	ru	0	чтобы на велосипеде кататься или на доске,детям наверное нравится
textdetox@01907546324b0330d2d8b7669648cc18823323e5/ru/002470	ru	0	хоть раз в жизни окунуться в такое блаженство
textdetox@01907546324b0330d2d8b7669648cc18823323e5/ru/002471	ru	0	отмыли, обработали от блох и глистов, поставили прививку.
textdetox@01907546324b0330d2d8b7669648cc18823323e5/ru/002472	ru	0	возраст 2-2,5 мес., кушает сухой и влажный корм, ходит строго в лоточек(древесный наполнитель).
textdetox@01907546324b0330d2d8b7669648cc18823323e5/ru/002473	ru	0	мишутка очень нежный котёнок, любит ласку, смышленый и активный , находится на передержке.
textdetox@01907546324b0330d2d8b7669648cc18823323e5/ru/002474	ru	0	в добрые, любящие ручки, строго под кастрацию по достижению возраста (поможем).
textdetox@01907546324b0330d2d8b7669648cc18823323e5/ru/002475	ru	0	мои искренние соболезнования, всем родным и близким амалии .
textdetox@01907546324b0330d2d8b7669648cc18823323e5/ru/002476	ru	0	кастрюли с тонкого металла,они лёгкие или тяжёлые?
textdetox@01907546324b0330d2d8b7669648cc18823323e5/ru/002477	ru	0	ни одной лишней строчки, ни одного ненужного описания.
textdetox@01907546324b0330d2d8b7669648cc18823323e5/ru/002478	ru	0	оао ржд впереди планеты всей в этом плане
textdetox@01907546324b0330d2d8b7669648cc18823323e5/ru/002479	ru	0	самое главное - жива, здорова, остальное неважно, особенно для нас, наблюдающих со стороны.
textdetox@01907546324b0330d2d8b7669648cc18823323e5/ru/002480	ru	0	парикмахер универсал, покраска/коррекция бровей, прически/укладки на любое торжество, плетение кос любой сложности.
textdetox@01907546324b0330d2d8b7669648cc18823323e5/ru/002481	ru	0	ай да красавец ,какие хорошие слова,бальзам на душу!200 баллов!!
textdetox@01907546324b0330d2d8b7669648cc18823323e5/ru/002482	ru	0	от копейки на шестёрку может не подойти, из за верхнего бочка!
textdetox@01907546324b0330d2d8b7669648cc18823323e5/ru/002483	ru	0	в статье по ссылке оговорено, что драка не массовая.
textdetox@01907546324b0330d2d8b7669648cc18823323e5/ru/002484	ru	0	ну в контакте смотрю пишут что кому то начали скидывать
textdetox@01907546324b0330d2d8b7669648cc18823323e5/ru/002485	ru	0	нужны модели для портфолио, аппаратный маникюр, укрепление гелем, коррекция, гель лак 89614145103
textdetox@01907546324b0330d2d8b7669648cc18823323e5/ru/002486	ru	0	1.6. за 4 года эксплуатации было много сделано: капиталка двигателя (полная) на 130тыс., перебрата ходовка (стойки по кругу, рулевая и т.д.)
textdetox@01907546324b0330d2d8b7669648cc18823323e5/ru/002487	ru	0	из минусов это кузов: сколы и также есть небольшие вмятины на фото видно.
textdetox@01907546324b0330d2d8b7669648cc18823323e5/ru/002488	ru	0	если сам устраню все недочёты, то торг не уместен, а так на ремонт скину.
textdetox@01907546324b0330d2d8b7669648cc18823323e5/ru/002489	ru	0	по документам машина чистая, оформлена на меня.
textdetox@01907546324b0330d2d8b7669648cc18823323e5/ru/002490	ru	0	простите, возможно опечатка в последнем предложении: зло всегда (порождает, рождает) зло.
textdetox@01907546324b0330d2d8b7669648cc18823323e5/ru/002491	ru	0	сколько стоит стиль синие тонкие?
textdetox@01907546324b0330d2d8b7669648cc18823323e5/ru/002492	ru	0	ты сначала прочти о чём речь, а затем пиши свои комментарии
textdetox@01907546324b0330d2d8b7669648cc18823323e5/ru/002493	ru	0	за преднамеренное убийство сидеть не хочет , вот и придумал что прохожая
textdetox@01907546324b0330d2d8b7669648cc18823323e5/ru/002494	ru	0	моя чара сегодня вернулась домой мне даже не верится с февраля по август такая вот радость в день любви
textdetox@01907546324b0330d2d8b7669648cc18823323e5/ru/002495	ru	0	навряд ли этому мальчику нужны какие-то классы!
textdetox@01907546324b0330d2d8b7669648cc18823323e5/ru/002496	ru	0	красота божья,это наверное прекрасная россия а может быть наш прекрасный казакстан
textdetox@01907546324b0330d2d8b7669648cc18823323e5/ru/002497	ru	0	и клематисы прелесть... у меня бордового нема, а синеватый и белый посадила в прошлом году - приживаются !
textdetox@01907546324b0330d2d8b7669648cc18823323e5/ru/002498	ru	0	я у одного ангела (стоял на лоджии) тлю месяц выводила !
textdetox@01907546324b0330d2d8b7669648cc18823323e5/ru/002499	ru	0	зато уж он меня отблагодарил шикарным цветением !
textdetox@01907546324b0330d2d8b7669648cc18823323e5/ru/002500	ru	1	просто петух чванливый, взял наших пацанов в заложники и торгуется.
textdetox@01907546324b0330d2d8b7669648cc18823323e5/ru/002501	ru	1	бедьненький,давайте скинемся,а то сдохнет мразь!
textdetox@01907546324b0330d2d8b7669648cc18823323e5/ru/002502	ru	1	пиздеж, не его слова оно чмо
textdetox@01907546324b0330d2d8b7669648cc18823323e5/ru/002503	ru	1	сука, чтобы ты горел в адуу
textdetox@01907546324b0330d2d8b7669648cc18823323e5/ru/002504	ru	1	как этого хуеплета вообще со стадиона выпустили.
textdetox@01907546324b0330d2d8b7669648cc18823323e5/ru/002505	ru	1	козёл он и в полиции козёл
textdetox@01907546324b0330d2d8b7669648cc18823323e5/ru/002506	ru	1	зерно разворовали, а хлеб есть, понавыписывали себе премий миллионы , а пенсию платят исправно... а при парашенки всё было заебись только у меня с женой спиздили 5 !
textdetox@01907546324b0330d2d8b7669648cc18823323e5/ru/002507	ru	1	чтоб у него на лбу хер вырос
textdetox@01907546324b0330d2d8b7669648cc18823323e5/ru/002508	ru	1	таких уродов и засранцев надо штрафовать и ощутимо.
textdetox@01907546324b0330d2d8b7669648cc18823323e5/ru/002509	ru	1	да он и без сабли,страшный,бля....
textdetox@01907546324b0330d2d8b7669648cc18823323e5/ru/002510	ru	1	кто тебе дебилу сказал, что с чмом я буду общаться?
textdetox@01907546324b0330d2d8b7669648cc18823323e5/ru/002511	ru	1	уебок, ты живешь за мой счет.
textdetox@01907546324b0330d2d8b7669648cc18823323e5/ru/002512	ru	1	ты для меня шваль ебаная и поэтому,оскорбить ты можешь,только свою конченную мать
textdetox@01907546324b0330d2d8b7669648cc18823323e5/ru/002513	ru	1	а нехер дома сидеть как клуша.
textdetox@01907546324b0330d2d8b7669648cc18823323e5/ru/002514	ru	1	бояринном скоро пиздец:-d﻿:-d﻿:-d﻿:-d﻿
textdetox@01907546324b0330d2d8b7669648cc18823323e5/ru/002515	ru	1	многовато дебилов расплодилось при этом режиме.
textdetox@01907546324b0330d2d8b7669648cc18823323e5/ru/002516	ru	1	а ты трус ёбаный , раз пишешь тут такое .
textdetox@01907546324b0330d2d8b7669648cc18823323e5/ru/002517	ru	1	а здесь нехуй трепаться из кустов .
textdetox@01907546324b0330d2d8b7669648cc18823323e5/ru/002518	ru	1	сегодня такая же йобнутая в районе 19.30 по посёлку романово пронеслась на бнв со скоростью пизданутой занозы.
textdetox@01907546324b0330d2d8b7669648cc18823323e5/ru/002519	ru	1	я может и блядь но дура ты
textdetox@01907546324b0330d2d8b7669648cc18823323e5/ru/002520	ru	1	за рулём пизда, это не езда
textdetox@01907546324b0330d2d8b7669648cc18823323e5/ru/002521	ru	1	сертификат долбоеба настоящим подтверждается что ты безоговорочно являешься натураьным стопроцентным подлинным долбоебом подпись врача веа
textdetox@01907546324b0330d2d8b7669648cc18823323e5/ru/002522	ru	1	что за пидорская картинка .пархоменко ты не перепутал ничего
textdetox@01907546324b0330d2d8b7669648cc18823323e5/ru/002523	ru	1	вот это рожа, не рожа а ебло харя баба яга отдыхает ,рядом с тобой ok.ru/profile/561398018477/album/527120160429/901121516717 https://i.mycdn.me/i?r=ayh4irpq2q0otwifepml2lxrkquol4rpp7r1jv0row2fqw
textdetox@01907546324b0330d2d8b7669648cc18823323e5/ru/002524	ru	1	этот лозунг засунуть бы в жопу кто это написал..идиоты!
textdetox@01907546324b0330d2d8b7669648cc18823323e5/ru/002525	ru	1	таких далбаебов с детства воспитывать надо потом этой же мамочки на голову сядет
textdetox@01907546324b0330d2d8b7669648cc18823323e5/ru/002526	ru	1	ни чего хорошего ваша пиздарванка не напишет...ей нужны те, кто её поддержит, а кто против - она их с говном смешает....копия томка...
textdetox@01907546324b0330d2d8b7669648cc18823323e5/ru/002527	ru	1	возле какого там 10 августа так что х**** несёшь ты где блять это прочитала дура е*****
textdetox@01907546324b0330d2d8b7669648cc18823323e5/ru/002528	ru	1	этот =дождь=, самый обычный госдеповский триперный русофобский пропагандон-бордель, а эти два арестованных два кента блядь и хуета, мелкие пропаганд-мандавошки из этого госдеповского пропагандон-гадюшника....!!
textdetox@01907546324b0330d2d8b7669648cc18823323e5/ru/002529	ru	1	старая ты тупая кляча азарихшвайн стань лучше дубу башкой к как я и стукнись
textdetox@01907546324b0330d2d8b7669648cc18823323e5/ru/002530	ru	1	потому что ты идиот, посчитал курс и все... а вся суть в том, что в то время был железный занавес, противостояние держав.
textdetox@01907546324b0330d2d8b7669648cc18823323e5/ru/002531	ru	1	пиздос...не не пиздос...пиздосищеееее😁ну и пиздочесище тошь😆😆
textdetox@01907546324b0330d2d8b7669648cc18823323e5/ru/002532	ru	1	мало того , все что ты любишь жрать, пидоры делали.
textdetox@01907546324b0330d2d8b7669648cc18823323e5/ru/002533	ru	1	ты больной 😷, кого строишь из себя никчёмный человечек??
textdetox@01907546324b0330d2d8b7669648cc18823323e5/ru/002534	ru	1	не верьте пида*расам которые это утверждают !
textdetox@01907546324b0330d2d8b7669648cc18823323e5/ru/002535	ru	1	сейчас шавки путенские начнут тявкать на мой коментарий !
textdetox@01907546324b0330d2d8b7669648cc18823323e5/ru/002536	ru	1	оно ему блядь надо, не ставьте класс, админ, сука, бабло рубит, тварь
textdetox@01907546324b0330d2d8b7669648cc18823323e5/ru/002537	ru	1	ты шнекель--- иди в жопель.
textdetox@01907546324b0330d2d8b7669648cc18823323e5/ru/002538	ru	1	в глазах чужого государства они конечно красавцы!пидорасы кто россиянам поможет?
textdetox@01907546324b0330d2d8b7669648cc18823323e5/ru/002539	ru	1	жиробасина жопоротая, ты сначала найди свой хуй в смальце, кусок сала протухлого.
textdetox@01907546324b0330d2d8b7669648cc18823323e5/ru/002540	ru	1	у нас в марселе ебануло сожгли конюшни в 8 местах, пидарасы😡
textdetox@01907546324b0330d2d8b7669648cc18823323e5/ru/002541	ru	1	такие придурки в своё время и ельцина поддержали и своей поддержкой союз развалили.
textdetox@01907546324b0330d2d8b7669648cc18823323e5/ru/002542	ru	1	долбоёбы сегодня уже 18 августа...
textdetox@01907546324b0330d2d8b7669648cc18823323e5/ru/002543	ru	1	чьмо ебаная ты спортом когда нибудь занемался
textdetox@01907546324b0330d2d8b7669648cc18823323e5/ru/002544	ru	1	только и могут бла бла бла одним словом пиздеть умеет каждый а что конкретно сделал этот старый пердун?
textdetox@01907546324b0330d2d8b7669648cc18823323e5/ru/002545	ru	1	либо тупой, либо мразь какой позор его детям!!
textdetox@01907546324b0330d2d8b7669648cc18823323e5/ru/002546	ru	1	это щяс так он пиздит.до власти добираются,другие люди становятся.уроды
textdetox@01907546324b0330d2d8b7669648cc18823323e5/ru/002547	ru	1	выблядок,а родители родившие и воспитавшие это сучье отродье без стыда и совести,такое же отребье как и их отпрыск.
textdetox@01907546324b0330d2d8b7669648cc18823323e5/ru/002548	ru	1	ну ты пидораст по- жизни, смелый в инете?
textdetox@01907546324b0330d2d8b7669648cc18823323e5/ru/002549	ru	1	тебя даже ебать никто не захочет!
textdetox@01907546324b0330d2d8b7669648cc18823323e5/ru/002550	ru	1	и таких блядей и в думе и в правительстве до фига
textdetox@01907546324b0330d2d8b7669648cc18823323e5/ru/002551	ru	1	до коли мы будем терпеть эту шваль, нас не считают за людей!
textdetox@01907546324b0330d2d8b7669648cc18823323e5/ru/002552	ru	1	до писты твои высеры сруся тупая:-d :-d :-d
textdetox@01907546324b0330d2d8b7669648cc18823323e5/ru/002553	ru	1	да- не тех людей пидорасами назвали
textdetox@01907546324b0330d2d8b7669648cc18823323e5/ru/002554	ru	1	на колыму дороги строить сталин быстро бы его определил мордоворот морда шире жопы
textdetox@01907546324b0330d2d8b7669648cc18823323e5/ru/002555	ru	1	ага ..так ноябрь был в прошлом году ..тогда лидка и продала дачу лоханулась ..как пиздит она села в лужу и смылась старая аффца
textdetox@01907546324b0330d2d8b7669648cc18823323e5/ru/002556	ru	1	а тебе завидно ебанушька не всем как ты грузчиками ебашить чмо
textdetox@01907546324b0330d2d8b7669648cc18823323e5/ru/002557	ru	1	мне он и другим - нахрен не нужен.
textdetox@01907546324b0330d2d8b7669648cc18823323e5/ru/002558	ru	1	и вобще батька бооольшой козел,наверное холяцкая порода,дружит только за печеньки.за печеньки мать родную нуланд прододут.
textdetox@01907546324b0330d2d8b7669648cc18823323e5/ru/002559	ru	1	ты что пидор на таких людях классы зарабатываешь?
textdetox@01907546324b0330d2d8b7669648cc18823323e5/ru/002560	ru	1	наживаешься что за воспитание у тебя ублюдок!
textdetox@01907546324b0330d2d8b7669648cc18823323e5/ru/002561	ru	1	бедолаги... как же мне их жаль ... уродов...
textdetox@01907546324b0330d2d8b7669648cc18823323e5/ru/002562	ru	1	ты пидор обосрался, иди на х петух западный опущеный
textdetox@01907546324b0330d2d8b7669648cc18823323e5/ru/002563	ru	1	заебала выставлятся , уже детям по 30 лет .
textdetox@01907546324b0330d2d8b7669648cc18823323e5/ru/002564	ru	1	и думаю, что моё не бритое (ебало) как вы изволили выразиться, здесь вовсе не при чём.
textdetox@01907546324b0330d2d8b7669648cc18823323e5/ru/002565	ru	1	ведь согласитесь (трахать и трахаться) это не много разные понятия.
textdetox@01907546324b0330d2d8b7669648cc18823323e5/ru/002566	ru	1	ну не всех еще дебилов война поубивала!
textdetox@01907546324b0330d2d8b7669648cc18823323e5/ru/002567	ru	1	как , они заебли сука когда же нажрутся падлы блять.
textdetox@01907546324b0330d2d8b7669648cc18823323e5/ru/002568	ru	1	шо тогда блядь или пидор прячешься под ником?
textdetox@01907546324b0330d2d8b7669648cc18823323e5/ru/002569	ru	1	этот гандон меченый предал россию со всеми потрохами а остальное пропил ельцын
textdetox@01907546324b0330d2d8b7669648cc18823323e5/ru/002570	ru	1	лано, хуесос, ты пока поисходи тут на говно, а я пойу полезно что-то сделаю.
textdetox@01907546324b0330d2d8b7669648cc18823323e5/ru/002571	ru	1	автор видео ты самый конченый пидор и друг твой такой же!!
textdetox@01907546324b0330d2d8b7669648cc18823323e5/ru/002572	ru	1	этой пучке давно пора закрыть поганый рот.
textdetox@01907546324b0330d2d8b7669648cc18823323e5/ru/002573	ru	1	педрила все про жопы, да про жопы, ахаха.
textdetox@01907546324b0330d2d8b7669648cc18823323e5/ru/002574	ru	1	и это только начало пиздеца, дальше больше.
textdetox@01907546324b0330d2d8b7669648cc18823323e5/ru/002575	ru	1	сама ты дура просто бесит как подобия тебя врут а люди незнающие верят!я их не жду, для меня 10тыс не деньги.
textdetox@01907546324b0330d2d8b7669648cc18823323e5/ru/002576	ru	1	это что к чему и почему жопа узбекская что ли врзле которой ты находишся
textdetox@01907546324b0330d2d8b7669648cc18823323e5/ru/002577	ru	1	твари , подонки и недоноски , они уроды забыли , что минск они сами упрашивали , боялись суки , что киеву и жидобандеровской мраз пипец !
textdetox@01907546324b0330d2d8b7669648cc18823323e5/ru/002578	ru	1	а теперь уроды мы не признаем статус .
textdetox@01907546324b0330d2d8b7669648cc18823323e5/ru/002579	ru	1	да вы ублюдки ещё раз дернетесь и тогда вас недоносков уже не кто не спасёт , не минск , не вашингтон , ни бабка с клоуном впридачу ... .
textdetox@01907546324b0330d2d8b7669648cc18823323e5/ru/002580	ru	1	:d :d :d да такая овца как волочкова не способна на это, страм и позор россии отвратительная особа, если вникнуть в её суть, о чём она говорит благодетельница хренова
textdetox@01907546324b0330d2d8b7669648cc18823323e5/ru/002581	ru	1	федя придурок точно, историю воооще не знает
textdetox@01907546324b0330d2d8b7669648cc18823323e5/ru/002582	ru	1	что родственничка ебанутого выгораживаешь, так знай , что тебе это когда-то аукнется и в вензили тебя надо поместить к самым буйным, чтобы овощем ходила и дэбмльных мыслей больше не возникало!
textdetox@01907546324b0330d2d8b7669648cc18823323e5/ru/002583	ru	1	им нужен сусанин,чтобы завел их в тайгу где эти уроды сдохнут.
textdetox@01907546324b0330d2d8b7669648cc18823323e5/ru/002584	ru	1	ты чего это далбонутого долбонутым обзываеш.
textdetox@01907546324b0330d2d8b7669648cc18823323e5/ru/002585	ru	1	еб тэ бабуин отдыхает от внешнестью от этой кобылы с бараньей рожей
textdetox@01907546324b0330d2d8b7669648cc18823323e5/ru/002586	ru	1	мы простые коммунисты не воровали и не хотим воровать и не хотим чтобы воровали хули вы нам то говорите уёбки тупорылые!
textdetox@01907546324b0330d2d8b7669648cc18823323e5/ru/002587	ru	1	зато ваши единороссы честные охренеть можно .
textdetox@01907546324b0330d2d8b7669648cc18823323e5/ru/002588	ru	1	так, что рыло своё закройте вы либо ссыкуны либо при власти пасётесь дебилы!
textdetox@01907546324b0330d2d8b7669648cc18823323e5/ru/002589	ru	1	потому что он не русский , у него есть родина это израиль и привык только грабить народ и воровать ... он чубайчонок - ублюдок .
textdetox@01907546324b0330d2d8b7669648cc18823323e5/ru/002590	ru	1	а как начинала розовая шлюшка, прям такие тексты бля, а скатилась до откровенной тупости, подтверждая наличие половины полусгнившей извилины )))))))))))))))))))))))))))))))))
textdetox@01907546324b0330d2d8b7669648cc18823323e5/ru/002591	ru	1	вы все блять торопитесь, а нормальные люди из за вас стоят, потому что вы как крысы в лазете потом
textdetox@01907546324b0330d2d8b7669648cc18823323e5/ru/002592	ru	1	да это ж ублюдок и мразь!
textdetox@01907546324b0330d2d8b7669648cc18823323e5/ru/002593	ru	1	тошнит и рвать тянет только при виде этой мерзопакостной рожи, хари!
textdetox@01907546324b0330d2d8b7669648cc18823323e5/ru/002594	ru	1	это,что,живой собаке глаза прищепкой,ради прикола?а себе пробовали?это самое больное место ,веки.вот уроды.ужас!
textdetox@01907546324b0330d2d8b7669648cc18823323e5/ru/002595	ru	1	дети должны учиться а ни как выше стоящ е валять и к стенке приставлять стыдно страна дураков
textdetox@01907546324b0330d2d8b7669648cc18823323e5/ru/002596	ru	1	дебил позор всей полиции а начальнику в первую очередь и как таких земля держит на этом свете
textdetox@01907546324b0330d2d8b7669648cc18823323e5/ru/002597	ru	1	твари, это не значит что все получают 35000рублей,в будущем наверно последний хрен без соли будем доедать, эта власть ведёт в никуда.
textdetox@01907546324b0330d2d8b7669648cc18823323e5/ru/002598	ru	1	а что голосовать упыри сделали наживу на здоровье .умереть тоже платно.. врачей клятва гипократна неустраивает..деньги..деньги..а вот это их устраивает.пподажные...👎👎👎
textdetox@01907546324b0330d2d8b7669648cc18823323e5/ru/002599	ru	1	ты тоже пизда бол ты не реал
textdetox@01907546324b0330d2d8b7669648cc18823323e5/ru/002600	ru	1	да и хуюшки, есть такое понятие среди мужчины и женщины.
textdetox@01907546324b0330d2d8b7669648cc18823323e5/ru/002601	ru	1	ублюдок у которого шифер поехал и к сожалению таких все больше и больше становится .
textdetox@01907546324b0330d2d8b7669648cc18823323e5/ru/002602	ru	1	а импотент хуев, сам не можешь и других настораживаешь!
textdetox@01907546324b0330d2d8b7669648cc18823323e5/ru/002603	ru	1	хам и урод больше нечего сказать.
textdetox@01907546324b0330d2d8b7669648cc18823323e5/ru/002604	ru	1	а у мну вот чё есть 🙈девочки на днюху подарили мне сучки 🙈(fr)
textdetox@01907546324b0330d2d8b7669648cc18823323e5/ru/002605	ru	1	ты хуйло сам ты где спиздил деньги и сьебался,а как же куля в лоп пиздабол
textdetox@01907546324b0330d2d8b7669648cc18823323e5/ru/002606	ru	1	хоть и пидор а мыслит верно
textdetox@01907546324b0330d2d8b7669648cc18823323e5/ru/002607	ru	1	ты пидор, вот это ты ушлёпок запомни точно!
textdetox@01907546324b0330d2d8b7669648cc18823323e5/ru/002608	ru	1	запарили уже уроды опять не грузится не чего на какой хер такая говно игра закрыли бы тогда да и всё чего нервы людям трепать
textdetox@01907546324b0330d2d8b7669648cc18823323e5/ru/002609	ru	1	за русов и народы других национальностей в этой стране забыли, сделали все возможное, чтобы доказать, что мыжиды самые-самые, а вы борохло, гои,- слуги и рабы, стадо для иудеев.
textdetox@01907546324b0330d2d8b7669648cc18823323e5/ru/002610	ru	1	хватит лаять - не собаки же, чё пендосам подрожать ?
textdetox@01907546324b0330d2d8b7669648cc18823323e5/ru/002611	ru	1	я смотрю мужиков то за 28 лет проебали точно.
textdetox@01907546324b0330d2d8b7669648cc18823323e5/ru/002612	ru	1	главное чумоданы(не чемоданы) они собрали на блядки.
textdetox@01907546324b0330d2d8b7669648cc18823323e5/ru/002613	ru	1	вы дауны всегда лопается возле шва
textdetox@01907546324b0330d2d8b7669648cc18823323e5/ru/002614	ru	1	далбаеб ты кур остынь пожалста ну тебя на хуй ты нацист тупорылый🐔
textdetox@01907546324b0330d2d8b7669648cc18823323e5/ru/002615	ru	1	из какого дерьма ты вылезла хуесоска??
textdetox@01907546324b0330d2d8b7669648cc18823323e5/ru/002616	ru	1	бросай колоться и очки пидор купи
textdetox@01907546324b0330d2d8b7669648cc18823323e5/ru/002617	ru	1	хотелось бы на твоё ебло глянуть.
textdetox@01907546324b0330d2d8b7669648cc18823323e5/ru/002618	ru	1	и разве это человек?- это тварь самая натуральная.
textdetox@01907546324b0330d2d8b7669648cc18823323e5/ru/002619	ru	1	чёж блядь, не в полночь свиснут????
textdetox@01907546324b0330d2d8b7669648cc18823323e5/ru/002620	ru	1	я в шоке неужели вот эта прости господи пизда не чувствует что у неё разрез по самую не хочу
textdetox@01907546324b0330d2d8b7669648cc18823323e5/ru/002621	ru	1	потому что те кто гоняет шайбу жополизы ебаные!!!
textdetox@01907546324b0330d2d8b7669648cc18823323e5/ru/002622	ru	1	ебалу посмотрите как у бегумота ей богу
textdetox@01907546324b0330d2d8b7669648cc18823323e5/ru/002623	ru	1	отлично, если в машине скорой действительно больной, а пидар какой нибудь в виде депутата.
textdetox@01907546324b0330d2d8b7669648cc18823323e5/ru/002624	ru	1	пидор блядь всем привет из российского крыма
textdetox@01907546324b0330d2d8b7669648cc18823323e5/ru/002625	ru	1	ты, мразь, к сожалению уже папа, забыл???
textdetox@01907546324b0330d2d8b7669648cc18823323e5/ru/002626	ru	1	в августе, долбоебы отмороженые ,всех собрали.
textdetox@01907546324b0330d2d8b7669648cc18823323e5/ru/002627	ru	1	как нелюди себя ведут((( убить мать своих детей!!!!
textdetox@01907546324b0330d2d8b7669648cc18823323e5/ru/002628	ru	1	только мать даст любовь детям, он отнял маму у детей(((( урод эгоистичный!!!!
textdetox@01907546324b0330d2d8b7669648cc18823323e5/ru/002629	ru	1	народ это просто пиздец какой то,суворов нервно курит.
textdetox@01907546324b0330d2d8b7669648cc18823323e5/ru/002630	ru	1	какой мудак старое кино переименновывает постоянно
textdetox@01907546324b0330d2d8b7669648cc18823323e5/ru/002631	ru	1	юра ефремов подонок и негодяй к тому же подлейшая трусливая мразь это видят все нормальные люди
textdetox@01907546324b0330d2d8b7669648cc18823323e5/ru/002632	ru	1	герой буданов а кержаков хуй.о с миллионами зарплаты!!!!
textdetox@01907546324b0330d2d8b7669648cc18823323e5/ru/002633	ru	1	пидорасов омоновцев на место поставить и байструка циганского сколько можно издеваться столько лет ..... уходи!
textdetox@01907546324b0330d2d8b7669648cc18823323e5/ru/002634	ru	1	сейчас фаны, сброд алкоголиков и долбоебов.
textdetox@01907546324b0330d2d8b7669648cc18823323e5/ru/002635	ru	1	чего только не придумают.. идиоты.. того придурка рожу повесить, кто выдумал.. чего все её обсирают.. пусть живёт как хочет.
textdetox@01907546324b0330d2d8b7669648cc18823323e5/ru/002636	ru	1	твари они последние, пришли бомбить и нажиться.
textdetox@01907546324b0330d2d8b7669648cc18823323e5/ru/002637	ru	1	а ведь сколько денег смогли бы отдать кубе африке ирак с ираном - а так пидарасы все растянули
textdetox@01907546324b0330d2d8b7669648cc18823323e5/ru/002638	ru	1	ты написал, что орда владела русью, а теперь виляешь жопой как дешевая проститутка, мол, платила дань.
textdetox@01907546324b0330d2d8b7669648cc18823323e5/ru/002639	ru	1	но нацистским мразям хоть ссы в глаза - все божья роса
textdetox@01907546324b0330d2d8b7669648cc18823323e5/ru/002640	ru	1	вот вы проститутки и пидаразы не боитесь когда придёт к вам афелия?
textdetox@01907546324b0330d2d8b7669648cc18823323e5/ru/002641	ru	1	не народ быдло суки а весь вашь змеиный клубок!
textdetox@01907546324b0330d2d8b7669648cc18823323e5/ru/002642	ru	1	она засовывала таких как ты выкидыш отсосок
textdetox@01907546324b0330d2d8b7669648cc18823323e5/ru/002643	ru	1	аж противно читать ибанутые людишки кто такое пишет а ничего что есть сорт томата такой крупный
textdetox@01907546324b0330d2d8b7669648cc18823323e5/ru/002644	ru	1	кто голосует за афганскую борзую ,вы ебанулись чтоль,пройдите в себе,знатоки породы,бляяяя
textdetox@01907546324b0330d2d8b7669648cc18823323e5/ru/002645	ru	1	выродок,его на том свете накажут,а на этом его выблядков.
textdetox@01907546324b0330d2d8b7669648cc18823323e5/ru/002646	ru	1	а кто тебе пидору тролю сказал что тут коммунисты;) :d :d :d :d 👎
textdetox@01907546324b0330d2d8b7669648cc18823323e5/ru/002647	ru	1	вон его за забор и не кормить трибуха срозу спатет будет как шолковый лодорь бля пазорит тока нас
textdetox@01907546324b0330d2d8b7669648cc18823323e5/ru/002648	ru	1	сука его привязать и оставить ,кто это сделал.
textdetox@01907546324b0330d2d8b7669648cc18823323e5/ru/002649	ru	1	да, не всех дибилов война убила !
textdetox@01907546324b0330d2d8b7669648cc18823323e5/ru/002650	ru	1	видно что ты долбаёб конченый пидор
textdetox@01907546324b0330d2d8b7669648cc18823323e5/ru/002651	ru	1	дурак что ещё сказать... и вы гордитесь советским образованием... умник учи мат часть потом чушь пиши.
textdetox@01907546324b0330d2d8b7669648cc18823323e5/ru/002652	ru	1	а ответ же прост: потому что ты дурак.
textdetox@01907546324b0330d2d8b7669648cc18823323e5/ru/002653	ru	1	на хуй они нужны лабухи московские
textdetox@01907546324b0330d2d8b7669648cc18823323e5/ru/002654	ru	1	нет слов, чтоб выразить свое презрение к этому ублюдку.
textdetox@01907546324b0330d2d8b7669648cc18823323e5/ru/002655	ru	1	вот именно там и родился этот выблядок, пытающийся воплотить в жизнь планы его папы- выблядка третьего рейха... гнать их, сук... ещё и в образование своё фашистское мокало суёт
textdetox@01907546324b0330d2d8b7669648cc18823323e5/ru/002656	ru	1	повезло белой легковушке что этот еблан в нее не влетел
textdetox@01907546324b0330d2d8b7669648cc18823323e5/ru/002657	ru	1	просто нет слов на этих пидорасов.
textdetox@01907546324b0330d2d8b7669648cc18823323e5/ru/002658	ru	1	они такие же как менты сука цыркачи и ещ е телефоне красуются
textdetox@01907546324b0330d2d8b7669648cc18823323e5/ru/002659	ru	1	хоть пидарасы с европы и америки вздрагивают от этого имени и это очень радует !
textdetox@01907546324b0330d2d8b7669648cc18823323e5/ru/002660	ru	1	ахахахахахахахахах пи3дец заржал во весь голос, батя пришел говорит xули ты ржёшь?!
textdetox@01907546324b0330d2d8b7669648cc18823323e5/ru/002661	ru	1	показал ему он пи3дец еще громче меня, давай кататься по полу, дед спустился говорит че за хуйhя?
textdetox@01907546324b0330d2d8b7669648cc18823323e5/ru/002662	ru	1	почитал и пи3дец давай ржать тоже,мама почитала так засмеялась аж дедовым ружьем в собаку начала стрелять от угара!
textdetox@01907546324b0330d2d8b7669648cc18823323e5/ru/002663	ru	1	я бляtь в скайпe петросяну позвонил, тот увидел, так cyка угорал что аплодируя ладони себе hахуй поломал!
textdetox@01907546324b0330d2d8b7669648cc18823323e5/ru/002664	ru	1	козлы,твари тупорылые,всю игру сломали.с каждым разом всё жопа и жопа,и всё жопее...народ,играйте в битву за острова,там косяков меньше,но намного интереснее...
textdetox@01907546324b0330d2d8b7669648cc18823323e5/ru/002665	ru	1	сученыш на русских пасть не развивай!!!
textdetox@01907546324b0330d2d8b7669648cc18823323e5/ru/002666	ru	1	пидормоты.на кол сук надо сожать.чтоб другим неповадно было
textdetox@01907546324b0330d2d8b7669648cc18823323e5/ru/002667	ru	1	и не пидорам пропиндосским в это лезть...
textdetox@01907546324b0330d2d8b7669648cc18823323e5/ru/002668	ru	1	сколько вам платят ушлёпки епаные что вы очко ему лижите
textdetox@01907546324b0330d2d8b7669648cc18823323e5/ru/002669	ru	1	ну полный пизд....., совсем ебанул....баба🙄
textdetox@01907546324b0330d2d8b7669648cc18823323e5/ru/002670	ru	1	хуйня между ног,у мужиков, безмозглая))))))))
textdetox@01907546324b0330d2d8b7669648cc18823323e5/ru/002671	ru	1	лопай-лопай,пока не сравняешт морду а жопой.сука.
textdetox@01907546324b0330d2d8b7669648cc18823323e5/ru/002672	ru	1	вот и хотят нас вакцинировать, чтобы скорее передохли люди.
textdetox@01907546324b0330d2d8b7669648cc18823323e5/ru/002673	ru	1	да заебли уже со своими сранделями, а то,, станочек,, как будто нечем больше похвастатся.
textdetox@01907546324b0330d2d8b7669648cc18823323e5/ru/002674	ru	1	станок станком, а сама дура дурой окажется и ебло как у квазимоды
textdetox@01907546324b0330d2d8b7669648cc18823323e5/ru/002675	ru	1	повторяю тябэ, бандеровец, в очередной раз - твои высеры уже не представляют исторической ценности !
textdetox@01907546324b0330d2d8b7669648cc18823323e5/ru/002676	ru	1	пиздобол, сказки детям рассказывай про законопослушных белорусских водителей!
textdetox@01907546324b0330d2d8b7669648cc18823323e5/ru/002677	ru	1	не дибилы, а дебилы; не очеровашка, а очаровашка.
textdetox@01907546324b0330d2d8b7669648cc18823323e5/ru/002678	ru	1	юебище лесное терпеть не могу эту породу срамота тьфу
textdetox@01907546324b0330d2d8b7669648cc18823323e5/ru/002679	ru	1	девочка при исполнении( на работе) а мужик , скорее мудак дратся лезет .
textdetox@01907546324b0330d2d8b7669648cc18823323e5/ru/002680	ru	1	сидишь блядь удаляешь все коменты к тебе
textdetox@01907546324b0330d2d8b7669648cc18823323e5/ru/002681	ru	1	заебись , автору либо идиот с промытыми остатками мозгов , либо купленный идиот .
textdetox@01907546324b0330d2d8b7669648cc18823323e5/ru/002682	ru	1	тварь ебало закрой, аппарат переработки пищи в гавно
textdetox@01907546324b0330d2d8b7669648cc18823323e5/ru/002683	ru	1	пизда ее родила аговорит мама крыса
textdetox@01907546324b0330d2d8b7669648cc18823323e5/ru/002684	ru	1	в грязи гденибудь забурись, заебесси сумки эти пидарасить
textdetox@01907546324b0330d2d8b7669648cc18823323e5/ru/002685	ru	1	пидар я же сказал на хуй пошёл..
textdetox@01907546324b0330d2d8b7669648cc18823323e5/ru/002686	ru	1	какие идиоты их выдвигали, какие идиоты за этих клоунов проголосовали?
textdetox@01907546324b0330d2d8b7669648cc18823323e5/ru/002687	ru	1	при чём тут фамилия моего мужа, тупица с окраины?
textdetox@01907546324b0330d2d8b7669648cc18823323e5/ru/002688	ru	1	шла ты нахуй живи не обоснованная, я тебя блядину знать не знаю, ты тварь ко мне на ты, ещё и с оскорблениями
textdetox@01907546324b0330d2d8b7669648cc18823323e5/ru/002689	ru	1	а я посмотрю и посмеюсь над дебилом!
textdetox@01907546324b0330d2d8b7669648cc18823323e5/ru/002690	ru	1	я даже брезгую с тобой общатся тупой ты валенок.
textdetox@01907546324b0330d2d8b7669648cc18823323e5/ru/002691	ru	1	так что долбоеб в кубу это ты.
textdetox@01907546324b0330d2d8b7669648cc18823323e5/ru/002692	ru	1	иди вофку пупкина в попку поцелуй, тебе не в первой.😂😂
textdetox@01907546324b0330d2d8b7669648cc18823323e5/ru/002693	ru	1	ой ксения, а мудак какой-то машину задом наперёд поставил!
textdetox@01907546324b0330d2d8b7669648cc18823323e5/ru/002694	ru	1	какой автоприцел,ручками нацелился и ебнул и откатился если что
textdetox@01907546324b0330d2d8b7669648cc18823323e5/ru/002695	ru	1	вот тварь , действительно зажирались они там уже.
textdetox@01907546324b0330d2d8b7669648cc18823323e5/ru/002696	ru	1	все вы твари учились и росли в россии, получали образование, а теперь подонки хвалитесь своими пенсиями.
textdetox@01907546324b0330d2d8b7669648cc18823323e5/ru/002697	ru	1	моя россия не оставит меня в беде, а твоя австралия сгорела в пожарах так, что не пизди про свои зароботки.
textdetox@01907546324b0330d2d8b7669648cc18823323e5/ru/002698	ru	1	больно когда хочеш чтоб забрало ,а оно сука не забирает.
textdetox@01907546324b0330d2d8b7669648cc18823323e5/ru/002699	ru	1	у тебя фотки есть новые нет старые дрочите на вот ведь сука
textdetox@01907546324b0330d2d8b7669648cc18823323e5/ru/002700	ru	1	фууу в жопу вафли старуха целуй.
textdetox@01907546324b0330d2d8b7669648cc18823323e5/ru/002701	ru	1	люди-падаль?как живется таким как вы?не страшно?
textdetox@01907546324b0330d2d8b7669648cc18823323e5/ru/002702	ru	1	сайт одноклассники тупят по полной в последнее время, надо их на хуй послать
textdetox@01907546324b0330d2d8b7669648cc18823323e5/ru/002703	ru	1	дайте мне в руки таких блядей
textdetox@01907546324b0330d2d8b7669648cc18823323e5/ru/002704	ru	1	вот гад.а письмецо накрапал - сущий ангел.
textdetox@01907546324b0330d2d8b7669648cc18823323e5/ru/002705	ru	1	це европа, це пиндостан и либерасты вам не помогут, они спят и видят, как бы стравить два славянских народа.
textdetox@01907546324b0330d2d8b7669648cc18823323e5/ru/002706	ru	1	хуйня с полной сказанная уверенностью называется мнение личное
textdetox@01907546324b0330d2d8b7669648cc18823323e5/ru/002707	ru	1	бредятину прекратите черкать, деньги нужно заработать, а про беду вообще заткнитесь , психи
textdetox@01907546324b0330d2d8b7669648cc18823323e5/ru/002708	ru	1	👎 👎 👎 👎 👎 👎 👎 👎грязные шлюхи!
textdetox@01907546324b0330d2d8b7669648cc18823323e5/ru/002709	ru	1	а ни чмошники орут и их всё равно абирают
textdetox@01907546324b0330d2d8b7669648cc18823323e5/ru/002710	ru	1	вот твари, нашли нищенские накопления у народа.
textdetox@01907546324b0330d2d8b7669648cc18823323e5/ru/002711	ru	1	а, что же вы мрази поганные, сидящие в кремле, свои сбережения не подсчитываете?????
textdetox@01907546324b0330d2d8b7669648cc18823323e5/ru/002712	ru	1	ага, щас пидарок окопный будет меня жизни учить :-d﻿:-d﻿:-d﻿:-d﻿:-d﻿;-)﻿ зубы хотя бы после отсоса почисти :-d﻿:-d﻿:-d﻿:-d﻿:-d﻿;-)﻿
textdetox@01907546324b0330d2d8b7669648cc18823323e5/ru/002713	ru	1	я нет, а ты я смотрю долбаеб, что тебе везде менты мерещутся....
textdetox@01907546324b0330d2d8b7669648cc18823323e5/ru/002714	ru	1	заебал уже этот сучий режим, но ничего, раза два - три получим на митинге охуенных пиздюлей, прийдем не с пустыми руками!!
textdetox@01907546324b0330d2d8b7669648cc18823323e5/ru/002715	ru	1	так что не вякай здесь ,гаденыш ..
textdetox@01907546324b0330d2d8b7669648cc18823323e5/ru/002716	ru	1	а на твоем языке - ты просто пидор косорылый!
textdetox@01907546324b0330d2d8b7669648cc18823323e5/ru/002717	ru	1	?сама эта толстожопая не пойдет ,ясно что кто то организовал!
textdetox@01907546324b0330d2d8b7669648cc18823323e5/ru/002718	ru	1	только нелюди могут убивать таких ангелочков: сатанисты,дьяволы,но не чело веки с душой !
textdetox@01907546324b0330d2d8b7669648cc18823323e5/ru/002719	ru	1	вообще что происходит,этим пидорам всё дозволена🤬🤬🤬🤬🤬🤬🤬🤬🤯
textdetox@01907546324b0330d2d8b7669648cc18823323e5/ru/002720	ru	1	козень,а тебя то кто сюда пригласил?
textdetox@01907546324b0330d2d8b7669648cc18823323e5/ru/002721	ru	1	отсосинка голубкова, ты уже показала какая ты идиотка, может хватит
textdetox@01907546324b0330d2d8b7669648cc18823323e5/ru/002722	ru	1	вот это правда ...а не пидора зю...
textdetox@01907546324b0330d2d8b7669648cc18823323e5/ru/002723	ru	1	:-d :-d :-d :-d слышь, падаль, обоссавшаяся от страха, и скулящая из под замка левой страницы.
textdetox@01907546324b0330d2d8b7669648cc18823323e5/ru/002724	ru	1	сука 62 года а дичь конченая
textdetox@01907546324b0330d2d8b7669648cc18823323e5/ru/002725	ru	1	мородеры ...ублюдки ...мерзота ...к сожалению их в верхах полно ...и сами между собой как гиены радиальные .....именно ..радиальные ...рвут друг другу глотки
textdetox@01907546324b0330d2d8b7669648cc18823323e5/ru/002726	ru	1	что за долбаебы пишут такую хню!!
textdetox@01907546324b0330d2d8b7669648cc18823323e5/ru/002727	ru	1	уебок сука,за такое надо сидеть
textdetox@01907546324b0330d2d8b7669648cc18823323e5/ru/002728	ru	1	а так ты----писака проплаченая пиндоская
textdetox@01907546324b0330d2d8b7669648cc18823323e5/ru/002729	ru	1	и эти суки,гейжопейцы,нам привить хотят ценности?вырождаются, бляди и завидуют,что в россии пидоров не любят.
textdetox@01907546324b0330d2d8b7669648cc18823323e5/ru/002730	ru	1	бабник звучит гордо, не то что пидарас.
textdetox@01907546324b0330d2d8b7669648cc18823323e5/ru/002731	ru	1	господи я не верю что такие долбаебки существуют.
textdetox@01907546324b0330d2d8b7669648cc18823323e5/ru/002732	ru	1	по моему вы уже заебали этим козлом
textdetox@01907546324b0330d2d8b7669648cc18823323e5/ru/002733	ru	1	хоть ссуки жопу свою поднимите на выборах в 8 сентября!!!!!!!!!!!!!
textdetox@01907546324b0330d2d8b7669648cc18823323e5/ru/002734	ru	1	пиздешь фк шахтер не может поздравлять его в этом
textdetox@01907546324b0330d2d8b7669648cc18823323e5/ru/002735	ru	1	два урода нашли друг друга.обоим срок.одному за преступление -другому за подлог.вобщем два гондона.адвокат хоть деньги отрабатывает а ефремов показал себя вонючим козлом.
textdetox@01907546324b0330d2d8b7669648cc18823323e5/ru/002736	ru	1	это прото идиоты надо с себя так переправить придурки
textdetox@01907546324b0330d2d8b7669648cc18823323e5/ru/002737	ru	1	ты блокируешь участников, а их ролики размещаешь в своей сранной группе?
textdetox@01907546324b0330d2d8b7669648cc18823323e5/ru/002738	ru	1	шо шо оседлал бы тельца,ииииии вон в ту черную дыру.а то эта жопа для меня маловата будет
textdetox@01907546324b0330d2d8b7669648cc18823323e5/ru/002739	ru	1	тогда действительно звёзды были,а ща одно пидарьё обкуреное показывают,🔫 🔫 👍
textdetox@01907546324b0330d2d8b7669648cc18823323e5/ru/002740	ru	1	одним словом уебище которое живут в говне и последний зер без соли доедают
textdetox@01907546324b0330d2d8b7669648cc18823323e5/ru/002741	ru	1	пидор ебаный хоть один факт приведи????
textdetox@01907546324b0330d2d8b7669648cc18823323e5/ru/002742	ru	1	ну и написал бы -даша ,я долбоеб.
textdetox@01907546324b0330d2d8b7669648cc18823323e5/ru/002743	ru	1	вам не ставят потому что вы ебанутые,
textdetox@01907546324b0330d2d8b7669648cc18823323e5/ru/002744	ru	1	тварь ты последняя больше мне не пиши если ты шоколаде а осстальные в дерьме попробуй окунись или слабо
textdetox@01907546324b0330d2d8b7669648cc18823323e5/ru/002745	ru	1	он, пиздоболом, может и не был?
textdetox@01907546324b0330d2d8b7669648cc18823323e5/ru/002746	ru	1	блядство пилять блять... слов неть у мну других #u7680e233d2s#
textdetox@01907546324b0330d2d8b7669648cc18823323e5/ru/002747	ru	1	как ни президент...так гандон!как ни мент...так хуйло!и так далее!
textdetox@01907546324b0330d2d8b7669648cc18823323e5/ru/002748	ru	1	дааа, я уже давно поняла, писать ироничные ответы вместо того, чтоб сказать человеку ,, иди на хер,, - тернистый путь самоконтроля воспитанных людей.
textdetox@01907546324b0330d2d8b7669648cc18823323e5/ru/002749	ru	1	я уже этот тернистый путь прошла, поэтому совсем просто - ,, пошел на хер, петросян недоделанный,, удачи тебе.
textdetox@01907546324b0330d2d8b7669648cc18823323e5/ru/002750	ru	1	ты пидор, с тебя больше взять не чего.
textdetox@01907546324b0330d2d8b7669648cc18823323e5/ru/002751	ru	1	да, этих уродов обочечников и у нас на камчатке хватает!
textdetox@01907546324b0330d2d8b7669648cc18823323e5/ru/002752	ru	1	можешь не продолжать фужепонял чтоты мудак сиsоvасн ги
textdetox@01907546324b0330d2d8b7669648cc18823323e5/ru/002753	ru	1	ебнутая страна🤪🤪🤪🤪уродство и дефекты считают уникальностью и красотой.
textdetox@01907546324b0330d2d8b7669648cc18823323e5/ru/002754	ru	1	ну ты и чушка...по морде бы тебе за просроченную шоколадку.
textdetox@01907546324b0330d2d8b7669648cc18823323e5/ru/002755	ru	1	в данной ситуации воры в законе отморозки, для них кодекса вора не существует.
textdetox@01907546324b0330d2d8b7669648cc18823323e5/ru/002756	ru	1	блять,испугал))) кишка у тя тонка...вот и бесишься.
textdetox@01907546324b0330d2d8b7669648cc18823323e5/ru/002757	ru	1	мамойоб несчастный,общайся без мамы,еблан ущербный... порождение узбека бухого;) :d :d ;)
textdetox@01907546324b0330d2d8b7669648cc18823323e5/ru/002758	ru	1	евреи всегда были хитровыебаными, вот и сейчас у власти жидовское отродье.
textdetox@01907546324b0330d2d8b7669648cc18823323e5/ru/002759	ru	1	вот посиди и подумай, безмозглая овца....
textdetox@01907546324b0330d2d8b7669648cc18823323e5/ru/002760	ru	1	пидор какой то,серанул и съе.....лся
textdetox@01907546324b0330d2d8b7669648cc18823323e5/ru/002761	ru	1	именно из-за этих пиздаболов выключается телевизор.
textdetox@01907546324b0330d2d8b7669648cc18823323e5/ru/002762	ru	1	с зчз ты почему в папате убище тупое
textdetox@01907546324b0330d2d8b7669648cc18823323e5/ru/002763	ru	1	за всех не надо,шкур продажных вон из страны,провокатор,лизоблюд американский
textdetox@01907546324b0330d2d8b7669648cc18823323e5/ru/002764	ru	1	судилку свою засунь себе в жопу,дура зомбированная !
textdetox@01907546324b0330d2d8b7669648cc18823323e5/ru/002765	ru	1	для идиотов, майер отличается от генерал майера !
textdetox@01907546324b0330d2d8b7669648cc18823323e5/ru/002766	ru	1	....эта сука должна давно сдохнуть как собака бешеная, в первую очередь в умах советских людей.
textdetox@01907546324b0330d2d8b7669648cc18823323e5/ru/002767	ru	1	лука просто охуел эта мразь одала приказ стрелять падаль
textdetox@01907546324b0330d2d8b7669648cc18823323e5/ru/002768	ru	1	вы не подумайте пизды получает хлеборез а потом все остальные когда мы пришли кто знает всем айда
textdetox@01907546324b0330d2d8b7669648cc18823323e5/ru/002769	ru	1	до каскадера ещё далеко, такие долбоебы создают очень нехорошие ситуации даже со смертельным исходом
textdetox@01907546324b0330d2d8b7669648cc18823323e5/ru/002770	ru	1	мразь и паразиты следят в кремле
textdetox@01907546324b0330d2d8b7669648cc18823323e5/ru/002771	ru	1	я уж точно не советский, а свинья тебя родила, ублюдочная коммунячья ты тварь.
textdetox@01907546324b0330d2d8b7669648cc18823323e5/ru/002772	ru	1	эта херь сидит где нибуть в литве или польше,имеет домик на канарах,и врет всякую куйню про свою страну,это видео херь...
textdetox@01907546324b0330d2d8b7669648cc18823323e5/ru/002773	ru	1	долбоёбы....там 10 миллионов населения и половина из них приезжие рабчие.
textdetox@01907546324b0330d2d8b7669648cc18823323e5/ru/002774	ru	1	из за таких тварей и другим нет доверия.
textdetox@01907546324b0330d2d8b7669648cc18823323e5/ru/002775	ru	1	эти твари людей ни во что не ставят.
textdetox@01907546324b0330d2d8b7669648cc18823323e5/ru/002776	ru	1	это пидарас мой районник и убежал из родину,
textdetox@01907546324b0330d2d8b7669648cc18823323e5/ru/002777	ru	1	я тебе уже писал раньше, что мне на тебя даже поссать западло, так что выбери себе, себе подобных.
textdetox@01907546324b0330d2d8b7669648cc18823323e5/ru/002778	ru	1	кроме желчи что у этой мрази может быть?
textdetox@01907546324b0330d2d8b7669648cc18823323e5/ru/002779	ru	1	пусть эрнст засунет его себе в задницу.
textdetox@01907546324b0330d2d8b7669648cc18823323e5/ru/002780	ru	1	еблан, жаль, что ты мне не попался, когда я пять лет учился в гомеле!
textdetox@01907546324b0330d2d8b7669648cc18823323e5/ru/002781	ru	1	под каждым роскошным павлиньим хвостом обычная куриная жопа .
textdetox@01907546324b0330d2d8b7669648cc18823323e5/ru/002782	ru	1	желаю, что бы на лбу у него хуй вырос.
textdetox@01907546324b0330d2d8b7669648cc18823323e5/ru/002783	ru	1	бабы хуже мужиков бывают за них всегда драчька бывает залупятся и потом визжат как свиньи.
textdetox@01907546324b0330d2d8b7669648cc18823323e5/ru/002784	ru	1	я сама 12 часов смену в цехе отстояла, подахуела!!
textdetox@01907546324b0330d2d8b7669648cc18823323e5/ru/002785	ru	1	была бы ты рядом я тебе всю яботину бы распирала проститься неумничай пролетела во всех выплотах теперь залупу сами сука
textdetox@01907546324b0330d2d8b7669648cc18823323e5/ru/002786	ru	1	так не куй скакать было пиздабол сука
textdetox@01907546324b0330d2d8b7669648cc18823323e5/ru/002787	ru	1	детей срочно изымать надо,ей безразлично,а повторение может случиться.сука,даже не сука(сука за щенят глотку перегрызет), мразь.заберите детей,пока трагедии снова не случилось
textdetox@01907546324b0330d2d8b7669648cc18823323e5/ru/002788	ru	1	эту дуру гнать поганой метлой,и дать ей затычек что она рекламирует
textdetox@01907546324b0330d2d8b7669648cc18823323e5/ru/002789	ru	1	со мной так часто бывало, хочешь убить какую нибудь тварь, но рука не поднималась , как будто кто то сверху говорил , что это тварь божия как и ты.
textdetox@01907546324b0330d2d8b7669648cc18823323e5/ru/002790	ru	1	а ты кум похоже просто дырявый неадекватный кумовской стукач в натуре.
textdetox@01907546324b0330d2d8b7669648cc18823323e5/ru/002791	ru	1	с таким просто в падлу вести диалог.
textdetox@01907546324b0330d2d8b7669648cc18823323e5/ru/002792	ru	1	привыкли людей за быдло держать,чтобы денег хватало только на еду коммуналку и проезд.
textdetox@01907546324b0330d2d8b7669648cc18823323e5/ru/002793	ru	1	так вам сукам и надо надеюсь и последние кадры уедут в другие города, где нет такого ебанутого руководства.
textdetox@01907546324b0330d2d8b7669648cc18823323e5/ru/002794	ru	1	мне интересно, как эти пидарасы собираются вакцинировать/чипировать чечню!
textdetox@01907546324b0330d2d8b7669648cc18823323e5/ru/002795	ru	1	шлюшка в поле, продаёт свое тело.
textdetox@01907546324b0330d2d8b7669648cc18823323e5/ru/002796	ru	1	да, он просто педераст вместе с пашаевым.
textdetox@01907546324b0330d2d8b7669648cc18823323e5/ru/002797	ru	1	пускай на кухне вертится она, не будь мудак,крутилась бы в постели.
textdetox@01907546324b0330d2d8b7669648cc18823323e5/ru/002798	ru	1	бля менты вы отдавайте такое блядство в руки пацанов!а сами отвернитесь как вы умеете!а то совсем поохуели ,как в аулах ведут себя
textdetox@01907546324b0330d2d8b7669648cc18823323e5/ru/002799	ru	1	лучше пиши,твои мемуары о хуесосании будут тебя кормить хорошо)
textdetox@01907546324b0330d2d8b7669648cc18823323e5/ru/002800	ru	1	быть патриотом никто не отменял, а у вас гандонище, джигурда,панин и многое другое дермыще, у вас просто мозги жыром заплыли!
textdetox@01907546324b0330d2d8b7669648cc18823323e5/ru/002801	ru	1	не понимаю одного - за что нквд прощало и не расстреляло убийц -недолюдей -бандеровыродков!
textdetox@01907546324b0330d2d8b7669648cc18823323e5/ru/002802	ru	1	спасибо армии лднр -110 000 сдохшего говна всу -их работа!!
textdetox@01907546324b0330d2d8b7669648cc18823323e5/ru/002803	ru	1	а ты хуесос ответь можешь без подебок или ты ноль в своем деле.
textdetox@01907546324b0330d2d8b7669648cc18823323e5/ru/002804	ru	1	да мразь просто, а не человек.
textdetox@01907546324b0330d2d8b7669648cc18823323e5/ru/002805	ru	1	кандидатов в партию и власть надо было пропускать, через несколько фильтров, тогда бы эти гниды нами не правили...
textdetox@01907546324b0330d2d8b7669648cc18823323e5/ru/002806	ru	1	такого хозяина,надо призвать к ответу и посадить урода.а людям спасшим животное,низкий поклон 🙏🙏🙏👏👏👏
textdetox@01907546324b0330d2d8b7669648cc18823323e5/ru/002807	ru	1	не ужели бл.....ь ,не видно .
textdetox@01907546324b0330d2d8b7669648cc18823323e5/ru/002808	ru	1	вас, скакуасов кастрюлеголовых, в русском крыму, ждут с распростертыми объятиями ...
textdetox@01907546324b0330d2d8b7669648cc18823323e5/ru/002809	ru	1	у обезьяны такая жопа я сочувствую ей
textdetox@01907546324b0330d2d8b7669648cc18823323e5/ru/002810	ru	1	заебали ваши жопы и сиськи безпантовые затянутые вер жгутом, приятно естественно.
textdetox@01907546324b0330d2d8b7669648cc18823323e5/ru/002811	ru	1	иди мимо если не нравится хули коментируешь мокрошелка ебучяя
textdetox@01907546324b0330d2d8b7669648cc18823323e5/ru/002812	ru	1	придурок, тебя не заебало одно и то же скидывать и всех оскарблять?
textdetox@01907546324b0330d2d8b7669648cc18823323e5/ru/002813	ru	1	идиоты бля, тупизм страшный это пиздец.
textdetox@01907546324b0330d2d8b7669648cc18823323e5/ru/002814	ru	1	ай молодцы какие.давай нахер дальше разваливайте свою страну с усатым идиотом!!!!
textdetox@01907546324b0330d2d8b7669648cc18823323e5/ru/002815	ru	1	да....полный пиздец...выбитые эссесовцы!
textdetox@01907546324b0330d2d8b7669648cc18823323e5/ru/002816	ru	1	только узколобый и неуверенный в себе поц может так по крысиному скалиться и выставлять себя посмешищем,при этом думая, что сам такой великий и непобедимый!
textdetox@01907546324b0330d2d8b7669648cc18823323e5/ru/002817	ru	1	да ты, козявочка, не кипишуй!вынь со рта свой вялый что бормочешь?
textdetox@01907546324b0330d2d8b7669648cc18823323e5/ru/002818	ru	1	шаболда,конченная.на уме только пьянки,гульки и е....ля.
textdetox@01907546324b0330d2d8b7669648cc18823323e5/ru/002819	ru	1	брехливые пидоры такое пишут и никто от вас не бежит ,это вы вражина подпин доснимать скоро побежите
textdetox@01907546324b0330d2d8b7669648cc18823323e5/ru/002820	ru	1	сказку вспомните как крестьянин двух генералов накормил мы свору бешеных ненасытных псов кормим и их ублюдков за границей проживающих
textdetox@01907546324b0330d2d8b7669648cc18823323e5/ru/002821	ru	1	насобирало это ебучее муму 8пр.на сегодня говорят.
textdetox@01907546324b0330d2d8b7669648cc18823323e5/ru/002822	ru	1	пидорас, тебе ли знать, что всё с точностью до наоборот?!
textdetox@01907546324b0330d2d8b7669648cc18823323e5/ru/002823	ru	1	работаешь под пригожиным, восхваляешь плешивого, хуесос!
textdetox@01907546324b0330d2d8b7669648cc18823323e5/ru/002824	ru	1	сажать этого пидара мразь -отец был золото а этот выродык в тюрягу и надолго
textdetox@01907546324b0330d2d8b7669648cc18823323e5/ru/002825	ru	1	по всему видно, что стукачек ты дмитрий с мозгами охранника....
textdetox@01907546324b0330d2d8b7669648cc18823323e5/ru/002826	ru	1	когда вы нод моськи проплаченые заткнете свою помойку!
textdetox@01907546324b0330d2d8b7669648cc18823323e5/ru/002827	ru	1	пошёл на хуй с российского сайта мразь нерусская .
textdetox@01907546324b0330d2d8b7669648cc18823323e5/ru/002828	ru	1	запомни тварь пиндосовская эта страна называется россия .
textdetox@01907546324b0330d2d8b7669648cc18823323e5/ru/002829	ru	1	иди своим неграм яйца лижи , выблядок .
textdetox@01907546324b0330d2d8b7669648cc18823323e5/ru/002830	ru	1	этот извращенец старухое* пидор когда заткнется?у него вместо языка член.
textdetox@01907546324b0330d2d8b7669648cc18823323e5/ru/002831	ru	1	выгнать эту суку уродливую и россии и больше не пускать
textdetox@01907546324b0330d2d8b7669648cc18823323e5/ru/002832	ru	1	при коммунистах во дворе стояло не больше десятка....сейчас в семье 2...3...хули все суки во двор тащат?...
textdetox@01907546324b0330d2d8b7669648cc18823323e5/ru/002833	ru	1	а ты сидишь, в углу забилось, накрылось одеялом, выключило свет, закрыло дверь на все возможные замки, и пиздишь!
textdetox@01907546324b0330d2d8b7669648cc18823323e5/ru/002834	ru	1	ты же понимаешь что ты ебанутый на всю голову?
textdetox@01907546324b0330d2d8b7669648cc18823323e5/ru/002835	ru	1	нахуя нам копии каких-то уёбищных кроссоверов?
textdetox@01907546324b0330d2d8b7669648cc18823323e5/ru/002836	ru	1	запаску суки сзади подвесьте , чтобы в бою откинув её набок ей можно прикрыться во время ведения огня по противнику.
textdetox@01907546324b0330d2d8b7669648cc18823323e5/ru/002837	ru	1	а не вот этим говном похожим на дешманский кроссовер.
textdetox@01907546324b0330d2d8b7669648cc18823323e5/ru/002838	ru	1	давление это прежде всего плохая работа почек, а столько воды в один момент и ноги отекут и руки и ебло до кучи , дибил этот кардиолог походу
textdetox@01907546324b0330d2d8b7669648cc18823323e5/ru/002839	ru	1	и вообще-то,это не хуйня,а так оно и есть.
textdetox@01907546324b0330d2d8b7669648cc18823323e5/ru/002840	ru	1	из-за вас козлов- настроение ноль и поведение ,ну никакое.....
textdetox@01907546324b0330d2d8b7669648cc18823323e5/ru/002841	ru	1	дебилка че он ей в пятак не врезал
textdetox@01907546324b0330d2d8b7669648cc18823323e5/ru/002842	ru	1	но такой то хуйни как в усрайне нет,пока.
textdetox@01907546324b0330d2d8b7669648cc18823323e5/ru/002843	ru	1	это хряки, откормленные на государственной ферме.
textdetox@01907546324b0330d2d8b7669648cc18823323e5/ru/002844	ru	1	самоизбранные депутаты рф практически дебилы, им даже в цирке выступать нельзя
textdetox@01907546324b0330d2d8b7669648cc18823323e5/ru/002845	ru	1	сам лучше учись,хотя вам гниложопым это не поможет.
textdetox@01907546324b0330d2d8b7669648cc18823323e5/ru/002846	ru	1	усохни дереволаз и лучше сюда больше не пиши.не знаешь кого сучка посылаешь.
textdetox@01907546324b0330d2d8b7669648cc18823323e5/ru/002847	ru	1	чмо блять!что пиздел,сам не понял,хуесос!
textdetox@01907546324b0330d2d8b7669648cc18823323e5/ru/002848	ru	1	нахуй пошел ебаный сишан таsоvsсн ги
textdetox@01907546324b0330d2d8b7669648cc18823323e5/ru/002849	ru	1	я непоня а почему этому пидору по ибулу не дали
textdetox@01907546324b0330d2d8b7669648cc18823323e5/ru/002850	ru	1	солдат спит служба идёт а депутат спит 420 тысяч капает пидарам суки
textdetox@01907546324b0330d2d8b7669648cc18823323e5/ru/002851	ru	1	почему эта тварь без намордника этих ибанутых хозяев посадить
textdetox@01907546324b0330d2d8b7669648cc18823323e5/ru/002852	ru	1	так же его за горло подвесить!!!
textdetox@01907546324b0330d2d8b7669648cc18823323e5/ru/002853	ru	1	если мы сами этим пидорам не скажем нет то так ибудет.
textdetox@01907546324b0330d2d8b7669648cc18823323e5/ru/002854	ru	1	степан потный стакан, алла недовольное ебало,
textdetox@01907546324b0330d2d8b7669648cc18823323e5/ru/002855	ru	1	падла за рулём ну да мы же забыли папина дочя за рулём им же всё можно....
textdetox@01907546324b0330d2d8b7669648cc18823323e5/ru/002856	ru	1	сраная тварь в ебало давно не получала сука.
textdetox@01907546324b0330d2d8b7669648cc18823323e5/ru/002857	ru	1	звери намного благороднее , а это продажные выродки , выблядки рода (к сожалению) человеческого
textdetox@01907546324b0330d2d8b7669648cc18823323e5/ru/002858	ru	1	​а потому что едаросс-пидарас,козёл дырявый,выблядок!нарожали шлюхи драные дебилов ефремовских,сволочей по призванию!!!!!!!!!!!!!!!!
textdetox@01907546324b0330d2d8b7669648cc18823323e5/ru/002859	ru	1	судить тварь нужно, а он до сих пор живёт припиваючи.
textdetox@01907546324b0330d2d8b7669648cc18823323e5/ru/002860	ru	1	вы пидорасы почти 70 лет управляли страной, а один плешиво крапленый пидор из ваших её продал.
textdetox@01907546324b0330d2d8b7669648cc18823323e5/ru/002861	ru	1	везде бабушки блядь а дедушки ведь она пиздует к внукам а дед ебашет на работе и всегда она хорошая а дед хуевый парадокс
textdetox@01907546324b0330d2d8b7669648cc18823323e5/ru/002862	ru	1	это просто уже ебанутый пиздец,нормальный мужик,таких вещей делать не будет,замерз,он там или его вообще там не было
textdetox@01907546324b0330d2d8b7669648cc18823323e5/ru/002863	ru	1	урод, чё прячешься,опять очко подставляешь
textdetox@01907546324b0330d2d8b7669648cc18823323e5/ru/002864	ru	1	видимо пока уроды не нажрутся , будем вечно там.
textdetox@01907546324b0330d2d8b7669648cc18823323e5/ru/002865	ru	1	они были пидр и дальше так будет *)
textdetox@01907546324b0330d2d8b7669648cc18823323e5/ru/002866	ru	1	откуда у тварей ордена, что за то что жопу лизали
textdetox@01907546324b0330d2d8b7669648cc18823323e5/ru/002867	ru	1	правильно пиздите пидорасов хуй вам а не европа их вы суки как беркут на колени не поставите👍
textdetox@01907546324b0330d2d8b7669648cc18823323e5/ru/002868	ru	1	чем им сетка помешала с трубами.... пидорги
textdetox@01907546324b0330d2d8b7669648cc18823323e5/ru/002869	ru	1	ебанутых таких где берут по ходу вся дума думающая такая
textdetox@01907546324b0330d2d8b7669648cc18823323e5/ru/002870	ru	1	я вас всех тут обоссал, включая твою дохлую мать, хуесос
textdetox@01907546324b0330d2d8b7669648cc18823323e5/ru/002871	ru	1	а сколько они бы мальков бы дали...уроды вы а не рыбаки
textdetox@01907546324b0330d2d8b7669648cc18823323e5/ru/002872	ru	1	как этот ублюдок жить после этого будет?
textdetox@01907546324b0330d2d8b7669648cc18823323e5/ru/002873	ru	1	он нигде не виновен, он всё слышит и видит впервые, одно слово непричемыш и некчемыш, еще и обнуленыш за каким х*ем он нам нужен!
textdetox@01907546324b0330d2d8b7669648cc18823323e5/ru/002874	ru	1	пусть мотают туда где разрешено.никто их здесь не держит.дебилы.
textdetox@01907546324b0330d2d8b7669648cc18823323e5/ru/002875	ru	1	ну не пидоры они после этого ?
textdetox@01907546324b0330d2d8b7669648cc18823323e5/ru/002876	ru	1	ебанутые, пока на своей ишачьей шкуре хлыст не почуствуют,бесполезно им что то объяснять .пусть изопъют всё с полна
textdetox@01907546324b0330d2d8b7669648cc18823323e5/ru/002877	ru	1	как всегда сказочно напиздел, особенно про дочку вкатившую себе вакцину.
textdetox@01907546324b0330d2d8b7669648cc18823323e5/ru/002878	ru	1	а мы лохи всему верили, придурки.
textdetox@01907546324b0330d2d8b7669648cc18823323e5/ru/002879	ru	1	он уже заебал куда не зайду везде вижу этого попрашайку
textdetox@01907546324b0330d2d8b7669648cc18823323e5/ru/002880	ru	1	с слабо умными общаться нет желания, а ты как я погляжу ибанутый на всю свою тупую башку, кончай свою писанину и иди застрелить.
textdetox@01907546324b0330d2d8b7669648cc18823323e5/ru/002881	ru	1	только в голову но через жопу, глядишь и в мозг попадёшь.
textdetox@01907546324b0330d2d8b7669648cc18823323e5/ru/002882	ru	1	это не люди- это конченые твари!!
textdetox@01907546324b0330d2d8b7669648cc18823323e5/ru/002883	ru	1	о ч в б хочется жшть бз саа со блядь как шшшv кту шиvр
textdetox@01907546324b0330d2d8b7669648cc18823323e5/ru/002884	ru	1	администратор, сколько можно наблюдать здесь этого полоумного недоумка ?
textdetox@01907546324b0330d2d8b7669648cc18823323e5/ru/002885	ru	1	это у тебя война с твоей больной башкой.
textdetox@01907546324b0330d2d8b7669648cc18823323e5/ru/002886	ru	1	жри с корыта и не хрюкай.
textdetox@01907546324b0330d2d8b7669648cc18823323e5/ru/002887	ru	1	потомучто эти жиды вместе с вовай заебали
textdetox@01907546324b0330d2d8b7669648cc18823323e5/ru/002888	ru	1	отлтчна выглядиш если чуток жир убрать пиздец отлична гргргр.хотятдвоюродные друзья.
textdetox@01907546324b0330d2d8b7669648cc18823323e5/ru/002889	ru	1	хмыри такие же, только уже и на низшем уровне, сегодня убедиться ^o)
textdetox@01907546324b0330d2d8b7669648cc18823323e5/ru/002890	ru	1	на кол его.., детей наших растлевает, сука!
textdetox@01907546324b0330d2d8b7669648cc18823323e5/ru/002891	ru	1	а я тут за вас агитку везде провожу.., а тут получается одна гондолейка.
textdetox@01907546324b0330d2d8b7669648cc18823323e5/ru/002892	ru	1	и сотня придурков с камерами, лиж бы какую нибудь хуйню снять.
textdetox@01907546324b0330d2d8b7669648cc18823323e5/ru/002893	ru	1	твари если это сделали --- ублюдки
textdetox@01907546324b0330d2d8b7669648cc18823323e5/ru/002894	ru	1	ублюдок кончинный его и его детей также надо.
textdetox@01907546324b0330d2d8b7669648cc18823323e5/ru/002895	ru	1	😂с чего ты взял,что ты журналист,олень ты чмошный!!!
textdetox@01907546324b0330d2d8b7669648cc18823323e5/ru/002896	ru	1	действительно охуеть, тебе сделали простое замечание,после которого единственный выход -в атаку ,да?
textdetox@01907546324b0330d2d8b7669648cc18823323e5/ru/002897	ru	1	пьяное говно это а не десантники.
textdetox@01907546324b0330d2d8b7669648cc18823323e5/ru/002898	ru	1	если не чего сказать исчезни и не позорь себя засранец,
textdetox@01907546324b0330d2d8b7669648cc18823323e5/ru/002899	ru	1	что нас не убьет, нас сделает гнидами.
textdetox@01907546324b0330d2d8b7669648cc18823323e5/ru/002900	ru	1	ну если ты, безмозглый узбекопидр, опечатку принимаешь за ошибку, то это лишь очередной раз говорит о твоей безмозглости!
textdetox@01907546324b0330d2d8b7669648cc18823323e5/ru/002901	ru	1	и ещё, узбекопидр, открою тебе страшную тайну: быть россиянином, это не значит писать без орфографических ошибок»🤣
textdetox@01907546324b0330d2d8b7669648cc18823323e5/ru/002902	ru	1	только так, этим пидарасам и нужно показывать!!
textdetox@01907546324b0330d2d8b7669648cc18823323e5/ru/002903	ru	1	это флаг самой паскудной страны, , самой лживой страны мира,
textdetox@01907546324b0330d2d8b7669648cc18823323e5/ru/002904	ru	1	начинают опять нагнитать бляди со своим вирусом щас бубут каждый дерь прибовлять
textdetox@01907546324b0330d2d8b7669648cc18823323e5/ru/002905	ru	1	да это пишут пидорасы во власти а их больше никак не назовёшь 😂
textdetox@01907546324b0330d2d8b7669648cc18823323e5/ru/002906	ru	1	полетели пидорасы, туда им и дорога.
textdetox@01907546324b0330d2d8b7669648cc18823323e5/ru/002907	ru	1	кто это придумал , тупорылая морда хотя бы подумал, что пишет.
textdetox@01907546324b0330d2d8b7669648cc18823323e5/ru/002908	ru	1	а на пожизненно-кормить ,одевай,обувай много лет-----нет...пусть сдохнет!!
textdetox@01907546324b0330d2d8b7669648cc18823323e5/ru/002909	ru	1	дура ебнутая, ты о чем клава?
textdetox@01907546324b0330d2d8b7669648cc18823323e5/ru/002910	ru	1	в жопу такую жену и тещу
textdetox@01907546324b0330d2d8b7669648cc18823323e5/ru/002911	ru	1	да уроды там какие то сидят и решают кому дать, кому не дать.
textdetox@01907546324b0330d2d8b7669648cc18823323e5/ru/002912	ru	1	ну то что вдв это мрази ---брат ты не прав, но то что ,ни кто кроме нас, как они говорят, так где вы .
textdetox@01907546324b0330d2d8b7669648cc18823323e5/ru/002913	ru	1	лучше бухать чем на стройке вкалывать за 10 евро в час.вместо лебёдки мешки на крышу таскать, или выродков начальников дебильные команды выполнять.
textdetox@01907546324b0330d2d8b7669648cc18823323e5/ru/002914	ru	1	эти два пидораса несут нешей молодежи сраные арр европейские ценности
textdetox@01907546324b0330d2d8b7669648cc18823323e5/ru/002915	ru	1	а до пенсии хрен до живёшь злюка!
textdetox@01907546324b0330d2d8b7669648cc18823323e5/ru/002916	ru	1	расстрел чиновникам семью с лазурных берегов восстанавливать тайгу которую они продали.
textdetox@01907546324b0330d2d8b7669648cc18823323e5/ru/002917	ru	1	особенно губернатора усса пидарская рожа холеная.
textdetox@01907546324b0330d2d8b7669648cc18823323e5/ru/002918	ru	1	кота покрасили и куча долбоебов восхищается.
textdetox@01907546324b0330d2d8b7669648cc18823323e5/ru/002919	ru	1	издевабться над простыми людми, не полицаи а идиоты в форме
textdetox@01907546324b0330d2d8b7669648cc18823323e5/ru/002920	ru	1	этих уродов надо самих выкинуть из дома
textdetox@01907546324b0330d2d8b7669648cc18823323e5/ru/002921	ru	1	слушай сюда бот с чужим аккаунтом,вычислить тебя по компу нехуй нахуй так что готовь жопу
textdetox@01907546324b0330d2d8b7669648cc18823323e5/ru/002922	ru	1	ещё и кормить эту мразь 25 лет?
textdetox@01907546324b0330d2d8b7669648cc18823323e5/ru/002923	ru	1	в своей срани вращайся сама, беспомощная тварь.
textdetox@01907546324b0330d2d8b7669648cc18823323e5/ru/002924	ru	1	ты не любимая ты по голове трахнутая
textdetox@01907546324b0330d2d8b7669648cc18823323e5/ru/002925	ru	1	ни все ж уроды,есть на земле доброта.
textdetox@01907546324b0330d2d8b7669648cc18823323e5/ru/002926	ru	1	какой то дебил прикрепил кота к подстилке.
textdetox@01907546324b0330d2d8b7669648cc18823323e5/ru/002927	ru	1	рос гвардия .какая в жопу гвардия.подлецы душегубы народные.двоих покалечили а скольких эти твари покалечили народа хоть на одного завели уголовку.
textdetox@01907546324b0330d2d8b7669648cc18823323e5/ru/002928	ru	1	суки не любят правду пора по всей россии подниматься не включай заднюю николай народ с тобой
textdetox@01907546324b0330d2d8b7669648cc18823323e5/ru/002929	ru	1	какие то долбоебские комментарии культ личности нулю бабенки поют.
textdetox@01907546324b0330d2d8b7669648cc18823323e5/ru/002930	ru	1	на ты пидор людей баламутеш хочешь ещё штоб такие же пидоры как тоже вякали вас пидоров
textdetox@01907546324b0330d2d8b7669648cc18823323e5/ru/002931	ru	1	пидоросья развелось бля, как их земля носит
textdetox@01907546324b0330d2d8b7669648cc18823323e5/ru/002932	ru	1	долбоебы на самокатах на дорогах смертники
textdetox@01907546324b0330d2d8b7669648cc18823323e5/ru/002933	ru	1	результаты нахрен не нужны, нужно как нам говорят массовость, т.е показуха!
textdetox@01907546324b0330d2d8b7669648cc18823323e5/ru/002934	ru	1	докатились, уровень зарплаты у нас как в нищих африканских странах...суки все никак не нажрутся 😡
textdetox@01907546324b0330d2d8b7669648cc18823323e5/ru/002935	ru	1	мудачка, без вариантов....я выше писал...
textdetox@01907546324b0330d2d8b7669648cc18823323e5/ru/002936	ru	1	молодца, хоть один нашлось мужик кто не хуй........ городит
textdetox@01907546324b0330d2d8b7669648cc18823323e5/ru/002937	ru	1	от плохой жратвы видать все зубья выпали.
textdetox@01907546324b0330d2d8b7669648cc18823323e5/ru/002938	ru	1	просто жаль все наверстанное,а так может тупо забить х на эту игру и этих еб..х разработчиков му..ов
textdetox@01907546324b0330d2d8b7669648cc18823323e5/ru/002939	ru	1	заебали ублюдки друзей разных без разрешения подкидывать...пидоры.
textdetox@01907546324b0330d2d8b7669648cc18823323e5/ru/002940	ru	1	тварь это ты продолжай пупкину жопу лизать да и про пенсионную реформу не забудь .... поздравляю с прибавкой пяти лет к нищенской пенсии
textdetox@01907546324b0330d2d8b7669648cc18823323e5/ru/002941	ru	1	выгоняли....угрожали,убивали.....а сами ни хера не умели,так как все специалисты на производствах были русскими......русские уехали,а чурки так и остались тупыми чурками...
textdetox@01907546324b0330d2d8b7669648cc18823323e5/ru/002942	ru	1	вся фишка, заткнуть рот и загнать в стойло.
textdetox@01907546324b0330d2d8b7669648cc18823323e5/ru/002943	ru	1	дебилы вам же жить в этом городе
textdetox@01907546324b0330d2d8b7669648cc18823323e5/ru/002944	ru	1	а сам блядь в канаду с ебался упырь
textdetox@01907546324b0330d2d8b7669648cc18823323e5/ru/002945	ru	1	то что эта мразь отмороженая понятно но раззевать свою вонючую пасть не стоет уж кому кому но не тебе шлюхе вякать
textdetox@01907546324b0330d2d8b7669648cc18823323e5/ru/002946	ru	1	;-) у тебя язык острый а у меня жопа не бритая 😂 😂 😂 😂 :-d
textdetox@01907546324b0330d2d8b7669648cc18823323e5/ru/002947	ru	1	о,це дебил...не мудрено...старческий маразм крепчает!!
textdetox@01907546324b0330d2d8b7669648cc18823323e5/ru/002948	ru	1	животные сидели и не возникали пока он был президентом а щас как шакалы повылазили из своих нор и начали выёбыватся-хорошо вас америкосы проспонсировали видать
textdetox@01907546324b0330d2d8b7669648cc18823323e5/ru/002949	ru	1	вы что там все стали долбаёбами после маидана англасакскова.
textdetox@01907546324b0330d2d8b7669648cc18823323e5/ru/002950	ru	1	долбоебы.. президента ругаете, а выплат ждете
textdetox@01907546324b0330d2d8b7669648cc18823323e5/ru/002951	ru	1	в дет домах дети не имеют что кушать а эти падлы..я свидетель колбасу и сыры высшего качества в мусорку и соляркой полили видитель санкционная..
textdetox@01907546324b0330d2d8b7669648cc18823323e5/ru/002952	ru	1	что мешает аффтару - долбаёбу ходить в противогазе ?
textdetox@01907546324b0330d2d8b7669648cc18823323e5/ru/002953	ru	1	этого сосунка выкинут как плешивого щенка!
textdetox@01907546324b0330d2d8b7669648cc18823323e5/ru/002954	ru	1	ты закроешь свой рот ебучий,ты спать мешаешь сука
textdetox@01907546324b0330d2d8b7669648cc18823323e5/ru/002955	ru	1	долбоёб, больше ничего сказать не могу,матерных слов не хватает.
textdetox@01907546324b0330d2d8b7669648cc18823323e5/ru/002956	ru	1	фирсофу с филатовым позвоню, скажу, что такую херню пишите!
textdetox@01907546324b0330d2d8b7669648cc18823323e5/ru/002957	ru	1	долбоебизм полнейший, все россия умерает,великая страна.
textdetox@01907546324b0330d2d8b7669648cc18823323e5/ru/002958	ru	1	к своей башке присавь ствол дибил .
textdetox@01907546324b0330d2d8b7669648cc18823323e5/ru/002959	ru	1	для меня теперь это две блядины
textdetox@01907546324b0330d2d8b7669648cc18823323e5/ru/002960	ru	1	это что за хрень 2 раза поменял рыбу на клубных и 100 тысяч нет.это что вместо 5 тысяч по 50 снимают.вы там совсем охуели твари.верните мне деньги назад уроды мелочные.
textdetox@01907546324b0330d2d8b7669648cc18823323e5/ru/002961	ru	1	в общем и целом есть такая вонючая кучка либерастов-п***растов.
textdetox@01907546324b0330d2d8b7669648cc18823323e5/ru/002962	ru	1	которые всегда и во во всем видят только дерьмо.
textdetox@01907546324b0330d2d8b7669648cc18823323e5/ru/002963	ru	1	так вот, смысл их жизнедеятельности заключается в том, чтоб то дерьмо на вентилятор подбрасывать.
textdetox@01907546324b0330d2d8b7669648cc18823323e5/ru/002964	ru	1	чтоб как можно больше людей этим дерьмом накрыло.
textdetox@01907546324b0330d2d8b7669648cc18823323e5/ru/002965	ru	1	ребятушки админы и модераторы, вопрос к вам, ну на хрена такое дерьмо?
textdetox@01907546324b0330d2d8b7669648cc18823323e5/ru/002966	ru	1	так смейся педрила..только поглубже на бутылку насадись..ну и вскукарекни еще что нибудь,утешь себя хуесоска🤣🤣🤣
textdetox@01907546324b0330d2d8b7669648cc18823323e5/ru/002967	ru	1	еще надо было обосать эту тварь в джинсах
textdetox@01907546324b0330d2d8b7669648cc18823323e5/ru/002968	ru	1	а то при ваших комуняках дохуя умнее было дормоедов?
textdetox@01907546324b0330d2d8b7669648cc18823323e5/ru/002969	ru	1	могли бы суки и хотя бы червонцем наградить детям зта грамота нехер ненужна
textdetox@01907546324b0330d2d8b7669648cc18823323e5/ru/002970	ru	1	ты ни хуя не понимаешь и не видишь, кроме собственной кишки ненасытной.
textdetox@01907546324b0330d2d8b7669648cc18823323e5/ru/002971	ru	1	останьтесь дома не выходите на митинги не поддерживайте пендосов.
textdetox@01907546324b0330d2d8b7669648cc18823323e5/ru/002972	ru	1	не подведите нас не дайте либеральным петухам прийти к власти.
textdetox@01907546324b0330d2d8b7669648cc18823323e5/ru/002973	ru	1	тебе чмо лечиться надо а у меня не хуя учить.
textdetox@01907546324b0330d2d8b7669648cc18823323e5/ru/002974	ru	1	как же,вы, тролешлюшки, уже зацеловали
textdetox@01907546324b0330d2d8b7669648cc18823323e5/ru/002975	ru	1	?...вы о чём?...там половина пидоры, остальные - бывшие шестёрки, подлецы и предатели!...серпентарий!...
textdetox@01907546324b0330d2d8b7669648cc18823323e5/ru/002976	ru	1	тебя муж пиздит наверное, уебище срюцкое?
textdetox@01907546324b0330d2d8b7669648cc18823323e5/ru/002977	ru	1	его самого надо было запречь придурок.
textdetox@01907546324b0330d2d8b7669648cc18823323e5/ru/002978	ru	1	я его только за одну лишь пенсионную реформу за яйца подвесил бы, за развал россии на колыму!
textdetox@01907546324b0330d2d8b7669648cc18823323e5/ru/002979	ru	1	а хабаровск этого добьется, а вы сочи сидите ровно на жопе и ждите, когда за вас люди порешают!
textdetox@01907546324b0330d2d8b7669648cc18823323e5/ru/002980	ru	1	конечно можно сидеть и пиздеть, когда в г сочи вхреначили40 или 50 милиардов?роботяги хуевы!
textdetox@01907546324b0330d2d8b7669648cc18823323e5/ru/002981	ru	1	для твоей бабушки молочко и бублик недоступная роскошь по отношению к ее пенсии , поэтому совкодрочеры пошли нахуй со своими 5коп на метро 🚇 и 3 коп газ вода с сиропом!
textdetox@01907546324b0330d2d8b7669648cc18823323e5/ru/002982	ru	1	блядь ......но с хорошими формами...........
textdetox@01907546324b0330d2d8b7669648cc18823323e5/ru/002983	ru	1	какой только, дурак, выставляет таких уродок, называет их красивыми?
textdetox@01907546324b0330d2d8b7669648cc18823323e5/ru/002984	ru	1	юбку ибай сними.пидарас вечно юбку одеваешь.аульное быдло
textdetox@01907546324b0330d2d8b7669648cc18823323e5/ru/002985	ru	1	интересно а кто фотал ведь он один в пустыне.пиздабол
textdetox@01907546324b0330d2d8b7669648cc18823323e5/ru/002986	ru	1	ебланы уидет лукошенко у вас не будет тракторного завода
textdetox@01907546324b0330d2d8b7669648cc18823323e5/ru/002987	ru	1	лариска епать нуты и дура планета совсем недружишь с башкой ее
textdetox@01907546324b0330d2d8b7669648cc18823323e5/ru/002988	ru	1	а вы черноротая тупая дура, пойдите рот промойте.
textdetox@01907546324b0330d2d8b7669648cc18823323e5/ru/002989	ru	1	и что же ты тут делаешь и кого ищешь пиздоболка!!!!!!
textdetox@01907546324b0330d2d8b7669648cc18823323e5/ru/002990	ru	1	вот вы балаболы, хай бог помилует)))))) чмыри вы кого чмырите ?,,???
textdetox@01907546324b0330d2d8b7669648cc18823323e5/ru/002991	ru	1	вы суки жополизы вместе с горбачёвым и своей гласностю, плюаризмом , просрали продали прекрасную страну , которая называлась ссср а, теперь чмырите народ, что вернёте назад как вас назвать ?
textdetox@01907546324b0330d2d8b7669648cc18823323e5/ru/002992	ru	1	этот пидор просто кипятком ссыт... бобик сдох и конец американской марионетки близок....
textdetox@01907546324b0330d2d8b7669648cc18823323e5/ru/002993	ru	1	андрюха не заполней ленту всякой хуху (это твой хэйбол .
textdetox@01907546324b0330d2d8b7669648cc18823323e5/ru/002994	ru	1	я титов николай служил чучково чирчик дра кто против меня гадости пишет свяжитесь сомной пидорасы поговорим будем биться уроды.точто пишете вы больные пидоры
textdetox@01907546324b0330d2d8b7669648cc18823323e5/ru/002995	ru	1	а этот пидар себе богатого мужика походу нашел!!
textdetox@01907546324b0330d2d8b7669648cc18823323e5/ru/002996	ru	1	мужики не обращайте внимания на этого пидораса
textdetox@01907546324b0330d2d8b7669648cc18823323e5/ru/002997	ru	1	проголосовали за лебедя а он голоса отдад ебнутому,вот и вся правда.
textdetox@01907546324b0330d2d8b7669648cc18823323e5/ru/002998	ru	1	пидарасина выходит к воротам.. удар...
textdetox@01907546324b0330d2d8b7669648cc18823323e5/ru/002999	ru	1	это какой то урод--если в 44 года челюсть такая же, как в 9 лет
textdetox@01907546324b0330d2d8b7669648cc18823323e5/ru/003000	ru	1	пошол нахуй педик забыл у тебя спросить
textdetox@01907546324b0330d2d8b7669648cc18823323e5/ru/003001	ru	1	вы что полные лохи и дебилы.
textdetox@01907546324b0330d2d8b7669648cc18823323e5/ru/003002	ru	1	а девка тут причём, она прикреплена рукожопыми толлями.
textdetox@01907546324b0330d2d8b7669648cc18823323e5/ru/003003	ru	1	он общаться не умеет, аргументов нет, только оскорбления, даже с женщиной... он сам по себе блядоватый, пардон конечно.
textdetox@01907546324b0330d2d8b7669648cc18823323e5/ru/003004	ru	1	это пидоры хуже чем геи ..позор россии
textdetox@01907546324b0330d2d8b7669648cc18823323e5/ru/003005	ru	1	ебнутая тётка что б у тебя панос .всю жизнь был и рвота:d
textdetox@01907546324b0330d2d8b7669648cc18823323e5/ru/003006	ru	1	а вы скотское стадо людей травите и убивайте собак.
textdetox@01907546324b0330d2d8b7669648cc18823323e5/ru/003007	ru	1	привыкли суки воровать миллионами, вагонами и всё им сходит с рук, стрелять таких надо чтобы другим было не повадно😲какая власть, таких вокруг себя и собрали, ворюги
textdetox@01907546324b0330d2d8b7669648cc18823323e5/ru/003008	ru	1	что за пидрила мозги ебёт, послали бы его нахуй да и всё...🙈
textdetox@01907546324b0330d2d8b7669648cc18823323e5/ru/003009	ru	1	урод!8oi дай бог мальчику скорейшего выздоровления!
textdetox@01907546324b0330d2d8b7669648cc18823323e5/ru/003010	ru	1	шоха долбоеб, что он может ответить?
textdetox@01907546324b0330d2d8b7669648cc18823323e5/ru/003011	ru	1	а ты,тварь,себя уже в сверхчеловеки зачислила?не на народные деньги харю отъела?кто тебя выбирал?или как веника врио дегтярева назначил царь?
textdetox@01907546324b0330d2d8b7669648cc18823323e5/ru/003012	ru	1	у меня предыдущий говно висит на карту не качает
textdetox@01907546324b0330d2d8b7669648cc18823323e5/ru/003013	ru	1	возбуждение уголовного дела на всех пидоров которые избивали людей
textdetox@01907546324b0330d2d8b7669648cc18823323e5/ru/003014	ru	1	александр -мужчина , который четко пытается призвать падшее сучество -елизавету -милену ашотовну стать женщиной (если это не зек) а ты шлюха, не суди по себе .
textdetox@01907546324b0330d2d8b7669648cc18823323e5/ru/003015	ru	1	торговка пропитая, поощряешь разврат воровство фото форумчан и клонирование,а главное развратный тюремный сленг -.значит и сама такая же .порно художница и развратная старуха , фу у у у у .
textdetox@01907546324b0330d2d8b7669648cc18823323e5/ru/003016	ru	1	и пиши русским языком лохушка безграмотная (в приклонном ) преклонном возрасте .
textdetox@01907546324b0330d2d8b7669648cc18823323e5/ru/003017	ru	1	давай рисуй порнокартинки и пиши пошлые комментарии -это все на что вы здесь шлюшки голодранки способны .
textdetox@01907546324b0330d2d8b7669648cc18823323e5/ru/003018	ru	1	уебище, напишите нормально,вы,что не наши что-ли?
textdetox@01907546324b0330d2d8b7669648cc18823323e5/ru/003019	ru	1	да,чтоб вас всех в ливию,в югославию - под фосфорные бомбы,долбоебы!!!
textdetox@01907546324b0330d2d8b7669648cc18823323e5/ru/003020	ru	1	а какой пидор сделал этот фейк
textdetox@01907546324b0330d2d8b7669648cc18823323e5/ru/003021	ru	1	как земля таких уродов носит,чтоб руки у него отсохли
textdetox@01907546324b0330d2d8b7669648cc18823323e5/ru/003022	ru	1	а на платную парковку не рабоче-крестьянской быдло свою машину не может поставить и уважать других людей?
textdetox@01907546324b0330d2d8b7669648cc18823323e5/ru/003023	ru	1	мне посольство рф не даёт отказ от гражданства этой пидорашки!
textdetox@01907546324b0330d2d8b7669648cc18823323e5/ru/003024	ru	1	за какое место-он их душит.....кострюлеголовых...
textdetox@01907546324b0330d2d8b7669648cc18823323e5/ru/003025	ru	1	...ипать,ипать...кремлеботов как плесени...тьфу...
textdetox@01907546324b0330d2d8b7669648cc18823323e5/ru/003026	ru	1	шины нахер а вот газон здесь самый,самый ахуенный!!!!!!!!!!!!!!!!!!!!!!!
textdetox@01907546324b0330d2d8b7669648cc18823323e5/ru/003027	ru	1	быдлу не нужно образование...пусть подыхаю неграмотными...
textdetox@01907546324b0330d2d8b7669648cc18823323e5/ru/003028	ru	1	дебил.лучше бы в баню с женою сходил или с девушкой жаркой
textdetox@01907546324b0330d2d8b7669648cc18823323e5/ru/003029	ru	1	уебак, из за таких невинные страдают.
textdetox@01907546324b0330d2d8b7669648cc18823323e5/ru/003030	ru	1	админ ты по ходу ебанутый фантазёр:-d
textdetox@01907546324b0330d2d8b7669648cc18823323e5/ru/003031	ru	1	совсем ебанулся тварь в зоне его чтоб тоже поимели мразь
textdetox@01907546324b0330d2d8b7669648cc18823323e5/ru/003032	ru	1	вагнеровцы (грушники) убийцы ,путлеровские псы... мировые изгои и террористы,как и сам путлер -- карлик лилипут ))))))) отправились пидары в беларусь,чтобы контролировать ситуацию и по команде вмешаться... гамнюки !
textdetox@01907546324b0330d2d8b7669648cc18823323e5/ru/003033	ru	1	ты еще тут сука ебучая уебни отсуда
textdetox@01907546324b0330d2d8b7669648cc18823323e5/ru/003034	ru	1	а это дергующее чмо, ниочем, корявые понты
textdetox@01907546324b0330d2d8b7669648cc18823323e5/ru/003035	ru	1	недоумки... скоро людей начнут привязывать.
textdetox@01907546324b0330d2d8b7669648cc18823323e5/ru/003036	ru	1	с таким рублём и на фигу не хватит, блядь, довыбирались...
textdetox@01907546324b0330d2d8b7669648cc18823323e5/ru/003037	ru	1	как заебали, то проход в ноги и то валяние на полу... на улице так не сделаешь.
textdetox@01907546324b0330d2d8b7669648cc18823323e5/ru/003038	ru	1	у тебя инициалы дебильные.я работаю в медицине 30 лет.не пизди.развалили все ,что можно.в больничках , кроме физ.раствора уже ни хрена нет.это в москве вас убогих кормят.езжай за мкад..
textdetox@01907546324b0330d2d8b7669648cc18823323e5/ru/003039	ru	1	так ни кто не ставит лайки, а заработать ох как хочет, тварь продажная!
textdetox@01907546324b0330d2d8b7669648cc18823323e5/ru/003040	ru	1	плешивому псу совершенно похуй проблемы пенсионеров.
textdetox@01907546324b0330d2d8b7669648cc18823323e5/ru/003041	ru	1	?это равносильно поговорке-жену отдай дяде,а сам иди к бляди.....вот так и живём,господа-рабы......
textdetox@01907546324b0330d2d8b7669648cc18823323e5/ru/003042	ru	1	это тебе не цацки пецки в жопу песочек!!!
textdetox@01907546324b0330d2d8b7669648cc18823323e5/ru/003043	ru	1	не стоит жопу рвать на немецкий флаг- никто не оценит))) я бы бросила такого мужа и подала бы на алименты))) лучше иметь любовника, чем мудака рядом))
textdetox@01907546324b0330d2d8b7669648cc18823323e5/ru/003044	ru	1	что на твоё вымя мужики неклюют, кроме моего болбеса, так ты найди своего и показывай свои причендалы шлюха😬
textdetox@01907546324b0330d2d8b7669648cc18823323e5/ru/003045	ru	1	масква это быдлы каторые жрут всю стану
textdetox@01907546324b0330d2d8b7669648cc18823323e5/ru/003046	ru	1	скорее всего или купленные..... за бабло мать родную продадут, пиарщики хреновы
textdetox@01907546324b0330d2d8b7669648cc18823323e5/ru/003047	ru	1	красиво говорит, только всем надо за народ беспокоиться, а эти ебанаросы только о себе думают
textdetox@01907546324b0330d2d8b7669648cc18823323e5/ru/003048	ru	1	нd вы там охуели совсем друзь без в знака
textdetox@01907546324b0330d2d8b7669648cc18823323e5/ru/003049	ru	1	егэ из одноклассников устроили.итак дебилов немерено.
textdetox@01907546324b0330d2d8b7669648cc18823323e5/ru/003050	ru	1	острый на язык с бабами, ху.сос.
textdetox@01907546324b0330d2d8b7669648cc18823323e5/ru/003051	ru	1	та пидоров тут нет, ищи в другом месте.
textdetox@01907546324b0330d2d8b7669648cc18823323e5/ru/003052	ru	1	у оли ублюдочный жених у лены полный зал.
textdetox@01907546324b0330d2d8b7669648cc18823323e5/ru/003053	ru	1	сумашедшая космобабка, опять гонит дичь.... когда она уже приставится, мразь
textdetox@01907546324b0330d2d8b7669648cc18823323e5/ru/003054	ru	1	гнида жидовская сколько ты людей наебал тварь белым и пушистым жидом жочешь стать
textdetox@01907546324b0330d2d8b7669648cc18823323e5/ru/003055	ru	1	а почему не кто не видит говно вотошоп
textdetox@01907546324b0330d2d8b7669648cc18823323e5/ru/003056	ru	1	у вас в родне и то всяких тварей!!!!
textdetox@01907546324b0330d2d8b7669648cc18823323e5/ru/003057	ru	1	потому что некоторые мрази нажраться не могут
textdetox@01907546324b0330d2d8b7669648cc18823323e5/ru/003058	ru	1	сама бы она туда не влезла, явно упыри какие то затащили.
textdetox@01907546324b0330d2d8b7669648cc18823323e5/ru/003059	ru	1	ну и дура твоя жоппа и ты вместе фотографом.
textdetox@01907546324b0330d2d8b7669648cc18823323e5/ru/003060	ru	1	закрой уже свой еб...ник.
textdetox@01907546324b0330d2d8b7669648cc18823323e5/ru/003061	ru	1	в луганске он был...... если бы был, такую х...ю не писал бы.... козел
textdetox@01907546324b0330d2d8b7669648cc18823323e5/ru/003062	ru	1	эй пидор свой подтяни клитор а то когда ноешь им землю ты роешь в
textdetox@01907546324b0330d2d8b7669648cc18823323e5/ru/003063	ru	1	да здравствует лгбт блин фильм норм но сука все персонажи лг это перебор.
textdetox@01907546324b0330d2d8b7669648cc18823323e5/ru/003064	ru	1	хуеплета на лагере в пидарятник загнать
textdetox@01907546324b0330d2d8b7669648cc18823323e5/ru/003065	ru	1	очередной козел деньги зарабатывает на стариках.
textdetox@01907546324b0330d2d8b7669648cc18823323e5/ru/003066	ru	1	повезло этой дебильной твари в том , что народ донбаса не знает о любви паяца к бандерлоговским борцунам за нэньку
textdetox@01907546324b0330d2d8b7669648cc18823323e5/ru/003067	ru	1	а я бы помогла, твари конченые
textdetox@01907546324b0330d2d8b7669648cc18823323e5/ru/003068	ru	1	вот пидорасы смотрите кто нами нынче рулит
textdetox@01907546324b0330d2d8b7669648cc18823323e5/ru/003069	ru	1	уебучий «чтобы у тебя глаза видели до старости»
textdetox@01907546324b0330d2d8b7669648cc18823323e5/ru/003070	ru	1	ну не любят в россии пидарасню если.
textdetox@01907546324b0330d2d8b7669648cc18823323e5/ru/003071	ru	1	ты ебанутый на всю голову я лучше буду жить в псарне чем с тобой одним просто общаться
textdetox@01907546324b0330d2d8b7669648cc18823323e5/ru/003072	ru	1	вот так нужно всей страной,всем вместе.тогда меньше будет таких уродов.
textdetox@01907546324b0330d2d8b7669648cc18823323e5/ru/003073	ru	1	две... твари...одна другой хуже....
textdetox@01907546324b0330d2d8b7669648cc18823323e5/ru/003074	ru	1	опять сука ссыкливая написала, которая боится свою поганую морду показать.
textdetox@01907546324b0330d2d8b7669648cc18823323e5/ru/003075	ru	1	стукани в кремль, или кому ты там усираешься подлизать.
textdetox@01907546324b0330d2d8b7669648cc18823323e5/ru/003076	ru	1	эта шлюха публичная живет за счет отча!
textdetox@01907546324b0330d2d8b7669648cc18823323e5/ru/003077	ru	1	и это уебище че то тяфкает!!!!??
textdetox@01907546324b0330d2d8b7669648cc18823323e5/ru/003078	ru	1	из за пару пидарасов не можете обсуждать нацию.
textdetox@01907546324b0330d2d8b7669648cc18823323e5/ru/003079	ru	1	ни хуя ты не поймешь про что я!
textdetox@01907546324b0330d2d8b7669648cc18823323e5/ru/003080	ru	1	дааа!всеросиисская шалава затьявкала,почему про своего отца вора не вспоминает?в чей команде и был путлер?мразь конченная.
textdetox@01907546324b0330d2d8b7669648cc18823323e5/ru/003081	ru	1	сука раньше всё в бункер уходило, щас жмотьё бля сделали, что не уходит, сторожи теперь сиди богатство :-d разрабы уебанки конченные
textdetox@01907546324b0330d2d8b7669648cc18823323e5/ru/003082	ru	1	с твоей доходной внешностью лучше завалить ебало.
textdetox@01907546324b0330d2d8b7669648cc18823323e5/ru/003083	ru	1	нет не любим , он долбаеб потому что !
textdetox@01907546324b0330d2d8b7669648cc18823323e5/ru/003084	ru	1	странно что сам плешивый ублюдок молчит и сми не особо освещают события!^o)﻿
textdetox@01907546324b0330d2d8b7669648cc18823323e5/ru/003085	ru	1	пиздец,такую охинею я ещё не слышала...дааа не думала,ефремов такая скотина,
textdetox@01907546324b0330d2d8b7669648cc18823323e5/ru/003086	ru	1	а тебе уже видно головешку отбили.чего сидишь пес гавкаешь?иди мразь усатую защищать на улицу.
textdetox@01907546324b0330d2d8b7669648cc18823323e5/ru/003087	ru	1	ой такие противные люди особенно вот эта тварина забыла как ее толи олеся что ли короче мразота.
textdetox@01907546324b0330d2d8b7669648cc18823323e5/ru/003088	ru	1	это дебилы, лавочки надо под ток на ночь.
textdetox@01907546324b0330d2d8b7669648cc18823323e5/ru/003089	ru	1	у тебя говорит здесь гости:d :d :d :d бля уморы ..а бойко самая уморная кустовая шавка
textdetox@01907546324b0330d2d8b7669648cc18823323e5/ru/003090	ru	1	да вы все долбоебы это химия
textdetox@01907546324b0330d2d8b7669648cc18823323e5/ru/003091	ru	1	это без вопроса..... ебанутые те кто такой вопрос задает..
textdetox@01907546324b0330d2d8b7669648cc18823323e5/ru/003092	ru	1	пидрило продажная мразина убери свои лапы от россии
textdetox@01907546324b0330d2d8b7669648cc18823323e5/ru/003093	ru	1	ну прямо прапорщики везде дебилы, а на них все и держится!
textdetox@01907546324b0330d2d8b7669648cc18823323e5/ru/003094	ru	1	ещё всякая бандерлога сраная будет хрюкать,что и как нам делать с донбассом!!!
textdetox@01907546324b0330d2d8b7669648cc18823323e5/ru/003095	ru	1	кто это сделал, тот пидар дырявый!!
textdetox@01907546324b0330d2d8b7669648cc18823323e5/ru/003096	ru	1	да мне похуй видят не видят,задай вапрос пидоросам пока !
textdetox@01907546324b0330d2d8b7669648cc18823323e5/ru/003097	ru	1	строят на 2.7 трлн, а только на кипр в год выводят 6-7))) от ебанашка, нашел повод для гордости)
textdetox@01907546324b0330d2d8b7669648cc18823323e5/ru/003098	ru	1	100 тысяч дебилов по вашему выходят каждый день за фургала??
textdetox@01907546324b0330d2d8b7669648cc18823323e5/ru/003099	ru	1	?твоё счастье лошадь что ты эту хуйню не сказала в хабаровске!
textdetox@01907546324b0330d2d8b7669648cc18823323e5/ru/003100	ru	1	и из за рекламы где эти спортсмены хуйню несут, теперь и телевизор не смотрю...
textdetox@01907546324b0330d2d8b7669648cc18823323e5/ru/003101	ru	1	хуйло рукожопое, съездить на вахту край надо
textdetox@01907546324b0330d2d8b7669648cc18823323e5/ru/003102	ru	1	вы там знать нрзнаете ничего, а пиздите хрень!!!!
textdetox@01907546324b0330d2d8b7669648cc18823323e5/ru/003103	ru	1	чтобы у тебя пидор душевный хуй на лбу вырос за такие слова
textdetox@01907546324b0330d2d8b7669648cc18823323e5/ru/003104	ru	1	хорошо, что из жопной страны, бегут такие жопы, как вы.
textdetox@01907546324b0330d2d8b7669648cc18823323e5/ru/003105	ru	1	долбоеба ты в зеркале увидишь,и научись разговаривать с людьми, чучело!
textdetox@01907546324b0330d2d8b7669648cc18823323e5/ru/003106	ru	1	это какой засранец такую хуйню придумывает?
textdetox@01907546324b0330d2d8b7669648cc18823323e5/ru/003107	ru	1	пшла нахер , со своим поганым языком, корова о9абоченная.
textdetox@01907546324b0330d2d8b7669648cc18823323e5/ru/003108	ru	1	вот бегай и унижайся иут , своей ипанутостью и сплетнями , про наших детей.
textdetox@01907546324b0330d2d8b7669648cc18823323e5/ru/003109	ru	1	козлы ебаные 👎 👎 👎 👎 👎 👎 👎
textdetox@01907546324b0330d2d8b7669648cc18823323e5/ru/003110	ru	1	сашок пзьдец, позорище проебал последний бой!!!
textdetox@01907546324b0330d2d8b7669648cc18823323e5/ru/003111	ru	1	пидр пидг пидр личного ничего работа такая фоого
textdetox@01907546324b0330d2d8b7669648cc18823323e5/ru/003112	ru	1	как там в усропии пидорам живётся?
textdetox@01907546324b0330d2d8b7669648cc18823323e5/ru/003113	ru	1	витёк и хрень какая-то ольга -это вам клоуны от павла терского по самы гланды!!
textdetox@01907546324b0330d2d8b7669648cc18823323e5/ru/003114	ru	1	прости знаю что не читаешь но ты конченная блять хотя говорила и другое чтоьбез разницв атсамаьтрахаешься как только я лег под нож
textdetox@01907546324b0330d2d8b7669648cc18823323e5/ru/003115	ru	1	надо не страну срать ,а наше правительство !
textdetox@01907546324b0330d2d8b7669648cc18823323e5/ru/003116	ru	1	путяшины шлюхи конченые и продажный пидорасы
textdetox@01907546324b0330d2d8b7669648cc18823323e5/ru/003117	ru	1	об о ебаоф если мужчина думает что он меняет женщин как перчатки он заблуждается он просто ходит по рукам как проститутка
textdetox@01907546324b0330d2d8b7669648cc18823323e5/ru/003118	ru	1	завидуйте молча сучки что мой спешит ко мне а не к вам :d :d :d :d 💋и даже не пытайся 😜😜😜😜💋💋
textdetox@01907546324b0330d2d8b7669648cc18823323e5/ru/003119	ru	1	не, ну я знала, что они ебанушки, а что это диагноз.... даже радует, теперь все пазлы сложились, не стоит больше кубатурить в чём причина:d
textdetox@01907546324b0330d2d8b7669648cc18823323e5/ru/003120	ru	1	если не забрал , то такая же тварь а может специально для рекламы ?
textdetox@01907546324b0330d2d8b7669648cc18823323e5/ru/003121	ru	1	как и сейчас стадо вислоухих молятся на плешивую крысу и желают, что бы он жил вечно, точнее она (крыса) обнулёныш всероссийский.
textdetox@01907546324b0330d2d8b7669648cc18823323e5/ru/003122	ru	1	скотина кто тебя держит в россии, просрался!!!!!!!
textdetox@01907546324b0330d2d8b7669648cc18823323e5/ru/003123	ru	1	идиотские вопросы вы идиоты если пишете не пишите всякий бред идиоты
textdetox@01907546324b0330d2d8b7669648cc18823323e5/ru/003124	ru	1	там пидоры заседают, поэтому женщинам там норм.
textdetox@01907546324b0330d2d8b7669648cc18823323e5/ru/003125	ru	1	ты ебнутый на все свои 3% мозгов.
textdetox@01907546324b0330d2d8b7669648cc18823323e5/ru/003126	ru	1	привили всякую дрянь + выросло не одно поколение откровенных дебилов
textdetox@01907546324b0330d2d8b7669648cc18823323e5/ru/003127	ru	1	!сука что бы было пусто такой мрази уёбок!!!
textdetox@01907546324b0330d2d8b7669648cc18823323e5/ru/003128	ru	1	таких тварей в окружении окурка тьма.
textdetox@01907546324b0330d2d8b7669648cc18823323e5/ru/003129	ru	1	это не тупость а пиздёшь либерастутки или хомячка анального.
textdetox@01907546324b0330d2d8b7669648cc18823323e5/ru/003130	ru	1	долбаёбы, они не понимают, что с этой же самой водки, будут такой же похмель как с обычной водки 😄
textdetox@01907546324b0330d2d8b7669648cc18823323e5/ru/003131	ru	1	одна дура но найдется за это и любим подруг.
textdetox@01907546324b0330d2d8b7669648cc18823323e5/ru/003132	ru	1	иди на хуй вафля выебанная )))) сосалка дырявая ))))
textdetox@01907546324b0330d2d8b7669648cc18823323e5/ru/003133	ru	1	какаш, белорусы для россиян братский народ и не пизди здесь много, нацик.
textdetox@01907546324b0330d2d8b7669648cc18823323e5/ru/003134	ru	1	пидары и шлюхи собирают сифилис..и всё говно везут в москву ..
textdetox@01907546324b0330d2d8b7669648cc18823323e5/ru/003135	ru	1	!это последний мой коммент тебе,и так уж слишком много времени на тя потратила!убери смайл полины ,не будь совсем дурой,не к месту она в твоем гнилье
textdetox@01907546324b0330d2d8b7669648cc18823323e5/ru/003136	ru	1	где дурачком где простачком говнюк сраный
textdetox@01907546324b0330d2d8b7669648cc18823323e5/ru/003137	ru	1	когда на он послал меня хй я начала к раздеваться такому ни х бй он ни готовы не были поднялись только брови
textdetox@01907546324b0330d2d8b7669648cc18823323e5/ru/003138	ru	1	всех ублюдков лешить всего и под суд !
textdetox@01907546324b0330d2d8b7669648cc18823323e5/ru/003139	ru	1	как ласково мы его называем, боже мой , и это в надписи (кто там следующий ревнивчик ,убив￼чик, уродик...
textdetox@01907546324b0330d2d8b7669648cc18823323e5/ru/003140	ru	1	сколько же вас дормоедов развели,а край как был в жопе так и есть!
textdetox@01907546324b0330d2d8b7669648cc18823323e5/ru/003141	ru	1	завяжи свой хуй узелком пидор вы чмыри малолетние и
textdetox@01907546324b0330d2d8b7669648cc18823323e5/ru/003142	ru	1	вот на сурка ездили сравнивали коробки !и в конце финт на чз отлетел екстрактор сьвязались с новосибом чем стреляли экстрой идите на хуй!чз бракованный!
textdetox@01907546324b0330d2d8b7669648cc18823323e5/ru/003143	ru	1	а где же зинченко, краснописькин, пидоры молчите?
textdetox@01907546324b0330d2d8b7669648cc18823323e5/ru/003144	ru	1	латыш своим запором хвастается у шуха , чухонец пиздец
textdetox@01907546324b0330d2d8b7669648cc18823323e5/ru/003145	ru	1	идите нахуй, черти ибаные, со своими сраными лозунгами.
textdetox@01907546324b0330d2d8b7669648cc18823323e5/ru/003146	ru	1	еблан косоглазый имбецил дмитрий под ником варава он же под ником алтай восток я алтайский пидор sч пос бао
textdetox@01907546324b0330d2d8b7669648cc18823323e5/ru/003147	ru	1	рот вымой и искупайся , вонючка, от тебя так и несет вонью с общ туалета
textdetox@01907546324b0330d2d8b7669648cc18823323e5/ru/003148	ru	1	срок лет так 25,дать надо этому умнику,и пусть сука сидит.
textdetox@01907546324b0330d2d8b7669648cc18823323e5/ru/003149	ru	1	идиот, а не адвокат.... будет денежки сосать с убийцы, лучше бы моральный вред выплатили потерпевшим....
textdetox@01907546324b0330d2d8b7669648cc18823323e5/ru/003150	ru	1	а почему лопатку для жопы не продемонстрировать!
textdetox@01907546324b0330d2d8b7669648cc18823323e5/ru/003151	ru	1	?вы когда группу перестанете засорять?олигофрены.
textdetox@01907546324b0330d2d8b7669648cc18823323e5/ru/003152	ru	1	скорее вас муж чмокнутой женщины найдет быстрее чем ваша жена.
textdetox@01907546324b0330d2d8b7669648cc18823323e5/ru/003153	ru	1	я и в твоей тюрьме хлеб с маслом есть буду - не твои пидор!
textdetox@01907546324b0330d2d8b7669648cc18823323e5/ru/003154	ru	1	опять какой то мудозвон появился...провокатор.
textdetox@01907546324b0330d2d8b7669648cc18823323e5/ru/003155	ru	1	да конченный таракан..просто заебал всех этот долбанный колхозник
textdetox@01907546324b0330d2d8b7669648cc18823323e5/ru/003156	ru	1	оглох додон ты тебе народ уже открытым текстом кричит нахуй иди vеzи тгаdисегеа
textdetox@01907546324b0330d2d8b7669648cc18823323e5/ru/003157	ru	1	отпуск бля он проводит в германии :d :d, там своих беженцев хватает, ещё тебя чумазого содержать.
textdetox@01907546324b0330d2d8b7669648cc18823323e5/ru/003158	ru	1	она старая кляча узбекская😂😂😂 программу не наебешь
textdetox@01907546324b0330d2d8b7669648cc18823323e5/ru/003159	ru	1	лидеры, навольнята и всякая мразь слетевшись народ бузить.
textdetox@01907546324b0330d2d8b7669648cc18823323e5/ru/003160	ru	1	за эти вещи сейчас статья до 5лет,а там он станет пидором.настоящим!!
textdetox@01907546324b0330d2d8b7669648cc18823323e5/ru/003161	ru	1	во время надо воспитывать,чтоб потом зря дибилов не лупить.
textdetox@01907546324b0330d2d8b7669648cc18823323e5/ru/003162	ru	1	тебе, пидарасу, видно все мозги уже давно отбили!
textdetox@01907546324b0330d2d8b7669648cc18823323e5/ru/003163	ru	1	а хули тогда народ на улицу вышел, идите им покажите ваши 9 мифов, они вас за плюют, вместе с вашими мифами!!
textdetox@01907546324b0330d2d8b7669648cc18823323e5/ru/003164	ru	1	ну ты и гондон,тебя туда обосрёшъся напрочь.😈😈
textdetox@01907546324b0330d2d8b7669648cc18823323e5/ru/003165	ru	1	ты мразь почему стыдишься русского языка ?
textdetox@01907546324b0330d2d8b7669648cc18823323e5/ru/003166	ru	1	я смотрю ты далёкий.. дб..))
textdetox@01907546324b0330d2d8b7669648cc18823323e5/ru/003167	ru	1	что дураков нашли хуйню такую показывать
textdetox@01907546324b0330d2d8b7669648cc18823323e5/ru/003168	ru	1	ебанутые.... пиздец.. сколько не адекватных людей на планете... (md)
textdetox@01907546324b0330d2d8b7669648cc18823323e5/ru/003169	ru	1	ну пиздез такие умные пропагандисты как и если он у власти 20 лет он уже великий человек???
textdetox@01907546324b0330d2d8b7669648cc18823323e5/ru/003170	ru	1	идиоты гитлер у власти был примерно столько, он по вашему тоже великий???
textdetox@01907546324b0330d2d8b7669648cc18823323e5/ru/003171	ru	1	вот эта блять политика пиздец какая нахер перемирие блин довно уже весь домбасс жил спокойно.как получат пиздюлей сразу перемирие.
textdetox@01907546324b0330d2d8b7669648cc18823323e5/ru/003172	ru	1	каждый год, найдётся пьяный дебил, который даже праздник достойно отметить не может🤷‍♂️
textdetox@01907546324b0330d2d8b7669648cc18823323e5/ru/003173	ru	1	я дв и эту суку знаю не по наслышке.
textdetox@01907546324b0330d2d8b7669648cc18823323e5/ru/003174	ru	1	тем более когда пару раз повторишь любую хуйню - сам начнешь в нее верить!
textdetox@01907546324b0330d2d8b7669648cc18823323e5/ru/003175	ru	1	какой мудак, выложил этот пост, вы блядь что жили хорошо при ельцыне или горбаче радуйтесь сука что живёте спокойно без войны.
textdetox@01907546324b0330d2d8b7669648cc18823323e5/ru/003176	ru	1	её руки,за хуй в реале
textdetox@01907546324b0330d2d8b7669648cc18823323e5/ru/003177	ru	1	ну она -же просто уебище ,кто там что-то находит.
textdetox@01907546324b0330d2d8b7669648cc18823323e5/ru/003178	ru	1	вот идиот дадумолся куда ребенка посадить бестолачь
textdetox@01907546324b0330d2d8b7669648cc18823323e5/ru/003179	ru	1	млять , кто считал или считает этого ублюдка ефремова великим актером??????
textdetox@01907546324b0330d2d8b7669648cc18823323e5/ru/003180	ru	1	почему эта сволочь до сих пор на свободе...!
textdetox@01907546324b0330d2d8b7669648cc18823323e5/ru/003181	ru	1	слышь курица ты бы не оскорбляла бы наций не которые тебя реально могут поймать язык твой засунут кое куда
textdetox@01907546324b0330d2d8b7669648cc18823323e5/ru/003182	ru	1	на такую шею хрен залезешь и на пьяной козе ни хуху не объедешь.никакой он не петровский,мудаков её фамилиё...
textdetox@01907546324b0330d2d8b7669648cc18823323e5/ru/003183	ru	1	а вся эта поебень ради выборов .
textdetox@01907546324b0330d2d8b7669648cc18823323e5/ru/003184	ru	1	да ему по хую он от этого кайфует сука
textdetox@01907546324b0330d2d8b7669648cc18823323e5/ru/003185	ru	1	молодец разебал тварей и мазей ублютки еврейские единоросы
textdetox@01907546324b0330d2d8b7669648cc18823323e5/ru/003186	ru	1	надо не запрещать а ебашить последователей кто ходит на нее.
textdetox@01907546324b0330d2d8b7669648cc18823323e5/ru/003187	ru	1	нечего долбаебам плодится и собчак и многих еще псевдопевцов.
textdetox@01907546324b0330d2d8b7669648cc18823323e5/ru/003188	ru	1	тогда им х... по большой морде а не аренду
textdetox@01907546324b0330d2d8b7669648cc18823323e5/ru/003189	ru	1	эта падла дохуя в чём виновен8oi
textdetox@01907546324b0330d2d8b7669648cc18823323e5/ru/003190	ru	1	- да ты сучара не помнишь какой год ...в таком состаянии ... гореть тебе в аду......
textdetox@01907546324b0330d2d8b7669648cc18823323e5/ru/003191	ru	1	одни пиздаболки пиздять как надо что в городе мужиков нетто познакомиться
textdetox@01907546324b0330d2d8b7669648cc18823323e5/ru/003192	ru	1	сам ты обсосок дебил холуй петушачий
textdetox@01907546324b0330d2d8b7669648cc18823323e5/ru/003193	ru	1	во тунеядцам делать не хуй....по (понятиям) живут фраера....
textdetox@01907546324b0330d2d8b7669648cc18823323e5/ru/003194	ru	1	2020. утро,7.45..... вряд ли эти утырки заседают ночью
textdetox@01907546324b0330d2d8b7669648cc18823323e5/ru/003195	ru	1	пиздализы хуевы тут собрались идите работайте чтоб таких ш ар ебать.
textdetox@01907546324b0330d2d8b7669648cc18823323e5/ru/003196	ru	1	расплодились пидаросня и лесбизянки, как тараканы, вокруг один разврат и извращенцы, а нормальных людей всё меньше и меньше.
textdetox@01907546324b0330d2d8b7669648cc18823323e5/ru/003197	ru	1	и хочется задать вопрос господу: когда ж наконец наступит второй всемирный потоп, чтоб эту погань смыло с лица земли, как дерьмо в унитаз.
textdetox@01907546324b0330d2d8b7669648cc18823323e5/ru/003198	ru	1	разве там советуют на жопу приматывать👎(sr)
textdetox@01907546324b0330d2d8b7669648cc18823323e5/ru/003199	ru	1	ничего не планирует и плывет, как говно.
textdetox@01907546324b0330d2d8b7669648cc18823323e5/ru/003200	ru	1	что она пиздоболка муж ию говорит денег нет у них а она маску заказывает дорогую несколько тыс
textdetox@01907546324b0330d2d8b7669648cc18823323e5/ru/003201	ru	1	блядь работа была зарплата была производства работали такой парад провёл красава !
textdetox@01907546324b0330d2d8b7669648cc18823323e5/ru/003202	ru	1	праститутка мытищенская ты ни чего не стоишь .
textdetox@01907546324b0330d2d8b7669648cc18823323e5/ru/003203	ru	1	чета не нравиться мне этот пидарок
textdetox@01907546324b0330d2d8b7669648cc18823323e5/ru/003204	ru	1	когда извините за резкость выкините из ленты мудака рублева сего ножами !
textdetox@01907546324b0330d2d8b7669648cc18823323e5/ru/003205	ru	1	!он уже совсем охуел рекламирует нацисткие кастеты !
textdetox@01907546324b0330d2d8b7669648cc18823323e5/ru/003206	ru	1	в очко натолкать эти миллиарды ненасытные твари
textdetox@01907546324b0330d2d8b7669648cc18823323e5/ru/003207	ru	1	лукашенко и его холуи трусливые шизоидные пидарасы.
textdetox@01907546324b0330d2d8b7669648cc18823323e5/ru/003208	ru	1	сука позорная а сама тварь не нахлебник за счёт народа живёт гадина.
textdetox@01907546324b0330d2d8b7669648cc18823323e5/ru/003209	ru	1	пошла ты на хуй и тот кто тебя выставил
textdetox@01907546324b0330d2d8b7669648cc18823323e5/ru/003210	ru	1	жирик предал фургала жопой крутит скомарох
textdetox@01907546324b0330d2d8b7669648cc18823323e5/ru/003211	ru	1	какое уебанное еблищек у этой шлюхи.
textdetox@01907546324b0330d2d8b7669648cc18823323e5/ru/003212	ru	1	видимо гнилая душа отпечаталась на этом еблище.
textdetox@01907546324b0330d2d8b7669648cc18823323e5/ru/003213	ru	1	жирная , ты тут всем нахуй насрала
textdetox@01907546324b0330d2d8b7669648cc18823323e5/ru/003214	ru	1	а вам можно сволочам убивать детей донбасса.
textdetox@01907546324b0330d2d8b7669648cc18823323e5/ru/003215	ru	1	сколько лет вы проливаете кровь бандеровские ублюдки.
textdetox@01907546324b0330d2d8b7669648cc18823323e5/ru/003216	ru	1	пиздёшь всё это тот парень погиб в бою тот кр то поднял эту тему полное дерьмо сука последняя
textdetox@01907546324b0330d2d8b7669648cc18823323e5/ru/003217	ru	1	во первых идиотом являешься тут ты во вторых изначально я к тебе обращался на вы и не оскорблял оказывается к тебе надо было отвечать как дибилу
textdetox@01907546324b0330d2d8b7669648cc18823323e5/ru/003218	ru	1	дебил а причём тут устав, я тебе говорю что ты баран и быдло а ты мне про устав олень
textdetox@01907546324b0330d2d8b7669648cc18823323e5/ru/003219	ru	1	dигеvеsтпик смутноевремя интернете чем пишут в в про какое хуйло основном то да интернет надо отключать
textdetox@01907546324b0330d2d8b7669648cc18823323e5/ru/003220	ru	1	- да, сплю блять... - ну и спи блять!
textdetox@01907546324b0330d2d8b7669648cc18823323e5/ru/003221	ru	1	очень сильно жалко валечку,нашла себе какого то урода блядь, никогда нигде не рисовалась,как некоторые звёзды,жила себе и жила .такая молодая...светлая память тебе ягода-малина!
textdetox@01907546324b0330d2d8b7669648cc18823323e5/ru/003222	ru	1	походу он не только ,,петух,, но и садомазо,раз в такой день вышел с плакатом.вообщем мужикам аплодирую👏 👏 👏
textdetox@01907546324b0330d2d8b7669648cc18823323e5/ru/003223	ru	1	загубить такую красавицу,это надо быть просто нелюдями, надо жестоко наказывать таких двуногих тварей за жестокое отношение к животным
textdetox@01907546324b0330d2d8b7669648cc18823323e5/ru/003224	ru	1	сомневаюсь что в семинарии учат брать бабло за богослужение...пидар бородатый.
textdetox@01907546324b0330d2d8b7669648cc18823323e5/ru/003225	ru	1	блядь шах мат и без мата а можно блядь шах и
textdetox@01907546324b0330d2d8b7669648cc18823323e5/ru/003226	ru	1	дебилы самые настоящие.абсолютная деградация в головах!!
textdetox@01907546324b0330d2d8b7669648cc18823323e5/ru/003227	ru	1	так такие вот ублюдки все гектары в россии и обосрали !
textdetox@01907546324b0330d2d8b7669648cc18823323e5/ru/003228	ru	1	суки уже пол гроба из жопы торчит, а хер из политики уходят.
textdetox@01907546324b0330d2d8b7669648cc18823323e5/ru/003229	ru	1	ахаха,дураки,я думала что-то готовить будет
textdetox@01907546324b0330d2d8b7669648cc18823323e5/ru/003230	ru	1	вы - позорная, ссыкливая нация, ни родины, ни флага.
textdetox@01907546324b0330d2d8b7669648cc18823323e5/ru/003231	ru	1	на странице поставил москва, своей нацией назывешь других, типа оскорбление, типа сам не при чём, фотки кидаешь, то с хоямом, то кавквзцами, хвостопады ебаные, нло
textdetox@01907546324b0330d2d8b7669648cc18823323e5/ru/003232	ru	1	проста какая-то шлухо не хочит себя лайк паставит
textdetox@01907546324b0330d2d8b7669648cc18823323e5/ru/003233	ru	1	сидишь дед володька на толстой заднице и пердишь, вонючка бездарная!
textdetox@01907546324b0330d2d8b7669648cc18823323e5/ru/003234	ru	1	суки бил бы свою мать так.
textdetox@01907546324b0330d2d8b7669648cc18823323e5/ru/003235	ru	1	от чего ты грустна моя милая тебе милая чего от больно унылая что ты снова такая чем ты вечно пизда недовольна
textdetox@01907546324b0330d2d8b7669648cc18823323e5/ru/003236	ru	1	.....надеюсь, мордовской каманды ногожопой и кривоногой, мнящей себя межпланетными звёздами, не будет?
textdetox@01907546324b0330d2d8b7669648cc18823323e5/ru/003237	ru	1	это наверно на видео ты, долбаеб, по этому очко рвешь свое!?
textdetox@01907546324b0330d2d8b7669648cc18823323e5/ru/003238	ru	1	ты не только болобол а даже пиздабол
textdetox@01907546324b0330d2d8b7669648cc18823323e5/ru/003239	ru	1	автор иди ты на хуй со своими классами деду они и на хуй не нужны
textdetox@01907546324b0330d2d8b7669648cc18823323e5/ru/003240	ru	1	как мужика можно назвать зай фу до рыготины противно💩
textdetox@01907546324b0330d2d8b7669648cc18823323e5/ru/003241	ru	1	и этим все сказано будете холопы хуйла
textdetox@01907546324b0330d2d8b7669648cc18823323e5/ru/003242	ru	1	дебилы, - они и во львове дебилы, но уже с большой буквы!!
textdetox@01907546324b0330d2d8b7669648cc18823323e5/ru/003243	ru	1	грозный идиот в 94 года покоряли и охуенно покорили, что куча солдат полегло.
textdetox@01907546324b0330d2d8b7669648cc18823323e5/ru/003244	ru	1	а тебя пидараста ни кто и не спрашивал ,ваших румын... под моим воронежем и следа не осталось... одни захоронения...
textdetox@01907546324b0330d2d8b7669648cc18823323e5/ru/003245	ru	1	её со свиным р.... пора вывести на улицу и отправить по летнице вниз .
textdetox@01907546324b0330d2d8b7669648cc18823323e5/ru/003246	ru	1	пиндосы рвут и мечут, и ничего сделать немогут, только своей сраной бумагой покупают халуёв - предателей.
textdetox@01907546324b0330d2d8b7669648cc18823323e5/ru/003247	ru	1	...федосик, ну ты и сволота ！ какого хрена ты сидишь в этой “прогнившей коррупц.россии”, если только троллишь, а не уе...из нее ?
textdetox@01907546324b0330d2d8b7669648cc18823323e5/ru/003248	ru	1	осталось хуйло и лукаша на нары
textdetox@01907546324b0330d2d8b7669648cc18823323e5/ru/003249	ru	1	,.баранова,, овца драная..побираться пришла))
textdetox@01907546324b0330d2d8b7669648cc18823323e5/ru/003250	ru	1	что этот пидар несет кто-нибудь заткнити ему рот
textdetox@01907546324b0330d2d8b7669648cc18823323e5/ru/003251	ru	1	твоё очко уходит в пользу форума!
textdetox@01907546324b0330d2d8b7669648cc18823323e5/ru/003252	ru	1	привет,саша!а они все поголовно говнолитики,экспёрды и спиздыалисты во всех имеющихся отраслях.а по факту-гопота навозная.
textdetox@01907546324b0330d2d8b7669648cc18823323e5/ru/003253	ru	1	разве пиздабол может врать целых 20 лет путилойды говорят он не врет он просто пиздит п и з д а б о л и щ е
textdetox@01907546324b0330d2d8b7669648cc18823323e5/ru/003254	ru	1	я против ер, но народ, вы вообще охуели
textdetox@01907546324b0330d2d8b7669648cc18823323e5/ru/003255	ru	1	давно пора бульбаша прижучить морда ахреневшая .
textdetox@01907546324b0330d2d8b7669648cc18823323e5/ru/003256	ru	1	я вижу ты даже не скрываешь, что ты шакал госдеповский.
textdetox@01907546324b0330d2d8b7669648cc18823323e5/ru/003257	ru	1	это какой надо быть мразью, чтоб пиндосам жопу лизать?
textdetox@01907546324b0330d2d8b7669648cc18823323e5/ru/003258	ru	1	в последнее время пиндосы активировались: то задержание чвк, то хабаровск...нельзя вот так, начитавшись интернета сразу делать выводы и кричать ;ату, его, ату!!!
textdetox@01907546324b0330d2d8b7669648cc18823323e5/ru/003259	ru	1	видимо тебе молотом по голове и серпом по яйцaм хуйнули......a герб в рот зaсунули ok.ru/profile/569762549707/album/856803861963/897348986315
textdetox@01907546324b0330d2d8b7669648cc18823323e5/ru/003260	ru	1	хватит уже мусолить, тварь, она и в африке тварь!!!!
textdetox@01907546324b0330d2d8b7669648cc18823323e5/ru/003261	ru	1	!°нет ефремова, есть наркоман, лживый, мерзкий, изворотливый...
textdetox@01907546324b0330d2d8b7669648cc18823323e5/ru/003262	ru	1	когда вурдалак с упырями у власти , народу придет полный пиздец
textdetox@01907546324b0330d2d8b7669648cc18823323e5/ru/003263	ru	1	вы нечисть, кто кому платит,вы там зажрались в краснодаре, несете всякую чушь.хорошо живете тупорылые.
textdetox@01907546324b0330d2d8b7669648cc18823323e5/ru/003264	ru	1	взрослый человек ... а пишешь как осел ебучий
textdetox@01907546324b0330d2d8b7669648cc18823323e5/ru/003265	ru	1	гнать из минска послов пшеков приебалтов бандер пиндосов и соединятся с россией все будет тип топ
textdetox@01907546324b0330d2d8b7669648cc18823323e5/ru/003266	ru	1	страна козлов и баранов голосуешь за худого глядь через год сидит кабан в еще меня телевизоре рожа что жопа как жить гад учит брат
textdetox@01907546324b0330d2d8b7669648cc18823323e5/ru/003267	ru	1	константин ты прав у нас стала страна которой упровляют одни пидоры
textdetox@01907546324b0330d2d8b7669648cc18823323e5/ru/003268	ru	1	уа ха ха пидар быстро я вычеслил что ты гей по женским фото?😂👎
textdetox@01907546324b0330d2d8b7669648cc18823323e5/ru/003269	ru	1	свой тyпoй выхлоп можешь свернуть в трубочку и задвинуть себе в место, которым думаешь...то есть в жопу
textdetox@01907546324b0330d2d8b7669648cc18823323e5/ru/003270	ru	1	иди на х,,, й своими протертыми джинсами гандон!!!
textdetox@01907546324b0330d2d8b7669648cc18823323e5/ru/003271	ru	1	надо было в башку ему вьехать, это жидовский пародист и чмо?
textdetox@01907546324b0330d2d8b7669648cc18823323e5/ru/003272	ru	1	вот такие долбоёбы и управляют страной
textdetox@01907546324b0330d2d8b7669648cc18823323e5/ru/003273	ru	1	рублей выходят на митинг...всех на карандаш...чтоб таких мразей небыло у нас в россии
textdetox@01907546324b0330d2d8b7669648cc18823323e5/ru/003274	ru	1	пидор страна ну по тому что кто у руля
textdetox@01907546324b0330d2d8b7669648cc18823323e5/ru/003275	ru	1	чтобы у тебя пидара руки отсохли за такие надписи ... иуда , иногда головой думай что пишешь!
textdetox@01907546324b0330d2d8b7669648cc18823323e5/ru/003276	ru	1	скатилась ты пиздимеюшка до прозаического быдлячества.
textdetox@01907546324b0330d2d8b7669648cc18823323e5/ru/003277	ru	1	гиены подобие шакалов -существа дюже мерзкие... ...
textdetox@01907546324b0330d2d8b7669648cc18823323e5/ru/003278	ru	1	стань долбаёбом официально, получи гражданство россии!)))
textdetox@01907546324b0330d2d8b7669648cc18823323e5/ru/003279	ru	1	всеми силами это пидорьё пытается протощить боевую вакцину, погибнет много очнитесь люди.
textdetox@01907546324b0330d2d8b7669648cc18823323e5/ru/003280	ru	1	будут хуярить на лабусав..и. пшека.
textdetox@01907546324b0330d2d8b7669648cc18823323e5/ru/003281	ru	1	странно, почему то не поставила до сих пор этих тварей на колени.
textdetox@01907546324b0330d2d8b7669648cc18823323e5/ru/003282	ru	1	бля как вы достали со своими тупыми вопросами
textdetox@01907546324b0330d2d8b7669648cc18823323e5/ru/003283	ru	1	этот тупой мойщик машину пеной залил, а хозяин долбоёб???.
textdetox@01907546324b0330d2d8b7669648cc18823323e5/ru/003284	ru	1	какие уроды, это же пидоры натуральные, и в кортеже тоже
textdetox@01907546324b0330d2d8b7669648cc18823323e5/ru/003285	ru	1	позорники, алкаши, не хуя бухать, если жена пилит.
textdetox@01907546324b0330d2d8b7669648cc18823323e5/ru/003286	ru	1	хочется плюнуть в их наглые, противные рожи, мрази
textdetox@01907546324b0330d2d8b7669648cc18823323e5/ru/003287	ru	1	власть уебков хуй вы остановите хабаровск стадо некчемных
textdetox@01907546324b0330d2d8b7669648cc18823323e5/ru/003288	ru	1	не избавиться, а сама хочет подсадить белорусов только на пиндосовскую иглу.
textdetox@01907546324b0330d2d8b7669648cc18823323e5/ru/003289	ru	1	да уж,с таким уебаном мне тягаться не с руки.
textdetox@01907546324b0330d2d8b7669648cc18823323e5/ru/003290	ru	1	пиндосы сказали, что он демократ и вся шушера кричит:де-мо-крат!!!
textdetox@01907546324b0330d2d8b7669648cc18823323e5/ru/003291	ru	1	пиндосы сказали, что и. в. сталин палач и опять вся шушера хором:па-лач!!!
textdetox@01907546324b0330d2d8b7669648cc18823323e5/ru/003292	ru	1	цирк и клоунада... все в полной войсковой экиперовке , как будь то только с позиций пришли... но сука чистенькие и вымытые.. и бля в масках от короновируса..!!!!
textdetox@01907546324b0330d2d8b7669648cc18823323e5/ru/003293	ru	1	если человек идиот ациональност не имеет значения
textdetox@01907546324b0330d2d8b7669648cc18823323e5/ru/003294	ru	1	эти твари давно охуели а мы все терпим!!!
textdetox@01907546324b0330d2d8b7669648cc18823323e5/ru/003295	ru	1	а ты блять хорошая рот закрой
textdetox@01907546324b0330d2d8b7669648cc18823323e5/ru/003296	ru	1	иной раз убеждаюсь что все кутюрье гомики а точнее долбаебы
textdetox@01907546324b0330d2d8b7669648cc18823323e5/ru/003297	ru	1	вытащи хуй криворылого выпиздыша сраного максика жукова из глаз, посмотри на себя в зеркало, ростелекомная блядь
textdetox@01907546324b0330d2d8b7669648cc18823323e5/ru/003298	ru	1	на стройку эту блядь старую пусть стены штукатурит
textdetox@01907546324b0330d2d8b7669648cc18823323e5/ru/003299	ru	1	этим пидорасам имя лохмачи больше они не заслужевают
textdetox@01907546324b0330d2d8b7669648cc18823323e5/ru/003300	ru	1	а его мразь выпускали на сцену .
textdetox@01907546324b0330d2d8b7669648cc18823323e5/ru/003301	ru	1	а какого же х-я ты мразь ползаешь по российским сайтам лижи пиндосам жопу на их сайтах
textdetox@01907546324b0330d2d8b7669648cc18823323e5/ru/003302	ru	1	а урод то сидит на уроде и уродоп аругим погоняет и это всё при народе который приветствует вроде и всё бы одобряет вроде
textdetox@01907546324b0330d2d8b7669648cc18823323e5/ru/003303	ru	1	не просто устал ты просто весь народ заебал
textdetox@01907546324b0330d2d8b7669648cc18823323e5/ru/003304	ru	1	долбоеба кусок, слов нет одни эмоции.
textdetox@01907546324b0330d2d8b7669648cc18823323e5/ru/003305	ru	1	как таких долбаебов вообще земля носит🙄🤦‍♂️
textdetox@01907546324b0330d2d8b7669648cc18823323e5/ru/003306	ru	1	в жопу себе вакцину эту забейте!
textdetox@01907546324b0330d2d8b7669648cc18823323e5/ru/003307	ru	1	когда штампуешь,хоть проверяй,эрудит хуев
textdetox@01907546324b0330d2d8b7669648cc18823323e5/ru/003308	ru	1	как задолбал этот ежедневный спам, и придурки, радующиеся спаму!
textdetox@01907546324b0330d2d8b7669648cc18823323e5/ru/003309	ru	1	почему гнусных спамщиков и их лизоблюдов не блокируют?
textdetox@01907546324b0330d2d8b7669648cc18823323e5/ru/003310	ru	1	гнать этого старого козла в дряблую шею!
textdetox@01907546324b0330d2d8b7669648cc18823323e5/ru/003311	ru	1	dеsтиvатиоге бандеровцы в киеbе ебаный стыд
textdetox@01907546324b0330d2d8b7669648cc18823323e5/ru/003312	ru	1	а я презираю вас..вы будете лизать жопу власти даже тогда,когда она будет вас топтать и убивать...
textdetox@01907546324b0330d2d8b7669648cc18823323e5/ru/003313	ru	1	доказала ,что ты шаболда под заборная ,да и хорошим жёнам такое дерьмо на мужского... на хуй не нужно .
textdetox@01907546324b0330d2d8b7669648cc18823323e5/ru/003314	ru	1	ну что сказать,не знай они такие тупые ,не знай больные вот наши отбросы общества,далеко ходить не, надо,,,
textdetox@01907546324b0330d2d8b7669648cc18823323e5/ru/003315	ru	1	а , где фашистская символика , она так к лицу этому уроду !
textdetox@01907546324b0330d2d8b7669648cc18823323e5/ru/003316	ru	1	сука тварь миша а хер тебе не мясо без костей
textdetox@01907546324b0330d2d8b7669648cc18823323e5/ru/003317	ru	1	10 % долбоебов не довольных что тягают с польши гавницо разное.
textdetox@01907546324b0330d2d8b7669648cc18823323e5/ru/003318	ru	1	ефремов трусливое подлое мерзкое существо один негатив вызывает эта падлюга
textdetox@01907546324b0330d2d8b7669648cc18823323e5/ru/003319	ru	1	пиздуны эти академики от науки...с зубилом только сломать можно...а такой шедевр с 3dмоделированием можно сотворить😆
textdetox@01907546324b0330d2d8b7669648cc18823323e5/ru/003320	ru	1	козёл, урод, нет слов, ему это аукнется.
textdetox@01907546324b0330d2d8b7669648cc18823323e5/ru/003321	ru	1	тяжелые времена хоть и кот но сука явно переилеывает шшшук ипи уроz пе шш ук сощу урошиvа
textdetox@01907546324b0330d2d8b7669648cc18823323e5/ru/003322	ru	1	послушай да как к тебе зайти почему всё зашифрованно какая хуй разница всё равно все шлюхи
textdetox@01907546324b0330d2d8b7669648cc18823323e5/ru/003323	ru	1	во втирает скотина , вижу что пиздит но верю
textdetox@01907546324b0330d2d8b7669648cc18823323e5/ru/003324	ru	1	я тоже про это читал, пиздец пиздюку
textdetox@01907546324b0330d2d8b7669648cc18823323e5/ru/003325	ru	1	пусть тварь попробует прожить на такие зарплаты, как люди выживают
textdetox@01907546324b0330d2d8b7669648cc18823323e5/ru/003326	ru	1	пиздит как дышет, а дышет часто 😡 40 лет назад небыло ни бедных ни нищих
textdetox@01907546324b0330d2d8b7669648cc18823323e5/ru/003327	ru	1	каждый день жизни этого хуесоса,этой бляди жидовской уже преступление!!
textdetox@01907546324b0330d2d8b7669648cc18823323e5/ru/003328	ru	1	да что им щемится ани наших педиков видели есчё 90 х када каждому пидору дали добро пренемать их гей парады денежккой с хуя пренемали .
textdetox@01907546324b0330d2d8b7669648cc18823323e5/ru/003329	ru	1	пусть едит там наверное на хуй евро больше превязывают .
textdetox@01907546324b0330d2d8b7669648cc18823323e5/ru/003330	ru	1	этот панин пяный по гастинеце рассекал меня жена остановила !
textdetox@01907546324b0330d2d8b7669648cc18823323e5/ru/003331	ru	1	чтоб этому чмо я с 6 этажа летать не научил .
textdetox@01907546324b0330d2d8b7669648cc18823323e5/ru/003332	ru	1	это не фильм- сказка от тупых создателей.
textdetox@01907546324b0330d2d8b7669648cc18823323e5/ru/003333	ru	1	ты же тварь сама ноги раздвегала хоть и видела что он окурок
textdetox@01907546324b0330d2d8b7669648cc18823323e5/ru/003334	ru	1	а ведь как целовал задницу поимел.
textdetox@01907546324b0330d2d8b7669648cc18823323e5/ru/003335	ru	1	в ментовку только такие шакалы и идут.
textdetox@01907546324b0330d2d8b7669648cc18823323e5/ru/003336	ru	1	вол только тебя здесь блядь и не хватало, припиздышь!
textdetox@01907546324b0330d2d8b7669648cc18823323e5/ru/003337	ru	1	мой знакомый один утверждает что он другой я с с планеты ним не спорю я тоже что верю планета долб ебов существует
textdetox@01907546324b0330d2d8b7669648cc18823323e5/ru/003338	ru	1	смысл в том что все политики пиздаболы!
textdetox@01907546324b0330d2d8b7669648cc18823323e5/ru/003339	ru	1	?а что же ты народы стравливаешь мразь ?
textdetox@01907546324b0330d2d8b7669648cc18823323e5/ru/003340	ru	1	слышь,о таких вещах не шутят наверное,ты совсем дебилка ?
textdetox@01907546324b0330d2d8b7669648cc18823323e5/ru/003341	ru	1	учить плавать ребенка таким способом будет только пришибленный на голову мудак.
textdetox@01907546324b0330d2d8b7669648cc18823323e5/ru/003342	ru	1	и да, трендюлей пьяное и тупое быдло получило справедливо, но мало.
textdetox@01907546324b0330d2d8b7669648cc18823323e5/ru/003343	ru	1	тварь бездушная как можно было бросить такое чудо была бы у меня возможность забрала бы себе
textdetox@01907546324b0330d2d8b7669648cc18823323e5/ru/003344	ru	1	сколько-же пидоров в игре.один из них-alexis id 11097547.чмо конченная.читер голимый.не указана страна игрока,нет фото-значит пидор,шифруется хуесос
textdetox@01907546324b0330d2d8b7669648cc18823323e5/ru/003345	ru	1	говорят что бабы дуры,а мужики пиздец
textdetox@01907546324b0330d2d8b7669648cc18823323e5/ru/003346	ru	1	а что, ссышь насоящую рожу показать на странице??? )))))
textdetox@01907546324b0330d2d8b7669648cc18823323e5/ru/003347	ru	1	да этих пидаров воопще в концлагерь надо согнать, шоб блять за баланду работал года 3 !
textdetox@01907546324b0330d2d8b7669648cc18823323e5/ru/003348	ru	1	ну откуда столько долбоебов.вот пишите,абы написать
textdetox@01907546324b0330d2d8b7669648cc18823323e5/ru/003349	ru	1	конечно супер.блядь,и не отрицает,что она-блядь...
textdetox@01907546324b0330d2d8b7669648cc18823323e5/ru/003350	ru	1	соловей...ты давно усирался в чужих руках....инет и так пестрит всякой хуйней а тут ты безмозглый подливаешь....с тебя и так все смеются....придурок.
textdetox@01907546324b0330d2d8b7669648cc18823323e5/ru/003351	ru	1	придумали ещё одну кормушку себе,суки.....
textdetox@01907546324b0330d2d8b7669648cc18823323e5/ru/003352	ru	1	да вам кому только не дай власть,вы хуета.
textdetox@01907546324b0330d2d8b7669648cc18823323e5/ru/003353	ru	1	все заднеприводные за бугор , там все такие , либо здесь вы сдохнете животные.
textdetox@01907546324b0330d2d8b7669648cc18823323e5/ru/003354	ru	1	​гавнюков за бабки на улицы вывели чтобы гопника опять во власть вернуть,стадо баранов
textdetox@01907546324b0330d2d8b7669648cc18823323e5/ru/003355	ru	1	100%уверена что эти чмошники только пяные герои а как протрезвеют по углам прятаться начнут.
textdetox@01907546324b0330d2d8b7669648cc18823323e5/ru/003356	ru	1	уроды чему вы людей учите психология личности дай бог здоровья кто такие статусы высказывания выкладывает в ленту
textdetox@01907546324b0330d2d8b7669648cc18823323e5/ru/003357	ru	1	страна у нас еще существует, наверное благодаря только тебе-писака херов!
textdetox@01907546324b0330d2d8b7669648cc18823323e5/ru/003358	ru	1	мож котяра думает что та а у ела совсем вот и бегает хавает сволоч блин
textdetox@01907546324b0330d2d8b7669648cc18823323e5/ru/003359	ru	1	значит он разделяет идеологическую платфому суки, предателя и дизертира солженицына.
textdetox@01907546324b0330d2d8b7669648cc18823323e5/ru/003360	ru	1	они сегодня все на отсосе, по крайней мере до 2024 года,а там посмотрим.
textdetox@01907546324b0330d2d8b7669648cc18823323e5/ru/003361	ru	1	скоро от такой жизни друг друга стрелять ьудем
textdetox@01907546324b0330d2d8b7669648cc18823323e5/ru/003362	ru	1	не ну сука как это животина вообще живёт кто это есть
textdetox@01907546324b0330d2d8b7669648cc18823323e5/ru/003363	ru	1	хахахаха хуй тебя пробай прихади комне дибил
textdetox@01907546324b0330d2d8b7669648cc18823323e5/ru/003364	ru	1	уй билять кто же их рожает баранов!!
textdetox@01907546324b0330d2d8b7669648cc18823323e5/ru/003365	ru	1	у меня стороила одна бригада и от начала и до конца пидорасы.
textdetox@01907546324b0330d2d8b7669648cc18823323e5/ru/003366	ru	1	пупок скчем закрой а то ваняет
textdetox@01907546324b0330d2d8b7669648cc18823323e5/ru/003367	ru	1	на место этой купюры хуй ей да потолще,размер открытого хлебала вон какой.
textdetox@01907546324b0330d2d8b7669648cc18823323e5/ru/003368	ru	1	как вы заебали,лайка попрошайки 👎
textdetox@01907546324b0330d2d8b7669648cc18823323e5/ru/003369	ru	1	да блять тут полстраны таких,суки охуевшие.
textdetox@01907546324b0330d2d8b7669648cc18823323e5/ru/003370	ru	1	на кол их а имущество народу детям и инвалидам
textdetox@01907546324b0330d2d8b7669648cc18823323e5/ru/003371	ru	1	человек без чести и достоинства - гнида
textdetox@01907546324b0330d2d8b7669648cc18823323e5/ru/003372	ru	1	при ссср было 14 членов правительства!а сейчас 400 долбоебов не могут навести порядок в стране!!
textdetox@01907546324b0330d2d8b7669648cc18823323e5/ru/003373	ru	1	уебище какое то, красивее советских кораблей в мире нет
textdetox@01907546324b0330d2d8b7669648cc18823323e5/ru/003374	ru	1	ублюдки, чтоб их забили так же (спасибо кто спас
textdetox@01907546324b0330d2d8b7669648cc18823323e5/ru/003375	ru	1	ставить раком этих пидоров из новоалтайска!!!
textdetox@01907546324b0330d2d8b7669648cc18823323e5/ru/003376	ru	1	причина не в пришедших во власть долбоебов, а в население, которое этих долбоебов выбирает.
textdetox@01907546324b0330d2d8b7669648cc18823323e5/ru/003377	ru	1	был ссср...сейчас - бляди у власти, шлюхи с телеэкрана, народ - в жопе, глухой заднице....только вооруженное свержение этой гребаной власти....!
textdetox@01907546324b0330d2d8b7669648cc18823323e5/ru/003378	ru	1	администратор в этой компании малолетний уебан 👆
textdetox@01907546324b0330d2d8b7669648cc18823323e5/ru/003379	ru	1	ага еще и вас пиздить раз в 100 лет.
textdetox@01907546324b0330d2d8b7669648cc18823323e5/ru/003380	ru	1	чтоб на конец начали так же око за око с 10ти кратным плюсом минских соглашений пидармоты никогда не придерживались
textdetox@01907546324b0330d2d8b7669648cc18823323e5/ru/003381	ru	1	вот блядь молодцы,обожаю нашу власть,аж до блевоты🤢
textdetox@01907546324b0330d2d8b7669648cc18823323e5/ru/003382	ru	1	жожик милославский в паре с арсением осадчим- два стикерных отменных пидармона шпарят аж их чпокнутые сраки трещат!!!
textdetox@01907546324b0330d2d8b7669648cc18823323e5/ru/003383	ru	1	ну вот то , что ты долбоёб это понятно .... ну зачем свою тупость и безмозглость выкладывать на всю страну ?
textdetox@01907546324b0330d2d8b7669648cc18823323e5/ru/003384	ru	1	то годись что к тибе коты тянутся а не вороны обсеруть долбаеб
textdetox@01907546324b0330d2d8b7669648cc18823323e5/ru/003385	ru	1	!пока мы живем,,ты,тварь,живешь лучше нас!!
textdetox@01907546324b0330d2d8b7669648cc18823323e5/ru/003386	ru	1	русского мальчишку героя приветствует америкосский 3,14дор!
textdetox@01907546324b0330d2d8b7669648cc18823323e5/ru/003387	ru	1	да пошёл он на хуй этот вовик,а вы,мужики,из за дерьма не ругайтесь,вовка любит,когда даются,а он,якобы,разрулит,вот он какой,вовка то!
textdetox@01907546324b0330d2d8b7669648cc18823323e5/ru/003388	ru	1	а ещё советскую (самую лучшую в мире) школу кончал, дебил!!
textdetox@01907546324b0330d2d8b7669648cc18823323e5/ru/003389	ru	1	пизда вашей власти и вашим кормушкам.
textdetox@01907546324b0330d2d8b7669648cc18823323e5/ru/003390	ru	1	пусть они вас сволочей с собой берут вместо туалетной бумаги.
textdetox@01907546324b0330d2d8b7669648cc18823323e5/ru/003391	ru	1	сучка крашеная ну почему крашеная, это мой натуральный цвет.
textdetox@01907546324b0330d2d8b7669648cc18823323e5/ru/003392	ru	1	гнать этого поганца поганой метлой.кроме пиздабольства нет ничего.
textdetox@01907546324b0330d2d8b7669648cc18823323e5/ru/003393	ru	1	как можно менять детей на ебарей .зла не хватает.
textdetox@01907546324b0330d2d8b7669648cc18823323e5/ru/003394	ru	1	когда этот долбаеб будет сидеть в тюрьме
textdetox@01907546324b0330d2d8b7669648cc18823323e5/ru/003395	ru	1	фу бля позорная,грязная и не бритая,фууу
textdetox@01907546324b0330d2d8b7669648cc18823323e5/ru/003396	ru	1	а вот при нынешнеем образовании молодежь тупая.
textdetox@01907546324b0330d2d8b7669648cc18823323e5/ru/003397	ru	1	по шел на хуй со своим коментарием ты че врач что ли ?
textdetox@01907546324b0330d2d8b7669648cc18823323e5/ru/003398	ru	1	слушайте бляди если вы не вышли замуж то не хуй и пытаться
textdetox@01907546324b0330d2d8b7669648cc18823323e5/ru/003399	ru	1	...устала что-то,закрыла 10 банок вишни с коньяком,шоколадом.апельсином,в разном сочетании-понравилосьне приторное как обычное вишневое!утром какой-то пидор пытался профиль взломать,админ оков восстановил доступ!
textdetox@01907546324b0330d2d8b7669648cc18823323e5/ru/003400	ru	1	сука противно смотреть на этого пизд...бола!!!
textdetox@01907546324b0330d2d8b7669648cc18823323e5/ru/003401	ru	1	потому что только долбоебы ,либо за бабло ,могут сделать наземный пешеходный переход через дорогу в 6 полос .
textdetox@01907546324b0330d2d8b7669648cc18823323e5/ru/003402	ru	1	только это не протестуны а мрази и пидоры...
textdetox@01907546324b0330d2d8b7669648cc18823323e5/ru/003403	ru	1	грех материться но на ум почему то приходит слово хуйло .
textdetox@01907546324b0330d2d8b7669648cc18823323e5/ru/003404	ru	1	так и будет , если народ молчать будет , не начнет киздеть этих уродов , извращенцев и русофобов !
textdetox@01907546324b0330d2d8b7669648cc18823323e5/ru/003405	ru	1	бля , сколько в тебе зависти ебиегорот.
textdetox@01907546324b0330d2d8b7669648cc18823323e5/ru/003406	ru	1	ты давай вот это вот прекращай , хуйня затея
textdetox@01907546324b0330d2d8b7669648cc18823323e5/ru/003407	ru	1	вот тварь, надеюсь ей все вернётся...
textdetox@01907546324b0330d2d8b7669648cc18823323e5/ru/003408	ru	1	какая разница,везде люди есть..не все же суки.
textdetox@01907546324b0330d2d8b7669648cc18823323e5/ru/003409	ru	1	нааааа .... тебе дура..... напейся и утопись!
textdetox@01907546324b0330d2d8b7669648cc18823323e5/ru/003410	ru	1	дибилы какой нахуй коронавирус вы чего все сума чтоли сошли
textdetox@01907546324b0330d2d8b7669648cc18823323e5/ru/003411	ru	1	какой он, на хрен, великолепный актёр?
textdetox@01907546324b0330d2d8b7669648cc18823323e5/ru/003412	ru	1	те, кто считает этого пидора даже просто хорошим актёром, ни хрена не понимают в искусстве кино и театра.
textdetox@01907546324b0330d2d8b7669648cc18823323e5/ru/003413	ru	1	ебанутый , ггей.. фейк кому тыкаешь уже тысячу опровержений было смразота ты хуйловская
textdetox@01907546324b0330d2d8b7669648cc18823323e5/ru/003414	ru	1	бежал бы бл...ть впереди паровоза
textdetox@01907546324b0330d2d8b7669648cc18823323e5/ru/003415	ru	1	дебил это и есть внешняя угроза а это не народ а быдло
textdetox@01907546324b0330d2d8b7669648cc18823323e5/ru/003416	ru	1	это не быдло, быдло ...это истинные преступники, которых затрахает потом совесть до смерти!
textdetox@01907546324b0330d2d8b7669648cc18823323e5/ru/003417	ru	1	одни долбоебы здесь собрались не зная истины
textdetox@01907546324b0330d2d8b7669648cc18823323e5/ru/003418	ru	1	ты ы шло чмо зловонное на хуй!
textdetox@01907546324b0330d2d8b7669648cc18823323e5/ru/003419	ru	1	пидор адольф не сумел их истребить , теперь имейте что имеете.
textdetox@01907546324b0330d2d8b7669648cc18823323e5/ru/003420	ru	1	пошел он нахуй,клоун,в бане будущим губернаторам пусть тухлый фарш месит😂😂😂
textdetox@01907546324b0330d2d8b7669648cc18823323e5/ru/003421	ru	1	дебил ты дуркаев и полный скулишь как течная сука после пользования ----а толк
textdetox@01907546324b0330d2d8b7669648cc18823323e5/ru/003422	ru	1	твари бездушные, вас бог накажет за ваше зверство, уроды!
textdetox@01907546324b0330d2d8b7669648cc18823323e5/ru/003423	ru	1	сгинь на хуй!задрала уже,-хули свой зад подставляешь,неудовлетворёнка?не нуждаюсь в отвоих ответах!что выложено-это для людей,а не для шавок подзаборных!
textdetox@01907546324b0330d2d8b7669648cc18823323e5/ru/003424	ru	1	говоришь ты верно,но пиздишь наверно..
textdetox@01907546324b0330d2d8b7669648cc18823323e5/ru/003425	ru	1	ты жопу не прятал от членов ребят .
textdetox@01907546324b0330d2d8b7669648cc18823323e5/ru/003426	ru	1	эта партия есть использованный памперс единороссов...
textdetox@01907546324b0330d2d8b7669648cc18823323e5/ru/003427	ru	1	как хуйло сказал.... она утонула ?
textdetox@01907546324b0330d2d8b7669648cc18823323e5/ru/003428	ru	1	пидорасы и хуеплёты захватили власть в россии.
textdetox@01907546324b0330d2d8b7669648cc18823323e5/ru/003429	ru	1	полицаем изначально был урод сталин, когда лобызался с гитлером с сентября 1939 по июнь 1941 .
textdetox@01907546324b0330d2d8b7669648cc18823323e5/ru/003430	ru	1	сволота , все забыли , но ничего эуропа им научит жить , здохнут все .
textdetox@01907546324b0330d2d8b7669648cc18823323e5/ru/003431	ru	1	в семью лезут блядовитые бабы,у которых по сути своего ни чего нет.
textdetox@01907546324b0330d2d8b7669648cc18823323e5/ru/003432	ru	1	убил человека, и в данный момент отрицает свою вину , ну не гавно ли ?
textdetox@01907546324b0330d2d8b7669648cc18823323e5/ru/003433	ru	1	и чо истерику она устроила, отхуярили её по ебососу и закинули в машину, вопрос с истерик ой решён, проблема бля.
textdetox@01907546324b0330d2d8b7669648cc18823323e5/ru/003434	ru	1	кто решает... кастрюлеголовые долбаёбы... дебилы бля....
textdetox@01907546324b0330d2d8b7669648cc18823323e5/ru/003435	ru	1	помню бородина говорила что оля лечись неспроста же она говорила потому что дебильная она ей детей отдадут только от каких-то бомжей
textdetox@01907546324b0330d2d8b7669648cc18823323e5/ru/003436	ru	1	говно вопрос, передернул и нахуй чотттам возомнившую о себе очередную дуру(((
textdetox@01907546324b0330d2d8b7669648cc18823323e5/ru/003437	ru	1	у таких тварей как ефремов адвакатов быть не должно судить сразу и до конца жизни артист похуист
textdetox@01907546324b0330d2d8b7669648cc18823323e5/ru/003438	ru	1	быстро подобрала свои губища с пиздятины и сдриснула на хуй !
textdetox@01907546324b0330d2d8b7669648cc18823323e5/ru/003439	ru	1	...как будто хочет сказать: ну и дурачок ты у нас... зачем кошке танцы?😹
textdetox@01907546324b0330d2d8b7669648cc18823323e5/ru/003440	ru	1	народ заслужил пенсию жирдяий, а вот ты жирный точно у народа на шее
textdetox@01907546324b0330d2d8b7669648cc18823323e5/ru/003441	ru	1	это не только наше право, это и наша задача рассказывать правду, не только нашим детям, но и твоим выблядкам, которых ты воспитываешь во лжи, курва бандэровская.
textdetox@01907546324b0330d2d8b7669648cc18823323e5/ru/003442	ru	1	дебилы не доделанные, в такую херню вам даже сша не поверит.
textdetox@01907546324b0330d2d8b7669648cc18823323e5/ru/003443	ru	1	!полный беспредел ,прям в начале сезона,бомжы вы че совсем что ли прихуели!?!?!?!
textdetox@01907546324b0330d2d8b7669648cc18823323e5/ru/003444	ru	1	такие сволочи тоже есть на белом свете?
textdetox@01907546324b0330d2d8b7669648cc18823323e5/ru/003445	ru	1	когда вы власть имущие шакалы, рабочих будете возить : лутугино, 6петровское, луч?, когда вы бляди 60% апреля отдадите?
textdetox@01907546324b0330d2d8b7669648cc18823323e5/ru/003446	ru	1	да в точку заебал а не заразил из нас лохов пытаются сделать чтоб мы деградировали как нация а они китайцев запустят когда мы передохнем хуже чем ссовцы в 41 издевались
textdetox@01907546324b0330d2d8b7669648cc18823323e5/ru/003447	ru	1	баба дура на всю голову,точно кто то написал,,необразованная,,
textdetox@01907546324b0330d2d8b7669648cc18823323e5/ru/003448	ru	1	сколько ещё уродов и некому ему мозги поправить
textdetox@01907546324b0330d2d8b7669648cc18823323e5/ru/003449	ru	1	в очко себе ее поставь,может подохнешь от нее как тварь!!
textdetox@01907546324b0330d2d8b7669648cc18823323e5/ru/003450	ru	1	так что и заткни ебло на счёт того где лучше.
textdetox@01907546324b0330d2d8b7669648cc18823323e5/ru/003451	ru	1	простой народ вьебывает на своей земле, а не шастает по планете как проститутка.
textdetox@01907546324b0330d2d8b7669648cc18823323e5/ru/003452	ru	1	а вы бляди воду мутите и все вам мало.
textdetox@01907546324b0330d2d8b7669648cc18823323e5/ru/003453	ru	1	ты сама тупая,какие маски,какой висюрус,уде давно понятно что это все ху...я
textdetox@01907546324b0330d2d8b7669648cc18823323e5/ru/003454	ru	1	ты гондон пошол на хуй отсюда, пидар конский
textdetox@01907546324b0330d2d8b7669648cc18823323e5/ru/003455	ru	1	интересно как этот попал в депутаты, я все больше убеждаюсь теперь в думе одни идиоты
textdetox@01907546324b0330d2d8b7669648cc18823323e5/ru/003456	ru	1	поклонится дура конченная , такая же пьянь , как и её обдолбанный кумир .
textdetox@01907546324b0330d2d8b7669648cc18823323e5/ru/003457	ru	1	меня порожает такие идиоты , которые заступаются за таких тварей , как ефрем .
textdetox@01907546324b0330d2d8b7669648cc18823323e5/ru/003458	ru	1	а всю эту либерастную шоблу в задницу.........
textdetox@01907546324b0330d2d8b7669648cc18823323e5/ru/003459	ru	1	он сразу подписал себе приговор звание - пустослов и балабол, этот чак норис.
textdetox@01907546324b0330d2d8b7669648cc18823323e5/ru/003460	ru	1	действительно, что вылез всеми позабытый что бы обосраться пустословием.
textdetox@01907546324b0330d2d8b7669648cc18823323e5/ru/003461	ru	1	ничего не помню,угашеный в хлам значит был,вот уроды что творят,раньше и актёры сидели,если закон нарушили,а сейчас сука херню выдумывают всякую, чтоб не сидеть.
textdetox@01907546324b0330d2d8b7669648cc18823323e5/ru/003462	ru	1	гнать их на хер из думы.
textdetox@01907546324b0330d2d8b7669648cc18823323e5/ru/003463	ru	1	дебил,за решотку тебя и лишить всего!
textdetox@01907546324b0330d2d8b7669648cc18823323e5/ru/003464	ru	1	лохи на донбассе воюют кто хочет крым в кассе билеты в
textdetox@01907546324b0330d2d8b7669648cc18823323e5/ru/003465	ru	1	а щас эти пидары забрали то каторе строили нашы деды.и снашают этим нас.
textdetox@01907546324b0330d2d8b7669648cc18823323e5/ru/003466	ru	1	а этот дебил гена фома с жениной заметки,его никак закрыть нельзя?
textdetox@01907546324b0330d2d8b7669648cc18823323e5/ru/003467	ru	1	конченный мрази кукушка променять ребенка на какую-то вонь.
textdetox@01907546324b0330d2d8b7669648cc18823323e5/ru/003468	ru	1	гореть им в аду синим пламенем.
textdetox@01907546324b0330d2d8b7669648cc18823323e5/ru/003469	ru	1	а вы упрямые бараны, не хочу, не буду.
textdetox@01907546324b0330d2d8b7669648cc18823323e5/ru/003470	ru	1	на балконе мы психологи на кухне мы политики мы философы и лишь в сети в жизни как были долбаебами так ими и остались
textdetox@01907546324b0330d2d8b7669648cc18823323e5/ru/003471	ru	1	лупить надо всех продажных которые оголили (на большее они не способны) свои задницы перед такими же из запада.
textdetox@01907546324b0330d2d8b7669648cc18823323e5/ru/003472	ru	1	смотри янукович как надо вести диалог с ублюдками.
textdetox@01907546324b0330d2d8b7669648cc18823323e5/ru/003473	ru	1	пиздоболы у всех там дети и капитал смешно аш
textdetox@01907546324b0330d2d8b7669648cc18823323e5/ru/003474	ru	1	идиоты--лишить родительских прав....прикрываться детьми==это преступление.....судить ублюдков
textdetox@01907546324b0330d2d8b7669648cc18823323e5/ru/003475	ru	1	это же пидора баскова тесть.ну и семейка.обалдеть.
textdetox@01907546324b0330d2d8b7669648cc18823323e5/ru/003476	ru	1	тварина сиди у себя в ауле, ибо не хер со своим рылом в россию приезжать.... 😡😡😡.
textdetox@01907546324b0330d2d8b7669648cc18823323e5/ru/003477	ru	1	лет пять тому назад это фото было в журнале - рекламе проституток.
textdetox@01907546324b0330d2d8b7669648cc18823323e5/ru/003478	ru	1	я то точно знаю где я и ты хоть на гавно изоиди, мне похуй!
textdetox@01907546324b0330d2d8b7669648cc18823323e5/ru/003479	ru	1	был гнидой и ей же и остался
textdetox@01907546324b0330d2d8b7669648cc18823323e5/ru/003480	ru	1	чудово!цаме в цюпу позу ви мразюки поставили краину!
textdetox@01907546324b0330d2d8b7669648cc18823323e5/ru/003481	ru	1	я же говорю, что ты только говном и умеешь кидаться.
textdetox@01907546324b0330d2d8b7669648cc18823323e5/ru/003482	ru	1	а знаешь почему у тебя дерьмо изо рта лезет?
textdetox@01907546324b0330d2d8b7669648cc18823323e5/ru/003483	ru	1	это потому, что ему через твою жопу хода нет.
textdetox@01907546324b0330d2d8b7669648cc18823323e5/ru/003484	ru	1	вот твоё дерьмо и ищет другие доступные дырки.
textdetox@01907546324b0330d2d8b7669648cc18823323e5/ru/003485	ru	1	у тебя же рот с анусом напрямую соединён.
textdetox@01907546324b0330d2d8b7669648cc18823323e5/ru/003486	ru	1	ебанутые тогда и кошкам запретить мяукать.я просто охуеваю от наших долбаебав
textdetox@01907546324b0330d2d8b7669648cc18823323e5/ru/003487	ru	1	придурки тупые главное а не группа
textdetox@01907546324b0330d2d8b7669648cc18823323e5/ru/003488	ru	1	долбоебы их используют и выбросят как гандон
textdetox@01907546324b0330d2d8b7669648cc18823323e5/ru/003489	ru	1	трахаете вы сами себя с отрочества..эх егоривна
textdetox@01907546324b0330d2d8b7669648cc18823323e5/ru/003490	ru	1	бля мразь конченная, отродье сучье, откуда вы вы суки беретись😡😡😡
textdetox@01907546324b0330d2d8b7669648cc18823323e5/ru/003491	ru	1	пидоры только снимают своих же собак зассали отогнать желаю этим пидорав в лесу встретиться с медведемь
textdetox@01907546324b0330d2d8b7669648cc18823323e5/ru/003492	ru	1	дебилизм зашкаливает, не только у сабянина, но и тех кто до сих пор носит эти,маски управляемые стадо.
textdetox@01907546324b0330d2d8b7669648cc18823323e5/ru/003493	ru	1	ты сашка сам дебил или такой же ворюга как и пенсионный фонд, дебилоид!
textdetox@01907546324b0330d2d8b7669648cc18823323e5/ru/003494	ru	1	да их хоть говном обмаж насикомые на них не сядут потому как ядовитые
textdetox@01907546324b0330d2d8b7669648cc18823323e5/ru/003495	ru	1	конечно двое на подхвате можно и в течении беседы нанести удар лох ебаный и друшки такие же не спортивное поведение
textdetox@01907546324b0330d2d8b7669648cc18823323e5/ru/003496	ru	1	сука...не успел андрея задефить...пока переходил к дефферу у него офф ёбнули
textdetox@01907546324b0330d2d8b7669648cc18823323e5/ru/003497	ru	1	хренота он а не актер его отец в гробу перевернулся позорище посадить его надо однозначно и не каких поблажек на лесоповал к народу поближе элиту сраную
textdetox@01907546324b0330d2d8b7669648cc18823323e5/ru/003498	ru	1	засунь свой язык себе в жопу .
textdetox@01907546324b0330d2d8b7669648cc18823323e5/ru/003499	ru	1	да по хуй сука пол страны синька чемо.и не хуя молчат.одна кокая мразота известная пережрала водки так пиздец катострофа
textdetox@01907546324b0330d2d8b7669648cc18823323e5/ru/003500	ru	1	жаль нельзя, труп отдать полиции, зачем он живой, мразь.
textdetox@01907546324b0330d2d8b7669648cc18823323e5/ru/003501	ru	1	с макаками не разговариваю красножопый пидор
textdetox@01907546324b0330d2d8b7669648cc18823323e5/ru/003502	ru	1	если один мальчик смог развалить страну, то значит не страна была, а кучка из говна и палок.
textdetox@01907546324b0330d2d8b7669648cc18823323e5/ru/003503	ru	1	пиндосы завезли коронавирус в китай...но жестоко просчитались...коронавирус бумерангом перекинулся в сша...:-d :-d :-d :-d :-d
textdetox@01907546324b0330d2d8b7669648cc18823323e5/ru/003504	ru	1	старшой в погонах нервничает!масочку то надвинет то сдвинет.бздят суки!
textdetox@01907546324b0330d2d8b7669648cc18823323e5/ru/003505	ru	1	вот стадо, старых озабоченных идиотов и ты в нем самая ведомая овца
textdetox@01907546324b0330d2d8b7669648cc18823323e5/ru/003506	ru	1	да уж мразина она ещё та тварь наглая
textdetox@01907546324b0330d2d8b7669648cc18823323e5/ru/003507	ru	1	слышишь ты хуесос америкосовский... не надоело жопу лизать америкосам ?
textdetox@01907546324b0330d2d8b7669648cc18823323e5/ru/003508	ru	1	и ты , ебанушка меня хочешь чему то учить ?
textdetox@01907546324b0330d2d8b7669648cc18823323e5/ru/003509	ru	1	пусть лучше вгоняет себя в нервозное состояние популист что в его партии есть такие что и сказать и связать двух слов не могут дебильные и юродивые
textdetox@01907546324b0330d2d8b7669648cc18823323e5/ru/003510	ru	1	долбаёб азербайджанский народ твою ж*** на горячий самовар поставит.педрас мраз.
textdetox@01907546324b0330d2d8b7669648cc18823323e5/ru/003511	ru	1	уц пуле есть такая дура...всех ложить рядком.
textdetox@01907546324b0330d2d8b7669648cc18823323e5/ru/003512	ru	1	это ебучей казахстан это здесь мусара гондурасы
textdetox@01907546324b0330d2d8b7669648cc18823323e5/ru/003513	ru	1	вы что , ебанулились совсем ебучие модераторы???????
textdetox@01907546324b0330d2d8b7669648cc18823323e5/ru/003514	ru	1	мерзкая бабенка не повторяйся , придумай скудным умишком своим что-то новое 😆
textdetox@01907546324b0330d2d8b7669648cc18823323e5/ru/003515	ru	1	для дигиниратов, которые любят коз и овец и очко товарища считается верхом блаженства,не понять
textdetox@01907546324b0330d2d8b7669648cc18823323e5/ru/003516	ru	1	гондон твой пахан который тя через жопу хуйнул
textdetox@01907546324b0330d2d8b7669648cc18823323e5/ru/003517	ru	1	он ссыт своего алигархата - закажут, тех ,кто правду про махинации алигархов говорит, тех кто популярность у народа набирает,под него копают,вроде.
textdetox@01907546324b0330d2d8b7669648cc18823323e5/ru/003518	ru	1	если бы не бздел, не опустился бы до вранья и всякого рода фальсификаций.
textdetox@01907546324b0330d2d8b7669648cc18823323e5/ru/003519	ru	1	бандера лиэать пиндосам изжога не заебала
textdetox@01907546324b0330d2d8b7669648cc18823323e5/ru/003520	ru	1	​ты до сих пор не поймёшь,так как тупица.кому ты нужен как пидарь?ты по жизни пидорас.как например гондон.вот и галину хочешь втянуть в передрязги.одним словом,гондон и пидарь.
textdetox@01907546324b0330d2d8b7669648cc18823323e5/ru/003521	ru	1	чёрт ебливый в лагерь его , лет на 15 что бы жизнь мёдом не казалось
textdetox@01907546324b0330d2d8b7669648cc18823323e5/ru/003522	ru	1	да что ты доебалась до этих клумб?
textdetox@01907546324b0330d2d8b7669648cc18823323e5/ru/003523	ru	1	а нахуя твои ебеня кому нужны?
textdetox@01907546324b0330d2d8b7669648cc18823323e5/ru/003524	ru	1	бля...думаю эт лучше,чем пидерасты в баре!
textdetox@01907546324b0330d2d8b7669648cc18823323e5/ru/003525	ru	1	раньше были люди и с большой буквы а теперь больше хуи на блюде.
textdetox@01907546324b0330d2d8b7669648cc18823323e5/ru/003526	ru	1	да пидобол еще тот и кто его слушает одному богу известно
textdetox@01907546324b0330d2d8b7669648cc18823323e5/ru/003527	ru	1	нет...просто пидорасы, вот и всё!
textdetox@01907546324b0330d2d8b7669648cc18823323e5/ru/003528	ru	1	табуретки на 3-х ножках, пусть жопу массажируют
textdetox@01907546324b0330d2d8b7669648cc18823323e5/ru/003529	ru	1	а ты какого хуя здесь делаешь на стариковском сайте, молодой долбоеб?
textdetox@01907546324b0330d2d8b7669648cc18823323e5/ru/003530	ru	1	этот старый маразматик уже внес свою лепту в развал страны в свое время
textdetox@01907546324b0330d2d8b7669648cc18823323e5/ru/003531	ru	1	ира будь ты проклята, ты чудовище не женщина.
textdetox@01907546324b0330d2d8b7669648cc18823323e5/ru/003532	ru	1	ты молодец но пидаразка за токой ответ:
textdetox@01907546324b0330d2d8b7669648cc18823323e5/ru/003533	ru	1	простите меня за мои агрессивные высказывания, я шавка и невоспитанное мурло!
textdetox@01907546324b0330d2d8b7669648cc18823323e5/ru/003534	ru	1	сами мы лохи........ дальше будет хуже...
textdetox@01907546324b0330d2d8b7669648cc18823323e5/ru/003535	ru	1	неинач, суки дохлые, чтобы им руки поотсыхали
textdetox@01907546324b0330d2d8b7669648cc18823323e5/ru/003536	ru	1	потому что ты не ребенок , а алкаш
textdetox@01907546324b0330d2d8b7669648cc18823323e5/ru/003537	ru	1	сразу ж видно что хуета и то что рядом сидит
textdetox@01907546324b0330d2d8b7669648cc18823323e5/ru/003538	ru	1	так они ими же и убиваются, только вот руками идиотов и тварей продажних....
textdetox@01907546324b0330d2d8b7669648cc18823323e5/ru/003539	ru	1	чем хорош интернет добавил в черный список и ты пошел на хуй навечно
textdetox@01907546324b0330d2d8b7669648cc18823323e5/ru/003540	ru	1	что старая вичуге и вичуге полеклинекам надо ставлят хорошенька пизды они вообще распустились это не понемают что люди болеют им похрен на людей они не шетают за нас людми
textdetox@01907546324b0330d2d8b7669648cc18823323e5/ru/003541	ru	1	зато сейчас все доходяги на смесях пиндоских и всякой дряни во как нацию убили еще немного и капец всем🙀
textdetox@01907546324b0330d2d8b7669648cc18823323e5/ru/003542	ru	1	смотри ей в жопу скоро не залезь
textdetox@01907546324b0330d2d8b7669648cc18823323e5/ru/003543	ru	1	блять ещё один долбаеб куда страна катиться
textdetox@01907546324b0330d2d8b7669648cc18823323e5/ru/003544	ru	1	язык свой засунь в жопу свою поганец!
textdetox@01907546324b0330d2d8b7669648cc18823323e5/ru/003545	ru	1	какой то пидор или откосивший из-за ссыкливости написал.
textdetox@01907546324b0330d2d8b7669648cc18823323e5/ru/003546	ru	1	в россии много проблем будет ,законы у нас ебанутые
textdetox@01907546324b0330d2d8b7669648cc18823323e5/ru/003547	ru	1	здохнет скоро и он и его выродки
textdetox@01907546324b0330d2d8b7669648cc18823323e5/ru/003548	ru	1	батька сыкло , начел лизать очко пукино , оставь пост вместе с тем у кого ты лижешь и валите нахер со страны и семьи свои в подмышки захватите .
textdetox@01907546324b0330d2d8b7669648cc18823323e5/ru/003549	ru	1	вообще то все знают что обочина дорога для пидорасов !
textdetox@01907546324b0330d2d8b7669648cc18823323e5/ru/003550	ru	1	как же заебала эта ебаная бюрократия, когда же вы блядь нажретесь.
textdetox@01907546324b0330d2d8b7669648cc18823323e5/ru/003551	ru	1	чтоб у вас поперёк горла встали эти деньги бляди ненасытные.
textdetox@01907546324b0330d2d8b7669648cc18823323e5/ru/003552	ru	1	ой,ладно,хватит защищать отморозка,вот посмотрите,ему дадут если не вышку,то около того,и правильно,распоясался гаденыш,людей убивает в пьяном угаре,скотина.
textdetox@01907546324b0330d2d8b7669648cc18823323e5/ru/003553	ru	1	дай бог, если очередному дебилу это будет уроком-не срать соседу.
textdetox@01907546324b0330d2d8b7669648cc18823323e5/ru/003554	ru	1	ты озабоченая шваль на уровне половой тряпки.
textdetox@01907546324b0330d2d8b7669648cc18823323e5/ru/003555	ru	1	вулкан из которого дерьмо фантанирует...)))) насмешила меня своими заявами...))))
textdetox@01907546324b0330d2d8b7669648cc18823323e5/ru/003556	ru	1	ты про свою усатую маму шалаву такую же как и ты🤣🤣🤣🤣
textdetox@01907546324b0330d2d8b7669648cc18823323e5/ru/003557	ru	1	хуй там семья считается когда все мирно и покой а нетак чужой в семье и нитуда и нисюда это несемья а свинарник😆
textdetox@01907546324b0330d2d8b7669648cc18823323e5/ru/003558	ru	1	слёт дибилов верующих в абс,ебс и всякую хуйню.и даже резина им не поможет.якорь лодочный.
textdetox@01907546324b0330d2d8b7669648cc18823323e5/ru/003559	ru	1	а они его на хуй послали пидракара++
textdetox@01907546324b0330d2d8b7669648cc18823323e5/ru/003560	ru	1	у какого долбоёба хватило ума эту долбоёбку репостить?
textdetox@01907546324b0330d2d8b7669648cc18823323e5/ru/003561	ru	1	твари, это вы и тот кто постит эту хрень.
textdetox@01907546324b0330d2d8b7669648cc18823323e5/ru/003562	ru	1	не, ту ему не какого прощения, мразь
textdetox@01907546324b0330d2d8b7669648cc18823323e5/ru/003563	ru	1	такая же и у нас сетуация произошла, что ху... на лбу вырос, скоты хоть бы призновали свои ошибки бляди.... 😡😡😡
textdetox@01907546324b0330d2d8b7669648cc18823323e5/ru/003564	ru	1	здохла твая мать шлюха да и хер с ней что черви сажрали как и тваего пилараса атца)))😂😂😂
textdetox@01907546324b0330d2d8b7669648cc18823323e5/ru/003565	ru	1	блядь она и есть блядь какое звание ей неприсвой.
textdetox@01907546324b0330d2d8b7669648cc18823323e5/ru/003566	ru	1	пиздешь, неужели не понимает что никто не верят а смеются , ну ебнутая и всё
textdetox@01907546324b0330d2d8b7669648cc18823323e5/ru/003567	ru	1	да что мы хотим от придурка , он таковым будет всегда
textdetox@01907546324b0330d2d8b7669648cc18823323e5/ru/003568	ru	1	блядь слезу пустила.сколько заплатили про сказку
textdetox@01907546324b0330d2d8b7669648cc18823323e5/ru/003569	ru	1	так ты сука и так не работал кроме как языком по чей то опе...👎😬😬😬😬
textdetox@01907546324b0330d2d8b7669648cc18823323e5/ru/003570	ru	1	они есть чтобы защищать народ от преступников на гражданке, а не зажратых пидросов!
textdetox@01907546324b0330d2d8b7669648cc18823323e5/ru/003571	ru	1	ты уебище, морда твоя в говне.
textdetox@01907546324b0330d2d8b7669648cc18823323e5/ru/003572	ru	1	?не скатина,а скотина,не посут,а пасут.......
textdetox@01907546324b0330d2d8b7669648cc18823323e5/ru/003573	ru	1	запомни товарищи оппозиционер это не коммуни это и тот и другой лишь мартышки в блядском буржуазной власти цирке
textdetox@01907546324b0330d2d8b7669648cc18823323e5/ru/003574	ru	1	эти черножопые из своих чуркистанов выгоняли всех русских
textdetox@01907546324b0330d2d8b7669648cc18823323e5/ru/003575	ru	1	пидарасы - забыли и хатынь и всё остальное что фашисты творили с ними.
textdetox@01907546324b0330d2d8b7669648cc18823323e5/ru/003576	ru	1	а значит и драный их батька такой-же фашизюка, если не пресёк это.
textdetox@01907546324b0330d2d8b7669648cc18823323e5/ru/003577	ru	1	говорит вроде правильные вещи.но он аферист и пиздабол.народ давно его раскусил,вот он на старост и решил очки заработать.
textdetox@01907546324b0330d2d8b7669648cc18823323e5/ru/003578	ru	1	а так он пиздабол как и вся единая россия !
textdetox@01907546324b0330d2d8b7669648cc18823323e5/ru/003579	ru	1	ты что дура что ли с тобой никто не собирается познакомиться понимаешь
textdetox@01907546324b0330d2d8b7669648cc18823323e5/ru/003580	ru	1	тварина кончиная автор, обасать тебя мудила.
textdetox@01907546324b0330d2d8b7669648cc18823323e5/ru/003581	ru	1	вот и прально, не трать на меня свое время..сходи лучше с коликом че нить попили, если трезв, или с игроном вашим ебанутым солдафоном на пенсии...😂😂😂
textdetox@01907546324b0330d2d8b7669648cc18823323e5/ru/003582	ru	1	тогда у задницы сразу появится кастрюлеголовый
textdetox@01907546324b0330d2d8b7669648cc18823323e5/ru/003583	ru	1	будь ты проклята тварь и твои выродки , посмотри, что ты наделала, продажная сука
textdetox@01907546324b0330d2d8b7669648cc18823323e5/ru/003584	ru	1	ты дура долбаная, с начала думай если есть чем ,а потом пиши.
textdetox@01907546324b0330d2d8b7669648cc18823323e5/ru/003585	ru	1	хамло в наморднике, два слова связать не может ..... и эти ч.....ки устраивают судилище ?
textdetox@01907546324b0330d2d8b7669648cc18823323e5/ru/003586	ru	1	когда его попросили охарактеризовать себя в двух словах, он ответил- говнистый ублюдок.
textdetox@01907546324b0330d2d8b7669648cc18823323e5/ru/003587	ru	1	😂 😂 😂 😂неее ты тоже ебнутая бешеная
textdetox@01907546324b0330d2d8b7669648cc18823323e5/ru/003588	ru	1	и теперь он оказался пиздоболом в глазах народа , а ведь когда то и я верил ему больше чем себе., но он перещеголял меня.
textdetox@01907546324b0330d2d8b7669648cc18823323e5/ru/003589	ru	1	во дебилоид......в задницу себе пусть дуло направит.....от гаубицы желательно.
textdetox@01907546324b0330d2d8b7669648cc18823323e5/ru/003590	ru	1	юран создал но все что создано превратилось в жопу....я цсковиц но это беспредел!
textdetox@01907546324b0330d2d8b7669648cc18823323e5/ru/003591	ru	1	а тут откуда не возьмис появился в рот...... судмедэксперт.
textdetox@01907546324b0330d2d8b7669648cc18823323e5/ru/003592	ru	1	называю чертей отказывающихся от своей родины пидорами?
textdetox@01907546324b0330d2d8b7669648cc18823323e5/ru/003593	ru	1	и не держи всех за себеподобных,троллюга.
textdetox@01907546324b0330d2d8b7669648cc18823323e5/ru/003594	ru	1	то что у пидара усатого крыша уехала это его личные проблемы.
textdetox@01907546324b0330d2d8b7669648cc18823323e5/ru/003595	ru	1	если бы бляди получали по 10000 тысяч в месяц и 6 или 8 отдай за жкх вот я бы посмотрел как бы вы запели.
textdetox@01907546324b0330d2d8b7669648cc18823323e5/ru/003596	ru	1	слыш ты питух какой сука марс ,вы космадром построить не можите пидоры дырявые
textdetox@01907546324b0330d2d8b7669648cc18823323e5/ru/003597	ru	1	ещё будете следом бежать и в задницу его целовать, да поздно будет
textdetox@01907546324b0330d2d8b7669648cc18823323e5/ru/003598	ru	1	вы прежде чем такую хуйню выкладывать хоть сами то достоверность инфы проверяйте, а не играйте в сломанный телефон.
textdetox@01907546324b0330d2d8b7669648cc18823323e5/ru/003599	ru	1	олигофренка,застрелись за плешивого,может быть кто оценит...
textdetox@01907546324b0330d2d8b7669648cc18823323e5/ru/003600	ru	1	народ зачем мы им верим и ходим на выборы мы ж этих долбоёбов выбираем ( я голосую всегда против или бюллетень порчу)
textdetox@01907546324b0330d2d8b7669648cc18823323e5/ru/003601	ru	1	о ч только долбоеб таксй кагты может неститакую хуйню гигоvаск ии
textdetox@01907546324b0330d2d8b7669648cc18823323e5/ru/003602	ru	1	дура, это только в нашем бульбастане и других странах протевоестественно!!!
textdetox@01907546324b0330d2d8b7669648cc18823323e5/ru/003603	ru	1	то что ты пидараз это понятно но твой босс на много опережаеттебя
textdetox@01907546324b0330d2d8b7669648cc18823323e5/ru/003604	ru	1	гасанов лох все правду говарить ханым😒
textdetox@01907546324b0330d2d8b7669648cc18823323e5/ru/003605	ru	1	на кой хуй нужны толстолобики в думе ,они не работаю а девки занас счёт и им для всё мало ебаная конституция
textdetox@01907546324b0330d2d8b7669648cc18823323e5/ru/003606	ru	1	наша великая этим мразям ещё все лето бабки скидывала - не страна а рай на земле!!!
textdetox@01907546324b0330d2d8b7669648cc18823323e5/ru/003607	ru	1	гребанный и рожают же таких....
textdetox@01907546324b0330d2d8b7669648cc18823323e5/ru/003608	ru	1	это твои предки не поняли, когда тебя пидора зачинали.
textdetox@01907546324b0330d2d8b7669648cc18823323e5/ru/003609	ru	1	жена председателя колхоза дала шестерки мужикам, а доярка маша давала только мужу, а в среднем по деревни они обе бляди
textdetox@01907546324b0330d2d8b7669648cc18823323e5/ru/003610	ru	1	шакалы помоишные шоб у них могилы хуями покрылись
textdetox@01907546324b0330d2d8b7669648cc18823323e5/ru/003611	ru	1	начать уменьшение демографии нужно начать с таких бастардов, и выродков чубайсов и ему подобных.
textdetox@01907546324b0330d2d8b7669648cc18823323e5/ru/003612	ru	1	пердишь ты, потому как жопа дырявая😁😁😁
textdetox@01907546324b0330d2d8b7669648cc18823323e5/ru/003613	ru	1	ну и какая нормальная мать купит эту х...ю своему ребёнку.
textdetox@01907546324b0330d2d8b7669648cc18823323e5/ru/003614	ru	1	только потому, что значек ух, ты, блядь!
textdetox@01907546324b0330d2d8b7669648cc18823323e5/ru/003615	ru	1	господи, каких только долбоебов нет на свете.
textdetox@01907546324b0330d2d8b7669648cc18823323e5/ru/003616	ru	1	слава те хосподи , на одного придурка меньше🙏
textdetox@01907546324b0330d2d8b7669648cc18823323e5/ru/003617	ru	1	капец своих идиотов хватает а тут еще и эти пускай едут в сша они ее любят аж кипетком писяют когда америкосы санцые в водят против россии
textdetox@01907546324b0330d2d8b7669648cc18823323e5/ru/003618	ru	1	а где там пидорасы построить свою жопу топтальню собрались, в каком месте?
textdetox@01907546324b0330d2d8b7669648cc18823323e5/ru/003619	ru	1	какое нахуй день рождение у девочки.
textdetox@01907546324b0330d2d8b7669648cc18823323e5/ru/003620	ru	1	вы с этими сборами и классами заебали всех.
textdetox@01907546324b0330d2d8b7669648cc18823323e5/ru/003621	ru	1	слышь, чмо, этот пидор никогда наш не был!
textdetox@01907546324b0330d2d8b7669648cc18823323e5/ru/003622	ru	1	сука только не в этом году 🤞
textdetox@01907546324b0330d2d8b7669648cc18823323e5/ru/003623	ru	1	свинья , пидараса ты в зеркале видишь ,каждый день !
textdetox@01907546324b0330d2d8b7669648cc18823323e5/ru/003624	ru	1	он и мне прислал пидар эту прокладку,alexandr shkodin ответил виктору напиши по теме.
textdetox@01907546324b0330d2d8b7669648cc18823323e5/ru/003625	ru	1	дима !это чисто чмошники ,а ещё их называли шестерки ,жопа лизы итд .....
textdetox@01907546324b0330d2d8b7669648cc18823323e5/ru/003626	ru	1	заткнуть бы этим охотникам в одно место ружьё,у нас стреляют сурков и не смотрят что у них детки и всё выставляют в интернет думают что они мачо,чмошники
textdetox@01907546324b0330d2d8b7669648cc18823323e5/ru/003627	ru	1	зубаревой с воркуты надо в рот не мезин дать а большой толстый член для желудка
textdetox@01907546324b0330d2d8b7669648cc18823323e5/ru/003628	ru	1	а им там нехрен было делать !
textdetox@01907546324b0330d2d8b7669648cc18823323e5/ru/003629	ru	1	то не вояки народные а фашисткие прихвостни !
textdetox@01907546324b0330d2d8b7669648cc18823323e5/ru/003630	ru	1	эти десятки как припарка к жопе, десять дали-- с повышением газа, света, жкха,налога--- сто отберут за год,ебнутые вы что ли?
textdetox@01907546324b0330d2d8b7669648cc18823323e5/ru/003631	ru	1	да так же пидор занял место и никому не уступаешь..
textdetox@01907546324b0330d2d8b7669648cc18823323e5/ru/003632	ru	1	ты мне не паспорт ты мне телефон скинь блядень бздиловатая
textdetox@01907546324b0330d2d8b7669648cc18823323e5/ru/003633	ru	1	ты американски выкормыш, пошёл нахуй отсюда.
textdetox@01907546324b0330d2d8b7669648cc18823323e5/ru/003634	ru	1	пиздежь не какой автобус не мешал.вообще машин не было.
textdetox@01907546324b0330d2d8b7669648cc18823323e5/ru/003635	ru	1	обуть надо по полной сучка двухгодолавая.подавайте в суд .моральный ущерб на 800000 рублей после за руль не сядет.
textdetox@01907546324b0330d2d8b7669648cc18823323e5/ru/003636	ru	1	не думал, что он такой трус,предал и себя и отца, как пел круг, оказалась просто тварь ,сукааааа
textdetox@01907546324b0330d2d8b7669648cc18823323e5/ru/003637	ru	1	🤦‍♀️ новый способ для бж лезть в жизнь бм, приди мне пизду побрить 😂 одному тебе доверяю, привязка сильнее чем детьми
textdetox@01907546324b0330d2d8b7669648cc18823323e5/ru/003638	ru	1	и представлять не надо:dпросто-пидарасы:d :d
textdetox@01907546324b0330d2d8b7669648cc18823323e5/ru/003639	ru	1	эта мразь долже н сидеть раньше он мне нравился как артист а сейчас пидор а не мужик
textdetox@01907546324b0330d2d8b7669648cc18823323e5/ru/003640	ru	1	ты нацис йибаней как можно паднять руку на женщин если кто небут тваю сестру или мать так избалбы как таких пидаразев земля носет
textdetox@01907546324b0330d2d8b7669648cc18823323e5/ru/003641	ru	1	передайте этим хозяевам , что они мрази, пожалуйста...
textdetox@01907546324b0330d2d8b7669648cc18823323e5/ru/003642	ru	1	суки пиздят за неделю всё разволилось
textdetox@01907546324b0330d2d8b7669648cc18823323e5/ru/003643	ru	1	я бы этим блядям не только в жопе засунул
textdetox@01907546324b0330d2d8b7669648cc18823323e5/ru/003644	ru	1	зажравшиеся свиньи не пора ли вам в хлев
textdetox@01907546324b0330d2d8b7669648cc18823323e5/ru/003645	ru	1	платошкин н н в отличии от этого урода настоящий грамотный и прекрасный человек,а это чмо ,но я думаю скоро будет вертеться на своей поганой заднице.как земля таких уродов носит.
textdetox@01907546324b0330d2d8b7669648cc18823323e5/ru/003646	ru	1	ваш кисляк разбавить... а ебанько это ты меня назвала?
textdetox@01907546324b0330d2d8b7669648cc18823323e5/ru/003647	ru	1	а у скотских ,наглых, ублюдочных буржуев будущего нет , хотя ,вру, есть,но я им не завидую!
textdetox@01907546324b0330d2d8b7669648cc18823323e5/ru/003648	ru	1	а что хуторская что на хуй не кому не нужна
textdetox@01907546324b0330d2d8b7669648cc18823323e5/ru/003649	ru	1	корм и ведь,с.ки,не подавятся!!
textdetox@01907546324b0330d2d8b7669648cc18823323e5/ru/003650	ru	1	.... ...сказочный долбоёб.....(md) (md) (md)
textdetox@01907546324b0330d2d8b7669648cc18823323e5/ru/003651	ru	1	сильный лидер не врет, сильный лидер не пидр, сказал сделал, а вова , врал, врет и будет врать, чтоб у власти устоять.
textdetox@01907546324b0330d2d8b7669648cc18823323e5/ru/003652	ru	1	какая падла снимала гибель косули, нет бы помочь
textdetox@01907546324b0330d2d8b7669648cc18823323e5/ru/003653	ru	1	таких пидорасок гнать в шею живут засчет пинсионеров
textdetox@01907546324b0330d2d8b7669648cc18823323e5/ru/003654	ru	1	а механика для долбоёбов ....... можно тогда и на дровах ездить и угля добавить .
textdetox@01907546324b0330d2d8b7669648cc18823323e5/ru/003655	ru	1	вы вообще в себе ,что тварью обзываете человека ?
textdetox@01907546324b0330d2d8b7669648cc18823323e5/ru/003656	ru	1	гавно у тебя в башке, умник.
textdetox@01907546324b0330d2d8b7669648cc18823323e5/ru/003657	ru	1	это не десантники---- это быдлы,,,
textdetox@01907546324b0330d2d8b7669648cc18823323e5/ru/003658	ru	1	ты такое же дерьмо - как и твои оппоненты !
textdetox@01907546324b0330d2d8b7669648cc18823323e5/ru/003659	ru	1	пусть попробуют заработать, а не в инете чужие деньги считать уебаны бля
textdetox@01907546324b0330d2d8b7669648cc18823323e5/ru/003660	ru	1	вот читаю вашу перепалку,и думаю,а на куя вам этот дебил нужен,чтобы с ним общаться,
textdetox@01907546324b0330d2d8b7669648cc18823323e5/ru/003661	ru	1	почему эту тварь оправдывают?он сидел за рулем в гавно обдолбанный.если бы аварию допустил обыкновеннный человек.то засудили бы сразу.а кто такой ефремов?
textdetox@01907546324b0330d2d8b7669648cc18823323e5/ru/003662	ru	1	мрази пиндосовские, пусть с... т👎👎👎👎👎
textdetox@01907546324b0330d2d8b7669648cc18823323e5/ru/003663	ru	1	ну что поделаешь, пидоров везде хватает.
textdetox@01907546324b0330d2d8b7669648cc18823323e5/ru/003664	ru	1	дэбилы,а хули вы можете только пиздеть
textdetox@01907546324b0330d2d8b7669648cc18823323e5/ru/003665	ru	1	нормальные мужчины туда работать не идут идут неудачники и пидоры.
textdetox@01907546324b0330d2d8b7669648cc18823323e5/ru/003666	ru	1	твой рубль сейчас и говна не стоит.
textdetox@01907546324b0330d2d8b7669648cc18823323e5/ru/003667	ru	1	и ты тоже нихуя не стоишь.
textdetox@01907546324b0330d2d8b7669648cc18823323e5/ru/003668	ru	1	засуетились , пиндосы...... чувствуют задница подгорает, теперь советоваться будут, координировать....
textdetox@01907546324b0330d2d8b7669648cc18823323e5/ru/003669	ru	1	ето не пацан а выродок котррый готов убивать людей детей
textdetox@01907546324b0330d2d8b7669648cc18823323e5/ru/003670	ru	1	вот уроды самих бы кто на улицу выкинул с детьми
textdetox@01907546324b0330d2d8b7669648cc18823323e5/ru/003671	ru	1	один х...й пидар....сня
textdetox@01907546324b0330d2d8b7669648cc18823323e5/ru/003672	ru	1	очередная мразь сделала гадость - и на душе радость !
textdetox@01907546324b0330d2d8b7669648cc18823323e5/ru/003673	ru	1	когда вы долбоёбы упоротые уже угомонитесь ?
textdetox@01907546324b0330d2d8b7669648cc18823323e5/ru/003674	ru	1	этот ублюдок еськов сказал по матчу тв, что я не мог отменить пеналь, потому что это было бы нарушение регламента вар.... ну не пидор!!!!
textdetox@01907546324b0330d2d8b7669648cc18823323e5/ru/003675	ru	1	когдть же этот уёбок пойдёт гулять по мосту.
textdetox@01907546324b0330d2d8b7669648cc18823323e5/ru/003676	ru	1	блядь, намешали все в одну кучу, и белок и антибиотик и фенолы всякие.
textdetox@01907546324b0330d2d8b7669648cc18823323e5/ru/003677	ru	1	пиздабольство это всё,у там родные живут
textdetox@01907546324b0330d2d8b7669648cc18823323e5/ru/003678	ru	1	вообще то, блядь, вором можно человека назвать только по решению справедливого суда.
textdetox@01907546324b0330d2d8b7669648cc18823323e5/ru/003679	ru	1	сабаки спасатели наверное должны уметь раскапывать да по нюху орентироваться а не по веревкам лазить, идиоты разве так можно издеваться!!
textdetox@01907546324b0330d2d8b7669648cc18823323e5/ru/003680	ru	1	только этих придурков ещё не хватает!
textdetox@01907546324b0330d2d8b7669648cc18823323e5/ru/003681	ru	1	что за ебанутый смех!сразу видно, деревенщина,😞
textdetox@01907546324b0330d2d8b7669648cc18823323e5/ru/003682	ru	1	вот сволочь!да чтоб ему аукнулся этот благородный поступок!
textdetox@01907546324b0330d2d8b7669648cc18823323e5/ru/003683	ru	1	мужик красава👍 👍 👍 что бы не повадно было всяким шкурам ставить свои корыта где попало
textdetox@01907546324b0330d2d8b7669648cc18823323e5/ru/003684	ru	1	что блха-муха не нашлось мужика прихлопнуть эту суку.
textdetox@01907546324b0330d2d8b7669648cc18823323e5/ru/003685	ru	1	фнуресои отдельный привет хочется передать тем кто жил с я девизом вне политики чтоб ребят вы понимали весь творящийся россии в пиздец долбоебов именно из за таких как вы
textdetox@01907546324b0330d2d8b7669648cc18823323e5/ru/003686	ru	1	конечно не пролестает 7 лет жизни это уёбище забрало
textdetox@01907546324b0330d2d8b7669648cc18823323e5/ru/003687	ru	1	урод, падла на человека не похож ,мразь ебаная...
textdetox@01907546324b0330d2d8b7669648cc18823323e5/ru/003688	ru	1	забудте пидоры голубой цвет не ваш,ваш цвет коричневый.
textdetox@01907546324b0330d2d8b7669648cc18823323e5/ru/003689	ru	1	ты пидор гнойный даже колхоз свой не можешь настроить, уебок.
textdetox@01907546324b0330d2d8b7669648cc18823323e5/ru/003690	ru	1	сука ефремов ты оказывается тварь а я как актера тебя и твоего батю уважал а теперь падла пускай тебя бог судит
textdetox@01907546324b0330d2d8b7669648cc18823323e5/ru/003691	ru	1	что ментов пидорасов жалко, ну и пусть ломают вас дальше, а менты пидорасы когда празднуют себя хорошо видут, суки они
textdetox@01907546324b0330d2d8b7669648cc18823323e5/ru/003692	ru	1	причём поганой ссука метлой её гнать из страны.. пи...............ина.ссука.
textdetox@01907546324b0330d2d8b7669648cc18823323e5/ru/003693	ru	1	точно!они или читать не умеют или моральные уроды
textdetox@01907546324b0330d2d8b7669648cc18823323e5/ru/003694	ru	1	если либералы, пидоры его оправдывают-значит дерьмо!
textdetox@01907546324b0330d2d8b7669648cc18823323e5/ru/003695	ru	1	евраз пидорасы показуха да и только в книгу рекордов гинеса не попали нет
textdetox@01907546324b0330d2d8b7669648cc18823323e5/ru/003696	ru	1	три дебила ещё не весь десант двух слов связать не могут
textdetox@01907546324b0330d2d8b7669648cc18823323e5/ru/003697	ru	1	слышь дырявый, самоутверждаешься изливая понос нажимая кнопочки?
textdetox@01907546324b0330d2d8b7669648cc18823323e5/ru/003698	ru	1	не вижу смысла тут переписываться с тупорылкой, в реале бы поговорил.
textdetox@01907546324b0330d2d8b7669648cc18823323e5/ru/003699	ru	1	только такое хуйло как ты постоянно съезжает
textdetox@01907546324b0330d2d8b7669648cc18823323e5/ru/003700	ru	1	придурок твой тютчев.воткни в очко себе своё сраное величие
textdetox@01907546324b0330d2d8b7669648cc18823323e5/ru/003701	ru	1	для дебилов, которые ходят в масках и перчатках.
textdetox@01907546324b0330d2d8b7669648cc18823323e5/ru/003702	ru	1	пускай тогда скафандры покупают, дебилы:d
textdetox@01907546324b0330d2d8b7669648cc18823323e5/ru/003703	ru	1	мразь конченная...в корне поменялось мнение об этом теле
textdetox@01907546324b0330d2d8b7669648cc18823323e5/ru/003704	ru	1	дура безмозглая, лучше бы за бабушкой ухаживала
textdetox@01907546324b0330d2d8b7669648cc18823323e5/ru/003705	ru	1	дурдом ромашка..нету на сегоднейший день нормальных мужчин ....то гейтр пидораз то урод вот такой ..
textdetox@01907546324b0330d2d8b7669648cc18823323e5/ru/003706	ru	1	ты какого хуя лезишь в отношения других и шлеш и говоришь ее мужику выйти отсюда ты швецкая баба?😂 😂 😂
textdetox@01907546324b0330d2d8b7669648cc18823323e5/ru/003707	ru	1	ебануэлька,говнозмин ,кукаревич ,наши известные либерасты -прошмандовочники !мировая дырмократическая шобла идиотов-мозгоблудов с весёлым шакальим завыванием приняли их в свою кодлу !
textdetox@01907546324b0330d2d8b7669648cc18823323e5/ru/003708	ru	1	а тебе юбку и на панель
textdetox@01907546324b0330d2d8b7669648cc18823323e5/ru/003709	ru	1	кто вам тварям крысам дал право распоряжаться народным достоянием суки едино пидоры
textdetox@01907546324b0330d2d8b7669648cc18823323e5/ru/003710	ru	1	ты и каретникова идеальной парой будете..один пиздит хз что, вторая тоже😂
textdetox@01907546324b0330d2d8b7669648cc18823323e5/ru/003711	ru	1	после подобных речей и действий какие могут быть братские отношения хорошо хоть партнерские бы остались я бы с ним после всего этого срать на одном гектаре не сел просто ублюдок.
textdetox@01907546324b0330d2d8b7669648cc18823323e5/ru/003712	ru	1	пидорша, я буду белить фору, пока не перестанешь заниматься хуйней.
textdetox@01907546324b0330d2d8b7669648cc18823323e5/ru/003713	ru	1	у власти те кто уподобляется американской системе....пиндосы своим капитализмом стали богаты и тащатся.... только вот что теперь после этого всего стало.?...
textdetox@01907546324b0330d2d8b7669648cc18823323e5/ru/003714	ru	1	спившийся.опустившийся алкаш.иной бомж порядочнее и честнее.
textdetox@01907546324b0330d2d8b7669648cc18823323e5/ru/003715	ru	1	при всей своей незлобливостии мысль одна - лучше бы ты сдох.тварюга.
textdetox@01907546324b0330d2d8b7669648cc18823323e5/ru/003716	ru	1	падла шаркает.охуярить её тысячь на 500.
textdetox@01907546324b0330d2d8b7669648cc18823323e5/ru/003717	ru	1	не дети,, а выблюдки,,,, кто их родители,то в клетку к медведям лезут,,,то яйца ради забавы бьют,, из-за таких уродов страдают животные ,,,и все вокруг,,,
textdetox@01907546324b0330d2d8b7669648cc18823323e5/ru/003718	ru	1	уёбгений, твой комментарий- от лживых скотопидоров с кошачье -собачьего- едросовского сброда, ограбившего страну и грабящих людей...(fr) :-d :-d 😂 😂
textdetox@01907546324b0330d2d8b7669648cc18823323e5/ru/003719	ru	1	у меня молли блядь и тоже в четыре утра.
textdetox@01907546324b0330d2d8b7669648cc18823323e5/ru/003720	ru	1	:-d я ржу над дурачками, которые бабло кефиру отправляют, а потом ебутся с 2032
textdetox@01907546324b0330d2d8b7669648cc18823323e5/ru/003721	ru	1	очередной сука уебок, да не пойти бы тебе нахуй, обезьяна ты ебанная
textdetox@01907546324b0330d2d8b7669648cc18823323e5/ru/003722	ru	1	то что твоя жопа вся в дерьме для нас не новость!
textdetox@01907546324b0330d2d8b7669648cc18823323e5/ru/003723	ru	1	кому они всрались эти банедры еще и смотреть на них..ущербные францюватые и недоразвитые
textdetox@01907546324b0330d2d8b7669648cc18823323e5/ru/003724	ru	1	лада лох купи ладу лох,почувствуй себя л.....
textdetox@01907546324b0330d2d8b7669648cc18823323e5/ru/003725	ru	1	ты петух молотить будеш?да по тебе дурка просто воет
textdetox@01907546324b0330d2d8b7669648cc18823323e5/ru/003726	ru	1	0бляяяядь..ну почему в однокласниках один жопы
textdetox@01907546324b0330d2d8b7669648cc18823323e5/ru/003727	ru	1	если вы бляди скромнее одиваться будите вас и за шалав держать не будут домогательство блять .
textdetox@01907546324b0330d2d8b7669648cc18823323e5/ru/003728	ru	1	только безмозглая тварь этого не видит.
textdetox@01907546324b0330d2d8b7669648cc18823323e5/ru/003729	ru	1	что самое интересное фукусиму им тоже пиндосы построили но как то через одно место :-d﻿
textdetox@01907546324b0330d2d8b7669648cc18823323e5/ru/003730	ru	1	и всегда найдётся какой-нибудь фидарас который будет лизать опу провителства ..
textdetox@01907546324b0330d2d8b7669648cc18823323e5/ru/003731	ru	1	правда урод,,,, жизнь это бумеранг.... свое он получит....
textdetox@01907546324b0330d2d8b7669648cc18823323e5/ru/003732	ru	1	успокойся и попробуй ещё раз членораздельно выразить свою мысль на русском языке нищий пиздабол
textdetox@01907546324b0330d2d8b7669648cc18823323e5/ru/003733	ru	1	такие вые*ки как этот смирнов, лучшая реклама атеизма)
textdetox@01907546324b0330d2d8b7669648cc18823323e5/ru/003734	ru	1	ваша страна ...какая у тебя страна хуета ты безродная..?
textdetox@01907546324b0330d2d8b7669648cc18823323e5/ru/003735	ru	1	а придумывают всё, грёбаное дегенеративное правительство и вся эта пи.дабратия...
textdetox@01907546324b0330d2d8b7669648cc18823323e5/ru/003736	ru	1	автор, ты сам дибилоид или извращенец отстойный?!!!!!
textdetox@01907546324b0330d2d8b7669648cc18823323e5/ru/003737	ru	1	с я все могу понять лихие о е на проклятые демократы враги западе пятая колонна стали но почему вы сука миллиардерами а народ бедный и нищий
textdetox@01907546324b0330d2d8b7669648cc18823323e5/ru/003738	ru	1	потому что эти долбосенсы херня полная.
textdetox@01907546324b0330d2d8b7669648cc18823323e5/ru/003739	ru	1	подыхать будешь,тот же доктор и к тебе приедет.. скажи ему лично,как ты его назвал.. интересно,что он придумает,что бы тебя,херню тупую, спасти..
textdetox@01907546324b0330d2d8b7669648cc18823323e5/ru/003740	ru	1	да блядь хотя ты почти и земляк а гандон ты штопаный
textdetox@01907546324b0330d2d8b7669648cc18823323e5/ru/003741	ru	1	таких пидарасов и надо так учить, подвозомнили себя крутыми пидарасы ебучие, гореть им из века в век в аду
textdetox@01907546324b0330d2d8b7669648cc18823323e5/ru/003742	ru	1	я не видел свою жену пьяной голой... но вот блядей таких много повидал)))
textdetox@01907546324b0330d2d8b7669648cc18823323e5/ru/003743	ru	1	она идиотка но только не ватная, она чурбанская идиотка, и рожа у нее пепсикольная.
textdetox@01907546324b0330d2d8b7669648cc18823323e5/ru/003744	ru	1	я все сказал тебе привет от канала разносчик фейков и всякого гавна колясик-пидорасик!
textdetox@01907546324b0330d2d8b7669648cc18823323e5/ru/003745	ru	1	ты главное после каждого написанного в мою сторону комментария не забывай из своего рта хуй высовывать!
textdetox@01907546324b0330d2d8b7669648cc18823323e5/ru/003746	ru	1	блять сколько всякие чинуши и их ублюдки дети,все молчат,а тут распизделись.
textdetox@01907546324b0330d2d8b7669648cc18823323e5/ru/003747	ru	1	эй ,рогулятина ...чё уже взлетело ?
textdetox@01907546324b0330d2d8b7669648cc18823323e5/ru/003748	ru	1	совсем с головой не дружит, дура
textdetox@01907546324b0330d2d8b7669648cc18823323e5/ru/003749	ru	1	вот этих пидора _.. в которые спекулируют на больных и инвалидов твари
textdetox@01907546324b0330d2d8b7669648cc18823323e5/ru/003750	ru	1	автор сам не далеко от мера уплыл,мэр а не мер тупой дибил.
textdetox@01907546324b0330d2d8b7669648cc18823323e5/ru/003751	ru	1	в пизду засунь свою россию!...
textdetox@01907546324b0330d2d8b7669648cc18823323e5/ru/003752	ru	1	сдохнешь как и все в надеждах и нищете тварь!...
textdetox@01907546324b0330d2d8b7669648cc18823323e5/ru/003753	ru	1	жир трест.да разве могут они с такими харями работать???
textdetox@01907546324b0330d2d8b7669648cc18823323e5/ru/003754	ru	1	он просто себе и своим пидорам делает плот, где его плешивого не кто не достанет
textdetox@01907546324b0330d2d8b7669648cc18823323e5/ru/003755	ru	1	сейчас и в спортзалах половина полупидоры какие-то )))
textdetox@01907546324b0330d2d8b7669648cc18823323e5/ru/003756	ru	1	а ты меркельский холоп и что дальше?)
textdetox@01907546324b0330d2d8b7669648cc18823323e5/ru/003757	ru	1	либеральная нечистота это как раз ты лизоблюд опоголовый со своим со своим хозяином, он сам признался что придерживается либеральных взглядов!
textdetox@01907546324b0330d2d8b7669648cc18823323e5/ru/003758	ru	1	пидоры они одним словом,и президент наш тоже пидор
textdetox@01907546324b0330d2d8b7669648cc18823323e5/ru/003759	ru	1	какой нахрен вид на жительство,он пид)р визу показывает,чтоб резиденцию испанскую получить надо 3.5 года прожить или недвижимость дорогую купить
textdetox@01907546324b0330d2d8b7669648cc18823323e5/ru/003760	ru	1	маразматик какойта пишет фейк еак вы надоели
textdetox@01907546324b0330d2d8b7669648cc18823323e5/ru/003761	ru	1	ты дура за собой смотри,хули из подтишка пишиш ебало свое не показываеш,позаблокировала все, или че есть что боятся.
textdetox@01907546324b0330d2d8b7669648cc18823323e5/ru/003762	ru	1	далбаеб и все саляру чувствуеш хорошпя плохая тут на отработке пиздец а тнвд фильтра как протянут ✌️﻿✌️﻿✌️﻿
textdetox@01907546324b0330d2d8b7669648cc18823323e5/ru/003763	ru	1	ефрем я думал ты мужик чмо
textdetox@01907546324b0330d2d8b7669648cc18823323e5/ru/003764	ru	1	похоже ты сам из пиздосранска какогото дятел
textdetox@01907546324b0330d2d8b7669648cc18823323e5/ru/003765	ru	1	вот такие дебилы считают себя защитниками народа!
textdetox@01907546324b0330d2d8b7669648cc18823323e5/ru/003766	ru	1	дааа,таких хватает,повороты не включают,пидарки!
textdetox@01907546324b0330d2d8b7669648cc18823323e5/ru/003767	ru	1	коментировать нечего просто простите за выражение сука,
textdetox@01907546324b0330d2d8b7669648cc18823323e5/ru/003768	ru	1	ай молодцы......... страна шлюх и педиков.
textdetox@01907546324b0330d2d8b7669648cc18823323e5/ru/003769	ru	1	а что еще делать, если большей частью тут пиздаболы!!
textdetox@01907546324b0330d2d8b7669648cc18823323e5/ru/003770	ru	1	когда же в россии все проснутся?или так и будем рабами пидарасов
textdetox@01907546324b0330d2d8b7669648cc18823323e5/ru/003771	ru	1	спят а. пенсионеры пашут суки а не.
textdetox@01907546324b0330d2d8b7669648cc18823323e5/ru/003772	ru	1	пиздец нет слов...... уроды....
textdetox@01907546324b0330d2d8b7669648cc18823323e5/ru/003773	ru	1	сайт для вахтовиков, работяг , а не для поноса бандерлвского.
textdetox@01907546324b0330d2d8b7669648cc18823323e5/ru/003774	ru	1	он не забыл, а обнулился 👎 👎 👎 8oi 8oi 8oi крысёныш !
textdetox@01907546324b0330d2d8b7669648cc18823323e5/ru/003775	ru	1	я,смотрю, мадам,у вас все русские-быдло и дебилы?
textdetox@01907546324b0330d2d8b7669648cc18823323e5/ru/003776	ru	1	а,вы,видимо русофобка и на минуточку христопродавка!
textdetox@01907546324b0330d2d8b7669648cc18823323e5/ru/003777	ru	1	а,не пошла бы,ты в задницу!!
textdetox@01907546324b0330d2d8b7669648cc18823323e5/ru/003778	ru	1	или потаскуха, а теперь блогершас переделанной рожей и похабная.
textdetox@01907546324b0330d2d8b7669648cc18823323e5/ru/003779	ru	1	хорошее фото !скоро долбоебы будут про радугу спорить или уже спорят!
textdetox@01907546324b0330d2d8b7669648cc18823323e5/ru/003780	ru	1	положите этого урода и уберите ей по женски чтоб это сука не рожала как свинья.
textdetox@01907546324b0330d2d8b7669648cc18823323e5/ru/003781	ru	1	вороне хуй к носу подвели казлу в жопу
textdetox@01907546324b0330d2d8b7669648cc18823323e5/ru/003782	ru	1	порю вот такое чмо несет такую галиматью и многие верят.
textdetox@01907546324b0330d2d8b7669648cc18823323e5/ru/003783	ru	1	мозги и не выкладывайте таких дебилов в ютюб и т.д.
textdetox@01907546324b0330d2d8b7669648cc18823323e5/ru/003784	ru	1	или пол страны тоже ебанутые стали.
textdetox@01907546324b0330d2d8b7669648cc18823323e5/ru/003785	ru	1	а чего ебальник закрасили , может быть его еще кто то бы опознал !
textdetox@01907546324b0330d2d8b7669648cc18823323e5/ru/003786	ru	1	,+, с какого ху...... растет зелёный?
textdetox@01907546324b0330d2d8b7669648cc18823323e5/ru/003787	ru	1	вы лохи ебучие,пешком научитесь ходить,какие нахуй привода у уазе, чайники ебаные
textdetox@01907546324b0330d2d8b7669648cc18823323e5/ru/003788	ru	1	ты сука самый основной вор в россии.
textdetox@01907546324b0330d2d8b7669648cc18823323e5/ru/003789	ru	1	еблан я замужем тринадцать лет, ущербный ты мой,мне тебя очень жаль,найди себе уже женщину и успакойся😂😂😂
textdetox@01907546324b0330d2d8b7669648cc18823323e5/ru/003790	ru	1	вот бляди, мужик обеспечил, она ещё пищит что то, если это ее слова!
textdetox@01907546324b0330d2d8b7669648cc18823323e5/ru/003791	ru	1	бреднева..к ебучим хахлам теперь не какой культуры...враги они.
textdetox@01907546324b0330d2d8b7669648cc18823323e5/ru/003792	ru	1	росбыдло любит вождя и вождь любит росбыдло!
textdetox@01907546324b0330d2d8b7669648cc18823323e5/ru/003793	ru	1	ты про кого все пишешь еблан
textdetox@01907546324b0330d2d8b7669648cc18823323e5/ru/003794	ru	1	ну, чтож, ты страшная такая, тебя боятся даже, хулюганы.
textdetox@01907546324b0330d2d8b7669648cc18823323e5/ru/003795	ru	1	глухов, мне похуй на тебя, животное ебучее.
textdetox@01907546324b0330d2d8b7669648cc18823323e5/ru/003796	ru	1	а вообще иди на хуй, просто не пиши мне, мразь
textdetox@01907546324b0330d2d8b7669648cc18823323e5/ru/003797	ru	1	хуйня какая то, картинка с дебилами одна и та же, по 10 раз.
textdetox@01907546324b0330d2d8b7669648cc18823323e5/ru/003798	ru	1	не могла найти где тебе гаду написать.
textdetox@01907546324b0330d2d8b7669648cc18823323e5/ru/003799	ru	1	такие падлы как ты офицеров в гражданскую вешали и пытали, фашистам служили в отечественную.
textdetox@01907546324b0330d2d8b7669648cc18823323e5/ru/003800	ru	1	и ебло у ее тупей не бывает
textdetox@01907546324b0330d2d8b7669648cc18823323e5/ru/003801	ru	1	сто процентов твоя правда с 4 утра хуя ищит ,но все ее отвергают а она липнет как гавно в обуви
textdetox@01907546324b0330d2d8b7669648cc18823323e5/ru/003802	ru	1	а работники магазинов твари им все аукнется!!
textdetox@01907546324b0330d2d8b7669648cc18823323e5/ru/003803	ru	1	ты сам у себя отсоси, потом будешь указывать русским что делать....
textdetox@01907546324b0330d2d8b7669648cc18823323e5/ru/003804	ru	1	обидно что этот сайт делает, из общения, в побор денег всяких пидорасов
textdetox@01907546324b0330d2d8b7669648cc18823323e5/ru/003805	ru	1	вся эта бандеровская х.. та нужна, чтобы стравить русских с русскими.
textdetox@01907546324b0330d2d8b7669648cc18823323e5/ru/003806	ru	1	хотя в семье не без уродов.
textdetox@01907546324b0330d2d8b7669648cc18823323e5/ru/003807	ru	1	мусор сдох и хуй на него!!
textdetox@01907546324b0330d2d8b7669648cc18823323e5/ru/003808	ru	1	лучше вали блядь на х вам тут не места
textdetox@01907546324b0330d2d8b7669648cc18823323e5/ru/003809	ru	1	крашеная мартышка,тебя с мылом умыть,и показать ужас который предстоит увидеть.не суди,да несудима будешь
textdetox@01907546324b0330d2d8b7669648cc18823323e5/ru/003810	ru	1	из половины небесной сотни-алкаши, наркоманы и отбросы общества!
textdetox@01907546324b0330d2d8b7669648cc18823323e5/ru/003811	ru	1	идиоты ебаные не знают с кого брать....
textdetox@01907546324b0330d2d8b7669648cc18823323e5/ru/003812	ru	1	да насрать на этих пидоров, пусть передохнут там все.
textdetox@01907546324b0330d2d8b7669648cc18823323e5/ru/003813	ru	1	придурок лег а долбан лечит или думает что лечит
textdetox@01907546324b0330d2d8b7669648cc18823323e5/ru/003814	ru	1	о!хуесосина,нарислвался?по хуям соскучился,задрота интернетная?
textdetox@01907546324b0330d2d8b7669648cc18823323e5/ru/003815	ru	1	ну отмажут это чмо адвокаты .....как оно дальше жить то собралось ?
textdetox@01907546324b0330d2d8b7669648cc18823323e5/ru/003816	ru	1	убогая это ты...иди работай...чучело
textdetox@01907546324b0330d2d8b7669648cc18823323e5/ru/003817	ru	1	с воркуты работница онкологии грязная давалка за деньги
textdetox@01907546324b0330d2d8b7669648cc18823323e5/ru/003818	ru	1	до каких пор власть ублюдков будет уничтожать свою родину.
textdetox@01907546324b0330d2d8b7669648cc18823323e5/ru/003819	ru	1	припиздиваете семья с 5 ребенком будет обходить митинги через 5 улиц.
textdetox@01907546324b0330d2d8b7669648cc18823323e5/ru/003820	ru	1	а эти суки пошли и ребенка подставили.
textdetox@01907546324b0330d2d8b7669648cc18823323e5/ru/003821	ru	1	шмундыр или как тебя там по мове, заткни своё ебло, похмелись и ложись спать, чмо!!!!!!!!
textdetox@01907546324b0330d2d8b7669648cc18823323e5/ru/003822	ru	1	с таким свинным рылом --хряк кастрированый--там давление под 200 сдохнит сразу без врачей чушкарь --!!!
textdetox@01907546324b0330d2d8b7669648cc18823323e5/ru/003823	ru	1	дебилы сука совсем свехнулись фанатики религиозные!!
textdetox@01907546324b0330d2d8b7669648cc18823323e5/ru/003824	ru	1	она уже заебала всех со своими шпагатами какбудто больше нет.
textdetox@01907546324b0330d2d8b7669648cc18823323e5/ru/003825	ru	1	никого пластичней чем волочкова на кол ее и джигурду рядом
textdetox@01907546324b0330d2d8b7669648cc18823323e5/ru/003826	ru	1	помоему, тот кто делал ети снимки, гораздо ебанутей этой ангелины!!
textdetox@01907546324b0330d2d8b7669648cc18823323e5/ru/003827	ru	1	да блин отчаянный пидарас а мог бы и душу богу отдать на суд
textdetox@01907546324b0330d2d8b7669648cc18823323e5/ru/003828	ru	1	а что же ты паскуда не пишешь чтто строятся больницы, заводы, садики, школы?
textdetox@01907546324b0330d2d8b7669648cc18823323e5/ru/003829	ru	1	а потом еще и спишет этот долг, а нам какой нибудь налог въебать.
textdetox@01907546324b0330d2d8b7669648cc18823323e5/ru/003830	ru	1	слышь ты еблан русский язык и уголовный и упк выучи и не защищай всяких пидоров.
textdetox@01907546324b0330d2d8b7669648cc18823323e5/ru/003831	ru	1	с российским вроде ошибка вышла, вроде наши пидары.
textdetox@01907546324b0330d2d8b7669648cc18823323e5/ru/003832	ru	1	555 заебатся-это я успел за одно утро
textdetox@01907546324b0330d2d8b7669648cc18823323e5/ru/003833	ru	1	малолетние шалавы и родители которым похуй на все
textdetox@01907546324b0330d2d8b7669648cc18823323e5/ru/003834	ru	1	какой то хрен с бугра, вставил сюда какую-то картинку с женщиной и какими-то не типовыми словами.
textdetox@01907546324b0330d2d8b7669648cc18823323e5/ru/003835	ru	1	поздно хватился дядя,говно отмывать трудно изволяли хорошо.сука сванидзе иже с ним.
textdetox@01907546324b0330d2d8b7669648cc18823323e5/ru/003836	ru	1	лично я сейчас за дальневосточную республику,как 1918-1922г,сибирь,алтай,и др.проживут без москалей и пидорцев,а вот они?
textdetox@01907546324b0330d2d8b7669648cc18823323e5/ru/003837	ru	1	пусть у себя наведёт коммунизм....а потом к нам лезет ...сука
textdetox@01907546324b0330d2d8b7669648cc18823323e5/ru/003838	ru	1	и я не оскорбляю, говорю правду, ты пидарок, в жопу чпок.
textdetox@01907546324b0330d2d8b7669648cc18823323e5/ru/003839	ru	1	ваууу какая сексуальная сука просто бомба
textdetox@01907546324b0330d2d8b7669648cc18823323e5/ru/003840	ru	1	придурки вы, заберите всех южан коррупционеров, заеба..ли они.
textdetox@01907546324b0330d2d8b7669648cc18823323e5/ru/003841	ru	1	бабы брезгуют тобой,что ли?или ты уже не в состоянии стояния😅😅😅?ой бля,сколько же в руссопидорасии дрочеров,сука рашка😆😆😆
textdetox@01907546324b0330d2d8b7669648cc18823323e5/ru/003842	ru	1	тот за данного гада.. когда в 90-е бомбили югославию.
textdetox@01907546324b0330d2d8b7669648cc18823323e5/ru/003843	ru	1	сейчас все, кто срет на страны, я надеюсь, получает за это деньги.
textdetox@01907546324b0330d2d8b7669648cc18823323e5/ru/003844	ru	1	война в россии будет посмотрим тот время кто кого ж*** будет облизывать
textdetox@01907546324b0330d2d8b7669648cc18823323e5/ru/003845	ru	1	но все ведь не могут быть проститутками как она...я думаю пусть соглашаются с ней те кто как она...
textdetox@01907546324b0330d2d8b7669648cc18823323e5/ru/003846	ru	1	эти твари пусть пиздят своих детей матерей жён.
textdetox@01907546324b0330d2d8b7669648cc18823323e5/ru/003847	ru	1	вы что суки святое трогаете это бессмертный полк а не ваша вонючая акция бляди лишь бы спровоцировать
textdetox@01907546324b0330d2d8b7669648cc18823323e5/ru/003848	ru	1	а какого хера его слушать все равно наеб.
textdetox@01907546324b0330d2d8b7669648cc18823323e5/ru/003849	ru	1	члены экологического совета, засуньте этот завод себе в задницу!!
textdetox@01907546324b0330d2d8b7669648cc18823323e5/ru/003850	ru	1	по харе бы ему этой нагайкой !
textdetox@01907546324b0330d2d8b7669648cc18823323e5/ru/003851	ru	1	чигорина, ты же пугало огородное, исполняй свои обязанности, не тревожь форумчан !
textdetox@01907546324b0330d2d8b7669648cc18823323e5/ru/003852	ru	1	видишь вон пидфрасы сидят в кремле ебош туда
textdetox@01907546324b0330d2d8b7669648cc18823323e5/ru/003853	ru	1	только подлецы из 5 колоны хают россию ,но продолжают здесь жить пидерасты хреновы.
textdetox@01907546324b0330d2d8b7669648cc18823323e5/ru/003854	ru	1	самое уебищное чудовише каторыи я видел
textdetox@01907546324b0330d2d8b7669648cc18823323e5/ru/003855	ru	1	говорить--- долбоеб иианов депутат от едроса...
textdetox@01907546324b0330d2d8b7669648cc18823323e5/ru/003856	ru	1	как эти клоуны артисты замонали,наркоманы,и алкоголики ебанные.
textdetox@01907546324b0330d2d8b7669648cc18823323e5/ru/003857	ru	1	раньше были артисты от бога,а сейчас зажравшие свиньи.
textdetox@01907546324b0330d2d8b7669648cc18823323e5/ru/003858	ru	1	осторожно мошенники,эта тварь гуляет по интернету и обманывает людей,этот товар белорусской фабрики и стоит он от 4000 руб.
textdetox@01907546324b0330d2d8b7669648cc18823323e5/ru/003859	ru	1	таких надо сажать в клетки и возить по городам и показывать людям , какие есть уроды- больные на голову.
textdetox@01907546324b0330d2d8b7669648cc18823323e5/ru/003860	ru	1	лучше бы сам ебанулся головой о стену мудак
textdetox@01907546324b0330d2d8b7669648cc18823323e5/ru/003861	ru	1	по телику пиарят одних пидоров прививают нам европейскую культуру так что радуйтесь вы скоро приравняетесь к европе
textdetox@01907546324b0330d2d8b7669648cc18823323e5/ru/003862	ru	1	что то не похож хорошо если это он а если нет то та мразь будет дальше нападать на детей
textdetox@01907546324b0330d2d8b7669648cc18823323e5/ru/003863	ru	1	беларусы до сих пор тратят те доллары коротые заработали в начале 90!ты пиздолиз !
textdetox@01907546324b0330d2d8b7669648cc18823323e5/ru/003864	ru	1	и пусть возвращается , и агибалова тоже , дом 2 оживят , а эту хуетень беспонтовую прорядят и выгонят на хуй
textdetox@01907546324b0330d2d8b7669648cc18823323e5/ru/003865	ru	1	а тебя упырь что то не устраивает,ехой нахуй за гронитцу и не ной
textdetox@01907546324b0330d2d8b7669648cc18823323e5/ru/003866	ru	1	таких хозяев привезать за...., уроды
textdetox@01907546324b0330d2d8b7669648cc18823323e5/ru/003867	ru	1	когда же настоящие хабаровчане поднимутся и сметут пидорастню со своих улиц !
textdetox@01907546324b0330d2d8b7669648cc18823323e5/ru/003868	ru	1	живность, сдрысни, прошэ... блядзина конченая!
textdetox@01907546324b0330d2d8b7669648cc18823323e5/ru/003869	ru	1	🤪ты под чем убогая, тухлого сала с гавном вьебала такой херни понакалякала да с такой скоростью🥳!
textdetox@01907546324b0330d2d8b7669648cc18823323e5/ru/003870	ru	1	иди убейся об стену шиза с припиздью!!!
textdetox@01907546324b0330d2d8b7669648cc18823323e5/ru/003871	ru	1	молодые говнюки ищут на свою жопу приключений все порулить хотят безмозглые бездельники
textdetox@01907546324b0330d2d8b7669648cc18823323e5/ru/003872	ru	1	какую роль сейчас играет ефремов --дебилоида --что было не помню .что сейчас не пойму .спрятался за маской .сунул деньги адвокату.и сидит тихонько .
textdetox@01907546324b0330d2d8b7669648cc18823323e5/ru/003873	ru	1	ёбну....ся и не встать!
textdetox@01907546324b0330d2d8b7669648cc18823323e5/ru/003874	ru	1	наградить всех реестровых кловунов и всю хуету из генштаба вс рф!!
textdetox@01907546324b0330d2d8b7669648cc18823323e5/ru/003875	ru	1	как они могут быть звездами если лентяи и туниядцы только жрут и трахаться
textdetox@01907546324b0330d2d8b7669648cc18823323e5/ru/003876	ru	1	этот пи3данутый пенсионер знает в каком году триколор стал государственным флагом русского государства ?
textdetox@01907546324b0330d2d8b7669648cc18823323e5/ru/003877	ru	1	а от куда , по его слова , появилась двухголовая курица мутант, герб правищей династии византии, откуда на русь пришло христианство ?
textdetox@01907546324b0330d2d8b7669648cc18823323e5/ru/003878	ru	1	его надо нагоми пиздить и всех, кто глумится над мой родиной , россией.
textdetox@01907546324b0330d2d8b7669648cc18823323e5/ru/003879	ru	1	эти ублюдки должны сидеть в тюрьме.
textdetox@01907546324b0330d2d8b7669648cc18823323e5/ru/003880	ru	1	делайте уже, суки, хоть что-то кроме воровства.
textdetox@01907546324b0330d2d8b7669648cc18823323e5/ru/003881	ru	1	мразота бакурская, ты шоры сними и посмотри вокруг.
textdetox@01907546324b0330d2d8b7669648cc18823323e5/ru/003882	ru	1	ты мразь рада тому, что что твои дети будут лишние 5 лет горбатиться на плешивого?
textdetox@01907546324b0330d2d8b7669648cc18823323e5/ru/003883	ru	1	ты сука, тут пропагандоские тексты вставляешь, которые не соответствуют действительности, конкретно - где ты сучара видела беспорядки, погромы?
textdetox@01907546324b0330d2d8b7669648cc18823323e5/ru/003884	ru	1	ты мразь заткни свой ебальник и иди смотри первый канал.
textdetox@01907546324b0330d2d8b7669648cc18823323e5/ru/003885	ru	1	ты мразь считаешь, что твоё мнение это истина в последней инстанции, а 100.000 человек никто и звать их никак?
textdetox@01907546324b0330d2d8b7669648cc18823323e5/ru/003886	ru	1	они же пидоры перепрыгивают через регламент по ходу турнира.
textdetox@01907546324b0330d2d8b7669648cc18823323e5/ru/003887	ru	1	а все эти волнения для всей этой пропитерской шоблы - просто пустой звук.
textdetox@01907546324b0330d2d8b7669648cc18823323e5/ru/003888	ru	1	они сидят и потешаются, суки, над нами.
textdetox@01907546324b0330d2d8b7669648cc18823323e5/ru/003889	ru	1	заебала эта всемогущая пидерская власть...👊 8oi
textdetox@01907546324b0330d2d8b7669648cc18823323e5/ru/003890	ru	1	ефремов не человек, а пидор в маске 😡😡😡
textdetox@01907546324b0330d2d8b7669648cc18823323e5/ru/003891	ru	1	автор пидорас .какие коменты ему не по нраву , удаляет .
textdetox@01907546324b0330d2d8b7669648cc18823323e5/ru/003892	ru	1	ноино ту т аz на кол суку пым не
textdetox@01907546324b0330d2d8b7669648cc18823323e5/ru/003893	ru	1	сволочи вас бог накажет за то что бросили друга,вас в старости дети выкинут в дом пристарелых,дай бог да будет так.скоты.
textdetox@01907546324b0330d2d8b7669648cc18823323e5/ru/003894	ru	1	я смотрю эти олероновская шайка все забайкалье заибло.
textdetox@01907546324b0330d2d8b7669648cc18823323e5/ru/003895	ru	1	нехер срать в чужой машине... многие думают раз деньги заплатили, значит можно вести себя как хотят, это не правильно.
textdetox@01907546324b0330d2d8b7669648cc18823323e5/ru/003896	ru	1	обосрала машину ещё и наверное шум гам устроила... дурочка
textdetox@01907546324b0330d2d8b7669648cc18823323e5/ru/003897	ru	1	долбоебы, извините но других слов у меня нет.
textdetox@01907546324b0330d2d8b7669648cc18823323e5/ru/003898	ru	1	а даме по лицу прям сразу, как только блядина подумала об этом☝️
textdetox@01907546324b0330d2d8b7669648cc18823323e5/ru/003899	ru	1	из под трёх штанов, сука, трусы виднеются
textdetox@01907546324b0330d2d8b7669648cc18823323e5/ru/003900	ru	1	такая группа о самарканде, и этих блядей рекламируете, вот зачем????????
textdetox@01907546324b0330d2d8b7669648cc18823323e5/ru/003901	ru	1	тупой турист, перед тем , как вещать на весь интернет, почитал бы историю образования нашего города!!!!!
textdetox@01907546324b0330d2d8b7669648cc18823323e5/ru/003902	ru	1	о рюриковичах, он что - нибудь слышал, придурок?
textdetox@01907546324b0330d2d8b7669648cc18823323e5/ru/003903	ru	1	я лудше промолчу, мне до тошноты противна эта подстилка проектная👎👎👎👎👎👎👎👎👎👎👎
textdetox@01907546324b0330d2d8b7669648cc18823323e5/ru/003904	ru	1	насчёт пидара,то ты более подходишь.
textdetox@01907546324b0330d2d8b7669648cc18823323e5/ru/003905	ru	1	не выкладывай такие гадости, столько х... называешь, нашел, чем гордится!!!
textdetox@01907546324b0330d2d8b7669648cc18823323e5/ru/003906	ru	1	мразь, такие вот и мать родную за горло и родину!!
textdetox@01907546324b0330d2d8b7669648cc18823323e5/ru/003907	ru	1	вот из-за таких какашек- пидорашек народ не может жить по человечески,,, живем как сволочи.
textdetox@01907546324b0330d2d8b7669648cc18823323e5/ru/003908	ru	1	дегенераты шизанутые,бутылкой по голове двинутые
textdetox@01907546324b0330d2d8b7669648cc18823323e5/ru/003909	ru	1	если у вас есть пизда,то это не значит ,что вы женщина...возможно ты просто пизда(ch)﻿
textdetox@01907546324b0330d2d8b7669648cc18823323e5/ru/003910	ru	1	да ну на хуй распиздяев из чернобыля трудно обойти
textdetox@01907546324b0330d2d8b7669648cc18823323e5/ru/003911	ru	1	как ты без мозгов обходишься?дубина!
textdetox@01907546324b0330d2d8b7669648cc18823323e5/ru/003912	ru	1	рома захар пусть разберётся чё хочет бьёт свою девушку быдла
textdetox@01907546324b0330d2d8b7669648cc18823323e5/ru/003913	ru	1	в жопу ё.....й министр здравоохранения !
textdetox@01907546324b0330d2d8b7669648cc18823323e5/ru/003914	ru	1	правят жиды и пидорасы.а долбоебы подпевают.
textdetox@01907546324b0330d2d8b7669648cc18823323e5/ru/003915	ru	1	ты хуесоска рваная чурка а за футболиста я подам в суд обезательно ты ответишь какой он пидар
textdetox@01907546324b0330d2d8b7669648cc18823323e5/ru/003916	ru	1	тебя зопализу туда и послать тихари продажные подлые со своими гнилыми языками и продажными судьями, будьте вы прокляты зополизы.
textdetox@01907546324b0330d2d8b7669648cc18823323e5/ru/003917	ru	1	!-неужели блядь в 21-веке-не умет бля снимать кино-ахуеть-такая параша-я в шоке-блядь реальное говно-!!!!!!!!!!!
textdetox@01907546324b0330d2d8b7669648cc18823323e5/ru/003918	ru	1	какой борзый и наверно только на женщин ,мразь
textdetox@01907546324b0330d2d8b7669648cc18823323e5/ru/003919	ru	1	куча долбоебов.. это ведь шутка.. недоебаные твари взьелись на мужика
textdetox@01907546324b0330d2d8b7669648cc18823323e5/ru/003920	ru	1	похож на урода чмо мешающий обществу жить фу какой гадкий мерзкий тип аж блевать хочется
textdetox@01907546324b0330d2d8b7669648cc18823323e5/ru/003921	ru	1	выучила слова что ей виталий шкляров написал и собирает толпы людей .прихвостни американские
textdetox@01907546324b0330d2d8b7669648cc18823323e5/ru/003922	ru	1	у тебя не хуевая кремлевская методичка.только от себя говори а не за всех.
textdetox@01907546324b0330d2d8b7669648cc18823323e5/ru/003923	ru	1	это не росгвардия, это откровенные пидарасы, и не надо их равнять с нормальными людьми!!!!!
textdetox@01907546324b0330d2d8b7669648cc18823323e5/ru/003924	ru	1	им место даже не на кладбище, а за забором, как проклятым..... это нелюди.....
textdetox@01907546324b0330d2d8b7669648cc18823323e5/ru/003925	ru	1	сука, ты и в армии 100% не был уёбище.
textdetox@01907546324b0330d2d8b7669648cc18823323e5/ru/003926	ru	1	ты тварь и мизинца не стоишь тех, сколько там погибло людей, мразь.
textdetox@01907546324b0330d2d8b7669648cc18823323e5/ru/003927	ru	1	не факт что так будет,а этот гандон какого хуя землю нашу раздает,дарит арабам и т.д
textdetox@01907546324b0330d2d8b7669648cc18823323e5/ru/003928	ru	1	а потом начнут мужья раздражать- их же кормить,обхаживать надо.такие люди- паразиты.они всегда ищут на кого бы свои заботы повесить.на родителей,мужей,любовников.
textdetox@01907546324b0330d2d8b7669648cc18823323e5/ru/003929	ru	1	в бан тебя кацапская сволочь недобитая ублюдок!
textdetox@01907546324b0330d2d8b7669648cc18823323e5/ru/003930	ru	1	она просто сука не достойная внимания.
textdetox@01907546324b0330d2d8b7669648cc18823323e5/ru/003931	ru	1	слышь дерьмо.. не хочешь степью, иди нах...!,штопанный.
textdetox@01907546324b0330d2d8b7669648cc18823323e5/ru/003932	ru	1	пишешь ни о чем, лишь говна плеснуть!
textdetox@01907546324b0330d2d8b7669648cc18823323e5/ru/003933	ru	1	слышь ты алеша хуинная голова пусть девочка работает
textdetox@01907546324b0330d2d8b7669648cc18823323e5/ru/003934	ru	1	и дубинкой пидарас замахнулся на инвалида - а если бы там был вдвшник???????????
textdetox@01907546324b0330d2d8b7669648cc18823323e5/ru/003935	ru	1	это у*бище должно засунуть язык в жопу!!
textdetox@01907546324b0330d2d8b7669648cc18823323e5/ru/003936	ru	1	хуйила мужики тебя ни лахатрон если так хочиш номер тоже пиши
textdetox@01907546324b0330d2d8b7669648cc18823323e5/ru/003937	ru	1	та шо ты брэшишь пиздун на владимировича еблан
textdetox@01907546324b0330d2d8b7669648cc18823323e5/ru/003938	ru	1	полеева подлая мразь с полутора извилинами .и ветром в голове а чего вы безмозглая тварь знаете об остальном мире и как там врут ..
textdetox@01907546324b0330d2d8b7669648cc18823323e5/ru/003939	ru	1	а как обидно-когда пидорасы-хотели (поплавать) в море,а их свинячую мову не понимают спасатели и одесситы-сука-утонули,да и хуй на них,пускай учат русский язык!
textdetox@01907546324b0330d2d8b7669648cc18823323e5/ru/003940	ru	1	может это происходит из-за того что у них глава государства не плешивый пид..р.
textdetox@01907546324b0330d2d8b7669648cc18823323e5/ru/003941	ru	1	а я еще больший идиот, поскольку отвлекаюсь на эту ху..ю!
textdetox@01907546324b0330d2d8b7669648cc18823323e5/ru/003942	ru	1	:-o путоельцинские лизоблюды какую только хуйню не придумают , лиж бы путоельцина выгородить и лапшу россиянам навешать !
textdetox@01907546324b0330d2d8b7669648cc18823323e5/ru/003943	ru	1	простых ментов не тронут .а пидарасов жгут
textdetox@01907546324b0330d2d8b7669648cc18823323e5/ru/003944	ru	1	долбоеб бот тупорылый, за клавиатурой следи, не повторяй свою заученную бредню дважды.
textdetox@01907546324b0330d2d8b7669648cc18823323e5/ru/003945	ru	1	закройте тему,эта хуета так и будет петь👎
textdetox@01907546324b0330d2d8b7669648cc18823323e5/ru/003946	ru	1	допиздитесь, коли допроситесь, то и опиздюрят как следует!
textdetox@01907546324b0330d2d8b7669648cc18823323e5/ru/003947	ru	1	пока ваш мозг взвешивает и думает ,у вашей жопы рождаются мысли .
textdetox@01907546324b0330d2d8b7669648cc18823323e5/ru/003948	ru	1	ты долбоеб, ты посмотри за что ты работаешь, за что будут работать твои дети.
textdetox@01907546324b0330d2d8b7669648cc18823323e5/ru/003949	ru	1	то , что она засовывпла, засунь себе в рот, ублюдок.
textdetox@01907546324b0330d2d8b7669648cc18823323e5/ru/003950	ru	1	как надоели эти долбоёбы шли бы работать
textdetox@01907546324b0330d2d8b7669648cc18823323e5/ru/003951	ru	1	неееее это ваш финансист очкатый отымев вас с..бывае.
textdetox@01907546324b0330d2d8b7669648cc18823323e5/ru/003952	ru	1	слетает на марс и там сдохнет сместе с депутатской кодлой, все равно одни ворюги, пидоры да лесбиянка.
textdetox@01907546324b0330d2d8b7669648cc18823323e5/ru/003953	ru	1	да потому как , это паразиты , раньше паразитировали на деньги советского союза , теперь паразитируют на шее европы и как только еу.
textdetox@01907546324b0330d2d8b7669648cc18823323e5/ru/003954	ru	1	когда же в киеве закроют фабрику по выпуску политических импотентов и дебилов ?
textdetox@01907546324b0330d2d8b7669648cc18823323e5/ru/003955	ru	1	да и ещё и пидор гнойный,гнидор пойный.недержание бздо и говна в будущем😤💩
textdetox@01907546324b0330d2d8b7669648cc18823323e5/ru/003956	ru	1	а потом армия спасателей дибилу, а в это время нужна помощь нормальному человеку.
textdetox@01907546324b0330d2d8b7669648cc18823323e5/ru/003957	ru	1	где то, я уже видел этого еблана таджика.
textdetox@01907546324b0330d2d8b7669648cc18823323e5/ru/003958	ru	1	да пидоры они все, а главпидора вы и так знаете
textdetox@01907546324b0330d2d8b7669648cc18823323e5/ru/003959	ru	1	то же защищали бы эту мразь?
textdetox@01907546324b0330d2d8b7669648cc18823323e5/ru/003960	ru	1	эта тварь убила человека.пишут что он выдающийся артист,хороший отёц и что?
textdetox@01907546324b0330d2d8b7669648cc18823323e5/ru/003961	ru	1	нехуй пиздеть, ,что забыли, я помню.
textdetox@01907546324b0330d2d8b7669648cc18823323e5/ru/003962	ru	1	а ты то из нишиты сука своровала гогда союз вот и всю страну своровали и сделали что народ стал как рабы.
textdetox@01907546324b0330d2d8b7669648cc18823323e5/ru/003963	ru	1	ищу женщину35-45лет для любви и секса австрия форальберг мои фотографии в личке желательно нё толстую о себе при встречи пидорасы мимо
textdetox@01907546324b0330d2d8b7669648cc18823323e5/ru/003964	ru	1	они же похуисты ссы в глаза божья роса...
textdetox@01907546324b0330d2d8b7669648cc18823323e5/ru/003965	ru	1	ну ты с умничал автор этой херни ты что один все в россии секеш ,амы уроды ну иди на диаллг
textdetox@01907546324b0330d2d8b7669648cc18823323e5/ru/003966	ru	1	вы не нашли в другом месте вести такие разговоры придурки,
textdetox@01907546324b0330d2d8b7669648cc18823323e5/ru/003967	ru	1	аесли бы ему в глаз клювом?
textdetox@01907546324b0330d2d8b7669648cc18823323e5/ru/003968	ru	1	почему жидяра соловьев еще не в клетке
textdetox@01907546324b0330d2d8b7669648cc18823323e5/ru/003969	ru	1	начинай разговор с незнакомыми людьми по людски а не по блядски .
textdetox@01907546324b0330d2d8b7669648cc18823323e5/ru/003970	ru	1	это что за чудо юдо бля
textdetox@01907546324b0330d2d8b7669648cc18823323e5/ru/003971	ru	1	не надо этим уродам подсказывать- какой -то чиновник увидит и хана- так и будет )
textdetox@01907546324b0330d2d8b7669648cc18823323e5/ru/003972	ru	1	этих сволочей нужно четвертовать медленно, чтобы помучались за своё зверство нелюди!
textdetox@01907546324b0330d2d8b7669648cc18823323e5/ru/003973	ru	1	стоит ли так реагировать на очередного придурка?
textdetox@01907546324b0330d2d8b7669648cc18823323e5/ru/003974	ru	1	смешно,вы все твари давно уж на пенсии,но как ни загляну сюда,все время на хуях,наверное втыкает вас от этого
textdetox@01907546324b0330d2d8b7669648cc18823323e5/ru/003975	ru	1	хуй его знает с кем идти,одни пидарасты
textdetox@01907546324b0330d2d8b7669648cc18823323e5/ru/003976	ru	1	сиди с мамой ,пришибленная, она тебе епаря лучше найдет, а тебе все равно под кого лечь
textdetox@01907546324b0330d2d8b7669648cc18823323e5/ru/003977	ru	1	ссука, бежит как старый -- хрыч.
textdetox@01907546324b0330d2d8b7669648cc18823323e5/ru/003978	ru	1	бынт долбоебом подскажите напиональной в россии стало идеей опо занно стью в т ко
textdetox@01907546324b0330d2d8b7669648cc18823323e5/ru/003979	ru	1	чурбан убери свой прыщик ослоеб...👎
textdetox@01907546324b0330d2d8b7669648cc18823323e5/ru/003980	ru	1	на большое ума не хватает, усколобый -- бые.
textdetox@01907546324b0330d2d8b7669648cc18823323e5/ru/003981	ru	1	молодцы вдв менты казлы оборзели уже
textdetox@01907546324b0330d2d8b7669648cc18823323e5/ru/003982	ru	1	по этим гистаповцам верёвка с мылом плчет предёт время вы завсё заплатите
textdetox@01907546324b0330d2d8b7669648cc18823323e5/ru/003983	ru	1	а что можно услышать от пиздабола лучьшегото.гнать его и его партию надо даво уже.так когдаж весь народ уже проснётся??
textdetox@01907546324b0330d2d8b7669648cc18823323e5/ru/003984	ru	1	семейка дерьмо это точно позорные ещё первый канал показывает эту грязь фу фу фу
textdetox@01907546324b0330d2d8b7669648cc18823323e5/ru/003985	ru	1	что орош...нет обсыкай свои пальцы.
textdetox@01907546324b0330d2d8b7669648cc18823323e5/ru/003986	ru	1	придурок преступник батька.колхозник.26 лет у власти как был в колхозе пидорасов таким и сдохнет.
textdetox@01907546324b0330d2d8b7669648cc18823323e5/ru/003987	ru	1	ты то ,сосок бандеровский,родился то когда ?
textdetox@01907546324b0330d2d8b7669648cc18823323e5/ru/003988	ru	1	сука уроды , людям жрать не зачто , а они обезьян икрой кормят , за яйца вешать таких
textdetox@01907546324b0330d2d8b7669648cc18823323e5/ru/003989	ru	1	вы бабы блять кроме деньги нехуя не любите вы только ради деньги и все сукииииии
textdetox@01907546324b0330d2d8b7669648cc18823323e5/ru/003990	ru	1	тварь тараканья --- пошел иии на хуй !
textdetox@01907546324b0330d2d8b7669648cc18823323e5/ru/003991	ru	1	леваки трусы чмошники мычат без устали эй рабы ну вы и чмошники😃
textdetox@01907546324b0330d2d8b7669648cc18823323e5/ru/003992	ru	1	не перетыкивайся тут.и дура и пидорасина здесь только ты .
textdetox@01907546324b0330d2d8b7669648cc18823323e5/ru/003993	ru	1	че за хуйня я так скажу кто пишет против ссср все они жополизы и козлы дырявые
textdetox@01907546324b0330d2d8b7669648cc18823323e5/ru/003994	ru	1	сидишь сука рыжая в своём нано корыте и сиди молча, утырок.
textdetox@01907546324b0330d2d8b7669648cc18823323e5/ru/003995	ru	1	(да и хуй с ними их все равно много)
textdetox@01907546324b0330d2d8b7669648cc18823323e5/ru/003996	ru	1	мне не нравятся пиздальстецы в течение длительного времени)
textdetox@01907546324b0330d2d8b7669648cc18823323e5/ru/003997	ru	1	таких козлов надо учить уму разуму и увальнять.
textdetox@01907546324b0330d2d8b7669648cc18823323e5/ru/003998	ru	1	откуда этот пидер -- троль нарисовался ?
textdetox@01907546324b0330d2d8b7669648cc18823323e5/ru/003999	ru	1	гл.все вот такие суки не указывают себя, а прячуться за всякими вывесками да действительно с каждым днём все в стране говнюков становиться больше.
textdetox@01907546324b0330d2d8b7669648cc18823323e5/ru/004000	ru	1	рождаемость идет вниз полнейший спад, а, говнюков становиться больше
textdetox@01907546324b0330d2d8b7669648cc18823323e5/ru/004001	ru	1	эти твари нам пенсионерам только повышают цену на коммунальные услуги .охуели совсем клопы когда нажрутся
textdetox@01907546324b0330d2d8b7669648cc18823323e5/ru/004002	ru	1	если станет вам хуйова приходите в бирюлева, что дорога то не глина, что не баба то блядина, что не ебарь то солдат, становитесь бляди в ряд.
textdetox@01907546324b0330d2d8b7669648cc18823323e5/ru/004003	ru	1	руся, перестань, природа одарила тебя большой жопой, а ты тварь неблагодарная, не можешь вилять попой.
textdetox@01907546324b0330d2d8b7669648cc18823323e5/ru/004004	ru	1	а эта тупоголовая куда пасть сунет
textdetox@01907546324b0330d2d8b7669648cc18823323e5/ru/004005	ru	1	это так гадко, когда маленькая кучка богатых криминальных пидаров прикрывается именем сотен тысяч а может и миллионом хабаровчан.
textdetox@01907546324b0330d2d8b7669648cc18823323e5/ru/004006	ru	1	#u6b8083d2ebs# эта поганая баба от иуд американских т.е от ёбаных антихристов, говорящих на сатанинском языке преисподних тварей !
textdetox@01907546324b0330d2d8b7669648cc18823323e5/ru/004007	ru	1	!....блядь ,откуда эта мразь взялась,сука??!!!!!
textdetox@01907546324b0330d2d8b7669648cc18823323e5/ru/004008	ru	1	на заводы этих блядей и пидорасов, за станки, тогда узнают, как прожить на 20-30тысяч!!
textdetox@01907546324b0330d2d8b7669648cc18823323e5/ru/004009	ru	1	неужели у пшеков на нексте блядоруском этого нет?!
textdetox@01907546324b0330d2d8b7669648cc18823323e5/ru/004010	ru	1	пиздуй на х#й вот и ответ
textdetox@01907546324b0330d2d8b7669648cc18823323e5/ru/004011	ru	1	нужно жопу поднять и идти работать.
textdetox@01907546324b0330d2d8b7669648cc18823323e5/ru/004012	ru	1	тебе чмошнику заплатили чтобы ты агитировал здесь за лукашенко..
textdetox@01907546324b0330d2d8b7669648cc18823323e5/ru/004013	ru	1	очкошник дагесранский, как обычно сольется с боя против гэтжи
textdetox@01907546324b0330d2d8b7669648cc18823323e5/ru/004014	ru	1	так ты кто белый, красный или педарас?
textdetox@01907546324b0330d2d8b7669648cc18823323e5/ru/004015	ru	1	а с такими как ты нельзя говорить их надо только на хуй отпровлять!
textdetox@01907546324b0330d2d8b7669648cc18823323e5/ru/004016	ru	1	сама не знаешь ,чего хочешь.были у тебя всех мастей и возрастов,но тебе надо и на ёлку влезть и жопу не ободрать.
textdetox@01907546324b0330d2d8b7669648cc18823323e5/ru/004017	ru	1	дебилы создавшии это пост не в курсе что это наталья блогерка
textdetox@01907546324b0330d2d8b7669648cc18823323e5/ru/004018	ru	1	пошёл на хуй поебень неугомонный забыла тебя спросить что мне делать на своей страничке.
textdetox@01907546324b0330d2d8b7669648cc18823323e5/ru/004019	ru	1	пиздец, вы тут реально три задрота.
textdetox@01907546324b0330d2d8b7669648cc18823323e5/ru/004020	ru	1	три малолетних уёбка или просто безмозглые курицы.👎👎👎
textdetox@01907546324b0330d2d8b7669648cc18823323e5/ru/004021	ru	1	а пшеки не много на себя берут, моськи задрипанные
textdetox@01907546324b0330d2d8b7669648cc18823323e5/ru/004022	ru	1	заёб.с этим мостом уже полтора года мудохаются куда смотрит долбаная власть.
textdetox@01907546324b0330d2d8b7669648cc18823323e5/ru/004023	ru	1	а ты шмара не грамотная, хуторянка !
textdetox@01907546324b0330d2d8b7669648cc18823323e5/ru/004024	ru	1	да сука он за кресло дрожит хватит уже править уступи место другим или думаешь жить вечно.
textdetox@01907546324b0330d2d8b7669648cc18823323e5/ru/004025	ru	1	ты придурок я пол года в чечне спал по три чяса это ты хуйло
textdetox@01907546324b0330d2d8b7669648cc18823323e5/ru/004026	ru	1	у нас в узбекистане те же пидоры!
textdetox@01907546324b0330d2d8b7669648cc18823323e5/ru/004027	ru	1	пидарас уничтожал коренные народы кавказа за интересы кремля , а потом ещё и во францию смылся доживать свою несчастную жизнь .
textdetox@01907546324b0330d2d8b7669648cc18823323e5/ru/004028	ru	1	все претензии ко мне прошу изложить на бумаги листке формата ач сделать самолетик и лететь нахуй вместе с ними счастливого полета уебки
textdetox@01907546324b0330d2d8b7669648cc18823323e5/ru/004029	ru	1	15 лет это ни о чем человека нет ему жить и жить а почему должны жить эти мрази и вообще я не понимаю как после этого можно еще жить
textdetox@01907546324b0330d2d8b7669648cc18823323e5/ru/004030	ru	1	ты, выблядок, а где же ты был в это время.
textdetox@01907546324b0330d2d8b7669648cc18823323e5/ru/004031	ru	1	пидор вонючий, ыплюнь хй со рта, а потом
textdetox@01907546324b0330d2d8b7669648cc18823323e5/ru/004032	ru	1	все катится и неизвестно куда прикатится...к хуям это ,ещё,легко сказано...
textdetox@01907546324b0330d2d8b7669648cc18823323e5/ru/004033	ru	1	реально, они там тупые, ебанутые(hu) (hu) (hu) было бы смешно, если бы не было так грустно👎 👎 👎
textdetox@01907546324b0330d2d8b7669648cc18823323e5/ru/004034	ru	1	что за бляди,утоиить жалко,грех,а ,твою мать,уже кушающих и видящих ,все понимающих не жаль.
textdetox@01907546324b0330d2d8b7669648cc18823323e5/ru/004035	ru	1	да он срать хотел на всех ему похую как дети будут учиться, урод!!!
textdetox@01907546324b0330d2d8b7669648cc18823323e5/ru/004036	ru	1	дебил и этим все сказано они там практически все такие
textdetox@01907546324b0330d2d8b7669648cc18823323e5/ru/004037	ru	1	что можно подумать о пидора..ах; что они пидора..ы.
textdetox@01907546324b0330d2d8b7669648cc18823323e5/ru/004038	ru	1	всегда проверяю чтоб не удалили основную тему,ан нет удаляют падлы и чтоб класс остался ,а хуй вам ни класс ни лайк!
textdetox@01907546324b0330d2d8b7669648cc18823323e5/ru/004039	ru	1	все хотят наебать простых людей,гондоны
textdetox@01907546324b0330d2d8b7669648cc18823323e5/ru/004040	ru	1	неизвестно что за долбоеб научил хоронить усопших в землю....вместо того как наши предки сжигали тела.....чтоб не отравлять плодородную землю....
textdetox@01907546324b0330d2d8b7669648cc18823323e5/ru/004041	ru	1	пизденыш форточник на побегушках у турецкого похана
textdetox@01907546324b0330d2d8b7669648cc18823323e5/ru/004042	ru	1	выборы выборы кандидаты пидоры промундобляди....
textdetox@01907546324b0330d2d8b7669648cc18823323e5/ru/004043	ru	1	дебилы,они и в африке дебилы.
textdetox@01907546324b0330d2d8b7669648cc18823323e5/ru/004044	ru	1	дебилы пишут, только для кого народ и так давно прозрел
textdetox@01907546324b0330d2d8b7669648cc18823323e5/ru/004045	ru	1	но какая падла сюда пиндосский хеликоптер влепила.
textdetox@01907546324b0330d2d8b7669648cc18823323e5/ru/004046	ru	1	выблидок ты, если тебя что-то не устраивает в этой стране....то вали из неё туда, где такие молодые как ты долбоебы нужны!
textdetox@01907546324b0330d2d8b7669648cc18823323e5/ru/004047	ru	1	хуйню что за несешь оты тvой аноним
textdetox@01907546324b0330d2d8b7669648cc18823323e5/ru/004048	ru	1	тогда был шмас в балашове была сгв суки просрали все демократы плешивые к стене и руки в гору
textdetox@01907546324b0330d2d8b7669648cc18823323e5/ru/004049	ru	1	у этого вити задница вместо головы.
textdetox@01907546324b0330d2d8b7669648cc18823323e5/ru/004050	ru	1	а не дофуя им будет...пусть на минималке сидят ...мротом ...епаные в рот.
textdetox@01907546324b0330d2d8b7669648cc18823323e5/ru/004051	ru	1	надо всех чиновников посадить на эту пенсию и сказать..им ни в чем себе не отказывай... сучара
textdetox@01907546324b0330d2d8b7669648cc18823323e5/ru/004052	ru	1	это ваше начальство просто идиоты, им на голову перчатки надо надеть😉
textdetox@01907546324b0330d2d8b7669648cc18823323e5/ru/004053	ru	1	долбоебы,ну придет к вам баба и пиздец вам настанет,она же тоже за границу смоталась!
textdetox@01907546324b0330d2d8b7669648cc18823323e5/ru/004054	ru	1	не пиздите дядя пожалуйста.не надо переиначивать всё по своему.не про полицию я говорил,а про уродов с камерами,что наживаются,когда другим плохо.
textdetox@01907546324b0330d2d8b7669648cc18823323e5/ru/004055	ru	1	да вы рукожопы сраные даже очько себе подиереть не можете!!!
textdetox@01907546324b0330d2d8b7669648cc18823323e5/ru/004056	ru	1	кроме как выебыватся не черта не можете!!!
textdetox@01907546324b0330d2d8b7669648cc18823323e5/ru/004057	ru	1	вот лично 100% дегенерат, причем умственные!!
textdetox@01907546324b0330d2d8b7669648cc18823323e5/ru/004058	ru	1	я,конечно,в этом вопросе не копенгаген,но мне предположительно кажется,что в заметке не достаёт финкального сука.🎩 :-d
textdetox@01907546324b0330d2d8b7669648cc18823323e5/ru/004059	ru	1	мальчики играющими в барби и кена,пидерасты!
textdetox@01907546324b0330d2d8b7669648cc18823323e5/ru/004060	ru	1	я думал что голос мордона а оказалось что голос гондона и откуда берутся такие долбодятлы
textdetox@01907546324b0330d2d8b7669648cc18823323e5/ru/004061	ru	1	после тюрьмы пиздели никуда не возьмут и т д!!!
textdetox@01907546324b0330d2d8b7669648cc18823323e5/ru/004062	ru	1	но у пидарасов все всегда через жопу
textdetox@01907546324b0330d2d8b7669648cc18823323e5/ru/004063	ru	1	зассали пидоры вдвшников слабо скрутить кишка тоненькая
textdetox@01907546324b0330d2d8b7669648cc18823323e5/ru/004064	ru	1	с глаз,горбатую тоже прихвати вместе с выблядком и шваленой!
textdetox@01907546324b0330d2d8b7669648cc18823323e5/ru/004065	ru	1	сколько же в мире долбе ебов
textdetox@01907546324b0330d2d8b7669648cc18823323e5/ru/004066	ru	1	и давно ебанутых стали считать сильными?
textdetox@01907546324b0330d2d8b7669648cc18823323e5/ru/004067	ru	1	предпочитаю знать, кто есть мой собеседник, знать одно , что он хамоватое быдло, мало.
textdetox@01907546324b0330d2d8b7669648cc18823323e5/ru/004068	ru	1	родина ждёт героев,а пизда рожает долбоебов.
textdetox@01907546324b0330d2d8b7669648cc18823323e5/ru/004069	ru	1	многие покаления будут проклинать обнулёнуша, гореть ему в аду
textdetox@01907546324b0330d2d8b7669648cc18823323e5/ru/004070	ru	1	какие же вы люди идиоты .... вам жалко стало зверя .... идиоты ..... слов нету, куда народ катится.
textdetox@01907546324b0330d2d8b7669648cc18823323e5/ru/004071	ru	1	вам дебилам то конечно не нравится!
textdetox@01907546324b0330d2d8b7669648cc18823323e5/ru/004072	ru	1	пошол нахуй ты такой-же урод как и этот чурка, нехуй выкладывать такие вещи, чмыри вонючие!!
textdetox@01907546324b0330d2d8b7669648cc18823323e5/ru/004073	ru	1	жена зачетная 👍 мусора как всегда пидорасы.
textdetox@01907546324b0330d2d8b7669648cc18823323e5/ru/004074	ru	1	дебил дебилом.какой мир он установит?без сша никак.мозгов не хватает.
textdetox@01907546324b0330d2d8b7669648cc18823323e5/ru/004075	ru	1	вот как поставят чипс так и снимут маски туда клонят эти идиоты!
textdetox@01907546324b0330d2d8b7669648cc18823323e5/ru/004076	ru	1	потомучто она конченая проститутка хотела своих детей повешать на меня и себя прикрыть сама затаскалась эти писонины уже не в первой просто бросил эту мразь
textdetox@01907546324b0330d2d8b7669648cc18823323e5/ru/004077	ru	1	только наши мудаки упорно не замечают протестов и упрямо продолжают грабить и гробить матушку россию!!
textdetox@01907546324b0330d2d8b7669648cc18823323e5/ru/004078	ru	1	больным детям собираем всем миром на лечение, а жирные хари откармливаются бесплатно за счёт всей страны, когда уже твари нажрутся
textdetox@01907546324b0330d2d8b7669648cc18823323e5/ru/004079	ru	1	блять вы все ебанутые на голову девочка пропала ставь класс, маньяк придавил изнасиловал 100 детей ставь класс.
textdetox@01907546324b0330d2d8b7669648cc18823323e5/ru/004080	ru	1	совсем ебанулся на своих соц сетях.
textdetox@01907546324b0330d2d8b7669648cc18823323e5/ru/004081	ru	1	опять шакальё скачит, у этих недоносков мозги в заднице застряли, правильно лукашенко их лупит дермократов сраных!!
textdetox@01907546324b0330d2d8b7669648cc18823323e5/ru/004082	ru	1	себя помню,родственники есть менты,но по всюду и везде они выебываться любили!
textdetox@01907546324b0330d2d8b7669648cc18823323e5/ru/004083	ru	1	бля а ктож тогда баба,мужчинник,да блядь она ну нет больше слов
textdetox@01907546324b0330d2d8b7669648cc18823323e5/ru/004084	ru	1	принародно всё это ему в гудок пусть почувствует .пидор.
textdetox@01907546324b0330d2d8b7669648cc18823323e5/ru/004085	ru	1	как земля терпит таких уродов!потом спрашивают откудо взялса вирус!
textdetox@01907546324b0330d2d8b7669648cc18823323e5/ru/004086	ru	1	а вот мне другое интересно,с какого бодуна эта мразь получает такие деньги??
textdetox@01907546324b0330d2d8b7669648cc18823323e5/ru/004087	ru	1	и чем вас не устраивают пидорасы ?
textdetox@01907546324b0330d2d8b7669648cc18823323e5/ru/004088	ru	1	в стране пидорасов не рождаются дети, значит скоро там вымрут все люди.
textdetox@01907546324b0330d2d8b7669648cc18823323e5/ru/004089	ru	1	заебали вы уже своими котами честно говоря.
textdetox@01907546324b0330d2d8b7669648cc18823323e5/ru/004090	ru	1	коновалы, а не врачи, а если бы их дочерей так заштопали, идиоты, ни сколько нет ни сострадания и совести... вот наша доблестная медицина....
textdetox@01907546324b0330d2d8b7669648cc18823323e5/ru/004091	ru	1	и в холод и в зной и в дождик проливной моя пизда всегда со мной!!!!!!
textdetox@01907546324b0330d2d8b7669648cc18823323e5/ru/004092	ru	1	дич голимая , если не дано не чего тебе не поможет , рождённый ползать летать не может !
textdetox@01907546324b0330d2d8b7669648cc18823323e5/ru/004093	ru	1	не федина, а фэдына, учитесь правильно хрюкать на мове...
textdetox@01907546324b0330d2d8b7669648cc18823323e5/ru/004094	ru	1	👍 россия требует героев пизда рожает дураков.
textdetox@01907546324b0330d2d8b7669648cc18823323e5/ru/004095	ru	1	неужели не понятно что задавая дибильные вопросы эти идиоты зарабатывают деньги а не пошли бы вы на хер дибилы тупорылые
textdetox@01907546324b0330d2d8b7669648cc18823323e5/ru/004096	ru	1	вот же сука, когда ее посадят уже.
textdetox@01907546324b0330d2d8b7669648cc18823323e5/ru/004097	ru	1	хватит пиздеть сам губернатор ваш и продал если вам баранам газ за доллары продавали долбоебв а вы на него молитесь пидорье глупое
textdetox@01907546324b0330d2d8b7669648cc18823323e5/ru/004098	ru	1	вот таких читаю дебилов как ты и ахуеваю.
textdetox@01907546324b0330d2d8b7669648cc18823323e5/ru/004099	ru	1	пиздишь и сам не знаешь о чём.
textdetox@01907546324b0330d2d8b7669648cc18823323e5/ru/004100	ru	1	колхозник ебаный иди сука хоть пту получи кусок интернетовского гавна.
textdetox@01907546324b0330d2d8b7669648cc18823323e5/ru/004101	ru	1	вы твари даже истории россии не снаете и когда началась первая и вторая мировая войны.
textdetox@01907546324b0330d2d8b7669648cc18823323e5/ru/004102	ru	1	разочаровала просто, стала очень неприятная особа.... да дура.... по-другому и не скажешь, если по простому говорить.
textdetox@01907546324b0330d2d8b7669648cc18823323e5/ru/004103	ru	1	х*й стоит башка не варит.
textdetox@01907546324b0330d2d8b7669648cc18823323e5/ru/004104	ru	1	чё за болезнь такая туберкульоз?дебилы сука
textdetox@01907546324b0330d2d8b7669648cc18823323e5/ru/004105	ru	1	бедный ребенок .это надо этого урода так подвесить и трясти .8oi
textdetox@01907546324b0330d2d8b7669648cc18823323e5/ru/004106	ru	1	ну мразь... а не мужик и это стадо стоид любуюца... здаровья девочки.
textdetox@01907546324b0330d2d8b7669648cc18823323e5/ru/004107	ru	1	если водила из драчующейся компании, идиот, на уголовку наездил, покушение на убийство впаяют.
textdetox@01907546324b0330d2d8b7669648cc18823323e5/ru/004108	ru	1	зачем уже так писать.. охуели совсем... автор ты.. гандон.
textdetox@01907546324b0330d2d8b7669648cc18823323e5/ru/004109	ru	1	?😂😂😂 барин, блядь нашёлся.. ой дурак..
textdetox@01907546324b0330d2d8b7669648cc18823323e5/ru/004110	ru	1	пусть этот соловей не пиарит лохов нашел,туш под глазом смой своей мочей и покажи по тв.
textdetox@01907546324b0330d2d8b7669648cc18823323e5/ru/004111	ru	1	и тогда вы напишите, что володя пиздабол?
textdetox@01907546324b0330d2d8b7669648cc18823323e5/ru/004112	ru	1	вот видишь санёк.. как всё просто--ты элементарный пиздабол с картинками..который нихера в этой жизни не достиг.. а сам берется судить других
textdetox@01907546324b0330d2d8b7669648cc18823323e5/ru/004113	ru	1	пизда малолетняя себе нихуя для пропитания не сможет добыть
textdetox@01907546324b0330d2d8b7669648cc18823323e5/ru/004114	ru	1	донбасс вы -мрази задолбали своими растрелами,, отстаньте от них ,россиия их не бросит.!..
textdetox@01907546324b0330d2d8b7669648cc18823323e5/ru/004115	ru	1	однако северную корею как раз пиндосы взять и не смогли)))
textdetox@01907546324b0330d2d8b7669648cc18823323e5/ru/004116	ru	1	пиздабол, кто будет подписываться на твой канал у тебя одни фейки?...
textdetox@01907546324b0330d2d8b7669648cc18823323e5/ru/004117	ru	1	пидорасня конченая , и не как иначе , факт ...
textdetox@01907546324b0330d2d8b7669648cc18823323e5/ru/004118	ru	1	долбоебы о они везде о яхуею со ооо
textdetox@01907546324b0330d2d8b7669648cc18823323e5/ru/004119	ru	1	неплохая певица а если говорить пррямо обыкновенная блядь
textdetox@01907546324b0330d2d8b7669648cc18823323e5/ru/004120	ru	1	долбоеб шютов купи себе штаны а то на аватарке ты без штанов не смотришься .или пропил все что можно?
textdetox@01907546324b0330d2d8b7669648cc18823323e5/ru/004121	ru	1	за таких ублюдков страдают не винные
textdetox@01907546324b0330d2d8b7669648cc18823323e5/ru/004122	ru	1	дак блять собрали вместе денег и пристрелили его... это же блять не призедент, его суку достать можно
textdetox@01907546324b0330d2d8b7669648cc18823323e5/ru/004123	ru	1	админ опять хуйню выбросил и зарабатывает на том что вы собачитесь здесь.
textdetox@01907546324b0330d2d8b7669648cc18823323e5/ru/004124	ru	1	яхты ещё при ельцине пидаре все взято так что тут толку то обсуждать
textdetox@01907546324b0330d2d8b7669648cc18823323e5/ru/004125	ru	1	ну идёт дама на блядки, то бишь просто поебаться, а потом дитё рождается, незапланированное, без претензий на отцовство.
textdetox@01907546324b0330d2d8b7669648cc18823323e5/ru/004126	ru	1	раньше их бастрюками называли культурно, а теперь выблядок.
textdetox@01907546324b0330d2d8b7669648cc18823323e5/ru/004127	ru	1	за место мозгов у тебя дерьмо амерское тупица ты безмозглая, ты когда союз разрушал, уже все свои земли потерял бестолочь ты бестолковая!
textdetox@01907546324b0330d2d8b7669648cc18823323e5/ru/004128	ru	1	никуя се ...а мозги где проебала мне 57
textdetox@01907546324b0330d2d8b7669648cc18823323e5/ru/004129	ru	1	тварь.да ты сам хуже дерьма.заставить тебя жрать дерьмо от свиней.
textdetox@01907546324b0330d2d8b7669648cc18823323e5/ru/004130	ru	1	пидор ты дырявый, тебе голову поменять надо.
textdetox@01907546324b0330d2d8b7669648cc18823323e5/ru/004131	ru	1	лука подбирается пизда , уши на востри и кол в раках держи
textdetox@01907546324b0330d2d8b7669648cc18823323e5/ru/004132	ru	1	ну и хмырь все повесил на женщину и рад до жопы нюхает цветочки пиздюк ушастый
textdetox@01907546324b0330d2d8b7669648cc18823323e5/ru/004133	ru	1	ивану за отаку хрен в сраку маньки за пизду красную звезду вот вам и генералы
textdetox@01907546324b0330d2d8b7669648cc18823323e5/ru/004134	ru	1	хаааааахааа было бы чем , тебе искать век надо мудила
textdetox@01907546324b0330d2d8b7669648cc18823323e5/ru/004135	ru	1	те кто согласен с этим являются абсолютными моральными пидарасами и безграмотными бездарями!
textdetox@01907546324b0330d2d8b7669648cc18823323e5/ru/004136	ru	1	а вы пидарасы грёбаные и предатели родины, чтоб вам пусто было, уроды!!
textdetox@01907546324b0330d2d8b7669648cc18823323e5/ru/004137	ru	1	супер идиот дерьмо и мудозвон без.
textdetox@01907546324b0330d2d8b7669648cc18823323e5/ru/004138	ru	1	сначала прощения просил, обещал возместить, а теперь жопой закрутил, падаль!?
textdetox@01907546324b0330d2d8b7669648cc18823323e5/ru/004139	ru	1	папа вроде нормальным был а сынок говнюком вырос
textdetox@01907546324b0330d2d8b7669648cc18823323e5/ru/004140	ru	1	как ты счастливо всю беременность своими выкидышами для спекулиции не жрала, черножопая лошадь по обдолбанью растраханая
textdetox@01907546324b0330d2d8b7669648cc18823323e5/ru/004141	ru	1	?собирать лайки на горе других...ещё група называется мужской характер..не виже в тебе ничего мужского урод
textdetox@01907546324b0330d2d8b7669648cc18823323e5/ru/004142	ru	1	пиздуй собирайся стрелочница, через час должна быть у мариэль.
textdetox@01907546324b0330d2d8b7669648cc18823323e5/ru/004143	ru	1	не россия простила а кучка пидорасав.
textdetox@01907546324b0330d2d8b7669648cc18823323e5/ru/004144	ru	1	ну это дружба с амерапидорами вспомните наши девяностые
textdetox@01907546324b0330d2d8b7669648cc18823323e5/ru/004145	ru	1	чтоб с твоими детьми так обошлись, пи...с(md)
textdetox@01907546324b0330d2d8b7669648cc18823323e5/ru/004146	ru	1	пидарасы все сука сами уже обокрали пиздят милионами никто из них не замечает твари ебучие.
textdetox@01907546324b0330d2d8b7669648cc18823323e5/ru/004147	ru	1	ты на кого замахнулась, суч.....!???
textdetox@01907546324b0330d2d8b7669648cc18823323e5/ru/004148	ru	1	долбоебы!хотят как литва быть колонией
textdetox@01907546324b0330d2d8b7669648cc18823323e5/ru/004149	ru	1	пашаев ,гандон деньгу надо и свою мать и детей иродню зароет лишь бы срубить денег
textdetox@01907546324b0330d2d8b7669648cc18823323e5/ru/004150	ru	1	только полные идиоты могут задавать такие вопросы и жополизы
textdetox@01907546324b0330d2d8b7669648cc18823323e5/ru/004151	ru	1	детям блять собирают всем миром а тут самолёты с помощью каждый день.
textdetox@01907546324b0330d2d8b7669648cc18823323e5/ru/004152	ru	1	какие дебилы пишут подобные посты - стыдно лайкать?
textdetox@01907546324b0330d2d8b7669648cc18823323e5/ru/004153	ru	1	автор ты черт тебе больше нечего делать фото шуточное дебил
textdetox@01907546324b0330d2d8b7669648cc18823323e5/ru/004154	ru	1	вот вам тупые ебаные нигеры, которым уже не помочь в познаниях ,
textdetox@01907546324b0330d2d8b7669648cc18823323e5/ru/004155	ru	1	эта не ебанная россия чтоб она горела
textdetox@01907546324b0330d2d8b7669648cc18823323e5/ru/004156	ru	1	пятьдесят лет мудаку а хуйню несёшь как чмо малолетнее!
textdetox@01907546324b0330d2d8b7669648cc18823323e5/ru/004157	ru	1	можешь не отвечать я тебе дегенерату не отвечу.
textdetox@01907546324b0330d2d8b7669648cc18823323e5/ru/004158	ru	1	это тебя некто не тр.... вот и сидишь херню пишешь, мозг хоть иногда включается?
textdetox@01907546324b0330d2d8b7669648cc18823323e5/ru/004159	ru	1	это вместо того, чтобы родину защищать от западной твари!
textdetox@01907546324b0330d2d8b7669648cc18823323e5/ru/004160	ru	1	я бы сдох стока водки выпить чтобы рядом лечь!
textdetox@01907546324b0330d2d8b7669648cc18823323e5/ru/004161	ru	1	от таких тварерь как жена оберегают!!
textdetox@01907546324b0330d2d8b7669648cc18823323e5/ru/004162	ru	1	когда уже сдохнет упырь проклятый ....
textdetox@01907546324b0330d2d8b7669648cc18823323e5/ru/004163	ru	1	сталина преступником объявляют - фашисты, власовцы их потомки и пидарасы
textdetox@01907546324b0330d2d8b7669648cc18823323e5/ru/004164	ru	1	жаль мужики не дали этому пидорскому козлу джигурде хороших пиздюлей!!
textdetox@01907546324b0330d2d8b7669648cc18823323e5/ru/004165	ru	1	ещё на одного пидораса в россии меньше станет...
textdetox@01907546324b0330d2d8b7669648cc18823323e5/ru/004166	ru	1	урод его самого надо привязать на цепь.
textdetox@01907546324b0330d2d8b7669648cc18823323e5/ru/004167	ru	1	питухи тупыи всякой хуйней город заражают
textdetox@01907546324b0330d2d8b7669648cc18823323e5/ru/004168	ru	1	она от черножопого рожала он ее кинул и уехал к себе на родину
textdetox@01907546324b0330d2d8b7669648cc18823323e5/ru/004169	ru	1	а где омон,чтоб этих пидоров разогнать?
textdetox@01907546324b0330d2d8b7669648cc18823323e5/ru/004170	ru	1	если это не подъебка, то вв должен в первую голову посадить всех этих выблядков!!!!!
textdetox@01907546324b0330d2d8b7669648cc18823323e5/ru/004171	ru	1	и вот эти пидарасы,которые не могут принять не один нормальный закон для народа,во благо народа.сидят и получают по пол.
textdetox@01907546324b0330d2d8b7669648cc18823323e5/ru/004172	ru	1	-да сам ты раб !смешно как узбеки судят туркмен!..ещё свою гнидную историю навязывают...мы да мы..головка от хуя походу..бачи бази))
textdetox@01907546324b0330d2d8b7669648cc18823323e5/ru/004173	ru	1	шлюшка, теперь выпендривайся, зазывай, никто не хочет??
textdetox@01907546324b0330d2d8b7669648cc18823323e5/ru/004174	ru	1	надоели недоумки выстроенные за халявой...👎
textdetox@01907546324b0330d2d8b7669648cc18823323e5/ru/004175	ru	1	сам долбоеб и окружает себя такими же долбоебами
textdetox@01907546324b0330d2d8b7669648cc18823323e5/ru/004176	ru	1	ты полудурок, иван не помнящий родства.
textdetox@01907546324b0330d2d8b7669648cc18823323e5/ru/004177	ru	1	уёбишный артист и как человек уёбок
textdetox@01907546324b0330d2d8b7669648cc18823323e5/ru/004178	ru	1	шизоид, то ты говоришь в заметках соцсети, где люди пишут, то теперь тебе какая-то подпись говорящая мерещится :-)﻿ ебанько...тебя в какой психиатрической клинике, палатного довольствия лишили?
textdetox@01907546324b0330d2d8b7669648cc18823323e5/ru/004179	ru	1	писать в заметках соцсетей- не твоё, ты долбоёб из разряда идиотиус тугосерей мыслятиус..
textdetox@01907546324b0330d2d8b7669648cc18823323e5/ru/004180	ru	1	ты кроме как срать что нибудь умеешь, ты трактор от комбайн отличиш или ты только слова умные где-то в методичке увидел и дрыщеш тут.
textdetox@01907546324b0330d2d8b7669648cc18823323e5/ru/004181	ru	1	ты свое ебало покажи, только реальное, а не фейковое.
textdetox@01907546324b0330d2d8b7669648cc18823323e5/ru/004182	ru	1	мне приходилось с такими продажным и шлюхами общаться, которые прикрывались чужими именами и фамилиями, а на самом деле были шлюхами госдепа и жили там в гейропе.
textdetox@01907546324b0330d2d8b7669648cc18823323e5/ru/004183	ru	1	баранам которые пишут,подобные посты посвящается;везде,везде,блять,где есть капитализм,не,блять,в россии!,а везде!!!
textdetox@01907546324b0330d2d8b7669648cc18823323e5/ru/004184	ru	1	!где блядский капитализм,там такая хуета!!
textdetox@01907546324b0330d2d8b7669648cc18823323e5/ru/004185	ru	1	!какого дьявола вы не на ,ёбаную в очко америку киваете,а на россию батон крошите!
textdetox@01907546324b0330d2d8b7669648cc18823323e5/ru/004186	ru	1	!такое сотворить могло только конченое тупое поколение(ch) (ch) (ch) (ch) *-) *-) *-) *-)
textdetox@01907546324b0330d2d8b7669648cc18823323e5/ru/004187	ru	1	все нахуй успокойтесь самоеглавное внутренний ебаный сука будто энергия покой как всей всепенной ссаной в твоей сосредоточена голове ебланской сука а ну все успокоились пока по ебалу раздавать не начал
textdetox@01907546324b0330d2d8b7669648cc18823323e5/ru/004188	ru	1	пошли вы на хуй со своим христом жижом.
textdetox@01907546324b0330d2d8b7669648cc18823323e5/ru/004189	ru	1	нам на хуй не нужны жидовские религии.
textdetox@01907546324b0330d2d8b7669648cc18823323e5/ru/004190	ru	1	из других получаются такме пидоры как ты
textdetox@01907546324b0330d2d8b7669648cc18823323e5/ru/004191	ru	1	да ни х_я в этой помойке нету.
textdetox@01907546324b0330d2d8b7669648cc18823323e5/ru/004192	ru	1	заебали пьянь,правильно сказано есть десантники ,а есть просто вдвшники,а понты это у долбоебов.
textdetox@01907546324b0330d2d8b7669648cc18823323e5/ru/004193	ru	1	ты, муха il навозная в ней сидишь и булькаешь!
textdetox@01907546324b0330d2d8b7669648cc18823323e5/ru/004194	ru	1	и что характерно тебе там заебись,чмырло!
textdetox@01907546324b0330d2d8b7669648cc18823323e5/ru/004195	ru	1	нахуй пошла г zнигипоvsкуе что в р пизда тупая ги
textdetox@01907546324b0330d2d8b7669648cc18823323e5/ru/004196	ru	1	утина ты против та мошка су как увы резре градация не та как против ековеа льва ты мандовошка помойного кота с яиц
textdetox@01907546324b0330d2d8b7669648cc18823323e5/ru/004197	ru	1	так это те безмозглые,которые выбирают старые партии.мало вам ещё чёрножопых мусульман,мало вам вам изнасилованыи, задавленых ,мало вам что эти твари в больших городах вытворяют.вот это и есть безмозглость.
textdetox@01907546324b0330d2d8b7669648cc18823323e5/ru/004198	ru	1	не скули киргизское грязное быдло хули ты повизгиваешь из-за угла шакал обшарпанный ?
textdetox@01907546324b0330d2d8b7669648cc18823323e5/ru/004199	ru	1	скоро батьку западные партнёры развернут пиздой к часовне и будет он, как и порошенко с зеленским на побегушках у сша и ес.
textdetox@01907546324b0330d2d8b7669648cc18823323e5/ru/004200	ru	1	ну и ебальник у этого слуги народа !
textdetox@01907546324b0330d2d8b7669648cc18823323e5/ru/004201	ru	1	долбаебы ее скупали ,а с бумагой чё делают в мумии играют😄
textdetox@01907546324b0330d2d8b7669648cc18823323e5/ru/004202	ru	1	а счего это видно что она ебанашка .
textdetox@01907546324b0330d2d8b7669648cc18823323e5/ru/004203	ru	1	пидоры их высрали а не мать родила .....
textdetox@01907546324b0330d2d8b7669648cc18823323e5/ru/004204	ru	1	тупицы,они вообще понимают,что это?им надо было родиться перед вов.
textdetox@01907546324b0330d2d8b7669648cc18823323e5/ru/004205	ru	1	смеются и не подозревают что готовят для нас эти пидорги!
textdetox@01907546324b0330d2d8b7669648cc18823323e5/ru/004206	ru	1	эта сука свиноматка ебанная совсем ахуела скатина.
textdetox@01907546324b0330d2d8b7669648cc18823323e5/ru/004207	ru	1	ты че несёшь алеша , молотком себе разбей лучше дурабас
textdetox@01907546324b0330d2d8b7669648cc18823323e5/ru/004208	ru	1	да пошёл он в жопу со своими указами надоело уже это ебло
textdetox@01907546324b0330d2d8b7669648cc18823323e5/ru/004209	ru	1	так это ты уебок разместил такое фото что-бы заработать?
textdetox@01907546324b0330d2d8b7669648cc18823323e5/ru/004210	ru	1	ещё раз для совсем тупых зомбируют только того кто безмозгл
textdetox@01907546324b0330d2d8b7669648cc18823323e5/ru/004211	ru	1	такой, сякой хуйкин - папа мой родной /// прям песня🤗
textdetox@01907546324b0330d2d8b7669648cc18823323e5/ru/004212	ru	1	этим ублюдкам только там место а весь корпус депутатов на колыму пенсию зарабатывать до 65 лет
textdetox@01907546324b0330d2d8b7669648cc18823323e5/ru/004213	ru	1	аньк, ну я тогда тоже долбоеб, поскольку считаю, что проблема с короной намеренно раздута, чтоб людям мозги засрать.
textdetox@01907546324b0330d2d8b7669648cc18823323e5/ru/004214	ru	1	блять упыри ебаные че вы делаете?
textdetox@01907546324b0330d2d8b7669648cc18823323e5/ru/004215	ru	1	откуда они такие берутся полуумные дебилы это же надо так на посмешище себя выставлять
textdetox@01907546324b0330d2d8b7669648cc18823323e5/ru/004216	ru	1	твари поганые те кто издевается над животными господи боже наш накажи этих нелюдей и ублюдков
textdetox@01907546324b0330d2d8b7669648cc18823323e5/ru/004217	ru	1	ты бы лучше мандавошек повылавливала у себя на манде,чем тут пердеть в свой монитор!
textdetox@01907546324b0330d2d8b7669648cc18823323e5/ru/004218	ru	1	взрослый мужик,вот мразота,у самого же семья и мать есть...
textdetox@01907546324b0330d2d8b7669648cc18823323e5/ru/004219	ru	1	а хули ты сука ебло прячешь?....
textdetox@01907546324b0330d2d8b7669648cc18823323e5/ru/004220	ru	1	мусора охуели напрочь, дали волю, вот и борзеют
textdetox@01907546324b0330d2d8b7669648cc18823323e5/ru/004221	ru	1	его не зря построили, собирается вся шваль, предатели.
textdetox@01907546324b0330d2d8b7669648cc18823323e5/ru/004222	ru	1	юрий 2 гнома на первом месте все деньги проибал вот дебил так и лезет на 1 место
textdetox@01907546324b0330d2d8b7669648cc18823323e5/ru/004223	ru	1	вот она ебанутая на всю каску!
textdetox@01907546324b0330d2d8b7669648cc18823323e5/ru/004224	ru	1	да и по запилу её видно что она говно в жизни и по жизни
textdetox@01907546324b0330d2d8b7669648cc18823323e5/ru/004225	ru	1	пи вот пидорасы же как чего спиздят обязательно медведя нарисуют с
textdetox@01907546324b0330d2d8b7669648cc18823323e5/ru/004226	ru	1	ты меня не у траиваешь, козлина продажный.
textdetox@01907546324b0330d2d8b7669648cc18823323e5/ru/004227	ru	1	не позорьтесь.он не русский а ёбаный татарин:d :d :d
textdetox@01907546324b0330d2d8b7669648cc18823323e5/ru/004228	ru	1	твоя страница зафиксирована, троллятина кастрюлеголовая...
textdetox@01907546324b0330d2d8b7669648cc18823323e5/ru/004229	ru	1	блядь-буду уважуха,хоть один высказал,что из себя представляет эта сучья власть.
textdetox@01907546324b0330d2d8b7669648cc18823323e5/ru/004230	ru	1	енакиево я люблю...,а музыка твоя- говно!
textdetox@01907546324b0330d2d8b7669648cc18823323e5/ru/004231	ru	1	бля, ну вы просто охуенный провидец!
textdetox@01907546324b0330d2d8b7669648cc18823323e5/ru/004232	ru	1	ты вообще адекватная?писать такую бредятину,да еще и ржать?понарожает пизда уродов,а люди мучаются потом.
textdetox@01907546324b0330d2d8b7669648cc18823323e5/ru/004233	ru	1	ебанулась, это ты будешь рассказывать папе, братьям, дядям, дедушкам?
textdetox@01907546324b0330d2d8b7669648cc18823323e5/ru/004234	ru	1	все менты пидорасы, что тут удивительного🤷‍♀️
textdetox@01907546324b0330d2d8b7669648cc18823323e5/ru/004235	ru	1	уроды,вот всегда считала себя воспитанным человеком,но даже эмоций не осталось...
textdetox@01907546324b0330d2d8b7669648cc18823323e5/ru/004236	ru	1	тварь а не мать,детей на х.... поменяла.
textdetox@01907546324b0330d2d8b7669648cc18823323e5/ru/004237	ru	1	дружно гавкать__приказ--долбаебы форумные--секель вам от пятровны--в пасть--тунеядцы--блять--
textdetox@01907546324b0330d2d8b7669648cc18823323e5/ru/004238	ru	1	уроды конченые вас бы сука обуть в лыжи летом и заставить бегать ублюдки
textdetox@01907546324b0330d2d8b7669648cc18823323e5/ru/004239	ru	1	и звать её рассосала марковку или попросту сосалка в погонах!!!!!!!!!!!
textdetox@01907546324b0330d2d8b7669648cc18823323e5/ru/004240	ru	1	о ревалюция сознания не губернаторто что хуесос версия без цензуры по ссылке описании в
textdetox@01907546324b0330d2d8b7669648cc18823323e5/ru/004241	ru	1	твоя смердящая блевотина меня не касается !
textdetox@01907546324b0330d2d8b7669648cc18823323e5/ru/004242	ru	1	плешивый тебе --- хамон даст понюхать !
textdetox@01907546324b0330d2d8b7669648cc18823323e5/ru/004243	ru	1	ещё пару таких уродов и закон будет одобрен...и тогда прощайте пенсионеры ...оденем белые простыни и на погост...
textdetox@01907546324b0330d2d8b7669648cc18823323e5/ru/004244	ru	1	там пол беллоруссии придурков,уверенных что запад им поможет, значит,можно и в россии начать шатать власть.
textdetox@01907546324b0330d2d8b7669648cc18823323e5/ru/004245	ru	1	только,говно пиндосовское, ты забыл,что русаки уже наелись западной помощи и очень надеюсь,что те,кто поближе к тебе, не пройдут мимо,чтобы тебя не попиздить.
textdetox@01907546324b0330d2d8b7669648cc18823323e5/ru/004246	ru	1	ты еще поищи бедных стариков, а беднякам не мешало бы и поработать маненько.придурки убогие!!!
textdetox@01907546324b0330d2d8b7669648cc18823323e5/ru/004247	ru	1	ты не заметил, что таких придурков как ты, здесь мало,, считай вообще нет, десяток наберется, тебе это ни о чем не говорит?
textdetox@01907546324b0330d2d8b7669648cc18823323e5/ru/004248	ru	1	пройдет 10 20лет сидя на скамейке они скажут о таких как они блядь и есть блядь
textdetox@01907546324b0330d2d8b7669648cc18823323e5/ru/004249	ru	1	ты мне не тычь отморозок не да ёбанный
textdetox@01907546324b0330d2d8b7669648cc18823323e5/ru/004250	ru	1	позорище.куда ябаров смотрит забрал бы у этой шлюхи сына.
textdetox@01907546324b0330d2d8b7669648cc18823323e5/ru/004251	ru	1	тебе что ли лайк поставить?чтоб ты себе карманы набил?мы без тебя знаем кто помнить и чтить!убери свою тупую надпись пдьфото тупорылый урод!
textdetox@01907546324b0330d2d8b7669648cc18823323e5/ru/004252	ru	1	пидоры, в кутузку их к блатнякам, вот там они поднимут,только не ноги, а свои задницы!
textdetox@01907546324b0330d2d8b7669648cc18823323e5/ru/004253	ru	1	посадить суку ато шары зальют и садятся за руль
textdetox@01907546324b0330d2d8b7669648cc18823323e5/ru/004254	ru	1	долбоёб.... не подумал что будет с ребенком когда он сделает лыжи!!!
textdetox@01907546324b0330d2d8b7669648cc18823323e5/ru/004255	ru	1	и что это молодая страна уже раком пол мира поставила, и этих самых рокфелеров гавно заставило жрать во вьетнаме.
textdetox@01907546324b0330d2d8b7669648cc18823323e5/ru/004256	ru	1	в его положении хвост поджать надо бы... и таких у власти вагон... это просто жопа!!
textdetox@01907546324b0330d2d8b7669648cc18823323e5/ru/004257	ru	1	да не пошли бы они на хуй.......артисты блять!!!!!
textdetox@01907546324b0330d2d8b7669648cc18823323e5/ru/004258	ru	1	​а ограничения на проезд в автобусах полная тупось разберитесь с вашими тоями и не касайтесь простых дачников вы там сидите и ни хрена не петрите со своими тупыми ограничениями
textdetox@01907546324b0330d2d8b7669648cc18823323e5/ru/004259	ru	1	у армии есть оружие но если армия продастся то весь мир бордак все бабыбляд и солнце ебаный фонарь
textdetox@01907546324b0330d2d8b7669648cc18823323e5/ru/004260	ru	1	дураки что ли все,чтобы вестись на эту дурь?
textdetox@01907546324b0330d2d8b7669648cc18823323e5/ru/004261	ru	1	они пидорасы жалеют что у них не получилось с ходу свалить лукашенко и начать грабить страну
textdetox@01907546324b0330d2d8b7669648cc18823323e5/ru/004262	ru	1	😯 она с этим синегубым неадекватом давно сошлась и без росписи..опомнилась мамашка,про счастье доченьки вспомнила..а кому она будет нужна после такого припизднутого?😒
textdetox@01907546324b0330d2d8b7669648cc18823323e5/ru/004263	ru	1	едросы и прочее блядво, вкупе с правящей педерасней - в стране эпидемия , снимайте штаны вместе с выблядками, вам не привыкать гаденыши.
textdetox@01907546324b0330d2d8b7669648cc18823323e5/ru/004264	ru	1	товар зачастую просрочен продавалки или пьяные или воняет немытыми сраками
textdetox@01907546324b0330d2d8b7669648cc18823323e5/ru/004265	ru	1	или в курсе что вовочка как всегда пиздит?
textdetox@01907546324b0330d2d8b7669648cc18823323e5/ru/004266	ru	1	и вот такие придурки правят нами!!!
textdetox@01907546324b0330d2d8b7669648cc18823323e5/ru/004267	ru	1	пидарасы на кой черт мы вас содержим
textdetox@01907546324b0330d2d8b7669648cc18823323e5/ru/004268	ru	1	могу себе позволить,это такие рабы как ты ишачат за копейки,а моя квалификация слишком высока,что бы вкалывать,ущучил убогий
textdetox@01907546324b0330d2d8b7669648cc18823323e5/ru/004269	ru	1	товарищ ото, вы бы за собой последили, а то эта шлендра вам таких пиздюлей накатает по самые гланды, что охуеете
textdetox@01907546324b0330d2d8b7669648cc18823323e5/ru/004270	ru	1	пиздец.и этих уродов пускают в турцию
textdetox@01907546324b0330d2d8b7669648cc18823323e5/ru/004271	ru	1	просто долбоёбы за рулём в обеих машинах и таких всё больше и больше !
textdetox@01907546324b0330d2d8b7669648cc18823323e5/ru/004272	ru	1	слава нахимовцам и позор анальным ублюдкам....!!
textdetox@01907546324b0330d2d8b7669648cc18823323e5/ru/004273	ru	1	тысячи людей ( дураки), хорошо что хоть один жополиз.
textdetox@01907546324b0330d2d8b7669648cc18823323e5/ru/004274	ru	1	непросто сука подавилась а напрочь и на всегда поскудина.
textdetox@01907546324b0330d2d8b7669648cc18823323e5/ru/004275	ru	1	ептваюмать это что за дебилы, кокаиновая граница какая то....
textdetox@01907546324b0330d2d8b7669648cc18823323e5/ru/004276	ru	1	..ну ты и сучонок...вывернулся..значит пенсионеры сидят вне территории...20 лет сидят..?и торгуют ...а были-б места?
textdetox@01907546324b0330d2d8b7669648cc18823323e5/ru/004277	ru	1	какова позиция гнилого администратора!..что скажу..пидор!
textdetox@01907546324b0330d2d8b7669648cc18823323e5/ru/004278	ru	1	не будем видеть и слышать стрёмную бабу таню и её чокнутую алёнушку .
textdetox@01907546324b0330d2d8b7669648cc18823323e5/ru/004279	ru	1	это ты так придумал и пиздел всем шо нужный но талантливых людей миллионы сука и не остался а был никем пидорр
textdetox@01907546324b0330d2d8b7669648cc18823323e5/ru/004280	ru	1	ырка и не пизди..он детдомовский
textdetox@01907546324b0330d2d8b7669648cc18823323e5/ru/004281	ru	1	пидоры и только, других слов нет
textdetox@01907546324b0330d2d8b7669648cc18823323e5/ru/004282	ru	1	понимаю трудно, но ведь и таким пидорам как ты, не только велосипед в радость! )))))))))))
textdetox@01907546324b0330d2d8b7669648cc18823323e5/ru/004283	ru	1	я его паству ебал и повторяй не останавливаясь ивсёравно твоя харизма будет при тебе за ,что я тебя и люблю😍🤗😇😤
textdetox@01907546324b0330d2d8b7669648cc18823323e5/ru/004284	ru	1	суки убили его мрази,мафия пидарастическая
textdetox@01907546324b0330d2d8b7669648cc18823323e5/ru/004285	ru	1	пидорас рас обосрался так отвечай ато унего сердце выебистый артист кароче довыебывался теперь отвечать надо пидарас конченый
textdetox@01907546324b0330d2d8b7669648cc18823323e5/ru/004286	ru	1	ебло закрой,обиженная жизнью баба,а то права она знает,лучше бы ты знала что нельзя чужих детей срать.
textdetox@01907546324b0330d2d8b7669648cc18823323e5/ru/004287	ru	1	ну и дура буратино он же деревянный вся жопа в занозах будет😄
textdetox@01907546324b0330d2d8b7669648cc18823323e5/ru/004288	ru	1	бить блядей прямо на стадионе за это надо.
textdetox@01907546324b0330d2d8b7669648cc18823323e5/ru/004289	ru	1	пидерастию и в футбол заносят прямо на глазах.
textdetox@01907546324b0330d2d8b7669648cc18823323e5/ru/004290	ru	1	живи сука ебень тупой для семьи родных.
textdetox@01907546324b0330d2d8b7669648cc18823323e5/ru/004291	ru	1	ебеbсе шужики ерещаться надо а не рахаться больше за компьютором сидеть ееsихпет
textdetox@01907546324b0330d2d8b7669648cc18823323e5/ru/004292	ru	1	какой же он хуй , и причем огромный !
textdetox@01907546324b0330d2d8b7669648cc18823323e5/ru/004293	ru	1	дебилы ибанутые,посмотрите под микроскопом на вирус и на размер дыры в маске ...это все равно,что сеткой-рабитцей вы будете от комаров спасаться...быдло тупое...
textdetox@01907546324b0330d2d8b7669648cc18823323e5/ru/004294	ru	1	თქვენი ჯიში და სისხლი ნ არმენაკებო.....самый гнедой и презренный народ, плагиаты и наглые воры.етим дебилом не сойдёт с рук!!
textdetox@01907546324b0330d2d8b7669648cc18823323e5/ru/004295	ru	1	всех либералпидарастов в автозаки и к фургале и его женушку не забыть прихватить.
textdetox@01907546324b0330d2d8b7669648cc18823323e5/ru/004296	ru	1	этой швали не жалко всех в тюрьму.
textdetox@01907546324b0330d2d8b7669648cc18823323e5/ru/004297	ru	1	твари жалости нет,самих бы привязать.😪
textdetox@01907546324b0330d2d8b7669648cc18823323e5/ru/004298	ru	1	можно подумать бабушка увитит твои классы, иди на хуй чмо бездушное!
textdetox@01907546324b0330d2d8b7669648cc18823323e5/ru/004299	ru	1	этот ебучий запад со своей свободой задолбал уже !
textdetox@01907546324b0330d2d8b7669648cc18823323e5/ru/004300	ru	1	я не соловьев , 28 лет просидел в тюрьме , но блядь на их провокации и блядь бабло не поведусь ,!главное россия !
textdetox@01907546324b0330d2d8b7669648cc18823323e5/ru/004301	ru	1	что этот долбоеб «душин » и жить ему в душанбе!
textdetox@01907546324b0330d2d8b7669648cc18823323e5/ru/004302	ru	1	дорогу отдали федералам,а хули толку от них!
textdetox@01907546324b0330d2d8b7669648cc18823323e5/ru/004303	ru	1	вы суки шевелите,я вчера видела как у девушки отлетело нахуй колесо,и что?
textdetox@01907546324b0330d2d8b7669648cc18823323e5/ru/004304	ru	1	и потом вставить его этот конец в жопу нашим мэрам!
textdetox@01907546324b0330d2d8b7669648cc18823323e5/ru/004305	ru	1	вы просрали своё счастье господа...а сейчас зная что пиздец вам обоим,начинаете на своих сука землях делать пидерастические постройки!
textdetox@01907546324b0330d2d8b7669648cc18823323e5/ru/004306	ru	1	ты сам пидор тухлый в месте с путенным и его командой,а народ оснавная масса против этой власти.
textdetox@01907546324b0330d2d8b7669648cc18823323e5/ru/004307	ru	1	ты пидар даже сам боишься собой назваться!
textdetox@01907546324b0330d2d8b7669648cc18823323e5/ru/004308	ru	1	прям так и передала....пиздоболы...
textdetox@01907546324b0330d2d8b7669648cc18823323e5/ru/004309	ru	1	...если ты - свидомый педик, прадед твой - фашистский гад, в доме гитлера портретик – это русский виноват !
textdetox@01907546324b0330d2d8b7669648cc18823323e5/ru/004310	ru	1	если ты не дружишь с мозгом, любишь грязный бандерштадт, и привык к поляцким розгам – это русский виноват !
textdetox@01907546324b0330d2d8b7669648cc18823323e5/ru/004311	ru	1	если в киевской квартире вдруг протёк водопровод виновата тут россия- так ведь думаешь, урод?
textdetox@01907546324b0330d2d8b7669648cc18823323e5/ru/004312	ru	1	навернулся харей в лужу, наступил в говно котят – даже думать тут не нужно: это русский виноват!
textdetox@01907546324b0330d2d8b7669648cc18823323e5/ru/004313	ru	1	на хер посылают дети - тоже русские в ответе!
textdetox@01907546324b0330d2d8b7669648cc18823323e5/ru/004314	ru	1	ты хотел примкнуть к европе - жрать халявный мармелад, а страна в итоге – в жопе.угадай - кто виноват?#u822d887d79s#
textdetox@01907546324b0330d2d8b7669648cc18823323e5/ru/004315	ru	1	караулов- это политическая проститутка, неплохо чувствующий конъюнктурный спрос в обществе и вовремя подстраивающийся под него.
textdetox@01907546324b0330d2d8b7669648cc18823323e5/ru/004316	ru	1	гореть вам в аду до седьмого колена,пидоры конченые!!!!
textdetox@01907546324b0330d2d8b7669648cc18823323e5/ru/004317	ru	1	яб сказал:хорошо что ты водила маршрутки,блядь!
textdetox@01907546324b0330d2d8b7669648cc18823323e5/ru/004318	ru	1	этого вечно недовольного пидора потерявшего всякую совесть давно следовало бы посадить на место.
textdetox@01907546324b0330d2d8b7669648cc18823323e5/ru/004319	ru	1	сначала пидора задержать надо чтобы знал свое место.
textdetox@01907546324b0330d2d8b7669648cc18823323e5/ru/004320	ru	1	от вас долбоебов устал уже весь мир
textdetox@01907546324b0330d2d8b7669648cc18823323e5/ru/004321	ru	1	стыдно таким пидарасам которые на этом лайки клянчат!!!
textdetox@01907546324b0330d2d8b7669648cc18823323e5/ru/004322	ru	1	вот вам сучарам стыдно должно быть!!!
textdetox@01907546324b0330d2d8b7669648cc18823323e5/ru/004323	ru	1	заебали вы все равно нн даете хули травишь мразь
textdetox@01907546324b0330d2d8b7669648cc18823323e5/ru/004324	ru	1	гандон конечно я буду помнить это всю жизнь и ху# я тебе это когда прощю сволочь зажравшаяся
textdetox@01907546324b0330d2d8b7669648cc18823323e5/ru/004325	ru	1	#u9b079a3836s# #u9b079a3836s# #u9b079a3836s# бля пучисты херовы, ходите туда сюда с плакатами, под видом акции накорми голубей.
textdetox@01907546324b0330d2d8b7669648cc18823323e5/ru/004326	ru	1	вся рашка молчит, все срутся пи виде мента.
textdetox@01907546324b0330d2d8b7669648cc18823323e5/ru/004327	ru	1	через неделю разойдетесь, терпилы чей крым блять ?
textdetox@01907546324b0330d2d8b7669648cc18823323e5/ru/004328	ru	1	барыга на барыге, нет чтоб построить спорт комплекс или больницу, дет сад.
textdetox@01907546324b0330d2d8b7669648cc18823323e5/ru/004329	ru	1	барановичские начальники, вы - клоуны из цирка шапито!
textdetox@01907546324b0330d2d8b7669648cc18823323e5/ru/004330	ru	1	слышь проститутка фашистская - ротяку закрой свою..иди стиркой займись отмороженая на голову курва..родной флаг - зелено- красной видите не фонтан.......падла
textdetox@01907546324b0330d2d8b7669648cc18823323e5/ru/004331	ru	1	публика ждет ))) ты в хуеве живешь??
textdetox@01907546324b0330d2d8b7669648cc18823323e5/ru/004332	ru	1	как вы заебали лайкеры хуевы, по костюм ходите это не хорошо!!
textdetox@01907546324b0330d2d8b7669648cc18823323e5/ru/004333	ru	1	кто это выложил это далбаеб он это не проходил.
textdetox@01907546324b0330d2d8b7669648cc18823323e5/ru/004334	ru	1	одваката в очку сука пидор тварь
textdetox@01907546324b0330d2d8b7669648cc18823323e5/ru/004335	ru	1	не хрен мразь жалеть ,он думал что ему всё можно, что он пуп земли какой он артист мразь таких давить надо .
textdetox@01907546324b0330d2d8b7669648cc18823323e5/ru/004336	ru	1	дураком прикинулся,тут помню , тут не помню козёл.
textdetox@01907546324b0330d2d8b7669648cc18823323e5/ru/004337	ru	1	блять, уровень цинизма ничем не ограничен.
textdetox@01907546324b0330d2d8b7669648cc18823323e5/ru/004338	ru	1	долбоеб, каких свет видывал, и почему он тогда насовсем не потерялся🤦‍♀️
textdetox@01907546324b0330d2d8b7669648cc18823323e5/ru/004339	ru	1	и что эту тварь не закрыли?
textdetox@01907546324b0330d2d8b7669648cc18823323e5/ru/004340	ru	1	семенченко, в жопу раненый, тоже готовился...
textdetox@01907546324b0330d2d8b7669648cc18823323e5/ru/004341	ru	1	потому что жизнь долбоёбов ничему не учит
textdetox@01907546324b0330d2d8b7669648cc18823323e5/ru/004342	ru	1	и почему пидр уася так слезно выпрашивает?
textdetox@01907546324b0330d2d8b7669648cc18823323e5/ru/004343	ru	1	в тюрьму его, мразь, убил человека и считает себя не виновным.
textdetox@01907546324b0330d2d8b7669648cc18823323e5/ru/004344	ru	1	дура ты мария,а может и дурак ,кто вас троллей разберет
textdetox@01907546324b0330d2d8b7669648cc18823323e5/ru/004345	ru	1	курица тупая, сиди яица неси, куда ты суешь свой клюв
textdetox@01907546324b0330d2d8b7669648cc18823323e5/ru/004346	ru	1	пидор вонючий.гандон.штопаный.к виску себе направь урод
textdetox@01907546324b0330d2d8b7669648cc18823323e5/ru/004347	ru	1	итог под*хуели, очередной спам для безмозговых.., горбатого магила исправит🤫
textdetox@01907546324b0330d2d8b7669648cc18823323e5/ru/004348	ru	1	тебя кто просил пасть вонючую разевать?
textdetox@01907546324b0330d2d8b7669648cc18823323e5/ru/004349	ru	1	я живу в россии и я русская,а вот ты видно пизданутая.
textdetox@01907546324b0330d2d8b7669648cc18823323e5/ru/004350	ru	1	жертва, уже не первый троль пишет смс и рассказывает какой батька гад.это его в ад отправляют, так что лукашенко еще даст пиздюлей ждемсссссс.
textdetox@01907546324b0330d2d8b7669648cc18823323e5/ru/004351	ru	1	когда блять у них идеи закончатся!!!!
textdetox@01907546324b0330d2d8b7669648cc18823323e5/ru/004352	ru	1	пидорас фомин,купи себе паяльник и запаяй вонючий свой ебальник-мразь
textdetox@01907546324b0330d2d8b7669648cc18823323e5/ru/004353	ru	1	у этих воров дети молодцы с пелёнок умеют зарабатывать, вундеркинды блять
textdetox@01907546324b0330d2d8b7669648cc18823323e5/ru/004354	ru	1	и ты из той же фашистской компании, которые придумали корзину для народа !
textdetox@01907546324b0330d2d8b7669648cc18823323e5/ru/004355	ru	1	и выворачивать твою жизнь тебе никто не предлагал, полуёбок ты задроченный !
textdetox@01907546324b0330d2d8b7669648cc18823323e5/ru/004356	ru	1	раньше мне пидорки всякие писали - проплаченный троль... проплаченные то такие как ты, которым платит эта продажная власть !
textdetox@01907546324b0330d2d8b7669648cc18823323e5/ru/004357	ru	1	так что засунь свой поганый язычок себе в задницу поглубже и дыши ровней.
textdetox@01907546324b0330d2d8b7669648cc18823323e5/ru/004358	ru	1	вы уже заебали этими открытками может хватит?
textdetox@01907546324b0330d2d8b7669648cc18823323e5/ru/004359	ru	1	а кто-то за токих далбаебов жизни отдовал
textdetox@01907546324b0330d2d8b7669648cc18823323e5/ru/004360	ru	1	завали ебло и сдерни с темы,прихвостень
textdetox@01907546324b0330d2d8b7669648cc18823323e5/ru/004361	ru	1	все уёбки и пробляди покедова вам
textdetox@01907546324b0330d2d8b7669648cc18823323e5/ru/004362	ru	1	тогда может и задумаются эти сволочи, как бросать ребёнка!!!!
textdetox@01907546324b0330d2d8b7669648cc18823323e5/ru/004363	ru	1	ещё мне папа об*яснял что нормальным человеком быть гораздо лучше, чем дебилом с поджигой, и для закрепления материала давал стрелять из макарова, чтоб разницу почувствовать, он в милиции работал
textdetox@01907546324b0330d2d8b7669648cc18823323e5/ru/004364	ru	1	пошел нахуй отсюда охуевшее чмо чтоб ты ослеп пидорас
textdetox@01907546324b0330d2d8b7669648cc18823323e5/ru/004365	ru	1	планирует пригласить к тебе опытного мужчину😂😂😂 писари хуевы
textdetox@01907546324b0330d2d8b7669648cc18823323e5/ru/004366	ru	1	о,как красиво сказал,блеск!а на поверку получается соврал!какой пиздюк!
textdetox@01907546324b0330d2d8b7669648cc18823323e5/ru/004367	ru	1	это твари до сих пор живы
textdetox@01907546324b0330d2d8b7669648cc18823323e5/ru/004368	ru	1	низкий поклон!а этой сраной власти пидаров гореть в аду
textdetox@01907546324b0330d2d8b7669648cc18823323e5/ru/004369	ru	1	гнилой жид...завистливый....как он реагировал на чужие выступления..
textdetox@01907546324b0330d2d8b7669648cc18823323e5/ru/004370	ru	1	что наху.... за бред вы постите.
textdetox@01907546324b0330d2d8b7669648cc18823323e5/ru/004371	ru	1	нехуй было курортный сизон открывать.а теперь цифры пишут,дебилы
textdetox@01907546324b0330d2d8b7669648cc18823323e5/ru/004372	ru	1	а почему не три дня?пиздаболы.
textdetox@01907546324b0330d2d8b7669648cc18823323e5/ru/004373	ru	1	вот это дигродированая могла такую хуйню выкинуть, и это давным давно вам вафлям тупым смешно какая то бесячья хуйня в вас сидит извращенцы ебаные
textdetox@01907546324b0330d2d8b7669648cc18823323e5/ru/004374	ru	1	это долбоебка россии а не мисс.
textdetox@01907546324b0330d2d8b7669648cc18823323e5/ru/004375	ru	1	от суки ивановой читаю,будешь много пи......ь тебя точно загребут
textdetox@01907546324b0330d2d8b7669648cc18823323e5/ru/004376	ru	1	зато потом тышь за двести то и больше живёшь и в хуй не дуешь целый месяц, а тут получил гребаных 15 тысяч за месяц идёшь домой и аж стыдно.
textdetox@01907546324b0330d2d8b7669648cc18823323e5/ru/004377	ru	1	да это пидор сука позорный послушайте черта чубайса и все поймете
textdetox@01907546324b0330d2d8b7669648cc18823323e5/ru/004378	ru	1	и ты ещё сучка с хойницкой трассы сюда лезешь ?
textdetox@01907546324b0330d2d8b7669648cc18823323e5/ru/004379	ru	1	закрой своё влагалище хуями прет , изо рта и асфальт виден
textdetox@01907546324b0330d2d8b7669648cc18823323e5/ru/004380	ru	1	поздравляет он луку, обоих вздёрнуть на суку!
textdetox@01907546324b0330d2d8b7669648cc18823323e5/ru/004381	ru	1	ну ,вчерашний день это и показал)) тихо было))) в день вдв все пидарасы по домам)))#u9b079a3836s# #u9b079a3836s# #u9b079a3836s#
textdetox@01907546324b0330d2d8b7669648cc18823323e5/ru/004382	ru	1	тупой ба вор глхит маз елнер инч клнер
textdetox@01907546324b0330d2d8b7669648cc18823323e5/ru/004383	ru	1	одна гадина за весь народ а ты спросил свой народ можно ли ссориться с соседом с братом !
textdetox@01907546324b0330d2d8b7669648cc18823323e5/ru/004384	ru	1	значит ты шалава раз я те написал 🤣🤣🤣👍
textdetox@01907546324b0330d2d8b7669648cc18823323e5/ru/004385	ru	1	ей сучке драной денег не хватает.
textdetox@01907546324b0330d2d8b7669648cc18823323e5/ru/004386	ru	1	а за язык её надо отправлять шить телогрейки.
textdetox@01907546324b0330d2d8b7669648cc18823323e5/ru/004387	ru	1	ну ты пидер - да и сиди тихо .уехал в германию - так это же страна пидеров .залез на эльбрус - поднял флаг пидеров - зачем ?
textdetox@01907546324b0330d2d8b7669648cc18823323e5/ru/004388	ru	1	а конкурс пидар года им надо ещё провести
textdetox@01907546324b0330d2d8b7669648cc18823323e5/ru/004389	ru	1	я могу личку скинуть как ты пидар затух , даже ничего не проблеял 😂 😂 😂 😂 😂 😂 😂 😂 😂
textdetox@01907546324b0330d2d8b7669648cc18823323e5/ru/004390	ru	1	молодец, иначе это жирно грязью бы поливала, а сама валялась на кровати, это дура неблагодарная,
textdetox@01907546324b0330d2d8b7669648cc18823323e5/ru/004391	ru	1	интересно как же будут переобуваться лукошенкинские жополизы?
textdetox@01907546324b0330d2d8b7669648cc18823323e5/ru/004392	ru	1	долбоеб только такой гагты может нестш такую хуйню
textdetox@01907546324b0330d2d8b7669648cc18823323e5/ru/004393	ru	1	называйте вещи своими именами ,два пидора на лужайке
textdetox@01907546324b0330d2d8b7669648cc18823323e5/ru/004394	ru	1	ты их возьми в ручонки,дрочер и сфоткай.и при этом рот открой,посмотрим на твои зубы#u6efbd8e967s#
textdetox@01907546324b0330d2d8b7669648cc18823323e5/ru/004395	ru	1	похоже эти старые пердуны собираются управлять миром вечно?
textdetox@01907546324b0330d2d8b7669648cc18823323e5/ru/004396	ru	1	с утра и до ночи, и круглые сутки завистливым тварям неведомы шутки, намечена жертва - её атакуют и твари в восторге - они критикуют!
textdetox@01907546324b0330d2d8b7669648cc18823323e5/ru/004397	ru	1	такие вот твари живут в интернете...
textdetox@01907546324b0330d2d8b7669648cc18823323e5/ru/004398	ru	1	урод его паморди в унетаз мразь
textdetox@01907546324b0330d2d8b7669648cc18823323e5/ru/004399	ru	1	целуют в попку и бегут разносить эту блевотину по своим подругам, добавляя ещё от себя горяченького.
textdetox@01907546324b0330d2d8b7669648cc18823323e5/ru/004400	ru	1	ну да, вы только обоссатся можете
textdetox@01907546324b0330d2d8b7669648cc18823323e5/ru/004401	ru	1	а пошеки скинули памятник и голову отпилили - по адольфу суки соскучились
textdetox@01907546324b0330d2d8b7669648cc18823323e5/ru/004402	ru	1	такие же пиздаболы как и они
textdetox@01907546324b0330d2d8b7669648cc18823323e5/ru/004403	ru	1	е...анутое пьяное быдло надо жёстко ставить на место.
textdetox@01907546324b0330d2d8b7669648cc18823323e5/ru/004404	ru	1	таких дебилов надо от общества изолировать
textdetox@01907546324b0330d2d8b7669648cc18823323e5/ru/004405	ru	1	тоже считаю, что если мужик сказал-то должен сделать, ибо нех пистеть, так и говорю если шо, пистабол!!!
textdetox@01907546324b0330d2d8b7669648cc18823323e5/ru/004406	ru	1	он ебать вообще от жыру охуел!, какой миллион?
textdetox@01907546324b0330d2d8b7669648cc18823323e5/ru/004407	ru	1	у народа и так денег нет нихера.
textdetox@01907546324b0330d2d8b7669648cc18823323e5/ru/004408	ru	1	вообщем пора их хуярить причём жилательно чтоб признаков жызни не подорвали эти едропидоры все ебучие.
textdetox@01907546324b0330d2d8b7669648cc18823323e5/ru/004409	ru	1	вышли сарасята, поросята под влиянием навального, ходорковского( этой суки воровской) .
textdetox@01907546324b0330d2d8b7669648cc18823323e5/ru/004410	ru	1	пиздюка соловьёва надо обязательно привезти в хабаровск на митинги ...
textdetox@01907546324b0330d2d8b7669648cc18823323e5/ru/004411	ru	1	пидор очкастый, так что сосалицс бросил тебя?
textdetox@01907546324b0330d2d8b7669648cc18823323e5/ru/004412	ru	1	б об верховный суд сша июня года однополые браки легализовал теперь можно прямо сказать сша страна пидорасов
textdetox@01907546324b0330d2d8b7669648cc18823323e5/ru/004413	ru	1	всю блядоту саботажную, загрузить в вагоны для скота и на рудники, пожизненно отрабатывать награбленное...^o) 👎👎👎
textdetox@01907546324b0330d2d8b7669648cc18823323e5/ru/004414	ru	1	да вы еба ну л и с. ь 🤷‍♂️🤷‍♂️🤷‍♂️🤷‍♂️🤷‍♂️
textdetox@01907546324b0330d2d8b7669648cc18823323e5/ru/004415	ru	1	фигура безобразная, её скрывать надо, а не выставлять на показ.
textdetox@01907546324b0330d2d8b7669648cc18823323e5/ru/004416	ru	1	этих тварей, которые так поступают, родила не женщина-мать, а волчица...
textdetox@01907546324b0330d2d8b7669648cc18823323e5/ru/004417	ru	1	ему ссы в глаза, все божья роса.
textdetox@01907546324b0330d2d8b7669648cc18823323e5/ru/004418	ru	1	о да привет ходорковскому он же педераст, с его слов!!!
textdetox@01907546324b0330d2d8b7669648cc18823323e5/ru/004419	ru	1	вот скажи мне пуньгинский защеканец то что ты когда лижешь жопу буржуям жизнь народа улучшилась ?
textdetox@01907546324b0330d2d8b7669648cc18823323e5/ru/004420	ru	1	нет ....а правда в том что когда ты лижешь жопу буржуям жизнь ухудшилась ...и в чем сила то?
textdetox@01907546324b0330d2d8b7669648cc18823323e5/ru/004421	ru	1	лучше быт пидором на жопу чем мозгом и языком!!!!
textdetox@01907546324b0330d2d8b7669648cc18823323e5/ru/004422	ru	1	да кому он нужен придурок, вот ваш и дешёвый приём.........
textdetox@01907546324b0330d2d8b7669648cc18823323e5/ru/004423	ru	1	сергей и, твоя фамилия идиот?и ты её стесняешься?
textdetox@01907546324b0330d2d8b7669648cc18823323e5/ru/004424	ru	1	но это нормально, есть ещё фамилии пидоренко!!!
textdetox@01907546324b0330d2d8b7669648cc18823323e5/ru/004425	ru	1	кроме отвращения и мерзости пидоры не вызывают других эмоций.
textdetox@01907546324b0330d2d8b7669648cc18823323e5/ru/004426	ru	1	пидарас ебливый чмо ебаное здоровья тебе хуйло
textdetox@01907546324b0330d2d8b7669648cc18823323e5/ru/004427	ru	1	ебала закрой шлюха и помой пизду
textdetox@01907546324b0330d2d8b7669648cc18823323e5/ru/004428	ru	1	жидко срете - группа мы славяне , да и какие вы славяне ?
textdetox@01907546324b0330d2d8b7669648cc18823323e5/ru/004429	ru	1	и папка с пидежом у вас маленькая .
textdetox@01907546324b0330d2d8b7669648cc18823323e5/ru/004430	ru	1	какие же вы дебилы да вы такиеже в 15 были теперь пиздите черти
textdetox@01907546324b0330d2d8b7669648cc18823323e5/ru/004431	ru	1	попы совсем страх потеряли...урод....
textdetox@01907546324b0330d2d8b7669648cc18823323e5/ru/004432	ru	1	придурок власть любить, они ж ей не конкуренты.
textdetox@01907546324b0330d2d8b7669648cc18823323e5/ru/004433	ru	1	придурки, завидуйте молча, а то пишете всякую гадость.
textdetox@01907546324b0330d2d8b7669648cc18823323e5/ru/004434	ru	1	иди нахуй туебень хуйню несёшь тут,конча засохшая верблюда
textdetox@01907546324b0330d2d8b7669648cc18823323e5/ru/004435	ru	1	чмо это ты.если за единую россию.
textdetox@01907546324b0330d2d8b7669648cc18823323e5/ru/004436	ru	1	долбоёб, его бы так и об дерево
textdetox@01907546324b0330d2d8b7669648cc18823323e5/ru/004437	ru	1	..это, не девчонка виновата, а блядская политика нашего правительства!
textdetox@01907546324b0330d2d8b7669648cc18823323e5/ru/004438	ru	1	не дай бог иметь такого ублюдка в мужьях и зятьях!
textdetox@01907546324b0330d2d8b7669648cc18823323e5/ru/004439	ru	1	это что за высер придурка обиженного🤪
textdetox@01907546324b0330d2d8b7669648cc18823323e5/ru/004440	ru	1	нассал всё-таки в воду илюха... от же ж сука, ни стыда, ни совести... и куда администрация смотрит?!.
textdetox@01907546324b0330d2d8b7669648cc18823323e5/ru/004441	ru	1	ты походу в армейки ниже плинтуса загнался .
textdetox@01907546324b0330d2d8b7669648cc18823323e5/ru/004442	ru	1	и мне не пиши не отвечу , ты мерзость
textdetox@01907546324b0330d2d8b7669648cc18823323e5/ru/004443	ru	1	ебать, эти сидят на шконках и ржут, сука когда же люди мозги включат уже???????????????
textdetox@01907546324b0330d2d8b7669648cc18823323e5/ru/004444	ru	1	ну, зато, за демонстрации голой сраки, стыдно не бывает.
textdetox@01907546324b0330d2d8b7669648cc18823323e5/ru/004445	ru	1	да есть видео как хуйло хвалил эту книгу
textdetox@01907546324b0330d2d8b7669648cc18823323e5/ru/004446	ru	1	ещё 10 лет после короны , долбоёбы будут ходить в масках
textdetox@01907546324b0330d2d8b7669648cc18823323e5/ru/004447	ru	1	ты гнида здесь паласкаешься в пустую об умершем замечательном актёре!!!
textdetox@01907546324b0330d2d8b7669648cc18823323e5/ru/004448	ru	1	чтоб ты горел в аду мразота!!!
textdetox@01907546324b0330d2d8b7669648cc18823323e5/ru/004449	ru	1	пускай это всё блядская правительство во главе ебанутого козла президента протестировать сначала сукина своих детей н**** чтоб они подохли блять потом на себе б**** а мы вакцину сами себе придумываем
textdetox@01907546324b0330d2d8b7669648cc18823323e5/ru/004450	ru	1	весь мир - бардак, а все люди бляди, в том числе и я !
textdetox@01907546324b0330d2d8b7669648cc18823323e5/ru/004451	ru	1	вот педрила сам начал тему про пидарасов теперь съезжает.
textdetox@01907546324b0330d2d8b7669648cc18823323e5/ru/004452	ru	1	так танцуй,это тебе не у жанны жопу лизать
textdetox@01907546324b0330d2d8b7669648cc18823323e5/ru/004453	ru	1	до подполковника этот пидар дослужился при этой власти и , судя по всему, она его полностью устраивала!
textdetox@01907546324b0330d2d8b7669648cc18823323e5/ru/004454	ru	1	ты уж до кучи и соседку прикопай, что бы, не кискала.
textdetox@01907546324b0330d2d8b7669648cc18823323e5/ru/004455	ru	1	пипец одни сиськи письки на сцене купальники подмахивания голоса ноль одни шептуны и прям певица и уже заслуженые блядь противно а кто действительно талант затерли и не высовывайся
textdetox@01907546324b0330d2d8b7669648cc18823323e5/ru/004456	ru	1	вы совсем ебнулись про американской поддержке получили от них деньги и закройте хавальники или точно получите российских добровольцев
textdetox@01907546324b0330d2d8b7669648cc18823323e5/ru/004457	ru	1	тебе до него ,как до китая раком.
textdetox@01907546324b0330d2d8b7669648cc18823323e5/ru/004458	ru	1	да такой же урод и выдал.
textdetox@01907546324b0330d2d8b7669648cc18823323e5/ru/004459	ru	1	а вы знаете её и сукой назвать нельзя - потому что сука за своих щенят может порвать обидчика, ну а ванечке хочу пожелать всех благ.
textdetox@01907546324b0330d2d8b7669648cc18823323e5/ru/004460	ru	1	да ну его нахуй гражданство ёбанусь
textdetox@01907546324b0330d2d8b7669648cc18823323e5/ru/004461	ru	1	да,блядь,правильно,но серебряков с этим афоризмом уже заебал!
textdetox@01907546324b0330d2d8b7669648cc18823323e5/ru/004462	ru	1	или рассуждаешь по дебильным вычказыванием путлера, солжееицына?
textdetox@01907546324b0330d2d8b7669648cc18823323e5/ru/004463	ru	1	сосунок иди преклонись фашистам, как коля, или у вас мозги от игр в компах растаяли.
textdetox@01907546324b0330d2d8b7669648cc18823323e5/ru/004464	ru	1	как вы дебилы надоели своей глупастью и тупастью.
textdetox@01907546324b0330d2d8b7669648cc18823323e5/ru/004465	ru	1	это сейчас все черти рассказывают кто с кем трахается.
textdetox@01907546324b0330d2d8b7669648cc18823323e5/ru/004466	ru	1	амушка,вот тут тебе нужно было бы процитировать своего любимого пидория,,ты же организируешь на его высказывания,хаха..
textdetox@01907546324b0330d2d8b7669648cc18823323e5/ru/004467	ru	1	суки вы что делаете сволочи вы что гражданскую хотите подонки вдумайтесь что вы творите
textdetox@01907546324b0330d2d8b7669648cc18823323e5/ru/004468	ru	1	к своей башке представил бы пидор.
textdetox@01907546324b0330d2d8b7669648cc18823323e5/ru/004469	ru	1	курящие не интерисуют её пощла тогда на хуй
textdetox@01907546324b0330d2d8b7669648cc18823323e5/ru/004470	ru	1	пидорасы наше правительство издеваються над пенсионерами
textdetox@01907546324b0330d2d8b7669648cc18823323e5/ru/004471	ru	1	что пидарок, наваляли тебе десантура когда-то, до сих пор срака болит что-ли?
textdetox@01907546324b0330d2d8b7669648cc18823323e5/ru/004472	ru	1	не доигрывает но просит дохуя денег
textdetox@01907546324b0330d2d8b7669648cc18823323e5/ru/004473	ru	1	эээ тип..из какой палаты...?брысь насекомое...еблом женщин своего рода ложи...долбоеб клавиатурный...
textdetox@01907546324b0330d2d8b7669648cc18823323e5/ru/004474	ru	1	вся россия хочет этого упыря в отставку
textdetox@01907546324b0330d2d8b7669648cc18823323e5/ru/004475	ru	1	мразота,больше ни хуя делать не умеют,кроме как обижать слабых и беззащитных
textdetox@01907546324b0330d2d8b7669648cc18823323e5/ru/004476	ru	1	очередной вброс, урод это тот кто живет не по кону вне рода своего, вне культуры своей, вне традиций, тот который не знает родословной своей.
textdetox@01907546324b0330d2d8b7669648cc18823323e5/ru/004477	ru	1	и можно сказать что большинство и есть уроды которые не знают своих прабабушек и прадедушек, не говоря уже о каких-либо глубоких поколениях,как к примеру арабы.
textdetox@01907546324b0330d2d8b7669648cc18823323e5/ru/004478	ru	1	пидоры игру всю на бабки посадили...хорошо хоть столько осталось..
textdetox@01907546324b0330d2d8b7669648cc18823323e5/ru/004479	ru	1	лучше победи своих фашистов, тебя убивающих, усраина
textdetox@01907546324b0330d2d8b7669648cc18823323e5/ru/004480	ru	1	слышишь,ты глупое сосздане,уже пробили твой адрес,оскорбляешь не за что,тебя мой муж научит умау разуму!дурачек херово!
textdetox@01907546324b0330d2d8b7669648cc18823323e5/ru/004481	ru	1	кто её вернет, если те кто их создает сами пидоры и политические проститутки!
textdetox@01907546324b0330d2d8b7669648cc18823323e5/ru/004482	ru	1	говорю займись своими внуками и отьебись от меня.
textdetox@01907546324b0330d2d8b7669648cc18823323e5/ru/004483	ru	1	шавки пупкинские умеют воевать только с безоружными
textdetox@01907546324b0330d2d8b7669648cc18823323e5/ru/004484	ru	1	согласен , какой-то дебил от скуки записал бред или он с бодуна
textdetox@01907546324b0330d2d8b7669648cc18823323e5/ru/004485	ru	1	слышь чума тупая от догхантеров домашние гибнут,мой лабрик такой же член семьи,так что рот закрой нахер свой
textdetox@01907546324b0330d2d8b7669648cc18823323e5/ru/004486	ru	1	кноченые пидорасы куда смотрим мы тоесть народ
textdetox@01907546324b0330d2d8b7669648cc18823323e5/ru/004487	ru	1	вот сука богатая даже не понимает от чего мы стали бедными если ты вернёшь мои деньги зароботанные то ты тварюга будешь бедная
textdetox@01907546324b0330d2d8b7669648cc18823323e5/ru/004488	ru	1	я б не смог пройти.сидеть за пидара тож не охота.
textdetox@01907546324b0330d2d8b7669648cc18823323e5/ru/004489	ru	1	знаешь есть такие мухи и пчелы, вот мухи везде говно видят а пчелы везде мёд и цветочки!
textdetox@01907546324b0330d2d8b7669648cc18823323e5/ru/004490	ru	1	так вот ты походу муха, вот и живи в говне и нечего других туда втягивать!￼
textdetox@01907546324b0330d2d8b7669648cc18823323e5/ru/004491	ru	1	верните суки страну что ту поднимала целину что в первой космос поднялась и к мразь ставила стенке всю
textdetox@01907546324b0330d2d8b7669648cc18823323e5/ru/004492	ru	1	уроды, как можно таких красавцев просто бросить на улице.
textdetox@01907546324b0330d2d8b7669648cc18823323e5/ru/004493	ru	1	если жены, бывают себя так ведут, что тоже сразу в морду?
textdetox@01907546324b0330d2d8b7669648cc18823323e5/ru/004494	ru	1	если дура или совсем неуправляемая с психикой...так разведись и рук не поднимай!
textdetox@01907546324b0330d2d8b7669648cc18823323e5/ru/004495	ru	1	сам ты ублюдок лечись тогда в кащенко,гаденышь
textdetox@01907546324b0330d2d8b7669648cc18823323e5/ru/004496	ru	1	я уже общался с таким еблан обоевым,ты видать из их семейства
textdetox@01907546324b0330d2d8b7669648cc18823323e5/ru/004497	ru	1	ето придумали богатые люди которые сидят у власти чтобы у простых людей роботяг сдирать карманы,которые честным трудом зарабатывают а те хрюшки свини их отбирают.
textdetox@01907546324b0330d2d8b7669648cc18823323e5/ru/004498	ru	1	тюрьма по тебе плачет, а ты советы даешь мразь
textdetox@01907546324b0330d2d8b7669648cc18823323e5/ru/004499	ru	1	желаю vтгр счастливого чето суч бить в в утебя е ебатьты сту в с днем нак рождения тебе нев бля
textdetox@01907546324b0330d2d8b7669648cc18823323e5/ru/004500	ru	1	на хуй нада посылать пунских халуёв
textdetox@01907546324b0330d2d8b7669648cc18823323e5/ru/004501	ru	1	козлы они, 600 000 погибло бойцов красной армии за освобождение польши, мой отец там контузию получил поляки все времена предателями были, гореть этим не людям в аду
textdetox@01907546324b0330d2d8b7669648cc18823323e5/ru/004502	ru	1	примолкли все, кто батькой восхищался!поняли теперь, что это за гнида!
textdetox@01907546324b0330d2d8b7669648cc18823323e5/ru/004503	ru	1	пиздабол..он всех купит и продаст..и чужим и нашим и поёт и пляшет..едроссовский шут
textdetox@01907546324b0330d2d8b7669648cc18823323e5/ru/004504	ru	1	ещё одна залупа престарелая вылезла из под плинтуса 🤣ты, вонючее старое тело, иди правнукам блины пеки, сидишь тут, про политику.
textdetox@01907546324b0330d2d8b7669648cc18823323e5/ru/004505	ru	1	фууу, б... 🤮🤮🤮🤮🤮у вас, маразматики, вообще паспорта надо перед выборами отбирать либо официально запретить вам, с вашей деменцией голосовать!
textdetox@01907546324b0330d2d8b7669648cc18823323e5/ru/004506	ru	1	поляки- прихвостни сша,жопу подставить готовы
textdetox@01907546324b0330d2d8b7669648cc18823323e5/ru/004507	ru	1	вас самих нужно за это поставить раком быдло
textdetox@01907546324b0330d2d8b7669648cc18823323e5/ru/004508	ru	1	пидор ваня дурачок, уйх повесил на крючок!
textdetox@01907546324b0330d2d8b7669648cc18823323e5/ru/004509	ru	1	:-d﻿:-d﻿:-d﻿:-d﻿:-d﻿он как выжатый лимон, ваня пидор и гандон!
textdetox@01907546324b0330d2d8b7669648cc18823323e5/ru/004510	ru	1	ви чом тогыда пабит минэ вапрос простэ хочытса кавонибут самы чычна говари сука говары лучшы чечня самая лучшая страна
textdetox@01907546324b0330d2d8b7669648cc18823323e5/ru/004511	ru	1	кто к нам с мечом придёт,тот долбаёб честное слово😂
textdetox@01907546324b0330d2d8b7669648cc18823323e5/ru/004512	ru	1	с такими пиздунами как ты общаться не можно
textdetox@01907546324b0330d2d8b7669648cc18823323e5/ru/004513	ru	1	не я его прасушил но он сука тормазит тут два путя либо пьяный либа выебувается планшет(fr)﻿(fr)﻿
textdetox@01907546324b0330d2d8b7669648cc18823323e5/ru/004514	ru	1	доебались к босёру у нас вова тупее факт !
textdetox@01907546324b0330d2d8b7669648cc18823323e5/ru/004515	ru	1	он поступил , как самая настоящая гадина.артист хороший , но человек - говно !
textdetox@01907546324b0330d2d8b7669648cc18823323e5/ru/004516	ru	1	...с голой жопою зимой,с замерзшею пиздой,на саночки сажусь эх блять я прокачусь...
textdetox@01907546324b0330d2d8b7669648cc18823323e5/ru/004517	ru	1	это ты неваляшка пидоряшка за базаром следи еблан ты тухлый
textdetox@01907546324b0330d2d8b7669648cc18823323e5/ru/004518	ru	1	пусть все знают, ты же этого добивался педераст лизун ирэн толстая жопа))))))
textdetox@01907546324b0330d2d8b7669648cc18823323e5/ru/004519	ru	1	федоров мне больше напоминает политическую проститутку и провокатора...
textdetox@01907546324b0330d2d8b7669648cc18823323e5/ru/004520	ru	1	мозги были резал мразь на глозах дитей.
textdetox@01907546324b0330d2d8b7669648cc18823323e5/ru/004521	ru	1	если эту чупиздру били десять омоновцев - либо омоновцы - пидарасы , и били ладошками по попке ,приговаривая противная!
textdetox@01907546324b0330d2d8b7669648cc18823323e5/ru/004522	ru	1	либо эта пизда в пудру пёрнула!
textdetox@01907546324b0330d2d8b7669648cc18823323e5/ru/004523	ru	1	господи какая же она уебищная, фу блядь мразота
textdetox@01907546324b0330d2d8b7669648cc18823323e5/ru/004524	ru	1	какой, нахуй, пушкин 🤦‍♂️🤦‍♂️🤦‍♂️🤦‍♂️🤦‍♂️сначала узнайте, а потом выкидывайте!!!!
textdetox@01907546324b0330d2d8b7669648cc18823323e5/ru/004525	ru	1	хоть бы раз суки показали по телевизору правду
textdetox@01907546324b0330d2d8b7669648cc18823323e5/ru/004526	ru	1	сертификат долбоеба настоящим подтверждается что ты безоговорочно являешься натураьным стопроцентным подлинным долбоебом подпись врачи с
textdetox@01907546324b0330d2d8b7669648cc18823323e5/ru/004527	ru	1	то шимпанзе ебут,то бабы усатые им сердца разбивают, дикарисс...
textdetox@01907546324b0330d2d8b7669648cc18823323e5/ru/004528	ru	1	перик дашшахян ,хачкар свой засунь себе в одно место.
textdetox@01907546324b0330d2d8b7669648cc18823323e5/ru/004529	ru	1	не хуй работой заниматься.будете и вы в дум....ке
textdetox@01907546324b0330d2d8b7669648cc18823323e5/ru/004530	ru	1	а кто сказал что у меня жена узбечка тупая пизда
textdetox@01907546324b0330d2d8b7669648cc18823323e5/ru/004531	ru	1	а моголоиды хуйла чьих будете фашистское племя
textdetox@01907546324b0330d2d8b7669648cc18823323e5/ru/004532	ru	1	ушак, ишак ну как тебя ещё земля носит , придурок на всю больную голову
textdetox@01907546324b0330d2d8b7669648cc18823323e5/ru/004533	ru	1	старый пердун, который исчерпал свой запас, как трюковс тасканием женщин за волосы, обливанием водой из стаканчиков, так и своего словесного поноса.
textdetox@01907546324b0330d2d8b7669648cc18823323e5/ru/004534	ru	1	тьфу блядь сопля, иди работай чмо!
textdetox@01907546324b0330d2d8b7669648cc18823323e5/ru/004535	ru	1	пидерасты,глумление над народом,тяжелее ручки в руках не держали,всё воздасто сполна,как не крути и это будет
textdetox@01907546324b0330d2d8b7669648cc18823323e5/ru/004536	ru	1	петухи в тюрьме ждут не дождутся своего брата
textdetox@01907546324b0330d2d8b7669648cc18823323e5/ru/004537	ru	1	пошёл ты на хуй олень проститутка ты тупая ссср выебал фашистов в большей мере!
textdetox@01907546324b0330d2d8b7669648cc18823323e5/ru/004538	ru	1	шлыш ты я уёбище лесное... хуй изо рта выплюнь ..когда базлаеш...
textdetox@01907546324b0330d2d8b7669648cc18823323e5/ru/004539	ru	1	медведково часто называют миньетково... а с таким предложением.. все ослоебы москвы сбегуться...
textdetox@01907546324b0330d2d8b7669648cc18823323e5/ru/004540	ru	1	вот и открылась ваша фашистская сучность.
textdetox@01907546324b0330d2d8b7669648cc18823323e5/ru/004541	ru	1	маразм крепчает-идиоты...смерть есть, а эти люди готовы плясать на костях...алкаша и норкушу защищают
textdetox@01907546324b0330d2d8b7669648cc18823323e5/ru/004542	ru	1	ебанутые точно работадатель :d :d :d :d
textdetox@01907546324b0330d2d8b7669648cc18823323e5/ru/004543	ru	1	даже не воровская...а крысиные бега...блядский цирк!
textdetox@01907546324b0330d2d8b7669648cc18823323e5/ru/004544	ru	1	пидор горбатый пасть закрой и не брызжи здесть слюной гадюки👊 👊 👊 👊 👊 👊 👊 👊 👊
textdetox@01907546324b0330d2d8b7669648cc18823323e5/ru/004545	ru	1	а поступить простому пацану в военное училище взятку просят пидоры, а тут пиздой генерала у аленевода получила
textdetox@01907546324b0330d2d8b7669648cc18823323e5/ru/004546	ru	1	нах нужно я йца кончать кузнечик блин
textdetox@01907546324b0330d2d8b7669648cc18823323e5/ru/004547	ru	1	козлы кто это сделал самих этих уродов так бросить.
textdetox@01907546324b0330d2d8b7669648cc18823323e5/ru/004548	ru	1	долбоёб нацисткий ничего у вас мужиков не выйдет сволочи бендеровские пазлы.. в войнушку поиграть захотелось.
textdetox@01907546324b0330d2d8b7669648cc18823323e5/ru/004549	ru	1	что за очередная хрень😂пускай в африку еще напишут послание,дебилы помешаные,бля,какк будто больше делать не хрен в этлй жизни😁
textdetox@01907546324b0330d2d8b7669648cc18823323e5/ru/004550	ru	1	кто смотрит этого наливкина от одного его вида воротит..ублюдок херню несёт какую то
textdetox@01907546324b0330d2d8b7669648cc18823323e5/ru/004551	ru	1	зае.али,держали когда нибудь щуку хотя бы на пятерку?,или он из шаолиня,пиздаболы.
textdetox@01907546324b0330d2d8b7669648cc18823323e5/ru/004552	ru	1	на хуя матерей все время трогаешь!
textdetox@01907546324b0330d2d8b7669648cc18823323e5/ru/004553	ru	1	не в китай блядь не в китай а тут переплавлятся
textdetox@01907546324b0330d2d8b7669648cc18823323e5/ru/004554	ru	1	пидр вы северная асетя ани наши братя а вы грузини у вас аллах нету
textdetox@01907546324b0330d2d8b7669648cc18823323e5/ru/004555	ru	1	и с каждым разом мне приходит одна и та же мысль - ты совсем ебанутая или немножко у тебя мозгов не хватает ?
textdetox@01907546324b0330d2d8b7669648cc18823323e5/ru/004556	ru	1	?я еще раз тебе говорю дура, что смельчук умер три года назад в белорусии, это тебе понятно ?
textdetox@01907546324b0330d2d8b7669648cc18823323e5/ru/004557	ru	1	а не пошла бы она на... й овца дырявая
textdetox@01907546324b0330d2d8b7669648cc18823323e5/ru/004558	ru	1	в бравл старс играиут толика пидары
textdetox@01907546324b0330d2d8b7669648cc18823323e5/ru/004559	ru	1	вот и мы посмотрим на твою ёбаную рожу😂😂😂
textdetox@01907546324b0330d2d8b7669648cc18823323e5/ru/004560	ru	1	а если икра хуй знает откуда , то делать надо и на содержание разноко типа ядовитых ферментов и просто ядов!
textdetox@01907546324b0330d2d8b7669648cc18823323e5/ru/004561	ru	1	потому ка неизвестно - срали, сцали в нее или в нее 100 видов яу добавили!
textdetox@01907546324b0330d2d8b7669648cc18823323e5/ru/004562	ru	1	пристрелили проститутку-в любом смысле-политическую,по жизни,зарабатывала как могла-где тут женщина и чем восхищаться...
textdetox@01907546324b0330d2d8b7669648cc18823323e5/ru/004563	ru	1	ну и дурак,заработал себе срок!и кому от этого поступка стало хуже?
textdetox@01907546324b0330d2d8b7669648cc18823323e5/ru/004564	ru	1	замучаешься ждать, у вас пид...сня,а у нас закон новый-всех пид...ов вон из россии 😄😄😄
textdetox@01907546324b0330d2d8b7669648cc18823323e5/ru/004565	ru	1	вот русский алкаш сука , позор выезде показывает фуууу тупой
textdetox@01907546324b0330d2d8b7669648cc18823323e5/ru/004566	ru	1	запихать ему это все , пусть жрет !
textdetox@01907546324b0330d2d8b7669648cc18823323e5/ru/004567	ru	1	в кастрюли постучите жополизы,совсем народ оуел,не ведают,что творят
textdetox@01907546324b0330d2d8b7669648cc18823323e5/ru/004568	ru	1	да пошел этот хуесос нахуй.кто этот пидор вообще такой??
textdetox@01907546324b0330d2d8b7669648cc18823323e5/ru/004569	ru	1	пидарасы не имеют права называться ни как иначе как пидарасы,надо называть вещи своими именами.
textdetox@01907546324b0330d2d8b7669648cc18823323e5/ru/004570	ru	1	хуйня делов 5минут переделать, а если головная боль то в ней они опилки.
textdetox@01907546324b0330d2d8b7669648cc18823323e5/ru/004571	ru	1	мерзкая пидарша, чтоб ей пусто было, у моей матери в миллион раз меньше, пусть еë дети так живут, тварь.
textdetox@01907546324b0330d2d8b7669648cc18823323e5/ru/004572	ru	1	дебилы и терпилы те кто своё мнение и позицию засунул себе в задницу
textdetox@01907546324b0330d2d8b7669648cc18823323e5/ru/004573	ru	1	но если несется дебил с куском плитки в руке, это нормально, а то , что делает милиционер претуступление.
textdetox@01907546324b0330d2d8b7669648cc18823323e5/ru/004574	ru	1	другого слова для таких бездушных,безмозглых двуногих не подберу!
textdetox@01907546324b0330d2d8b7669648cc18823323e5/ru/004575	ru	1	в рф... но какого в берлине долбаёбам протесты делать???
textdetox@01907546324b0330d2d8b7669648cc18823323e5/ru/004576	ru	1	какой долбоеб поставил маникен, за такие шуточки- уголовное дело.
textdetox@01907546324b0330d2d8b7669648cc18823323e5/ru/004577	ru	1	клон лижит уже в больнице нету его все не на играица что бы в втюрмуца не содица пидор
textdetox@01907546324b0330d2d8b7669648cc18823323e5/ru/004578	ru	1	все бы думали как бабуля но есть у нас долбаебы их к сожалению много
textdetox@01907546324b0330d2d8b7669648cc18823323e5/ru/004579	ru	1	лучше бы чужих людей осчастливила и помогла больным и голодным,дура недалекая🙈🙈🙈
textdetox@01907546324b0330d2d8b7669648cc18823323e5/ru/004580	ru	1	ты 🐷 все у тебя про жопу ты что пидар?
textdetox@01907546324b0330d2d8b7669648cc18823323e5/ru/004581	ru	1	может всех баранов да тебе в зад!
textdetox@01907546324b0330d2d8b7669648cc18823323e5/ru/004582	ru	1	у ее ебало залито или ждет когда дадут.конкретная доярка.
textdetox@01907546324b0330d2d8b7669648cc18823323e5/ru/004583	ru	1	ты уже провалил всё, даже называя россию врагом, уже твои движение как у шлюх!!
textdetox@01907546324b0330d2d8b7669648cc18823323e5/ru/004584	ru	1	и ни хуя больше нет.. и у вас тоже!!!
textdetox@01907546324b0330d2d8b7669648cc18823323e5/ru/004585	ru	1	всех протестантов, али проститунтов в литосрань на помосчь своей чувырле, а то чо?
textdetox@01907546324b0330d2d8b7669648cc18823323e5/ru/004586	ru	1	она там бедненькая одна за всех отдувается перед гейроповской жопой ?...
textdetox@01907546324b0330d2d8b7669648cc18823323e5/ru/004587	ru	1	непорядок... а на заводе им делать не хер, там работать надо, а не митинговать !...ё
textdetox@01907546324b0330d2d8b7669648cc18823323e5/ru/004588	ru	1	чапай думает, куда уединиться инкогнито с очередной жрицей любви, потаскухой по - простому, - начертано на лице?
textdetox@01907546324b0330d2d8b7669648cc18823323e5/ru/004589	ru	1	гнеда одамнинг охирги чириган сорти тфуу блять
textdetox@01907546324b0330d2d8b7669648cc18823323e5/ru/004590	ru	1	как надоело слушать одно бла, бла, сука иди ты уже на заслуженный отдых.
textdetox@01907546324b0330d2d8b7669648cc18823323e5/ru/004591	ru	1	я желаю тебе.,если бы было возможно прожить блядь на прожиточный минимум!!!!
textdetox@01907546324b0330d2d8b7669648cc18823323e5/ru/004592	ru	1	мы, здесь про котов, смотрим, или херню дырявого пидороса, читаем?
textdetox@01907546324b0330d2d8b7669648cc18823323e5/ru/004593	ru	1	твари трахучии , вот пкинская дочка сделала прививку теперь пусть он ее сделает и здохнет.
textdetox@01907546324b0330d2d8b7669648cc18823323e5/ru/004594	ru	1	да, это не наши русские бабы, иначе он бы х... й проскакал бы.
textdetox@01907546324b0330d2d8b7669648cc18823323e5/ru/004595	ru	1	пьяный шакал за рулем четырнадцатый полицаи вообще не работают??
textdetox@01907546324b0330d2d8b7669648cc18823323e5/ru/004596	ru	1	а вот когда хули перестанем говорить , тогда и у нас будет 2%.
textdetox@01907546324b0330d2d8b7669648cc18823323e5/ru/004597	ru	1	чтоб ты сдох жирная свинья и не было бы у тебя детей от говна говно родится
textdetox@01907546324b0330d2d8b7669648cc18823323e5/ru/004598	ru	1	соловей вова ты мерзавец и врун .
textdetox@01907546324b0330d2d8b7669648cc18823323e5/ru/004599	ru	1	а так реагировать на простое фото это пиздец, по моему фляга у тебя свистит пиздец как
textdetox@01907546324b0330d2d8b7669648cc18823323e5/ru/004600	ru	1	девушка на первом фото , могла бы и ебало попроще сделать
textdetox@01907546324b0330d2d8b7669648cc18823323e5/ru/004601	ru	1	я б не поверил ни единому слову.... пиздун он сказочный.
textdetox@01907546324b0330d2d8b7669648cc18823323e5/ru/004602	ru	1	...вот и отправте эту блядюгу к диким арнаутам!!
textdetox@01907546324b0330d2d8b7669648cc18823323e5/ru/004603	ru	1	достаточно одной жанны агузаровой а тут еще одна ебанутая на всю голову появилась психушка на гастролях на доме 2
textdetox@01907546324b0330d2d8b7669648cc18823323e5/ru/004604	ru	1	волкова балушкин и зело ишаки ебанутые,как еще прямо??
textdetox@01907546324b0330d2d8b7669648cc18823323e5/ru/004605	ru	1	лев, как любая кошка,пизданеш... и сидит молчит, чё дальше будет...
textdetox@01907546324b0330d2d8b7669648cc18823323e5/ru/004606	ru	1	мне похуй что ты там будешь делать хоть уколись!
textdetox@01907546324b0330d2d8b7669648cc18823323e5/ru/004607	ru	1	а то, что ты среди людей так ты это верно заметило по этому я тебя на хуй и послал!
textdetox@01907546324b0330d2d8b7669648cc18823323e5/ru/004608	ru	1	они там в москве все ебанутые,осталось только на сиски кейчуп намазать ,а туда сосиску засунуть...
textdetox@01907546324b0330d2d8b7669648cc18823323e5/ru/004609	ru	1	гоните его на хуй из хабаровска, барина с барскими замашками,пусть фургала возвращают,или берите власть в свои руки,а этого хуитятину гоните поганой метлой!!
textdetox@01907546324b0330d2d8b7669648cc18823323e5/ru/004610	ru	1	лучше бы эти деньги на лечение детей потратили, чем на эту кучку пидорасов и шлюх!
textdetox@01907546324b0330d2d8b7669648cc18823323e5/ru/004611	ru	1	да когда то восхищался подвигами русских женьщин сейчас поражаюсь продажным блядством вали терешковой
textdetox@01907546324b0330d2d8b7669648cc18823323e5/ru/004612	ru	1	только в сраиле есть баба миня.который ненавидит страну в которой родился.получил образование.в которой похоронены родители.он большой пидармот
textdetox@01907546324b0330d2d8b7669648cc18823323e5/ru/004613	ru	1	слышь ты умник не трогай мою семью муж мой был самым порядочным человеком не чета вам а вы все проституты , сколько ей пишут мужчины ?
textdetox@01907546324b0330d2d8b7669648cc18823323e5/ru/004614	ru	1	...и конечно еврей охуительно умный!!
textdetox@01907546324b0330d2d8b7669648cc18823323e5/ru/004615	ru	1	жидяра ебаный развалил страну сука гореть тебе в аду мразь
textdetox@01907546324b0330d2d8b7669648cc18823323e5/ru/004616	ru	1	заебал этот хабаровск и все пидорасы которые хотят в нем отметиться
textdetox@01907546324b0330d2d8b7669648cc18823323e5/ru/004617	ru	1	мне по кую !куда как и зачем опущенное быдло хочет дойти .
textdetox@01907546324b0330d2d8b7669648cc18823323e5/ru/004618	ru	1	но бля ... и мамау твоя .
textdetox@01907546324b0330d2d8b7669648cc18823323e5/ru/004619	ru	1	слово россия сука пиши только и столько раз сколько я скажу тебе с большой буквы .
textdetox@01907546324b0330d2d8b7669648cc18823323e5/ru/004620	ru	1	божья кара будет и ему и тому уто его оправдает.. а он сволочь и поддонок мразь.
textdetox@01907546324b0330d2d8b7669648cc18823323e5/ru/004621	ru	1	над тобой пидорасом весь интернет будет угорать ok.ru/profile/579257390826/album/898791898602/903693324522
textdetox@01907546324b0330d2d8b7669648cc18823323e5/ru/004622	ru	1	ты от вопроса не отходи, уродопять вывесил пелёнку, понятия не имея о чём онавот и выясни, недоумок и провокатор
textdetox@01907546324b0330d2d8b7669648cc18823323e5/ru/004623	ru	1	курить я бросил, здоровье пить не позволяет, и вдоль души глухая осень как блядь на пенсии гуляет.
textdetox@01907546324b0330d2d8b7669648cc18823323e5/ru/004624	ru	1	*) мы,в отличии от тебя,фошистского пидора,являемся натуралами...:-d
textdetox@01907546324b0330d2d8b7669648cc18823323e5/ru/004625	ru	1	если бы я была соседкой его,эта тварь сам бы визжал мразь...
textdetox@01907546324b0330d2d8b7669648cc18823323e5/ru/004626	ru	1	официально россия самой признана неблагоприятной страной отсюда для геев вывод если вам не жить нравится россии в скорее всего вы пидарас
textdetox@01907546324b0330d2d8b7669648cc18823323e5/ru/004627	ru	1	это тот кто готов вылизать зад у пути.
textdetox@01907546324b0330d2d8b7669648cc18823323e5/ru/004628	ru	1	мрази, чтоб их также переправили куда нибудь подальше!!!
textdetox@01907546324b0330d2d8b7669648cc18823323e5/ru/004629	ru	1	это твоя любимая раша уничтожила совок (а я этому рад).
textdetox@01907546324b0330d2d8b7669648cc18823323e5/ru/004630	ru	1	я знал что русаки идиоты но до такой степени... слов нет.
textdetox@01907546324b0330d2d8b7669648cc18823323e5/ru/004631	ru	1	дура блядь, в такой день и без парашюта
textdetox@01907546324b0330d2d8b7669648cc18823323e5/ru/004632	ru	1	спы дытыно спы подлюко спы бэгом щоб бабай суко ты чуеш тебе не спыздыв и в куточку не бэгом отпыздыв спы мала зараза закрывай оба глаза ты
textdetox@01907546324b0330d2d8b7669648cc18823323e5/ru/004633	ru	1	старый а судишь как ребенок целуешь хахлов в жопу пускай живут сами по сибе и посмотри что в стране твориться
textdetox@01907546324b0330d2d8b7669648cc18823323e5/ru/004634	ru	1	,а ты сама прожив на 10тысячь блядь
textdetox@01907546324b0330d2d8b7669648cc18823323e5/ru/004635	ru	1	ты хоть слова меняй хуйло одноклеточное.
textdetox@01907546324b0330d2d8b7669648cc18823323e5/ru/004636	ru	1	одну и ту же хуйню кукарекаешь.
textdetox@01907546324b0330d2d8b7669648cc18823323e5/ru/004637	ru	1	хуй тебе, лешик, никогда российская империя не будет нормальной страной в вашем понимании........шавок набирают среди подобных тебе, нищеброд.
textdetox@01907546324b0330d2d8b7669648cc18823323e5/ru/004638	ru	1	ты головка от х.....я,дура безмозглая
textdetox@01907546324b0330d2d8b7669648cc18823323e5/ru/004639	ru	1	пидорку не даёт покоя тема гомосячья 😂😂😂😂😂😂😂
textdetox@01907546324b0330d2d8b7669648cc18823323e5/ru/004640	ru	1	задаётся вопрос?где вы сука все раньше были???!!!
textdetox@01907546324b0330d2d8b7669648cc18823323e5/ru/004641	ru	1	идите нахуй со своей вакциной твари.
textdetox@01907546324b0330d2d8b7669648cc18823323e5/ru/004642	ru	1	а кто тебя заставляет их лайкать?не хочешь не надо,дура блин..
textdetox@01907546324b0330d2d8b7669648cc18823323e5/ru/004643	ru	1	были всю жизнь рабами бандерлоги и сдохнут рабами всё их племя, пока не передохнут все.
textdetox@01907546324b0330d2d8b7669648cc18823323e5/ru/004644	ru	1	черножопый - это не негр..............в риге негров шахтёрами звали
textdetox@01907546324b0330d2d8b7669648cc18823323e5/ru/004645	ru	1	?.такой же дебил выставил нам на обозрение, к чему катимся, пипец!!
textdetox@01907546324b0330d2d8b7669648cc18823323e5/ru/004646	ru	1	нехуя она с кем-то е***** по ходу
textdetox@01907546324b0330d2d8b7669648cc18823323e5/ru/004647	ru	1	не такая уж она и охуенная балерина.
textdetox@01907546324b0330d2d8b7669648cc18823323e5/ru/004648	ru	1	в росии намного больше талантливых людей чем эта потаскуха.
textdetox@01907546324b0330d2d8b7669648cc18823323e5/ru/004649	ru	1	под этим фото пидар сидит тащится от лайков
textdetox@01907546324b0330d2d8b7669648cc18823323e5/ru/004650	ru	1	насрать ты можешь на красной площади и то в штаны
textdetox@01907546324b0330d2d8b7669648cc18823323e5/ru/004651	ru	1	дождались долбоебы, вы своих детей за 10000 билетов банка россии продали.
textdetox@01907546324b0330d2d8b7669648cc18823323e5/ru/004652	ru	1	такие приколы только пидоры могут себе позволить
textdetox@01907546324b0330d2d8b7669648cc18823323e5/ru/004653	ru	1	тебе это уёбище не понять(h)
textdetox@01907546324b0330d2d8b7669648cc18823323e5/ru/004654	ru	1	родители дураки и детей такими делают
textdetox@01907546324b0330d2d8b7669648cc18823323e5/ru/004655	ru	1	да там гнида адвокат конченый.обезьяна петушинная.
textdetox@01907546324b0330d2d8b7669648cc18823323e5/ru/004656	ru	1	и чепушары и блядины за ефрешку гнилого .
textdetox@01907546324b0330d2d8b7669648cc18823323e5/ru/004657	ru	1	пиндуй,,,поля вспахивай..., в шахты лезь,, животноводством займись,,, потом попиздишь,,какую быдлятину ты кормишь)))...
textdetox@01907546324b0330d2d8b7669648cc18823323e5/ru/004658	ru	1	потому что -крысы , гопники и чмыри ........
textdetox@01907546324b0330d2d8b7669648cc18823323e5/ru/004659	ru	1	хотя сегодня все в провитьельстве и есть жиды .. продажные пидерасы !
textdetox@01907546324b0330d2d8b7669648cc18823323e5/ru/004660	ru	1	ты парень не надо познакомиться она лох точно лицо хуй иди
textdetox@01907546324b0330d2d8b7669648cc18823323e5/ru/004661	ru	1	лишать всех званий надо таких уродов и судить строже , чем других - если он заслуженный !
textdetox@01907546324b0330d2d8b7669648cc18823323e5/ru/004662	ru	1	иди на хуй дура ебаная со своими стыдно....
textdetox@01907546324b0330d2d8b7669648cc18823323e5/ru/004663	ru	1	че ты там пизданула, мразь, придет и еще как, ты уже 20 лет живешь при таком режими
textdetox@01907546324b0330d2d8b7669648cc18823323e5/ru/004664	ru	1	шо блять,неначмоктала своими сосками надутыми на коррекцию еблища?цена стремительно упала в условиях кризиса?
textdetox@01907546324b0330d2d8b7669648cc18823323e5/ru/004665	ru	1	!ох а скоро все обвиснет,сдуется,и будешь ты чмокотуха печальная,сидеть возле вонючей бочки,и продавать пиво на розлив.
textdetox@01907546324b0330d2d8b7669648cc18823323e5/ru/004666	ru	1	попали на телек,не сумели результативно воспользоваться,так вам шлюхи и надо!
textdetox@01907546324b0330d2d8b7669648cc18823323e5/ru/004667	ru	1	ни у кого никаких способностей оказывается кроме блядских!
textdetox@01907546324b0330d2d8b7669648cc18823323e5/ru/004668	ru	1	и сдохнете большинство тебе подобных в пьяном угаре,в луже бухла и мочи,забитой ногами каким нибудь очередным уродом моральным, которые тебя окружать будут до конца никчемной жизни твоей!
textdetox@01907546324b0330d2d8b7669648cc18823323e5/ru/004669	ru	1	посчитала наивно что манда вечно востребована будет?
textdetox@01907546324b0330d2d8b7669648cc18823323e5/ru/004670	ru	1	на хер где то учиться,работать?
textdetox@01907546324b0330d2d8b7669648cc18823323e5/ru/004671	ru	1	что ты хер хозяин поезда что ли
textdetox@01907546324b0330d2d8b7669648cc18823323e5/ru/004672	ru	1	флаг ему в руки одним дураком меньше
textdetox@01907546324b0330d2d8b7669648cc18823323e5/ru/004673	ru	1	эта пидоросня неистребима, как ротан в реке.
textdetox@01907546324b0330d2d8b7669648cc18823323e5/ru/004674	ru	1	пока их--этих уродов не начнут стрелять--ничего не изменится.
textdetox@01907546324b0330d2d8b7669648cc18823323e5/ru/004675	ru	1	так твари надежда да прияно было смотреть на него .
textdetox@01907546324b0330d2d8b7669648cc18823323e5/ru/004676	ru	1	да похер что и как .люди вышли, на улицы.
textdetox@01907546324b0330d2d8b7669648cc18823323e5/ru/004677	ru	1	пиздец ебень чумазая.. сама типа на курорте в жару не соки с котелями пъёт..а кофе для работников тяжёлого труда))):(
textdetox@01907546324b0330d2d8b7669648cc18823323e5/ru/004678	ru	1	всё же какие мрази сидят в нашем правительстве, ты хуило которое назначает пенсию я не говорю о зарплате, а ну поживи на эту пенсию или зарплату хотябы с пол года!
textdetox@01907546324b0330d2d8b7669648cc18823323e5/ru/004679	ru	1	для дебилов - ващщщета федор с ввп кореша и вот чойта кацца он ебло свернет любому кто будет тявкать на дружбана
textdetox@01907546324b0330d2d8b7669648cc18823323e5/ru/004680	ru	1	короткова к стати.она нас учила 3 года блядь такая.
textdetox@01907546324b0330d2d8b7669648cc18823323e5/ru/004681	ru	1	сучка дырявая читать противно как ты хаеш всё и всех.
textdetox@01907546324b0330d2d8b7669648cc18823323e5/ru/004682	ru	1	беседовать с дебильным идиотом шнуром себя не уважать.. не надо опускаться до уровня шута безмозглого
textdetox@01907546324b0330d2d8b7669648cc18823323e5/ru/004683	ru	1	а тебя бы туда сейчяс в хабору чтоб за чертей ответил ты вообще знаешь что токое чёрт олень рогатый
textdetox@01907546324b0330d2d8b7669648cc18823323e5/ru/004684	ru	1	попалась бы ты мне...сволочь безмозглая.
textdetox@01907546324b0330d2d8b7669648cc18823323e5/ru/004685	ru	1	ты бы п....р жопу свою прикрыл,а то разорвут за твой гнилой базар
textdetox@01907546324b0330d2d8b7669648cc18823323e5/ru/004686	ru	1	сколько же еще в россии долбоебов.
textdetox@01907546324b0330d2d8b7669648cc18823323e5/ru/004687	ru	1	по ебалу получат......историю суки не читают
textdetox@01907546324b0330d2d8b7669648cc18823323e5/ru/004688	ru	1	сорос старый хер сколько ты потомства наплодил
textdetox@01907546324b0330d2d8b7669648cc18823323e5/ru/004689	ru	1	пидор ты дырявый иди на хуй и не позорь проффесию.
textdetox@01907546324b0330d2d8b7669648cc18823323e5/ru/004690	ru	1	мозги не ебу вы уже зайбал нахуй
textdetox@01907546324b0330d2d8b7669648cc18823323e5/ru/004691	ru	1	увы... сейчас правят хапужничество и долбоебизм...
textdetox@01907546324b0330d2d8b7669648cc18823323e5/ru/004692	ru	1	не то,что подписаться,эти лживые рожи,бессовестные,наглые,особенно скабеева-профессиональная лайка
textdetox@01907546324b0330d2d8b7669648cc18823323e5/ru/004693	ru	1	пидормоткя я эти зяконы ты принимяэшь ?
textdetox@01907546324b0330d2d8b7669648cc18823323e5/ru/004694	ru	1	надо просто хуй положить на хряка викнянского, и чтобы он его с благодарностью, как всегда и любые хуи , принял.
textdetox@01907546324b0330d2d8b7669648cc18823323e5/ru/004695	ru	1	вот так - засадил викнянскому - генерал майор.
textdetox@01907546324b0330d2d8b7669648cc18823323e5/ru/004696	ru	1	да ты что только узнала чтоль згачит заебись жилось
textdetox@01907546324b0330d2d8b7669648cc18823323e5/ru/004697	ru	1	падла вонючая, ты где серешь, козляра!
textdetox@01907546324b0330d2d8b7669648cc18823323e5/ru/004698	ru	1	то есть за пидора ты согласен получается?
textdetox@01907546324b0330d2d8b7669648cc18823323e5/ru/004699	ru	1	потаму -что у нас нету умных представителей одни бараны,каторые все нажраться не могут,даже не бараны,а шакалы!
textdetox@01907546324b0330d2d8b7669648cc18823323e5/ru/004700	ru	1	сволота всё опошлят , это же история, это же ваши предки!!!!!
textdetox@01907546324b0330d2d8b7669648cc18823323e5/ru/004701	ru	1	какое то растет поколение безмозглых тварей.а веди многое зависит от воспитания.а что , не кто а именно что воспитыват детей....правильно, интернет, большая помойка ненужной информации.вот отсюда и вывод.
textdetox@01907546324b0330d2d8b7669648cc18823323e5/ru/004702	ru	1	либо на хер из страны, либо- лес на калыме.
textdetox@01907546324b0330d2d8b7669648cc18823323e5/ru/004703	ru	1	поэтому некоторым сильно активным товарисчам с шилом в жопе, нужно сделать выбор, пока не поздно, чтобы не повторять судьбу всяких квачковых, удальцовых, навальных и прочих идиотов.
textdetox@01907546324b0330d2d8b7669648cc18823323e5/ru/004704	ru	1	игра ваша гавно и админы пидорасы
textdetox@01907546324b0330d2d8b7669648cc18823323e5/ru/004705	ru	1	а ублюдочный организм набирающий лайки... ты говно.
textdetox@01907546324b0330d2d8b7669648cc18823323e5/ru/004706	ru	1	почему то протестующая молодеж имеет внешность задротов
textdetox@01907546324b0330d2d8b7669648cc18823323e5/ru/004707	ru	1	... будем ебашить как медные котелки!...
textdetox@01907546324b0330d2d8b7669648cc18823323e5/ru/004708	ru	1	а чо ему не раскидывать погоны своим блядям , а чуть какой нибудь военный конфликт он к ней под юбку залезет
textdetox@01907546324b0330d2d8b7669648cc18823323e5/ru/004709	ru	1	сиди молча, кочерыжка🦧🐾 такие пиздуны завистливые, как ты, ещё больше бы нахапали🦧🐾🦍💨💩💩 зюган сказал:коммунизьдил, коммунизжу и буду коммунизьдить!🚩🏴‍☠️ зюг🚩🏴‍☠️хайль🖐😡 👇👇👇 https://vk.com/wall-190952640_16
textdetox@01907546324b0330d2d8b7669648cc18823323e5/ru/004710	ru	1	ты сука тупое создание, кто вас нахуй звал, кто вас сука приглашал, нахуй вы приперлись, в чужую республику своим уставом.
textdetox@01907546324b0330d2d8b7669648cc18823323e5/ru/004711	ru	1	еще и мы блядь да виноваты, мы к вам лезли!?
textdetox@01907546324b0330d2d8b7669648cc18823323e5/ru/004712	ru	1	а пиздит что что ему все это бог дал
textdetox@01907546324b0330d2d8b7669648cc18823323e5/ru/004713	ru	1	но однако прближать амеров через них себе дороже,вон пример проститутка лукашка или лукошко ,а лучше кошёлка белорусская ,что творит шантажерка епаная , ну ничего ему(еей) же боком выйдет.
textdetox@01907546324b0330d2d8b7669648cc18823323e5/ru/004714	ru	1	а как правильно писать ,единороссы,или хуесосы,вроде разницы никакой
textdetox@01907546324b0330d2d8b7669648cc18823323e5/ru/004715	ru	1	конченные суки.разве можно так поступать с людьми да ещё и с ребёнком.сволочи отмороженые
textdetox@01907546324b0330d2d8b7669648cc18823323e5/ru/004716	ru	1	изя, заместо картинок,измысли что нибудь троль шумерский?
textdetox@01907546324b0330d2d8b7669648cc18823323e5/ru/004717	ru	1	мудаки кто тебе падле ответить жммут!
textdetox@01907546324b0330d2d8b7669648cc18823323e5/ru/004718	ru	1	эти сука пидоры будут о пощаде просить,- первыми.
textdetox@01907546324b0330d2d8b7669648cc18823323e5/ru/004719	ru	1	знайте,, ссуки своё место ,,,, мрази поганые
textdetox@01907546324b0330d2d8b7669648cc18823323e5/ru/004720	ru	1	это правда, зачем так сами живут твари на 10 тысяч в месяц и мы на них посмотрим, правильно?
textdetox@01907546324b0330d2d8b7669648cc18823323e5/ru/004721	ru	1	урод ты берет заслужил или просто надел какой ты сука краповик ты мразь подкалодная
textdetox@01907546324b0330d2d8b7669648cc18823323e5/ru/004722	ru	1	сука вы оборотней в погонах садите, а не людей от безысходности.
textdetox@01907546324b0330d2d8b7669648cc18823323e5/ru/004723	ru	1	тебе бы, сука таких заработков до самой пенсии, чтобы за 30 ку спины не разгибал...долбоебом надо быть, чтобы такую хуйню написать
textdetox@01907546324b0330d2d8b7669648cc18823323e5/ru/004724	ru	1	согласен он многого достиг но не хер в политику лезть если тупой
textdetox@01907546324b0330d2d8b7669648cc18823323e5/ru/004725	ru	1	я тоже уверена,что они ответят за всё 🙏 для меня это не люди,а мрази 😡😤
textdetox@01907546324b0330d2d8b7669648cc18823323e5/ru/004726	ru	1	старая жопа тебя высрала урода морального
textdetox@01907546324b0330d2d8b7669648cc18823323e5/ru/004727	ru	1	ефремов пьянь и ничтожество .кто этого урода жалеет тот сам такой
textdetox@01907546324b0330d2d8b7669648cc18823323e5/ru/004728	ru	1	член покрашу так же , любая даст ?
textdetox@01907546324b0330d2d8b7669648cc18823323e5/ru/004729	ru	1	когда в девичестве-выдристюк,а по мужу ононашка,конкуренция невозможна)))))))))))))))))))))))))))))
textdetox@01907546324b0330d2d8b7669648cc18823323e5/ru/004730	ru	1	так там же люди живут, а у нас, по мнению едрисни, быдло.
textdetox@01907546324b0330d2d8b7669648cc18823323e5/ru/004731	ru	1	ну и пусть пиздует туда,нам таких придурков не надо👎 👎 👎
textdetox@01907546324b0330d2d8b7669648cc18823323e5/ru/004732	ru	1	замечала со своей рекламой дура ебаная как будто в другой посуде не сможет приготовиться
textdetox@01907546324b0330d2d8b7669648cc18823323e5/ru/004733	ru	1	бля, при чем тут ваши шишки?
textdetox@01907546324b0330d2d8b7669648cc18823323e5/ru/004734	ru	1	не все лизоблюды в мин.обороны!..
textdetox@01907546324b0330d2d8b7669648cc18823323e5/ru/004735	ru	1	вообще гондоны, дети невинные погибли и ни одна блядь в европе не скорбит и не выключает иллюминацию.
textdetox@01907546324b0330d2d8b7669648cc18823323e5/ru/004736	ru	1	белорусы, поймите это, вы на х.. им не нужны беспокоиться о вас.
textdetox@01907546324b0330d2d8b7669648cc18823323e5/ru/004737	ru	1	у меня одно слово сука зачем заводить животное если ты не можешь его любить и сделать за ним??????????????
textdetox@01907546324b0330d2d8b7669648cc18823323e5/ru/004738	ru	1	блядво -это ты!продаёшь россию!жид удавился за картошку ты!
textdetox@01907546324b0330d2d8b7669648cc18823323e5/ru/004739	ru	1	что ж ты обманываешь людей мерзавка
textdetox@01907546324b0330d2d8b7669648cc18823323e5/ru/004740	ru	1	как удобно каждому пидору-менту скрываться под маской и в обсолюте не знать упк и гк !
textdetox@01907546324b0330d2d8b7669648cc18823323e5/ru/004741	ru	1	нахрена они и еже такие нужны?
textdetox@01907546324b0330d2d8b7669648cc18823323e5/ru/004742	ru	1	пидоры...испогагнить такой фильмец....извращенцы ебанные
textdetox@01907546324b0330d2d8b7669648cc18823323e5/ru/004743	ru	1	во ебанашка ладно сама травму получишь но дети...походу ребёнку немало досталось сотрясение точно
textdetox@01907546324b0330d2d8b7669648cc18823323e5/ru/004744	ru	1	ну если она дура,пускай платит.
textdetox@01907546324b0330d2d8b7669648cc18823323e5/ru/004745	ru	1	используют и будут использовать тебя дура,пока рядом с ним.
textdetox@01907546324b0330d2d8b7669648cc18823323e5/ru/004746	ru	1	вот гады... на самое.. давят, ссуки.
textdetox@01907546324b0330d2d8b7669648cc18823323e5/ru/004747	ru	1	ефремов,ты конечный наркоман и пьянь болотная,
textdetox@01907546324b0330d2d8b7669648cc18823323e5/ru/004748	ru	1	эти все воровские пидорасы , ставшие благодоря облезлому ставропольскому пидору горбачу и уральскому алкашу ельцину ..........
textdetox@01907546324b0330d2d8b7669648cc18823323e5/ru/004749	ru	1	это не дает им право его бить твари а не родители
textdetox@01907546324b0330d2d8b7669648cc18823323e5/ru/004750	ru	1	слышь ты спермоглотное ебасос свой прикрой ты незная человека называешь пиздюком мелким ,и ты долбоеб хош нормального общения?да ты видать чет курнул иль с дуба на кактус ебнулся головой
textdetox@01907546324b0330d2d8b7669648cc18823323e5/ru/004751	ru	1	приднестровье правильно делают.нахер нам нужны чмошники румыны.они не националисты они предатели молдовы́.
textdetox@01907546324b0330d2d8b7669648cc18823323e5/ru/004752	ru	1	ведь погиб человек из-за этого ублюдка .
textdetox@01907546324b0330d2d8b7669648cc18823323e5/ru/004753	ru	1	пусть сука платит детям до совершенно летнего возраста .и платит нормальную сумму , а не копейки .
textdetox@01907546324b0330d2d8b7669648cc18823323e5/ru/004754	ru	1	адвокатов нанял бабосы есть урод , алкаш , наркоша пусть отвечает по закону .
textdetox@01907546324b0330d2d8b7669648cc18823323e5/ru/004755	ru	1	ну не переживай, западная подстилка, вам осталось совсем чуть-чуть побрызгать своей ядовитой слюной, а потом стук в дверь...и о ужас...просыпаешься в бараке.
textdetox@01907546324b0330d2d8b7669648cc18823323e5/ru/004756	ru	1	идите вы на хуй со своей банькой зебали виртуалы
textdetox@01907546324b0330d2d8b7669648cc18823323e5/ru/004757	ru	1	мразь не успела из пелёнок вылезти, а уже о жизни рассуждает тварь.
textdetox@01907546324b0330d2d8b7669648cc18823323e5/ru/004758	ru	1	а что с дебила можно взять, только изолировать в дурку.
textdetox@01907546324b0330d2d8b7669648cc18823323e5/ru/004759	ru	1	нос человека ,хуй пойму как и что за фото шоп
textdetox@01907546324b0330d2d8b7669648cc18823323e5/ru/004760	ru	1	а в итоге на пидора стал похоже
textdetox@01907546324b0330d2d8b7669648cc18823323e5/ru/004761	ru	1	сколько блять строк.. ты ебанутая?
textdetox@01907546324b0330d2d8b7669648cc18823323e5/ru/004762	ru	1	пиздеш сейчас там знакомые отдыхают.как вы заебали мрази всякую хрень выкидывать.
textdetox@01907546324b0330d2d8b7669648cc18823323e5/ru/004763	ru	1	те твари которые выкидывают все равно не поймут
textdetox@01907546324b0330d2d8b7669648cc18823323e5/ru/004764	ru	1	заметили она без пилотки.стерлась на хуй.
textdetox@01907546324b0330d2d8b7669648cc18823323e5/ru/004765	ru	1	его за яйца так посещать,ублюдок
textdetox@01907546324b0330d2d8b7669648cc18823323e5/ru/004766	ru	1	только пидурки их едят один вред.
textdetox@01907546324b0330d2d8b7669648cc18823323e5/ru/004767	ru	1	так ему муке и надо,ублюдок
textdetox@01907546324b0330d2d8b7669648cc18823323e5/ru/004768	ru	1	пошёл вон на хуй, уебан тупой!
textdetox@01907546324b0330d2d8b7669648cc18823323e5/ru/004769	ru	1	за пуйло топи в другой группе, урод!
textdetox@01907546324b0330d2d8b7669648cc18823323e5/ru/004770	ru	1	фургал оффшорный олигарх, вор и убийца.
textdetox@01907546324b0330d2d8b7669648cc18823323e5/ru/004771	ru	1	и везде вас отпиздила армянская диаспора.
textdetox@01907546324b0330d2d8b7669648cc18823323e5/ru/004772	ru	1	батька был тварью,так и остался!!!
textdetox@01907546324b0330d2d8b7669648cc18823323e5/ru/004773	ru	1	я вахую столько тут тупых баранов.
textdetox@01907546324b0330d2d8b7669648cc18823323e5/ru/004774	ru	1	я думаю что почивший иваньков был намного честнее и порядочнее патриарха гундяева путлировского жопализа !
textdetox@01907546324b0330d2d8b7669648cc18823323e5/ru/004775	ru	1	дура безмозгая !что она постоянно позорится !и помоему опять была бухая !алкашка позорная !и ещё чтото доказывает !она чем стрее тем делается дурнее !
textdetox@01907546324b0330d2d8b7669648cc18823323e5/ru/004776	ru	1	был пьян, под наркотой, под таблетками какимита - ничё не помню, а значит и не я это... бл... так хочется плюнуть в эту рожу!!
textdetox@01907546324b0330d2d8b7669648cc18823323e5/ru/004777	ru	1	давай стучи , они давно ждут твоего пидорного стука!
textdetox@01907546324b0330d2d8b7669648cc18823323e5/ru/004778	ru	1	мерин сука колхозный.белоруссия нужна россии без этого конюха.иегова семена суки арестовали,волоком волоком,разбитое лицо все.
textdetox@01907546324b0330d2d8b7669648cc18823323e5/ru/004779	ru	1	более ебанутой темы даже от одноклассников не ожидал!!!
textdetox@01907546324b0330d2d8b7669648cc18823323e5/ru/004780	ru	1	эта гнида 20 лет создает эту воровскую систему.
textdetox@01907546324b0330d2d8b7669648cc18823323e5/ru/004781	ru	1	и со всего эта ссука имеет свой %.
textdetox@01907546324b0330d2d8b7669648cc18823323e5/ru/004782	ru	1	все герои-бывшие,нынешние и будущие-конченые пидоры...
textdetox@01907546324b0330d2d8b7669648cc18823323e5/ru/004783	ru	1	а он нанял этих уродов что бы они издевались над нашим народом ,уходи не жди , давай ,чем быстрее тем лучше для тебя ,
textdetox@01907546324b0330d2d8b7669648cc18823323e5/ru/004784	ru	1	самые сраные попы из деревень на тачках за милионы гоняют, за бабкины пенсии жируют, а людям втерают как жить нужно.
textdetox@01907546324b0330d2d8b7669648cc18823323e5/ru/004785	ru	1	и этой пизда чтоб нас не искала
textdetox@01907546324b0330d2d8b7669648cc18823323e5/ru/004786	ru	1	сука ты а не класс тебе
textdetox@01907546324b0330d2d8b7669648cc18823323e5/ru/004787	ru	1	!как бирет пришол так и ушол,уебки.
textdetox@01907546324b0330d2d8b7669648cc18823323e5/ru/004788	ru	1	вся ли шобла ебанутых здесь, отвечайте, дебилы пустоголовые?
textdetox@01907546324b0330d2d8b7669648cc18823323e5/ru/004789	ru	1	ты безмозглая жертва аборта , с какого одобрения народа , ты что-ли народ , ты гнида
textdetox@01907546324b0330d2d8b7669648cc18823323e5/ru/004790	ru	1	он был затравленным, озлобленным и мстительным шнырём.
textdetox@01907546324b0330d2d8b7669648cc18823323e5/ru/004791	ru	1	не надо быть психологом, чтобы по данному фото определить психотип этого ушлёпка.
textdetox@01907546324b0330d2d8b7669648cc18823323e5/ru/004792	ru	1	шамотра такая же как и все ебанутые в гос думе тупорылое быдло сидящее на ш9ее у народа паразиты проститутки и ворьё
textdetox@01907546324b0330d2d8b7669648cc18823323e5/ru/004793	ru	1	а вот когда их пиздят, оскорбляют и унижают, вот тогда они счит ают что это настоящий мужчина.
textdetox@01907546324b0330d2d8b7669648cc18823323e5/ru/004794	ru	1	рашка предпочитает учиться на своих преступлениях.
textdetox@01907546324b0330d2d8b7669648cc18823323e5/ru/004795	ru	1	гандонами были и гандонами остались.не нравится иди на хуй в свою цыганскую индию.
textdetox@01907546324b0330d2d8b7669648cc18823323e5/ru/004796	ru	1	а когда она была бессплатной о чем она говорит .у нас никогда не было бессплатным.обжоры когда вы только нажретесь и не подавяться сучары блять.
textdetox@01907546324b0330d2d8b7669648cc18823323e5/ru/004797	ru	1	у быдла должна быть быдлячая элита ?
textdetox@01907546324b0330d2d8b7669648cc18823323e5/ru/004798	ru	1	ну блядь , если егеря , значит пиздить и прикапывать их будут в лесу.
textdetox@01907546324b0330d2d8b7669648cc18823323e5/ru/004799	ru	1	миллионы граждан ссср убиты при его правлении,ни в чём не виноватых,только дэбил его может уважать.
textdetox@01907546324b0330d2d8b7669648cc18823323e5/ru/004800	ru	1	тварина натравливает чурбан белорусских мусоров на белорусский народ.
textdetox@01907546324b0330d2d8b7669648cc18823323e5/ru/004801	ru	1	старый пидор мурат фотки свои сюда умудряется загружать и кого-то обсуждать ) 😎😎😎 за видом бы своим кактось смотрел )) пидорасина тупая )
textdetox@01907546324b0330d2d8b7669648cc18823323e5/ru/004802	ru	1	смотри, хоть какое то у тебя разнообразие)))) а то только соловьёв смотришь и других гандонов)))).
textdetox@01907546324b0330d2d8b7669648cc18823323e5/ru/004803	ru	1	одним словом- сучье племя без чети и достоинства.
textdetox@01907546324b0330d2d8b7669648cc18823323e5/ru/004804	ru	1	так ты не дмитрий а -хуйло!
textdetox@01907546324b0330d2d8b7669648cc18823323e5/ru/004805	ru	1	ещё фотку старую выставили сейчас запитая мразь и проблядь
textdetox@01907546324b0330d2d8b7669648cc18823323e5/ru/004806	ru	1	кто этих пидаров сюда звал вся европа была против нас а теперь им газ тянут да пусть ссуки замерзнут как в сталинграде
textdetox@01907546324b0330d2d8b7669648cc18823323e5/ru/004807	ru	1	иу с здорово пацаны я валера игрушка мамаши вашего пиздюка
textdetox@01907546324b0330d2d8b7669648cc18823323e5/ru/004808	ru	1	эта мразь должна отработать что должна.
textdetox@01907546324b0330d2d8b7669648cc18823323e5/ru/004809	ru	1	иди нахуй работай у ник бля
textdetox@01907546324b0330d2d8b7669648cc18823323e5/ru/004810	ru	1	гандон ебанный,ненасытный чтобы таких бог наказал!
textdetox@01907546324b0330d2d8b7669648cc18823323e5/ru/004811	ru	1	захлебнется скоро своим дерьмом, придурка кусок.
textdetox@01907546324b0330d2d8b7669648cc18823323e5/ru/004812	ru	1	этих блядей не то что в магазин я бы их как в 42г полицаев вешел бы
textdetox@01907546324b0330d2d8b7669648cc18823323e5/ru/004813	ru	1	он бал вождь.а не продажная крыса как ныне !
textdetox@01907546324b0330d2d8b7669648cc18823323e5/ru/004814	ru	1	да ему по хуй ,на россиян
textdetox@01907546324b0330d2d8b7669648cc18823323e5/ru/004815	ru	1	слепят дешманское говнокитай а у фирмы свет мягкий неоновый на этом бампере висит целое состояние
textdetox@01907546324b0330d2d8b7669648cc18823323e5/ru/004816	ru	1	залупа ты конская а не берия.
textdetox@01907546324b0330d2d8b7669648cc18823323e5/ru/004817	ru	1	а еще пиз,,,,ят на всю страну что у нас армия на уровне случись заварушка шмарьем буде\м отбиваться
textdetox@01907546324b0330d2d8b7669648cc18823323e5/ru/004818	ru	1	а по газонам пидоры с балончиками пасуться,типа народных мстителей....и кто ещё тогда козёл??
textdetox@01907546324b0330d2d8b7669648cc18823323e5/ru/004819	ru	1	пиченьки где страны пидорасов а или вы думаете вас сдесь примут нет вы же пидорасы а нам не правельные люди не нужны
textdetox@01907546324b0330d2d8b7669648cc18823323e5/ru/004820	ru	1	нарвутся когда нибудь на таких же долбоёбов и жизнь сразу обретёт вкус!
textdetox@01907546324b0330d2d8b7669648cc18823323e5/ru/004821	ru	1	гандон мало народу потравил ешё хочет убить вакциной не только мудин ну и все призиденты шакалы
textdetox@01907546324b0330d2d8b7669648cc18823323e5/ru/004822	ru	1	время идет и все меняется чтобы знала поросячая харя
textdetox@01907546324b0330d2d8b7669648cc18823323e5/ru/004823	ru	1	когда наконец этот старый козел заткнется
textdetox@01907546324b0330d2d8b7669648cc18823323e5/ru/004824	ru	1	лучше жопу показали,глаз не оторвеш.
textdetox@01907546324b0330d2d8b7669648cc18823323e5/ru/004825	ru	1	к какому рабству ты что тормоз если этому поколению не доходит через голову то пусть через руки доходит
textdetox@01907546324b0330d2d8b7669648cc18823323e5/ru/004826	ru	1	жрешь и срёшь а одном месте .....?
textdetox@01907546324b0330d2d8b7669648cc18823323e5/ru/004827	ru	1	она христианскую веру на хуй променяла
textdetox@01907546324b0330d2d8b7669648cc18823323e5/ru/004828	ru	1	подонок дай бог ему судьбу погибшего
textdetox@01907546324b0330d2d8b7669648cc18823323e5/ru/004829	ru	1	сидоров ты подстилка пидоров, предатель, опомнись и переходи на сторону народа, используй последнюю возможность!
textdetox@01907546324b0330d2d8b7669648cc18823323e5/ru/004830	ru	1	школьные друзья 🤣🤣🤣 идиот ты, автор 😆 какой бы жалостной не была картинка, дулю вам а не класс!
textdetox@01907546324b0330d2d8b7669648cc18823323e5/ru/004831	ru	1	бо бб тварь всея руси карилка ном
textdetox@01907546324b0330d2d8b7669648cc18823323e5/ru/004832	ru	1	динамо на 3 забить а ты пидор все хорошо.
textdetox@01907546324b0330d2d8b7669648cc18823323e5/ru/004833	ru	1	это пиздец, в стране ни хера не производят кроме продажи ресурсов, конченые идиоты, клептократы и коллаборационисты.
textdetox@01907546324b0330d2d8b7669648cc18823323e5/ru/004834	ru	1	только во времина брежнева а не горбатого пидора
textdetox@01907546324b0330d2d8b7669648cc18823323e5/ru/004835	ru	1	серега, ну ты и баран бля тупой.
textdetox@01907546324b0330d2d8b7669648cc18823323e5/ru/004836	ru	1	обосрался там вот и скулишь... долбоеб
textdetox@01907546324b0330d2d8b7669648cc18823323e5/ru/004837	ru	1	обидно что эту мразь называют голубыми это цвет неба и десантного берета,а их цвет должен быть коричневый веть по говну твари катаются
textdetox@01907546324b0330d2d8b7669648cc18823323e5/ru/004838	ru	1	у тебя даже не коробка , а хуй на голове и в голове
textdetox@01907546324b0330d2d8b7669648cc18823323e5/ru/004839	ru	1	самим то не смешно такую херню выкладывать.
textdetox@01907546324b0330d2d8b7669648cc18823323e5/ru/004840	ru	1	вот этим хуеплетам и похуй россияни у них главное чтоб яйца загарели
textdetox@01907546324b0330d2d8b7669648cc18823323e5/ru/004841	ru	1	это пидор гнойный, а с чего ты чмо ибучае решил что я сыкливый.тебя что ли мразь ибучую я испугался?
textdetox@01907546324b0330d2d8b7669648cc18823323e5/ru/004842	ru	1	продался ублюдок за десять баксов и что то свою гнойную пасть на что то и на кого то разиваешь.
textdetox@01907546324b0330d2d8b7669648cc18823323e5/ru/004843	ru	1	зови латышку в паре вы тупите куда стремнее-простатит ты обвафленный!
textdetox@01907546324b0330d2d8b7669648cc18823323e5/ru/004844	ru	1	жена твоя с черножопым свалила , а ты теперь давакинского подружка?
textdetox@01907546324b0330d2d8b7669648cc18823323e5/ru/004845	ru	1	заебётесь мрази пыль глотать чмошники позорные, хуй вам пидоры а не крым,, паскуды!!
textdetox@01907546324b0330d2d8b7669648cc18823323e5/ru/004846	ru	1	вот потому скулят и стонут подонки всех мастей
textdetox@01907546324b0330d2d8b7669648cc18823323e5/ru/004847	ru	1	охуели в хлам пидорасы веру за деньги продают!!
textdetox@01907546324b0330d2d8b7669648cc18823323e5/ru/004848	ru	1	у ебанутых хотя бы всё по честному
textdetox@01907546324b0330d2d8b7669648cc18823323e5/ru/004849	ru	1	что ты спрятался в ящике как шавка и гундосишь - ты подойди к этим ребятам и скажи им эти слова в лицо
textdetox@01907546324b0330d2d8b7669648cc18823323e5/ru/004850	ru	1	это опухшее от пьянок рыло(h)﻿(h)﻿(h)﻿(h)﻿|-(﻿|-(﻿(h)﻿|-(﻿|-(﻿|-(﻿
textdetox@01907546324b0330d2d8b7669648cc18823323e5/ru/004851	ru	1	они защищают свою родину от наемных ублюдков!
textdetox@01907546324b0330d2d8b7669648cc18823323e5/ru/004852	ru	1	за право жить так как хотят , а не как захотят потанинцы или европейские пидоры!!
textdetox@01907546324b0330d2d8b7669648cc18823323e5/ru/004853	ru	1	не нервничай,я тебя старого пидара пинаю ,любя.,что бы ты не издох от злости..
textdetox@01907546324b0330d2d8b7669648cc18823323e5/ru/004854	ru	1	бандерлоги первые стреляют, ответка им не нравится.
textdetox@01907546324b0330d2d8b7669648cc18823323e5/ru/004855	ru	1	чё фигню кидаешь жидовка запорожская зачем анального травить то когда можно просто спутник вколоть
textdetox@01907546324b0330d2d8b7669648cc18823323e5/ru/004856	ru	1	совсем охренели, за убийцу топят, а перед матерью, женой убитых им людей не стыдно, или у хабаровчанина где стыд был, там фургал убийца вырос?
textdetox@01907546324b0330d2d8b7669648cc18823323e5/ru/004857	ru	1	старый пердун, все тёлки у него мололетки, и дуры потому что им можно песенки петь мозги у них несозрелые, 🥴
textdetox@01907546324b0330d2d8b7669648cc18823323e5/ru/004858	ru	1	их бы так привязать на одну веревку да только в лесу где волки есть.скоты а не люди.мрази.
textdetox@01907546324b0330d2d8b7669648cc18823323e5/ru/004859	ru	1	больше всего, меня смешат высказывания и позиция адвоката михуила!
textdetox@01907546324b0330d2d8b7669648cc18823323e5/ru/004860	ru	1	он на этом деле, доит идиота на бабки, , и после процесса скажет просто так, -ну не шмогла!
textdetox@01907546324b0330d2d8b7669648cc18823323e5/ru/004861	ru	1	а ещё , хрен знает когда суд состоится, а каждый час этого прощелыги-адвоката стоит не три копейки!
textdetox@01907546324b0330d2d8b7669648cc18823323e5/ru/004862	ru	1	он (адвокат) решил (абсолютное большинство отказались) просто сделать бабки на придурке!
textdetox@01907546324b0330d2d8b7669648cc18823323e5/ru/004863	ru	1	ты гандон исползвнний .... пошла на хуй с этой группи ...
textdetox@01907546324b0330d2d8b7669648cc18823323e5/ru/004864	ru	1	пиздализ и хуесоски противно от вас и ваших словечек
textdetox@01907546324b0330d2d8b7669648cc18823323e5/ru/004865	ru	1	этих блядей, скотницами на ферму...
textdetox@01907546324b0330d2d8b7669648cc18823323e5/ru/004866	ru	1	одни тут сидят альфонсы ведутся на такие фото фуууу мази да пидоры дочери конченые
textdetox@01907546324b0330d2d8b7669648cc18823323e5/ru/004867	ru	1	да суки авган забыли сколько пацанов положили и где правда присяга пацаны исполнили а россия плюнула им в глаза
textdetox@01907546324b0330d2d8b7669648cc18823323e5/ru/004868	ru	1	когда только до этих придурков дойдет, что эти действия называются родину продавать.
textdetox@01907546324b0330d2d8b7669648cc18823323e5/ru/004869	ru	1	это каким надо быть пидорасом чтоб в иваново быть пидорасом
textdetox@01907546324b0330d2d8b7669648cc18823323e5/ru/004870	ru	1	а ей ,её же матку на морду натянуть!
textdetox@01907546324b0330d2d8b7669648cc18823323e5/ru/004871	ru	1	сука прикоритная иза токих как ты тварь всё присходит
textdetox@01907546324b0330d2d8b7669648cc18823323e5/ru/004872	ru	1	та дохуя у вас врагов...чо хахакаешь ебнутая?
textdetox@01907546324b0330d2d8b7669648cc18823323e5/ru/004873	ru	1	провластные упыри за свои прибыли боятся, г н и д ы.
textdetox@01907546324b0330d2d8b7669648cc18823323e5/ru/004874	ru	1	гавно троллейбусы,в москве уже электро автобусы ходят давным давно.а это хлам который был куплен за лям , а по факту 50 лямов было списано из бюджета города.
textdetox@01907546324b0330d2d8b7669648cc18823323e5/ru/004875	ru	1	еще бы в октябре блядь открыл придурок .
textdetox@01907546324b0330d2d8b7669648cc18823323e5/ru/004876	ru	1	да уже давно этому гандону не кто не доверяет.
textdetox@01907546324b0330d2d8b7669648cc18823323e5/ru/004877	ru	1	а что так пафосно лгбт пидоры они и есть пидоры и гнать их в европу пусть там балуются.
textdetox@01907546324b0330d2d8b7669648cc18823323e5/ru/004878	ru	1	и на кой хрен нужен такой пиздабол у руля россии?????
textdetox@01907546324b0330d2d8b7669648cc18823323e5/ru/004879	ru	1	не справился , не оправдал доверие народа гнать его и всю шоблу вон из кремля!
textdetox@01907546324b0330d2d8b7669648cc18823323e5/ru/004880	ru	1	ебанутые у собаки аллергия они прикалываються и лайки ставят что смешно.
textdetox@01907546324b0330d2d8b7669648cc18823323e5/ru/004881	ru	1	представляете а есле вас так радует от аллергией сфоткойте мы хоть над вами уродам и поржом.... твари.
textdetox@01907546324b0330d2d8b7669648cc18823323e5/ru/004882	ru	1	да этот хуй армянский адвокат думает вытащит ево наврядли он снего поимеит пополной и скажет иди пьян сиди
textdetox@01907546324b0330d2d8b7669648cc18823323e5/ru/004883	ru	1	правильно,зачем,меньше будет москвичей пидарасов
textdetox@01907546324b0330d2d8b7669648cc18823323e5/ru/004884	ru	1	блядурина де курве,из правительственного экскорта.
textdetox@01907546324b0330d2d8b7669648cc18823323e5/ru/004885	ru	1	мальчик хотел секса а не драки думал так привлечет к своей больной жопе внимание а получил звездюлей но за напористоть пятерка пидриле.
textdetox@01907546324b0330d2d8b7669648cc18823323e5/ru/004886	ru	1	идите нахуй попрошайки,бабло на лайках делаете
textdetox@01907546324b0330d2d8b7669648cc18823323e5/ru/004887	ru	1	что касается ахматовой,...она как ,,история,,.... была дама весьма,блядовитая,,👏👏👏
textdetox@01907546324b0330d2d8b7669648cc18823323e5/ru/004888	ru	1	20 лет не меньши водкой перевернул всю сваю жиз нь и кино кареру еще падла взял одвоката ка которова бабок ему не хватит расплотится пшол на хуй черт
textdetox@01907546324b0330d2d8b7669648cc18823323e5/ru/004889	ru	1	потому что там сидят 50% пидофилы и пидорасты.
textdetox@01907546324b0330d2d8b7669648cc18823323e5/ru/004890	ru	1	я так понимаю что у этого пидармота нет своих журналистов что бы показать как он говорит о фургало ,а то у него всё смонтировано со стороны противников.....пиздабол
textdetox@01907546324b0330d2d8b7669648cc18823323e5/ru/004891	ru	1	своих я не трогаю а ты и этот бандерлог чужие хули вас не трогать то
textdetox@01907546324b0330d2d8b7669648cc18823323e5/ru/004892	ru	1	ты же у нас патриотический хуесос
textdetox@01907546324b0330d2d8b7669648cc18823323e5/ru/004893	ru	1	пиздеть не мешки таскать это не полиция это выблядки
textdetox@01907546324b0330d2d8b7669648cc18823323e5/ru/004894	ru	1	это поколения молодёжи щяс это ублюдки растут
textdetox@01907546324b0330d2d8b7669648cc18823323e5/ru/004895	ru	1	обе обезьяны.одна манду на весь свет показывает .незнает куда ноги свои забрать.другая вообще дырка россии .тьфу блять на одну и другую.
textdetox@01907546324b0330d2d8b7669648cc18823323e5/ru/004896	ru	1	пьяная гнида убила человека,какая на...й жалость!тюрьма и только ,+за употребление наркоты.пень старый!
textdetox@01907546324b0330d2d8b7669648cc18823323e5/ru/004897	ru	1	так что господа оккупанты нихуя у вас не выйдет!!!!
textdetox@01907546324b0330d2d8b7669648cc18823323e5/ru/004898	ru	1	ты на зп посмотри че ты пишишь далбоеб 🤣
textdetox@01907546324b0330d2d8b7669648cc18823323e5/ru/004899	ru	1	откуда только берутся эти безмозглые мрази,там что вообще адекватных людей не осталось
textdetox@01907546324b0330d2d8b7669648cc18823323e5/ru/004900	ru	1	пиздун ещё тот,за полгода сам.😂😂😂
textdetox@01907546324b0330d2d8b7669648cc18823323e5/ru/004901	ru	1	ты алкашина и гестапко.. какой из тебя нахуй танкист....
textdetox@01907546324b0330d2d8b7669648cc18823323e5/ru/004902	ru	1	обнуленышь сука уже не знает как свой рейтинг поднять.
textdetox@01907546324b0330d2d8b7669648cc18823323e5/ru/004903	ru	1	гнать очень далеко лукавого пидра и самбиста силиконового!!
textdetox@01907546324b0330d2d8b7669648cc18823323e5/ru/004904	ru	1	!и тот и тот гнусный гомик!!
textdetox@01907546324b0330d2d8b7669648cc18823323e5/ru/004905	ru	1	крым это - народ, который вас послал на хуй, отойдите и заткнитесь!
textdetox@01907546324b0330d2d8b7669648cc18823323e5/ru/004906	ru	1	пнх исламский вонючий пидор....выблядок потаскухи и шлюхи агарь....
textdetox@01907546324b0330d2d8b7669648cc18823323e5/ru/004907	ru	1	одесский федя- долбоеб....так правильней
textdetox@01907546324b0330d2d8b7669648cc18823323e5/ru/004908	ru	1	понятно что не прививал, язык без костей, пиздобол.
textdetox@01907546324b0330d2d8b7669648cc18823323e5/ru/004909	ru	1	дурак ты и есть дурак .причем тоже старый уже .
textdetox@01907546324b0330d2d8b7669648cc18823323e5/ru/004910	ru	1	(h) и опять ко всем лезешь со своими советами ,из себя вылез уже .отвянь ,старый пень
textdetox@01907546324b0330d2d8b7669648cc18823323e5/ru/004911	ru	1	судить таких уродов надо где-то больной человек ждёт скорую ,а это урод выесняет свою неприязнь!
textdetox@01907546324b0330d2d8b7669648cc18823323e5/ru/004912	ru	1	пидарас, приложил руку к развалу союза а теперь ещё что-то гундосит.
textdetox@01907546324b0330d2d8b7669648cc18823323e5/ru/004913	ru	1	у тебя колорад сбился в узел, сука хуйловская.завали ебало .
textdetox@01907546324b0330d2d8b7669648cc18823323e5/ru/004914	ru	1	пидор он конченый а не президент
textdetox@01907546324b0330d2d8b7669648cc18823323e5/ru/004915	ru	1	из-за дол*баеба мужику жизнь сломали...
textdetox@01907546324b0330d2d8b7669648cc18823323e5/ru/004916	ru	1	что сделали суки, такое творение угробили.
textdetox@01907546324b0330d2d8b7669648cc18823323e5/ru/004917	ru	1	ещё и садист вот такие в пидорне людей пытают.
textdetox@01907546324b0330d2d8b7669648cc18823323e5/ru/004918	ru	1	он свой длининький хуек положил под образа а то вдруг укосит какая нибудь коза
textdetox@01907546324b0330d2d8b7669648cc18823323e5/ru/004919	ru	1	дама если вас что то не устраивает валите из страны мне хуй народ баламутить.
textdetox@01907546324b0330d2d8b7669648cc18823323e5/ru/004920	ru	1	на еби ближнего, либо ближний на ебет тебя.
textdetox@01907546324b0330d2d8b7669648cc18823323e5/ru/004921	ru	1	америкоцы дебилы раз не могут сделать классное оружие дешевле значит мозгов не хватает
textdetox@01907546324b0330d2d8b7669648cc18823323e5/ru/004922	ru	1	во -вторых ты обосрался зайти опять на мою фору , где наши ребята тебя по твоему еблу натыкали .
textdetox@01907546324b0330d2d8b7669648cc18823323e5/ru/004923	ru	1	и ты туда боишься зайти ,хуль ты тут питух пиздишь?
textdetox@01907546324b0330d2d8b7669648cc18823323e5/ru/004924	ru	1	пиздец подкрадывается к вам незаметно, братья белоруссы.
textdetox@01907546324b0330d2d8b7669648cc18823323e5/ru/004925	ru	1	пиздит и хрюкает только плесень и хряк😂😂😂
textdetox@01907546324b0330d2d8b7669648cc18823323e5/ru/004926	ru	1	а куда тебе без дрочеров это ведь твоя несчастная инетная жизнь виш губки шлёт полюбому лизунок бери его одноразовый на вечерок не больше😂
textdetox@01907546324b0330d2d8b7669648cc18823323e5/ru/004927	ru	1	ба опять тролл и в срать ф орум п
textdetox@01907546324b0330d2d8b7669648cc18823323e5/ru/004928	ru	1	ну что шлюшка , не нравится правда и комментарий удалила ты или админ , такой же чухонец кастрюлеголовый , как и ты !
textdetox@01907546324b0330d2d8b7669648cc18823323e5/ru/004929	ru	1	чертила ебаная на колени страну поставил
textdetox@01907546324b0330d2d8b7669648cc18823323e5/ru/004930	ru	1	это не мама оставила этого малыша ,это просто тварь .
textdetox@01907546324b0330d2d8b7669648cc18823323e5/ru/004931	ru	1	и откуда ты такой взялся тебя видимо не мать родила а у пидораса через задний проход вышел
textdetox@01907546324b0330d2d8b7669648cc18823323e5/ru/004932	ru	1	лукашенко интересен только врачам, для изучения высшей формы долбоебизма!
textdetox@01907546324b0330d2d8b7669648cc18823323e5/ru/004933	ru	1	ни пидоры и гниды , против народа пошли , защищать диктатора
textdetox@01907546324b0330d2d8b7669648cc18823323e5/ru/004934	ru	1	пидр следить за языком а что делать с вашими русским катори живут у нас ты сука нацизм это земля не каго не осталось и не останется знай
textdetox@01907546324b0330d2d8b7669648cc18823323e5/ru/004935	ru	1	урод дети причём походу у неё не было больше что ей делать
textdetox@01907546324b0330d2d8b7669648cc18823323e5/ru/004936	ru	1	подстрекатель родину гад не любиш .....
textdetox@01907546324b0330d2d8b7669648cc18823323e5/ru/004937	ru	1	чтоб эта тварь в аду горела
textdetox@01907546324b0330d2d8b7669648cc18823323e5/ru/004938	ru	1	миша -алкаш ,с большой буквы.и его адвокат тоже алкаш, раз он свою вину не признает ...скотина.
textdetox@01907546324b0330d2d8b7669648cc18823323e5/ru/004939	ru	1	бля..нет сука возможности володина выдернуть..напомнил бы ему о многом пидару.
textdetox@01907546324b0330d2d8b7669648cc18823323e5/ru/004940	ru	1	заебали провокаторы, сталина на вас нет
textdetox@01907546324b0330d2d8b7669648cc18823323e5/ru/004941	ru	1	меньше пить надо этой гадости, алкаш.ненавижу этих алкашей.
textdetox@01907546324b0330d2d8b7669648cc18823323e5/ru/004942	ru	1	ну, александр,представляющий в комментариях мужское мнение,насколько я поняла,был фраппирован и оп*здошен запросами мамзелей
textdetox@01907546324b0330d2d8b7669648cc18823323e5/ru/004943	ru	1	какого хрена вы выставляете эти цены?
textdetox@01907546324b0330d2d8b7669648cc18823323e5/ru/004944	ru	1	не пора ли брать всю эту банду за жопу и все вернуть настоящему владельцу и создателя всех этих благ-народу!!
textdetox@01907546324b0330d2d8b7669648cc18823323e5/ru/004945	ru	1	что за пидорасы в рваных штанах
textdetox@01907546324b0330d2d8b7669648cc18823323e5/ru/004946	ru	1	вы если трепетесь, тем трепите своим помелом, кто не в курсе, а я знаю ситуацию и слежу за ней, чинушам жопу прикрываете?
textdetox@01907546324b0330d2d8b7669648cc18823323e5/ru/004947	ru	1	да он скорее всего фашист по всем его репортажам по всем
textdetox@01907546324b0330d2d8b7669648cc18823323e5/ru/004948	ru	1	погиб человек а ефремов говно актер и мразь по жизни еще посмел нанять себе подобных тварей защитников которык схватились за ефремовскую вонючую денежку и не праведно хотят отмазать
textdetox@01907546324b0330d2d8b7669648cc18823323e5/ru/004949	ru	1	ты что хуйню несешь.какая любовь к негритосу.просто свою пизду продала за порше каен и за бабки настоящая шлюха и проститутка
textdetox@01907546324b0330d2d8b7669648cc18823323e5/ru/004950	ru	1	ну и блядская ты рожа пропагандон ,губерниев.народ в нищете,а ты всё ржёшь жополиз.всем воздаться,шлюхи продажные.подавитесь.
textdetox@01907546324b0330d2d8b7669648cc18823323e5/ru/004951	ru	1	полный прозападный пидорас.эта гнида спасая себя пойдет на все.
textdetox@01907546324b0330d2d8b7669648cc18823323e5/ru/004952	ru	1	хочеш в круживных трусиках ходить, раздвигай булки.типичная гнида коммунистическая.
textdetox@01907546324b0330d2d8b7669648cc18823323e5/ru/004953	ru	1	эту мразь и ей подобных до конца жизни вечную мерзлоту долбить голыми руками.как же достала вся эта поганая либерастня.
textdetox@01907546324b0330d2d8b7669648cc18823323e5/ru/004954	ru	1	ну я так и понял , по части попиздеть , тебе равных нет !
textdetox@01907546324b0330d2d8b7669648cc18823323e5/ru/004955	ru	1	уроды ментовские используя свою власть творят беззаконие!!!
textdetox@01907546324b0330d2d8b7669648cc18823323e5/ru/004956	ru	1	теперь пидор я знаю за кого проголосовать
textdetox@01907546324b0330d2d8b7669648cc18823323e5/ru/004957	ru	1	твари , они причём к вашим слабостям.
textdetox@01907546324b0330d2d8b7669648cc18823323e5/ru/004958	ru	1	пеньковский ,беленко и другие предатели невинные ангелочки в сравненьи с этим пидарюгой .
textdetox@01907546324b0330d2d8b7669648cc18823323e5/ru/004959	ru	1	хуеплет тебе что надо уебень толстоголовый к вам не кто не обращался
textdetox@01907546324b0330d2d8b7669648cc18823323e5/ru/004960	ru	1	но я не ипу блядей принцып у меня .
textdetox@01907546324b0330d2d8b7669648cc18823323e5/ru/004961	ru	1	тварь , тебе мало женщин, что на ребенка бросаешься, урод!
textdetox@01907546324b0330d2d8b7669648cc18823323e5/ru/004962	ru	1	вот ввп не чего делать , как бегать и уродов травить,, задолбали своими уродами, давно пора...кто то умный нашелся.
textdetox@01907546324b0330d2d8b7669648cc18823323e5/ru/004963	ru	1	отдых заканчюется начинаем выявлять короновирус.дибилы это простуда.заебали паниковать.
textdetox@01907546324b0330d2d8b7669648cc18823323e5/ru/004964	ru	1	раскажи говорящяя голова о моём родном рас терзаном крае... вы ,говоруны ,простите лайков,препудренные само влюблённые с тихим вкрадчевым голосом пидоры.
textdetox@01907546324b0330d2d8b7669648cc18823323e5/ru/004965	ru	1	дык оказывается вы и есть говно
textdetox@01907546324b0330d2d8b7669648cc18823323e5/ru/004966	ru	1	ктокто а ты бля молчал и сопел в две дырочки актеришка ебаныи
textdetox@01907546324b0330d2d8b7669648cc18823323e5/ru/004967	ru	1	да кому нужны ваши выродки от кого наебли пусть воспитывают
textdetox@01907546324b0330d2d8b7669648cc18823323e5/ru/004968	ru	1	будьте аккуратней в выражениях, чтобы не оскорбить чувства всяких там пидарасов!
textdetox@01907546324b0330d2d8b7669648cc18823323e5/ru/004969	ru	1	по всей россии единороги говнище......
textdetox@01907546324b0330d2d8b7669648cc18823323e5/ru/004970	ru	1	наказывать таких тварей надо.а за спасение здоровья вам и всего самого наилучшего.
textdetox@01907546324b0330d2d8b7669648cc18823323e5/ru/004971	ru	1	сам ты хуйна полный карец ебаный у вас такого нет изза этого вы завидуйте нам
textdetox@01907546324b0330d2d8b7669648cc18823323e5/ru/004972	ru	1	истинно, они хуже мух, ибо мухи только изредка согрешают на моей голове, пидарасы же изо дня в день пытаются совокупиться в самом ее центре.
textdetox@01907546324b0330d2d8b7669648cc18823323e5/ru/004973	ru	1	мухи по недомыслию, пидарасы же хладнокровно и сознательно.
textdetox@01907546324b0330d2d8b7669648cc18823323e5/ru/004974	ru	1	почему бы этого пидоросёнка который косит под журналиста не закрыть ?
textdetox@01907546324b0330d2d8b7669648cc18823323e5/ru/004975	ru	1	а долбоёбов в центральной россии уже почти нет, все в хабаровске!!
textdetox@01907546324b0330d2d8b7669648cc18823323e5/ru/004976	ru	1	валите все, это же не строить, еще один скейтпарк сделаете, вы же еще ничег в городе не построили, зато валить вы умеете, придурки.
textdetox@01907546324b0330d2d8b7669648cc18823323e5/ru/004977	ru	1	выспались сволочи и не знают за что опладировали
textdetox@01907546324b0330d2d8b7669648cc18823323e5/ru/004978	ru	1	найдется настоящий казак, что бы этому дебилу- рабу олигархов всыпал по жопе 50 плетей???
textdetox@01907546324b0330d2d8b7669648cc18823323e5/ru/004979	ru	1	откуда берутся такие мрази как ты прежде чем отправлять на работу создай производство чтобы тебя отправить на колыму
textdetox@01907546324b0330d2d8b7669648cc18823323e5/ru/004980	ru	1	а ты поп гапон заткнись свою родню агитируй
textdetox@01907546324b0330d2d8b7669648cc18823323e5/ru/004981	ru	1	ума палата аж вываливается наружу, аналитик тупоголовый
textdetox@01907546324b0330d2d8b7669648cc18823323e5/ru/004982	ru	1	эту сказку мы знаем как пидоры класы зарабатывают на этом
textdetox@01907546324b0330d2d8b7669648cc18823323e5/ru/004983	ru	1	а потом сука плачут что нет денег старикам на пенсии, хотя бы одному детскому дому или дому престарелых помог тварь!!
textdetox@01907546324b0330d2d8b7669648cc18823323e5/ru/004984	ru	1	да идите на хуй со своим вирусом
textdetox@01907546324b0330d2d8b7669648cc18823323e5/ru/004985	ru	1	какие крики о помощи.нарики долбаные , летуны.мало их по сургуту
textdetox@01907546324b0330d2d8b7669648cc18823323e5/ru/004986	ru	1	врачи пидарюги, бабло в пондемию рубят и работать не хотят
textdetox@01907546324b0330d2d8b7669648cc18823323e5/ru/004987	ru	1	пидоры ебучей гандоны слов нету гниды
textdetox@01907546324b0330d2d8b7669648cc18823323e5/ru/004988	ru	1	... не позорьте звание офицер ..а если уж так неймется - создайте блядские войска и раздавайте звания , вплоть до маршалов (волочкова в претиндентах -растяжка хорошая )
textdetox@01907546324b0330d2d8b7669648cc18823323e5/ru/004989	ru	1	вот ты сгоняй в хабаровск и там поддержи этих долбоëбов своей глоткой!помоги убийце фургалу действием а не балабольством
textdetox@01907546324b0330d2d8b7669648cc18823323e5/ru/004990	ru	1	скорее рубль дешевел по отношению к доллару, и как всегда деревянный сдохнет... что за еблан такое выкладывает
textdetox@01907546324b0330d2d8b7669648cc18823323e5/ru/004991	ru	1	это уже прошли.. сейчай говорят - верховный ёобнулист!!
textdetox@01907546324b0330d2d8b7669648cc18823323e5/ru/004992	ru	1	девченки, сдачи учитесь давать, они пидоры трусы!!!!
textdetox@01907546324b0330d2d8b7669648cc18823323e5/ru/004993	ru	1	не помню кто , но кажется марк твен говорил : если ты споришь с идиотом, то ты опускаешься до его уровня !
textdetox@01907546324b0330d2d8b7669648cc18823323e5/ru/004994	ru	1	пидорасы, свои жопы на панель поставили, а народ белоруссии сказал-нет!
textdetox@01907546324b0330d2d8b7669648cc18823323e5/ru/004995	ru	1	а где ты видишь что я про жопу говорю?
textdetox@01907546324b0330d2d8b7669648cc18823323e5/ru/004996	ru	1	а это ты только про жопу про педиков говориш.
textdetox@01907546324b0330d2d8b7669648cc18823323e5/ru/004997	ru	1	х агтугкигкоv зч если армянин назвал тебя другом значит хочет тебя наебать аесли назвал братом значит уже наебал с доброеутро о отправить сообщ
textdetox@01907546324b0330d2d8b7669648cc18823323e5/ru/004998	ru	1	ну кто же работает в этом типичное одинцово... ну это же дебилы какие-то... одни подают информацию, хрень какую-то, другие нихера не проверяют.
textdetox@01907546324b0330d2d8b7669648cc18823323e5/ru/004999	ru	1	ощущение, что рулят этим молодые люди лет 20-25, которые нихера в жизни не знают и не видели.
