id	pos	category	stereotype	lemma	level
RU00001	n	an	no	аспид	inclusive
RU00002	n	an	no	баран	inclusive
RU00003	n	an	no	баранов	inclusive
RU00004	n	an	no	бревно	inclusive
RU00005	n	an	no	быдло	conservative
RU00006	n	an	no	быдлёнок	inclusive
RU00007	n	an	no	вороньё	inclusive
RU00008	n	an	no	вошь	inclusive
RU00009	n	an	no	выдра	inclusive
RU00010	n	an	no	выморозок	inclusive
RU00011	n	an	no	выползень	inclusive
RU00012	n	an	no	выползыш	inclusive
RU00013	n	an	no	выхухоль	inclusive
RU00014	n	an	no	гад	inclusive
RU00015	n	an	no	гадина	inclusive
RU00016	p	an	no	гадова жабра	inclusive
RU00017	n	an	no	гадюка	inclusive
RU00018	p	an	no	гадюка рыжая	inclusive
RU00019	n	an	no	гадюку	inclusive
RU00020	n	an	no	гадёнок	inclusive
RU00021	n	an	no	гадёныш	inclusive
RU00022	n	an	no	гамадрил	inclusive
RU00023	n	an	no	гнида	inclusive
RU00024	n	an	no	гнидный	inclusive
RU00025	n	an	no	грызун	conservative
RU00026	n	an	no	гусь	inclusive
RU00027	n	an	no	доска	inclusive
RU00028	n	an	no	дрова	inclusive
RU00029	n	an	no	дубьё	inclusive
RU00030	p	an	no	ебала жаба гадюку	inclusive
RU00031	n	an	no	жаба	inclusive
RU00032	n	an	no	живец	inclusive
RU00033	n	an	no	жила	inclusive
RU00034	n	an	no	зверьё	inclusive
RU00035	n	an	no	зверюга	inclusive
RU00036	p	an	no	змеиная векша	inclusive
RU00037	n	an	no	змей	inclusive
RU00038	n	an	no	змеюка	inclusive
RU00039	n	an	no	змея	inclusive
RU00040	p	an	no	змея подколодная	inclusive
RU00041	n	an	no	змеёныш	inclusive
RU00042	n	an	no	индюк	inclusive
RU00043	n	an	no	ишак	inclusive
RU00044	n	an	no	кабан	inclusive
RU00045	n	an	no	каракатица	inclusive
RU00046	n	an	no	клешня	inclusive
RU00047	n	an	no	клуша	inclusive
RU00048	n	an	no	кляча	inclusive
RU00049	n	an	no	кобелина	inclusive
RU00050	n	an	no	кобыла	inclusive
RU00051	p	an	no	кобылий сын	inclusive
RU00052	n	an	no	коза	inclusive
RU00053	n	an	no	козлина	inclusive
RU00054	n	an	no	козлоногий	inclusive
RU00055	n	an	no	козлы	inclusive
RU00056	n	an	no	козёл	inclusive
RU00057	n	an	no	корова	inclusive
RU00058	n	an	no	кошатина	inclusive
RU00059	n	an	no	кошатник	inclusive
RU00060	n	an	no	кролик	inclusive
RU00061	n	an	no	крольчиха	inclusive
RU00062	n	an	no	крыса	inclusive
RU00063	n	an	no	крысёныш	inclusive
RU00064	n	an	no	курица	inclusive
RU00065	n	an	no	лягва	inclusive
RU00066	n	an	no	мерин	inclusive
RU00067	n	an	no	мойва	inclusive
RU00068	p	an	no	мокрая курица	inclusive
RU00069	n	an	no	муфлон	inclusive
RU00070	n	an	no	мышка	inclusive
RU00071	n	an	no	обезьян	inclusive
RU00072	n	an	no	обезьяна	inclusive
RU00073	n	an	no	обезьяны	inclusive
RU00074	n	an	no	образина	inclusive
RU00075	n	an	no	овца	inclusive
RU00076	n	an	no	огузок	inclusive
RU00077	n	an	no	одёр	inclusive
RU00078	n	an	no	олень	inclusive
RU00079	n	an	no	опарыш	inclusive
RU00080	n	an	no	оскотиниться	inclusive
RU00081	n	an	no	ослица	inclusive
RU00082	n	an	no	ослоеб	inclusive
RU00083	n	an	no	падаль	inclusive
RU00084	n	an	no	паразит	inclusive
RU00085	n	an	no	парнокопытное	inclusive
RU00086	n	an	no	пиявица	inclusive
RU00087	n	an	no	порося	inclusive
RU00088	p	an	no	поросячья рожа	inclusive
RU00089	n	an	no	псина	inclusive
RU00090	n	an	no	псовка	inclusive
RU00091	n	an	no	псёнок	inclusive
RU00092	n	an	no	рак	inclusive
RU00093	n	an	no	раскоряка	inclusive
RU00094	n	an	no	распросукин	conservative
RU00095	n	an	no	рассукин	conservative
RU00096	n	an	no	ротан	inclusive
RU00097	p	an	no	свиная рожа	inclusive
RU00098	p	an	no	свиное рыло	inclusive
RU00099	n	an	no	свинтус	inclusive
RU00100	n	an	no	свинья	inclusive
RU00101	p	an	no	свинячье рыло	inclusive
RU00102	n	an	no	скот	inclusive
RU00103	n	an	no	скотина	inclusive
RU00104	n	an	no	слизняк	inclusive
RU00105	n	an	no	собака	inclusive
RU00106	n	an	no	собачий	inclusive
RU00107	n	an	no	собачонка	inclusive
RU00108	p	an	no	собачье рыло	inclusive
RU00109	p	an	no	стадо баранов	inclusive
RU00110	n	an	no	стервятина	inclusive
RU00111	n	an	no	сука	conservative
RU00112	p	an	no	сука блять	conservative
RU00113	n	an	no	суки	conservative
RU00114	n	an	no	сукин	conservative
RU00115	p	an	no	сукин сын	conservative
RU00116	n	an	no	суку	conservative
RU00117	n	an	no	сучара	conservative
RU00118	n	an	no	сучка	inclusive
RU00119	n	an	no	сучня	conservative
RU00120	n	an	no	сучок	inclusive
RU00121	n	an	no	сучонок	inclusive
RU00122	n	an	no	табун	inclusive
RU00123	n	an	no	тварей	inclusive
RU00124	n	an	no	твари	inclusive
RU00125	n	an	no	тварь	inclusive
RU00126	n	an	no	удод	inclusive
RU00127	n	an	no	хомяк	inclusive
RU00128	p	an	no	черпак говна	inclusive
RU00129	n	an	no	чуча	inclusive
RU00130	n	an	no	чучело	inclusive
RU00131	n	an	no	шакал	inclusive
RU00132	n	an	no	шакалы	inclusive
RU00133	n	an	no	шакальё	inclusive
RU00134	n	an	no	щенок	inclusive
RU00135	p	asf	no	без пизды	inclusive
RU00136	p	asf	no	большой пиздец	inclusive
RU00137	p	asf	no	босым хуем около голой пизды шутки не шутят	inclusive
RU00138	p	asf	no	в пизду	inclusive
RU00139	p	asf	no	всё пучком и пизда торчком	inclusive
RU00140	n	asf	no	выпиздеться	inclusive
RU00141	n	asf	no	выпиздить	inclusive
RU00142	p	asf	no	гавкнуть пиздой	inclusive
RU00143	p	asf	no	голодная пизда	inclusive
RU00144	p	asf	no	горит пизда	inclusive
RU00145	p	asf	no	дать пизды	inclusive
RU00146	p	asf	no	дать по пизде мешалкой	inclusive
RU00147	p	asf	no	до пизды	inclusive
RU00148	n	asf	no	допиздеться	inclusive
RU00149	n	asf	no	драпиздон	inclusive
RU00150	n	asf	no	драпиздончик	inclusive
RU00151	n	asf	no	дупа	inclusive
RU00152	n	asf	no	дупло	inclusive
RU00153	n	asf	no	дырка	inclusive
RU00154	p	asf	no	за три пизды	inclusive
RU00155	p	asf	no	закрыть пиздак	inclusive
RU00156	n	asf	no	залупоглазый	inclusive
RU00157	n	asf	no	запиздеть	inclusive
RU00158	n	asf	no	запиздеться	inclusive
RU00159	n	asf	no	запиздонить	inclusive
RU00160	n	asf	no	запиздюливать	inclusive
RU00161	n	asf	no	запиздюривать	inclusive
RU00162	n	asf	no	запиздючить	inclusive
RU00163	p	asf	no	зачесалася пизда	inclusive
RU00164	n	asf	no	испиздеться	inclusive
RU00165	n	asf	no	испиздить	inclusive
RU00166	p	asf	no	как из пизды на лыжах	inclusive
RU00167	p	asf	no	какая пизда тебя родила	inclusive
RU00168	p	asf	no	килька в томате да пизда в халате	inclusive
RU00169	p	asf	no	ложь, пиздёж и провокация	inclusive
RU00170	n	asf	no	манда	inclusive
RU00171	n	asf	no	мандавошка	inclusive
RU00172	n	asf	no	мандец	inclusive
RU00173	n	asf	no	милипиздрический	inclusive
RU00174	p	asf	no	на воре и шапка пизженая	inclusive
RU00175	p	asf	no	на моих золотых полчаса как спиздили	inclusive
RU00176	p	asf	no	на пизду надеяться	inclusive
RU00177	p	asf	no	навешать пиздюлей	inclusive
RU00178	p	asf	no	навставлять пиздюлей	inclusive
RU00179	p	asf	no	надавать пиздюлей	inclusive
RU00180	p	asf	no	накрыться пиздой	inclusive
RU00181	n	asf	no	напиздеть	inclusive
RU00182	n	asf	no	напиздеться	inclusive
RU00183	n	asf	no	напиздить	inclusive
RU00184	p	asf	no	напудрить пизду	inclusive
RU00185	n	asf	no	настопиздеть	inclusive
RU00186	p	asf	no	нахохлить пизду	inclusive
RU00187	p	asf	no	не пришей к пизде рукав	inclusive
RU00188	p	asf	no	не смеши пизду, она и так смешная	inclusive
RU00189	p	asf	no	ни в пизду, ни в красную армию	inclusive
RU00190	p	asf	no	о пизде ни слова	inclusive
RU00191	p	asf	no	обувать пизду в лапти	inclusive
RU00192	n	asf	no	одноманда	inclusive
RU00193	n	asf	no	опизденевать	inclusive
RU00194	n	asf	no	опизденеть	inclusive
RU00195	n	asf	no	опизденительность	inclusive
RU00196	n	asf	no	опизденительный	inclusive
RU00197	n	asf	no	опиздоволоситься	inclusive
RU00198	n	asf	no	опиздохуительный	inclusive
RU00199	n	asf	no	опиздюливаемый	inclusive
RU00200	n	asf	no	опиздюливаться	inclusive
RU00201	n	asf	no	опиздюлиться	inclusive
RU00202	n	asf	no	остопиздеть	inclusive
RU00203	n	asf	no	остопиздить	inclusive
RU00204	n	asf	no	отпиздеться	inclusive
RU00205	n	asf	no	отпиздиться	inclusive
RU00206	n	asf	no	отпиздохать	inclusive
RU00207	n	asf	no	отпиздякать	inclusive
RU00208	n	asf	no	отпиздячить	inclusive
RU00209	p	asf	no	отхватить пиздюлей	inclusive
RU00210	n	asf	no	передок	inclusive
RU00211	n	asf	no	перепиздеть	inclusive
RU00212	n	asf	no	пизда	inclusive
RU00213	p	asf	no	пизда горит	inclusive
RU00214	p	asf	no	пизда на ободах	inclusive
RU00215	p	asf	no	пизда нестроевая	inclusive
RU00216	p	asf	no	пизда пилоткой	inclusive
RU00217	p	asf	no	пизда рулю	inclusive
RU00218	p	asf	no	пизда с ушами	inclusive
RU00219	p	asf	no	пизда чешется	inclusive
RU00220	n	asf	no	пиздабол	inclusive
RU00221	n	asf	no	пиздаболы	inclusive
RU00222	n	asf	no	пиздак	inclusive
RU00223	n	asf	no	пиздануть	inclusive
RU00224	n	asf	no	пиздануться	inclusive
RU00225	n	asf	no	пиздарики	inclusive
RU00226	p	asf	no	пиздарики на воздушном шарике	inclusive
RU00227	n	asf	no	пиздатее	inclusive
RU00228	n	asf	no	пиздато	inclusive
RU00229	n	asf	no	пиздатый	inclusive
RU00230	n	asf	no	пиздев	inclusive
RU00231	n	asf	no	пиздевши	inclusive
RU00232	n	asf	no	пиздевший	inclusive
RU00233	n	asf	no	пизделушка	inclusive
RU00234	n	asf	no	пиздень	inclusive
RU00235	n	asf	no	пиздеть	inclusive
RU00236	p	asf	no	пиздеть — не кули ворочать, — спина не болит	inclusive
RU00237	p	asf	no	пиздеть — не мешки ворочать	inclusive
RU00238	n	asf	no	пиздеться	inclusive
RU00239	n	asf	no	пиздец	inclusive
RU00240	p	asf	no	пиздец подкрался незаметно	inclusive
RU00241	n	asf	no	пиздецки	inclusive
RU00242	n	asf	no	пиздецкий	inclusive
RU00243	n	asf	no	пиздецовый	inclusive
RU00244	p	asf	no	пизди, пизди: приятно слушать	inclusive
RU00245	n	asf	no	пиздий	inclusive
RU00246	n	asf	no	пиздиловка	inclusive
RU00247	n	asf	no	пиздит	inclusive
RU00248	n	asf	no	пиздить	inclusive
RU00249	n	asf	no	пиздиться	inclusive
RU00250	n	asf	no	пиздишка	inclusive
RU00251	n	asf	no	пиздища	inclusive
RU00252	n	asf	no	пиздище	inclusive
RU00253	n	asf	no	пиздливый	inclusive
RU00254	n	asf	no	пиздлявый	inclusive
RU00255	p	asf	no	пиздлявый ящик	inclusive
RU00256	n	asf	no	пиздня	inclusive
RU00257	n	asf	no	пиздоблядство	inclusive
RU00258	n	asf	no	пиздобол	inclusive
RU00259	n	asf	no	пиздоболить	inclusive
RU00260	n	asf	no	пиздоболка	inclusive
RU00261	n	asf	no	пиздобольство	inclusive
RU00262	n	asf	no	пиздобратия	inclusive
RU00263	n	asf	no	пиздовать	inclusive
RU00264	n	asf	no	пиздоделие	inclusive
RU00265	n	asf	no	пиздодельный	inclusive
RU00266	p	asf	no	пиздой мух ловить	inclusive
RU00267	p	asf	no	пиздой накрыться	inclusive
RU00268	n	asf	no	пиздоквак	inclusive
RU00269	n	asf	no	пиздолиз	inclusive
RU00270	n	asf	no	пиздолизка	inclusive
RU00271	n	asf	no	пиздомудство	inclusive
RU00272	n	asf	no	пиздопротивный	inclusive
RU00273	n	asf	no	пиздопроёбище	inclusive
RU00274	n	asf	no	пиздорванец	inclusive
RU00275	p	asf	no	пиздорванец хуев	inclusive
RU00276	n	asf	no	пиздорванка	inclusive
RU00277	n	asf	no	пиздорез	inclusive
RU00278	n	asf	no	пиздоремонтник	inclusive
RU00279	n	asf	no	пиздоремонтничек	inclusive
RU00280	n	asf	no	пиздос	inclusive
RU00281	n	asf	no	пиздосий	inclusive
RU00282	n	asf	no	пиздострадалец	inclusive
RU00283	n	asf	no	пиздохаться	inclusive
RU00284	n	asf	no	пиздоход	inclusive
RU00285	n	asf	no	пиздохранилище	inclusive
RU00286	n	asf	no	пиздошить	inclusive
RU00287	n	asf	no	пиздоёбство	inclusive
RU00288	n	asf	no	пизду	inclusive
RU00289	p	asf	no	пизду в лапти обувать	inclusive
RU00290	n	asf	no	пиздун	inclusive
RU00291	p	asf	no	пиздуна запускать	inclusive
RU00292	p	asf	no	пиздуна запустить	inclusive
RU00293	n	asf	no	пиздунья	inclusive
RU00294	n	asf	no	пиздушечка	inclusive
RU00295	n	asf	no	пиздушка	inclusive
RU00296	p	asf	no	пизды дать	inclusive
RU00297	n	asf	no	пиздык	inclusive
RU00298	n	asf	no	пиздюк	inclusive
RU00299	n	asf	no	пиздюлей	inclusive
RU00300	p	asf	no	пиздюлей вложить	inclusive
RU00301	p	asf	no	пиздюлей навешать	inclusive
RU00302	p	asf	no	пиздюлей навставлять	inclusive
RU00303	p	asf	no	пиздюлей отхватить	inclusive
RU00304	n	asf	no	пиздюлина	inclusive
RU00305	n	asf	no	пиздюль	inclusive
RU00306	n	asf	no	пиздюря	inclusive
RU00307	n	asf	no	пиздюхать	inclusive
RU00308	n	asf	no	пиздючество	inclusive
RU00309	n	asf	no	пиздюшка	inclusive
RU00310	n	asf	no	пиздякнуться	inclusive
RU00311	n	asf	no	пиздянка	inclusive
RU00312	n	asf	no	пиздятина	inclusive
RU00313	n	asf	no	пиздятинка	inclusive
RU00314	n	asf	no	пиздячить	inclusive
RU00315	n	asf	no	пиздящий	inclusive
RU00316	n	asf	no	пиздёж	inclusive
RU00317	n	asf	no	пиздёнка	inclusive
RU00318	n	asf	no	пиздёночка	inclusive
RU00319	n	asf	no	пиздёныш	inclusive
RU00320	n	asf	no	пиздёнышка	inclusive
RU00321	n	asf	no	пиздёшечка	inclusive
RU00322	n	asf	no	пиздёшка	inclusive
RU00323	n	asf	no	пизже	inclusive
RU00324	n	asf	no	пизженый	inclusive
RU00325	n	asf	no	пилотка	inclusive
RU00326	p	asf	no	по пизде мешалкой	inclusive
RU00327	p	asf	no	по пизде мешалкой словить	inclusive
RU00328	p	asf	no	подарок — из пизды огарок	inclusive
RU00329	n	asf	no	подпизживать	inclusive
RU00330	p	asf	no	пойти по пизде	inclusive
RU00331	n	asf	no	полпизды	inclusive
RU00332	p	asf	no	получить пизды	inclusive
RU00333	p	asf	no	понеслась пизда по кочкам	inclusive
RU00334	n	asf	no	попизделки	inclusive
RU00335	n	asf	no	попиздеть	inclusive
RU00336	n	asf	no	попиздистее	inclusive
RU00337	n	asf	no	попиздить	inclusive
RU00338	n	asf	no	попиздиться	inclusive
RU00339	n	asf	no	попиздовать	inclusive
RU00340	n	asf	no	попизже	inclusive
RU00341	p	asf	no	послать в пизду	inclusive
RU00342	p	asf	no	посылать в пизду	inclusive
RU00343	n	asf	no	припездь	inclusive
RU00344	n	asf	no	припиздень	inclusive
RU00345	n	asf	no	припиздеть	inclusive
RU00346	n	asf	no	припиздить	inclusive
RU00347	n	asf	no	припиздок	inclusive
RU00348	n	asf	no	припиздюхать	inclusive
RU00349	p	asf	no	про пизду ни слова	inclusive
RU00350	n	asf	no	пропиздеть	inclusive
RU00351	n	asf	no	пропиздеться	inclusive
RU00352	n	asf	no	пропиздон	inclusive
RU00353	p	asf	no	протягивать пизду	inclusive
RU00354	n	asf	no	пёзды	inclusive
RU00355	p	asf	no	раззуделася пизда	inclusive
RU00356	n	asf	no	распиздеть	inclusive
RU00357	n	asf	no	распиздеться	inclusive
RU00358	n	asf	no	распиздун	inclusive
RU00359	n	asf	no	распиздяйский	inclusive
RU00360	p	asf	no	с пиздий волос	inclusive
RU00361	n	asf	no	сиська	inclusive
RU00362	n	asf	no	сися	inclusive
RU00363	n	asf	no	сквирт	inclusive
RU00364	p	asf	no	слушать пиздой	inclusive
RU00365	p	asf	no	смех смехом, а пизда кверху мехом	inclusive
RU00366	p	asf	no	смешить пизду	inclusive
RU00367	p	asf	no	смотреть как пизда на лимон	inclusive
RU00368	n	asf	no	спиздануть	inclusive
RU00369	n	asf	no	спиздеть	inclusive
RU00370	n	asf	no	спиздивший	inclusive
RU00371	n	asf	no	спиздить	inclusive
RU00372	n	asf	no	спиздиться	inclusive
RU00373	n	asf	no	спизженный	inclusive
RU00374	p	asf	no	старая пизда	inclusive
RU00375	n	asf	no	страхопиздище	inclusive
RU00376	n	asf	no	титька	inclusive
RU00377	n	asf	no	толстопиздый	inclusive
RU00378	p	asf	no	торговать пиздой	inclusive
RU00379	p	asf	no	торговать пиздой и жопой	inclusive
RU00380	p	asf	no	туева хуча	inclusive
RU00381	p	asf	no	тупая пизда	inclusive
RU00382	n	asf	no	тупиздень	inclusive
RU00383	n	asf	no	тупопёздный	inclusive
RU00384	p	asf	no	угощать пиздой	inclusive
RU00385	n	asf	no	упиздить	inclusive
RU00386	n	asf	no	упиздовать	inclusive
RU00387	n	asf	no	целка	inclusive
RU00388	p	asf	no	через три пизды колено	inclusive
RU00389	p	asf	no	чешется пиздища	inclusive
RU00390	p	asf	no	чешется пиздище	inclusive
RU00391	p	asf	no	шахтёрам — кресты, инженерам — пизды, директору — нары, владельцу — канары	inclusive
RU00392	p	asf	no	это у вас в пизде квас, а у нас — в бочках	inclusive
RU00393	p	asm	no	а на хуя	inclusive
RU00394	p	asm	no	а поебаться тебе не завернуть?	inclusive
RU00395	p	asm	no	а сто хуёв — большая куча?	inclusive
RU00396	n	asm	no	анальщик	inclusive
RU00397	n	asm	no	апчхуй	inclusive
RU00398	n	asm	no	архипиздрит	inclusive
RU00399	n	asm	no	ахуй	inclusive
RU00400	n	asm	no	ахулиард	inclusive
RU00401	p	asm	no	беден как адам, и хуя прикрыть нечем	inclusive
RU00402	n	asm	no	бляха-муха	inclusive
RU00403	p	asm	no	босый хуй	inclusive
RU00404	p	asm	no	буква «ю» — по хую	inclusive
RU00405	p	asm	no	в ахуе	inclusive
RU00406	p	asm	no	в два хуя	inclusive
RU00407	p	asm	no	в душе не ебать	inclusive
RU00408	p	asm	no	в еблет наклацать	inclusive
RU00409	p	asm	no	в жопе	inclusive
RU00410	p	asm	no	в жопу ёбаный	inclusive
RU00411	p	asm	no	в рай въехать на чужом хую	inclusive
RU00412	p	asm	no	в рот ебаться	inclusive
RU00413	p	asm	no	в хуй дует	inclusive
RU00414	p	asm	no	в хуй дышит	inclusive
RU00415	p	asm	no	в хуй не всраться	inclusive
RU00416	p	asm	no	в хуй не дуть	inclusive
RU00417	p	asm	no	в хуй не ставить	inclusive
RU00418	p	asm	no	в хуй не упереться	inclusive
RU00419	n	asm	no	вахуй	inclusive
RU00420	n	asm	no	вдуть	inclusive
RU00421	p	asm	no	вдуть в очко	inclusive
RU00422	p	asm	no	вертеть на хую	inclusive
RU00423	n	asm	no	веселоебучесть	inclusive
RU00424	n	asm	no	веселоебучий	inclusive
RU00425	p	asm	no	весь в поте и хуй в роте	inclusive
RU00426	p	asm	no	весь в поту и хуй во рту	inclusive
RU00427	p	asm	no	вешать лапшу на хуй	inclusive
RU00428	n	asm	no	взъебать	inclusive
RU00429	n	asm	no	взъебти	inclusive
RU00430	n	asm	no	взъёб	inclusive
RU00431	n	asm	no	взъёбка	inclusive
RU00432	n	asm	no	взъёбывать	inclusive
RU00433	p	asm	no	влындить хуй	inclusive
RU00434	p	asm	no	во рту мухи ебутся	inclusive
RU00435	p	asm	no	водить хуем по губам	inclusive
RU00436	p	asm	no	война — хуйня, главное — манёвры	inclusive
RU00437	p	asm	no	вола ебать	inclusive
RU00438	n	asm	no	волоёб	inclusive
RU00439	n	asm	no	волоёбство	inclusive
RU00440	p	asm	no	вот и весь хуй	inclusive
RU00441	p	asm	no	вот те нате — хуй в томате!	inclusive
RU00442	p	asm	no	врубить съебаторы	inclusive
RU00443	p	asm	no	всё в ажуре, а хуй на абажуре	inclusive
RU00444	n	asm	no	вхуяриться	inclusive
RU00445	n	asm	no	въебать	inclusive
RU00446	n	asm	no	въебаться	inclusive
RU00447	n	asm	no	въебашить	inclusive
RU00448	n	asm	no	въебенить	inclusive
RU00449	p	asm	no	въехать в рай на чужом хую	inclusive
RU00450	n	asm	no	въёб	inclusive
RU00451	n	asm	no	въёбка	inclusive
RU00452	n	asm	no	въёбывать	inclusive
RU00453	n	asm	no	выебанный	inclusive
RU00454	n	asm	no	выебать	inclusive
RU00455	n	asm	no	выебаться	inclusive
RU00456	n	asm	no	выебина	inclusive
RU00457	n	asm	no	выебнуть	inclusive
RU00458	n	asm	no	выебнуться	inclusive
RU00459	n	asm	no	выебон	inclusive
RU00460	n	asm	no	выебонщик	inclusive
RU00461	n	asm	no	выебсти	inclusive
RU00462	n	asm	no	выебти	inclusive
RU00463	n	asm	no	выеть	inclusive
RU00464	n	asm	no	высрать	inclusive
RU00465	n	asm	no	выёбистый	inclusive
RU00466	n	asm	no	выёбывать	inclusive
RU00467	n	asm	no	выёбываться	inclusive
RU00468	n	asm	no	гандон	inclusive
RU00469	p	asm	no	гандон штопаный	inclusive
RU00470	p	asm	no	где совесть была, там хуй вырос	inclusive
RU00471	n	asm	no	говнарь	inclusive
RU00472	n	asm	no	говнище	inclusive
RU00473	n	asm	no	говнорок	inclusive
RU00474	p	asm	no	головка от хуя	inclusive
RU00475	p	asm	no	голосуй — не голосуй, всё равно получишь хуй	inclusive
RU00476	n	asm	no	голохуевка	inclusive
RU00477	n	asm	no	гондон	inclusive
RU00478	p	asm	no	гондон штопаный	inclusive
RU00479	p	asm	no	гондон штопаный колючей проволокой	inclusive
RU00480	n	asm	no	гондонище	inclusive
RU00481	n	asm	no	гузно	inclusive
RU00482	n	asm	no	гусеёб	inclusive
RU00483	p	asm	no	да блядь	inclusive
RU00484	p	asm	no	дать в еблетку	inclusive
RU00485	p	asm	no	дать по ебалу	inclusive
RU00486	p	asm	no	девятый хуй без соли доедать	inclusive
RU00487	n	asm	no	длбйб	inclusive
RU00488	p	asm	no	дневальный! подай станок ебальный!	inclusive
RU00489	p	asm	no	до хуища	inclusive
RU00490	p	asm	no	до хуя	inclusive
RU00491	n	asm	no	довыёбываться	inclusive
RU00492	n	asm	no	доебать	inclusive
RU00493	n	asm	no	доебаться	inclusive
RU00494	n	asm	no	доебсти	inclusive
RU00495	n	asm	no	доебти	inclusive
RU00496	p	asm	no	доигрался хуй на скрипке	inclusive
RU00497	n	asm	no	долбоебизм	inclusive
RU00498	n	asm	no	долбоёбина	inclusive
RU00499	n	asm	no	долбоёбище	inclusive
RU00500	n	asm	no	долбоёбский	inclusive
RU00501	n	asm	no	долбоёбство	inclusive
RU00502	n	asm	no	дохулион	inclusive
RU00503	n	asm	no	дохуя	inclusive
RU00504	n	asm	no	доёб	inclusive
RU00505	n	asm	no	доёбистый	inclusive
RU00506	n	asm	no	доёбка	inclusive
RU00507	n	asm	no	доёбчивость	inclusive
RU00508	n	asm	no	доёбчивый	inclusive
RU00509	n	asm	no	доёбщик	inclusive
RU00510	n	asm	no	доёбывать	inclusive
RU00511	n	asm	no	доёбываться	inclusive
RU00512	n	asm	no	дрочер	inclusive
RU00513	n	asm	no	дрочить	inclusive
RU00514	n	asm	no	дрочка	inclusive
RU00515	n	asm	no	дрочун	inclusive
RU00516	p	asm	no	друг дружку ебут и деньги в кружку кладут	inclusive
RU00517	n	asm	no	дрючить	inclusive
RU00518	n	asm	no	дуроёб	inclusive
RU00519	p	asm	no	дырявый гондон	inclusive
RU00520	n	asm	no	дядеёб	inclusive
RU00521	n	asm	no	е*ать	inclusive
RU00522	n	asm	no	е5	inclusive
RU00523	n	asm	no	еб*ть	inclusive
RU00524	n	asm	no	еба	inclusive
RU00525	n	asm	no	ебабельность	inclusive
RU00526	n	asm	no	ебабельный	inclusive
RU00527	n	asm	no	ебак	inclusive
RU00528	n	asm	no	ебака	inclusive
RU00529	n	asm	no	ебаков	inclusive
RU00530	n	asm	no	ебал	inclusive
RU00531	p	asm	no	ебал я тебя в грызло	inclusive
RU00532	n	asm	no	ебала	inclusive
RU00533	n	asm	no	ебалай	inclusive
RU00534	n	asm	no	ебалайствовать	inclusive
RU00535	n	asm	no	ебали	inclusive
RU00536	n	asm	no	ебало	inclusive
RU00537	p	asm	no	ебало завали!	inclusive
RU00538	p	asm	no	ебало на ноль!	inclusive
RU00539	p	asm	no	ебало офнуть	inclusive
RU00540	p	asm	no	ебало раскурочить	inclusive
RU00541	p	asm	no	ебало сверни!	inclusive
RU00542	p	asm	no	ебало свернуть	inclusive
RU00543	n	asm	no	ебальная	inclusive
RU00544	n	asm	no	ебальник	inclusive
RU00545	p	asm	no	ебальник начистить	inclusive
RU00546	p	asm	no	ебальник просрать	inclusive
RU00547	p	asm	no	ебальник разрисовать	inclusive
RU00548	n	asm	no	ебальничек	inclusive
RU00549	n	asm	no	ебальный	inclusive
RU00550	n	asm	no	ебальня	inclusive
RU00551	n	asm	no	ебальце	inclusive
RU00552	n	asm	no	ебан	inclusive
RU00553	n	asm	no	ебанарий	inclusive
RU00554	n	asm	no	ебанат	inclusive
RU00555	n	asm	no	ебанатик	inclusive
RU00556	n	asm	no	ебанашка	inclusive
RU00557	n	asm	no	ебание	inclusive
RU00558	n	asm	no	ебанизм	inclusive
RU00559	n	asm	no	ебанина	inclusive
RU00560	n	asm	no	ебанистика	inclusive
RU00561	n	asm	no	ебанистический	inclusive
RU00562	n	asm	no	ебано	inclusive
RU00563	n	asm	no	ебаноид	inclusive
RU00564	n	asm	no	ебанутость	inclusive
RU00565	n	asm	no	ебанутые	inclusive
RU00566	n	asm	no	ебанутый	inclusive
RU00567	n	asm	no	ебануть	inclusive
RU00568	p	asm	no	ебануть в бороду	inclusive
RU00569	n	asm	no	ебануться	inclusive
RU00570	n	asm	no	ебанушка	inclusive
RU00571	n	asm	no	ебаный	inclusive
RU00572	n	asm	no	ебанье	inclusive
RU00573	n	asm	no	ебанько	inclusive
RU00574	n	asm	no	ебаришка	inclusive
RU00575	n	asm	no	ебаришко	inclusive
RU00576	n	asm	no	ебарёк	inclusive
RU00577	n	asm	no	ебарёчек	inclusive
RU00578	n	asm	no	ебати	inclusive
RU00579	n	asm	no	ебатись	inclusive
RU00580	n	asm	no	ебаторий	inclusive
RU00581	n	asm	no	ебатория	inclusive
RU00582	n	asm	no	ебатура	inclusive
RU00583	n	asm	no	ебать	inclusive
RU00584	p	asm	no	ебать вола	inclusive
RU00585	p	asm	no	ебать и резать	inclusive
RU00586	p	asm	no	ебать мозги	inclusive
RU00587	p	asm	no	ебать мой лысый череп	inclusive
RU00588	p	asm	no	ебать мой хуй ментовской жопой	inclusive
RU00589	p	asm	no	ебать раком	inclusive
RU00590	n	asm	no	ебаться	inclusive
RU00591	p	asm	no	ебаться в телевизор	inclusive
RU00592	n	asm	no	ебач	inclusive
RU00593	n	asm	no	ебашить	inclusive
RU00594	n	asm	no	ебашиться	inclusive
RU00595	n	asm	no	ебейший	inclusive
RU00596	n	asm	no	ебель	inclusive
RU00597	n	asm	no	ебельник	inclusive
RU00598	n	asm	no	ебенить	inclusive
RU00599	n	asm	no	ебеный	inclusive
RU00600	n	asm	no	ебеня	inclusive
RU00601	p	asm	no	еби его мать	inclusive
RU00602	p	asm	no	еби её мать	inclusive
RU00603	p	asm	no	ебись о плетень	inclusive
RU00604	p	asm	no	ебись оно всё конём	inclusive
RU00605	p	asm	no	ебись твою в ноздрю	inclusive
RU00606	p	asm	no	ебит твою мать	inclusive
RU00607	n	asm	no	ебический	inclusive
RU00608	n	asm	no	ебишка	inclusive
RU00609	n	asm	no	ебла	inclusive
RU00610	n	asm	no	ебланить	inclusive
RU00611	n	asm	no	ебланище	inclusive
RU00612	n	asm	no	еблет	inclusive
RU00613	n	asm	no	еблетень	inclusive
RU00614	n	asm	no	еблетка	inclusive
RU00615	n	asm	no	еблец	inclusive
RU00616	n	asm	no	еблецо	inclusive
RU00617	n	asm	no	ебли	inclusive
RU00618	n	asm	no	ебливенький	inclusive
RU00619	n	asm	no	ебливость	inclusive
RU00620	n	asm	no	ебливый	inclusive
RU00621	n	asm	no	еблина	inclusive
RU00622	n	asm	no	еблито	inclusive
RU00623	n	asm	no	еблишко	inclusive
RU00624	p	asm	no	еблишко прикрой!	inclusive
RU00625	n	asm	no	еблище	inclusive
RU00626	n	asm	no	ебло	inclusive
RU00627	p	asm	no	ебло стянуть	inclusive
RU00628	n	asm	no	ебловать	inclusive
RU00629	n	asm	no	ебля	inclusive
RU00630	n	asm	no	ебнутая	inclusive
RU00631	n	asm	no	ебнуть	inclusive
RU00632	n	asm	no	ебня	inclusive
RU00633	n	asm	no	ебобо	inclusive
RU00634	n	asm	no	ебовый	inclusive
RU00635	n	asm	no	ебоглазить	inclusive
RU00636	n	asm	no	ебомый	inclusive
RU00637	n	asm	no	ебосос	inclusive
RU00638	p	asm	no	ебосос расхлестать	inclusive
RU00639	n	asm	no	ебота	inclusive
RU00640	p	asm	no	ебота на еботе	inclusive
RU00641	n	asm	no	еботня	inclusive
RU00642	n	asm	no	ебошить	inclusive
RU00643	n	asm	no	ебошиться	inclusive
RU00644	n	asm	no	ебсти	inclusive
RU00645	n	asm	no	ебстись	inclusive
RU00646	n	asm	no	ебти	inclusive
RU00647	n	asm	no	ебтись	inclusive
RU00648	n	asm	no	ебукать	inclusive
RU00649	n	asm	no	ебуки	inclusive
RU00650	n	asm	no	ебун	inclusive
RU00651	n	asm	no	ебунеть	inclusive
RU00652	n	asm	no	ебунец	inclusive
RU00653	n	asm	no	ебунок	inclusive
RU00654	n	asm	no	ебунья	inclusive
RU00655	n	asm	no	ебур	inclusive
RU00656	p	asm	no	ебут вашу мать	inclusive
RU00657	p	asm	no	ебут и фамилию не спрашивают	inclusive
RU00658	n	asm	no	ебучесть	inclusive
RU00659	n	asm	no	ебучие	inclusive
RU00660	n	asm	no	ебучий	inclusive
RU00661	n	asm	no	ебучка	inclusive
RU00662	n	asm	no	ебушатник	inclusive
RU00663	p	asm	no	ебушатник прикрыть	inclusive
RU00664	n	asm	no	ебушатня	inclusive
RU00665	n	asm	no	ебырок	inclusive
RU00666	p	asm	no	ебёна мать	inclusive
RU00667	p	asm	no	ебёна темя	inclusive
RU00668	n	asm	no	ебёный	inclusive
RU00669	p	asm	no	едрёна мать	inclusive
RU00670	p	asm	no	едрёна репа	inclusive
RU00671	n	asm	no	елда	inclusive
RU00672	p	asm	no	если бы у бабушки был хуй, то она была бы дедушкой	inclusive
RU00673	n	asm	no	естись	inclusive
RU00674	n	asm	no	ети	inclusive
RU00675	p	asm	no	ети его	inclusive
RU00676	p	asm	no	ети его мать	inclusive
RU00677	p	asm	no	ети её мать	inclusive
RU00678	p	asm	no	ети их	inclusive
RU00679	p	asm	no	ети их в глотку мать	inclusive
RU00680	p	asm	no	ети их мать	inclusive
RU00681	n	asm	no	ети-разъети	inclusive
RU00682	n	asm	no	етись	inclusive
RU00683	p	asm	no	етит твою ети	inclusive
RU00684	n	asm	no	етить	inclusive
RU00685	n	asm	no	еть	inclusive
RU00686	n	asm	no	еться	inclusive
RU00687	p	asm	no	жевать большой хуище	inclusive
RU00688	p	asm	no	жевать хуи	inclusive
RU00689	n	asm	no	жопа	inclusive
RU00690	p	asm	no	жопа наизнанку	inclusive
RU00691	p	asm	no	жопа с глазами	inclusive
RU00692	p	asm	no	жопа с ручкой	inclusive
RU00693	p	asm	no	жопа с ушами	inclusive
RU00694	n	asm	no	жопе	inclusive
RU00695	n	asm	no	жопить	inclusive
RU00696	n	asm	no	жопой	inclusive
RU00697	n	asm	no	жополиз	inclusive
RU00698	n	asm	no	жополизка	inclusive
RU00699	n	asm	no	жопорожец	inclusive
RU00700	n	asm	no	жопошник	inclusive
RU00701	n	asm	no	жопу	inclusive
RU00702	n	asm	no	жопы	inclusive
RU00703	p	asm	no	жрать нехуя и съебаться некуда	inclusive
RU00704	p	asm	no	за всю хуйню	inclusive
RU00705	p	asm	no	за каким хуем	inclusive
RU00706	p	asm	no	за не хуй делать	inclusive
RU00707	p	asm	no	за хуем	inclusive
RU00708	p	asm	no	забег по хуям	inclusive
RU00709	p	asm	no	забить хуй	inclusive
RU00710	n	asm	no	зад	inclusive
RU00711	n	asm	no	задротить	inclusive
RU00712	n	asm	no	задрочить	inclusive
RU00713	n	asm	no	заебал	inclusive
RU00714	n	asm	no	заебала	inclusive
RU00715	n	asm	no	заебали	inclusive
RU00716	n	asm	no	заебательский	inclusive
RU00717	n	asm	no	заебато	inclusive
RU00718	n	asm	no	заебатый	inclusive
RU00719	n	asm	no	заебать	inclusive
RU00720	n	asm	no	заебаться	inclusive
RU00721	n	asm	no	заебашить	inclusive
RU00722	n	asm	no	заебенить	inclusive
RU00723	p	asm	no	заебенить по гражданке	inclusive
RU00724	n	asm	no	заебись	inclusive
RU00725	n	asm	no	заебок	inclusive
RU00726	n	asm	no	заебти	inclusive
RU00727	p	asm	no	заебу — больно ходить будет	inclusive
RU00728	n	asm	no	заебунеть	inclusive
RU00729	n	asm	no	заебца	inclusive
RU00730	n	asm	no	заебцовый	inclusive
RU00731	p	asm	no	заебёшься пыль глотать	inclusive
RU00732	n	asm	no	заеть	inclusive
RU00733	n	asm	no	зажопинск	inclusive
RU00734	n	asm	no	зажопить	inclusive
RU00735	n	asm	no	залупа	inclusive
RU00736	p	asm	no	залупа с сыром	inclusive
RU00737	n	asm	no	залупастый	inclusive
RU00738	n	asm	no	залупать	inclusive
RU00739	n	asm	no	залупаться	inclusive
RU00740	n	asm	no	залупистый	inclusive
RU00741	p	asm	no	заработать хуем по затылку	inclusive
RU00742	p	asm	no	засандалить хуй	inclusive
RU00743	n	asm	no	захуевертить	inclusive
RU00744	n	asm	no	захуяривать	inclusive
RU00745	n	asm	no	захуярить	inclusive
RU00746	n	asm	no	захуячить	inclusive
RU00747	n	asm	no	захуячиться	inclusive
RU00748	n	asm	no	захуёвничать	inclusive
RU00749	n	asm	no	заябать	inclusive
RU00750	n	asm	no	заёб	inclusive
RU00751	n	asm	no	заёба	inclusive
RU00752	n	asm	no	заёбанный	inclusive
RU00753	n	asm	no	заёбисто	inclusive
RU00754	n	asm	no	заёбистый	inclusive
RU00755	n	asm	no	заёбушка	inclusive
RU00756	n	asm	no	заёбывать	inclusive
RU00757	n	asm	no	збс	inclusive
RU00758	p	asm	no	здравствуй, жопа, новый год	inclusive
RU00759	n	asm	no	здрахуйте	inclusive
RU00760	n	asm	no	злоебучесть	inclusive
RU00761	n	asm	no	злоебучий	inclusive
RU00762	p	asm	no	и в хуй не дуть	inclusive
RU00763	p	asm	no	и рыбку съесть, и на хуй сесть	inclusive
RU00764	n	asm	no	ибиомать	inclusive
RU00765	p	asm	no	иди на хуй	inclusive
RU00766	p	asm	no	иди нахуй	inclusive
RU00767	p	asm	no	идти на хуй	inclusive
RU00768	n	asm	no	изволоёбить	inclusive
RU00769	n	asm	no	изъебать	inclusive
RU00770	n	asm	no	изъеблася	inclusive
RU00771	n	asm	no	изъебнуться	inclusive
RU00772	n	asm	no	изъебтись	inclusive
RU00773	n	asm	no	изъёб	inclusive
RU00774	p	asm	no	или рыбку съесть, или на хуй сесть	inclusive
RU00775	n	asm	no	исхуярить	inclusive
RU00776	n	asm	no	исхуячить	inclusive
RU00777	n	asm	no	исхуёвничаться	inclusive
RU00778	n	asm	no	йобанарот	inclusive
RU00779	p	asm	no	к ебеней матери	inclusive
RU00780	p	asm	no	к ебеням	inclusive
RU00781	p	asm	no	к херам собачьим	inclusive
RU00782	p	asm	no	к хуям	inclusive
RU00783	p	asm	no	к хуям собачьим	inclusive
RU00784	p	asm	no	каждый кулик на своём хую велик	inclusive
RU00785	p	asm	no	как не хуй делать	inclusive
RU00786	p	asm	no	как у латыша — хуй да душа	inclusive
RU00787	p	asm	no	как хуем сбрило	inclusive
RU00788	p	asm	no	как хуем сдуло	inclusive
RU00789	p	asm	no	как хуй с плеч упал	inclusive
RU00790	p	asm	no	какого хуя	inclusive
RU00791	p	asm	no	кидать через хуй	inclusive
RU00792	p	asm	no	кинуть через хуй	inclusive
RU00793	p	asm	no	класть крепкий хуй	inclusive
RU00794	p	asm	no	кого ебёт чужое горе	inclusive
RU00795	n	asm	no	колдоёбина	inclusive
RU00796	p	asm	no	кому хуй, а мне всегда два!	inclusive
RU00797	n	asm	no	коноёбить	inclusive
RU00798	n	asm	no	коноёбиться	inclusive
RU00799	n	asm	no	конча	inclusive
RU00800	n	asm	no	короёбочка	inclusive
RU00801	n	asm	no	косоёбить	inclusive
RU00802	p	asm	no	крыть хуями	inclusive
RU00803	n	asm	no	кутак	inclusive
RU00804	n	asm	no	къебенизация	inclusive
RU00805	p	asm	no	лопнутый гондон	inclusive
RU00806	n	asm	no	луркоёб	inclusive
RU00807	n	asm	no	малафья	inclusive
RU00808	n	asm	no	мамкоёб	inclusive
RU00809	n	asm	no	мамоёб	inclusive
RU00810	p	asm	no	мать его ети	inclusive
RU00811	p	asm	no	мать её ети	inclusive
RU00812	p	asm	no	мать их ети	inclusive
RU00813	p	asm	no	мать их ёб	inclusive
RU00814	p	asm	no	мать иху ёб	inclusive
RU00815	p	asm	no	мать твою распроеби	inclusive
RU00816	p	asm	no	мать твою ёб	inclusive
RU00817	p	asm	no	мозги ебать	inclusive
RU00818	n	asm	no	мозгоебатель	inclusive
RU00819	n	asm	no	мозгоебательство	inclusive
RU00820	n	asm	no	мозгоёб	inclusive
RU00821	n	asm	no	мозгоёбка	inclusive
RU00822	n	asm	no	мозгоёбство	inclusive
RU00823	n	asm	no	мозгоёбствовать	inclusive
RU00824	p	asm	no	молодой хуёк	inclusive
RU00825	n	asm	no	молофья	inclusive
RU00826	n	asm	no	мудак	inclusive
RU00827	n	asm	no	мудачество	inclusive
RU00828	n	asm	no	мудашвили	inclusive
RU00829	n	asm	no	муде	inclusive
RU00830	n	asm	no	мудень	inclusive
RU00831	n	asm	no	мудила	inclusive
RU00832	n	asm	no	мудило	inclusive
RU00833	n	asm	no	мудо	inclusive
RU00834	n	asm	no	мудозвон	inclusive
RU00835	n	asm	no	мудохать	inclusive
RU00836	n	asm	no	мудоёб	inclusive
RU00837	n	asm	no	муздозвон	inclusive
RU00838	p	asm	no	мёртвого за хуй тянуть	inclusive
RU00839	p	asm	no	на кой хуй	inclusive
RU00840	p	asm	no	на одном месте не уебёшь — надо перетаскивать	inclusive
RU00841	p	asm	no	на отъебись	inclusive
RU00842	p	asm	no	на хуище	inclusive
RU00843	p	asm	no	на хуй	inclusive
RU00844	p	asm	no	на хуй нужен	inclusive
RU00845	p	asm	no	на хуй с пляжа	inclusive
RU00846	p	asm	no	на хуй твоя жопа хороша	inclusive
RU00847	p	asm	no	на хуй — не на гвоздь	inclusive
RU00848	p	asm	no	на хую вертеть	inclusive
RU00849	p	asm	no	на хуя	inclusive
RU00850	p	asm	no	на хуях таскать	inclusive
RU00851	p	asm	no	навернуть еблет	inclusive
RU00852	n	asm	no	наебательство	inclusive
RU00853	n	asm	no	наебать	inclusive
RU00854	n	asm	no	наебаться	inclusive
RU00855	n	asm	no	наебашить	inclusive
RU00856	n	asm	no	наебениваться	inclusive
RU00857	n	asm	no	наебениться	inclusive
RU00858	n	asm	no	наебизнес	inclusive
RU00859	n	asm	no	наебнуть	inclusive
RU00860	n	asm	no	наебнуться	inclusive
RU00861	p	asm	no	наебнуться головой	inclusive
RU00862	n	asm	no	наеборезиться	inclusive
RU00863	n	asm	no	наеборезываться	inclusive
RU00864	n	asm	no	наебти	inclusive
RU00865	n	asm	no	наебтись	inclusive
RU00866	n	asm	no	наихуёвейший	inclusive
RU00867	p	asm	no	нас ебут, а мы крепчаем	inclusive
RU00868	n	asm	no	настоебать	inclusive
RU00869	n	asm	no	нах	inclusive
RU00870	n	asm	no	нах*й	inclusive
RU00871	n	asm	no	нахуевертить	inclusive
RU00872	n	asm	no	нахуй	inclusive
RU00873	n	asm	no	нахуя	inclusive
RU00874	n	asm	no	нахуярить	inclusive
RU00875	n	asm	no	нахуяриться	inclusive
RU00876	n	asm	no	нахуячиваться	inclusive
RU00877	n	asm	no	нахуячить	inclusive
RU00878	n	asm	no	нахуячиться	inclusive
RU00879	p	asm	no	начистить ебальник	inclusive
RU00880	n	asm	no	наёб	inclusive
RU00881	n	asm	no	наёбка	inclusive
RU00882	n	asm	no	наёбщик	inclusive
RU00883	n	asm	no	наёбщица	inclusive
RU00884	n	asm	no	наёбывание	inclusive
RU00885	n	asm	no	наёбывать	inclusive
RU00886	p	asm	no	не въебаться	inclusive
RU00887	p	asm	no	не ебаться	inclusive
RU00888	p	asm	no	не еби гусей	inclusive
RU00889	p	asm	no	не наебёшь ― не проживёшь	inclusive
RU00890	p	asm	no	не по хуйне	inclusive
RU00891	p	asm	no	не ставить ни в хуй	inclusive
RU00892	p	asm	no	не считать хуй за мясо	inclusive
RU00893	p	asm	no	не хочешь кулеш, хуй ешь	inclusive
RU00894	p	asm	no	не хуй	inclusive
RU00895	p	asm	no	не хуй делать	inclusive
RU00896	p	asm	no	не хуй делать, пол топтать	inclusive
RU00897	p	asm	no	не хуй собачий	inclusive
RU00898	p	asm	no	не хуя	inclusive
RU00899	n	asm	no	невзъебенный	inclusive
RU00900	n	asm	no	невъебенно	inclusive
RU00901	n	asm	no	невъебенность	inclusive
RU00902	n	asm	no	невъебенный	inclusive
RU00903	n	asm	no	недоёб	inclusive
RU00904	n	asm	no	неебабельность	inclusive
RU00905	n	asm	no	неебабельный	inclusive
RU00906	n	asm	no	неебический	inclusive
RU00907	n	asm	no	неебёный	inclusive
RU00908	n	asm	no	нех	inclusive
RU00909	n	asm	no	нехуй	inclusive
RU00910	n	asm	no	нехуйно	inclusive
RU00911	n	asm	no	нехуйный	inclusive
RU00912	n	asm	no	нехуя	inclusive
RU00913	n	asm	no	нехуёвый	inclusive
RU00914	p	asm	no	ни бороды, ни усов, ни на хую волосов	inclusive
RU00915	p	asm	no	ни в хуй не ставить	inclusive
RU00916	p	asm	no	ни за хуй	inclusive
RU00917	p	asm	no	ни за хуй собачий	inclusive
RU00918	p	asm	no	ни с хуя	inclusive
RU00919	p	asm	no	ни хуя	inclusive
RU00920	p	asm	no	ни хуя себе	inclusive
RU00921	p	asm	no	ни хуя себе уха	inclusive
RU00922	p	asm	no	ни хуя уха	inclusive
RU00923	n	asm	no	нихуя	inclusive
RU00924	n	asm	no	нищеёб	inclusive
RU00925	p	asm	no	ноль целых, хуй десятых	inclusive
RU00926	p	asm	no	носим ношеное, ебём брошенное	inclusive
RU00927	p	asm	no	обложить хуями	inclusive
RU00928	n	asm	no	обмудок	inclusive
RU00929	n	asm	no	объебать	inclusive
RU00930	n	asm	no	объебаться	inclusive
RU00931	n	asm	no	объебашивать	inclusive
RU00932	n	asm	no	объебашить	inclusive
RU00933	n	asm	no	объеблан	inclusive
RU00934	n	asm	no	объебон	inclusive
RU00935	n	asm	no	объебос	inclusive
RU00936	n	asm	no	объебошивать	inclusive
RU00937	n	asm	no	объебошить	inclusive
RU00938	n	asm	no	объёб	inclusive
RU00939	n	asm	no	объёбка	inclusive
RU00940	n	asm	no	объёбывать	inclusive
RU00941	n	asm	no	овердохуя	inclusive
RU00942	p	asm	no	один хуй	inclusive
RU00943	n	asm	no	однохуйственно	inclusive
RU00944	n	asm	no	одолбоёбиться	inclusive
RU00945	n	asm	no	опездал	inclusive
RU00946	n	asm	no	опездол	inclusive
RU00947	n	asm	no	опиздошить	inclusive
RU00948	n	asm	no	опиздюливать	inclusive
RU00949	n	asm	no	опиздюлить	inclusive
RU00950	n	asm	no	ослоёб	inclusive
RU00951	p	asm	no	остаться с хуем	inclusive
RU00952	n	asm	no	остоебенить	inclusive
RU00953	n	asm	no	остохуеть	inclusive
RU00954	p	asm	no	от не хуй делать	inclusive
RU00955	p	asm	no	от хуя кончики	inclusive
RU00956	p	asm	no	от хуя уши	inclusive
RU00957	n	asm	no	отлимонить	inclusive
RU00958	n	asm	no	отмудохать	inclusive
RU00959	n	asm	no	отодрать	inclusive
RU00960	n	asm	no	отпиздить	inclusive
RU00961	n	asm	no	отсос	inclusive
RU00962	n	asm	no	отхуесосить	inclusive
RU00963	n	asm	no	отхуякать	inclusive
RU00964	n	asm	no	отхуярить	inclusive
RU00965	n	asm	no	отхуячивать	inclusive
RU00966	n	asm	no	отхуячить	inclusive
RU00967	n	asm	no	отъебать	inclusive
RU00968	n	asm	no	отъебаться	inclusive
RU00969	n	asm	no	отъебнуть	inclusive
RU00970	n	asm	no	отъебошить	inclusive
RU00971	n	asm	no	отъебти	inclusive
RU00972	n	asm	no	отъебукать	inclusive
RU00973	n	asm	no	отъёбываться	inclusive
RU00974	n	asm	no	отыметь	inclusive
RU00975	n	asm	no	охуев	inclusive
RU00976	n	asm	no	охуевание	inclusive
RU00977	n	asm	no	охуевать	inclusive
RU00978	n	asm	no	охуевоз	inclusive
RU00979	n	asm	no	охуевший	inclusive
RU00980	n	asm	no	охуели	inclusive
RU00981	n	asm	no	охуелярд	inclusive
RU00982	n	asm	no	охуение	inclusive
RU00983	n	asm	no	охуенно	inclusive
RU00984	n	asm	no	охуенность	inclusive
RU00985	n	asm	no	охуенный	inclusive
RU00986	n	asm	no	охуенский	inclusive
RU00987	n	asm	no	охуенчик	inclusive
RU00988	n	asm	no	охуетительный	inclusive
RU00989	n	asm	no	охуеть	inclusive
RU00990	n	asm	no	охуительно	inclusive
RU00991	n	asm	no	охуительный	inclusive
RU00992	n	asm	no	охуй	inclusive
RU00993	n	asm	no	охулиард	inclusive
RU00994	n	asm	no	охулион	inclusive
RU00995	n	asm	no	охуячивать	inclusive
RU00996	n	asm	no	охуячить	inclusive
RU00997	n	asm	no	очко	inclusive
RU00998	n	asm	no	п****ц	inclusive
RU00999	n	asm	no	п*зда	inclusive
RU01000	n	asm	no	первонах	inclusive
RU01001	p	asm	no	первый нах	inclusive
RU01002	n	asm	no	переебать	inclusive
RU01003	n	asm	no	переебти	inclusive
RU01004	n	asm	no	перепихон	inclusive
RU01005	n	asm	no	перехуярить	inclusive
RU01006	n	asm	no	перехуячить	inclusive
RU01007	n	asm	no	переёб	inclusive
RU01008	p	asm	no	персидского царя хуилище	inclusive
RU01009	n	asm	no	пи*да	inclusive
RU01010	n	asm	no	пи*дец	inclusive
RU01011	n	asm	no	пидорня	inclusive
RU01012	n	asm	no	пидроздил	inclusive
RU01013	p	asm	no	пинать хуи	inclusive
RU01014	p	asm	no	пинать хуй	inclusive
RU01015	n	asm	no	плоскоёб	inclusive
RU01016	n	asm	no	пнх	inclusive
RU01017	p	asm	no	по ебалу получить	inclusive
RU01018	n	asm	no	повъёбывать	inclusive
RU01019	n	asm	no	повыёбываться	inclusive
RU01020	p	asm	no	под ногти выебать	inclusive
RU01021	n	asm	no	подзаебать	inclusive
RU01022	n	asm	no	подзаебаться	inclusive
RU01023	n	asm	no	подзаебти	inclusive
RU01024	n	asm	no	подохуевший	inclusive
RU01025	n	asm	no	подохуеть	inclusive
RU01026	n	asm	no	подрочить	inclusive
RU01027	n	asm	no	подхуек	inclusive
RU01028	n	asm	no	подъебать	inclusive
RU01029	n	asm	no	подъебаться	inclusive
RU01030	n	asm	no	подъебаш	inclusive
RU01031	n	asm	no	подъебишкин	inclusive
RU01032	n	asm	no	подъебнуть	inclusive
RU01033	n	asm	no	подъебон	inclusive
RU01034	n	asm	no	подъебончик	inclusive
RU01035	n	asm	no	подъебушка	inclusive
RU01036	n	asm	no	подъебышкин	inclusive
RU01037	n	asm	no	подъёб	inclusive
RU01038	n	asm	no	подъёбка	inclusive
RU01039	n	asm	no	подъёбщик	inclusive
RU01040	n	asm	no	подъёбщица	inclusive
RU01041	n	asm	no	подъёбывать	inclusive
RU01042	n	asm	no	поебатор	inclusive
RU01043	n	asm	no	поебать	inclusive
RU01044	n	asm	no	поебаться	inclusive
RU01045	n	asm	no	поебень	inclusive
RU01046	n	asm	no	поебок	inclusive
RU01047	n	asm	no	поебота	inclusive
RU01048	n	asm	no	поеботина	inclusive
RU01049	n	asm	no	поебсти	inclusive
RU01050	n	asm	no	поебстись	inclusive
RU01051	n	asm	no	поебти	inclusive
RU01052	n	asm	no	поебтись	inclusive
RU01053	n	asm	no	поебусенка	inclusive
RU01054	n	asm	no	поебуха	inclusive
RU01055	n	asm	no	поебушечка	inclusive
RU01056	n	asm	no	поебушка	inclusive
RU01057	n	asm	no	поиметь	inclusive
RU01058	p	asm	no	показать хуй	inclusive
RU01059	p	asm	no	показать хуй огромный	inclusive
RU01060	p	asm	no	показать хуёв тачку	inclusive
RU01061	p	asm	no	полный похуист	inclusive
RU01062	p	asm	no	положить хуй	inclusive
RU01063	p	asm	no	получить крупный хуй	inclusive
RU01064	p	asm	no	получить от хуя уши	inclusive
RU01065	p	asm	no	получить хуй	inclusive
RU01066	n	asm	no	полхуя	inclusive
RU01067	n	asm	no	понтоёб	inclusive
RU01068	n	asm	no	понтоёбский	inclusive
RU01069	n	asm	no	поперехуярить	inclusive
RU01070	n	asm	no	поперехуячить	inclusive
RU01071	n	asm	no	попец	inclusive
RU01072	p	asm	no	последний хуй без соли доедать	inclusive
RU01073	n	asm	no	потреблядство	inclusive
RU01074	n	asm	no	потреблядь	inclusive
RU01075	n	asm	no	пох	inclusive
RU01076	n	asm	no	пох*й	inclusive
RU01077	n	asm	no	похуистка	inclusive
RU01078	p	asm	no	похуй пидору чулки	inclusive
RU01079	n	asm	no	похую	inclusive
RU01080	n	asm	no	похуякать	inclusive
RU01081	n	asm	no	похуястее	inclusive
RU01082	n	asm	no	похуястей	inclusive
RU01083	n	asm	no	поц	inclusive
RU01084	n	asm	no	пошароёбиться	inclusive
RU01085	p	asm	no	пошла на хуй	inclusive
RU01086	p	asm	no	пошли на хуй	inclusive
RU01087	p	asm	no	пошёл на хуй	inclusive
RU01088	n	asm	no	поёбать	inclusive
RU01089	n	asm	no	поёбка	inclusive
RU01090	n	asm	no	поёбывать	inclusive
RU01091	n	asm	no	приебаться	inclusive
RU01092	p	asm	no	прикидывать хуй к носу	inclusive
RU01093	p	asm	no	прикинуть хуй к носу	inclusive
RU01094	p	asm	no	прикрыть ебушатник	inclusive
RU01095	n	asm	no	прихуеть	inclusive
RU01096	n	asm	no	прихуяривать	inclusive
RU01097	n	asm	no	прихуярить	inclusive
RU01098	n	asm	no	приёбываться	inclusive
RU01099	n	asm	no	проебав	inclusive
RU01100	n	asm	no	проебать	inclusive
RU01101	n	asm	no	проебаться	inclusive
RU01102	n	asm	no	проебланить	inclusive
RU01103	n	asm	no	проебти	inclusive
RU01104	p	asm	no	проскакивать между ёбаных	inclusive
RU01105	p	asm	no	проскочить между ёбаных	inclusive
RU01106	n	asm	no	проёб	inclusive
RU01107	n	asm	no	проёбанный	inclusive
RU01108	n	asm	no	проёбчик	inclusive
RU01109	n	asm	no	проёбщик	inclusive
RU01110	n	asm	no	проёбщица	inclusive
RU01111	n	asm	no	проёбывать	inclusive
RU01112	n	asm	no	проёбываться	inclusive
RU01113	p	asm	no	прыгнуть на хуй	inclusive
RU01114	p	asm	no	птн хло	inclusive
RU01115	p	asm	no	пятикрылый шестихуй	inclusive
RU01116	p	asm	no	рад дурак, что хуй велик	inclusive
RU01117	p	asm	no	раздавать смехуёчки	inclusive
RU01118	n	asm	no	раздолбай	inclusive
RU01119	n	asm	no	разъебай	inclusive
RU01120	n	asm	no	разъебайский	inclusive
RU01121	n	asm	no	разъебалово	inclusive
RU01122	n	asm	no	разъебать	inclusive
RU01123	n	asm	no	разъебон	inclusive
RU01124	n	asm	no	разъебончик	inclusive
RU01125	n	asm	no	разъебти	inclusive
RU01126	n	asm	no	разъебуха	inclusive
RU01127	n	asm	no	разъёб	inclusive
RU01128	n	asm	no	разъёба	inclusive
RU01129	n	asm	no	разъёбанный	inclusive
RU01130	n	asm	no	разъёбывать	inclusive
RU01131	n	asm	no	раком	inclusive
RU01132	p	asm	no	раскурочить ебало	inclusive
RU01133	n	asm	no	расп*здяйство	inclusive
RU01134	n	asm	no	распиздяй	inclusive
RU01135	n	asm	no	распиздяйка	inclusive
RU01136	n	asm	no	распиздяйство	inclusive
RU01137	n	asm	no	распроебать	inclusive
RU01138	p	asm	no	расхлестать ебосос	inclusive
RU01139	n	asm	no	расхуюжить	inclusive
RU01140	n	asm	no	расхуяривать	inclusive
RU01141	n	asm	no	расхуяриваться	inclusive
RU01142	n	asm	no	расхуярить	inclusive
RU01143	n	asm	no	расхуяриться	inclusive
RU01144	n	asm	no	расхуячить	inclusive
RU01145	p	asm	no	руки из жопы растут	inclusive
RU01146	p	asm	no	руки под хуй заточены	inclusive
RU01147	p	asm	no	с какого хуя	inclusive
RU01148	p	asm	no	с нихуя	inclusive
RU01149	p	asm	no	с хуя ли	inclusive
RU01150	p	asm	no	с хуя ль	inclusive
RU01151	p	asm	no	с хуёчка капает	inclusive
RU01152	n	asm	no	с*ка	inclusive
RU01153	n	asm	no	свиноёб	inclusive
RU01154	p	asm	no	свистни в хуй	inclusive
RU01155	p	asm	no	сдуру можно и хуй сломать	inclusive
RU01156	n	asm	no	семихуй	inclusive
RU01157	p	asm	no	сказочный долбоёб	inclusive
RU01158	n	asm	no	скороёбишка	inclusive
RU01159	p	asm	no	слово за слово, хуем по столу	inclusive
RU01160	n	asm	no	смехуёчки	inclusive
RU01161	p	asm	no	смехуёчки раздавать	inclusive
RU01162	p	asm	no	смешно дураку, что хуй на боку	inclusive
RU01163	p	asm	no	сосать хуй	inclusive
RU01164	p	asm	no	соси хуй утопленника!	inclusive
RU01165	p	asm	no	соси хуй!	inclusive
RU01166	n	asm	no	спермохлёб	inclusive
RU01167	p	asm	no	сравнить хуй с пальцем	inclusive
RU01168	p	asm	no	старый хуй	inclusive
RU01169	p	asm	no	сто хуёв — большая куча?	inclusive
RU01170	n	asm	no	страхоёбина	inclusive
RU01171	p	asm	no	сука блядь	inclusive
RU01172	p	asm	no	сунуть в еблецо	inclusive
RU01173	n	asm	no	схуячить	inclusive
RU01174	n	asm	no	съебаторы	inclusive
RU01175	p	asm	no	съебаторы врубить	inclusive
RU01176	n	asm	no	съебать	inclusive
RU01177	n	asm	no	съебаться	inclusive
RU01178	n	asm	no	съебошить	inclusive
RU01179	n	asm	no	съёбывать	inclusive
RU01180	n	asm	no	съёбываться	inclusive
RU01181	p	asm	no	таких друзей — за хуй да в музей	inclusive
RU01182	p	asm	no	таракану хуй приделать	inclusive
RU01183	p	asm	no	то ли лыжи не едут, то ли я ебанутый	inclusive
RU01184	n	asm	no	трах	inclusive
RU01185	n	asm	no	трахальщик	inclusive
RU01186	n	asm	no	трахать	inclusive
RU01187	n	asm	no	трахаться	inclusive
RU01188	n	asm	no	трахнуть	inclusive
RU01189	n	asm	no	трахнуться	inclusive
RU01190	p	asm	no	ты что, хуем подавился?	inclusive
RU01191	n	asm	no	уебан	inclusive
RU01192	n	asm	no	уебанский	inclusive
RU01193	n	asm	no	уебатор	inclusive
RU01194	n	asm	no	уебать	inclusive
RU01195	n	asm	no	уебаться	inclusive
RU01196	n	asm	no	уебище	inclusive
RU01197	n	asm	no	уебсти	inclusive
RU01198	n	asm	no	уебти	inclusive
RU01199	n	asm	no	уеть	inclusive
RU01200	n	asm	no	усрусич	inclusive
RU01201	n	asm	no	утырок	inclusive
RU01202	n	asm	no	ухуякивать	inclusive
RU01203	n	asm	no	ухуярить	inclusive
RU01204	n	asm	no	уёба	inclusive
RU01205	n	asm	no	уёбан	inclusive
RU01206	n	asm	no	уёбище	inclusive
RU01207	n	asm	no	уёбищность	inclusive
RU01208	n	asm	no	уёбищный	inclusive
RU01209	n	asm	no	уёбок	inclusive
RU01210	n	asm	no	уёбский	inclusive
RU01211	n	asm	no	уёбство	inclusive
RU01212	n	asm	no	уёбывать	inclusive
RU01213	n	asm	no	уёбыш	inclusive
RU01214	n	asm	no	фак	inclusive
RU01215	n	asm	no	фалломорфировать	inclusive
RU01216	n	asm	no	фотожопа	inclusive
RU01217	n	asm	no	х**ло	inclusive
RU01218	n	asm	no	х*есос	inclusive
RU01219	n	asm	no	х*й	inclusive
RU01220	n	asm	no	х*йло	inclusive
RU01221	n	asm	no	хер	inclusive
RU01222	n	asm	no	херачить	inclusive
RU01223	n	asm	no	херня	inclusive
RU01224	n	asm	no	херово	inclusive
RU01225	n	asm	no	херовый	inclusive
RU01226	n	asm	no	херой	inclusive
RU01227	n	asm	no	херь	inclusive
RU01228	n	asm	no	хитровыебанность	inclusive
RU01229	n	asm	no	хитровыебанный	inclusive
RU01230	n	asm	no	хитрожопый	inclusive
RU01231	n	asm	no	хлебало	inclusive
RU01232	n	asm	no	хло	inclusive
RU01233	p	asm	no	хоть бы хуй	inclusive
RU01234	p	asm	no	хоть самого в жопу сиськой еби	inclusive
RU01235	n	asm	no	хрен	inclusive
RU01236	p	asm	no	хрен моржовый	inclusive
RU01237	p	asm	no	хрен с горы	inclusive
RU01238	n	asm	no	хрена	inclusive
RU01239	n	asm	no	хреновина	inclusive
RU01240	n	asm	no	хреново	inclusive
RU01241	n	asm	no	худоёбина	inclusive
RU01242	n	asm	no	хуев	inclusive
RU01243	p	asm	no	хуева туча	inclusive
RU01244	n	asm	no	хуевастый	inclusive
RU01245	n	asm	no	хуевато	inclusive
RU01246	n	asm	no	хуеватый	inclusive
RU01247	n	asm	no	хуевертить	inclusive
RU01248	n	asm	no	хуевый	inclusive
RU01249	n	asm	no	хуеглот	inclusive
RU01250	n	asm	no	хуеглотина	inclusive
RU01251	n	asm	no	хуежоп	inclusive
RU01252	n	asm	no	хуежопость	inclusive
RU01253	n	asm	no	хуежопый	inclusive
RU01254	p	asm	no	хуем груши выколачивать	inclusive
RU01255	p	asm	no	хуем груши околачивать	inclusive
RU01256	p	asm	no	хуем груши сбивать	inclusive
RU01257	p	asm	no	хуем задеть	inclusive
RU01258	p	asm	no	хуем запугать	inclusive
RU01259	p	asm	no	хуем наградить	inclusive
RU01260	p	asm	no	хуем разворочена	inclusive
RU01261	p	asm	no	хуем толкнуть	inclusive
RU01262	p	asm	no	хуем угостить	inclusive
RU01263	p	asm	no	хуем угощать	inclusive
RU01264	p	asm	no	хуем умыть	inclusive
RU01265	n	asm	no	хуемразь	inclusive
RU01266	n	asm	no	хуеносец	inclusive
RU01267	n	asm	no	хуеньки	inclusive
RU01268	n	asm	no	хуепас	inclusive
RU01269	n	asm	no	хуеплёт	inclusive
RU01270	n	asm	no	хуеплётка	inclusive
RU01271	n	asm	no	хуепутало	inclusive
RU01272	n	asm	no	хуерга	inclusive
RU01273	n	asm	no	хуерговина	inclusive
RU01274	n	asm	no	хуерда	inclusive
RU01275	n	asm	no	хуерыга	inclusive
RU01276	n	asm	no	хуерык	inclusive
RU01277	n	asm	no	хуерылый	inclusive
RU01278	n	asm	no	хуесос	inclusive
RU01279	p	asm	no	хуесос ёбаный	inclusive
RU01280	n	asm	no	хуесосина	inclusive
RU01281	n	asm	no	хуесосинг	inclusive
RU01282	n	asm	no	хуесосить	inclusive
RU01283	n	asm	no	хуесоска	inclusive
RU01284	n	asm	no	хуета	inclusive
RU01285	p	asm	no	хуета на хуете	inclusive
RU01286	n	asm	no	хуетень	inclusive
RU01287	n	asm	no	хуетища	inclusive
RU01288	n	asm	no	хуеть	inclusive
RU01289	n	asm	no	хуец	inclusive
RU01290	n	asm	no	хуи	inclusive
RU01291	p	asm	no	хуи гну	inclusive
RU01292	p	asm	no	хуи жевать	inclusive
RU01293	p	asm	no	хуи пинать	inclusive
RU01294	n	asm	no	хуила	conservative
RU01295	n	asm	no	хуилище	inclusive
RU01296	n	asm	no	хуило	inclusive
RU01297	p	asm	no	хуило моржовый	inclusive
RU01298	n	asm	no	хуильник	inclusive
RU01299	n	asm	no	хуина	inclusive
RU01300	n	asm	no	хуинушка	inclusive
RU01301	n	asm	no	хуистый	inclusive
RU01302	n	asm	no	хуишечко	inclusive
RU01303	n	asm	no	хуишко	inclusive
RU01304	n	asm	no	хуище	inclusive
RU01305	n	asm	no	хуй	inclusive
RU01306	p	asm	no	хуй без соли доедать	inclusive
RU01307	p	asm	no	хуй в кожаном пальто	inclusive
RU01308	p	asm	no	хуй в пальто	inclusive
RU01309	p	asm	no	хуй важный	inclusive
RU01310	p	asm	no	хуй вставить по яички	inclusive
RU01311	p	asm	no	хуй гну	inclusive
RU01312	p	asm	no	хуй да ни хуя	inclusive
RU01313	p	asm	no	хуй до дома доволочь	inclusive
RU01314	p	asm	no	хуй его знает	inclusive
RU01315	p	asm	no	хуй забить	inclusive
RU01316	p	asm	no	хуй знает	inclusive
RU01317	p	asm	no	хуй колом	inclusive
RU01318	p	asm	no	хуй ли	inclusive
RU01319	p	asm	no	хуй моржовый	inclusive
RU01320	p	asm	no	хуй на блюде	inclusive
RU01321	p	asm	no	хуй на колёсиках	inclusive
RU01322	p	asm	no	хуй на ны	inclusive
RU01323	p	asm	no	хуй на рыло	inclusive
RU01324	p	asm	no	хуй на рыло, чтоб сердце не ныло	inclusive
RU01325	p	asm	no	хуй наны	inclusive
RU01326	p	asm	no	хуй не стоит	inclusive
RU01327	p	asm	no	хуй ночевал	inclusive
RU01328	p	asm	no	хуй один	inclusive
RU01329	p	asm	no	хуй по всей морде	inclusive
RU01330	p	asm	no	хуй показать	inclusive
RU01331	p	asm	no	хуй проссышь	inclusive
RU01332	p	asm	no	хуй с горы	inclusive
RU01333	p	asm	no	хуй с горы — большая скорость?	inclusive
RU01334	p	asm	no	хуй с горы — какая скорость?	inclusive
RU01335	p	asm	no	хуй с тобой	inclusive
RU01336	p	asm	no	хуй сосали комбайнёры	inclusive
RU01337	p	asm	no	хуй сосать	inclusive
RU01338	p	asm	no	хуй там	inclusive
RU01339	p	asm	no	хуй тебе	inclusive
RU01340	p	asm	no	хуй тебе в рыло	inclusive
RU01341	p	asm	no	хуй тебе на воротник	inclusive
RU01342	p	asm	no	хуй тебе на рыло	inclusive
RU01343	p	asm	no	хуй трёхколёсный	inclusive
RU01344	p	asm	no	хуй ушастый	inclusive
RU01345	p	asm	no	хуй царапать	inclusive
RU01346	n	asm	no	хуй-перехуй	inclusive
RU01347	n	asm	no	хуйкино	inclusive
RU01348	n	asm	no	хуйлан	inclusive
RU01349	n	asm	no	хуйло	conservative
RU01350	n	asm	no	хуйлыга	inclusive
RU01351	n	asm	no	хуйнуть	inclusive
RU01352	n	asm	no	хуйню	inclusive
RU01353	p	asm	no	хуйню спороть	inclusive
RU01354	n	asm	no	хуйня	inclusive
RU01355	p	asm	no	хуйня на постном масле	inclusive
RU01356	n	asm	no	хуйство	inclusive
RU01357	n	asm	no	хуле	inclusive
RU01358	n	asm	no	хули	inclusive
RU01359	n	asm	no	хулиард	inclusive
RU01360	n	asm	no	хуль	inclusive
RU01361	n	asm	no	хуля	inclusive
RU01362	n	asm	no	хуля-перехуля	inclusive
RU01363	n	asm	no	хуюжить	inclusive
RU01364	n	asm	no	хуючить	inclusive
RU01365	n	asm	no	хуюшки	inclusive
RU01366	n	asm	no	хуя	inclusive
RU01367	p	asm	no	хуя с два	inclusive
RU01368	n	asm	no	хуяк	inclusive
RU01369	n	asm	no	хуяка	inclusive
RU01370	n	asm	no	хуякать	inclusive
RU01371	n	asm	no	хуякнуть	inclusive
RU01372	n	asm	no	хуякнуться	inclusive
RU01373	n	asm	no	хуякс	inclusive
RU01374	p	asm	no	хуями обложить	inclusive
RU01375	n	asm	no	хуяра	inclusive
RU01376	n	asm	no	хуярить	inclusive
RU01377	n	asm	no	хуяриться	inclusive
RU01378	n	asm	no	хуясе	inclusive
RU01379	n	asm	no	хуястый	inclusive
RU01380	n	asm	no	хуячить	inclusive
RU01381	n	asm	no	хуяшить	inclusive
RU01382	n	asm	no	хуё-моё	inclusive
RU01383	p	asm	no	хуёв тачку и дров водокачку	inclusive
RU01384	n	asm	no	хуёвее	inclusive
RU01385	n	asm	no	хуёвей	inclusive
RU01386	n	asm	no	хуёвенький	inclusive
RU01387	n	asm	no	хуёвина	inclusive
RU01388	p	asm	no	хуёвина с морковиной	inclusive
RU01389	n	asm	no	хуёвинка	inclusive
RU01390	n	asm	no	хуёвить	inclusive
RU01391	n	asm	no	хуёвничать	inclusive
RU01392	n	asm	no	хуёво	inclusive
RU01393	n	asm	no	хуёвость	inclusive
RU01394	n	asm	no	хуёвый	inclusive
RU01395	n	asm	no	хуёк	inclusive
RU01396	n	asm	no	хуёчек	inclusive
RU01397	p	asm	no	хуёчек плачет жгучею слезой	inclusive
RU01398	p	asm	no	через хуй зари не видит	inclusive
RU01399	p	asm	no	через хуй кинуть	inclusive
RU01400	n	asm	no	чзх	inclusive
RU01401	n	asm	no	членодевка	inclusive
RU01402	n	asm	no	членосос	inclusive
RU01403	n	asm	no	чпокать	inclusive
RU01404	n	asm	no	чпокаться	inclusive
RU01405	n	asm	no	чпокнуть	inclusive
RU01406	n	asm	no	чпокнуться	inclusive
RU01407	p	asm	no	что за хуйня	inclusive
RU01408	p	asm	no	что за ёб твою мать?	inclusive
RU01409	n	asm	no	шароёб	inclusive
RU01410	n	asm	no	шароёбить	inclusive
RU01411	n	asm	no	шароёбиться	inclusive
RU01412	n	asm	no	шароёбство	inclusive
RU01413	p	asm	no	штопаный гондон	inclusive
RU01414	n	asm	no	ябать	inclusive
RU01415	n	asm	no	ябти	inclusive
RU01416	n	asm	no	ябтись	inclusive
RU01417	n	asm	no	яти	inclusive
RU01418	n	asm	no	ёб	inclusive
RU01419	p	asm	no	ёб вашу мать	inclusive
RU01420	p	asm	no	ёб иху мать	inclusive
RU01421	p	asm	no	ёб твою мать	inclusive
RU01422	p	asm	no	ёб твоя мать	inclusive
RU01423	n	asm	no	ёба	inclusive
RU01424	n	asm	no	ёбалды	inclusive
RU01425	n	asm	no	ёбанный	inclusive
RU01426	p	asm	no	ёбанный в рот	inclusive
RU01427	p	asm	no	ёбаногандонный хуепедераст	inclusive
RU01428	n	asm	no	ёбаный	inclusive
RU01429	p	asm	no	ёбаный в жопу	inclusive
RU01430	p	asm	no	ёбаный в рот	inclusive
RU01431	p	asm	no	ёбаный насос	inclusive
RU01432	p	asm	no	ёбаный покос	inclusive
RU01433	p	asm	no	ёбаный стос	inclusive
RU01434	p	asm	no	ёбаный стыд	inclusive
RU01435	n	asm	no	ёбань	inclusive
RU01436	n	asm	no	ёбарь	inclusive
RU01437	n	asm	no	ёбарь-перехватчик	inclusive
RU01438	n	asm	no	ёбик	inclusive
RU01439	n	asm	no	ёбка	inclusive
RU01440	n	asm	no	ёбкий	inclusive
RU01441	n	asm	no	ёбко	inclusive
RU01442	n	asm	no	ёбкость	inclusive
RU01443	n	asm	no	ёблышко	inclusive
RU01444	n	asm	no	ёбля	inclusive
RU01445	n	asm	no	ёбнутый	inclusive
RU01446	n	asm	no	ёбнуть	inclusive
RU01447	p	asm	no	ёбнуть по фазе	inclusive
RU01448	p	asm	no	ёбнуть фазу	inclusive
RU01449	n	asm	no	ёбнуться	inclusive
RU01450	n	asm	no	ёботность	inclusive
RU01451	n	asm	no	ёботный	inclusive
RU01452	n	asm	no	ёбс	inclusive
RU01453	n	asm	no	ёбс-переёбс	inclusive
RU01454	n	asm	no	ёбство	inclusive
RU01455	p	asm	no	ёбу даться	inclusive
RU01456	n	asm	no	ёбушки-воробушки	inclusive
RU01457	n	asm	no	ёбфренд	inclusive
RU01458	n	asm	no	ёбче	inclusive
RU01459	n	asm	no	ёбши	inclusive
RU01460	n	asm	no	ёбывать	inclusive
RU01461	n	asm	no	ёбырь	inclusive
RU01462	n	asm	no	ёбыч	inclusive
RU01463	n	asm	no	ёпт	inclusive
RU01464	n	asm	no	ёпта	inclusive
RU01465	n	asm	no	ёпть	inclusive
RU01466	n	cds	no	белиберда	inclusive
RU01467	n	cds	no	бздеть	inclusive
RU01468	n	cds	no	бзднуть	inclusive
RU01469	n	cds	no	бздун	inclusive
RU01470	n	cds	no	биомусор	conservative
RU01471	n	cds	no	взбзднуть	inclusive
RU01472	n	cds	no	вонючка	inclusive
RU01473	n	cds	no	всратый	inclusive
RU01474	n	cds	no	всука	inclusive
RU01475	n	cds	no	высер	inclusive
RU01476	n	cds	no	галиматья	inclusive
RU01477	n	cds	no	говнина	inclusive
RU01478	n	cds	no	говнистый	inclusive
RU01479	n	cds	no	говно	conservative
RU01480	p	cds	no	говно вопрос	inclusive
RU01481	n	cds	no	говноармия	inclusive
RU01482	n	cds	no	говновоз	inclusive
RU01483	n	cds	no	говноед	inclusive
RU01484	n	cds	no	говножуй	inclusive
RU01485	n	cds	no	говномес	inclusive
RU01486	n	cds	no	говнюк	inclusive
RU01487	n	cds	no	говённый	inclusive
RU01488	n	cds	no	гомно	inclusive
RU01489	n	cds	no	грязнуха	inclusive
RU01490	n	cds	no	дерьмо	inclusive
RU01491	n	cds	no	дерьмовый	inclusive
RU01492	n	cds	no	дремучий	inclusive
RU01493	n	cds	no	дрисня	inclusive
RU01494	n	cds	no	дристать	inclusive
RU01495	n	cds	no	дрись	inclusive
RU01496	n	cds	no	дрянь	inclusive
RU01497	n	cds	no	ерунда	inclusive
RU01498	n	cds	no	засранец	inclusive
RU01499	n	cds	no	засрать	inclusive
RU01500	n	cds	no	зяпа	inclusive
RU01501	p	cds	no	из говна и палок	inclusive
RU01502	n	cds	no	кабздец	inclusive
RU01503	n	cds	no	какол	inclusive
RU01504	p	cds	no	кусок дерьма	inclusive
RU01505	n	cds	no	мрази	conservative
RU01506	n	cds	no	мразота	conservative
RU01507	n	cds	no	мразь	conservative
RU01508	n	cds	no	мухосранск	inclusive
RU01509	n	cds	no	навоз	inclusive
RU01510	n	cds	no	навозовец	inclusive
RU01511	n	cds	no	насирать	inclusive
RU01512	n	cds	no	насрать	inclusive
RU01513	n	cds	no	облевать	inclusive
RU01514	n	cds	no	облёванный	inclusive
RU01515	n	cds	no	облёвывать	inclusive
RU01516	n	cds	no	обосрать	inclusive
RU01517	n	cds	no	обосраться	inclusive
RU01518	n	cds	no	обоссаться	inclusive
RU01519	n	cds	no	обрыган	inclusive
RU01520	n	cds	no	обсирать	inclusive
RU01521	n	cds	no	офигенность	inclusive
RU01522	n	cds	no	офигеть	inclusive
RU01523	n	cds	no	паршивец	inclusive
RU01524	n	cds	no	пердак	inclusive
RU01525	n	cds	no	переговнять	inclusive
RU01526	n	cds	no	писос	inclusive
RU01527	n	cds	no	погань	inclusive
RU01528	n	cds	no	поднасрать	inclusive
RU01529	n	cds	no	подушка-пердушка	inclusive
RU01530	n	cds	no	позорище	inclusive
RU01531	n	cds	no	посрать	inclusive
RU01532	n	cds	no	поссать	inclusive
RU01533	n	cds	no	прокладка	inclusive
RU01534	n	cds	no	пукан	inclusive
RU01535	n	cds	no	расфигачить	inclusive
RU01536	n	cds	no	срака	inclusive
RU01537	n	cds	no	сральник	inclusive
RU01538	n	cds	no	сральня	inclusive
RU01539	n	cds	no	сраный	inclusive
RU01540	n	cds	no	срань	inclusive
RU01541	n	cds	no	срать	inclusive
RU01542	n	cds	no	сраться	inclusive
RU01543	n	cds	no	срач	inclusive
RU01544	n	cds	no	срачка	inclusive
RU01545	n	cds	no	ссака	inclusive
RU01546	n	cds	no	ссаный	inclusive
RU01547	n	cds	no	ссать	inclusive
RU01548	p	cds	no	ссать кипятком	inclusive
RU01549	p	cds	no	ссать против ветра	inclusive
RU01550	n	cds	no	ссыкло	inclusive
RU01551	n	cds	no	сцать	inclusive
RU01552	n	cds	no	усрать	inclusive
RU01553	n	cds	no	усраться	inclusive
RU01554	n	cds	no	уссаться	inclusive
RU01555	n	cds	no	фигачить	inclusive
RU01556	n	cds	no	хайло	inclusive
RU01557	n	cds	no	чушь	inclusive
RU01558	n	ddf	yes	беззубый	inclusive
RU01559	p	ddf	yes	ботоксный дед	inclusive
RU01560	p	ddf	yes	бункерный дед	inclusive
RU01561	n	ddf	yes	грымза	inclusive
RU01562	n	ddf	yes	губошлёп	inclusive
RU01563	n	ddf	yes	дохлик	conservative
RU01564	n	ddf	yes	дрищ	inclusive
RU01565	n	ddf	yes	дылда	inclusive
RU01566	n	ddf	yes	жирдяй	inclusive
RU01567	n	ddf	yes	жиртрест	conservative
RU01568	n	ddf	yes	кайло	inclusive
RU01569	n	ddf	yes	кошёлка	inclusive
RU01570	n	ddf	yes	красномордый	conservative
RU01571	n	ddf	yes	кривобокий	inclusive
RU01572	n	ddf	yes	криворожий	inclusive
RU01573	n	ddf	yes	мегера	inclusive
RU01574	n	ddf	yes	морда	inclusive
RU01575	n	ddf	yes	мордоплюй	inclusive
RU01576	n	ddf	yes	мымра	inclusive
RU01577	p	ddf	yes	немытое рыло	inclusive
RU01578	p	ddf	yes	неумытое рыло	inclusive
RU01579	n	ddf	yes	очкарик	inclusive
RU01580	n	ddf	yes	очкарь	inclusive
RU01581	n	ddf	yes	очконавт	conservative
RU01582	n	ddf	yes	перечница	inclusive
RU01583	n	ddf	yes	рожа	inclusive
RU01584	n	ddf	yes	скуф	conservative
RU01585	n	ddf	yes	сморчок	inclusive
RU01586	n	ddf	yes	спидозник	conservative
RU01587	n	ddf	yes	спидозница	conservative
RU01588	p	ddf	yes	старая кочерга	inclusive
RU01589	p	ddf	yes	старая кошёлка	inclusive
RU01590	p	ddf	yes	старая перечница	inclusive
RU01591	p	ddf	yes	старая песочница	inclusive
RU01592	n	ddf	yes	старикашка	inclusive
RU01593	n	ddf	yes	старичьё	inclusive
RU01594	p	ddf	yes	старый хрен	inclusive
RU01595	n	ddf	yes	страхуила	inclusive
RU01596	n	ddf	yes	толстобрюх	conservative
RU01597	n	ddf	yes	трупёрда	inclusive
RU01598	n	ddf	yes	туша	inclusive
RU01599	n	ddf	yes	тушка	inclusive
RU01600	n	ddf	yes	тюфяк	inclusive
RU01601	n	ddf	yes	увалень	inclusive
RU01602	n	ddf	yes	урод	conservative
RU01603	n	ddf	yes	урода	conservative
RU01604	n	ddf	yes	уродов	conservative
RU01605	n	ddf	yes	уроды	conservative
RU01606	n	ddf	yes	физиономия	inclusive
RU01607	n	ddf	yes	фрик	inclusive
RU01608	n	ddf	yes	харчок	inclusive
RU01609	n	ddf	yes	харя	inclusive
RU01610	n	ddf	yes	хмырь	inclusive
RU01611	n	ddf	yes	хрыч	inclusive
RU01612	p	ddf	yes	чернильная душа	inclusive
RU01613	n	ddf	yes	чумазый	inclusive
RU01614	n	ddf	yes	шибздик	inclusive
RU01615	n	ddf	yes	шпендик	inclusive
RU01616	n	ddf	yes	шпендрик	inclusive
RU01617	n	ddp	yes	балда	inclusive
RU01618	p	ddp	yes	балда осиновая	inclusive
RU01619	n	ddp	yes	бестолочь	inclusive
RU01620	n	ddp	yes	болван	inclusive
RU01621	n	ddp	yes	выродок	inclusive
RU01622	n	ddp	yes	даун	inclusive
RU01623	n	ddp	yes	даунбасс	conservative
RU01624	n	ddp	yes	дауны	conservative
RU01625	n	ddp	yes	дебил	conservative
RU01626	n	ddp	yes	дебила	conservative
RU01627	n	ddp	yes	дебилам	conservative
RU01628	n	ddp	yes	дебилами	conservative
RU01629	n	ddp	yes	дебилах	conservative
RU01630	n	ddp	yes	дебиле	conservative
RU01631	n	ddp	yes	дебилизор	conservative
RU01632	n	ddp	yes	дебилов	conservative
RU01633	n	ddp	yes	дебилоид	conservative
RU01634	n	ddp	yes	дебилоида	conservative
RU01635	n	ddp	yes	дебилом	conservative
RU01636	n	ddp	yes	дебилу	conservative
RU01637	n	ddp	yes	дебилы	conservative
RU01638	n	ddp	yes	дебилёныш	conservative
RU01639	n	ddp	yes	дегенерат	conservative
RU01640	n	ddp	yes	дегенерату	conservative
RU01641	n	ddp	yes	дегенераты	conservative
RU01642	n	ddp	yes	долбаеб	conservative
RU01643	n	ddp	yes	долбаебам	conservative
RU01644	n	ddp	yes	долбаебами	conservative
RU01645	n	ddp	yes	долбаебов	conservative
RU01646	n	ddp	yes	долбаебы	conservative
RU01647	n	ddp	yes	долбоеб	conservative
RU01648	n	ddp	yes	долбоеба	conservative
RU01649	n	ddp	yes	долбоебами	conservative
RU01650	n	ddp	yes	долбоебов	conservative
RU01651	n	ddp	yes	долбоебом	conservative
RU01652	n	ddp	yes	долбоебу	conservative
RU01653	n	ddp	yes	долбоебы	conservative
RU01654	n	ddp	yes	долбоёб	conservative
RU01655	n	ddp	yes	долбоёба	conservative
RU01656	n	ddp	yes	долбоёбов	conservative
RU01657	n	ddp	yes	долбоёбы	conservative
RU01658	n	ddp	yes	дундук	inclusive
RU01659	n	ddp	yes	дура	inclusive
RU01660	n	ddp	yes	дурак	inclusive
RU01661	n	ddp	yes	дурачина	inclusive
RU01662	n	ddp	yes	дурачьё	inclusive
RU01663	n	ddp	yes	дурень	inclusive
RU01664	n	ddp	yes	дурик	inclusive
RU01665	n	ddp	yes	дуролом	conservative
RU01666	n	ddp	yes	еблан	conservative
RU01667	n	ddp	yes	еблана	conservative
RU01668	n	ddp	yes	ебланам	conservative
RU01669	n	ddp	yes	ебланами	conservative
RU01670	n	ddp	yes	ебланах	conservative
RU01671	n	ddp	yes	еблане	conservative
RU01672	n	ddp	yes	ебланов	conservative
RU01673	n	ddp	yes	ебланом	conservative
RU01674	n	ddp	yes	ебланский	conservative
RU01675	n	ddp	yes	еблану	conservative
RU01676	n	ddp	yes	ебланы	conservative
RU01677	n	ddp	yes	еванутый	inclusive
RU01678	n	ddp	yes	идиот	conservative
RU01679	n	ddp	yes	идиота	conservative
RU01680	n	ddp	yes	идиотам	conservative
RU01681	n	ddp	yes	идиотами	conservative
RU01682	n	ddp	yes	идиотах	conservative
RU01683	n	ddp	yes	идиоте	conservative
RU01684	n	ddp	yes	идиотина	conservative
RU01685	n	ddp	yes	идиотинами	conservative
RU01686	n	ddp	yes	идиотинах	conservative
RU01687	n	ddp	yes	идиотине	conservative
RU01688	n	ddp	yes	идиотиной	conservative
RU01689	n	ddp	yes	идиотину	conservative
RU01690	n	ddp	yes	идиотка	conservative
RU01691	n	ddp	yes	идиотов	conservative
RU01692	n	ddp	yes	идиотом	conservative
RU01693	n	ddp	yes	идиоту	conservative
RU01694	n	ddp	yes	идиоты	conservative
RU01695	n	ddp	yes	имбецил	conservative
RU01696	n	ddp	yes	конченная	inclusive
RU01697	n	ddp	yes	конченые	inclusive
RU01698	n	ddp	yes	конченый	inclusive
RU01699	n	ddp	yes	кочан	inclusive
RU01700	n	ddp	yes	кретин	conservative
RU01701	n	ddp	yes	майданутый	conservative
RU01702	n	ddp	yes	майдаун	conservative
RU01703	n	ddp	yes	маразм	inclusive
RU01704	n	ddp	yes	недалёкий	inclusive
RU01705	n	ddp	yes	недоделок	inclusive
RU01706	n	ddp	yes	недоносок	inclusive
RU01707	n	ddp	yes	недоросль	inclusive
RU01708	n	ddp	yes	недоумок	conservative
RU01709	n	ddp	yes	никудышный	inclusive
RU01710	n	ddp	yes	нюня	inclusive
RU01711	n	ddp	yes	обдолбос	conservative
RU01712	n	ddp	yes	обдолбыш	conservative
RU01713	n	ddp	yes	оболтус	inclusive
RU01714	n	ddp	yes	олигофрен	conservative
RU01715	n	ddp	yes	олигофрены	conservative
RU01716	n	ddp	yes	олух	inclusive
RU01717	n	ddp	yes	остолоп	conservative
RU01718	n	ddp	yes	остолопина	conservative
RU01719	n	ddp	yes	пирамидиот	conservative
RU01720	n	ddp	yes	пирамидиотство	conservative
RU01721	n	ddp	yes	питек	conservative
RU01722	n	ddp	yes	придурка	inclusive
RU01723	n	ddp	yes	придурки	inclusive
RU01724	n	ddp	yes	придурков	inclusive
RU01725	n	ddp	yes	придурок	inclusive
RU01726	n	ddp	yes	припадочный	inclusive
RU01727	n	ddp	yes	псих	inclusive
RU01728	n	ddp	yes	ретард	conservative
RU01729	n	ddp	yes	тупак	conservative
RU01730	n	ddp	yes	тупая	inclusive
RU01731	n	ddp	yes	тупое	inclusive
RU01732	n	ddp	yes	тупой	inclusive
RU01733	n	ddp	yes	убожество	inclusive
RU01734	n	ddp	yes	чмо	inclusive
RU01735	n	ddp	yes	чурбак	conservative
RU01736	n	ddp	yes	чурбан	conservative
RU01737	n	ddp	yes	шизоид	inclusive
RU01738	n	dmc	no	z-быдло	inclusive
RU01739	p	dmc	no	агент цру	inclusive
RU01740	n	dmc	no	аналоговнет	inclusive
RU01741	n	dmc	no	антирашист	inclusive
RU01742	n	dmc	no	антирашистский	inclusive
RU01743	n	dmc	no	антисоветчик	inclusive
RU01744	n	dmc	no	аусвайс	inclusive
RU01745	n	dmc	no	белогвардейщина	inclusive
RU01746	n	dmc	no	белоподкладочник	inclusive
RU01747	p	dmc	no	бешеный принтер	inclusive
RU01748	n	dmc	no	бизнесмент	inclusive
RU01749	n	dmc	no	буржуин	inclusive
RU01750	n	dmc	no	буржуй	inclusive
RU01751	n	dmc	no	ватник	inclusive
RU01752	n	dmc	no	ватники	inclusive
RU01753	n	dmc	no	ватоголовый	inclusive
RU01754	p	dmc	no	взбесившийся принтер	inclusive
RU01755	n	dmc	no	власовщина	inclusive
RU01756	n	dmc	no	вышивата	inclusive
RU01757	n	dmc	no	вышиватник	inclusive
RU01758	n	dmc	no	гайдарёнок	inclusive
RU01759	n	dmc	no	гайдучок	inclusive
RU01760	n	dmc	no	гауляйтер	inclusive
RU01761	n	dmc	no	генсоветчик	inclusive
RU01762	n	dmc	no	гэбист	inclusive
RU01763	n	dmc	no	гэбня	inclusive
RU01764	n	dmc	no	демокрад	inclusive
RU01765	n	dmc	no	демонократия	inclusive
RU01766	n	dmc	no	демофашизм	inclusive
RU01767	n	dmc	no	демофашист	inclusive
RU01768	n	dmc	no	демофашистский	inclusive
RU01769	n	dmc	no	демшиза	inclusive
RU01770	n	dmc	no	демшизоид	inclusive
RU01771	n	dmc	no	демшизоидный	inclusive
RU01772	n	dmc	no	дерьмократ	inclusive
RU01773	n	dmc	no	дерьмократия	inclusive
RU01774	n	dmc	no	диссидентщина	inclusive
RU01775	n	dmc	no	долбославие	inclusive
RU01776	n	dmc	no	ельциноид	inclusive
RU01777	n	dmc	no	ельцинщина	inclusive
RU01778	n	dmc	no	жириновщина	inclusive
RU01779	n	dmc	no	западоид	inclusive
RU01780	p	dmc	no	засланный казачок	inclusive
RU01781	n	dmc	no	зига	inclusive
RU01782	n	dmc	no	зюгановщина	inclusive
RU01783	n	dmc	no	имперец	inclusive
RU01784	n	dmc	no	интернацик	inclusive
RU01785	n	dmc	no	инфоцыган	inclusive
RU01786	n	dmc	no	кагебешник	inclusive
RU01787	n	dmc	no	каппутизм	inclusive
RU01788	n	dmc	no	каппутист	inclusive
RU01789	n	dmc	no	каппутистский	inclusive
RU01790	n	dmc	no	керенка	inclusive
RU01791	p	dmc	no	киевский режим	inclusive
RU01792	n	dmc	no	киселёвщина	inclusive
RU01793	n	dmc	no	комми	inclusive
RU01794	n	dmc	no	коммуноидный	inclusive
RU01795	n	dmc	no	коммунофашист	inclusive
RU01796	n	dmc	no	коммуняга	inclusive
RU01797	n	dmc	no	коммуняка	inclusive
RU01798	n	dmc	no	коммуняцкий	inclusive
RU01799	n	dmc	no	контра	inclusive
RU01800	n	dmc	no	коронабесие	inclusive
RU01801	p	dmc	no	красная зараза	inclusive
RU01802	n	dmc	no	красножопый	inclusive
RU01803	n	dmc	no	кремлебот	inclusive
RU01804	n	dmc	no	кремлядь	inclusive
RU01805	n	dmc	no	крымнашизм	inclusive
RU01806	n	dmc	no	кукурузник	inclusive
RU01807	n	dmc	no	левак	inclusive
RU01808	n	dmc	no	либеральничание	inclusive
RU01809	n	dmc	no	либераха	inclusive
RU01810	n	dmc	no	либерда	inclusive
RU01811	n	dmc	no	либероид	inclusive
RU01812	n	dmc	no	люфтваффе	inclusive
RU01813	n	dmc	no	махновщина	inclusive
RU01814	n	dmc	no	мова	inclusive
RU01815	n	dmc	no	могилизация	inclusive
RU01816	n	dmc	no	навальнёнок	inclusive
RU01817	n	dmc	no	насиловик	inclusive
RU01818	n	dmc	no	нацик	inclusive
RU01819	n	dmc	no	национал-предатель	inclusive
RU01820	n	dmc	no	националюга	inclusive
RU01821	n	dmc	no	недобиток	inclusive
RU01822	n	dmc	no	обезьянничать	inclusive
RU01823	n	dmc	no	обкомыч	inclusive
RU01824	n	dmc	no	овуляшка	inclusive
RU01825	n	dmc	no	овэзэшник	inclusive
RU01826	n	dmc	no	одномандатник	inclusive
RU01827	n	dmc	no	оккупант	inclusive
RU01828	n	dmc	no	окраина	inclusive
RU01829	n	dmc	no	отсебятина	inclusive
RU01830	n	dmc	no	отстойник	inclusive
RU01831	n	dmc	no	отщепенчество	inclusive
RU01832	n	dmc	no	охранитель	inclusive
RU01833	n	dmc	no	охранота	inclusive
RU01834	n	dmc	no	патриотствовать	inclusive
RU01835	n	dmc	no	пгм	inclusive
RU01836	n	dmc	no	перемога	inclusive
RU01837	n	dmc	no	перемоха	inclusive
RU01838	n	dmc	no	победобесие	inclusive
RU01839	n	dmc	no	поехавший	inclusive
RU01840	n	dmc	no	политикан	inclusive
RU01841	n	dmc	no	полусвастика	inclusive
RU01842	n	dmc	no	постсовок	inclusive
RU01843	p	dmc	no	потёмкинская деревня	inclusive
RU01844	n	dmc	no	поцреот	inclusive
RU01845	n	dmc	no	поцреотня	inclusive
RU01846	n	dmc	no	православнутый	inclusive
RU01847	n	dmc	no	пресс-секретут	inclusive
RU01848	n	dmc	no	пресс-секретутка	inclusive
RU01849	n	dmc	no	пресс-секретутский	inclusive
RU01850	n	dmc	no	приспособленчество	inclusive
RU01851	n	dmc	no	прихватизатор	inclusive
RU01852	n	dmc	no	прихватизаторский	inclusive
RU01853	n	dmc	no	прихватизационный	inclusive
RU01854	n	dmc	no	прихватизация	inclusive
RU01855	n	dmc	no	продразвёрстка	inclusive
RU01856	n	dmc	no	пропагандон	inclusive
RU01857	n	dmc	no	пропагандонский	inclusive
RU01858	n	dmc	no	пропагандонство	inclusive
RU01859	n	dmc	no	пропагандонствовать	inclusive
RU01860	n	dmc	no	пропагандонша	inclusive
RU01861	n	dmc	no	путинг	inclusive
RU01862	n	dmc	no	путиноид	inclusive
RU01863	n	dmc	no	путинферштеер	inclusive
RU01864	n	dmc	no	путлер	inclusive
RU01865	n	dmc	no	путлеровец	inclusive
RU01866	p	dmc	no	пушечное мясо	inclusive
RU01867	n	dmc	no	пыня	inclusive
RU01868	n	dmc	no	рейх	inclusive
RU01869	n	dmc	no	ржубль	inclusive
RU01870	n	dmc	no	роскомпозор	inclusive
RU01871	n	dmc	no	россиянец	inclusive
RU01872	n	dmc	no	сдвурушничать	inclusive
RU01873	n	dmc	no	симп	inclusive
RU01874	n	dmc	no	скрепоносец	inclusive
RU01875	n	dmc	no	собчачий	inclusive
RU01876	n	dmc	no	совкодрочер	inclusive
RU01877	n	dmc	no	соглашательство	inclusive
RU01878	n	dmc	no	соевый	inclusive
RU01879	n	dmc	no	сойлешник	inclusive
RU01880	p	dmc	no	соловьиный помёт	inclusive
RU01881	n	dmc	no	соловьёвщина	inclusive
RU01882	n	dmc	no	соросёнок	inclusive
RU01883	n	dmc	no	сралин	inclusive
RU01884	p	dmc	no	сумасшедший принтер	inclusive
RU01885	n	dmc	no	телеграм-помойка	inclusive
RU01886	n	dmc	no	телепропагандон	inclusive
RU01887	n	dmc	no	ура-патриот	inclusive
RU01888	n	dmc	no	ура-патриотизм	inclusive
RU01889	n	dmc	no	ухань	inclusive
RU01890	n	dmc	no	фашик	inclusive
RU01891	n	dmc	no	фашист	inclusive
RU01892	n	dmc	no	фашня	inclusive
RU01893	n	dmc	no	хунвейбин	inclusive
RU01894	n	dmc	no	хунвэйбин	inclusive
RU01895	n	dmc	no	черносотенец	inclusive
RU01896	n	dmc	no	черносотенник	inclusive
RU01897	n	dmc	no	шизопатриот	inclusive
RU01898	n	dmc	no	шкурничество	inclusive
RU01899	n	dmc	no	эльф	inclusive
RU01900	n	dmc	no	энкаведешник	inclusive
RU01901	n	dmc	no	эсерик	inclusive
RU01902	n	dmc	no	эсерчик	inclusive
RU01903	n	dmc	no	яжедевочка	inclusive
RU01904	n	dmc	no	яжемать	inclusive
RU01905	n	is	no	алтынник	inclusive
RU01906	n	is	no	алтынница	inclusive
RU01907	n	is	no	барин	inclusive
RU01908	n	is	no	бельишко	inclusive
RU01909	n	is	no	бомжара	inclusive
RU01910	n	is	no	бочка	inclusive
RU01911	n	is	no	быдляк	inclusive
RU01912	n	is	no	вахлак	inclusive
RU01913	n	is	no	вертухай	inclusive
RU01914	n	is	no	временщик	inclusive
RU01915	n	is	no	газетёнка	inclusive
RU01916	n	is	no	гнилуха	inclusive
RU01917	n	is	no	гнилушка	inclusive
RU01918	n	is	no	гнильцо	inclusive
RU01919	n	is	no	гопник	inclusive
RU01920	n	is	no	городишко	inclusive
RU01921	n	is	no	деньжонки	inclusive
RU01922	n	is	no	домишко	inclusive
RU01923	n	is	no	жлоб	inclusive
RU01924	n	is	no	жмотяра	inclusive
RU01925	n	is	no	золотишко	inclusive
RU01926	n	is	no	интеллигентщина	inclusive
RU01927	n	is	no	клетушка	inclusive
RU01928	n	is	no	книжонка	inclusive
RU01929	n	is	no	комнатушка	inclusive
RU01930	n	is	no	комнатёнка	inclusive
RU01931	n	is	no	корыто	inclusive
RU01932	n	is	no	кубаноид	inclusive
RU01933	n	is	no	кулак	inclusive
RU01934	n	is	no	кулачьё	inclusive
RU01935	n	is	no	куркуль	inclusive
RU01936	n	is	no	лавочник	inclusive
RU01937	n	is	no	лакейский	inclusive
RU01938	n	is	no	лакейство	inclusive
RU01939	n	is	no	лакейщина	inclusive
RU01940	n	is	no	лохань	inclusive
RU01941	n	is	no	людишки	inclusive
RU01942	n	is	no	люмпен	inclusive
RU01943	n	is	no	макулатурный	inclusive
RU01944	n	is	no	мещанинишка	inclusive
RU01945	n	is	no	мужик	inclusive
RU01946	n	is	no	мужики	inclusive
RU01947	n	is	no	мужиков	inclusive
RU01948	n	is	no	мужичонка	inclusive
RU01949	n	is	no	мужичьё	inclusive
RU01950	n	is	no	мужлан	inclusive
RU01951	n	is	no	мыслишка	inclusive
RU01952	n	is	no	народец	inclusive
RU01953	n	is	no	народишко	inclusive
RU01954	n	is	no	нервишки	inclusive
RU01955	n	is	no	нищеброд	inclusive
RU01956	n	is	no	ножонка	inclusive
RU01957	n	is	no	образованец	inclusive
RU01958	n	is	no	образованщина	inclusive
RU01959	n	is	no	одежонка	inclusive
RU01960	n	is	no	отребье	inclusive
RU01961	n	is	no	охвостье	inclusive
RU01962	n	is	no	пальтишко	inclusive
RU01963	n	is	no	пахан	inclusive
RU01964	n	is	no	паханат	inclusive
RU01965	n	is	no	пижон	inclusive
RU01966	n	is	no	плебей	inclusive
RU01967	n	is	no	плебейство	inclusive
RU01968	n	is	no	побирушка	inclusive
RU01969	n	is	no	поделка	inclusive
RU01970	n	is	no	посудина	inclusive
RU01971	n	is	no	прилипала	inclusive
RU01972	n	is	no	прихлебательница	inclusive
RU01973	n	is	no	работёнка	inclusive
RU01974	n	is	no	рублишко	inclusive
RU01975	n	is	no	сброд	inclusive
RU01976	n	is	no	семейка	inclusive
RU01977	p	is	no	серая масса	inclusive
RU01978	n	is	no	скалдырник	inclusive
RU01979	n	is	no	скалдырница	inclusive
RU01980	n	is	no	сквалыга	inclusive
RU01981	n	is	no	сквалыжник	inclusive
RU01982	n	is	no	смерд	inclusive
RU01983	n	is	no	совдепия	inclusive
RU01984	n	is	no	совок	inclusive
RU01985	n	is	no	стекляшка	inclusive
RU01986	n	is	no	стиляга	inclusive
RU01987	n	is	no	студентишка	inclusive
RU01988	n	is	no	судёнышко	inclusive
RU01989	n	is	no	типок	inclusive
RU01990	n	is	no	умишко	inclusive
RU01991	n	is	no	хам	inclusive
RU01992	n	is	no	хамить	inclusive
RU01993	n	is	no	хамка	inclusive
RU01994	n	is	no	хамло	inclusive
RU01995	n	is	no	хамов	inclusive
RU01996	n	is	no	хамство	inclusive
RU01997	n	is	no	хибара	inclusive
RU01998	n	is	no	хиллбилли	inclusive
RU01999	n	is	no	хлыщ	inclusive
RU02000	n	is	no	холуй	inclusive
RU02001	n	is	no	чатлах	inclusive
RU02002	n	is	no	человечишко	inclusive
RU02003	n	is	no	чернь	inclusive
RU02004	n	is	no	чинодрал	inclusive
RU02005	n	is	no	чинуша	inclusive
RU02006	n	is	no	чистоплюй	inclusive
RU02007	n	is	no	шваль	inclusive
RU02008	n	is	no	шинелишка	inclusive
RU02009	n	is	no	шинелёнка	inclusive
RU02010	n	is	no	шпана	inclusive
RU02011	n	om	yes	вафлёр	conservative
RU02012	n	om	yes	вафлёра	conservative
RU02013	n	om	yes	вафлёрам	conservative
RU02014	n	om	yes	вафлёрами	conservative
RU02015	n	om	yes	вафлёрах	conservative
RU02016	n	om	yes	вафлёре	conservative
RU02017	n	om	yes	вафлёров	conservative
RU02018	n	om	yes	вафлёром	conservative
RU02019	n	om	yes	вафлёру	conservative
RU02020	n	om	yes	вафлёры	conservative
RU02021	n	om	yes	википидор	inclusive
RU02022	n	om	yes	глиномес	conservative
RU02023	n	om	yes	голубизна	inclusive
RU02024	n	om	yes	голубой	inclusive
RU02025	n	om	yes	гомик	conservative
RU02026	n	om	yes	гомика	conservative
RU02027	n	om	yes	гомикам	conservative
RU02028	n	om	yes	гомиками	conservative
RU02029	n	om	yes	гомиках	conservative
RU02030	n	om	yes	гомике	conservative
RU02031	n	om	yes	гомиков	conservative
RU02032	n	om	yes	гомиком	conservative
RU02033	n	om	yes	гомику	conservative
RU02034	n	om	yes	гомосек	conservative
RU02035	n	om	yes	гомосеку	conservative
RU02036	n	om	yes	додик	inclusive
RU02037	n	om	yes	еврогеец	inclusive
RU02038	n	om	yes	импераст	conservative
RU02039	n	om	yes	ковырялка	inclusive
RU02040	n	om	yes	козлодой	conservative
RU02041	n	om	yes	копираст	conservative
RU02042	n	om	yes	копирастический	inclusive
RU02043	n	om	yes	лесбуха	conservative
RU02044	n	om	yes	либераст	conservative
RU02045	n	om	yes	либерастия	conservative
RU02046	n	om	yes	либерастня	conservative
RU02047	n	om	yes	либерастов	conservative
RU02048	n	om	yes	либерасты	conservative
RU02049	n	om	yes	опидореть	conservative
RU02050	n	om	yes	опускать	conservative
RU02051	n	om	yes	опущенный	conservative
RU02052	n	om	yes	педераст	conservative
RU02053	n	om	yes	педераста	conservative
RU02054	n	om	yes	педерастам	conservative
RU02055	n	om	yes	педерастами	conservative
RU02056	n	om	yes	педерастах	conservative
RU02057	n	om	yes	педерасте	conservative
RU02058	n	om	yes	педерастов	conservative
RU02059	n	om	yes	педерастом	conservative
RU02060	n	om	yes	педерасту	conservative
RU02061	n	om	yes	педерасты	conservative
RU02062	n	om	yes	педик	conservative
RU02063	n	om	yes	педика	conservative
RU02064	n	om	yes	педикам	conservative
RU02065	n	om	yes	педиками	conservative
RU02066	n	om	yes	педиках	conservative
RU02067	n	om	yes	педике	conservative
RU02068	n	om	yes	педиков	conservative
RU02069	n	om	yes	педиком	conservative
RU02070	n	om	yes	педику	conservative
RU02071	n	om	yes	педрила	conservative
RU02072	n	om	yes	педрилами	conservative
RU02073	n	om	yes	педрилах	conservative
RU02074	n	om	yes	педриле	conservative
RU02075	n	om	yes	педрили	conservative
RU02076	n	om	yes	педрилу	conservative
RU02077	n	om	yes	петух	conservative
RU02078	n	om	yes	петухам	conservative
RU02079	n	om	yes	петушара	inclusive
RU02080	n	om	yes	петушок	inclusive
RU02081	n	om	yes	пиараст	conservative
RU02082	n	om	yes	пидар	conservative
RU02083	n	om	yes	пидара	conservative
RU02084	n	om	yes	пидарам	conservative
RU02085	n	om	yes	пидарами	conservative
RU02086	n	om	yes	пидарас	conservative
RU02087	n	om	yes	пидараса	conservative
RU02088	n	om	yes	пидарасам	conservative
RU02089	n	om	yes	пидарасами	conservative
RU02090	n	om	yes	пидарасах	conservative
RU02091	n	om	yes	пидарасе	conservative
RU02092	n	om	yes	пидарасов	conservative
RU02093	n	om	yes	пидарасом	conservative
RU02094	n	om	yes	пидарасу	conservative
RU02095	n	om	yes	пидарасы	conservative
RU02096	n	om	yes	пидарах	conservative
RU02097	n	om	yes	пидаре	conservative
RU02098	n	om	yes	пидаров	conservative
RU02099	n	om	yes	пидаром	conservative
RU02100	n	om	yes	пидару	conservative
RU02101	n	om	yes	пидары	conservative
RU02102	n	om	yes	пидор	conservative
RU02103	n	om	yes	пидора	conservative
RU02104	n	om	yes	пидорам	conservative
RU02105	n	om	yes	пидорами	conservative
RU02106	n	om	yes	пидорас	conservative
RU02107	n	om	yes	пидораса	conservative
RU02108	n	om	yes	пидорасам	conservative
RU02109	n	om	yes	пидорасами	conservative
RU02110	n	om	yes	пидорасах	conservative
RU02111	n	om	yes	пидорасе	conservative
RU02112	n	om	yes	пидорасина	conservative
RU02113	n	om	yes	пидорасить	conservative
RU02114	n	om	yes	пидорасня	conservative
RU02115	n	om	yes	пидорасов	conservative
RU02116	n	om	yes	пидорасом	conservative
RU02117	n	om	yes	пидорасу	conservative
RU02118	n	om	yes	пидорасы	conservative
RU02119	n	om	yes	пидорах	conservative
RU02120	n	om	yes	пидорашка	conservative
RU02121	n	om	yes	пидорашки	conservative
RU02122	n	om	yes	пидорбург	inclusive
RU02123	n	om	yes	пидорг	conservative
RU02124	n	om	yes	пидоре	conservative
RU02125	n	om	yes	пидормон	conservative
RU02126	n	om	yes	пидормот	conservative
RU02127	n	om	yes	пидормотина	conservative
RU02128	n	om	yes	пидормоты	conservative
RU02129	n	om	yes	пидоров	conservative
RU02130	n	om	yes	пидором	conservative
RU02131	n	om	yes	пидорский	conservative
RU02132	n	om	yes	пидору	conservative
RU02133	n	om	yes	пидоры	conservative
RU02134	n	om	yes	пидр	conservative
RU02135	n	om	yes	пидрахуй	conservative
RU02136	n	om	yes	полупидор	conservative
RU02137	n	om	yes	полупидоры	conservative
RU02138	n	om	yes	распидорасить	conservative
RU02139	n	om	yes	содомит	inclusive
RU02140	n	om	yes	твинк	inclusive
RU02141	n	om	yes	толеразм	conservative
RU02142	n	om	yes	толераст	conservative
RU02143	n	om	yes	толерастия	conservative
RU02144	n	om	yes	трансуха	conservative
RU02145	n	om	yes	цисня	inclusive
RU02146	n	or	no	тыква	inclusive
RU02147	n	pa	no	барыга	inclusive
RU02148	n	pa	no	башибузук	inclusive
RU02149	n	pa	no	военщина	inclusive
RU02150	n	pa	no	вояка	inclusive
RU02151	n	pa	no	генералишка	inclusive
RU02152	n	pa	no	госдура	inclusive
RU02153	n	pa	no	грантоед	inclusive
RU02154	n	pa	no	дармоед	inclusive
RU02155	n	pa	no	двурушник	inclusive
RU02156	n	pa	no	двурушничество	inclusive
RU02157	n	pa	no	делец	inclusive
RU02158	n	pa	no	депутан	inclusive
RU02159	n	pa	no	депутатишко	inclusive
RU02160	n	pa	no	докторишка	inclusive
RU02161	n	pa	no	доноситель	inclusive
RU02162	n	pa	no	доносчик	inclusive
RU02163	n	pa	no	доносчица	inclusive
RU02164	n	pa	no	завлаб	inclusive
RU02165	n	pa	no	зетник	inclusive
RU02166	n	pa	no	кодер	inclusive
RU02167	n	pa	no	коммерс	inclusive
RU02168	p	pa	no	крапивное семя	inclusive
RU02169	n	pa	no	лампасник	inclusive
RU02170	n	pa	no	ландскнехт	inclusive
RU02171	n	pa	no	легавый	inclusive
RU02172	n	pa	no	матросня	inclusive
RU02173	n	pa	no	мент	inclusive
RU02174	n	pa	no	менты	inclusive
RU02175	n	pa	no	ментяра	inclusive
RU02176	n	pa	no	мигалочник	inclusive
RU02177	n	pa	no	мобик	inclusive
RU02178	n	pa	no	мусор	inclusive
RU02179	n	pa	no	мусорня	inclusive
RU02180	n	pa	no	нувориш	inclusive
RU02181	n	pa	no	офицерня	inclusive
RU02182	n	pa	no	офицерщина	inclusive
RU02183	n	pa	no	офицерьё	inclusive
RU02184	n	pa	no	перебежчик	inclusive
RU02185	n	pa	no	писака	inclusive
RU02186	n	pa	no	писанина	inclusive
RU02187	n	pa	no	писачка	inclusive
RU02188	n	pa	no	полицай	inclusive
RU02189	p	pa	no	приказная строка	inclusive
RU02190	n	pa	no	прохвост	inclusive
RU02191	n	pa	no	прощелыга	inclusive
RU02192	n	pa	no	рекламист	inclusive
RU02193	n	pa	no	ренегат	inclusive
RU02194	n	pa	no	салоед	inclusive
RU02195	n	pa	no	сексот	inclusive
RU02196	n	pa	no	сексотить	inclusive
RU02197	n	pa	no	сексотка	inclusive
RU02198	n	pa	no	сексотство	inclusive
RU02199	n	pa	no	силовичьё	inclusive
RU02200	n	pa	no	солдатня	inclusive
RU02201	n	pa	no	солдафон	inclusive
RU02202	n	pa	no	судилище	inclusive
RU02203	n	pa	no	титушка	inclusive
RU02204	n	pa	no	титушня	inclusive
RU02205	n	pa	no	титушок	inclusive
RU02206	n	pa	no	торгаш	inclusive
RU02207	p	pa	no	тыловая крыса	inclusive
RU02208	n	pa	no	тюремщик	inclusive
RU02209	n	pa	no	училка	inclusive
RU02210	n	pa	no	фараон	inclusive
RU02211	n	pa	no	фургалак	inclusive
RU02212	n	pa	no	фургалоид	inclusive
RU02213	n	pa	no	чмобик	inclusive
RU02214	n	pa	no	шаркун	inclusive
RU02215	n	pa	no	шпак	inclusive
RU02216	n	pa	no	юзверь	inclusive
RU02217	n	pr	no	альфонс	inclusive
RU02218	n	pr	no	баба	inclusive
RU02219	n	pr	no	бабьё	inclusive
RU02220	n	pr	no	бл*дь	inclusive
RU02221	n	pr	no	блд	inclusive
RU02222	n	pr	no	бля	inclusive
RU02223	n	pr	no	блядво	inclusive
RU02224	n	pr	no	блядей	inclusive
RU02225	n	pr	no	бляди	inclusive
RU02226	n	pr	no	блядина	inclusive
RU02227	n	pr	no	блядища	inclusive
RU02228	n	pr	no	блядки	inclusive
RU02229	n	pr	no	блядовать	inclusive
RU02230	n	pr	no	блядовитый	inclusive
RU02231	n	pr	no	блядословник	inclusive
RU02232	n	pr	no	блядоёбина	inclusive
RU02233	p	pr	no	блядоёбина хуеротая	inclusive
RU02234	n	pr	no	блядский	inclusive
RU02235	n	pr	no	блядство	inclusive
RU02236	n	pr	no	блядствовать	inclusive
RU02237	n	pr	no	блядун	inclusive
RU02238	n	pr	no	блядь	inclusive
RU02239	n	pr	no	блядькать	inclusive
RU02240	n	pr	no	блядькнуть	inclusive
RU02241	n	pr	no	блядюга	inclusive
RU02242	n	pr	no	блядёшка	inclusive
RU02243	n	pr	no	блять	inclusive
RU02244	n	pr	no	видеопорнуха	inclusive
RU02245	n	pr	no	давалка	inclusive
RU02246	n	pr	no	девка	inclusive
RU02247	n	pr	no	дешёвка	inclusive
RU02248	n	pr	no	журнашлюха	inclusive
RU02249	n	pr	no	журнашлюшка	inclusive
RU02250	n	pr	no	заблядовать	inclusive
RU02251	n	pr	no	карьеристка	inclusive
RU02252	n	pr	no	кремлешлюха	inclusive
RU02253	n	pr	no	кремлешлюшка	inclusive
RU02254	n	pr	no	куколка	inclusive
RU02255	n	pr	no	курва	inclusive
RU02256	n	pr	no	лярва	inclusive
RU02257	n	pr	no	милочка	inclusive
RU02258	n	pr	no	мокрохвостка	inclusive
RU02259	n	pr	no	оторва	inclusive
RU02260	n	pr	no	папик	inclusive
RU02261	n	pr	no	поблядушка	inclusive
RU02262	n	pr	no	подстилка	inclusive
RU02263	p	pr	no	политическая проститутка	inclusive
RU02264	n	pr	no	потаскунья	inclusive
RU02265	n	pr	no	потаскуха	inclusive
RU02266	n	pr	no	потаскушка	inclusive
RU02267	n	pr	no	проблядь	inclusive
RU02268	n	pr	no	проститутка	inclusive
RU02269	n	pr	no	прохвостка	inclusive
RU02270	n	pr	no	прошмандовка	inclusive
RU02271	n	pr	no	сводня	inclusive
RU02272	n	pr	no	соска	inclusive
RU02273	n	pr	no	сосочка	inclusive
RU02274	n	pr	no	социоблядь	inclusive
RU02275	n	pr	no	спермоедка	inclusive
RU02276	n	pr	no	хабальный	inclusive
RU02277	n	pr	no	халда	inclusive
RU02278	n	pr	no	шаболда	inclusive
RU02279	n	pr	no	шалава	inclusive
RU02280	n	pr	no	шалавистый	inclusive
RU02281	n	pr	no	шалашовка	inclusive
RU02282	n	pr	no	шлюха	inclusive
RU02283	n	pr	no	шлюхан	inclusive
RU02284	n	pr	no	шлюхи	inclusive
RU02285	n	pr	no	шлюховатый	inclusive
RU02286	n	pr	no	шлюший	inclusive
RU02287	n	pr	no	шмара	inclusive
RU02288	n	pr	no	штучка	inclusive
RU02289	n	ps	yes	абаза	conservative
RU02290	n	ps	yes	абрек	conservative
RU02291	n	ps	yes	австрияк	inclusive
RU02292	n	ps	yes	азер	conservative
RU02293	n	ps	yes	азербон	conservative
RU02294	n	ps	yes	азербот	conservative
RU02295	n	ps	yes	азерботный	conservative
RU02296	n	ps	yes	азербуд	conservative
RU02297	n	ps	yes	азик	conservative
RU02298	n	ps	yes	айзер	conservative
RU02299	n	ps	yes	амер	conservative
RU02300	n	ps	yes	америкос	conservative
RU02301	n	ps	yes	америкосам	conservative
RU02302	n	ps	yes	америкосы	conservative
RU02303	n	ps	yes	амеров	conservative
RU02304	n	ps	yes	англосакс	inclusive
RU02305	n	ps	yes	ара	conservative
RU02306	n	ps	yes	арап	inclusive
RU02307	n	ps	yes	армяшка	conservative
RU02308	n	ps	yes	бандерлог	conservative
RU02309	n	ps	yes	бандерлога	conservative
RU02310	n	ps	yes	бандерлоги	conservative
RU02311	n	ps	yes	бандеровец	conservative
RU02312	n	ps	yes	бандеровцы	conservative
RU02313	n	ps	yes	бармалей	conservative
RU02314	n	ps	yes	басурманин	conservative
RU02315	n	ps	yes	белорусня	inclusive
RU02316	n	ps	yes	бош	inclusive
RU02317	n	ps	yes	бульбаш	conservative
RU02318	n	ps	yes	бульбаша	conservative
RU02319	n	ps	yes	бульбоед	conservative
RU02320	n	ps	yes	бульбостан	inclusive
RU02321	n	ps	yes	бургер	inclusive
RU02322	n	ps	yes	быдлорус	conservative
RU02323	n	ps	yes	ваня	inclusive
RU02324	n	ps	yes	гринго	inclusive
RU02325	n	ps	yes	гяур	conservative
RU02326	n	ps	yes	джамшут	conservative
RU02327	n	ps	yes	джамшутка	conservative
RU02328	n	ps	yes	джихад-арба	conservative
RU02329	n	ps	yes	жабоед	conservative
RU02330	n	ps	yes	жид	conservative
RU02331	n	ps	yes	жидва	conservative
RU02332	n	ps	yes	жидня	conservative
RU02333	n	ps	yes	жидобандеровец	conservative
RU02334	n	ps	yes	жидов	conservative
RU02335	n	ps	yes	жидовня	conservative
RU02336	n	ps	yes	жидовский	conservative
RU02337	n	ps	yes	жидовщина	conservative
RU02338	n	ps	yes	жидоед	conservative
RU02339	n	ps	yes	жидок	conservative
RU02340	n	ps	yes	жидом	conservative
RU02341	n	ps	yes	жидомасонский	conservative
RU02342	n	ps	yes	жидостан	inclusive
RU02343	n	ps	yes	жиды	conservative
RU02344	n	ps	yes	жидюга	conservative
RU02345	n	ps	yes	жидёнок	conservative
RU02346	n	ps	yes	замоташка	conservative
RU02347	n	ps	yes	западенец	conservative
RU02348	n	ps	yes	зелерейх	conservative
RU02349	n	ps	yes	змагар	inclusive
RU02350	n	ps	yes	иван	inclusive
RU02351	n	ps	yes	инородец	conservative
RU02352	n	ps	yes	итальяшка	conservative
RU02353	n	ps	yes	калба	conservative
RU02354	n	ps	yes	калбит	conservative
RU02355	n	ps	yes	калбитстан	inclusive
RU02356	n	ps	yes	карапетина	conservative
RU02357	p	ps	yes	картавый рыжий хуй	conservative
RU02358	n	ps	yes	кастрюлеголовый	conservative
RU02359	n	ps	yes	кацап	conservative
RU02360	n	ps	yes	кацапа	conservative
RU02361	n	ps	yes	кацапам	conservative
RU02362	n	ps	yes	кацапка	conservative
RU02363	n	ps	yes	кацапня	conservative
RU02364	n	ps	yes	кацапов	conservative
RU02365	n	ps	yes	кацапу	conservative
RU02366	n	ps	yes	кацапы	conservative
RU02367	n	ps	yes	квадратноголовый	conservative
RU02368	n	ps	yes	китаёза	conservative
RU02369	n	ps	yes	колбасня	conservative
RU02370	n	ps	yes	колорад	inclusive
RU02371	n	ps	yes	колорады	inclusive
RU02372	n	ps	yes	комяк	inclusive
RU02373	n	ps	yes	контрнахрюк	conservative
RU02374	n	ps	yes	корсакстан	inclusive
RU02375	n	ps	yes	косоглазый	conservative
RU02376	n	ps	yes	кули	conservative
RU02377	n	ps	yes	кяфир	conservative
RU02378	n	ps	yes	лабас	conservative
RU02379	n	ps	yes	лабус	conservative
RU02380	n	ps	yes	лаврушник	conservative
RU02381	n	ps	yes	латинство	inclusive
RU02382	n	ps	yes	латинянин	inclusive
RU02383	n	ps	yes	лахтарь	conservative
RU02384	n	ps	yes	лохол	inclusive
RU02385	n	ps	yes	лягушатник	inclusive
RU02386	n	ps	yes	лях	inclusive
RU02387	n	ps	yes	ляшка	inclusive
RU02388	n	ps	yes	макаронник	conservative
RU02389	n	ps	yes	малороссия	inclusive
RU02390	n	ps	yes	малороссиянин	inclusive
RU02391	n	ps	yes	мамбет	conservative
RU02392	n	ps	yes	мекс	inclusive
RU02393	n	ps	yes	мексикашка	conservative
RU02394	n	ps	yes	микола	inclusive
RU02395	n	ps	yes	мобутовец	inclusive
RU02396	n	ps	yes	мовнюк	conservative
RU02397	n	ps	yes	москаль	conservative
RU02398	n	ps	yes	мыкола	inclusive
RU02399	n	ps	yes	наглосакс	inclusive
RU02400	n	ps	yes	наташа	inclusive
RU02401	n	ps	yes	нахрюк	conservative
RU02402	n	ps	yes	негритос	conservative
RU02403	n	ps	yes	негритоска	conservative
RU02404	n	ps	yes	негритосу	conservative
RU02405	n	ps	yes	негритосы	conservative
RU02406	n	ps	yes	немчура	conservative
RU02407	n	ps	yes	нерусь	conservative
RU02408	n	ps	yes	нехристь	conservative
RU02409	n	ps	yes	нигга	conservative
RU02410	n	ps	yes	ниггер	conservative
RU02411	n	ps	yes	ниггеры	conservative
RU02412	n	ps	yes	овцеёб	conservative
RU02413	n	ps	yes	оксанка	inclusive
RU02414	n	ps	yes	орк	inclusive
RU02415	n	ps	yes	орки	inclusive
RU02416	n	ps	yes	оркостан	conservative
RU02417	n	ps	yes	пан	inclusive
RU02418	n	ps	yes	пархатый	conservative
RU02419	n	ps	yes	пендос	conservative
RU02420	n	ps	yes	пендоса	conservative
RU02421	n	ps	yes	пендосам	conservative
RU02422	n	ps	yes	пендосами	conservative
RU02423	n	ps	yes	пендосах	conservative
RU02424	n	ps	yes	пендосе	conservative
RU02425	n	ps	yes	пендосов	conservative
RU02426	n	ps	yes	пендосом	conservative
RU02427	n	ps	yes	пендосу	conservative
RU02428	n	ps	yes	пендосы	conservative
RU02429	n	ps	yes	пиздоглазый	conservative
RU02430	n	ps	yes	пиндос	conservative
RU02431	n	ps	yes	пиндоса	conservative
RU02432	n	ps	yes	пиндосам	conservative
RU02433	n	ps	yes	пиндосами	conservative
RU02434	n	ps	yes	пиндосах	conservative
RU02435	n	ps	yes	пиндосе	conservative
RU02436	n	ps	yes	пиндосия	conservative
RU02437	n	ps	yes	пиндосов	conservative
RU02438	n	ps	yes	пиндосом	conservative
RU02439	n	ps	yes	пиндосу	conservative
RU02440	n	ps	yes	пиндосы	conservative
RU02441	n	ps	yes	подпиндосник	conservative
RU02442	n	ps	yes	полячишка	conservative
RU02443	n	ps	yes	прибалт	inclusive
RU02444	n	ps	yes	прожидь	conservative
RU02445	n	ps	yes	пшек	conservative
RU02446	n	ps	yes	пшека	conservative
RU02447	n	ps	yes	пшекать	inclusive
RU02448	n	ps	yes	пшеков	conservative
RU02449	n	ps	yes	пшечка	conservative
RU02450	n	ps	yes	рагуль	conservative
RU02451	n	ps	yes	рашизм	conservative
RU02452	n	ps	yes	рашист	conservative
RU02453	n	ps	yes	рашистка	conservative
RU02454	n	ps	yes	рашистский	conservative
RU02455	n	ps	yes	рисоед	conservative
RU02456	n	ps	yes	рогуль	conservative
RU02457	n	ps	yes	руssкий	conservative
RU02458	n	ps	yes	русня	conservative
RU02459	n	ps	yes	русопят	conservative
RU02460	n	ps	yes	русорез	conservative
RU02461	n	ps	yes	саловермахт	conservative
RU02462	n	ps	yes	салолюфтваффе	conservative
RU02463	n	ps	yes	салорейх	conservative
RU02464	n	ps	yes	салофюрер	conservative
RU02465	n	ps	yes	самоед	inclusive
RU02466	n	ps	yes	свидомит	conservative
RU02467	n	ps	yes	свидомый	conservative
RU02468	n	ps	yes	свинолюфтваффе	conservative
RU02469	n	ps	yes	свинорейх	conservative
RU02470	n	ps	yes	свинорус	conservative
RU02471	n	ps	yes	свинособака	conservative
RU02472	n	ps	yes	свиноукреп	conservative
RU02473	n	ps	yes	скакол	inclusive
RU02474	n	ps	yes	скопец	inclusive
RU02475	n	ps	yes	тарас	inclusive
RU02476	n	ps	yes	татарва	inclusive
RU02477	n	ps	yes	татарщина	inclusive
RU02478	n	ps	yes	трансхохол	conservative
RU02479	n	ps	yes	узкоглазый	conservative
RU02480	n	ps	yes	укр	inclusive
RU02481	n	ps	yes	укровермахт	conservative
RU02482	n	ps	yes	укролюфтваффе	conservative
RU02483	n	ps	yes	укронаци	conservative
RU02484	n	ps	yes	укронацизм	conservative
RU02485	n	ps	yes	укронацист	conservative
RU02486	n	ps	yes	укронацистка	conservative
RU02487	n	ps	yes	укропитек	conservative
RU02488	n	ps	yes	укрорейх	conservative
RU02489	n	ps	yes	укрофашизм	conservative
RU02490	n	ps	yes	укрофашист	conservative
RU02491	n	ps	yes	укрофашистка	conservative
RU02492	n	ps	yes	укроюгенд	conservative
RU02493	n	ps	yes	урюк	inclusive
RU02494	n	ps	yes	фриц	conservative
RU02495	n	ps	yes	хач	conservative
RU02496	n	ps	yes	хачам	conservative
RU02497	n	ps	yes	хачами	conservative
RU02498	n	ps	yes	хачик	conservative
RU02499	n	ps	yes	хачмобиль	conservative
RU02500	n	ps	yes	хохловермахт	conservative
RU02501	n	ps	yes	хохлолюфтваффе	conservative
RU02502	n	ps	yes	хохломусор	conservative
RU02503	n	ps	yes	хохлосрач	inclusive
RU02504	n	ps	yes	хохлостан	inclusive
RU02505	n	ps	yes	хохлофюрер	conservative
RU02506	n	ps	yes	хохлоюгенд	conservative
RU02507	n	ps	yes	хохлушка	conservative
RU02508	n	ps	yes	хохляцкий	conservative
RU02509	n	ps	yes	хохол	conservative
RU02510	n	ps	yes	христопродавец	conservative
RU02511	n	ps	yes	черножопик	conservative
RU02512	n	ps	yes	черножопый	conservative
RU02513	n	ps	yes	черномазый	conservative
RU02514	n	ps	yes	чубаноид	inclusive
RU02515	n	ps	yes	чубатый	inclusive
RU02516	n	ps	yes	чурка	conservative
RU02517	n	ps	yes	чурками	conservative
RU02518	n	ps	yes	чуркестан	inclusive
RU02519	n	ps	yes	чурки	conservative
RU02520	n	ps	yes	чуркистан	inclusive
RU02521	n	ps	yes	чухна	conservative
RU02522	n	ps	yes	чухонец	conservative
RU02523	n	ps	yes	чухонский	conservative
RU02524	n	ps	yes	чучмек	conservative
RU02525	n	ps	yes	шахид-такси	conservative
RU02526	n	ps	yes	эфиоп	inclusive
RU02527	n	ps	yes	эфиопка	inclusive
RU02528	n	ps	yes	япошка	conservative
RU02529	n	ps	yes	ярусский	inclusive
RU02530	n	qas	no	аквафреш	inclusive
RU02531	n	qas	no	акула	inclusive
RU02532	n	qas	no	алкаш	inclusive
RU02533	n	qas	no	алкашка	inclusive
RU02534	n	qas	no	алкашня	inclusive
RU02535	n	qas	no	аметист	inclusive
RU02536	n	qas	no	аморальщина	inclusive
RU02537	n	qas	no	анонимка	inclusive
RU02538	n	qas	no	анонимщик	inclusive
RU02539	n	qas	no	анцыбал	inclusive
RU02540	p	qas	no	артист погорелого театра	inclusive
RU02541	n	qas	no	аршинник	inclusive
RU02542	n	qas	no	аэропортишко	inclusive
RU02543	n	qas	no	бабораб	inclusive
RU02544	n	qas	no	бандура	inclusive
RU02545	n	qas	no	барабашка	inclusive
RU02546	n	qas	no	барахлишко	inclusive
RU02547	n	qas	no	башка	inclusive
RU02548	n	qas	no	безвольный	inclusive
RU02549	n	qas	no	бездарщина	inclusive
RU02550	n	qas	no	бездельник	inclusive
RU02551	p	qas	no	белая смерть	inclusive
RU02552	n	qas	no	бердышка	inclusive
RU02553	n	qas	no	бздых	inclusive
RU02554	n	qas	no	бздышка	inclusive
RU02555	n	qas	no	благодушие	inclusive
RU02556	n	qas	no	блудник	inclusive
RU02557	n	qas	no	богадельня	inclusive
RU02558	n	qas	no	болтать	inclusive
RU02559	n	qas	no	борзота	inclusive
RU02560	n	qas	no	бородёнка	inclusive
RU02561	n	qas	no	ботало	inclusive
RU02562	n	qas	no	бравада	inclusive
RU02563	n	qas	no	брехло	inclusive
RU02564	n	qas	no	бубен	inclusive
RU02565	n	qas	no	бугай	inclusive
RU02566	n	qas	no	бузила	inclusive
RU02567	n	qas	no	буффон	inclusive
RU02568	n	qas	no	быдлоящик	inclusive
RU02569	n	qas	no	варнак	inclusive
RU02570	n	qas	no	вафля	inclusive
RU02571	n	qas	no	вероломный	inclusive
RU02572	n	qas	no	верхогляд	inclusive
RU02573	n	qas	no	вестерн	inclusive
RU02574	n	qas	no	ветошка	inclusive
RU02575	p	qas	no	ветряная мельница	inclusive
RU02576	n	qas	no	википедик	inclusive
RU02577	n	qas	no	винище	inclusive
RU02578	n	qas	no	виснуть	inclusive
RU02579	n	qas	no	вляпать	inclusive
RU02580	n	qas	no	вляпывать	inclusive
RU02581	n	qas	no	вобла	inclusive
RU02582	p	qas	no	вороний корм	inclusive
RU02583	n	qas	no	вшивота	inclusive
RU02584	n	qas	no	выблядок	inclusive
RU02585	n	qas	no	выздоравливать	inclusive
RU02586	n	qas	no	выкормыш	inclusive
RU02587	n	qas	no	вырусь	inclusive
RU02588	n	qas	no	вытиран	inclusive
RU02589	n	qas	no	вытравить	inclusive
RU02590	n	qas	no	вытравлять	inclusive
RU02591	n	qas	no	вяньгать	inclusive
RU02592	n	qas	no	гадить	inclusive
RU02593	n	qas	no	галимый	inclusive
RU02594	n	qas	no	головотяп	inclusive
RU02595	n	qas	no	голоштанник	inclusive
RU02596	n	qas	no	голоштанный	inclusive
RU02597	n	qas	no	горлодёр	inclusive
RU02598	n	qas	no	дич	inclusive
RU02599	n	qas	no	днище	inclusive
RU02600	n	qas	no	дохнуть	inclusive
RU02601	n	qas	no	дрань	inclusive
RU02602	n	qas	no	дрыхнуть	inclusive
RU02603	n	qas	no	душнила	inclusive
RU02604	n	qas	no	душонка	inclusive
RU02605	n	qas	no	ездюк	inclusive
RU02606	n	qas	no	жадюга	inclusive
RU02607	n	qas	no	ждун	inclusive
RU02608	n	qas	no	железяка	inclusive
RU02609	n	qas	no	живодёр	inclusive
RU02610	n	qas	no	живодёрский	inclusive
RU02611	n	qas	no	жмых	inclusive
RU02612	n	qas	no	жополизы	inclusive
RU02613	n	qas	no	жужжать	inclusive
RU02614	n	qas	no	забугорье	inclusive
RU02615	n	qas	no	задрать	inclusive
RU02616	n	qas	no	задрот	inclusive
RU02617	n	qas	no	задрыга	inclusive
RU02618	n	qas	no	зажравшийся	inclusive
RU02619	n	qas	no	замарашка	inclusive
RU02620	n	qas	no	заморочиться	inclusive
RU02621	n	qas	no	зануда	inclusive
RU02622	n	qas	no	звонарь	inclusive
RU02623	n	qas	no	злодей	inclusive
RU02624	n	qas	no	злыдень	inclusive
RU02625	n	qas	no	злюка	inclusive
RU02626	n	qas	no	змеиный	inclusive
RU02627	n	qas	no	зоотечественник	inclusive
RU02628	n	qas	no	зоошиза	inclusive
RU02629	n	qas	no	зубрила	inclusive
RU02630	n	qas	no	интеллигентский	inclusive
RU02631	n	qas	no	интриган	inclusive
RU02632	n	qas	no	искусственность	inclusive
RU02633	n	qas	no	искусственный	inclusive
RU02634	n	qas	no	кабак	inclusive
RU02635	n	qas	no	кабинетный	inclusive
RU02636	n	qas	no	кадра	inclusive
RU02637	n	qas	no	казарменный	inclusive
RU02638	n	qas	no	калякать	inclusive
RU02639	n	qas	no	каркать	inclusive
RU02640	n	qas	no	картишки	inclusive
RU02641	n	qas	no	кичиться	inclusive
RU02642	n	qas	no	клепать	inclusive
RU02643	n	qas	no	клоун	inclusive
RU02644	n	qas	no	коленце	inclusive
RU02645	n	qas	no	колотовка	inclusive
RU02646	n	qas	no	командовать	inclusive
RU02647	n	qas	no	комедиант	inclusive
RU02648	n	qas	no	коновал	inclusive
RU02649	n	qas	no	крендель	inclusive
RU02650	n	qas	no	крикун	inclusive
RU02651	n	qas	no	крохоборка	inclusive
RU02652	n	qas	no	ку-ку	inclusive
RU02653	n	qas	no	культурка	inclusive
RU02654	n	qas	no	лайдак	inclusive
RU02655	n	qas	no	лапать	inclusive
RU02656	n	qas	no	лахудра	inclusive
RU02657	n	qas	no	лежень	inclusive
RU02658	n	qas	no	лизоблюд	inclusive
RU02659	n	qas	no	лицедей	inclusive
RU02660	n	qas	no	личина	inclusive
RU02661	n	qas	no	личинка	inclusive
RU02662	n	qas	no	лопарка	inclusive
RU02663	n	qas	no	лопарь	inclusive
RU02664	n	qas	no	лох	inclusive
RU02665	p	qas	no	лох позорный	inclusive
RU02666	n	qas	no	лохи	inclusive
RU02667	n	qas	no	любимчик	inclusive
RU02668	n	qas	no	ляпать	inclusive
RU02669	n	qas	no	ляпнуть	inclusive
RU02670	n	qas	no	малевать	inclusive
RU02671	n	qas	no	малыш	inclusive
RU02672	p	qas	no	мальчик для битья	inclusive
RU02673	n	qas	no	малёк	inclusive
RU02674	p	qas	no	маменькин сынок	inclusive
RU02675	p	qas	no	мамин чулок	inclusive
RU02676	n	qas	no	мамкин	inclusive
RU02677	p	qas	no	медный лоб	inclusive
RU02678	p	qas	no	мелкая сошка	inclusive
RU02679	n	qas	no	мерзавец	inclusive
RU02680	n	qas	no	мерзавка	inclusive
RU02681	n	qas	no	метёлка	inclusive
RU02682	n	qas	no	михрютка	inclusive
RU02683	n	qas	no	мозгоблуд	inclusive
RU02684	n	qas	no	мурло	inclusive
RU02685	n	qas	no	мусарня	inclusive
RU02686	p	qas	no	мякинное брюхо	inclusive
RU02687	n	qas	no	наволочь	inclusive
RU02688	n	qas	no	наглец	inclusive
RU02689	n	qas	no	нажрать	inclusive
RU02690	n	qas	no	нажраться	inclusive
RU02691	n	qas	no	напевать	inclusive
RU02692	n	qas	no	напеть	inclusive
RU02693	n	qas	no	нарик	inclusive
RU02694	n	qas	no	наябедничать	inclusive
RU02695	n	qas	no	негодница	inclusive
RU02696	n	qas	no	негодяй	inclusive
RU02697	n	qas	no	негодяйка	inclusive
RU02698	n	qas	no	нести	inclusive
RU02699	n	qas	no	неуч	inclusive
RU02700	n	qas	no	ничтожество	inclusive
RU02701	n	qas	no	нора	inclusive
RU02702	n	qas	no	обдирала	inclusive
RU02703	n	qas	no	образчик	inclusive
RU02704	n	qas	no	обсосок	inclusive
RU02705	n	qas	no	огарок	inclusive
RU02706	n	qas	no	оглоед	inclusive
RU02707	p	qas	no	огород городить	inclusive
RU02708	n	qas	no	околеть	inclusive
RU02709	n	qas	no	олимпиец	inclusive
RU02710	n	qas	no	отличиться	inclusive
RU02711	n	qas	no	отродье	inclusive
RU02712	n	qas	no	отрыжка	inclusive
RU02713	n	qas	no	охальник	inclusive
RU02714	n	qas	no	охламон	inclusive
RU02715	n	qas	no	очертенеть	inclusive
RU02716	n	qas	no	очкастый	inclusive
RU02717	n	qas	no	падла	conservative
RU02718	n	qas	no	падло	conservative
RU02719	n	qas	no	пасквилянт	inclusive
RU02720	n	qas	no	паскуда	inclusive
RU02721	n	qas	no	паскудница	inclusive
RU02722	n	qas	no	паскудный	inclusive
RU02723	n	qas	no	пасть	inclusive
RU02724	n	qas	no	пачкотня	inclusive
RU02725	n	qas	no	пачкун	inclusive
RU02726	n	qas	no	пащенок	inclusive
RU02727	n	qas	no	пень	inclusive
RU02728	n	qas	no	пепелац	inclusive
RU02729	n	qas	no	пердун	inclusive
RU02730	n	qas	no	передохнуть	inclusive
RU02731	n	qas	no	перепевать	inclusive
RU02732	n	qas	no	переть	inclusive
RU02733	n	qas	no	петросянщина	inclusive
RU02734	n	qas	no	пехтерь	inclusive
RU02735	n	qas	no	пикми	inclusive
RU02736	p	qas	no	письмо счастья	inclusive
RU02737	n	qas	no	пластилин	inclusive
RU02738	n	qas	no	плести	inclusive
RU02739	p	qas	no	по милости	inclusive
RU02740	n	qas	no	побазарить	inclusive
RU02741	n	qas	no	побрякушка	inclusive
RU02742	n	qas	no	повадить	inclusive
RU02743	n	qas	no	поваживать	inclusive
RU02744	n	qas	no	поганец	inclusive
RU02745	n	qas	no	поганка	inclusive
RU02746	n	qas	no	подгонка	inclusive
RU02747	n	qas	no	подлый	inclusive
RU02748	n	qas	no	подлюга	inclusive
RU02749	n	qas	no	подлюка	inclusive
RU02750	n	qas	no	подлячка	inclusive
RU02751	n	qas	no	подонок	conservative
RU02752	n	qas	no	подонство	inclusive
RU02753	n	qas	no	подохнуть	inclusive
RU02754	n	qas	no	подпевала	inclusive
RU02755	n	qas	no	подсос	inclusive
RU02756	n	qas	no	пожалейка	inclusive
RU02757	n	qas	no	пойло	inclusive
RU02758	n	qas	no	помирать	inclusive
RU02759	n	qas	no	понаех	inclusive
RU02760	n	qas	no	портянка	inclusive
RU02761	n	qas	no	поуех	inclusive
RU02762	n	qas	no	праздношатающийся	inclusive
RU02763	n	qas	no	презик	inclusive
RU02764	n	qas	no	прибабах	inclusive
RU02765	n	qas	no	припереть	inclusive
RU02766	n	qas	no	припереться	inclusive
RU02767	n	qas	no	припираться	inclusive
RU02768	n	qas	no	присный	inclusive
RU02769	n	qas	no	приспособленец	inclusive
RU02770	n	qas	no	прихвостень	inclusive
RU02771	n	qas	no	продажная	inclusive
RU02772	n	qas	no	продажность	inclusive
RU02773	n	qas	no	прокаркать	inclusive
RU02774	n	qas	no	прокричать	inclusive
RU02775	p	qas	no	пропойное рыло	inclusive
RU02776	n	qas	no	проприетарщина	inclusive
RU02777	n	qas	no	протобестия	inclusive
RU02778	p	qas	no	пустой звук	inclusive
RU02779	n	qas	no	пьянь	inclusive
RU02780	n	qas	no	рафинированный	inclusive
RU02781	n	qas	no	рачить	inclusive
RU02782	n	qas	no	ремесленный	inclusive
RU02783	n	qas	no	ремесло	inclusive
RU02784	n	qas	no	ржавчина	inclusive
RU02785	n	qas	no	ржание	inclusive
RU02786	n	qas	no	рубильник	inclusive
RU02787	n	qas	no	рукожоп	inclusive
RU02788	n	qas	no	рухлядь	inclusive
RU02789	n	qas	no	рыло	inclusive
RU02790	n	qas	no	рыночно-базарный	inclusive
RU02791	n	qas	no	самоваришко	inclusive
RU02792	n	qas	no	сбрендить	inclusive
RU02793	n	qas	no	сволота	conservative
RU02794	n	qas	no	сволочи	conservative
RU02795	n	qas	no	сволочуга	conservative
RU02796	n	qas	no	сволочь	conservative
RU02797	n	qas	no	сдохнуть	inclusive
RU02798	n	qas	no	сибаритство	inclusive
RU02799	n	qas	no	скнипа	inclusive
RU02800	n	qas	no	скобариха	inclusive
RU02801	n	qas	no	скобарский	inclusive
RU02802	n	qas	no	скурвиться	inclusive
RU02803	n	qas	no	скэб	inclusive
RU02804	n	qas	no	слабак	inclusive
RU02805	n	qas	no	слабачьё	inclusive
RU02806	n	qas	no	слабовик	inclusive
RU02807	n	qas	no	слюнтяй	inclusive
RU02808	n	qas	no	смердящий	inclusive
RU02809	p	qas	no	совать нос	inclusive
RU02810	n	qas	no	соплежуй	inclusive
RU02811	n	qas	no	соплежуйствовать	inclusive
RU02812	n	qas	no	сопливец	inclusive
RU02813	n	qas	no	сопляк	inclusive
RU02814	n	qas	no	соромник	inclusive
RU02815	n	qas	no	состряпать	inclusive
RU02816	n	qas	no	сосулька	inclusive
RU02817	n	qas	no	сочинительство	inclusive
RU02818	n	qas	no	ссыкливый	inclusive
RU02819	n	qas	no	ссыкун	inclusive
RU02820	n	qas	no	стерва	inclusive
RU02821	n	qas	no	стервец	inclusive
RU02822	n	qas	no	стерво	inclusive
RU02823	n	qas	no	стервёнок	inclusive
RU02824	n	qas	no	стихокропатель	inclusive
RU02825	n	qas	no	стихоплётство	inclusive
RU02826	n	qas	no	страшилка	inclusive
RU02827	n	qas	no	стрюцкий	inclusive
RU02828	n	qas	no	стряпать	inclusive
RU02829	p	qas	no	суконное рыло	inclusive
RU02830	p	qas	no	сунуть нос	inclusive
RU02831	n	qas	no	телячий	inclusive
RU02832	n	qas	no	тип	inclusive
RU02833	n	qas	no	типсон	inclusive
RU02834	n	qas	no	трезвенный	inclusive
RU02835	n	qas	no	тряпичный	inclusive
RU02836	n	qas	no	тупарь	inclusive
RU02837	n	qas	no	ублюдки	conservative
RU02838	n	qas	no	ублюдков	conservative
RU02839	n	qas	no	ублюдок	conservative
RU02840	n	qas	no	ублюдочный	conservative
RU02841	n	qas	no	ублюдский	conservative
RU02842	n	qas	no	ублюдство	inclusive
RU02843	n	qas	no	укурок	inclusive
RU02844	n	qas	no	уравниловка	inclusive
RU02845	n	qas	no	уродина	inclusive
RU02846	n	qas	no	услужение	inclusive
RU02847	n	qas	no	услуживать	inclusive
RU02848	n	qas	no	услужить	inclusive
RU02849	n	qas	no	ушлёпок	inclusive
RU02850	n	qas	no	фат	inclusive
RU02851	n	qas	no	фефёла	inclusive
RU02852	n	qas	no	флюгер	inclusive
RU02853	n	qas	no	фотожопить	inclusive
RU02854	n	qas	no	фофудья	inclusive
RU02855	n	qas	no	фуфлогон	inclusive
RU02856	n	qas	no	ханжа	inclusive
RU02857	n	qas	no	ханжеский	inclusive
RU02858	n	qas	no	ханжество	inclusive
RU02859	n	qas	no	ханурик	inclusive
RU02860	n	qas	no	хлюпать	inclusive
RU02861	n	qas	no	хлюпик	inclusive
RU02862	n	qas	no	ходок	inclusive
RU02863	n	qas	no	хрючево	inclusive
RU02864	n	qas	no	хтонь	inclusive
RU02865	n	qas	no	циска	inclusive
RU02866	n	qas	no	чепуха	inclusive
RU02867	n	qas	no	чертить	inclusive
RU02868	n	qas	no	чистенький	inclusive
RU02869	n	qas	no	чмошник	inclusive
RU02870	n	qas	no	чмошники	inclusive
RU02871	n	qas	no	чтиво	inclusive
RU02872	n	qas	no	шантрапа	inclusive
RU02873	n	qas	no	шаровик	inclusive
RU02874	n	qas	no	шаромыга	inclusive
RU02875	n	qas	no	шаромыжник	inclusive
RU02876	n	qas	no	швабра	inclusive
RU02877	n	qas	no	шелупонь	inclusive
RU02878	n	qas	no	шкода	inclusive
RU02879	n	qas	no	школоло	inclusive
RU02880	n	qas	no	школота	inclusive
RU02881	n	qas	no	школярство	inclusive
RU02882	n	qas	no	шкура	inclusive
RU02883	p	qas	no	шкура барабанная	inclusive
RU02884	n	qas	no	шляпа	inclusive
RU02885	n	qas	no	шмакодявка	inclusive
RU02886	n	qas	no	шнырь	inclusive
RU02887	n	qas	no	штиблета	inclusive
RU02888	n	qas	no	штучки-дрючки	inclusive
RU02889	n	qas	no	штырить	inclusive
RU02890	n	qas	no	шут	inclusive
RU02891	n	qas	no	экспромтом	inclusive
RU02892	n	qas	no	элемент	inclusive
RU02893	n	qas	no	эмарь	inclusive
RU02894	n	qas	no	ябедничать	inclusive
RU02895	p	qas	no	ядрёна репа	inclusive
RU02896	n	qas	no	яжмать	inclusive
RU02897	n	qas	no	яйцеголовый	inclusive
RU02898	n	qas	no	якшаться	inclusive
RU02899	n	qas	no	ярыжка	inclusive
RU02900	n	qas	no	ящик	inclusive
RU02901	n	rci	yes	абсурдистан	inclusive
RU02902	p	rci	yes	банановая республика	inclusive
RU02903	n	rci	yes	бандеростан	inclusive
RU02904	p	rci	yes	временное географическое недоразумение	inclusive
RU02905	n	rci	yes	вымираты	inclusive
RU02906	n	rci	yes	гейропа	conservative
RU02907	n	rci	yes	домбабве	inclusive
RU02908	n	rci	yes	донбабве	inclusive
RU02909	n	rci	yes	ебларусь	inclusive
RU02910	n	rci	yes	евросодом	conservative
RU02911	n	rci	yes	еленский	inclusive
RU02912	n	rci	yes	залесье	inclusive
RU02913	n	rci	yes	зелестан	inclusive
RU02914	n	rci	yes	зеля	inclusive
RU02915	n	rci	yes	куев	inclusive
RU02916	n	rci	yes	луганда	inclusive
RU02917	n	rci	yes	лугандон	inclusive
RU02918	n	rci	yes	лугандония	inclusive
RU02919	n	rci	yes	мелкобритания	inclusive
RU02920	n	rci	yes	мордор	inclusive
RU02921	n	rci	yes	москвабад	inclusive
RU02922	n	rci	yes	москвастан	inclusive
RU02923	n	rci	yes	московия	inclusive
RU02924	n	rci	yes	незалежная	inclusive
RU02925	n	rci	yes	пиндостан	conservative
RU02926	n	rci	yes	рабсия	inclusive
RU02927	p	rci	yes	рабские вымираты	inclusive
RU02928	n	rci	yes	расея	inclusive
RU02929	n	rci	yes	раша	inclusive
RU02930	n	rci	yes	рашка	inclusive
RU02931	n	rci	yes	роzzия	inclusive
RU02932	n	rci	yes	роисся	inclusive
RU02933	n	rci	yes	свинохохляндия	inclusive
RU02934	n	rci	yes	совка	inclusive
RU02935	p	rci	yes	страна 404	inclusive
RU02936	p	rci	yes	украинское государство ивано-франковска и львова	inclusive
RU02937	n	rci	yes	укрокаганат	inclusive
RU02938	n	rci	yes	укропия	conservative
RU02939	n	rci	yes	уркаина	inclusive
RU02940	n	rci	yes	уркокаганат	inclusive
RU02941	n	rci	yes	усраина	inclusive
RU02942	n	rci	yes	фашингтон	inclusive
RU02943	n	rci	yes	хохляндия	conservative
RU02944	n	rci	yes	хрюкраина	inclusive
RU02945	n	rci	yes	хуйлостан	inclusive
RU02946	n	rci	yes	цеевропа	conservative
RU02947	n	rci	yes	чатлахистан	inclusive
RU02948	n	rci	yes	чатлахостан	inclusive
RU02949	n	rci	yes	щеневмерла	inclusive
RU02950	n	rci	yes	эрэфия	inclusive
RU02951	n	re	no	бандитьё	inclusive
RU02952	n	re	no	блатнятина	inclusive
RU02953	n	re	no	воришка	inclusive
RU02954	n	re	no	ворюга	inclusive
RU02955	n	re	no	гастролёр	inclusive
RU02956	n	re	no	душегуб	inclusive
RU02957	n	re	no	жиган	inclusive
RU02958	n	re	no	заказуха	inclusive
RU02959	n	re	no	зэчьё	inclusive
RU02960	n	re	no	исчадие	inclusive
RU02961	n	re	no	ищейка	inclusive
RU02962	n	re	no	казуистика	inclusive
RU02963	n	re	no	каналья	inclusive
RU02964	n	re	no	кляузнический	inclusive
RU02965	n	re	no	кляузничество	inclusive
RU02966	n	re	no	кляузный	inclusive
RU02967	n	re	no	людоед	inclusive
RU02968	n	re	no	мазурик	inclusive
RU02969	n	re	no	наебалово	inclusive
RU02970	n	re	no	нелюдь	inclusive
RU02971	n	re	no	отморозок	inclusive
RU02972	p	re	no	патентный тролль	inclusive
RU02973	n	re	no	подлец	inclusive
RU02974	n	re	no	подтасовать	inclusive
RU02975	n	re	no	подтасовка	inclusive
RU02976	n	re	no	подтасовывать	inclusive
RU02977	n	re	no	прицепиться	inclusive
RU02978	n	re	no	прицепляться	inclusive
RU02979	n	re	no	проходимец	inclusive
RU02980	n	re	no	ракалия	inclusive
RU02981	n	re	no	ракалья	inclusive
RU02982	n	re	no	рейдерство	inclusive
RU02983	n	re	no	соглядатай	inclusive
RU02984	n	re	no	супостат	inclusive
RU02985	n	re	no	сутяга	inclusive
RU02986	n	re	no	сходка	inclusive
RU02987	n	re	no	терпила	inclusive
RU02988	n	re	no	фейкометатель	inclusive
RU02989	n	re	no	фейкомёт	inclusive
RU02990	n	re	no	хапуга	inclusive
RU02991	n	re	no	щегол	inclusive
RU02992	n	svp	no	абанамат	inclusive
RU02993	n	svp	no	анафема	inclusive
RU02994	n	svp	no	антихрист	inclusive
RU02995	n	svp	no	апостат	inclusive
RU02996	n	svp	no	безбожник	inclusive
RU02997	n	svp	no	бесовка	inclusive
RU02998	n	svp	no	богомерзкий	inclusive
RU02999	n	svp	no	ведьма	inclusive
RU03000	p	svp	no	вертячий чёрт	inclusive
RU03001	n	svp	no	висельник	inclusive
RU03002	n	svp	no	висельница	inclusive
RU03003	n	svp	no	вурдалак	inclusive
RU03004	n	svp	no	герострат	inclusive
RU03005	p	svp	no	гидра контрреволюции	inclusive
RU03006	n	svp	no	дьявол	inclusive
RU03007	n	svp	no	идолобес	inclusive
RU03008	n	svp	no	идолёнок	inclusive
RU03009	n	svp	no	ирод	inclusive
RU03010	n	svp	no	искариот	inclusive
RU03011	n	svp	no	искариотка	inclusive
RU03012	n	svp	no	истукан	inclusive
RU03013	p	svp	no	к ебене матери	inclusive
RU03014	p	svp	no	к чертям собачьим	inclusive
RU03015	p	svp	no	к чёртовой матери	inclusive
RU03016	p	svp	no	к чёрту	inclusive
RU03017	n	svp	no	каин	inclusive
RU03018	n	svp	no	кикимора	inclusive
RU03019	p	svp	no	кикимора болотная	inclusive
RU03020	p	svp	no	коричневая чума	inclusive
RU03021	n	svp	no	леший	inclusive
RU03022	n	svp	no	мракобес	inclusive
RU03023	n	svp	no	мракобесие	inclusive
RU03024	p	svp	no	на фига	inclusive
RU03025	n	svp	no	нечисть	inclusive
RU03026	p	svp	no	ни фига себе	inclusive
RU03027	n	svp	no	охереть	inclusive
RU03028	n	svp	no	охренеть	inclusive
RU03029	n	svp	no	паралик	inclusive
RU03030	n	svp	no	пипец	inclusive
RU03031	p	svp	no	по фиг	inclusive
RU03032	p	svp	no	по хую	inclusive
RU03033	n	svp	no	поганой	inclusive
RU03034	n	svp	no	пофиг	inclusive
RU03035	n	svp	no	пофигизм	inclusive
RU03036	n	svp	no	похуизм	inclusive
RU03037	n	svp	no	похуист	inclusive
RU03038	n	svp	no	похуй	inclusive
RU03039	p	svp	no	провал его возьми	inclusive
RU03040	n	svp	no	проклятик	inclusive
RU03041	n	svp	no	проклятый	inclusive
RU03042	n	svp	no	растак	inclusive
RU03043	n	svp	no	сатана	inclusive
RU03044	n	svp	no	сатанюка	inclusive
RU03045	p	svp	no	срань господня	inclusive
RU03046	n	svp	no	упырь	inclusive
RU03047	n	svp	no	холера	inclusive
RU03048	n	svp	no	чертовка	inclusive
RU03049	n	svp	no	чуркобес	inclusive
RU03050	p	svp	no	чёрт возьми	inclusive
RU03051	n	svp	no	шайтан	inclusive
RU03052	n	svp	no	шайтанов	inclusive
RU03053	p	svp	no	язви его в душу!	inclusive
RU03054	p	svp	no	японский городовой	inclusive
